EndNodes_1,EndNodes_2,name,edge_id,Weight,Length,Width,Volume,Type,Distance
1,4,745A6286,1,32.78998947143555,258.2342529296875,28.643491744995117,166400.890625,E,2269.31494140625
2,24,745A6286,2,7.201199531555176,363.3562927246094,29.598642349243164,250015.0625,E,2176.749267578125
3,5,745A6286,3,4.438426971435547,181.21107482910156,27.46224594116211,107336.3203125,E,2211.125
4,5,745A6286,4,0.04180220142006874,10.99692440032959,32.42540740966797,9080.9658203125,E,2145.0234375
4,9,745A6286,5,24.2786865234375,202.65231323242188,21.34071922302246,72486.90625,E,2129.38037109375
5,11,745A6286,6,0.37981557846069336,91.34893798828125,31.043014526367188,69138.6875,E,2097.093994140625
6,7,745A6286,7,5.442379951477051,11.441641807556152,12.978299140930176,1513.6092529296875,E,2092.82177734375
6,8,745A6286,8,9.459654808044434,17.699283599853516,3.8625881671905518,207.39695739746094,E,2087.62109375
6,11,745A6286,9,0.4876621663570404,134.4471893310547,30.986190795898438,101386.0078125,E,2078.8916015625
7,8,745A6286,10,252.92315673828125,9.923283576965332,0.8131765127182007,5.153650283813477,E,2088.374755859375
9,15,745A6286,11,0.8323929309844971,53.09784698486328,16.64131736755371,11548.9423828125,E,2047.98779296875
9,18,745A6286,12,0.872832715511322,57.39241409301758,17.555124282836914,13891.5986328125,E,2040.0015869140625
10,13,745A6286,13,0.14452145993709564,33.435489654541016,30.407255172729492,24280.185546875,E,2111.24609375
11,25,745A6286,14,0.4747275412082672,130.4131317138672,31.034029006958008,98647.828125,E,1992.16845703125
12,13,745A6286,15,65535.0,19.846567153930664,9.082164764404297,1285.74267578125,E,2106.8037109375
13,16,745A6286,16,0.09882599115371704,21.99384880065918,29.831958770751953,15372.8583984375,E,2091.530517578125
14,56,745A6286,17,1.365055799484253,341.6861572265625,31.690196990966797,269505.21875,E,1946.7822265625
15,18,745A6286,18,0.19802293181419373,16.180923461914062,18.88941192626953,4534.5068359375,E,2020.6103515625
15,20,745A6286,19,0.74119633436203,57.39241409301758,16.041261672973633,11599.0234375,E,2011.8232421875
16,17,745A6286,20,0.016678133979439735,3.6656415462493896,29.650447845458984,2531.059814453125,E,2080.54248046875
16,19,745A6286,21,12.541521072387695,25.03056526184082,12.28574275970459,2967.31298828125,E,2073.158935546875
17,19,745A6286,22,3.0045409202575684,21.36492347717285,18.40489387512207,5684.0498046875,E,2070.7900390625
17,24,745A6286,23,0.5546659827232361,123.00556945800781,30.18769073486328,88038.875,E,2044.6317138671875
18,21,745A6286,24,0.263959139585495,39.064205169677734,24.389484405517578,18250.470703125,E,2000.6646728515625
20,21,745A6286,25,0.055566735565662384,12.51528263092041,21.515295028686523,4550.14453125,E,1987.2847900390625
20,28,745A6286,26,0.826483964920044,80.72040557861328,21.739404678344727,29961.841796875,E,1955.959716796875
21,27,745A6286,27,0.4207136034965515,70.79712677001953,25.922439575195312,37364.3359375,E,1952.9569091796875
22,35,745A6286,28,5.213183879852295,126.93170928955078,27.461423873901367,75180.65625,E,1934.3966064453125
23,25,745A6286,29,0.48510032892227173,118.89521026611328,31.395381927490234,92041.9375,E,1959.1031494140625
24,46,745A6286,30,0.7475941777229309,187.62135314941406,31.686975479125977,147956.390625,E,1919.9918212890625
25,33,745A6286,31,0.23173925280570984,56.134559631347656,31.12045669555664,42698.453125,E,1905.42236328125
26,45,745A6286,32,0.5496959686279297,129.96841430664062,30.9050350189209,97495.8671875,E,1885.9515380859375
27,28,745A6286,33,0.26445022225379944,16.625642776489258,6.261458873748779,511.9403991699219,E,1920.600830078125
27,29,745A6286,34,0.05615738034248352,7.331283092498779,22.823152542114258,2999.30859375,E,1919.5252685546875
28,44,745A6286,35,0.6272938251495361,126.04226684570312,28.577951431274414,80847.8125,E,1868.25146484375
29,30,745A6286,36,1.3147183656692505,36.91692352294922,12.711980819702148,4685.34765625,E,1911.4283447265625
29,34,745A6286,37,0.32072940468788147,46.211280822753906,24.62004852294922,21999.646484375,E,1894.7568359375
30,34,745A6286,38,0.7510231733322144,40.137847900390625,12.737506866455078,5114.61328125,E,1884.07568359375
31,49,745A6286,39,0.5379782915115356,116.93212890625,29.837533950805664,81761.640625,E,1852.431396484375
32,40,745A6286,40,0.24043752253055573,53.726768493652344,30.050262451171875,38104.57421875,E,1940.104736328125
33,38,745A6286,41,0.8523350954055786,74.4627685546875,23.617694854736328,32621.51171875,E,1866.9962158203125
33,65,745A6286,42,0.8500590324401855,194.3236846923828,30.412799835205078,141165.453125,E,1788.6495361328125
34,36,745A6286,43,0.07237179577350616,15.107283592224121,28.871156692504883,9890.1904296875,E,1866.0830078125
35,44,745A6286,44,0.29352930188179016,78.75733184814453,26.154390335083008,42312.63671875,E,1845.0604248046875
35,52,745A6286,45,0.6784900426864624,143.665283203125,29.6901798248291,99464.328125,E,1847.6861572265625
36,39,745A6286,46,0.14008566737174988,20.920207977294922,24.578258514404297,9925.630859375,E,1851.347412109375
36,41,745A6286,47,0.5213030576705933,65.61312866210938,20.5872745513916,21841.29296875,E,1838.8948974609375
37,38,745A6286,48,0.3569577932357788,18.328208923339844,18.443859100341797,4896.8125,E,1846.9693603515625
38,54,745A6286,49,0.37416377663612366,84.12554168701172,30.115678787231445,59924.3125,E,1808.646728515625
39,41,745A6286,50,0.4203769564628601,22.438568115234375,12.287096977233887,2660.624267578125,E,1834.0018310546875
40,43,745A6286,51,0.11336079239845276,25.475284576416016,29.920827865600586,17912.498046875,E,1904.2108154296875
40,51,745A6286,52,0.8374568223953247,94.30935668945312,19.060518264770508,26910.021484375,E,1897.8656005859375
41,42,745A6286,53,0.03906380385160446,6.257641315460205,19.373929977416992,1844.743408203125,E,1822.4384765625
42,50,745A6286,54,0.18074725568294525,32.36184310913086,27.065837860107422,18619.41796875,E,1807.320068359375
42,54,745A6286,55,0.6943138241767883,54.35569381713867,19.23501205444336,15795.0087890625,E,1800.6727294921875
43,51,745A6286,56,0.14448782801628113,29.769847869873047,28.7315616607666,19301.228515625,E,1879.9310302734375
44,64,745A6286,57,0.4264081120491028,98.2354965209961,30.531951904296875,71922.9453125,E,1769.9974365234375
45,48,745A6286,58,0.5973536372184753,101.272216796875,29.0304012298584,67032.6328125,E,1820.2413330078125
45,56,745A6286,59,0.05486556515097618,41.21148681640625,25.87934112548828,21677.76953125,E,1813.580810546875
46,52,745A6286,60,0.0444510355591774,32.80656433105469,21.447532653808594,11852.3720703125,E,1827.18017578125
46,55,745A6286,61,0.11635754257440567,26.54892349243164,30.207469940185547,19026.7890625,E,1820.18896484375
47,69,745A6286,62,0.9105425477027893,171.73251342773438,29.112470626831055,114314.296875,E,1998.7294921875
48,49,745A6286,63,0.20271019637584686,45.32184600830078,17.68320083618164,11130.6171875,E,1803.9493408203125
48,59,745A6286,64,0.3011186420917511,51.134769439697266,26.914945602416992,29093.314453125,E,1785.702392578125
49,53,745A6286,65,0.07322399318218231,17.254566192626953,30.66691780090332,12744.833984375,E,1796.592041015625
50,61,745A6286,66,0.46119019389152527,77.05477142333984,23.204570770263672,32586.408203125,E,1760.866943359375
50,64,745A6286,67,0.6144943237304688,101.64061737060547,22.061479568481445,38853.171875,E,1756.95263671875
51,58,745A6286,68,0.07419849932193756,30.214563369750977,27.488754272460938,17931.48828125,E,1852.5361328125
52,55,745A6286,69,0.08101023733615875,27.622568130493164,28.427297592163086,17531.7421875,E,1810.0421142578125
53,59,745A6286,70,0.20121698081493378,48.098052978515625,27.21184539794922,27972.634765625,E,1775.63671875
53,66,745A6286,71,0.7986977696418762,197.20779418945312,31.466379165649414,153358.375,E,1742.4730224609375
54,57,745A6286,72,0.046202175319194794,10.368000030517578,29.94522476196289,7301.9697265625,E,1774.2083740234375
55,72,745A6286,73,0.5649154186248779,136.41026306152344,31.116111755371094,103730.765625,E,1746.405029296875
56,88,745A6286,74,0.8937727808952332,226.1645050048828,31.855104446411133,180248.796875,E,1696.950439453125
57,61,745A6286,75,0.36744681000709534,67.3156967163086,24.883201599121094,32735.48046875,E,1745.9459228515625
57,62,745A6286,76,0.31496483087539673,70.98133087158203,30.008865356445312,50203.40625,E,1743.4000244140625
58,72,745A6286,77,1.0902942419052124,232.79055786132812,28.34412956237793,146886.359375,E,1757.822265625
58,73,745A6286,78,0.6097284555435181,140.07589721679688,30.473787307739258,102165.953125,E,1776.77099609375
59,67,745A6286,79,0.3205276429653168,85.27547454833984,27.119436264038086,49257.8359375,E,1725.1151123046875
60,70,745A6286,80,2.378727912902832,87.60697937011719,23.73003387451172,38745.859375,E,2018.4765625
61,74,745A6286,81,0.4484652876853943,109.23241424560547,31.231718063354492,83682.21875,E,1678.88671875
62,65,745A6286,82,0.03556261584162712,38.17477035522461,28.589929580688477,24507.1328125,E,1707.959228515625
62,74,745A6286,83,0.7801463603973389,148.40451049804688,27.580230712890625,88661.03125,E,1670.334716796875
63,78,745A6286,84,0.9531584978103638,129.52369689941406,26.347362518310547,70617.671875,E,1678.54443359375
64,82,745A6286,85,0.592248797416687,142.03897094726562,30.990562438964844,107141.15625,E,1662.8087158203125
65,66,745A6286,86,0.010944440960884094,3.6656415462493896,30.778730392456055,2727.3525390625,E,1696.4769287109375
66,90,745A6286,87,0.6320151686668396,154.92266845703125,31.352426528930664,119604.40625,E,1631.9720458984375
67,88,745A6286,88,0.607636034488678,119.96885681152344,27.481184005737305,71158.90625,E,1640.6796875
67,117,745A6286,89,0.9982783794403076,226.34872436523438,30.772878646850586,168346.53125,E,1588.8087158203125
68,125,745A6286,90,0.8651688098907471,222.20677185058594,32.05433654785156,179316.703125,E,1691.3677978515625
69,70,745A6286,91,0.34886905550956726,28.511999130249023,12.14343547821045,3302.1796875,E,1969.6041259765625
69,76,745A6286,92,0.2302098274230957,51.57948684692383,29.99378776550293,36444.29296875,E,1946.337646484375
70,76,745A6286,93,0.2195710390806198,45.32184600830078,23.807588577270508,20175.685546875,E,1959.866455078125
71,107,745A6286,94,4.5761590003967285,196.0262451171875,28.39728546142578,124153.15625,E,1642.2181396484375
72,84,745A6286,95,0.32255253195762634,81.79405212402344,31.8685302734375,65243.26171875,E,1648.7235107421875
73,75,745A6286,96,0.42953675985336304,66.2420425415039,18.296470642089844,17416.392578125,E,1702.8138427734375
73,104,745A6286,97,0.5751659274101257,136.85498046875,30.962966918945312,103047.0625,E,1650.42236328125
74,89,745A6286,98,0.2340288758277893,52.46892166137695,29.999095916748047,37085.859375,E,1605.6380615234375
75,77,745A6286,99,0.3338349461555481,58.021331787109375,27.09007453918457,33442.44140625,E,1677.772216796875
75,87,745A6286,100,0.3658275604248047,54.17148971557617,21.54191780090332,19743.73828125,E,1658.3555908203125
76,161,745A6286,101,1.2787905931472778,324.6604919433594,31.886951446533203,259265.859375,E,1844.2908935546875
77,87,745A6286,102,0.2356921285390854,49.61640930175781,25.643857955932617,25626.064453125,E,1644.219482421875
77,98,745A6286,103,0.674781084060669,137.4076385498047,27.929311752319336,84182.3828125,E,1606.792724609375
78,82,745A6286,104,0.1871497929096222,32.361846923828125,19.529788970947266,9694.3408203125,E,1610.650146484375
78,91,745A6286,105,0.35076773166656494,43.803489685058594,19.381322860717773,12923.0615234375,E,1603.498046875
79,135,745A6286,106,3.9996724128723145,214.35446166992188,30.496015548706055,156570.03125,E,1654.9049072265625
80,81,745A6286,107,1.765643835067749,215.35179138183594,26.820592880249023,121667.6484375,E,1748.0086669921875
80,83,745A6286,108,0.14990270137786865,32.80656814575195,22.913789749145508,13528.33984375,E,1690.7574462890625
80,119,745A6286,109,0.8101993799209595,214.2018280029297,32.51016616821289,177808.0625,E,1613.913818359375
81,83,745A6286,110,0.2457638680934906,31.732927322387695,19.1401424407959,9130.412109375,E,1700.2838134765625
81,152,745A6286,111,0.8719744682312012,224.98297119140625,32.14873504638672,182627.984375,E,1602.936767578125
82,102,745A6286,112,0.39984217286109924,79.2020492553711,28.850446701049805,51776.34375,E,1569.61279296875
84,91,745A6286,113,0.5623731017112732,65.61312866210938,21.2001895904541,23161.150390625,E,1604.015625
84,98,745A6286,114,0.30963802337646484,62.39220428466797,28.54514503479004,39928.65625,E,1582.7308349609375
85,96,745A6286,115,0.3996988534927368,83.05189514160156,29.68328094482422,57472.9140625,E,2004.9991455078125
86,141,745A6286,116,1.5561015605926514,335.4284973144531,30.45386505126953,244328.8125,E,1775.547119140625
87,104,745A6286,117,0.33228689432144165,71.42605590820312,26.208892822265625,38533.98046875,E,1608.036865234375
88,108,745A6286,118,0.2696477770805359,70.16820526123047,32.27841567993164,57418.87109375,E,1563.4964599609375
89,92,745A6286,119,0.291932076215744,39.064205169677734,20.323312759399414,12672.37109375,E,1575.9437255859375
89,93,745A6286,120,0.12841124832630157,26.54892349243164,28.721393585205078,17200.767578125,E,1569.8485107421875
90,114,745A6286,121,1.746837854385376,126.67121124267578,15.47199535369873,23815.54296875,E,1537.807373046875
90,132,745A6286,122,0.7430714964866638,170.47467041015625,30.325313568115234,123128.9921875,E,1499.46826171875
91,103,745A6286,123,0.3814839720726013,57.837127685546875,19.804235458374023,17816.10546875,E,1565.46337890625
92,93,745A6286,124,0.0565732978284359,28.067283630371094,19.21807098388672,8141.60205078125,E,1560.34619140625
92,94,745A6286,125,0.05044987425208092,7.331283092498779,24.063247680664062,3334.09814453125,E,1563.7513427734375
93,100,745A6286,126,0.17094483971595764,32.80656433105469,27.837739944458008,19967.265625,E,1544.5184326171875
94,101,745A6286,127,0.09978033602237701,34.9538459777832,14.54908275604248,5811.0693359375,E,1546.528076171875
94,106,745A6286,128,0.3357710540294647,69.46297454833984,25.230070114135742,34728.03515625,E,1543.046142578125
95,124,745A6286,129,0.322479248046875,77.05477142333984,27.371137619018555,45339.3359375,E,1560.360595703125
96,99,745A6286,130,0.06116187572479248,16.180923461914062,32.48640060424805,13412.0869140625,E,1959.446533203125
96,105,745A6286,131,0.0873514711856842,33.88020324707031,15.748518943786621,6599.5654296875,E,1970.312255859375
97,130,745A6286,132,0.47707146406173706,119.52413177490234,31.636310577392578,93954.3984375,E,1590.497314453125
98,112,745A6286,133,0.14427995681762695,31.2882080078125,29.51276397705078,21403.7734375,E,1541.005859375
99,105,745A6286,134,0.1059633418917656,35.39856719970703,27.876705169677734,21605.20703125,E,1958.2147216796875
99,151,745A6286,135,0.7853132486343384,212.86769104003906,32.912662506103516,181103.015625,E,1851.8746337890625
100,101,745A6286,136,0.021745048463344574,5.184000015258789,30.873598098754883,3880.87255859375,E,1531.241943359375
100,114,745A6286,137,0.1572553962469101,33.25128173828125,22.84009552001953,13623.6708984375,E,1515.2843017578125
101,115,745A6286,138,0.19354648888111115,37.99056625366211,28.223033905029297,23766.927734375,E,1517.9306640625
102,103,745A6286,139,0.2670060694217682,35.84328079223633,19.152565002441406,10326.4619140625,E,1540.536376953125
102,106,745A6286,140,0.030390946194529533,7.331283092498779,31.056564331054688,5553.626953125,E,1535.1829833984375
103,112,745A6286,141,0.19012495875358582,31.917129516601562,19.970260620117188,9997.2646484375,E,1534.477783203125
104,124,745A6286,142,0.24544687569141388,61.50277328491211,31.715816497802734,48588.8203125,E,1558.88623046875
105,121,745A6286,143,3.216729164123535,104.67733001708984,27.049413681030273,60153.12890625,E,1987.0086669921875
106,133,745A6286,144,0.560261070728302,100.82748413085938,27.4622859954834,59723.078125,E,1488.191650390625
107,113,745A6286,145,0.15319524705410004,20.291284561157227,23.75745964050293,8994.962890625,E,1546.813720703125
107,116,745A6286,146,0.25459110736846924,33.88020706176758,18.723388671875,9328.349609375,E,1542.743408203125
108,111,745A6286,147,0.235713392496109,59.17127990722656,28.393009185791016,37464.82421875,E,1525.9090576171875
108,120,745A6286,148,0.12191931158304214,33.25128173828125,33.024349212646484,28481.759765625,E,1515.14111328125
109,185,745A6286,149,8.348812103271484,342.130859375,27.9157772064209,209402.359375,E,1939.958740234375
110,161,745A6286,150,0.9939723014831543,243.26646423339844,30.491615295410156,177636.8125,E,1867.400634765625
111,117,745A6286,151,0.4498390853404999,96.9013442993164,29.87252426147461,67914.65625,E,1501.93798828125
111,129,745A6286,152,0.2615830898284912,60.24491882324219,27.0595760345459,34645.9375,E,1489.1412353515625
112,137,745A6286,153,0.4307529926300049,97.16185760498047,30.079057693481445,69042.125,E,1482.032958984375
113,118,745A6286,154,0.09003708511590958,10.99692440032959,18.059295654296875,2816.84375,E,1533.608154296875
113,119,745A6286,155,0.2966410219669342,31.2882080078125,15.304659843444824,5755.96240234375,E,1533.98486328125
114,115,745A6286,156,0.07813967019319534,23.328001022338867,25.855621337890625,12248.34375,E,1500.690673828125
114,122,745A6286,157,0.09459346532821655,18.144001007080078,23.4669189453125,7847.568359375,E,1490.5067138671875
115,123,745A6286,158,0.125097393989563,23.956924438476562,27.679624557495117,14415.88671875,E,1492.0057373046875
116,118,745A6286,159,0.08419960737228394,11.441641807556152,19.277366638183594,3339.439697265625,E,1528.1907958984375
116,131,745A6286,160,0.6903911828994751,150.81231689453125,29.254993438720703,101374.0234375,E,1475.721923828125
117,155,745A6286,161,1.6753710508346558,324.5079040527344,28.451934814453125,206318.78125,E,1412.70751953125
118,126,745A6286,162,0.21072916686534882,32.80656433105469,18.810514450073242,9117.0,E,1516.1097412109375
119,126,745A6286,163,0.17576955258846283,36.027488708496094,29.03717613220215,23857.921875,E,1516.5491943359375
120,129,745A6286,164,1.1636884212493896,66.686767578125,15.811199188232422,13093.603515625,E,1482.202392578125
120,131,745A6286,165,0.2708108723163605,59.35548782348633,29.88229751586914,41627.34765625,E,1472.904052734375
122,123,745A6286,166,0.031957872211933136,26.993640899658203,18.011859893798828,6878.099609375,E,1480.9034423828125
122,132,745A6286,167,0.4092475175857544,55.2451286315918,20.689533233642578,18573.13671875,E,1457.908935546875
123,144,745A6286,168,0.9152539968490601,156.88572692871094,27.54517936706543,93489.859375,E,1426.8875732421875
124,127,745A6286,169,0.07777595520019531,20.920207977294922,32.79133987426758,17667.46484375,E,1522.5771484375
125,134,745A6286,170,0.1931479573249817,46.8402099609375,31.236738204956055,35895.50390625,E,1577.3408203125
125,143,745A6286,171,0.4982832372188568,118.89519500732422,29.727582931518555,82522.6953125,E,1548.94482421875
126,136,745A6286,172,0.23664934933185577,58.4660530090332,31.315853118896484,45032.09765625,E,1477.377685546875
127,128,745A6286,173,0.024344896897673607,6.257641315460205,32.05270767211914,5049.2861328125,E,1511.64697265625
127,148,745A6286,174,0.17754340171813965,69.7234878540039,29.107358932495117,46395.36328125,E,1486.5728759765625
128,137,745A6286,175,2.201660633087158,177.3612518310547,20.241172790527344,57071.58984375,E,1479.2625732421875
128,147,745A6286,176,0.4974147379398346,84.12554168701172,26.60416603088379,46764.5859375,E,1472.92236328125
129,146,745A6286,177,0.3308950662612915,81.53353118896484,31.404062271118164,63153.55859375,E,1433.0037841796875
130,139,745A6286,178,0.2856471538543701,43.803489685058594,25.86578941345215,23017.0703125,E,1515.8121337890625
130,140,745A6286,179,0.13525132834911346,36.472206115722656,13.735905647277832,5404.63720703125,E,1521.3125
131,153,745A6286,180,0.306571364402771,78.75733184814453,32.12985610961914,63855.515625,E,1411.8489990234375
132,155,745A6286,181,0.37558475136756897,85.01497650146484,30.12746238708496,60605.2734375,E,1400.7357177734375
133,142,745A6286,182,0.11612484604120255,21.364927291870117,20.96368980407715,7374.4013671875,E,1433.95849609375
133,144,745A6286,183,0.26710349321365356,39.50891876220703,14.1452054977417,6208.7412109375,E,1434.7930908203125
134,164,745A6286,184,0.6991353034973145,169.95364379882812,30.48130226135254,124018.765625,E,1539.763671875
134,204,745A6286,185,0.9238399863243103,233.7563018798828,31.87677574157715,186552.890625,E,1451.241455078125
135,152,745A6286,186,0.2645300030708313,90.19898223876953,29.442340850830078,61409.58984375,E,1527.139404296875
135,165,745A6286,187,0.3965798616409302,109.8613510131836,30.730682373046875,81485.2890625,E,1524.630859375
136,158,745A6286,188,0.3448654115200043,74.64697265625,26.8663330078125,42317.390625,E,1418.2159423828125
136,162,745A6286,189,0.5272926092147827,92.16205596923828,27.55524444580078,54960.484375,E,1415.931640625
137,145,745A6286,190,0.047867536544799805,10.99692440032959,30.2959041595459,7927.36669921875,E,1432.504638671875
138,178,745A6286,191,0.5610134601593018,138.1891326904297,31.412128448486328,107092.359375,E,1612.6024169921875
139,140,745A6286,192,0.18951064348220825,38.43528366088867,23.035255432128906,16017.916015625,E,1501.8211669921875
139,148,745A6286,193,0.3432234525680542,85.72020721435547,31.684659957885742,67588.25,E,1474.88720703125
140,143,745A6286,194,0.01626305654644966,3.6656415462493896,25.249130249023438,1835.4083251953125,E,1508.305419921875
141,149,745A6286,195,0.21618109941482544,55.689849853515625,21.813457489013672,20812.0546875,E,1629.14208984375
141,165,745A6286,196,0.5979604721069336,154.66217041015625,32.240718841552734,126265.1328125,E,1558.883544921875
142,144,745A6286,197,0.06558902561664581,11.441641807556152,26.334720611572266,6232.11767578125,E,1421.6363525390625
142,145,745A6286,198,0.22575561702251434,34.7696418762207,25.760269165039062,18121.365234375,E,1425.0826416015625
143,183,745A6286,199,0.8576470613479614,187.91343688964844,28.925682067871094,123485.2109375,E,1419.9112548828125
145,160,745A6286,200,0.261155366897583,64.53948974609375,23.38664436340332,27723.701171875,E,1399.2066650390625
146,153,745A6286,201,0.24551182985305786,82.4229736328125,28.926362991333008,54165.8828125,E,1387.2164306640625
146,156,745A6286,202,0.5288990139961243,140.07589721679688,32.55459213256836,116594.4375,E,1376.9005126953125
147,150,745A6286,203,0.0333104282617569,33.88020706176758,27.4040470123291,19983.21484375,E,1434.641357421875
147,154,745A6286,204,0.30525535345077515,68.83405303955078,30.01327896118164,48699.0078125,E,1419.30224609375
148,150,745A6286,205,0.18762105703353882,49.87691879272461,27.35869598388672,29321.1015625,E,1450.6859130859375
148,183,745A6286,206,0.6202380061149597,145.07568359375,30.763092041015625,107831.2109375,E,1398.4326171875
149,151,745A6286,207,0.9869190454483032,227.75917053222656,30.186237335205078,162998.53125,E,1694.431396484375
149,182,745A6286,208,0.9034591913223267,168.95631408691406,28.623441696166992,108719.6328125,E,1559.99365234375
150,177,745A6286,209,0.7543656229972839,112.2691421508789,27.120920181274414,64857.3359375,E,1389.9876708984375
151,163,745A6286,210,0.34402337670326233,95.56719207763672,30.239595413208008,68635.7890625,E,1707.2763671875
152,187,745A6286,211,0.5744470357894897,154.92266845703125,32.84623336791992,131273.171875,E,1428.3812255859375
153,173,745A6286,212,0.36510980129241943,90.19898223876953,31.517364501953125,70370.6015625,E,1337.831787109375
154,160,745A6286,213,0.13011044263839722,38.61948776245117,27.236894607543945,22501.505859375,E,1380.4754638671875
154,194,745A6286,214,0.72046959400177,148.03610229492188,29.646509170532227,102189.1171875,E,1342.0567626953125
155,176,745A6286,215,1.269514799118042,104.8615493774414,21.175792694091797,36930.52734375,E,1329.7279052734375
156,159,745A6286,216,0.21926721930503845,71.2418441772461,31.998497009277344,57290.7109375,E,1354.5843505859375
156,191,745A6286,217,0.5880005359649658,152.51487731933594,32.245906829833984,124552.1640625,E,1306.4705810546875
157,170,745A6286,218,0.4229746162891388,105.490478515625,31.649812698364258,82993.7578125,E,1388.971923828125
158,166,745A6286,219,0.25818970799446106,49.61640930175781,27.77124786376953,30054.255859375,E,1362.9903564453125
158,173,745A6286,220,5.212661266326904,195.87364196777344,15.741469383239746,38120.30859375,E,1344.853271484375
159,174,745A6286,221,0.8204290866851807,142.40737915039062,25.383689880371094,72066.2421875,E,1332.721435546875
159,181,745A6286,222,0.37752825021743774,84.20184326171875,30.14458465576172,60093.859375,E,1307.5487060546875
160,171,745A6286,223,0.32155168056488037,61.94748306274414,27.845746994018555,37725.1796875,E,1343.1190185546875
161,214,745A6286,224,0.6951009631156921,166.44061279296875,31.253198623657227,127684.4921875,E,1680.0712890625
162,167,745A6286,225,0.13342580199241638,23.956924438476562,27.12169647216797,13840.5908203125,E,1368.558837890625
162,168,745A6286,226,0.5015051364898682,53.726768493652344,18.996383666992188,15227.2841796875,E,1362.69189453125
163,179,745A6286,227,0.2739495038986206,70.53661346435547,32.167598724365234,57324.69921875,E,1632.78173828125
163,186,745A6286,228,0.8073732852935791,203.72596740722656,31.861865997314453,162434.65625,E,1701.6536865234375
164,169,745A6286,229,0.14509853720664978,37.54584503173828,32.14548873901367,30471.359375,E,1526.0567626953125
164,190,745A6286,230,0.4135414958000183,114.34011840820312,29.489377975463867,78094.3671875,E,1472.67724609375
165,225,745A6286,231,0.7166569828987122,190.1370391845703,32.60932922363281,158796.296875,E,1403.4644775390625
166,168,745A6286,232,0.09397304058074951,36.91692352294922,19.028329849243164,10498.24609375,E,1339.0113525390625
166,237,745A6286,233,1.5179073810577393,289.7382507324219,27.12335205078125,167410.40625,E,1221.9798583984375
167,170,745A6286,234,0.03249479830265045,14.662566184997559,30.019765853881836,10378.01953125,E,1355.447509765625
167,180,745A6286,235,0.21460703015327454,47.4691276550293,18.509929656982422,12773.5224609375,E,1339.98876953125
168,228,745A6286,236,1.208320140838623,222.4225616455078,27.436962127685547,131504.546875,E,1243.8577880859375
169,198,745A6286,237,0.40604168176651,99.67753601074219,31.459125518798828,77478.3671875,E,1519.03515625
169,229,745A6286,238,0.8252359628677368,213.20452880859375,31.143722534179688,162415.453125,E,1432.2706298828125
170,172,745A6286,239,0.04736264795064926,11.441641807556152,31.071475982666016,8675.650390625,E,1346.7633056640625
171,176,745A6286,240,0.15017835795879364,34.32492446899414,18.146034240722656,8876.9326171875,E,1308.4227294921875
171,189,745A6286,241,0.3286959230899811,45.32184600830078,23.456331253051758,19584.732421875,E,1295.43798828125
172,180,745A6286,242,0.22429989278316498,33.88020706176758,19.971105575561523,10613.0478515625,E,1330.8822021484375
172,221,745A6286,243,0.6339465975761414,149.99917602539062,30.82537078857422,111942.6015625,E,1283.34716796875
173,208,745A6286,244,0.47146642208099365,108.52719116210938,30.432554244995117,78941.484375,E,1252.1536865234375
174,184,745A6286,245,0.5125572681427002,119.78462982177734,30.637907028198242,88309.8515625,E,1278.0386962890625
174,197,745A6286,246,0.44751787185668945,71.6102523803711,23.00950813293457,29776.916015625,E,1275.6976318359375
175,210,745A6286,247,0.6720594167709351,149.92286682128906,29.634685516357422,103409.015625,E,1757.044921875
176,188,745A6286,248,0.29259106516838074,36.472206115722656,22.47964096069336,14475.4033203125,E,1287.2325439453125
177,194,745A6286,249,0.3207792639732361,51.134769439697266,22.24715232849121,19877.19140625,E,1315.81591796875
177,222,745A6286,250,2.2013046741485596,161.25660705566406,17.77891731262207,40032.98828125,E,1277.992919921875
178,198,745A6286,251,0.18671275675296783,52.65312957763672,27.809072494506836,31980.634765625,E,1531.789794921875
178,245,745A6286,252,1.459816336631775,287.1146545410156,28.61631965637207,184659.984375,E,1525.2752685546875
179,215,745A6286,253,1.0050411224365234,238.86399841308594,29.61236572265625,164507.90625,E,1622.3758544921875
179,216,745A6286,254,0.8186696171760559,223.94091796875,33.13490676879883,193105.578125,E,1509.7183837890625
180,252,745A6286,255,1.5155847072601318,282.5911560058594,28.161436080932617,176018.375,E,1199.363525390625
181,184,745A6286,256,0.04725376516580582,10.99692440032959,30.494117736816406,8031.43701171875,E,1265.0709228515625
181,196,745A6286,257,0.15275436639785767,46.39548873901367,29.440378189086914,31582.927734375,E,1255.02734375
182,193,745A6286,258,0.16257035732269287,36.027488708496094,23.577035903930664,15729.04296875,E,1486.1904296875
182,202,745A6286,259,0.2019704431295395,45.32184600830078,29.938871383666992,31905.703125,E,1469.572509765625
183,222,745A6286,260,0.515091061592102,112.71385192871094,29.711437225341797,78147.3984375,E,1287.4635009765625
184,200,745A6286,261,0.013068696483969688,26.993640899658203,28.166400909423828,16819.537109375,E,1248.4227294921875
185,217,745A6286,262,0.8757588267326355,182.72943115234375,29.389554977416992,123960.8203125,E,1684.9769287109375
185,230,745A6286,263,0.7123552560806274,149.81497192382812,29.443124771118164,102002.984375,E,1711.262939453125
187,207,745A6286,264,0.20899413526058197,65.98153686523438,31.449596405029297,51255.734375,E,1346.025634765625
187,235,745A6286,265,0.7470909357070923,191.1343536376953,32.08808135986328,154566.78125,E,1271.150390625
188,189,745A6286,266,0.05784786865115166,7.776000022888184,19.150306701660156,2239.739990234375,E,1273.7259521484375
188,197,745A6286,267,0.09408921003341675,24.585847854614258,17.652706146240234,6017.24462890625,E,1263.1153564453125
189,205,745A6286,268,0.2125236988067627,43.17456817626953,22.059446334838867,16500.87890625,E,1256.0699462890625
190,195,745A6286,269,0.1979166716337204,45.766563415527344,30.47139549255371,33375.12109375,E,1414.5244140625
190,233,745A6286,270,0.657592236995697,147.4834747314453,30.283430099487305,106229.0703125,E,1368.152099609375
192,211,745A6286,271,0.7170752286911011,159.92247009277344,30.607059478759766,117663.7265625,E,1787.4510498046875
193,202,745A6286,272,0.18455341458320618,32.80656814575195,20.35555076599121,10676.1923828125,E,1465.389404296875
194,232,745A6286,273,0.5953232645988464,130.4131317138672,29.707204818725586,90392.9921875,E,1237.1712646484375
195,204,745A6286,274,0.34660443663597107,80.27569580078125,24.66364288330078,38352.03515625,E,1370.5194091796875
195,250,745A6286,275,1.034031629562378,198.98667907714844,28.67084312438965,128467.953125,E,1310.447265625
196,199,745A6286,276,0.12538893520832062,30.659282684326172,31.312376022338867,23609.345703125,E,1236.2823486328125
196,200,745A6286,277,0.11243494600057602,37.990562438964844,29.2720947265625,25566.615234375,E,1236.150390625
197,203,745A6286,278,0.08770821988582611,12.960000038146973,24.35463523864746,6037.513671875,E,1248.13427734375
198,255,745A6286,279,0.8798468112945557,213.64926147460938,31.307008743286133,164465.34375,E,1458.991455078125
199,208,745A6286,280,0.6587333679199219,134.89190673828125,27.295284271240234,78931.6171875,E,1224.63916015625
199,209,745A6286,281,0.22577138245105743,50.69004821777344,20.425251007080078,16609.1484375,E,1215.971923828125
200,226,745A6286,282,0.40319278836250305,97.790771484375,31.199846267700195,74764.0234375,E,1192.114501953125
201,230,745A6286,283,25.065547943115234,193.28163146972656,27.080312728881836,111323.7421875,E,1746.068603515625
202,216,745A6286,284,0.2374400794506073,64.98419952392578,28.461177825927734,41343.13671875,E,1428.8431396484375
203,205,745A6286,285,0.14636504650115967,30.214563369750977,22.109689712524414,11600.361328125,E,1239.4285888671875
203,234,745A6286,286,0.6185435056686401,133.37353515625,29.5318603515625,91356.859375,E,1182.05810546875
204,240,745A6286,287,0.7198359966278076,166.54852294921875,30.470272064208984,121446.0390625,E,1268.268310546875
205,291,745A6286,288,1.002415657043457,234.27735900878906,30.740198135375977,173873.546875,E,1128.5848388671875
206,228,745A6286,289,0.44289639592170715,85.9044189453125,28.10608673095703,53297.4140625,E,1189.4407958984375
207,212,745A6286,290,0.1641521155834198,37.54584884643555,30.351810455322266,27165.70703125,E,1334.2021484375
207,219,745A6286,291,0.21095415949821472,45.76656723022461,24.9001407623291,22286.498046875,E,1313.80078125
208,247,745A6286,292,0.7119814157485962,153.84902954101562,29.600845336914062,105874.8671875,E,1139.861328125
209,213,745A6286,293,0.053087495267391205,19.846567153930664,27.302400588989258,11619.21875,E,1192.5592041015625
209,239,745A6286,294,0.8801533579826355,146.88621520996094,28.464824676513672,93473.3828125,E,1149.718994140625
210,211,745A6286,295,0.19344083964824677,46.8402099609375,31.175748825073242,35755.46875,E,1701.3936767578125
210,215,745A6286,296,0.26013725996017456,61.947486877441406,31.12525177001953,47134.546875,E,1664.98046875
211,246,745A6286,297,4.844019889831543,254.60020446777344,30.152477264404297,181800.3125,E,1761.9771728515625
212,218,745A6286,298,0.26646888256073,27.622568130493164,17.00119972229004,6270.65771484375,E,1317.7725830078125
212,225,745A6286,299,0.31857240200042725,61.05805206298828,23.746204376220703,27040.904296875,E,1325.56396484375
213,220,745A6286,300,0.25923773646354675,61.50277328491211,30.76226806640625,45711.05859375,E,1179.01708984375
213,241,745A6286,301,0.6438725590705872,119.15571594238281,26.294719696044922,64705.59765625,E,1134.0614013671875
214,217,745A6286,302,0.06551472842693329,22.438568115234375,27.680526733398438,13503.1064453125,E,1606.1220703125
214,245,745A6286,303,1.699768304824829,201.13394165039062,23.143869400024414,84614.9609375,E,1531.8665771484375
215,260,745A6286,304,1.5763294696807861,420.2277526855469,32.76571273803711,354334.84375,E,1467.5830078125
216,265,745A6286,305,0.7202560305595398,198.64984130859375,31.913341522216797,158899.546875,E,1311.9027099609375
217,293,745A6286,306,0.8762760162353516,212.75979614257812,31.175006866455078,162402.453125,E,1509.0323486328125
218,219,745A6286,307,0.3526809811592102,23.328001022338867,7.759058475494385,1103.0252685546875,E,1300.036865234375
218,227,745A6286,308,0.31675705313682556,39.064208984375,23.05355453491211,16305.8974609375,E,1291.0972900390625
219,227,745A6286,309,0.8556037545204163,37.99056625366211,16.61203384399414,8234.0068359375,E,1282.16357421875
220,226,745A6286,310,0.16674984991550446,51.57948684692383,29.477645874023438,35200.796875,E,1153.7008056640625
220,241,745A6286,311,0.4745526909828186,100.12227630615234,27.0286808013916,57447.38671875,E,1122.6502685546875
221,235,745A6286,312,0.1809990257024765,60.42912673950195,26.032737731933594,32164.431640625,E,1204.88818359375
221,318,745A6286,313,1.1776665449142456,281.9622497558594,31.96297836303711,226243.09375,E,1101.399658203125
222,264,745A6286,314,0.8596136569976807,133.63404846191406,25.321128845214844,67293.5,E,1176.56591796875
223,229,745A6286,315,0.7848511934280396,155.81211853027344,29.481555938720703,106363.328125,E,1373.98486328125
224,242,745A6286,316,1.6055898666381836,401.5311279296875,31.837730407714844,319663.6875,E,1776.0059814453125
225,271,745A6286,317,0.4926759898662567,140.96533203125,31.512008666992188,109939.65625,E,1256.6075439453125
226,261,745A6286,318,0.4696339964866638,118.08206176757812,31.802461624145508,93798.3671875,E,1096.6866455078125
228,231,745A6286,319,0.08767280727624893,21.99384880065918,31.571577072143555,17218.0390625,E,1143.2945556640625
229,233,745A6286,320,0.08987180143594742,32.80656814575195,29.226070404052734,22008.556640625,E,1317.31298828125
230,242,745A6286,321,0.1726095825433731,48.98748779296875,27.764434814453125,29658.7421875,E,1634.67041015625
231,237,745A6286,322,0.29374122619628906,61.50277328491211,29.609304428100586,42348.7890625,E,1118.849365234375
231,252,745A6286,323,0.3387918174266815,65.61312866210938,21.119131088256836,22984.376953125,E,1106.2369384765625
232,273,745A6286,324,0.8791205286979675,138.92599487304688,25.922677993774414,73321.796875,E,1124.219482421875
232,296,745A6286,325,0.7535826563835144,150.4438934326172,25.360939025878906,75996.765625,E,1121.4808349609375
233,236,745A6286,326,0.05286451801657677,10.99692440032959,28.822023391723633,7174.8046875,E,1301.66064453125
234,263,745A6286,327,0.470447301864624,102.26956176757812,29.85713005065918,71603.1953125,E,1080.4512939453125
234,322,745A6286,328,1.7704668045043945,207.8363037109375,23.35332489013672,89024.3359375,E,1039.049560546875
235,341,745A6286,329,0.9255285859107971,209.1704559326172,31.168052673339844,159591.421875,E,1086.840576171875
236,244,745A6286,330,0.07326537370681763,32.361846923828125,19.04188346862793,9216.0107421875,E,1288.8138427734375
236,310,745A6286,331,0.7861742973327637,178.1743621826172,30.153785705566406,127238.5703125,E,1210.99267578125
237,238,745A6286,332,0.02469738759100437,7.331283092498779,34.458351135253906,6836.89404296875,E,1101.174560546875
238,239,745A6286,333,0.008731844834983349,2.5920000076293945,34.458351135253906,2417.20703125,E,1098.156494140625
238,275,745A6286,334,0.17678169906139374,81.16513061523438,32.26756286621094,66373.03125,E,1063.2669677734375
239,247,745A6286,335,0.27588900923728943,74.4627685546875,29.27842140197754,50133.078125,E,1080.5489501953125
240,243,745A6286,336,0.046904101967811584,9.923283576965332,29.071060180664062,6586.6865234375,E,1189.3946533203125
240,253,745A6286,337,0.11682526767253876,37.54584884643555,27.777599334716797,22753.134765625,E,1175.05615234375
241,294,745A6286,338,0.4285966157913208,99.75384521484375,30.672687530517578,73709.453125,E,1034.213623046875
242,293,745A6286,339,0.8657357692718506,216.42543029785156,31.09129524230957,164314.46875,E,1518.369873046875
243,248,745A6286,340,0.1781420111656189,32.80656433105469,27.248186111450195,19130.478515625,E,1194.76904296875
243,254,745A6286,341,0.1875792145729065,23.956924438476562,19.434919357299805,7107.001953125,E,1180.7518310546875
244,251,745A6286,342,0.9356251955032349,100.12226104736328,22.886564254760742,41189.04296875,E,1308.233154296875
244,257,745A6286,343,0.2655552327632904,37.54584884643555,17.027334213256836,8549.5869140625,E,1265.052490234375
245,256,745A6286,344,0.045924827456474304,26.54892349243164,21.29844856262207,9458.728515625,E,1434.3565673828125
247,266,745A6286,345,0.19403444230556488,47.913848876953125,31.44840431213379,37217.58203125,E,1053.4007568359375
248,250,745A6286,346,0.28362321853637695,57.20820617675781,28.75740623474121,37157.59765625,E,1209.811767578125
248,254,745A6286,347,0.06252904236316681,32.361846923828125,20.146448135375977,10316.2099609375,E,1183.04541015625
249,313,745A6286,348,0.547609806060791,129.0789794921875,31.064697265625,97831.7109375,E,1455.788330078125
250,288,745A6286,349,0.3624896705150604,81.34933471679688,27.84245491027832,49528.9296875,E,1183.039794921875
251,259,745A6286,350,0.36408475041389465,88.05168151855469,31.158205032348633,67138.6171875,E,1334.2955322265625
251,289,745A6286,351,0.5362653732299805,80.27569580078125,23.293636322021484,34209.64453125,E,1299.6136474609375
252,269,745A6286,352,0.10651494562625885,42.72984313964844,30.726776123046875,31685.107421875,E,1059.51806640625
253,254,745A6286,353,0.2990814745426178,42.7298469543457,20.50221061706543,14106.6083984375,E,1161.9376220703125
253,258,745A6286,354,0.09292040765285492,17.254566192626953,27.18720054626465,10016.6591796875,E,1150.1314697265625
255,256,745A6286,355,0.10349024832248688,21.809640884399414,22.4368953704834,8623.1103515625,E,1417.4888916015625
255,274,745A6286,356,0.14639030396938324,37.99056625366211,24.252988815307617,17550.76953125,E,1397.716064453125
256,280,745A6286,357,0.2258019596338272,46.8402099609375,29.41546058654785,31831.712890625,E,1409.3934326171875
257,283,745A6286,358,0.6345252990722656,109.41663360595703,26.8754825592041,62070.578125,E,1262.97802734375
257,370,745A6286,359,0.8522341251373291,208.54153442382812,31.3539981842041,161015.734375,E,1154.261474609375
258,264,745A6286,360,0.11605967581272125,30.214567184448242,23.226354598999023,12801.7216796875,E,1131.5784912109375
258,278,745A6286,361,0.23181098699569702,50.50584411621094,20.118494033813477,16055.4501953125,E,1122.6700439453125
259,267,745A6286,362,0.08774121850728989,19.84656524658203,29.953935623168945,13985.6611328125,E,1346.277099609375
259,268,745A6286,363,0.45391014218330383,72.05497741699219,19.916568756103516,22448.271484375,E,1366.6397705078125
260,270,745A6286,364,0.3180513083934784,86.79385375976562,33.03593063354492,74396.40625,E,1271.94189453125
260,276,745A6286,365,0.057900626212358475,41.84041213989258,26.656944274902344,23351.056640625,E,1298.502197265625
261,263,745A6286,366,0.03464473411440849,9.923283576965332,33.848472595214844,8929.423828125,E,1043.01416015625
261,286,745A6286,367,0.17706747353076935,49.61640930175781,28.881317138671875,32504.9296875,E,1027.13916015625
262,282,745A6286,368,0.11123837530612946,38.17477035522461,28.432138442993164,24237.36328125,E,1042.943115234375
263,287,745A6286,369,0.11190591007471085,35.39856719970703,27.040658950805664,20328.724609375,E,1024.911865234375
264,272,745A6286,370,0.056773677468299866,11.441641807556152,28.383922576904297,7239.7412109375,E,1117.1671142578125
265,270,745A6286,371,0.1656864434480667,42.100929260253906,31.901927947998047,33652.35546875,E,1231.916259765625
265,271,745A6286,372,0.20645958185195923,54.17148971557617,32.44788360595703,44795.3984375,E,1205.3984375
266,299,745A6286,373,0.29295292496681213,67.94461059570312,27.8282527923584,41325.37109375,E,1007.6922607421875
266,300,745A6286,374,0.31438687443733215,65.16841125488281,22.143814086914062,25097.580078125,E,1004.9893188476562
267,268,745A6286,375,0.09068408608436584,17.699283599853516,27.964557647705078,10870.7998046875,E,1353.15478515625
268,274,745A6286,376,0.29306745529174805,63.02112579345703,29.55803871154785,43244.140625,E,1368.6676025390625
269,275,745A6286,377,0.1155003160238266,34.32492446899414,34.48337173461914,32056.70703125,E,1034.048095703125
269,282,745A6286,378,0.10599110275506973,30.843490600585938,34.13511657714844,28226.4453125,E,1033.4205322265625
270,314,745A6286,379,0.31695523858070374,80.27569580078125,28.665393829345703,51807.15625,E,1216.669189453125
271,325,745A6286,380,0.8019864559173584,228.3118133544922,33.74790573120117,204226.421875,E,1112.4461669921875
272,278,745A6286,381,0.07958764582872391,14.662566184997559,27.204818725585938,8522.9814453125,E,1108.859375
272,297,745A6286,382,0.5354188680648804,63.2053337097168,17.740184783935547,15622.8359375,E,1088.15087890625
273,291,745A6286,383,0.24844582378864288,60.42912673950195,27.39862632751465,35628.19140625,E,1037.83837890625
273,295,745A6286,384,0.39453402161598206,88.68062591552734,27.447248458862305,52470.62890625,E,1057.82177734375
274,284,745A6286,385,0.07971973717212677,20.920207977294922,32.390560150146484,17238.236328125,E,1387.259521484375
275,285,745A6286,386,0.03622938320040703,16.180923461914062,34.82936477661133,15416.4462890625,E,1021.113525390625
276,313,745A6286,387,0.9207580089569092,241.3480987548828,32.39670944213867,198946.15625,E,1351.575439453125
276,314,745A6286,388,0.5858597755432129,114.34011840820312,28.613645553588867,73524.984375,E,1246.0670166015625
277,327,745A6286,389,1.3504270315170288,86.34913635253906,16.71803855895996,18954.771484375,E,985.4677124023438
278,298,745A6286,390,0.18207892775535583,33.251285552978516,27.13663673400879,19231.375,E,1090.4757080078125
279,298,745A6286,391,1.497277021408081,97.9749755859375,15.689788818359375,18942.5859375,E,1100.4320068359375
280,284,745A6286,392,0.014033506624400616,3.6656415462493896,32.323760986328125,3008.040283203125,E,1389.811279296875
280,324,745A6286,393,0.3120822310447693,87.60697937011719,27.387781143188477,51611.0,E,1378.513671875
281,317,745A6286,394,1.3125011920928955,175.13763427734375,27.942129135131836,107396.0546875,E,1493.06396484375
282,290,745A6286,395,0.030023105442523956,17.699283599853516,34.36686706542969,16418.197265625,E,1019.796875
283,289,745A6286,396,0.12563945353031158,23.956926345825195,27.998117446899414,14749.5458984375,E,1272.8603515625
283,389,745A6286,397,1.2135043144226074,239.04820251464844,28.405996322631836,151494.0,E,1163.75830078125
284,363,745A6286,398,0.7969943284988403,195.321044921875,30.241500854492188,140296.09375,E,1305.5352783203125
285,290,745A6286,399,0.25349411368370056,79.2020492553711,35.35661315917969,77762.0390625,E,1004.2498168945312
285,302,745A6286,400,0.12491598725318909,38.17477035522461,34.94117736816406,36605.08203125,E,998.706787109375
286,287,745A6286,401,0.32961851358413696,39.95363998413086,11.2879056930542,3998.278076171875,E,1008.8388061523438
286,309,745A6286,402,0.20610059797763824,51.76368713378906,31.885412216186523,41333.2109375,E,988.1600341796875
287,326,745A6286,403,0.47097766399383545,72.76020812988281,22.6146240234375,29225.54296875,E,976.11328125
288,301,745A6286,404,0.17851558327674866,33.435489654541016,27.433616638183594,19763.4921875,E,1129.6142578125
288,310,745A6286,405,0.14371785521507263,44.432411193847656,20.398530960083008,14520.7001953125,E,1136.3516845703125
289,292,745A6286,406,0.03784112259745598,8.849641799926758,30.560190200805664,6491.240234375,E,1274.9288330078125
290,308,745A6286,407,0.09547136723995209,28.69620704650879,34.69417190551758,27128.603515625,E,1002.7620239257812
291,320,745A6286,408,0.2400725930929184,52.46892166137695,29.65451431274414,36238.78515625,E,997.8935546875
292,306,745A6286,409,0.12510059773921967,27.17784881591797,29.50701141357422,18584.693359375,E,1271.66650390625
292,311,745A6286,410,0.2501431703567505,36.027488708496094,10.733929634094238,3260.178466796875,E,1255.640869140625
293,324,745A6286,411,0.26624226570129395,64.72368621826172,31.208547592163086,49510.8359375,E,1396.47607421875
294,300,745A6286,412,0.039425142109394073,10.99692440032959,33.39105987548828,9629.89453125,E,983.710205078125
294,309,745A6286,413,0.1126912534236908,51.57948684692383,25.734132766723633,26827.85546875,E,981.5979614257812
295,296,745A6286,414,0.049855269491672516,12.960000038146973,32.22211837768555,10568.25,E,1054.3731689453125
295,320,745A6286,415,0.6387456655502319,144.815185546875,28.69898223876953,93677.859375,E,1003.8772583007812
296,297,745A6286,416,0.03117089346051216,10.368000030517578,31.561410903930664,8111.43505859375,E,1058.5130615234375
296,303,745A6286,417,0.05206909403204918,13.588926315307617,32.29530334472656,11131.5009765625,E,1051.81201171875
297,304,745A6286,418,0.48706376552581787,53.54256057739258,21.129520416259766,18774.49609375,E,1062.8853759765625
298,304,745A6286,419,0.030364710837602615,6.257641315460205,28.71190643310547,4051.581787109375,E,1072.5374755859375
299,302,745A6286,420,0.05484600365161896,29.58563995361328,34.81847381591797,28170.2265625,E,983.0844116210938
299,323,745A6286,421,0.19663724303245544,50.061126708984375,32.14438247680664,40625.68359375,E,961.4215698242188
300,329,745A6286,422,0.1215987280011177,51.39527893066406,33.102535247802734,44231.90234375,E,955.2081909179688
301,316,745A6286,423,0.07323093712329865,41.84041213989258,23.587200164794922,18282.62890625,E,1107.70703125
301,335,745A6286,424,0.48616495728492737,107.00883483886719,29.795743942260742,74613.6015625,E,1072.028564453125
302,307,745A6286,425,0.024251695722341537,7.331283092498779,34.89204788208008,7010.07666015625,E,980.947265625
303,331,745A6286,426,0.5430929064750671,72.68389129638672,19.244136810302734,21140.970703125,E,1037.88037109375
303,344,745A6286,427,0.44083553552627563,75.09169006347656,27.458528518676758,44466.83984375,E,1012.51513671875
304,332,745A6286,428,0.15897510945796967,52.024208068847656,29.32517433166504,35137.9609375,E,1051.1456298828125
305,425,745A6286,429,1.3122069835662842,316.2555847167969,31.43311882019043,245416.09375,E,1168.8824462890625
306,311,745A6286,430,0.22873646020889282,25.03056526184082,18.391340255737305,6649.47412109375,E,1256.2711181640625
306,333,745A6286,431,0.24669016897678375,59.53969192504883,31.288034439086914,45777.59765625,E,1261.8555908203125
307,1009,745A6286,432,3.181034803390503,978.66796875,35.800079345703125,985129.25,F,489.3357238769531
308,312,745A6286,433,0.09300953149795532,29.14092445373535,35.39166259765625,28667.8515625,E,986.99951171875
308,315,745A6286,434,0.039060529321432114,18.772924423217773,34.4990119934082,17548.3046875,E,985.8972778320312
309,321,745A6286,435,0.13104496896266937,36.027488708496094,33.22503662109375,31235.958984375,E,955.6690673828125
310,316,745A6286,436,0.14503875374794006,30.843490600585938,29.170673370361328,20613.2421875,E,1113.9493408203125
311,354,745A6286,437,0.34166455268859863,75.98112487792969,26.507707595825195,41931.45703125,E,1217.9622802734375
312,1009,745A6286,438,3.2424991130828857,979.5736694335938,35.800079345703125,986040.9375,F,489.78863525390625
313,319,745A6286,439,0.05932508781552315,17.254566192626953,30.2989559173584,12440.8271484375,E,1404.9368896484375
314,433,745A6286,440,1.461454153060913,371.4560241699219,31.911731719970703,297096.84375,E,1019.2982177734375
315,1009,745A6286,441,3.2617905139923096,978.969970703125,35.800079345703125,985433.25,F,489.4859619140625
316,336,745A6286,442,0.09596909582614899,22.883283615112305,30.995574951171875,17266.630859375,E,1089.70556640625
317,319,745A6286,443,0.03798409178853035,8.849641799926758,30.539859771728516,6482.6064453125,E,1407.0635986328125
317,337,745A6286,444,0.38867247104644775,96.71713256835938,31.554149627685547,75632.1171875,E,1435.696044921875
318,1009,745A6286,445,3.2743804454803467,978.2559814453125,35.800079345703125,984714.5625,F,489.1297302246094
319,373,745A6286,446,0.6535364985466003,119.52413177490234,26.10594940185547,63977.0859375,E,1351.444091796875
320,322,745A6286,447,0.016827793791890144,3.6656415462493896,29.5183048248291,2508.5498046875,E,971.5839233398438
321,329,745A6286,448,0.11107615381479263,32.80656814575195,34.37364959716797,30444.017578125,E,935.1290893554688
321,334,745A6286,449,0.24667605757713318,56.76348876953125,26.30897331237793,30857.927734375,E,931.3665161132812
322,353,745A6286,450,0.2952727675437927,52.65312957763672,26.99181365966797,30128.548828125,E,946.6878051757812
323,1009,745A6286,451,3.0055031776428223,940.1959838867188,35.800079345703125,946403.25,F,470.09954833984375
324,442,745A6286,452,1.4389111995697021,351.76202392578125,31.310447692871094,270842.84375,E,1219.3499755859375
325,343,745A6286,453,0.21085615456104279,39.6931266784668,28.637887954711914,25567.43359375,E,1011.621337890625
325,349,745A6286,454,0.6170169711112976,34.32492446899414,16.05515480041504,6949.0986328125,E,1014.5441284179688
326,330,745A6286,455,0.059507131576538086,9.923283576965332,25.757366180419922,5170.68603515625,E,940.5484619140625
326,340,745A6286,456,0.11112083494663239,20.920207977294922,27.406951904296875,12341.767578125,E,936.2203979492188
327,330,745A6286,457,0.2251994013786316,20.291284561157227,15.210467338562012,3687.096923828125,E,940.98974609375
327,338,745A6286,458,0.148384228348732,17.254566192626953,17.122447967529297,3973.064697265625,E,941.1411743164062
328,367,745A6286,459,1.4912028312683105,83.94132995605469,15.270294189453125,15373.0673828125,E,1324.5391845703125
329,345,745A6286,460,0.07596737146377563,23.512208938598633,35.192752838134766,22871.24609375,E,921.585693359375
330,351,745A6286,461,0.3587808310985565,29.58563995361328,15.856942176818848,5842.64794921875,E,924.5099487304688
331,332,745A6286,462,0.052947357296943665,12.960000038146973,31.286964416503906,9963.7255859375,E,1027.9351806640625
331,348,745A6286,463,0.3870575428009033,90.64369201660156,27.7716007232666,54907.1953125,E,996.34814453125
332,335,745A6286,464,0.014634678140282631,3.6656415462493896,31.65289306640625,2884.474365234375,E,1030.08740234375
333,356,745A6286,465,0.26356998085975647,64.27897644042969,28.043155670166016,39702.01953125,E,1225.6268310546875
333,363,745A6286,466,0.29630565643310547,74.64697265625,31.72319984436035,59000.55078125,E,1246.5650634765625
334,340,745A6286,467,0.1463148593902588,32.80656433105469,22.005138397216797,12476.6748046875,E,932.0114135742188
334,350,745A6286,468,0.038456134498119354,31.2882080078125,19.526399612426758,9369.466796875,E,918.2084350585938
335,376,745A6286,469,0.39388468861579895,97.5302734375,29.22315216064453,65415.91796875,E,1002.2778930664062
336,370,745A6286,470,0.4893723130226135,116.04269409179688,31.026168823242188,87733.203125,E,1072.3768310546875
336,379,745A6286,471,0.4308205842971802,108.5271987915039,30.2600040435791,78048.8359375,E,1029.55224609375
337,361,745A6286,472,0.46976298093795776,55.06092071533203,17.573646545410156,13355.40625,E,1445.14892578125
337,364,745A6286,473,1.7968623638153076,331.36285400390625,28.900365829467773,217370.390625,E,1572.1187744140625
338,346,745A6286,474,0.7507936954498291,78.75733184814453,20.467845916748047,25913.4453125,E,950.222900390625
338,347,745A6286,475,0.2572815716266632,34.95384979248047,18.05832862854004,8952.4111328125,E,931.0234985351562
339,411,745A6286,476,3.1376447677612305,259.9684143066406,25.819860458374023,136118.859375,E,1013.9713745117188
340,342,745A6286,477,0.032640088349580765,6.257641315460205,27.702211380004883,3771.63330078125,E,925.6032104492188
341,1009,745A6286,478,3.347621440887451,991.0426635742188,35.800079345703125,997585.625,F,495.5230712890625
342,350,745A6286,479,0.09573940932750702,24.585847854614258,27.0143985748291,14091.7744140625,E,913.4821166992188
342,352,745A6286,480,0.1505509316921234,28.251487731933594,27.4356689453125,16701.76171875,E,916.0514526367188
343,1009,745A6286,481,3.3615994453430176,995.1727294921875,35.800079345703125,1001743.0,F,497.5882263183594
344,348,745A6286,482,0.031994983553886414,7.331283092498779,30.24338722229004,5266.6044921875,E,977.187744140625
344,360,745A6286,483,0.7036065459251404,121.74771881103516,25.532135009765625,62333.99609375,E,950.6719360351562
345,1009,745A6286,484,2.874344825744629,912.61962890625,35.800079345703125,918644.875,F,456.310546875
346,347,745A6286,485,0.03238233923912048,6.257641315460205,27.797080993652344,3797.51025390625,E,929.9138793945312
346,355,745A6286,486,0.10572945326566696,36.027488708496094,27.421472549438477,21276.755859375,E,925.8531494140625
347,358,745A6286,487,0.17387604713439941,25.03056526184082,24.32978630065918,11636.89453125,E,916.4248046875
348,366,745A6286,488,0.3107582926750183,63.2053337097168,28.766117095947266,41077.69921875,E,946.9341430664062
349,1009,745A6286,489,3.3795032501220703,1001.7233276367188,35.800079345703125,1008336.8125,F,500.863525390625
350,362,745A6286,490,0.20657384395599365,53.282047271728516,32.262779235839844,43558.64453125,E,888.1218872070312
351,352,745A6286,491,0.014160851947963238,3.6656415462493896,27.058443069458008,2107.878173828125,E,909.096435546875
351,359,745A6286,492,0.2707781493663788,37.54584503173828,23.95586395263672,16922.92578125,E,906.1708984375
352,375,745A6286,493,0.280938982963562,55.06092834472656,28.618003845214844,35417.02734375,E,881.5577392578125
353,355,745A6286,494,0.013867583125829697,2.5920000076293945,27.343059539794922,1522.0155029296875,E,921.0147705078125
354,356,745A6286,495,0.013444477692246437,6.257641315460205,27.769977569580078,3790.10791015625,E,1194.884521484375
354,391,745A6286,496,0.5717809200286865,108.08247375488281,27.479385375976562,64100.171875,E,1144.2703857421875
355,360,745A6286,497,0.11554168909788132,27.622568130493164,25.527935028076172,14137.9130859375,E,917.8148803710938
355,368,745A6286,498,0.22259421646595,42.28512954711914,27.749649047851562,25573.640625,E,901.3157348632812
356,407,745A6286,499,0.8805043697357178,136.85498046875,28.041458129882812,84518.4765625,E,1158.6851806640625
357,382,745A6286,500,1.8719515800476074,121.6714096069336,17.401981353759766,28938.486328125,E,1351.2274169921875
358,359,745A6286,501,0.0801522433757782,16.625642776489258,23.87079429626465,7440.4990234375,E,903.2132568359375
358,368,745A6286,502,0.22700944542884827,38.17477035522461,21.081600189208984,13325.1923828125,E,893.8570556640625
359,375,745A6286,503,1.1097679138183594,62.131690979003906,17.231948852539062,14490.1162109375,E,874.7643432617188
360,365,745A6286,504,0.19227971136569977,22.883283615112305,17.537506103515625,5527.6923828125,E,906.4686889648438
361,364,745A6286,505,1.2341997623443604,226.24081420898438,26.897708892822266,128555.71875,E,1515.9166259765625
361,378,745A6286,506,0.12403645366430283,45.50605392456055,30.21176528930664,32622.048828125,E,1403.970947265625
362,1009,745A6286,507,2.775068521499634,872.0260009765625,35.800079345703125,877783.1875,F,436.014404296875
363,419,745A6286,508,1.0416876077651978,173.14295959472656,23.526212692260742,75265.984375,E,1174.155517578125
364,397,745A6286,509,0.4854412078857422,127.4843521118164,32.42280960083008,105256.28125,E,1531.4349365234375
365,371,745A6286,510,0.10459306836128235,13.588926315307617,22.728282928466797,5513.25732421875,E,894.811767578125
365,374,745A6286,511,0.149953693151474,28.69620704650879,13.031153678894043,3827.190673828125,E,890.0341796875
366,384,745A6286,512,0.12322573363780975,49.17169189453125,26.375959396362305,26867.146484375,E,898.8449096679688
366,395,745A6286,513,0.6872266530990601,161.62503051757812,31.06257438659668,122482.3203125,E,915.7764282226562
367,373,745A6286,514,0.5455838441848755,25.03056526184082,7.210165023803711,1022.0001220703125,E,1292.4627685546875
367,386,745A6286,515,0.8032686710357666,46.39548873901367,13.970998764038086,7112.4716796875,E,1266.7669677734375
368,372,745A6286,516,0.03220120072364807,7.776000022888184,31.068424224853516,5895.0107421875,E,878.436767578125
369,399,745A6286,517,1.8317710161209106,111.74811553955078,16.250211715698242,23176.513671875,E,1073.956787109375
370,389,745A6286,518,0.15317222476005554,46.395484924316406,29.224454879760742,31121.3515625,E,1057.308349609375
371,380,745A6286,519,0.06216133385896683,23.512208938598633,20.33618927001953,7636.99462890625,E,881.569091796875
371,381,745A6286,520,0.213726207613945,37.10112762451172,26.572235107421875,20574.68359375,E,886.8968505859375
372,374,745A6286,521,0.10381180047988892,26.993640899658203,25.908384323120117,14230.8876953125,E,876.9681396484375
372,396,745A6286,522,0.26169803738594055,69.46297454833984,32.72850799560547,58438.046875,E,843.696533203125
373,377,745A6286,523,0.06366600096225739,5.184000015258789,17.998308181762695,1318.9193115234375,E,1295.51611328125
374,380,745A6286,524,0.23222723603248596,26.10420799255371,21.226165771484375,9237.267578125,E,872.8931884765625
375,383,745A6286,525,0.07722005993127823,22.438568115234375,34.153411865234375,20556.69140625,E,846.279052734375
376,379,745A6286,526,0.043469130992889404,18.772924423217773,30.21967315673828,13464.8447265625,E,978.0811767578125
376,395,745A6286,527,0.17481562495231628,59.094974517822266,25.140705108642578,29335.625,E,949.4081420898438
377,382,745A6286,528,0.1260635405778885,21.99384880065918,10.784753799438477,2009.146484375,E,1294.6981201171875
377,385,745A6286,529,0.4760136604309082,23.956926345825195,14.492612838745117,3951.976318359375,E,1283.3238525390625
378,392,745A6286,530,0.3763017952442169,92.79097747802734,31.482385635375977,72232.2109375,E,1402.08349609375
378,401,745A6286,531,0.5257641673088074,123.18977355957031,30.694799423217773,91157.859375,E,1325.575927734375
379,405,745A6286,532,0.3235568106174469,76.61004638671875,30.845191955566406,57246.7109375,E,959.9339599609375
380,381,745A6286,533,0.28459933400154114,43.17456817626953,20.23386573791504,13882.75390625,E,870.7007446289062
381,384,745A6286,534,0.01718093827366829,3.6656415462493896,29.213363647460938,2456.98779296875,E,877.0498046875
382,387,745A6286,535,0.23689372837543488,15.107283592224121,15.90776538848877,3002.580322265625,E,1289.435546875
383,1009,745A6286,536,2.729405164718628,836.5537109375,35.800079345703125,842076.75,F,418.2778015136719
384,388,745A6286,537,0.024365324527025223,10.368000030517578,29.165929794311523,6926.86181640625,E,871.3331298828125
385,387,745A6286,538,0.15431122481822968,21.36492347717285,12.814305305480957,2755.379150390625,E,1278.3514404296875
385,390,745A6286,539,0.3099408745765686,19.84656524658203,16.719491958618164,4357.33935546875,E,1264.5882568359375
386,390,745A6286,540,0.4023226499557495,22.438568115234375,11.656885147094727,2394.694091796875,E,1252.4345703125
386,402,745A6286,541,0.675812304019928,44.248207092285156,14.608376502990723,7416.33740234375,E,1230.094482421875
387,393,745A6286,542,0.13662108778953552,16.180925369262695,16.131389617919922,3307.019775390625,E,1276.8929443359375
388,408,745A6286,543,0.4808500111103058,106.56411743164062,29.868833541870117,74668.5,E,851.8876953125
388,409,745A6286,544,0.3492553234100342,88.86482238769531,32.402828216552734,73280.015625,E,825.3590087890625
389,399,745A6286,545,0.12874329090118408,30.659282684326172,30.856658935546875,22927.12890625,E,1036.81005859375
390,394,745A6286,546,0.06005803868174553,6.257641315460205,20.403955459594727,2046.1114501953125,E,1255.15869140625
391,400,745A6286,547,0.20849378407001495,29.769847869873047,24.031396865844727,13502.822265625,E,1080.044189453125
391,406,745A6286,548,0.4222540557384491,43.803489685058594,12.999205589294434,5813.4267578125,E,1085.091552734375
392,397,745A6286,549,0.2866734266281128,70.79712677001953,24.965871810913086,34657.640625,E,1450.753662109375
392,410,745A6286,550,0.35417696833610535,80.01517486572266,30.17901611328125,57236.41015625,E,1390.273193359375
393,394,745A6286,551,0.1345568746328354,20.291284561157227,19.24382209777832,5901.76708984375,E,1261.5767822265625
393,401,745A6286,552,0.18249748647212982,30.843490600585938,21.2544002532959,10943.37109375,E,1269.4969482421875
394,402,745A6286,553,0.401637464761734,39.6931266784668,19.828998565673828,12257.63671875,E,1235.3553466796875
395,398,745A6286,554,0.036234013736248016,9.923283576965332,33.09120178222656,8534.34765625,E,919.3329467773438
396,1009,745A6286,555,2.7007339000701904,815.8873291015625,35.800079345703125,821273.9375,F,407.94573974609375
397,435,745A6286,556,0.660647988319397,179.8769073486328,31.330650329589844,138676.90625,E,1386.82080078125
398,405,745A6286,557,0.22098813951015472,78.57312774658203,28.111766815185547,48768.58984375,E,923.8202514648438
398,412,745A6286,558,0.2943713366985321,71.6102523803711,31.311912536621094,55142.22265625,E,883.8902587890625
399,404,745A6286,559,0.037631552666425705,8.849641799926758,30.631343841552734,6521.5029296875,E,1022.9129638671875
400,406,745A6286,560,0.49891728162765503,27.17784881591797,13.156517028808594,3694.764892578125,E,1067.9173583984375
400,416,745A6286,561,0.4376862347126007,78.31261444091797,23.94093132019043,35253.6171875,E,1030.87158203125
401,417,745A6286,562,0.3948151767253876,87.79117584228516,27.057479858398438,50479.546875,E,1224.97705078125
402,414,745A6286,563,0.45742496848106384,67.94461059570312,21.314119338989258,24242.62890625,E,1186.120849609375
403,437,745A6286,564,0.7581425309181213,186.1345672607422,31.416704177856445,144290.625,E,1018.0840454101562
404,415,745A6286,565,0.36431223154067993,69.01825714111328,27.900663375854492,42197.1328125,E,986.403076171875
404,416,745A6286,566,0.2636108994483948,61.94748306274414,26.973541259765625,35398.875,E,1008.08349609375
405,426,745A6286,567,0.4043056070804596,105.75099182128906,32.34748840332031,86907.140625,E,912.0039672851562
406,427,745A6286,568,0.748492419719696,103.60371398925781,22.00298309326172,39393.84375,E,1027.9727783203125
407,419,745A6286,569,0.3154865503311157,65.61312866210938,26.280582427978516,35591.85546875,E,1112.768310546875
407,427,745A6286,570,0.6803925037384033,131.33419799804688,28.1968936920166,82010.6484375,E,1061.8369140625
408,412,745A6286,571,0.3444640636444092,63.02112579345703,20.837648391723633,21491.83203125,E,845.8186645507812
408,418,745A6286,572,0.20676179230213165,44.248207092285156,24.757160186767578,21300.373046875,E,815.99853515625
409,1009,745A6286,573,2.64420485496521,786.2822265625,35.800079345703125,791473.375,F,393.1419372558594
410,417,745A6286,574,0.9900758266448975,199.2471923828125,29.606884002685547,137172.625,E,1266.125244140625
410,443,745A6286,575,0.8800846934318542,147.33087158203125,24.946727752685547,72012.984375,E,1285.376220703125
411,1009,745A6286,576,2.963106155395508,892.8866577148438,35.800079345703125,898781.625,F,446.4226379394531
412,422,745A6286,577,0.21297898888587952,50.061126708984375,30.728504180908203,37125.5859375,E,827.4229736328125
413,420,745A6286,578,0.3858512341976166,104.67735290527344,33.11830520629883,90173.4765625,E,791.9677734375
413,1009,745A6286,579,2.6291754245758057,779.5717163085938,35.800079345703125,784718.5625,F,389.78656005859375
414,421,745A6286,580,0.2607133388519287,51.134769439697266,23.160743713378906,21543.248046875,E,1163.4215087890625
414,425,745A6286,581,0.37533169984817505,65.35261535644531,23.16875457763672,27552.32421875,E,1123.7119140625
415,428,745A6286,582,0.26203489303588867,67.94461059570312,27.768707275390625,41148.70703125,E,922.1787719726562
415,452,745A6286,583,0.7014646530151367,133.37353515625,26.270118713378906,72290.8984375,E,926.6919555664062
416,438,745A6286,584,0.4101135730743408,91.53313446044922,29.9427547454834,64454.26953125,E,967.8111572265625
417,421,745A6286,585,0.0570567324757576,14.662566184997559,32.01475524902344,11803.212890625,E,1180.4107666015625
418,420,745A6286,586,0.015116204507648945,3.6656415462493896,31.14466094970703,2792.589599609375,E,794.6522827148438
418,423,745A6286,587,0.1768021136522293,45.32184600830078,26.814496994018555,25593.919921875,E,800.0433349609375
419,424,745A6286,588,0.10489428788423538,20.291284561157227,27.843673706054688,12355.27734375,E,1096.607421875
420,431,745A6286,589,0.16856501996517181,46.395484924316406,27.60918617248535,27776.19921875,E,777.0065307617188
421,449,745A6286,590,0.4986967146396637,115.41375732421875,30.418447494506836,83872.875,E,1119.9417724609375
422,423,745A6286,591,0.015642652288079262,3.6656415462493896,30.6160945892334,2698.60595703125,E,802.350830078125
422,432,745A6286,592,0.16617722809314728,36.027488708496094,24.63924789428711,17178.244140625,E,796.2664794921875
423,429,745A6286,593,0.16602745652198792,34.509132385253906,29.011920928955078,22812.7109375,E,785.31884765625
424,430,745A6286,594,0.8239017128944397,123.89498901367188,25.110570907592773,61355.96484375,E,1037.5396728515625
424,441,745A6286,595,0.40062952041625977,67.3156967163086,23.454492568969727,29084.279296875,E,1062.7144775390625
425,440,745A6286,596,0.33035850524902344,68.57353210449219,24.7083683013916,32880.20703125,E,1059.0238037109375
426,428,745A6286,597,0.04777519777417183,12.51528263092041,32.34002685546875,10280.4296875,E,887.1029663085938
426,447,745A6286,598,0.3379039466381073,86.27281188964844,29.19580841064453,57757.0234375,E,841.8162231445312
427,430,745A6286,599,0.04680302366614342,9.923283576965332,29.10663604736328,6602.81787109375,E,994.3519897460938
428,451,745A6286,600,0.3240751028060913,75.09169006347656,30.53070640563965,54973.76171875,E,874.154296875
429,431,745A6286,601,0.01784523017704487,6.257641315460205,28.664470672607422,4038.205322265625,E,766.1705322265625
429,432,745A6286,602,0.28490152955055237,49.43220901489258,24.02065086364746,22401.103515625,E,775.2368774414062
430,439,745A6286,603,0.22507843375205994,49.61640930175781,29.91981315612793,34884.53515625,E,969.6619873046875
431,434,745A6286,604,0.0303959958255291,6.257641315460205,30.114633560180664,4457.13427734375,E,761.4397583007812
432,450,745A6286,605,0.8409801721572876,85.2754898071289,22.765180587768555,34710.1328125,E,783.9169311523438
433,1009,745A6286,606,2.7620160579681396,846.6044921875,35.800079345703125,852193.875,F,423.3035583496094
434,1009,745A6286,607,2.5542659759521484,759.46044921875,35.800079345703125,764474.5,F,379.73211669921875
435,436,745A6286,608,1.30093514919281,350.4726257324219,32.943809509277344,298738.78125,E,1458.2337646484375
435,446,745A6286,609,0.24214474856853485,60.16861343383789,31.63143539428711,47282.203125,E,1282.27099609375
437,440,745A6286,610,0.08163625746965408,17.699283599853516,29.457319259643555,12062.3525390625,E,1020.8029174804688
437,445,745A6286,611,0.14858928322792053,29.325130462646484,22.552095413208008,11713.9580078125,E,1001.599609375
438,439,745A6286,612,0.014157887548208237,3.6656415462493896,32.181461334228516,2981.614013671875,E,946.2503662109375
438,453,745A6286,613,0.18172955513000488,46.57969284057617,22.06418800354004,17809.9375,E,923.8969116210938
439,471,745A6286,614,0.34472936391830444,86.9780502319336,28.94501495361328,57233.08203125,E,928.4628295898438
440,458,745A6286,615,0.2628999352455139,41.21148681640625,25.623775482177734,21251.736328125,E,1009.40283203125
441,444,745A6286,616,0.07417048513889313,13.588924407958984,23.124704360961914,5707.255859375,E,1026.18408203125
441,455,745A6286,617,0.348505437374115,42.28512954711914,23.843494415283203,18880.66796875,E,1036.47607421875
442,457,745A6286,618,0.20939698815345764,42.9140510559082,28.71451187133789,27790.23828125,E,1053.027099609375
442,479,745A6286,619,0.6071941256523132,97.9749755859375,24.117692947387695,44758.60546875,E,1067.630126953125
443,454,745A6286,620,0.5848233103752136,111.19549560546875,27.732290267944336,67165.8515625,E,1172.912841796875
443,456,745A6286,621,0.08685169368982315,31.917129516601562,18.601411819458008,8673.72265625,E,1226.2490234375
444,455,745A6286,622,0.1201830506324768,36.027488708496094,18.75896453857422,9957.2998046875,E,1025.743896484375
444,471,745A6286,623,0.7340812683105469,121.6714096069336,24.703414916992188,58316.62890625,E,961.18505859375
445,448,745A6286,624,0.059538498520851135,6.257641315460205,20.485273361206055,2062.453125,E,986.69873046875
445,462,745A6286,625,0.2024124562740326,39.5089225769043,17.83567237854004,9871.0654296875,E,970.5923461914062
446,456,745A6286,626,0.09439057856798172,23.512208938598633,31.546165466308594,18377.078125,E,1241.62744140625
446,460,745A6286,627,1.200163722038269,164.6617431640625,28.8290958404541,107484.1953125,E,1304.746337890625
447,459,745A6286,628,0.8085134625434875,103.60369873046875,19.87903594970703,32155.537109375,E,823.1975708007812
447,463,745A6286,629,0.20748557150363922,48.54277038574219,30.672000885009766,35867.296875,E,784.3349609375
448,458,745A6286,630,0.09273362159729004,20.920207977294922,20.690258026123047,7033.76220703125,E,988.3206176757812
448,464,745A6286,631,0.12836651504039764,30.843490600585938,15.592659950256348,5889.708984375,E,971.5391235351562
449,454,745A6286,632,0.5030032992362976,72.31549072265625,24.751056671142578,34794.34765625,E,1096.0682373046875
449,491,745A6286,633,1.1166894435882568,159.8461456298828,24.054662704467773,72642.4609375,E,994.2618408203125
450,1009,745A6286,634,2.498311996459961,759.615234375,35.800079345703125,764630.3125,F,379.8059997558594
451,459,745A6286,635,0.050903335213661194,10.99692440032959,29.376001358032227,7453.263671875,E,857.8091430664062
451,461,745A6286,636,0.13748937845230103,35.398563385009766,25.091577529907227,17503.763671875,E,871.778076171875
452,453,745A6286,637,0.01251177303493023,2.5920000076293945,28.786447525024414,1686.9454345703125,E,899.3917236328125
452,461,745A6286,638,0.11593963205814362,22.438568115234375,27.75726890563965,13578.083984375,E,888.0756225585938
453,469,745A6286,639,0.23068520426750183,40.58256530761719,26.65050506591797,22638.115234375,E,891.24072265625
454,473,745A6286,640,0.5331169962882996,74.0180435180664,22.449478149414062,29298.134765625,E,1096.6962890625
455,457,745A6286,641,0.017434796318411827,3.6656415462493896,28.99990463256836,2421.213134765625,E,1032.426513671875
456,472,745A6286,642,0.37475311756134033,81.97825622558594,26.69832992553711,45894.08984375,E,1192.119140625
457,470,745A6286,643,0.15151934325695038,43.17456817626953,27.72747230529785,26069.84375,E,1018.303955078125
458,467,745A6286,644,0.27890312671661377,34.95384979248047,22.977317810058594,14493.84375,E,974.69921875
459,474,745A6286,645,0.3054482042789459,53.726768493652344,27.04151153564453,30856.20703125,E,842.7994384765625
461,466,745A6286,646,0.04946049302816391,19.217641830444336,22.491106033325195,7635.044921875,E,873.1067504882812
462,464,745A6286,647,0.023167002946138382,3.6656415462493896,25.157649993896484,1822.1326904296875,E,956.7570190429688
462,468,745A6286,648,0.34160807728767395,48.987483978271484,24.12384033203125,22390.7109375,E,936.4547119140625
463,1009,745A6286,649,2.479931592941284,761.1129150390625,35.800079345703125,766137.875,F,380.5441589355469
464,465,745A6286,650,0.061178237199783325,9.923283576965332,25.513412475585938,5073.20458984375,E,956.053466796875
465,467,745A6286,651,0.05524275451898575,9.923283576965332,26.773834228515625,5586.8427734375,E,957.6475830078125
465,475,745A6286,652,0.20267543196678162,47.0244140625,20.81441307067871,16000.7958984375,E,932.919677734375
466,469,745A6286,653,0.11441300809383392,26.54892349243164,23.094213485717773,11120.982421875,E,873.4816284179688
466,474,745A6286,654,0.2379055917263031,30.843490600585938,18.6115779876709,8391.1171875,E,852.6695556640625
467,491,745A6286,655,0.9191426634788513,64.09476470947266,16.737361907958984,14102.1865234375,E,940.8200073242188
468,475,745A6286,656,0.12869177758693695,27.17784881591797,22.49110984802246,10797.587890625,E,912.9163208007812
468,480,745A6286,657,0.5306954383850098,110.30606079101562,29.509443283081055,75441.671875,E,866.0338745117188
469,485,745A6286,658,0.10961363464593887,40.76676940917969,28.623809814453125,26233.1875,E,877.7122802734375
470,481,745A6286,659,0.12970861792564392,22.883283615112305,26.65863800048828,12772.7421875,E,997.6519775390625
470,482,745A6286,660,1.7248828411102295,81.16512298583984,16.74492835998535,17874.171875,E,1031.2855224609375
471,478,745A6286,661,0.03801804035902023,12.51528263092041,27.729318618774414,7558.03515625,E,904.7352294921875
472,488,745A6286,662,0.19108234345912933,47.4691276550293,31.533458709716797,37071.85546875,E,1133.24462890625
472,519,745A6286,663,2.8618829250335693,571.9296875,29.024015426635742,378396.875,E,1305.5364990234375
473,487,745A6286,664,0.18510234355926514,28.251487731933594,25.46597671508789,14389.705078125,E,1065.7381591796875
473,500,745A6286,665,2.51900315284729,205.4285125732422,22.395776748657227,80925.03125,E,967.8812255859375
474,501,745A6286,666,0.29958009719848633,66.94728088378906,30.039052963256836,47445.53125,E,820.328369140625
475,510,745A6286,667,0.7837112545967102,166.73272705078125,29.809425354003906,116363.8125,E,831.4515991210938
476,477,745A6286,668,0.10019218921661377,20.291284561157227,28.98465919494629,13388.6201171875,E,798.8925170898438
476,480,745A6286,669,0.16700351238250732,31.73292350769043,27.861459732055664,19346.734375,E,813.018798828125
476,492,745A6286,670,0.04009520262479782,31.104000091552734,16.080564498901367,6316.96875,E,793.8985595703125
477,1009,745A6286,671,2.4758658409118652,791.7870483398438,35.800079345703125,797014.5,F,395.8940734863281
478,485,745A6286,672,0.11459612846374512,25.03056526184082,29.536376953125,17150.4296875,E,889.4873657226562
478,495,745A6286,673,0.1355772763490677,42.28512954711914,26.56545639038086,23437.544921875,E,898.3657836914062
479,482,745A6286,674,0.056346431374549866,7.331283092498779,16.131389617919922,1498.3505859375,E,1054.5078125
479,483,745A6286,675,0.7192389369010925,93.23570251464844,28.019649505615234,57490.69140625,E,1085.773193359375
480,492,745A6286,676,0.3626287579536438,44.87712860107422,20.09839630126953,14237.6318359375,E,800.48828125
481,482,745A6286,677,1.0851354598999023,97.97498321533203,19.38612937927246,28919.267578125,E,1015.5443115234375
481,486,745A6286,678,0.020423468202352524,3.6656415462493896,26.794166564941406,2066.904296875,E,988.1216430664062
484,494,745A6286,679,0.8251855969429016,79.2020492553711,20.462682723999023,26046.625,E,794.5316772460938
484,1009,745A6286,680,2.4220147132873535,775.2853393554688,35.800079345703125,780403.875,F,387.63873291015625
485,489,745A6286,681,0.047209128737449646,11.441641807556152,31.144657135009766,8716.564453125,E,873.5681762695312
486,490,745A6286,682,0.30894899368286133,64.53948211669922,26.340496063232422,35169.26171875,E,963.6405029296875
486,498,745A6286,683,0.19738492369651794,37.10112762451172,27.38371467590332,21850.517578125,E,971.0587158203125
487,488,745A6286,684,0.5681182742118835,58.9107666015625,16.381811141967773,12416.7626953125,E,1095.0921630859375
487,496,745A6286,685,0.08857721090316772,29.140928268432617,27.24818992614746,16992.943359375,E,1068.9913330078125
488,496,745A6286,686,0.23548536002635956,53.282047271728516,30.20113182067871,38169.56640625,E,1086.0836181640625
489,495,745A6286,687,0.15697543323040009,44.248207092285156,28.054588317871094,27352.271484375,E,879.6044921875
489,502,745A6286,688,0.28467947244644165,67.49989318847656,31.08773422241211,51235.51171875,E,836.6671752929688
490,497,745A6286,689,0.2062954157590866,46.395484924316406,23.547557830810547,20204.931640625,E,914.58740234375
490,498,745A6286,690,0.15052732825279236,41.21148681640625,21.230682373046875,14589.3544921875,E,943.2120971679688
491,500,745A6286,691,0.21925824880599976,39.6931266784668,26.956798553466797,22653.83984375,E,902.5032958984375
492,493,745A6286,692,0.04568798840045929,6.257641315460205,26.05552864074707,3336.570556640625,E,780.158447265625
493,1009,745A6286,693,2.463275671005249,777.6691284179688,35.800079345703125,782803.375,F,388.8355712890625
494,1009,745A6286,694,2.495633840560913,785.3032836914062,35.800079345703125,790487.9375,F,392.6371765136719
495,497,745A6286,695,0.031431324779987335,7.331283092498779,30.53477668762207,5368.5791015625,E,892.8162841796875
496,506,745A6286,696,0.3944755494594574,85.01497650146484,29.607608795166016,58531.81640625,E,1026.23388671875
497,505,745A6286,697,0.2146865725517273,43.358768463134766,28.558467864990234,27773.884765625,E,893.537841796875
498,503,745A6286,698,0.10937550663948059,33.25128173828125,24.009035110473633,15053.8544921875,E,944.7525024414062
499,549,745A6286,699,6.51957368850708,182.36102294921875,23.763973236083984,80883.515625,E,1665.7799072265625
500,509,745A6286,700,0.26187729835510254,46.57969284057617,26.698328018188477,26076.8203125,E,862.5892333984375
501,1009,745A6286,701,2.5962982177734375,800.29443359375,35.800079345703125,805578.0625,F,400.14849853515625
502,1009,745A6286,702,2.6186044216156006,803.62451171875,35.800079345703125,808930.125,F,401.81353759765625
503,507,745A6286,703,0.07801201194524765,18.328208923339844,30.602540969848633,13481.0859375,E,927.7506713867188
503,511,745A6286,704,0.8047994375228882,142.03897094726562,26.949481964111328,81021.125,E,986.706298828125
504,508,745A6286,705,0.5581591129302979,152.2227783203125,33.07667922973633,130801.6796875,E,1559.837158203125
505,507,745A6286,706,0.18432490527629852,40.58256149291992,29.636211395263672,27994.62890625,E,907.3697509765625
505,514,745A6286,707,0.2647729516029358,61.686973571777344,28.256526947021484,38683.06640625,E,864.4930419921875
506,512,745A6286,708,0.23354005813598633,70.3524169921875,26.09861183166504,37636.0234375,E,1007.08251953125
506,518,745A6286,709,0.8189812302589417,196.21046447753906,31.205644607543945,150064.640625,E,898.1262817382812
507,521,745A6286,710,0.07564075291156769,46.8402099609375,27.434541702270508,27688.798828125,E,906.1952514648438
508,530,745A6286,711,1.051883578300476,266.1181335449219,32.11233901977539,215530.234375,E,1375.878662109375
508,533,745A6286,712,0.3588768243789673,100.12225341796875,31.27752685546875,76928.15625,E,1496.9619140625
509,513,745A6286,713,0.15164054930210114,33.435489654541016,22.179391860961914,12918.046875,E,827.002197265625
509,518,745A6286,714,0.12252822518348694,41.21148681640625,19.528432846069336,12343.6318359375,E,828.9884033203125
510,1009,745A6286,715,2.4523119926452637,753.3851928710938,35.800079345703125,758359.125,F,376.6939697265625
512,516,745A6286,716,0.12062118202447891,23.956924438476562,28.28272819519043,15050.9375,E,1028.392333984375
512,519,745A6286,717,1.0673151016235352,245.27426147460938,30.802488327026367,182773.59375,E,1129.3876953125
513,520,745A6286,718,0.1752048134803772,29.769847869873047,26.123294830322266,15955.9384765625,E,810.1002197265625
513,523,745A6286,719,0.31915271282196045,53.726768493652344,22.926883697509766,22180.462890625,E,787.4210205078125
514,1009,745A6286,720,2.7753210067749023,834.7568359375,35.800079345703125,840268.0,F,417.37994384765625
515,542,745A6286,721,0.5187951922416687,134.6314239501953,32.370567321777344,110799.28125,E,1733.0220947265625
516,543,745A6286,722,0.5910212397575378,137.2234344482422,27.39823341369629,80902.7578125,E,964.712890625
516,552,745A6286,723,0.610569417476654,138.4812774658203,28.50748062133789,88389.078125,E,1050.9412841796875
517,524,745A6286,724,0.3116437792778015,27.17784881591797,19.646343231201172,8238.8837890625,E,752.1998291015625
517,1009,745A6286,725,2.4545130729675293,747.5977172851562,35.800079345703125,752533.4375,F,373.80035400390625
518,520,745A6286,726,0.018985554575920105,3.6656415462493896,27.790307998657227,2223.446044921875,E,812.8825073242188
519,522,745A6286,727,0.030256183817982674,6.257641315460205,28.77289390563965,4068.81201171875,E,1228.75537109375
520,523,745A6286,728,0.3422462046146393,59.35548782348633,23.741165161132812,26275.732421875,E,784.5838012695312
521,525,745A6286,729,0.14014190435409546,36.472206115722656,32.42384719848633,30114.87109375,E,874.249755859375
521,526,745A6286,730,0.09878663718700409,23.512208938598633,30.91595458984375,17650.16015625,E,894.8944091796875
522,530,745A6286,731,0.1287221759557724,41.84041213989258,19.389175415039062,12353.9130859375,E,1239.53271484375
522,535,745A6286,732,0.15933606028556824,43.61928176879883,25.543907165527344,22353.373046875,E,1217.43505859375
523,524,745A6286,733,0.04428324103355408,8.849641799926758,28.278213500976562,5558.0126953125,E,759.1705932617188
524,527,745A6286,734,0.04869730770587921,9.923283576965332,28.547578811645508,6351.6103515625,E,751.7987060546875
525,1009,745A6286,735,2.8759853839874268,857.7640380859375,35.800079345703125,863427.0625,F,428.8815002441406
526,529,745A6286,736,0.06212099269032478,14.662566184997559,30.709609985351562,10860.4658203125,E,899.6429443359375
526,531,745A6286,737,0.07979971170425415,25.659488677978516,30.81938934326172,19141.939453125,E,885.1952514648438
527,528,745A6286,738,0.043635591864585876,8.849641799926758,29.63011932373047,6102.14306640625,E,742.9894409179688
527,534,745A6286,739,0.5899214148521423,29.14092445373535,13.228638648986816,4005.193603515625,E,743.968505859375
528,1009,745A6286,740,2.4452738761901855,739.0427856445312,35.800079345703125,743922.0,F,369.5229797363281
529,532,745A6286,741,0.08058153092861176,27.6225643157959,30.273401260375977,19882.744140625,E,888.7682495117188
529,545,745A6286,742,0.17992444336414337,45.95077133178711,32.07574462890625,37130.9609375,E,903.1865234375
530,541,745A6286,743,0.11077526211738586,39.6931266784668,29.289600372314453,26744.3515625,E,1233.352783203125
531,1009,745A6286,744,2.938164472579956,872.9539184570312,35.800079345703125,878717.25,F,436.4787292480469
532,1009,745A6286,745,2.9509925842285156,876.3758544921875,35.800079345703125,882161.8125,F,438.18975830078125
534,536,745A6286,746,0.23926030099391937,6.257641315460205,17.408754348754883,1489.4842529296875,E,736.2427978515625
534,537,745A6286,747,0.14538057148456573,7.331283092498779,10.042730331420898,580.7289428710938,E,740.1975708007812
535,541,745A6286,748,0.05620997026562691,14.662566184997559,32.262779235839844,11986.8046875,E,1213.109130859375
535,552,745A6286,749,0.8946764469146729,144.18626403808594,29.427230834960938,98064.6640625,E,1143.59375
536,1009,745A6286,750,2.444124221801758,733.5863647460938,35.800079345703125,738429.5625,F,366.7095031738281
537,539,745A6286,751,0.18880318105220795,14.033641815185547,12.771953582763672,1797.93896484375,E,746.1428833007812
537,540,745A6286,752,0.38575518131256104,9.923283576965332,15.80611801147461,1947.133544921875,E,736.0383911132812
538,539,745A6286,753,0.36919310688972473,20.291284561157227,14.817599296569824,3499.090087890625,E,759.612060546875
538,544,745A6286,754,0.6414761543273926,109.67713928222656,27.36440086364746,64502.6953125,E,811.133544921875
538,546,745A6286,755,0.19068643450737,18.144001007080078,10.456094741821289,1557.9803466796875,E,761.978515625
539,547,745A6286,756,0.31554046273231506,18.144001007080078,11.677213668823242,1943.1279296875,E,746.231201171875
540,1009,745A6286,757,2.4421615600585938,731.7064819335938,35.800079345703125,736537.3125,F,365.85504150390625
541,571,745A6286,758,1.089134693145752,284.00164794921875,32.29499816894531,232638.328125,E,1132.084716796875
542,549,745A6286,759,0.1700575351715088,58.9107666015625,31.83992576599121,46906.02734375,E,1648.826171875
542,551,745A6286,760,0.438755601644516,111.8244400024414,32.03203582763672,90114.703125,E,1722.0054931640625
543,544,745A6286,761,0.27232009172439575,59.80020523071289,29.77704429626465,41644.31640625,E,877.1116943359375
543,553,745A6286,762,0.97503262758255,198.35775756835938,29.170124053955078,132560.953125,E,971.231201171875
544,560,745A6286,763,1.2111694812774658,209.01785278320312,26.639814376831055,116502.6015625,E,886.0377197265625
545,1009,745A6286,764,3.0307390689849854,897.7492065429688,35.800079345703125,903676.25,F,448.8765563964844
546,547,745A6286,765,0.17914485931396484,20.291284561157227,21.2544002532959,7199.41357421875,E,748.6694946289062
546,558,745A6286,766,3.0570950508117676,175.21395874023438,18.416309356689453,46672.79296875,E,806.445068359375
547,548,745A6286,767,0.12392910569906235,14.033641815185547,22.887529373168945,5773.75146484375,E,735.0018310546875
548,1009,745A6286,768,2.44297456741333,729.15869140625,35.800079345703125,733972.6875,F,364.58123779296875
549,564,745A6286,769,1.2387651205062866,331.5786437988281,32.90574264526367,281980.96875,E,1478.3638916015625
550,556,745A6286,770,0.8493961095809937,215.4281005859375,32.04484558105469,173743.5,E,1064.010498046875
552,553,745A6286,771,0.14581282436847687,34.509132385253906,30.76579475402832,25654.30078125,E,1060.277587890625
553,560,745A6286,772,0.6459609866142273,142.1469268798828,29.7934627532959,99099.015625,E,985.0867919921875
554,555,745A6286,773,0.2885109782218933,7.776000022888184,15.531671524047852,1473.2705078125,E,725.67431640625
555,1009,745A6286,774,2.4345483779907227,722.1825561523438,35.800079345703125,726950.5,F,361.0916748046875
556,1009,745A6286,775,3.244321346282959,963.1119995117188,35.800079345703125,969470.5625,F,481.55780029296875
557,559,745A6286,776,0.10552242398262024,23.512208938598633,30.1993408203125,16841.40234375,E,730.0758056640625
559,1009,745A6286,777,2.432249069213867,720.058349609375,35.800079345703125,724812.25,F,360.02960205078125
560,562,745A6286,778,0.2238660752773285,53.282047271728516,31.00594139099121,40230.984375,E,903.6542358398438
561,565,745A6286,779,1.751591444015503,122.82135009765625,22.676631927490234,49604.47265625,E,797.8903198242188
562,571,745A6286,780,0.8806049823760986,213.64923095703125,30.351205825805664,154576.359375,E,971.0280151367188
562,577,745A6286,781,0.5966432690620422,146.88621520996094,31.401086807250977,113752.328125,E,824.2637939453125
563,565,745A6286,782,0.18369771540164948,28.69620704650879,26.31439208984375,15606.3388671875,E,733.6801147460938
563,1009,745A6286,783,2.420710325241089,722.4662475585938,35.800079345703125,727236.0625,F,361.23541259765625
564,570,745A6286,784,0.31326818466186523,91.08841705322266,31.193601608276367,69611.9921875,E,1300.7235107421875
564,572,745A6286,785,0.8385626077651978,229.46173095703125,33.15422439575195,198097.0,E,1440.88037109375
565,566,745A6286,786,0.09890666604042053,22.438568115234375,30.5754337310791,16475.18359375,E,734.6778564453125
566,1009,745A6286,787,2.418172836303711,724.8754272460938,35.800079345703125,729661.125,F,362.43896484375
567,569,745A6286,788,0.3599843978881836,98.68020629882812,33.14353561401367,85136.8515625,E,1049.5933837890625
568,610,745A6286,789,1.3224961757659912,315.9950866699219,31.191720962524414,241462.0625,E,1173.31591796875
569,1009,745A6286,790,3.297976493835449,1003.1006469726562,35.800079345703125,1009723.25,F,501.5521240234375
570,573,745A6286,791,0.2369406521320343,39.248409271240234,21.917646408081055,14808.1142578125,E,1273.9588623046875
570,581,745A6286,792,1.1183087825775146,237.23773193359375,30.301599502563477,171082.171875,E,1152.450927734375
571,580,745A6286,793,0.17797578871250153,49.43220901489258,28.56282615661621,31673.951171875,E,1047.007568359375
572,583,745A6286,794,0.6992637515068054,181.7321014404297,32.45164489746094,150312.453125,E,1617.2864990234375
572,596,745A6286,795,1.5046738386154175,318.95550537109375,29.852519989013672,223245.125,E,1591.7373046875
573,576,745A6286,796,0.2879398763179779,50.5058479309082,21.540708541870117,18405.666015625,E,1307.3447265625
573,579,745A6286,797,0.08032193779945374,27.6225643157959,17.767906188964844,6848.9873046875,E,1282.813720703125
574,577,745A6286,798,0.14249013364315033,35.398563385009766,25.53120231628418,18122.49609375,E,747.8263549804688
574,1009,745A6286,799,2.411134719848633,732.9312744140625,35.800079345703125,737770.1875,F,366.4679260253906
575,578,745A6286,800,0.32378023862838745,11.441641807556152,15.336507797241211,2113.640869140625,E,983.2877807617188
575,1009,745A6286,801,3.1776840686798096,978.3692626953125,35.800079345703125,984828.5625,F,489.1863098144531
576,579,745A6286,802,0.3475742042064667,52.20840835571289,24.798295974731445,25215.875,E,1299.8824462890625
576,596,745A6286,803,1.2190505266189575,276.1493225097656,30.95530891418457,207828.03125,E,1428.0921630859375
577,582,745A6286,804,0.15263625979423523,33.435489654541016,30.189176559448242,23933.162109375,E,751.7582397460938
579,585,745A6286,805,0.4677962362766266,113.5270004272461,28.994524002075195,74958.5234375,E,1229.4814453125
580,581,745A6286,806,0.02917734906077385,7.331283092498779,31.6732234954834,5776.36181640625,E,1041.228759765625
580,584,745A6286,807,0.35165148973464966,86.9780502319336,28.875083923339844,56956.86328125,E,1000.436767578125
581,587,745A6286,808,0.75559002161026,70.98133087158203,17.106523513793945,16313.890625,E,1068.25732421875
582,1009,745A6286,809,2.399932384490967,738.5062255859375,35.800079345703125,743381.9375,F,369.2552490234375
583,586,745A6286,810,0.546645998954773,137.92861938476562,31.83331871032715,109776.1796875,E,1755.3125
583,591,745A6286,811,0.4528200924396515,112.82176971435547,29.55015754699707,77375.3046875,E,1726.889892578125
584,589,745A6286,812,0.5051435232162476,116.11898803710938,28.732234954833984,75289.0703125,E,1013.1981811523438
584,590,745A6286,813,0.8727909326553345,220.87261962890625,31.878808975219727,176293.359375,E,860.6614990234375
585,588,745A6286,814,0.1687270998954773,44.24820327758789,32.3606071472168,36393.08203125,E,1161.54052734375
585,597,745A6286,815,1.437530517578125,346.83856201171875,31.614669799804688,272266.71875,E,1330.1470947265625
587,588,745A6286,816,0.21450012922286987,53.09783935546875,26.48453140258789,29251.71484375,E,1118.5460205078125
587,589,745A6286,817,0.32172584533691406,41.84041213989258,17.582399368286133,10158.7939453125,E,1079.2490234375
588,605,745A6286,818,1.4261810779571533,289.5540466308594,29.224855422973633,194233.5625,E,1253.495849609375
589,595,745A6286,819,0.5012131929397583,113.2664794921875,30.233224868774414,81313.046875,E,1105.5977783203125
590,1009,745A6286,820,2.3990213871002197,757.40087890625,35.800079345703125,762401.3125,F,378.7020263671875
592,593,745A6286,821,0.534543514251709,26.10420799255371,15.913411140441895,5191.90771484375,E,931.8335571289062
592,1009,745A6286,822,2.902777671813965,927.9505004882812,35.800079345703125,934076.9375,F,463.9761047363281
594,613,745A6286,823,0.3793133497238159,107.45355224609375,30.958189010620117,80883.8359375,E,1441.4786376953125
595,599,745A6286,824,0.13738936185836792,36.47220993041992,26.33336639404297,19863.908203125,E,1141.3731689453125
595,600,745A6286,825,0.24811704456806183,54.80040740966797,29.96329116821289,38641.38671875,E,1169.9371337890625
596,597,745A6286,826,0.22885233163833618,58.2818489074707,27.933879852294922,35717.8828125,E,1506.465576171875
597,604,745A6286,827,0.1847132295370102,43.803489685058594,25.46665382385254,22312.19921875,E,1490.639404296875
598,602,745A6286,828,0.19008660316467285,47.913848876953125,31.851408004760742,38177.5625,E,930.3906860351562
598,1009,745A6286,829,2.909815788269043,911.4188232421875,35.800079345703125,917436.125,F,455.71112060546875
599,601,745A6286,830,1.772972583770752,365.13519287109375,29.83811378479004,255320.875,E,964.1829833984375
599,603,745A6286,831,0.0883316621184349,20.920207977294922,24.74496078491211,10060.728515625,E,1143.5889892578125
600,603,745A6286,832,0.13190746307373047,41.65620803833008,20.34567642211914,13542.9697265625,E,1168.3656005859375
600,609,745A6286,833,0.28107643127441406,72.68389129638672,32.13063049316406,58934.0859375,E,1214.777587890625
601,1009,745A6286,834,2.5477466583251953,793.0037231445312,35.800079345703125,798239.25,F,396.50384521484375
603,622,745A6286,835,0.3766792118549347,85.2754898071289,30.1209774017334,60764.8203125,E,1162.3612060546875
604,606,745A6286,836,1.9244146347045898,136.85498046875,16.23381996154785,28326.435546875,E,1439.8267822265625
604,617,745A6286,837,2.4273762702941895,128.63427734375,20.50775718688965,42489.62890625,E,1488.2147216796875
605,606,745A6286,838,0.06614565849304199,19.217641830444336,27.98004722595215,11816.4462890625,E,1370.8001708984375
605,608,745A6286,839,0.6153869032859802,133.81825256347656,27.429452896118164,79075.0546875,E,1303.943603515625
606,615,745A6286,840,0.12518516182899475,29.769847869873047,30.589664459228516,21878.419921875,E,1387.89794921875
607,618,745A6286,841,0.4518963098526001,124.78441619873047,33.2724723815918,108497.65625,E,1597.795166015625
608,609,745A6286,842,0.009954464621841908,2.5920000076293945,32.27294158935547,2120.32275390625,E,1244.816650390625
608,637,745A6286,843,0.8543477058410645,198.91036987304688,30.824636459350586,148437.359375,E,1310.259765625
609,626,745A6286,844,0.5138267278671265,108.52719116210938,26.246829986572266,58719.46875,E,1222.650634765625
610,613,745A6286,845,1.2026410102844238,308.555908203125,32.128387451171875,250150.625,E,1274.673095703125
610,621,745A6286,846,0.22657862305641174,66.24205017089844,30.18798065185547,47412.37890625,E,1104.6334228515625
611,614,745A6286,847,0.7753700017929077,91.0884017944336,20.14644432067871,29036.869140625,E,940.3784790039062
611,616,745A6286,848,0.14768223464488983,26.54892349243164,26.830759048461914,15010.76171875,E,959.7755126953125
611,619,745A6286,849,1.4166228771209717,140.7811279296875,25.754240036010742,73338.4609375,E,1037.274658203125
612,614,745A6286,850,0.8025494813919067,112.71385192871094,23.954822540283203,50798.75390625,E,869.5917358398438
612,1009,745A6286,851,2.668039083480835,816.3483276367188,35.800079345703125,821737.9375,F,408.17559814453125
613,618,745A6286,852,0.4919227659702301,127.19219970703125,32.22508239746094,103738.1328125,E,1481.1025390625
614,616,745A6286,853,0.26414981484413147,29.14092445373535,21.068662643432617,10159.3779296875,E,935.7171020507812
615,617,745A6286,854,0.18475425243377686,44.69292068481445,18.906352996826172,12547.123046875,E,1420.2086181640625
615,630,745A6286,855,0.8647238612174988,132.03941345214844,25.8038330078125,69049.7109375,E,1434.065185546875
617,631,745A6286,856,0.9897490739822388,155.29107666015625,27.68114471435547,93455.421875,E,1497.5914306640625
618,625,745A6286,857,0.26998400688171387,83.05189514160156,31.777774810791016,65869.8125,E,1564.7950439453125
620,623,745A6286,858,0.3316337764263153,84.64656066894531,32.031532287597656,68211.03125,E,928.486572265625
620,1009,745A6286,859,2.9233171939849854,889.7660522460938,35.800079345703125,895640.375,F,444.8849792480469
621,623,745A6286,860,0.5134563446044922,126.30277252197266,31.432361602783203,98006.9296875,E,1024.8955078125
621,627,745A6286,861,0.39242324233055115,99.23284149169922,29.727624893188477,68875.65625,E,1122.379150390625
623,650,745A6286,862,0.8626232147216797,200.61294555664062,29.407583236694336,136259.734375,E,1040.552978515625
624,628,745A6286,863,0.8524526357650757,219.1700439453125,32.10240173339844,177396.953125,E,953.2801513671875
624,1009,745A6286,864,2.8212647438049316,849.9625854492188,35.800079345703125,855574.125,F,424.9833679199219
626,628,745A6286,865,0.7163933515548706,162.14605712890625,30.12646484375,115582.6484375,E,1132.0736083984375
626,632,745A6286,866,0.49339139461517334,107.45355987548828,29.608917236328125,73987.0546875,E,1251.8759765625
627,642,745A6286,867,32.22539520263672,441.4847717285156,28.11423110961914,274067.8125,E,1367.5623779296875
627,653,745A6286,868,0.5522741079330444,130.7815704345703,30.88361167907715,97969.8828125,E,1189.5411376953125
628,634,745A6286,869,0.13900229334831238,43.17456817626953,21.742307662963867,16029.8388671875,E,1063.137451171875
629,641,745A6286,870,0.44500109553337097,85.19918060302734,28.006895065307617,52487.421875,E,909.7984619140625
629,1009,745A6286,871,2.929542303085327,877.6168823242188,35.800079345703125,883411.0,F,438.8105163574219
632,637,745A6286,872,0.6656064987182617,80.72040557861328,20.9634952545166,27861.251953125,E,1334.590087890625
632,646,745A6286,873,0.3664686381816864,45.32184600830078,15.720444679260254,8796.8486328125,E,1293.5218505859375
633,635,745A6286,874,1.5904262065887451,82.23876190185547,13.332221984863281,11480.7822265625,E,1127.4552001953125
633,646,745A6286,875,0.8365488648414612,139.00225830078125,26.06018829345703,74142.4296875,E,1225.3924560546875
633,647,745A6286,876,0.3291971981525421,55.874046325683594,23.42104721069336,24072.025390625,E,1155.7357177734375
634,635,745A6286,877,0.1757185161113739,29.14092254638672,25.842378616333008,15284.7431640625,E,1080.296630859375
634,636,745A6286,878,0.359470933675766,68.20513153076172,27.701370239257812,41106.3984375,E,1040.667236328125
635,647,745A6286,879,0.33363407850265503,55.4293327331543,27.02496337890625,31795.068359375,E,1117.821044921875
636,644,745A6286,880,0.12512162327766418,26.10420799255371,28.80677604675293,17013.34375,E,1009.2595825195312
636,645,745A6286,881,0.4951111972332001,64.09477233886719,17.52239227294922,15456.078125,E,989.182861328125
637,643,745A6286,882,0.07584536820650101,19.84656524658203,32.3411865234375,16303.736328125,E,1377.666015625
638,640,745A6286,883,0.122079998254776,23.956924438476562,28.48602294921875,15268.0849609375,E,911.8084106445312
638,1009,745A6286,884,3.028916597366333,901.2149658203125,35.800079345703125,907164.875,F,450.6094055175781
639,655,745A6286,885,0.3925211727619171,64.72368621826172,26.07876205444336,34572.203125,E,897.647216796875
639,1009,745A6286,886,2.935192108154297,872.2455444335938,35.800079345703125,878004.1875,F,436.124755859375
640,648,745A6286,887,0.15588246285915375,19.846567153930664,22.39081573486328,7814.75048828125,E,920.6603393554688
640,649,745A6286,888,0.2296050488948822,42.28512954711914,27.276264190673828,24708.552734375,E,941.6988525390625
641,652,745A6286,889,0.9605792760848999,167.06954956054688,25.80185890197754,87355.2734375,E,1019.963134765625
641,671,745A6286,890,0.7614027857780457,149.10975646972656,28.261615753173828,93538.3984375,E,980.90966796875
643,656,745A6286,891,0.2784743905067444,69.01825714111328,31.808753967285156,54846.27734375,E,1363.646240234375
643,661,745A6286,892,0.23398718237876892,72.49969482421875,31.488121032714844,56457.23046875,E,1405.196044921875
644,645,745A6286,893,0.14854152500629425,25.475284576416016,26.31032371520996,13850.3681640625,E,991.8264770507812
645,649,745A6286,894,0.15783953666687012,28.69620704650879,27.25564193725586,16742.765625,E,971.3295288085938
646,657,745A6286,895,0.2320481538772583,49.43220901489258,29.394073486328125,33544.35546875,E,1288.29248046875
647,662,745A6286,896,0.1890295296907425,67.13148498535156,31.907609939575195,53679.03515625,E,1140.611572265625
648,1009,745A6286,897,3.0914320945739746,918.0584716796875,35.800079345703125,924119.625,F,459.03106689453125
649,654,745A6286,898,0.02599553018808365,24.401639938354492,28.14267921447754,15178.8818359375,E,964.2149658203125
650,652,745A6286,899,0.03749284893274307,21.364927291870117,25.75736427307129,11132.537109375,E,1103.551025390625
650,668,745A6286,900,0.35711273550987244,102.2695541381836,31.090930938720703,77643.25,E,1145.4095458984375
651,654,745A6286,901,0.26094135642051697,49.43220901489258,27.811765670776367,30030.119140625,E,945.4285888671875
651,1009,745A6286,902,3.1101489067077637,922.2021484375,35.800079345703125,928290.625,F,461.0991516113281
652,671,745A6286,903,0.7503107786178589,141.07327270507812,26.569990158081055,78219.9296875,E,1065.9617919921875
653,658,745A6286,904,0.5412248969078064,42.72984313964844,19.821178436279297,13184.9990234375,E,1244.399169921875
653,660,745A6286,905,0.11483504623174667,25.03056526184082,29.595109939575195,17218.703125,E,1229.1055908203125
654,662,745A6286,906,0.7680144906044006,192.98953247070312,32.410762786865234,159221.65625,E,1055.896484375
656,657,745A6286,907,0.3040662109851837,68.64984893798828,30.486797332763672,50113.30859375,E,1318.205078125
656,669,745A6286,908,0.33901116251945496,77.05477142333984,25.078868865966797,38063.19921875,E,1354.302734375
657,663,745A6286,909,0.21279509365558624,62.131690979003906,24.99224090576172,30479.89453125,E,1267.5794677734375
658,660,745A6286,910,0.7676634788513184,25.659488677978516,16.738731384277344,5646.54736328125,E,1243.180908203125
659,664,745A6286,911,0.21030928194522858,49.17169189453125,30.918325424194336,36917.8984375,E,917.27685546875
659,1009,745A6286,912,3.0270519256591797,896.2474975585938,35.800079345703125,902164.625,F,448.1256408691406
661,666,745A6286,913,0.252423495054245,62.131690979003906,31.432321548461914,48212.08984375,E,1452.07275390625
661,667,745A6286,914,0.26726052165031433,59.53969192504883,26.826692581176758,33653.5390625,E,1413.9803466796875
662,663,745A6286,915,0.42532965540885925,118.97149658203125,33.479305267333984,104733.515625,E,1196.8118896484375
663,669,745A6286,916,0.42810043692588806,109.8613510131836,32.261714935302734,89806.8984375,E,1303.0386962890625
664,670,745A6286,917,0.23610280454158783,55.874053955078125,30.978633880615234,42113.81640625,E,962.2173461914062
664,672,745A6286,918,0.25048303604125977,42.100929260253906,21.920652389526367,15888.705078125,E,942.1712646484375
665,672,745A6286,919,0.5589805245399475,103.60371398925781,29.062028884887695,68725.359375,E,900.0191650390625
665,1009,745A6286,920,2.878424644470215,853.287841796875,35.800079345703125,858921.3125,F,426.6460266113281
666,667,745A6286,921,0.321840763092041,74.90748596191406,24.470630645751953,35229.4140625,E,1441.3480224609375
666,682,745A6286,922,0.29467684030532837,80.01517486572266,32.959903717041016,68270.65625,E,1503.113525390625
667,673,745A6286,923,0.10321708768606186,40.76676940917969,29.59454345703125,28042.67578125,E,1396.0838623046875
668,684,745A6286,924,0.5579651594161987,135.07614135742188,31.44867515563965,104923.6171875,E,1241.98291015625
668,702,745A6286,925,0.6512013673782349,159.998779296875,31.631877899169922,125735.0859375,E,1200.45458984375
669,673,745A6286,926,0.12190775573253632,34.95384979248047,33.87557601928711,31503.462890625,E,1369.5238037109375
670,674,745A6286,927,0.2511942386627197,44.87712860107422,27.394561767578125,26451.095703125,E,1005.592041015625
670,678,745A6286,928,0.5052318572998047,53.09783935546875,19.227266311645508,15417.0693359375,E,998.6862182617188
671,677,745A6286,929,0.09128639101982117,23.956926345825195,32.34861373901367,19689.39453125,E,1031.5413818359375
672,675,745A6286,930,0.06142856925725937,6.257641315460205,20.173553466796875,2000.1627197265625,E,950.027587890625
673,704,745A6286,931,0.6664369106292725,186.8397979736328,33.527679443359375,164955.3125,E,1453.901611328125
674,678,745A6286,932,0.1080247163772583,30.843490600585938,15.579106330871582,5879.47412109375,E,1023.590576171875
674,705,745A6286,933,1.2805283069610596,357.75921630859375,33.49032211303711,315151.5,E,1188.8587646484375
675,680,745A6286,934,0.33699554204940796,34.95384979248047,17.713695526123047,8613.9677734375,E,946.2489013671875
675,683,745A6286,935,0.3150936961174011,37.54584884643555,22.28260040283203,14641.431640625,E,966.7543334960938
676,686,745A6286,936,0.1494789719581604,40.137847900390625,32.89589309692383,34113.58203125,E,822.748291015625
676,1009,745A6286,937,2.7284095287323,815.7225952148438,35.800079345703125,821108.0625,F,407.8630065917969
677,687,745A6286,938,0.21396619081497192,51.134769439697266,26.294403076171875,27767.248046875,E,1051.917236328125
677,698,745A6286,939,0.6290743350982666,160.91981506347656,30.399864196777344,116799.9609375,E,1003.8238525390625
678,727,745A6286,940,1.0409168004989624,260.7815246582031,31.97373390197754,209388.78125,E,1129.3212890625
679,696,745A6286,941,0.3686417043209076,103.78789520263672,30.70644760131836,76859.1796875,E,926.2644653320312
679,1009,745A6286,942,2.955493211746216,880.6470336914062,35.800079345703125,886461.1875,F,440.32513427734375
680,683,745A6286,943,0.1776180863380432,30.659282684326172,10.869460105895996,2844.9052734375,E,961.3754272460938
680,694,745A6286,944,0.47002843022346497,88.23589324951172,24.765844345092773,42505.140625,E,943.7368774414062
681,686,745A6286,945,0.09636148810386658,27.17784881591797,27.188556671142578,15778.9189453125,E,812.6504516601562
681,1009,745A6286,946,2.654789924621582,798.7819213867188,35.800079345703125,804055.5625,F,399.3924865722656
682,688,745A6286,947,0.24599212408065796,56.94769287109375,30.678213119506836,42094.578125,E,1560.011474609375
682,704,745A6286,948,0.5983219742774963,144.37045288085938,28.741621017456055,93667.8828125,E,1530.9691162109375
683,685,745A6286,949,0.04480069875717163,7.331283092498779,25.5676212310791,3764.008056640625,E,978.3525390625
685,699,745A6286,950,1.8162789344787598,89.12533569335938,13.692341804504395,13123.4052734375,E,984.8914794921875
685,706,745A6286,951,0.7783540487289429,132.92884826660156,24.729944229125977,63849.1875,E,1031.3026123046875
686,690,745A6286,952,0.17453362047672272,43.803489685058594,31.784358978271484,34755.65625,E,830.7228393554688
688,692,745A6286,953,0.19576260447502136,42.72984313964844,29.820537567138672,29843.6640625,E,1600.319091796875
688,697,745A6286,954,0.18531030416488647,46.39548873901367,26.256359100341797,25120.869140625,E,1587.5281982421875
689,690,745A6286,955,0.272748738527298,79.46256256103516,30.1679630279541,56799.48828125,E,803.7601318359375
689,1009,745A6286,956,2.504775047302246,771.1537475585938,35.800079345703125,776245.0,F,385.5781555175781
690,694,745A6286,957,0.4429468810558319,125.2291259765625,33.668601989746094,111492.4296875,E,888.7056884765625
691,728,745A6286,958,0.7388818860054016,191.7632598876953,32.32061004638672,157331.03125,E,851.4296875
691,1009,745A6286,959,2.474379539489746,765.969970703125,35.800079345703125,771027.0,F,382.9862976074219
692,697,745A6286,960,0.06134255975484848,36.656410217285156,15.460517883300781,6881.576171875,E,1609.863525390625
692,700,745A6286,961,0.5044362545013428,131.6709747314453,32.297691345214844,107875.5234375,E,1678.8104248046875
693,714,745A6286,962,0.8538506031036377,227.86708068847656,32.664146423339844,190947.53125,E,1335.099853515625
694,699,745A6286,963,0.23798108100891113,59.35548782348633,31.699357986450195,46843.75390625,E,967.73828125
695,696,745A6286,964,0.3437207043170929,81.60984802246094,30.92103385925293,61283.0625,E,931.9290161132812
695,1009,745A6286,965,2.967031955718994,897.2252197265625,35.800079345703125,903148.8125,F,448.5809020996094
696,698,745A6286,966,0.07645002007484436,20.291284561157227,32.608375549316406,16945.630859375,E,972.5887451171875
697,709,745A6286,967,0.24755656719207764,54.616207122802734,29.718547821044922,37884.9375,E,1618.714599609375
698,718,745A6286,968,1.032318353652954,276.9308776855469,32.776145935058594,233656.046875,E,1108.67724609375
699,701,745A6286,969,0.03919985145330429,10.99692440032959,33.46220779418945,9670.9765625,E,998.89453125
701,706,745A6286,970,0.3290691375732422,63.65005111694336,25.76371955871582,33182.2421875,E,1032.662841796875
701,736,745A6286,971,0.7144832015037537,132.1156768798828,27.58787727355957,78973.390625,E,1024.88720703125
703,733,745A6286,972,0.5560765862464905,156.62522888183594,33.59788131713867,138859.4375,E,810.4138793945312
703,1009,745A6286,973,2.352222442626953,742.8013305664062,35.800079345703125,747705.375,F,371.3389892578125
704,707,745A6286,974,0.01849083974957466,5.184000015258789,33.482540130615234,4564.4833984375,E,1518.59033203125
705,715,745A6286,975,0.3028685450553894,77.68368530273438,32.074337005615234,62767.53515625,E,1391.9801025390625
705,734,745A6286,976,0.3667106330394745,88.05169677734375,28.091995239257812,54574.8828125,E,1372.76025390625
706,708,745A6286,977,0.03819907084107399,9.923283576965332,32.227203369140625,8094.50927734375,E,1067.5819091796875
707,713,745A6286,978,0.22432994842529297,39.6931266784668,23.58974266052246,17348.0859375,E,1536.7955322265625
707,719,745A6286,979,0.17499442398548126,45.32184600830078,32.248802185058594,37018.99609375,E,1518.62744140625
708,710,745A6286,980,0.041061416268348694,10.99692440032959,32.71510696411133,9243.955078125,E,1077.1767578125
708,742,745A6286,981,0.7008384466171265,112.00862884521484,22.524261474609375,44631.6015625,E,1072.8026123046875
709,711,745A6286,982,0.2880024313926697,53.54256820678711,24.35336685180664,24940.61328125,E,1609.336181640625
709,725,745A6286,983,0.16642187535762787,53.09783935546875,29.16801643371582,35479.74609375,E,1646.7625732421875
710,716,745A6286,984,0.21802859008312225,44.24820327758789,29.20192527770996,29635.2421875,E,1101.2720947265625
710,720,745A6286,985,0.12625540792942047,33.88020324707031,26.573083877563477,18789.697265625,E,1090.8526611328125
711,713,745A6286,986,0.16901107132434845,40.58256530761719,18.848752975463867,11323.86328125,E,1571.0704345703125
711,721,745A6286,987,0.23541268706321716,30.659282684326172,18.886022567749023,8588.8076171875,E,1589.592041015625
712,717,745A6286,988,0.048927634954452515,11.441641807556152,31.238174438476562,8768.9892578125,E,737.7493896484375
712,1009,745A6286,989,2.38228178024292,732.7112426757812,35.800079345703125,737548.6875,F,366.3533935546875
713,723,745A6286,990,0.15996979176998138,25.920000076293945,19.194353103637695,7500.18212890625,E,1561.01806640625
714,718,745A6286,991,0.22135168313980103,48.987483978271484,24.112375259399414,22369.43359375,E,1244.7020263671875
714,729,745A6286,992,0.08908814191818237,36.472206115722656,16.900516510009766,8181.857421875,E,1265.07373046875
715,719,745A6286,993,0.364657998085022,102.97476196289062,30.90005111694336,77221.6484375,E,1473.0042724609375
715,761,745A6286,994,0.7777208089828491,147.59140014648438,27.04899024963379,84811.1640625,E,1483.5263671875
716,720,745A6286,995,0.10072404891252518,33.88020706176758,15.992469787597656,6805.609375,E,1113.374755859375
716,741,745A6286,996,0.8370927572250366,137.8523406982422,27.129364013671875,79686.2265625,E,1186.6710205078125
717,730,745A6286,997,0.07643946260213852,45.50605392456055,27.9326114654541,27885.736328125,E,746.8555297851562
717,762,745A6286,998,0.6499931812286377,177.284912109375,33.05289077758789,152117.96875,E,824.9918823242188
718,729,745A6286,999,0.171250581741333,37.54584884643555,29.776334762573242,26145.33984375,E,1249.4927978515625
719,724,745A6286,1000,0.05592327192425728,14.662566184997559,32.36035919189453,12059.423828125,E,1526.796875
720,747,745A6286,1001,0.4501475393772125,74.01805114746094,22.839563369750977,30325.16015625,E,1130.923583984375
721,726,745A6286,1002,0.12193658202886581,25.03056526184082,28.87454605102539,16390.44921875,E,1586.6688232421875
721,732,745A6286,1003,0.31637272238731384,56.76348876953125,27.219051361083984,33029.72265625,E,1620.28173828125
722,730,745A6286,1004,0.07192140072584152,18.328208923339844,32.24922561645508,14970.9208984375,E,740.1632080078125
722,1009,745A6286,1005,2.417654275894165,731.1553955078125,35.800079345703125,735982.5625,F,365.57928466796875
723,724,745A6286,1006,0.18348108232021332,37.36164093017578,28.898937225341797,24506.40234375,E,1550.217529296875
723,726,745A6286,1007,0.05671818554401398,13.588926315307617,30.9332332611084,10212.349609375,E,1571.95849609375
724,761,745A6286,1008,0.6013630032539368,117.19265747070312,25.550010681152344,60085.88671875,E,1539.955322265625
725,732,745A6286,1009,0.0813581794500351,19.84656524658203,31.22597312927246,15198.7275390625,E,1651.5670166015625
725,735,745A6286,1010,0.5094892382621765,146.59405517578125,34.00419998168945,133128.59375,E,1725.6004638671875
726,780,745A6286,1011,1.3273054361343384,235.64306640625,27.627670288085938,141264.515625,E,1632.700439453125
727,741,745A6286,1012,0.24281585216522217,50.061126708984375,24.922164916992188,24420.921875,E,1250.1402587890625
727,751,745A6286,1013,0.3866626024246216,97.26976013183594,31.83656120300293,77431.921875,E,1292.206787109375
728,739,745A6286,1014,0.31393516063690186,64.27897644042969,29.335338592529297,43445.12109375,E,973.8330688476562
728,744,745A6286,1015,0.20009015500545502,50.061126708984375,27.0838565826416,28841.078125,E,953.4915771484375
729,757,745A6286,1016,0.7339169383049011,182.5452423095703,30.380800247192383,132330.15625,E,1349.5478515625
730,755,745A6286,1017,0.38228413462638855,87.60697937011719,30.280305862426758,63088.33984375,E,788.0768432617188
731,753,745A6286,1018,0.49038249254226685,116.48741149902344,30.92498779296875,87495.9453125,E,986.5983276367188
731,1009,745A6286,1019,2.981682538986206,932.9183959960938,35.800079345703125,939077.625,F,466.46014404296875
732,778,745A6286,1020,3.4726943969726562,151.0728302001953,22.979307174682617,62654.19140625,E,1696.010498046875
733,748,745A6286,1021,0.4339350759983063,79.83096313476562,24.881168365478516,38815.28515625,E,918.4913940429688
733,763,745A6286,1022,0.45511743426322937,99.30913543701172,29.874067306518555,69609.3828125,E,919.7218017578125
734,737,745A6286,1023,0.14559191465377808,30.843490600585938,24.865774154663086,14978.1220703125,E,1392.1834716796875
734,746,745A6286,1024,0.18401369452476501,35.398563385009766,27.85285758972168,21568.255859375,E,1412.78271484375
736,742,745A6286,1025,0.2455563098192215,55.24512481689453,26.200544357299805,29785.470703125,E,1071.502197265625
736,743,745A6286,1026,0.09655178338289261,40.58256530761719,29.236234664916992,27244.087890625,E,1035.72216796875
737,746,745A6286,1027,0.2779751420021057,39.064208984375,25.115537643432617,19353.248046875,E,1405.9525146484375
737,751,745A6286,1028,0.45573604106903076,81.79405212402344,22.16333770751953,31556.0,E,1360.6597900390625
738,770,745A6286,1029,0.5473012328147888,110.67449188232422,27.06251335144043,63661.03125,E,787.5362548828125
738,1009,745A6286,1030,2.471407175064087,735.2147827148438,35.800079345703125,740068.75,F,367.60931396484375
739,743,745A6286,1031,0.07269975543022156,22.883283615112305,35.474822998046875,22617.712890625,E,1015.5415649414062
739,750,745A6286,1032,0.21343091130256653,50.061126708984375,18.747106552124023,13818.4404296875,E,998.2570190429688
740,757,745A6286,1033,1.2493857145309448,238.9403076171875,31.196474075317383,182637.65625,E,1525.4822998046875
741,745,745A6286,1034,0.020177775993943214,3.6656415462493896,26.95680046081543,2092.071533203125,E,1252.7554931640625
742,747,745A6286,1035,0.37792038917541504,88.94113159179688,30.714569091796875,65899.390625,E,1127.660888671875
743,812,745A6286,1036,1.0280482769012451,275.444091796875,32.976287841796875,235248.5,E,1150.330078125
744,748,745A6286,1037,0.06222834810614586,12.51528263092041,28.3432674407959,7896.42236328125,E,958.9662475585938
744,750,745A6286,1038,0.10920444875955582,29.769847869873047,27.650903701782227,17876.607421875,E,974.0958862304688
745,754,745A6286,1039,0.20305460691452026,50.69004821777344,25.54852867126465,25986.294921875,E,1244.9573974609375
745,764,745A6286,1040,0.9194977283477783,83.49661254882812,16.732234954833984,18359.74609375,E,1291.33447265625
746,781,745A6286,1041,0.9494059085845947,115.85847473144531,21.782182693481445,43173.8203125,E,1469.082763671875
747,754,745A6286,1042,0.32945528626441956,88.49641418457031,32.74608612060547,74530.5546875,E,1199.02197265625
748,777,745A6286,1043,0.6037640571594238,99.93805694580078,24.944849014282227,48840.7734375,E,986.3802490234375
749,758,745A6286,1044,0.2204936295747757,36.91692352294922,26.457279205322266,20295.779296875,E,752.2457885742188
749,1009,745A6286,1045,2.48504900932312,737.2451782226562,35.800079345703125,742112.5625,F,368.625244140625
750,802,745A6286,1046,1.0416667461395264,190.6896514892578,29.398082733154297,129435.9765625,E,1075.74951171875
751,781,745A6286,1047,0.6498227119445801,176.91651916503906,33.04182815551758,151700.296875,E,1422.9296875
752,776,745A6286,1048,0.6058109402656555,125.33706665039062,28.8875732421875,82146.9609375,E,1015.3402099609375
752,1009,745A6286,1049,2.9940345287323,958.5670166015625,35.800079345703125,964895.5625,F,479.2803649902344
753,767,745A6286,1050,0.8377271890640259,203.98646545410156,30.013717651367188,144321.4375,E,1126.4246826171875
753,822,745A6286,1051,1.0673890113830566,226.97767639160156,27.75653076171875,137342.015625,E,1138.52880859375
754,760,745A6286,1052,0.11110951751470566,23.512208938598633,29.187952041625977,15732.2392578125,E,1247.0115966796875
755,766,745A6286,1053,0.20883165299892426,44.87712860107422,29.411237716674805,30488.884765625,E,835.1334838867188
755,775,745A6286,1054,0.4288961887359619,70.3524169921875,25.738052368164062,36603.30078125,E,860.5831298828125
756,758,745A6286,1055,0.7356175184249878,41.02728271484375,16.0338077545166,8283.9208984375,E,757.2239990234375
756,1009,745A6286,1056,2.5204215049743652,746.0999145507812,35.800079345703125,751025.75,F,373.05218505859375
757,767,745A6286,1057,1.3129124641418457,304.445556640625,30.849239349365234,227556.09375,E,1323.208251953125
758,768,745A6286,1058,0.2030244916677475,42.7298469543457,29.026336669921875,28275.19921875,E,782.5968627929688
759,768,745A6286,1059,1.0107455253601074,56.94769287109375,15.354964256286621,10545.4140625,E,771.9225463867188
759,1009,745A6286,1060,2.53267502784729,749.9619750976562,35.800079345703125,754913.3125,F,374.98321533203125
760,764,745A6286,1061,0.3815831243991852,66.686767578125,27.13181495666504,38555.578125,E,1287.1400146484375
760,769,745A6286,1062,0.660240113735199,33.251285552978516,10.985507011413574,3151.654052734375,E,1266.7379150390625
761,774,745A6286,1063,0.19220851361751556,39.50892639160156,28.564180374145508,25317.95703125,E,1548.2177734375
762,763,745A6286,1064,0.6342618465423584,67.57620239257812,18.17918586730957,17540.1171875,E,933.55419921875
762,783,745A6286,1065,0.2908030152320862,58.9107666015625,29.36684799194336,39902.41796875,E,937.178955078125
763,771,745A6286,1066,0.11506130546331406,28.067279815673828,31.24260902404785,21517.154296875,E,965.7802124023438
764,765,745A6286,1067,0.028576985001564026,7.331283092498779,32.025604248046875,5905.60693359375,E,1319.9288330078125
765,808,745A6286,1068,2.248983383178711,493.8326721191406,30.300657272338867,356101.5,E,1534.54443359375
765,810,745A6286,1069,0.43919506669044495,110.30607604980469,29.88961410522461,77398.0390625,E,1347.8302001953125
766,770,745A6286,1070,0.17306269705295563,37.990562438964844,29.64754295349121,26226.66015625,E,841.7520751953125
766,772,745A6286,1071,0.07139478623867035,17.254566192626953,27.648000717163086,10359.0849609375,E,854.59912109375
767,841,745A6286,1072,1.7802467346191406,400.6733093261719,30.50100326538086,292757.84375,E,1395.0615234375
768,793,745A6286,1073,0.23999910056591034,61.94748306274414,32.10106658935547,50136.32421875,E,817.9990844726562
770,787,745A6286,1074,0.22343724966049194,46.39548873901367,29.20701026916504,31084.2109375,E,857.0413208007812
771,783,745A6286,1075,0.12523090839385986,47.4691276550293,24.41901397705078,22230.91796875,E,966.9300537109375
771,807,745A6286,1076,0.3663349151611328,86.79385375976562,27.873964309692383,52963.4609375,E,1006.1318969726562
772,779,745A6286,1077,0.11369998753070831,39.064208984375,27.612422943115234,23392.5703125,E,877.8015747070312
772,787,745A6286,1078,0.1634378582239151,49.17169189453125,22.1455078125,18939.841796875,E,871.502685546875
773,790,745A6286,1079,0.4606372117996216,47.4691276550293,21.577129364013672,17357.55078125,E,790.5458374023438
773,1009,745A6286,1080,2.578338384628296,769.0730590820312,35.800079345703125,774150.5625,F,384.53753662109375
774,784,745A6286,1081,0.10101772844791412,19.217641830444336,21.618297576904297,7053.95947265625,E,1564.03662109375
774,785,745A6286,1082,0.2511522173881531,34.32492446899414,10.157930374145508,2781.69775390625,E,1554.00341796875
775,779,745A6286,1083,0.02809375524520874,7.331283092498779,32.28988265991211,6003.47607421875,E,890.8272705078125
775,789,745A6286,1084,0.5966997146606445,104.67733764648438,25.10614776611328,51820.6328125,E,925.3955688476562
777,803,745A6286,1085,1.080183506011963,102.71427154541016,19.39100456237793,30333.4140625,E,1067.8397216796875
777,804,745A6286,1086,0.27712729573249817,72.31549072265625,28.6044979095459,46471.83984375,E,1041.120361328125
779,797,745A6286,1087,0.264604389667511,56.31876754760742,29.375999450683594,38170.54296875,E,916.49462890625
780,786,745A6286,1088,0.15071038901805878,32.361846923828125,29.488737106323242,22102.201171875,E,1597.4736328125
780,794,745A6286,1089,0.10559530556201935,37.36164093017578,14.217034339904785,5931.0810546875,E,1616.423828125
781,791,745A6286,1090,0.17581582069396973,50.69004821777344,33.951385498046875,45891.00390625,E,1525.8909912109375
782,796,745A6286,1091,0.4448106586933136,39.064208984375,19.729694366455078,11942.89453125,E,795.6438598632812
782,1009,745A6286,1092,2.5933678150177,777.7080078125,35.800079345703125,782842.5,F,388.8551940917969
783,788,745A6286,1093,0.11247321963310242,27.17784881591797,31.04075050354004,20566.92578125,E,968.4396362304688
784,785,745A6286,1094,0.082286037504673,15.107283592224121,27.163484573364258,8754.8203125,E,1564.942626953125
784,786,745A6286,1095,0.09972725063562393,23.956924438476562,31.065603256225586,18158.5234375,E,1580.7015380859375
785,791,745A6286,1096,0.10612477362155914,27.17784881591797,32.06399917602539,21945.2421875,E,1554.787109375
786,794,745A6286,1097,0.16975609958171844,40.137847900390625,26.04604148864746,21385.896484375,E,1607.76171875
787,792,745A6286,1098,0.03641275316476822,9.923283576965332,33.00988006591797,8492.4541015625,E,883.64501953125
788,789,745A6286,1099,0.02217833325266838,5.184000015258789,30.548330307006836,3799.529541015625,E,970.9814453125
788,806,745A6286,1100,0.17786210775375366,43.803489685058594,20.65129280090332,14672.1259765625,E,984.3571166992188
789,800,745A6286,1101,0.18049103021621704,38.17477035522461,13.18701171875,5213.8564453125,E,974.4705810546875
790,796,745A6286,1102,0.47001487016677856,32.80656433105469,10.373083114624023,2772.466796875,E,811.8076782226562
790,799,745A6286,1103,0.16573353111743927,23.956926345825195,23.90061378479004,10748.2822265625,E,821.3881225585938
791,808,745A6286,1104,0.16408659517765045,50.69004821777344,29.250329971313477,34062.3125,E,1570.474365234375
792,825,745A6286,1105,0.5832101702690125,122.37661743164062,27.4359130859375,72348.1015625,E,943.0355224609375
792,832,745A6286,1106,0.6491910219192505,122.82135009765625,28.79826545715332,80001.1796875,E,929.9561157226562
793,795,745A6286,1107,0.024037767201662064,6.257641315460205,32.25600051879883,5113.5390625,E,842.15869140625
793,798,745A6286,1108,1.3368254899978638,78.12841033935547,12.313270568847656,9303.486328125,E,834.2988891601562
794,824,745A6286,1109,0.6578894853591919,174.95343017578125,32.64527130126953,146437.703125,E,1704.552978515625
795,798,745A6286,1110,0.03728184849023819,9.923283576965332,32.58804702758789,8276.791015625,E,847.85205078125
796,801,745A6286,1111,0.1882207840681076,21.36492347717285,21.307764053344727,7618.45654296875,E,822.0151977539062
797,800,745A6286,1112,0.31672993302345276,53.54256057739258,23.544170379638672,23310.724609375,E,959.6153564453125
797,861,745A6286,1113,0.8973076343536377,194.4315948486328,28.38261604309082,123015.984375,E,1029.7447509765625
798,818,745A6286,1114,0.2335275113582611,63.46584701538086,32.953975677490234,54130.94140625,E,876.0917358398438
799,801,745A6286,1115,0.6715989708900452,31.73292350769043,13.242070198059082,4370.3046875,E,831.0567626953125
799,823,745A6286,1116,3.043060064315796,93.8646240234375,10.122281074523926,7553.50634765625,E,869.3399658203125
800,806,745A6286,1117,0.12044466286897659,22.438568115234375,27.27444839477539,13109.826171875,E,988.3845825195312
801,823,745A6286,1118,0.7029793858528137,74.90748596191406,21.17572021484375,26381.013671875,E,865.6104125976562
802,835,745A6286,1119,0.4461560845375061,120.78199768066406,32.9720458984375,103129.7265625,E,1221.2802734375
802,891,745A6286,1120,2.2723548412323,307.59014892578125,25.902847290039062,162090.421875,E,1262.79443359375
803,804,745A6286,1121,0.7956716418266296,76.42584228515625,19.100936889648438,21899.765625,E,1090.2177734375
803,815,745A6286,1122,0.21162255108356476,36.47220993041992,26.15926170349121,19602.115234375,E,1129.3399658203125
804,807,745A6286,1123,0.24763892590999603,56.134559631347656,30.31599998474121,40519.4921875,E,1050.281494140625
804,814,745A6286,1124,0.11562209576368332,28.067279815673828,31.227821350097656,21496.7890625,E,1076.29833984375
805,830,745A6286,1125,0.4368464946746826,102.009033203125,30.70622444152832,75540.7578125,E,860.7060546875
805,1009,745A6286,1126,2.6607627868652344,819.2196044921875,35.800079345703125,824628.1875,F,409.6117858886719
806,813,745A6286,1127,0.11579795181751251,37.10112762451172,26.207515716552734,20013.759765625,E,1011.2676391601562
807,811,745A6286,1128,0.03043072111904621,7.331283092498779,31.043012619018555,5548.78125,E,1036.8851318359375
808,871,745A6286,1129,2.540456771850586,239.6771240234375,28.381038665771484,151625.765625,E,1699.8182373046875
809,810,745A6286,1130,0.29435956478118896,80.53620147705078,33.119327545166016,69381.5625,E,1341.560302734375
809,812,745A6286,1131,0.17066332697868347,48.98748779296875,27.817413330078125,29772.03515625,E,1295.3577880859375
809,817,745A6286,1132,0.08209298551082611,34.95384979248047,17.795013427734375,8693.2373046875,E,1314.9332275390625
810,840,745A6286,1133,0.7270130515098572,102.71427917480469,25.253192901611328,51446.19921875,E,1396.3681640625
811,813,745A6286,1134,0.13337206840515137,39.06420135498047,28.054588317871094,24147.75,E,1030.247802734375
811,819,745A6286,1135,0.17095136642456055,37.990562438964844,29.86390495300293,26610.853515625,E,1050.5986328125
812,817,745A6286,1136,0.1543189287185669,37.54584884643555,31.296348571777344,28882.791015625,E,1302.3355712890625
813,821,745A6286,1137,0.14959603548049927,42.28512954711914,25.427013397216797,21471.791015625,E,1047.7152099609375
814,820,745A6286,1138,0.3847653269767761,55.2451286315918,21.324100494384766,19729.919921875,E,1110.5096435546875
814,828,745A6286,1139,0.19135916233062744,49.43220520019531,26.179201126098633,26608.025390625,E,1101.7786865234375
815,820,745A6286,1140,0.3036121726036072,37.54584503173828,18.924421310424805,10560.8037109375,E,1137.4832763671875
815,837,745A6286,1141,0.521540105342865,59.35548782348633,21.49787139892578,21544.76171875,E,1170.200927734375
816,838,745A6286,1142,0.769285261631012,79.3862533569336,21.034435272216797,27586.51953125,E,875.7808837890625
816,1009,745A6286,1143,2.697523355484009,846.279052734375,35.800079345703125,851866.3125,F,423.1412353515625
817,840,745A6286,1144,0.4877888262271881,97.71446990966797,28.52826499938965,62459.640625,E,1365.7452392578125
818,826,745A6286,1145,0.1492844521999359,34.509132385253906,30.43867301940918,25111.65625,E,909.59423828125
818,836,745A6286,1146,0.17248965799808502,47.4691276550293,28.108800888061523,29456.8125,E,923.3099975585938
819,821,745A6286,1147,0.029910266399383545,7.331283092498779,31.300519943237305,5641.21923828125,E,1064.8966064453125
819,829,745A6286,1148,0.20217113196849823,54.80040740966797,29.44134521484375,37306.8828125,E,1087.765380859375
820,837,745A6286,1149,0.5085603594779968,70.3524169921875,19.88597869873047,21850.57421875,E,1165.4150390625
821,861,745A6286,1150,0.5091496109962463,119.33993530273438,31.001333236694336,90081.6640625,E,1097.111083984375
822,831,745A6286,1151,0.1937914490699768,41.21148681640625,29.487810134887695,28144.4765625,E,1257.5137939453125
822,839,745A6286,1152,0.22398127615451813,45.32184600830078,28.809314727783203,29543.59375,E,1249.443603515625
823,827,745A6286,1153,0.028260353952646255,6.257641315460205,29.74870491027832,4349.4736328125,E,902.4298706054688
825,862,745A6286,1154,0.3614743649959564,90.01478576660156,28.817317962646484,58709.83203125,E,1028.254150390625
825,878,745A6286,1155,1.126509189605713,176.54811096191406,25.269458770751953,88541.078125,E,1078.27294921875
826,833,745A6286,1156,0.06845417618751526,13.588924407958984,28.156234741210938,8461.046875,E,923.1532592773438
826,836,745A6286,1157,0.11648215353488922,41.65620803833008,20.138317108154297,13268.3212890625,E,931.9718627929688
827,830,745A6286,1158,0.2068154364824295,46.211280822753906,29.982492446899414,32626.71484375,E,901.6787719726562
827,833,745A6286,1159,0.25212758779525757,53.54256057739258,20.59369659423828,17834.36328125,E,914.64013671875
828,829,745A6286,1160,0.01842924766242504,5.184000015258789,33.54352951049805,4581.12744140625,E,1113.059326171875
828,859,745A6286,1161,0.43589407205581665,102.4537582397461,30.72823715209961,75978.9140625,E,1162.9674072265625
829,867,745A6286,1162,0.8472617268562317,187.98974609375,27.539953231811523,111982.578125,E,1161.7904052734375
830,857,745A6286,1163,0.3202958405017853,90.8279037475586,27.295982360839844,53150.41015625,E,939.1416625976562
831,839,745A6286,1164,0.022432856261730194,31.2882080078125,21.498353958129883,11357.4541015625,E,1271.5155029296875
831,879,745A6286,1165,4.389867782592773,323.1737365722656,30.8311824798584,241271.65625,E,1424.961669921875
832,846,745A6286,1166,0.4216260015964508,92.34626007080078,23.84746742248535,41247.12890625,E,977.3988037109375
832,854,745A6286,1167,0.22353217005729675,67.1314926147461,30.017980575561523,47509.35546875,E,1003.663818359375
833,852,745A6286,1168,0.25141555070877075,57.20820617675781,30.34115982055664,41363.05078125,E,951.7815551757812
834,842,745A6286,1169,0.22500044107437134,47.0244140625,29.24588966369629,31589.513671875,E,907.6224365234375
834,1009,745A6286,1170,2.812978982925415,891.953125,35.800079345703125,897841.875,F,445.9779052734375
835,845,745A6286,1171,1.5051733255386353,191.0264434814453,23.988330841064453,86334.3125,E,1353.1240234375
835,920,745A6286,1172,1.2239291667938232,336.9915466308594,33.286251068115234,293250.40625,E,1427.111328125
836,846,745A6286,1173,0.2157547026872635,50.061126708984375,30.56825828552246,36739.38671875,E,965.5687255859375
837,864,745A6286,1174,0.850737452507019,78.57312774658203,19.649826049804688,23827.65625,E,1222.581787109375
838,848,745A6286,1175,0.5622509121894836,58.021331787109375,18.416996002197266,15456.6416015625,E,924.4812622070312
838,851,745A6286,1176,0.3908286392688751,78.31261444091797,25.138334274291992,38868.21484375,E,920.98779296875
839,902,745A6286,1177,0.8769549131393433,222.83570861816406,31.909242630004883,178199.984375,E,1347.131591796875
840,845,745A6286,1178,0.14402811229228973,28.067279815673828,27.978818893432617,17256.3515625,E,1420.825927734375
842,851,745A6286,1179,0.1089782565832138,27.17784881591797,31.551252365112305,21248.984375,E,933.848876953125
842,855,745A6286,1180,0.15344710648059845,36.656410217285156,24.3284969329834,17040.03125,E,938.3715209960938
843,847,745A6286,1181,2.973400354385376,21.36492347717285,8.990682601928711,1356.364990234375,E,1103.5811767578125
843,1009,745A6286,1182,3.6500067710876465,1095.9869384765625,35.800079345703125,1103222.75,F,547.9927978515625
844,853,745A6286,1183,0.14439432322978973,37.990562438964844,32.55609893798828,31624.984375,E,944.2037963867188
844,1009,745A6286,1184,3.0261826515197754,937.2723388671875,35.800079345703125,943460.3125,F,468.63720703125
845,866,745A6286,1185,0.1818113774061203,48.098052978515625,32.40102005004883,39658.35546875,E,1456.134033203125
846,856,745A6286,1186,0.07424123585224152,20.291284561157227,33.032752990722656,17389.57421875,E,996.6111450195312
848,850,745A6286,1187,0.13775452971458435,11.441641807556152,18.190759658813477,2973.58203125,E,948.9677124023438
848,858,745A6286,1188,1.7308032512664795,53.09783935546875,9.734660148620605,3951.92138671875,E,963.5851440429688
849,853,745A6286,1189,1.8451244831085205,103.41949462890625,18.79683494567871,28698.669921875,E,967.1223754882812
849,1009,745A6286,1190,3.0524141788482666,943.1924438476562,35.800079345703125,949419.5,F,471.59759521484375
850,858,745A6286,1191,0.2915343940258026,17.254566192626953,15.518118858337402,3263.413330078125,E,958.5675659179688
851,860,745A6286,1192,0.09300386905670166,20.920207977294922,30.052677154541016,14839.6005859375,E,949.2269897460938
852,857,745A6286,1193,0.1275540292263031,40.58256530761719,29.024303436279297,26850.5390625,E,975.1073608398438
852,876,745A6286,1194,0.33804649114608765,84.83076477050781,31.715911865234375,67018.953125,E,1013.6436767578125
853,855,745A6286,1195,0.23321932554244995,40.58256912231445,26.67354393005371,22677.27734375,E,949.5355834960938
854,862,745A6286,1196,0.21329498291015625,53.54256057739258,32.11945724487305,43383.58203125,E,1045.8465576171875
854,863,745A6286,1197,0.06659438461065292,18.328208923339844,33.086116790771484,15758.015625,E,1035.137939453125
855,870,745A6286,1198,0.4815722405910492,39.064208984375,15.210467338562012,7098.294921875,E,968.2586059570312
856,863,745A6286,1199,0.4611736834049225,71.68656158447266,20.207435607910156,22990.5859375,E,1021.1165771484375
856,887,745A6286,1200,0.5946951508522034,124.9686508178711,29.167034149169922,83497.890625,E,1061.05908203125
857,868,745A6286,1201,0.11889321357011795,26.54892349243164,29.85170555114746,18581.255859375,E,987.5448608398438
858,869,745A6286,1202,0.2896478772163391,36.027488708496094,17.645931243896484,8810.7529296875,E,979.5643310546875
859,867,745A6286,1203,0.09297135472297668,28.251487731933594,28.037649154663086,17442.7265625,E,1212.2486572265625
859,891,745A6286,1204,0.6539373397827148,159.66195678710938,31.4089412689209,123708.0390625,E,1284.7728271484375
860,872,745A6286,1205,0.27938973903656006,43.358768463134766,20.835613250732422,14783.572265625,E,973.6957397460938
860,875,745A6286,1206,0.40838536620140076,87.79119110107422,29.35416030883789,59412.81640625,E,986.0629272460938
861,899,745A6286,1207,0.667585015296936,175.65869140625,32.514793395996094,145855.0625,E,1203.8309326171875
862,883,745A6286,1208,0.4252075254917145,91.97785186767578,29.84955406188965,64364.859375,E,1100.97900390625
863,865,745A6286,1209,0.015076816082000732,3.6656415462493896,31.185317993164062,2799.88525390625,E,1040.3792724609375
865,884,745A6286,1210,0.7374384999275208,93.680419921875,23.61538314819336,41032.5703125,E,1084.198486328125
865,887,745A6286,1211,1.4629181623458862,112.45336151123047,15.051218032836914,20008.08984375,E,1081.9171142578125
866,880,745A6286,1212,0.3413081467151642,74.4627685546875,27.180423736572266,43205.75,E,1492.31201171875
866,882,745A6286,1213,0.4715828597545624,116.48739624023438,31.44394874572754,90457.171875,E,1529.53369140625
867,896,745A6286,1214,0.6279540061950684,134.2629852294922,30.18960952758789,96108.359375,E,1254.838134765625
868,869,745A6286,1215,0.1666223555803299,34.32492446899414,28.73640251159668,22262.00390625,E,998.6142578125
868,876,745A6286,1216,0.4366511404514313,73.57333374023438,22.14185905456543,28329.47265625,E,1028.298095703125
869,874,745A6286,1217,0.476813405752182,75.09169006347656,22.973201751708984,31126.107421875,E,1003.5650634765625
870,872,745A6286,1218,0.6318309903144836,30.659282684326172,7.811576843261719,1469.3636474609375,E,986.0814208984375
870,886,745A6286,1219,1.2245135307312012,77.49948120117188,15.883806228637695,15356.6982421875,E,1020.251708984375
872,890,745A6286,1220,0.5276152491569519,99.30913543701172,28.04950714111328,61366.24609375,E,1035.668212890625
873,881,745A6286,1221,0.22821031510829926,51.76368713378906,30.764753341674805,38478.83984375,E,1031.3896484375
873,1009,745A6286,1222,3.352402448654175,1014.747314453125,35.800079345703125,1021446.8125,F,507.3753967285156
874,875,745A6286,1223,0.04957093298435211,15.107283592224121,26.855154037475586,8557.197265625,E,1019.0704956054688
874,885,745A6286,1224,0.8723743557929993,155.62791442871094,25.951576232910156,82319.90625,E,1049.743408203125
875,895,745A6286,1225,0.3878738582134247,84.83076477050781,29.617244720458984,58443.01171875,E,1058.3228759765625
876,885,745A6286,1226,0.11505061388015747,32.17763900756836,33.42624282836914,28237.041015625,E,1063.58642578125
877,889,745A6286,1227,0.25124871730804443,53.54256057739258,29.409542083740234,36371.86328125,E,1074.87744140625
877,1009,745A6286,1228,3.498351573944092,1051.4705810546875,35.800079345703125,1058412.5,F,525.7369995117188
878,892,745A6286,1229,0.3063143491744995,75.72061157226562,31.83331871032715,60265.37109375,E,1185.875244140625
878,917,745A6286,1230,0.7681365609169006,176.80862426757812,30.901996612548828,132606.984375,E,1220.39404296875
881,898,745A6286,1231,0.7364543676376343,147.5913848876953,25.474403381347656,75224.4375,E,1066.413818359375
881,910,745A6286,1232,0.6337871551513672,143.03631591796875,30.213117599487305,102548.0234375,E,1101.3404541015625
883,884,745A6286,1233,0.2113969922065735,25.920000076293945,23.184770584106445,10942.8505859375,E,1132.14501953125
883,915,745A6286,1234,1.1093330383300781,143.37313842773438,22.157400131225586,55283.46484375,E,1203.2301025390625
884,916,745A6286,1235,1.6643518209457397,157.14625549316406,20.188404083251953,50303.4609375,E,1191.6324462890625
885,893,745A6286,1236,0.46162188053131104,79.2020492553711,24.644088745117188,37779.1171875,E,1095.8414306640625
885,907,745A6286,1237,0.3667404353618622,97.16185760498047,32.52706527709961,80737.53125,E,1121.83642578125
887,903,745A6286,1238,0.21145564317703247,57.20820617675781,32.841678619384766,48461.7265625,E,1145.6314697265625
888,894,745A6286,1239,0.3786086440086365,21.809640884399414,16.8598575592041,4869.07177734375,E,1194.900390625
888,1009,745A6286,1240,3.9969482421875,1185.8477783203125,35.800079345703125,1193676.875,F,592.9241943359375
889,933,745A6286,1241,0.7036581635475159,180.91897583007812,32.1432991027832,146809.734375,E,1177.8623046875
889,939,745A6286,1242,1.5918629169464111,266.9312744140625,25.947284698486328,141147.5,E,1174.6468505859375
890,898,745A6286,1243,0.20389142632484436,50.5058479309082,27.349313735961914,29670.46875,E,1087.9210205078125
890,906,745A6286,1244,0.29681774973869324,61.50277328491211,28.782575607299805,40016.94140625,E,1106.943603515625
891,911,745A6286,1245,0.3602677881717682,101.38011932373047,33.55009078979492,89625.1953125,E,1405.3197021484375
892,899,745A6286,1246,1.2128870487213135,93.68041229248047,16.576602935791016,20217.60546875,E,1252.8187255859375
892,905,745A6286,1247,0.39031678438186646,47.91384506225586,24.707412719726562,22972.3515625,E,1239.82275390625
895,908,745A6286,1248,0.31353166699409485,67.3156967163086,26.72753143310547,37767.99609375,E,1119.776611328125
895,923,745A6286,1249,0.564276397228241,131.67098999023438,30.62405014038086,96985.1484375,E,1152.9190673828125
897,901,745A6286,1250,0.4796310365200043,22.438568115234375,17.3054141998291,5277.75244140625,E,1149.878662109375
897,1009,745A6286,1251,3.839362621307373,1142.2841796875,35.800079345703125,1149825.625,F,571.1427612304688
898,900,745A6286,1252,0.0560440793633461,14.033641815185547,31.632566452026367,11028.822265625,E,1103.4652099609375
899,904,745A6286,1253,0.06331633776426315,17.254566192626953,32.994632720947266,14753.005859375,E,1291.6676025390625
900,906,745A6286,1254,0.3393770158290863,58.9107666015625,22.094375610351562,22586.453125,E,1122.4970703125
900,909,745A6286,1255,0.26072850823402405,65.35261535644531,27.688657760620117,39351.078125,E,1131.197265625
903,914,745A6286,1256,0.3428431451320648,75.53640747070312,29.852174758911133,52868.64453125,E,1206.9388427734375
903,927,745A6286,1257,0.844509482383728,168.06686401367188,28.751718521118164,109118.8046875,E,1218.0911865234375
904,922,745A6286,1258,0.298578679561615,92.16206359863281,28.821561813354492,60128.046875,E,1337.0562744140625
904,925,745A6286,1259,0.8322348594665527,198.28143310546875,31.590293884277344,155410.109375,E,1377.137939453125
905,924,745A6286,1260,2.062087297439575,120.59779357910156,14.959643363952637,21196.869140625,E,1310.605712890625
905,928,745A6286,1261,0.8407768607139587,131.22625732421875,23.089519500732422,54946.55078125,E,1319.28955078125
906,918,745A6286,1262,0.2053956836462021,61.318565368652344,29.140417098999023,40895.30078125,E,1161.291748046875
907,927,745A6286,1263,0.5007749199867249,112.45336151123047,27.343673706054688,66035.2890625,E,1213.634521484375
907,929,745A6286,1264,0.7147771120071411,123.6344985961914,22.90206527709961,50930.60546875,E,1206.4066162109375
908,912,745A6286,1265,0.28918659687042236,33.88020706176758,17.66371726989746,8302.33203125,E,1158.3563232421875
908,913,745A6286,1266,0.21689604222774506,39.064208984375,26.86241340637207,22139.048828125,E,1161.86083984375
909,910,745A6286,1267,0.019374437630176544,5.184000015258789,32.716800689697266,4358.09326171875,E,1154.0242919921875
909,918,745A6286,1268,0.5332939624786377,114.78482818603516,29.624897003173828,79120.328125,E,1179.2177734375
910,939,745A6286,1269,0.6185707449913025,121.74771118164062,26.966964721679688,69536.8203125,E,1208.158203125
911,926,745A6286,1270,0.4303310811519623,110.22976684570312,32.12884521484375,89367.375,E,1501.645263671875
911,950,745A6286,1271,0.583375096321106,160.44349670410156,31.865798950195312,127956.28125,E,1512.95947265625
912,913,745A6286,1272,0.19206520915031433,35.39856719970703,20.431060791015625,11605.3271484375,E,1178.6539306640625
913,921,745A6286,1273,0.1651085764169693,29.769847869873047,26.818561553955078,16816.572265625,E,1189.8858642578125
914,916,745A6286,1274,0.06868687272071838,18.772924423217773,28.1846981048584,11712.47265625,E,1245.8936767578125
914,962,745A6286,1275,0.9393656253814697,209.6151885986328,30.261428833007812,150761.859375,E,1324.673828125
916,931,745A6286,1276,0.31267300248146057,69.46297454833984,29.832489013671875,48553.69140625,E,1285.60302734375
917,937,745A6286,1277,0.3378481864929199,75.09169006347656,26.814496994018555,42405.390625,E,1312.995361328125
917,945,745A6286,1278,0.5802547335624695,121.48719787597656,27.53066635131836,72319.234375,E,1347.347412109375
918,919,745A6286,1279,0.04596089571714401,10.99692440032959,30.89054298400879,8241.61328125,E,1193.6763916015625
919,921,745A6286,1280,0.18649837374687195,37.36164093017578,23.33409881591797,15977.09765625,E,1198.5482177734375
919,932,745A6286,1281,0.28948429226875305,50.5058479309082,26.647342681884766,28166.919921875,E,1219.6251220703125
920,926,745A6286,1282,0.06247527524828911,39.6931266784668,19.929601669311523,12382.33203125,E,1555.556640625
920,936,745A6286,1283,0.3236871659755707,55.689849853515625,26.906991958618164,31666.21875,E,1579.998046875
921,935,745A6286,1284,0.8730828762054443,66.24205017089844,17.091955184936523,15198.7236328125,E,1226.6624755859375
922,924,745A6286,1285,0.0841437429189682,18.772924423217773,30.177560806274414,13427.34375,E,1371.490234375
922,965,745A6286,1286,0.7328553795814514,200.50502014160156,33.20600128173828,173639.421875,E,1463.2763671875
923,929,745A6286,1287,0.203054279088974,48.098052978515625,26.07709312438965,25688.3203125,E,1231.977294921875
923,934,745A6286,1288,0.3072970509529114,59.094974517822266,28.182212829589844,36862.9921875,E,1229.46728515625
924,928,745A6286,1289,0.2717064321041107,54.35569381713867,29.128463745117188,36221.8046875,E,1375.089599609375
926,930,745A6286,1290,0.11269683390855789,22.883283615112305,28.515390396118164,14613.9248046875,E,1563.659912109375
927,967,745A6286,1291,0.5501917600631714,146.4098358154297,32.61244201660156,122300.09375,E,1334.56689453125
928,945,745A6286,1292,0.31744399666786194,82.60717010498047,32.468509674072266,68396.2578125,E,1392.7294921875
929,946,745A6286,1293,0.24856114387512207,63.46584701538086,32.04887771606445,51198.30859375,E,1279.0706787109375
930,936,745A6286,1294,0.08555054664611816,29.14092445373535,26.82465934753418,16468.787109375,E,1585.1226806640625
930,943,745A6286,1295,1.3039215803146362,81.34933471679688,17.466552734375,19492.0859375,E,1595.6298828125
931,937,745A6286,1296,0.11779257655143738,35.398563385009766,24.94709587097168,17302.765625,E,1326.72705078125
931,944,745A6286,1297,0.45287296175956726,52.024200439453125,19.936376571655273,16240.0654296875,E,1335.961181640625
932,935,745A6286,1298,0.017719335854053497,3.6656415462493896,28.7661190032959,2382.332763671875,E,1242.9788818359375
932,941,745A6286,1299,0.8766594529151917,101.19591522216797,18.39442253112793,26892.12890625,E,1252.9058837890625
933,951,745A6286,1300,0.5880736708641052,147.33087158203125,28.417612075805664,93445.5859375,E,1287.558837890625
933,974,745A6286,1301,0.8905479907989502,245.71897888183594,33.334815979003906,214449.328125,E,1370.777587890625
934,940,745A6286,1302,1.4117629528045654,77.23896789550781,12.331819534301758,9225.3037109375,E,1256.4190673828125
934,948,745A6286,1303,0.4616837203502655,86.08861541748047,24.698467254638672,41245.41015625,E,1281.2530517578125
935,938,745A6286,1304,0.0727764219045639,15.552000045776367,29.242406845092773,10444.853515625,E,1252.0673828125
936,943,745A6286,1305,0.28108176589012146,42.100921630859375,24.903528213500977,20507.052734375,E,1611.92236328125
937,947,745A6286,1306,0.24629943072795868,58.9107666015625,30.97084617614746,44380.34375,E,1359.6278076171875
938,940,745A6286,1307,0.17647160589694977,37.54584503173828,23.348329544067383,16075.4580078125,E,1264.982421875
938,955,745A6286,1308,0.4800552427768707,93.680419921875,27.975736618041992,57583.99609375,E,1301.2095947265625
939,942,745A6286,1309,0.09189432859420776,26.10420799255371,33.68131637573242,23258.328125,E,1271.984375
940,948,745A6286,1310,0.24254626035690308,44.87712860107422,27.752355575561523,27146.548828125,E,1294.6856689453125
941,942,745A6286,1311,0.00917565356940031,2.5920000076293945,33.614681243896484,2300.29150390625,E,1282.0224609375
941,956,745A6286,1312,0.5224776864051819,79.83097076416016,25.87386703491211,41974.34765625,E,1313.5762939453125
942,951,745A6286,1313,0.21987856924533844,59.984413146972656,29.046918869018555,39749.203125,E,1307.501220703125
943,952,745A6286,1314,0.18636082112789154,48.35856628417969,32.21533966064453,39417.46875,E,1644.4906005859375
944,947,745A6286,1315,0.28998056054115295,31.288206100463867,15.657035827636719,6024.06494140625,E,1369.7122802734375
944,954,745A6286,1316,0.8775676488876343,64.09477233886719,14.17502212524414,10114.8623046875,E,1379.633056640625
945,964,745A6286,1317,0.3274562358856201,90.45948791503906,33.20347213745117,78326.9140625,E,1443.335205078125
946,949,745A6286,1318,2.063478946685791,117.3768539428711,18.48546028137207,31501.623046875,E,1316.8717041015625
946,963,745A6286,1319,0.32759004831314087,82.68348693847656,31.831790924072266,65800.75,E,1344.733642578125
947,957,745A6286,1320,0.27298617362976074,57.837127685546875,29.15949058532715,38623.9296875,E,1399.75244140625
948,949,745A6286,1321,0.009824077598750591,2.5920000076293945,32.48640060424805,2148.4638671875,E,1313.35009765625
949,958,745A6286,1322,0.28748711943626404,54.80040740966797,28.595577239990234,35194.22265625,E,1332.441162109375
951,953,745A6286,1323,0.05017905682325363,12.51528263092041,31.5675106048584,9795.15234375,E,1337.787109375
953,960,745A6286,1324,0.3188275694847107,55.24512481689453,19.818918228149414,17042.908203125,E,1347.9898681640625
953,980,745A6286,1325,0.6730826497077942,182.88204956054688,33.02437210083008,156649.890625,E,1428.994384765625
954,957,745A6286,1326,0.48520660400390625,31.73292350769043,12.833666801452637,4104.8896484375,E,1411.523193359375
954,966,745A6286,1327,0.6776614189147949,53.726768493652344,15.738093376159668,10451.6494140625,E,1421.9710693359375
955,956,745A6286,1328,0.07105889916419983,19.217641830444336,27.024564743041992,11023.1923828125,E,1345.0426025390625
955,959,745A6286,1329,0.0712076723575592,14.662566184997559,28.692935943603516,9480.9052734375,E,1347.847412109375
956,960,745A6286,1330,0.10212789475917816,20.920207977294922,23.155200958251953,8809.53515625,E,1353.431640625
957,966,745A6286,1331,0.1383158266544342,30.214563369750977,29.492433547973633,20640.84375,E,1430.397216796875
958,959,745A6286,1332,0.20281192660331726,40.58256530761719,28.328351974487305,25578.318359375,E,1355.47509765625
958,961,745A6286,1333,0.07294780015945435,17.254566192626953,28.33919906616211,10883.5126953125,E,1358.1083984375
959,968,745A6286,1334,0.1425970196723938,41.21148681640625,18.31679916381836,10859.4365234375,E,1369.896240234375
960,968,745A6286,1335,0.24825477600097656,38.61948776245117,25.43834686279297,19627.916015625,E,1376.087646484375
961,971,745A6286,1336,0.4677870273590088,96.01190185546875,26.78478240966797,54099.2421875,E,1380.852294921875
961,973,745A6286,1337,0.39347317814826965,89.12533569335938,27.563432693481445,53181.14453125,E,1398.217529296875
963,970,745A6286,1338,0.13545238971710205,30.843490600585938,30.20950698852539,22107.5546875,E,1395.2738037109375
963,971,745A6286,1339,0.32906585931777954,63.2053337097168,19.928924560546875,19715.66015625,E,1395.85205078125
965,972,745A6286,1340,0.4297703206539154,115.22955322265625,32.85126495361328,97669.2734375,E,1594.091064453125
965,988,745A6286,1341,1.116591453552246,267.9733581542969,31.877166748046875,213865.59375,E,1667.420654296875
966,981,745A6286,1342,0.6271098852157593,156.7015380859375,31.824186325073242,124645.828125,E,1499.97021484375
967,969,745A6286,1343,0.1682037115097046,41.21148681640625,25.33722496032715,20779.078125,E,1408.8370361328125
967,976,745A6286,1344,0.43058669567108154,108.60350036621094,31.78910255432129,86196.625,E,1455.5751953125
968,973,745A6286,1345,0.21816368401050568,53.282047271728516,31.278596878051758,40941.6484375,E,1406.5828857421875
969,970,745A6286,1346,0.3893516957759857,53.54256820678711,19.95912742614746,16752.212890625,E,1408.853515625
969,975,745A6286,1347,1.8766024112701416,105.12206268310547,14.268343925476074,16808.57421875,E,1457.8475341796875
970,975,745A6286,1348,0.3949294090270996,92.16206359863281,30.531600952148438,67474.7421875,E,1447.5194091796875
971,989,745A6286,1349,2.162916421890259,249.3083038330078,27.20240592956543,144890.9375,E,1520.0213623046875
973,984,745A6286,1350,0.5021464228630066,126.30277252197266,31.751449584960938,100006.8828125,E,1481.61279296875
974,979,745A6286,1351,0.2140347957611084,49.61640930175781,26.44517707824707,27252.615234375,E,1501.9791259765625
974,990,745A6286,1352,0.7234511971473694,201.5786590576172,33.488216400146484,177549.109375,E,1575.6005859375
975,986,745A6286,1353,0.3083943724632263,83.57291412353516,32.919673919677734,71132.2421875,E,1529.6922607421875
976,987,745A6286,1354,2.07028865814209,133.37353515625,15.630495071411133,25592.046875,E,1554.204833984375
976,994,745A6286,1355,1.164902925491333,313.403076171875,32.96879577636719,267546.53125,E,1648.54296875
977,978,745A6286,1356,4.390071868896484,23.512208938598633,4.86381196975708,436.85455322265625,E,1712.535888671875
977,983,745A6286,1357,3.0641441345214844,41.65620803833008,7.77261209487915,1976.5308837890625,E,1707.4957275390625
978,983,745A6286,1358,1.698548436164856,26.10420799255371,10.273130416870117,2163.74462890625,E,1724.1783447265625
979,982,745A6286,1359,0.06003737077116966,36.91692352294922,22.99764633178711,15334.9423828125,E,1518.5428466796875
979,985,745A6286,1360,0.20512902736663818,42.72984313964844,28.99109649658203,28206.583984375,E,1536.6077880859375
980,982,745A6286,1361,0.16044452786445618,33.25128173828125,29.39320182800293,22562.751953125,E,1518.6993408203125
980,991,745A6286,1362,0.9637863039970398,182.6215362548828,27.042634963989258,104891.3984375,E,1595.569091796875
982,985,745A6286,1363,0.10803694278001785,34.509132385253906,25.442258834838867,17544.267578125,E,1537.132080078125
983,988,745A6286,1364,2.039921283721924,111.74811553955078,14.959735870361328,19641.650390625,E,1745.3131103515625
984,989,745A6286,1365,0.46819233894348145,86.53333282470703,22.171899795532227,33410.203125,E,1574.6173095703125
984,991,745A6286,1366,1.2088702917099,189.2476043701172,26.985980987548828,108242.2109375,E,1616.861572265625
985,996,745A6286,1367,1.6880055665969849,312.25311279296875,27.676082611083984,187847.703125,E,1680.198486328125
986,987,745A6286,1368,0.16122141480445862,40.76676940917969,26.387577056884766,22294.369140625,E,1587.06689453125
986,993,745A6286,1369,1.0403192043304443,228.31178283691406,30.127647399902344,162760.359375,E,1657.090087890625
987,997,745A6286,1370,0.833540141582489,233.12738037109375,33.433345794677734,204664.65625,E,1710.7940673828125
988,992,745A6286,1371,1.2601232528686523,93.680419921875,18.302021026611328,24645.453125,E,1816.10107421875
989,1000,745A6286,1372,1.1877416372299194,306.59283447265625,32.212039947509766,249855.15625,E,1754.115966796875
990,995,745A6286,1373,0.5323193669319153,144.55467224121094,33.087886810302734,124296.828125,E,1730.1700439453125
990,996,745A6286,1374,0.6869149208068848,169.03262329101562,30.397916793823242,122672.734375,E,1735.705810546875
991,1004,745A6286,1375,2.1168739795684814,417.1910400390625,31.635324478149414,327921.15625,E,1853.8890380859375
995,998,745A6286,1376,14.167686462402344,295.70379638671875,29.217857360839844,198263.84375,E,1859.7763671875
995,1001,745A6286,1377,0.761243462562561,209.09414672851562,33.253238677978516,181593.21875,E,1885.7957763671875
996,999,745A6286,1378,0.41718971729278564,99.30913543701172,30.85948371887207,74277.3515625,E,1849.927978515625
999,1002,745A6286,1379,0.5257916450500488,106.37991333007812,29.200590133666992,71241.453125,E,1932.593994140625
999,1003,745A6286,1380,1.100231647491455,168.06689453125,29.41997718811035,114250.1328125,E,1965.3084716796875
1001,1005,745A6286,1381,0.6417326927185059,178.61907958984375,33.422664642333984,156711.125,E,2057.255615234375
1001,1006,745A6286,1382,0.7792759537696838,204.79959106445312,31.443246841430664,159028.0625,E,2056.0341796875
1005,1007,745A6286,1383,6.773868560791016,205.8732452392578,23.97395133972168,92932.8046875,E,2196.08251953125
1005,1008,745A6286,1384,0.9171002507209778,243.31117248535156,32.67263412475586,203995.328125,E,2248.372314453125
