EndNodes_1,EndNodes_2,name,edge_id,Weight,Length,Width,Volume,Type,Distance
1,6,745A6272,1,2.7169792652130127,272.7126159667969,28.939529418945312,179381.65625,E,2059.454345703125
2,5,745A6272,2,0.6514908075332642,156.517333984375,31.063705444335938,118620.25,E,2084.493408203125
3,5,745A6272,3,2.1169567108154297,108.97190856933594,25.84004020690918,57146.65234375,E,2045.289794921875
4,6,745A6272,4,2.1404290199279785,112.19284057617188,27.78636932373047,68032.84375,E,1958.666748046875
5,17,745A6272,5,0.8743166923522949,217.83590698242188,31.59920310974121,170832.9375,E,1910.9847412109375
6,23,745A6272,6,1.0404479503631592,246.34788513183594,30.93839454650879,185197.140625,E,1817.0994873046875
7,8,745A6272,7,5.9183244705200195,7.331283092498779,2.2768940925598145,29.85076904296875,E,1918.2838134765625
7,9,745A6272,8,33.759254455566406,15.107283592224121,2.1600000858306885,55.35843276977539,E,1917.77587890625
8,9,745A6272,9,9.324463844299316,9.923282623291016,14.464376449584961,1630.589599609375,E,1913.4962158203125
9,37,745A6272,10,1.4364967346191406,363.5721435546875,31.874065399169922,290105.125,E,1752.76953125
10,17,745A6272,11,1.2855448722839355,166.10379028320312,27.944982528686523,101877.234375,E,1845.535888671875
11,16,745A6272,12,3.16782808303833,208.72573852539062,25.782779693603516,108974.6171875,E,1872.53857421875
12,13,745A6272,13,0.521682858467102,29.58563995361328,21.369598388671875,10611.1767578125,E,1856.3890380859375
12,14,745A6272,14,0.40379273891448975,60.87384796142578,26.893964767456055,34580.421875,E,1843.666748046875
13,14,745A6272,15,0.1345793753862381,37.10112762451172,24.389484405517578,17333.337890625,E,1832.5103759765625
14,22,745A6272,16,0.45780378580093384,106.1957015991211,30.605106353759766,78124.0234375,E,1772.1134033203125
15,24,745A6272,17,0.9990124702453613,235.82728576660156,31.209712982177734,180411.203125,E,1752.516357421875
16,18,745A6272,18,0.3360458016395569,52.468929290771484,22.51228141784668,20884.837890625,E,1772.985107421875
16,22,745A6272,19,0.673773467540741,105.3062744140625,23.378124237060547,45202.6015625,E,1758.851318359375
17,30,745A6272,20,0.5479592680931091,132.74461364746094,31.162778854370117,101246.296875,E,1749.181884765625
18,19,745A6272,21,0.05199962481856346,23.956926345825195,16.792095184326172,5305.55419921875,E,1742.935302734375
18,21,745A6272,22,0.15077142417430878,30.214563369750977,28.682952880859375,19523.330078125,E,1735.737060546875
19,20,745A6272,23,0.6053130626678467,113.26647186279297,27.9642333984375,69566.0078125,E,1747.690673828125
19,21,745A6272,24,0.10180173069238663,29.769847869873047,26.174116134643555,16018.08203125,E,1729.652099609375
20,23,745A6272,25,0.039957769215106964,33.435489654541016,27.099105834960938,19284.458984375,E,1709.6573486328125
20,31,745A6272,26,0.7958815693855286,145.81256103515625,27.4543399810791,86319.0859375,E,1670.9561767578125
21,31,745A6272,27,0.4075741767883301,100.38277435302734,31.41345977783203,77800.1875,E,1678.2261962890625
22,35,745A6272,28,0.5878292918205261,142.0389862060547,31.102375030517578,107915.6796875,E,1663.736083984375
23,24,745A6272,29,0.026208151131868362,9.923283576965332,30.907480239868164,7445.1337890625,E,1699.05908203125
24,74,745A6272,30,1.347631573677063,321.731689453125,30.953487396240234,242104.53125,E,1563.4608154296875
25,103,745A6272,31,9.094261169433594,409.6755065917969,30.627714157104492,301827.6875,E,1870.417724609375
26,27,745A6272,32,0.6288884282112122,88.05169677734375,23.744754791259766,38990.87109375,E,1702.318359375
26,28,745A6272,33,0.10542021691799164,6.257641315460205,15.904376029968262,1243.179443359375,E,1683.666748046875
26,62,745A6272,34,0.9962776303291321,225.2750701904297,30.683486938476562,166576.015625,E,1587.9879150390625
27,28,745A6272,35,0.0989527553319931,5.184000015258789,14.772705078125,888.5358276367188,E,1683.406982421875
27,37,745A6272,36,0.533077597618103,114.15593719482422,27.79215431213379,69252.078125,E,1638.5152587890625
29,48,745A6272,37,0.9551063179969788,204.27854919433594,28.432132720947266,129697.4765625,E,1637.2947998046875
30,48,745A6272,38,0.6110240817070007,145.25990295410156,30.91412353515625,109030.8828125,E,1623.1461181640625
30,68,745A6272,39,2.5053741931915283,584.8132934570312,30.529502868652344,428101.3125,E,1709.693115234375
31,38,745A6272,40,0.22547949850559235,56.134559631347656,31.55609130859375,43902.234375,E,1607.6875
32,33,745A6272,41,1.4983619451522827,113.71121215820312,21.07610511779785,39671.0703125,E,1651.090576171875
33,35,745A6272,42,0.19949381053447723,32.361846923828125,19.316329956054688,9483.5830078125,E,1612.1739501953125
33,50,745A6272,43,0.6557656526565552,95.38298034667969,21.08668327331543,33310.20703125,E,1584.7371826171875
34,92,745A6272,44,0.8991655111312866,233.83261108398438,32.26971435546875,191242.84375,E,1606.186767578125
35,49,745A6272,45,0.39908239245414734,76.61004638671875,28.506528854370117,48894.984375,E,1571.957763671875
36,69,745A6272,46,2057.8515625,134.5234832763672,27.464111328125,79692.796875,E,1651.21044921875
37,54,745A6272,47,0.25247693061828613,66.5025634765625,32.457942962646484,55026.29296875,E,1563.55859375
38,42,745A6272,48,0.24635139107704163,36.47220993041992,19.440000534057617,10825.4140625,E,1576.2769775390625
38,45,745A6272,49,0.12888242304325104,26.54892349243164,28.770183563232422,17259.255859375,E,1570.6156005859375
39,60,745A6272,50,1.4539645910263062,105.3062744140625,16.21368980407715,21742.41796875,E,1534.617919921875
40,61,745A6272,51,0.5360994935035706,90.0147705078125,28.633342742919922,57962.5859375,E,1567.7716064453125
41,44,745A6272,52,0.15959307551383972,12.51528263092041,23.13080596923828,5259.10791015625,E,1638.682373046875
41,47,745A6272,53,19.534759521484375,19.846567153930664,8.615605354309082,1157.0360107421875,E,1633.2493896484375
41,67,745A6272,54,0.7147648334503174,184.43199157714844,32.21158981323242,150297.0625,E,1577.3441162109375
42,45,745A6272,55,0.06263887137174606,25.475284576416016,18.330352783203125,6722.80615234375,E,1561.5556640625
42,46,745A6272,56,0.02673347294330597,7.331283092498779,23.419483184814453,3158.08984375,E,1564.582275390625
43,76,745A6272,57,10.775320053100586,205.5048065185547,23.53437614440918,89395.8359375,E,1647.3798828125
44,47,745A6272,58,32.86479187011719,10.99692440032959,2.0888471603393555,37.685516357421875,E,1634.0048828125
45,51,745A6272,59,0.20476917922496796,40.137847900390625,28.137357711791992,24958.046875,E,1543.028076171875
46,51,745A6272,60,0.23933160305023193,37.54584503173828,20.24047088623047,12080.7255859375,E,1546.0087890625
46,53,745A6272,61,0.3411369025707245,70.98133087158203,25.34001350402832,35797.08984375,E,1544.8560791015625
48,58,745A6272,62,0.1483595371246338,32.361846923828125,29.597776412963867,22265.95703125,E,1545.207275390625
49,50,745A6272,63,0.3151577115058899,37.990562438964844,18.52009391784668,10234.154296875,E,1543.7891845703125
49,53,745A6272,64,0.04082847759127617,9.923282623291016,31.17007064819336,7572.17822265625,E,1537.515380859375
50,58,745A6272,65,0.18836288154125214,31.917129516601562,20.024473190307617,10051.6162109375,E,1538.418701171875
51,57,745A6272,66,0.11087362468242645,20.291284561157227,27.19312858581543,11784.6796875,E,1521.085205078125
52,82,745A6272,67,0.7758897542953491,195.4289093017578,31.87135124206543,155912.03125,E,1706.6396484375
53,75,745A6272,68,0.5099737048149109,98.86441802978516,28.25614356994629,61994.85546875,E,1491.9114990234375
54,56,745A6272,69,0.22896012663841248,57.65291976928711,27.857646942138672,35139.86328125,E,1526.0224609375
54,63,745A6272,70,0.13793912529945374,36.91692352294922,32.721641540527344,31044.5625,E,1515.1492919921875
55,71,745A6272,71,4.769123077392578,96.01190185546875,25.832778930664062,50321.921875,E,1577.8284912109375
56,62,745A6272,72,0.47190701961517334,96.90133666992188,29.229997634887695,65024.52734375,E,1502.067626953125
56,70,745A6272,73,0.2680957019329071,60.87384796142578,26.494007110595703,33559.53515625,E,1489.572021484375
57,60,745A6272,74,0.10695095360279083,22.438568115234375,24.59520149230957,10660.7021484375,E,1506.4259033203125
57,66,745A6272,75,0.20080825686454773,37.54584884643555,27.302400588989258,21981.3046875,E,1497.802490234375
58,78,745A6272,76,0.4418366253376007,99.75384521484375,30.0963191986084,70965.34375,E,1484.7794189453125
59,106,745A6272,77,1.15056312084198,292.88287353515625,32.41106033325195,241640.828125,E,1799.316162109375
60,64,745A6272,78,0.11408576369285583,16.625642776489258,24.084545135498047,7574.34716796875,E,1492.51025390625
61,67,745A6272,79,0.2813193202018738,42.28512954711914,15.543869018554688,8024.09033203125,E,1517.2418212890625
61,73,745A6272,80,0.7023048996925354,149.7386932373047,29.042024612426758,99192.2421875,E,1475.298828125
62,99,745A6272,81,1.699398159980774,323.4342346191406,28.52298355102539,206664.453125,E,1413.4754638671875
63,70,745A6272,82,1.094667911529541,63.02112579345703,15.518118858337402,11919.39453125,E,1483.5865478515625
63,73,745A6272,83,0.27480316162109375,59.35548400878906,29.69061851501465,41095.0234375,E,1471.629638671875
64,66,745A6272,84,0.03080001100897789,28.067279815673828,18.3472957611084,7420.52001953125,E,1483.600830078125
64,74,745A6272,85,0.44204652309417725,57.837127685546875,20.881013870239258,19806.13671875,E,1459.951171875
65,103,745A6272,86,2.056597948074341,200.797119140625,28.080564498901367,124353.7890625,E,1849.539794921875
66,84,745A6272,87,0.8629761934280396,155.36737060546875,28.203271865844727,97061.875,E,1429.4456787109375
67,77,745A6272,88,0.255498468875885,62.131690979003906,31.07045555114746,47108.39453125,E,1476.83544921875
68,87,745A6272,89,0.364707887172699,87.79117584228516,29.0781307220459,58300.69140625,E,1478.88916015625
68,88,745A6272,90,0.2528921663761139,70.79712677001953,29.546127319335938,48540.76953125,E,1488.8272705078125
69,81,745A6272,91,0.5590476989746094,114.15591430664062,29.28131103515625,76872.203125,E,1552.1580810546875
69,139,745A6272,92,1.0688714981079102,273.2652282714844,32.01774215698242,220016.71875,E,1472.942626953125
70,83,745A6272,93,0.32170844078063965,77.8678970336914,31.183622360229492,59470.48046875,E,1434.98779296875
71,79,745A6272,94,0.24799780547618866,36.47220993041992,25.174068450927734,18153.431640625,E,1518.6317138671875
71,81,745A6272,95,0.1780310869216919,36.027488708496094,13.112471580505371,4865.11328125,E,1522.916748046875
72,78,745A6272,96,0.49409425258636475,75.53640747070312,22.292217254638672,29481.716796875,E,1451.4923095703125
73,95,745A6272,97,0.3032938539981842,78.75733184814453,32.276851654052734,64441.140625,E,1410.70166015625
74,99,745A6272,98,0.39831095933914185,89.75425720214844,30.092432022094727,63835.09765625,E,1400.45751953125
75,80,745A6272,99,0.11045245826244354,22.883283615112305,20.447322845458984,7514.171875,E,1438.8516845703125
75,84,745A6272,100,0.09129750728607178,33.88020706176758,16.771764755249023,7485.0283203125,E,1437.31591796875
76,92,745A6272,101,0.34191393852233887,90.19898223876953,29.429365158081055,61355.47265625,E,1525.43798828125
76,107,745A6272,102,0.4011746942996979,109.8613510131836,30.568044662475586,80625.078125,E,1523.413818359375
77,97,745A6272,103,0.316600501537323,64.27897644042969,28.546560287475586,41140.19921875,E,1421.446533203125
77,105,745A6272,104,0.4624432921409607,93.680419921875,27.610841751098633,56091.62109375,E,1415.2003173828125
78,85,745A6272,105,0.04629629850387573,10.99692440032959,30.788894653320312,8187.46240234375,E,1434.00927734375
79,81,745A6272,106,0.08762036263942719,39.5089225769043,20.115951538085938,12556.431640625,E,1506.9415283203125
79,88,745A6272,107,0.3717811405658722,91.53313446044922,31.49210548400879,71297.0546875,E,1478.7220458984375
80,84,745A6272,108,0.0476069450378418,8.849641799926758,27.200754165649414,5142.53759765625,E,1425.817626953125
80,85,745A6272,109,0.13449755311012268,35.843284606933594,24.357177734375,16701.3515625,E,1427.9398193359375
81,122,745A6272,110,0.9324120879173279,187.91343688964844,29.225080490112305,126054.7265625,E,1425.3707275390625
82,90,745A6272,111,0.19512440264225006,53.09784698486328,20.771575927734375,17993.087890625,E,1625.9080810546875
82,107,745A6272,112,0.6004936099052429,155.1068878173828,32.21491622924805,126425.5859375,E,1555.17236328125
83,86,745A6272,113,0.036422863602638245,9.923282623291016,32.999717712402344,8487.224609375,E,1406.4337158203125
83,91,745A6272,114,0.037400517612695694,34.32492446899414,16.64978790283203,7473.37646484375,E,1403.464111328125
85,101,745A6272,115,0.2964228093624115,64.53948211669922,25.69159507751465,33457.80859375,E,1400.901611328125
86,91,745A6272,116,0.08868923038244247,30.843490600585938,30.09914207458496,21946.31640625,E,1394.4423828125
86,98,745A6272,117,0.5102936625480652,135.3366241455078,32.57766342163086,112809.3515625,E,1377.697021484375
87,88,745A6272,118,0.26510417461395264,81.60984802246094,27.580591201782227,48757.296875,E,1447.30615234375
87,96,745A6272,119,0.2965580224990845,67.31568908691406,30.104162216186523,47913.65234375,E,1421.64453125
88,122,745A6272,120,0.5905378460884094,142.4836883544922,31.23434829711914,109174.1796875,E,1402.0863037109375
89,90,745A6272,121,0.3971315920352936,105.38257598876953,32.60380172729492,87982.2734375,E,1659.9107666015625
90,156,745A6272,122,1.1447464227676392,266.1181640625,30.62674331665039,196049.640625,E,1510.32421875
91,95,745A6272,123,0.1791435331106186,52.65312957763672,27.95124626159668,32308.47265625,E,1382.9669189453125
92,124,745A6272,124,0.5534666776657104,149.73866271972656,32.8980712890625,127281.328125,E,1430.9327392578125
93,110,745A6272,125,0.6802476644515991,160.47508239746094,31.242919921875,123027.078125,E,1536.7073974609375
94,123,745A6272,126,5.952389240264893,162.6223602294922,28.277786254882812,102131.796875,E,1854.4091796875
95,113,745A6272,127,0.36315104365348816,90.19898223876953,31.576995849609375,70637.140625,E,1336.8369140625
96,101,745A6272,128,0.1337202489376068,38.61948776245117,27.4537410736084,22861.22265625,E,1383.646240234375
96,132,745A6272,129,0.7190325260162354,148.03610229492188,29.783830642700195,103137.984375,E,1344.05810546875
97,108,745A6272,130,0.30094674229621887,57.39241409301758,27.784954071044922,34798.7578125,E,1368.3988037109375
97,113,745A6272,131,4.748683452606201,182.10052490234375,15.3975830078125,33908.3125,E,1343.72705078125
98,100,745A6272,132,0.27506986260414124,71.2418441772461,32.190059661865234,57978.71484375,E,1356.3828125
98,127,745A6272,133,0.5004062652587891,143.665283203125,32.12568664550781,116451.8828125,E,1310.4580078125
99,116,745A6272,134,1.4817453622817993,102.89847564697266,20.254627227783203,33154.87109375,E,1330.8463134765625
100,114,745A6272,135,0.8586384057998657,145.444091796875,25.109661102294922,72022.4140625,E,1333.8544921875
100,120,745A6272,136,0.38920721411705017,87.86747741699219,30.292097091674805,63325.22265625,E,1309.161865234375
101,112,745A6272,137,0.318011999130249,61.94748306274414,28.08416175842285,38373.94921875,E,1344.7532958984375
102,129,745A6272,138,0.4540169835090637,116.74793243408203,29.813676834106445,81502.359375,E,1569.462158203125
103,157,745A6272,139,0.7258939743041992,185.2135467529297,31.996931076049805,148929.0,E,1677.7261962890625
104,132,745A6272,140,0.49378639459609985,104.67735290527344,27.355518341064453,61522.29296875,E,1343.921630859375
105,109,745A6272,141,0.46165770292282104,56.31876754760742,16.70264434814453,12339.953125,E,1359.788330078125
105,111,745A6272,142,0.19306477904319763,37.54584503173828,28.09994125366211,23284.267578125,E,1362.0196533203125
106,115,745A6272,143,0.446304589509964,124.3396987915039,31.661235809326172,97893.8515625,E,1686.6783447265625
106,117,745A6272,144,0.2726133167743683,70.53661346435547,32.273860931396484,57704.05078125,E,1628.91552734375
107,161,745A6272,145,0.7149382829666138,189.06338500976562,32.55247116088867,157349.4375,E,1402.235595703125
108,109,745A6272,146,0.4338649809360504,35.398563385009766,15.956329345703125,7078.50439453125,E,1338.6627197265625
108,176,745A6272,147,1.5374855995178223,292.3302307128906,27.0550594329834,168058.546875,E,1221.8017578125
109,165,745A6272,148,1.325923204421997,222.4225616455078,26.434690475463867,122072.3125,E,1242.2872314453125
110,129,745A6272,149,0.38441014289855957,91.90154266357422,30.972911834716797,69243.140625,E,1525.49560546875
110,169,745A6272,150,1.0644748210906982,214.27813720703125,29.867660522460938,150130.921875,E,1435.9990234375
111,159,745A6272,151,0.6369343996047974,153.035888671875,31.097864151000977,116236.96875,E,1287.8509521484375
111,191,745A6272,152,1.677042841911316,318.61865234375,27.926054000854492,195155.25,E,1213.0577392578125
112,116,745A6272,153,0.08564137667417526,34.32492446899414,19.37392807006836,10118.935546875,E,1310.8116455078125
112,126,745A6272,154,0.19446063041687012,35.398563385009766,21.85863494873047,13283.77734375,E,1300.98388671875
113,144,745A6272,155,0.49477848410606384,109.60083770751953,29.918506622314453,77051.9453125,E,1251.20068359375
114,125,745A6272,156,0.5065320134162903,117.63733673095703,30.58832550048828,86446.3125,E,1279.27294921875
114,131,745A6272,157,0.4067040979862213,64.27897644042969,22.392845153808594,25314.96875,E,1279.02685546875
116,121,745A6272,158,0.158453568816185,21.364927291870117,23.259389877319336,9077.953125,E,1294.517822265625
117,154,745A6272,159,0.8455019593238831,226.34872436523438,30.98234748840332,170646.1875,E,1617.7899169921875
117,156,745A6272,160,0.8287304639816284,225.90399169921875,33.06522750854492,193979.953125,E,1504.895751953125
118,123,745A6272,161,0.9237086176872253,20.920207977294922,16.26352882385254,4345.95751953125,E,1776.9066162109375
119,149,745A6272,162,4.095894813537598,105.93519592285156,20.476802825927734,34886.265625,E,1730.488037109375
120,125,745A6272,163,0.04633185639977455,10.99692440032959,30.804141998291016,8195.5732421875,E,1265.46923828125
120,130,745A6272,164,0.12727807462215424,41.21148681640625,29.587427139282227,28334.95703125,E,1256.4482421875
121,126,745A6272,165,0.14747819304466248,20.291284561157227,23.498258590698242,8799.7587890625,E,1285.37353515625
121,131,745A6272,166,0.11224154382944107,30.843490600585938,15.057318687438965,5492.2294921875,E,1273.274169921875
122,200,745A6272,167,1.27638840675354,239.90603637695312,27.257389068603516,139990.828125,E,1233.7274169921875
123,157,745A6272,168,0.7655467391014099,187.91343688964844,30.54206657409668,137671.671875,E,1688.614501953125
124,133,745A6272,169,0.12172886729240417,30.843490600585938,31.878551483154297,24617.875,E,1347.48974609375
124,137,745A6272,170,0.13074520230293274,40.76676940917969,29.558963775634766,27975.2890625,E,1353.0009765625
125,136,745A6272,171,0.09294352680444717,29.58563995361328,28.74833106994629,19204.1953125,E,1247.556396484375
126,128,745A6272,172,0.12211093306541443,16.625642776489258,23.538557052612305,7234.82421875,E,1276.8603515625
128,135,745A6272,173,0.07427548617124557,30.214563369750977,18.45233154296875,8079.9501953125,E,1262.4072265625
128,140,745A6272,174,0.133944571018219,34.32492446899414,22.35944938659668,13477.8828125,E,1253.871826171875
129,195,745A6272,175,0.9214195013046265,225.09088134765625,31.347951889038086,173726.53125,E,1465.359619140625
130,134,745A6272,176,0.16036905348300934,39.064205169677734,31.196931838989258,29860.1953125,E,1238.1048583984375
130,136,745A6272,177,0.019167400896549225,35.39856719970703,27.658166885375977,21267.7890625,E,1236.4254150390625
131,135,745A6272,178,0.0798899307847023,10.99692440032959,23.475387573242188,4759.77734375,E,1256.9146728515625
132,223,745A6272,179,1.345700979232788,272.8968200683594,28.140151977539062,169723.21875,E,1180.76611328125
133,137,745A6272,180,0.2529556155204773,44.692928314208984,17.26983642578125,10468.9990234375,E,1335.687744140625
133,172,745A6272,181,0.6431286334991455,163.95652770996094,32.03995132446289,132191.125,E,1258.7381591796875
134,144,745A6272,182,0.6858888864517212,129.7079315185547,26.518936157226562,71642.1484375,E,1225.277099609375
134,145,745A6272,183,0.18149875104427338,44.432411193847656,18.219219207763672,11583.7529296875,E,1217.0062255859375
135,138,745A6272,184,0.07682497054338455,11.441641807556152,24.48067855834961,5385.4892578125,E,1248.2978515625
136,162,745A6272,185,0.41262784600257874,95.19877624511719,30.428348541259766,69227.3984375,E,1191.367919921875
137,141,745A6272,186,0.13561786711215973,35.58277130126953,32.373661041259766,29289.58984375,E,1337.759521484375
138,140,745A6272,187,0.14509350061416626,30.214563369750977,22.240375518798828,11737.900390625,E,1240.8668212890625
138,173,745A6272,188,0.6321848630905151,134.4471893310547,29.294233322143555,90616.2109375,E,1183.2767333984375
139,171,745A6272,189,1.1789793968200684,269.860107421875,30.080751419067383,191781.171875,E,1379.163818359375
139,180,745A6272,190,0.6964484453201294,163.95652770996094,30.773147583007812,121944.5625,E,1272.9078369140625
140,221,745A6272,191,0.99683678150177,234.27734375,30.819150924682617,174767.84375,E,1130.275146484375
141,147,745A6272,192,0.07526185363531113,18.772924423217773,31.5483455657959,14674.89453125,E,1331.931884765625
141,153,745A6272,193,0.7263535857200623,91.71734619140625,19.346820831298828,26962.525390625,E,1309.775390625
142,165,745A6272,194,0.41725394129753113,78.12841033935547,27.738351821899414,47212.84375,E,1186.7086181640625
143,185,745A6272,195,0.7851194143295288,142.03897094726562,28.423362731933594,90125.6328125,E,1493.85107421875
144,164,745A6272,196,0.2845858335494995,73.57333374023438,27.66155242919922,44214.3671875,E,1174.137939453125
145,151,745A6272,197,0.06752956658601761,18.328208923339844,25.523574829101562,9377.6259765625,E,1193.7091064453125
145,164,745A6272,198,0.37723273038864136,87.79119110107422,30.56564712524414,64418.1171875,E,1174.3973388671875
146,170,745A6272,199,0.3616037666797638,83.12820434570312,30.538053512573242,60886.4921875,E,1691.931640625
147,153,745A6272,200,0.10134921967983246,19.846567153930664,28.083633422851562,12293.6787109375,E,1329.9298095703125
148,150,745A6272,201,1.1769201755523682,66.686767578125,20.02898597717285,21011.037109375,E,1744.287841796875
148,155,745A6272,202,0.8464624285697937,31.73292350769043,24.7459774017334,15261.9208984375,E,1738.547119140625
149,150,745A6272,203,0.23009230196475983,57.20820617675781,31.578357696533203,44805.08203125,E,1697.15966796875
149,154,745A6272,204,0.21131634712219238,55.689849853515625,32.51993942260742,46255.71484375,E,1659.4302978515625
150,155,745A6272,205,0.16362334787845612,34.9538459777832,29.39971923828125,23728.552734375,E,1721.0704345703125
151,158,745A6272,206,0.2625131607055664,60.42912292480469,30.34794044494629,43711.390625,E,1180.2225341796875
151,181,745A6272,207,0.6584486365318298,116.56371307373047,25.71670913696289,60545.80078125,E,1135.3197021484375
152,188,745A6272,208,0.6085746884346008,135.96554565429688,29.92445182800293,95624.9375,E,1285.320068359375
153,161,745A6272,209,0.2785845100879669,57.39241409301758,24.417186737060547,26874.20703125,E,1320.648193359375
154,198,745A6272,210,1.5764487981796265,418.7093505859375,32.71232986450195,351905.03125,E,1464.482421875
156,204,745A6272,211,0.7440756559371948,201.24185180664062,31.843992233276367,160274.046875,E,1309.498046875
157,163,745A6272,212,0.11370867490768433,28.69620704650879,31.770803451538086,22749.443359375,E,1593.8656005859375
158,162,745A6272,213,0.16624781489372253,52.65312957763672,29.819860458374023,36772.6796875,E,1154.8394775390625
158,181,745A6272,214,0.5022515058517456,100.12226104736328,26.395565032958984,54787.625,E,1125.456298828125
159,172,745A6272,215,0.19130370020866394,63.02112579345703,25.925081253051758,33267.203125,E,1205.71044921875
159,244,745A6272,216,1.2338073253631592,284.10955810546875,31.79987144470215,225645.375,E,1102.5599365234375
160,170,745A6272,217,0.35812413692474365,79.83097076416016,27.677474975585938,48030.1796875,E,1698.406494140625
161,207,745A6272,218,0.4854573905467987,139.8916778564453,31.626419067382812,109895.9765625,E,1255.15673828125
162,199,745A6272,219,0.413374125957489,115.49005889892578,30.78744125366211,85976.875,E,1098.6685791015625
163,185,745A6272,220,1.3748815059661865,154.73846435546875,23.355031967163086,66290.1640625,E,1517.5819091796875
163,224,745A6272,221,0.7690650224685669,187.72923278808594,31.250303268432617,143989.3125,E,1503.318603515625
164,166,745A6272,222,0.01355199608951807,3.6656415462493896,32.89299011230469,3114.917724609375,E,1141.748046875
165,168,745A6272,223,0.07103937864303589,18.328208923339844,32.04931640625,14785.8896484375,E,1146.0758056640625
166,177,745A6272,224,0.524765133857727,60.61333084106445,18.253780364990234,15862.2099609375,E,1119.9908447265625
166,186,745A6272,225,0.3483855724334717,75.53640747070312,29.766948699951172,52567.19921875,E,1107.1087646484375
167,169,745A6272,226,2.629413366317749,112.45336151123047,24.225482940673828,51833.1015625,E,1363.3740234375
168,176,745A6272,227,0.3013339042663574,66.24205017089844,30.19194793701172,47424.84375,E,1120.3768310546875
168,191,745A6272,228,0.43821531534194946,69.7234878540039,19.928632736206055,21748.232421875,E,1107.641845703125
169,171,745A6272,229,0.15700581669807434,32.80656814575195,28.893173217773438,21510.03515625,E,1321.6502685546875
170,182,745A6272,230,0.1691587120294571,49.61640930175781,28.13036346435547,30836.556640625,E,1641.7666015625
171,175,745A6272,231,0.03530251234769821,7.331283092498779,28.806777954101562,4778.14404296875,E,1307.542724609375
172,266,745A6272,232,0.9652048349380493,211.76246643066406,30.865266799926758,158445.140625,E,1085.409912109375
173,201,745A6272,233,0.4568950831890106,98.15919494628906,29.61798667907715,67628.8359375,E,1080.933349609375
173,249,745A6272,234,1.9093358516693115,207.8363037109375,22.817052841186523,84982.6796875,E,1040.6712646484375
174,182,745A6272,235,1.0481829643249512,255.64227294921875,31.59737205505371,200458.515625,E,1729.813720703125
175,184,745A6272,236,0.06347781419754028,33.88020324707031,18.42522430419922,9033.6123046875,E,1294.8056640625
175,237,745A6272,237,0.8127511143684387,181.8400115966797,29.97553253173828,128325.5546875,E,1216.519775390625
176,179,745A6272,238,0.024917399510741234,7.331283092498779,34.302494049072266,6775.18701171875,E,1100.3048095703125
177,179,745A6272,239,0.021348528563976288,6.257641315460205,34.2482795715332,5764.71826171875,E,1098.037109375
177,186,745A6272,240,0.28084367513656616,72.94441223144531,28.60883140563965,46890.203125,E,1080.2772216796875
178,208,745A6272,241,0.44866639375686646,89.30953979492188,28.30579948425293,56200.2890625,E,1107.137939453125
179,213,745A6272,242,0.1927078664302826,84.20185852050781,32.29487228393555,68972.9296875,E,1059.9027099609375
180,183,745A6272,243,0.0466950386762619,9.923283576965332,29.13204574584961,6614.35107421875,E,1195.0101318359375
180,192,745A6272,244,0.13158521056175232,38.61948776245117,27.620895385742188,23140.455078125,E,1178.3697509765625
181,225,745A6272,245,0.4352555572986603,102.34585571289062,30.910869598388672,76803.78125,E,1035.54296875
182,224,745A6272,246,0.9486314058303833,220.09109497070312,31.168136596679688,167924.5,E,1526.0390625
183,187,745A6272,247,0.1686890423297882,31.732921600341797,27.578542709350586,18955.818359375,E,1198.5272216796875
183,193,745A6272,248,0.24940671026706696,26.54892349243164,18.790185928344727,7362.052734375,E,1185.3348388671875
184,189,745A6272,249,1.0314182043075562,97.97498321533203,22.77765464782715,39922.9921875,E,1313.2742919921875
184,296,745A6272,250,1.1366829872131348,243.49539184570312,29.894271850585938,170905.71875,E,1175.234130859375
185,194,745A6272,251,0.043090905994176865,26.54892349243164,21.921884536743164,10020.57421875,E,1442.0224609375
186,205,745A6272,252,0.21201924979686737,50.5058479309082,30.782114028930664,37586.203125,E,1051.7783203125
187,188,745A6272,253,0.2831745743751526,57.20820617675781,28.896804809570312,37518.70703125,E,1213.722412109375
187,193,745A6272,254,0.07939672470092773,30.214567184448242,18.296470642089844,7944.0302734375,E,1186.694091796875
188,217,745A6272,255,0.34305477142333984,78.75733184814453,28.063825607299805,48716.3359375,E,1187.87939453125
189,197,745A6272,256,0.36009418964385986,86.97804260253906,31.160917282104492,66331.5234375,E,1339.7373046875
189,219,745A6272,257,0.4973751902580261,74.4627685546875,23.0698184967041,31125.578125,E,1305.3275146484375
190,220,745A6272,258,0.5356355905532837,74.4627685546875,24.194032669067383,34233.05078125,E,1050.5313720703125
191,211,745A6272,259,0.1544174700975418,55.2451286315918,31.297910690307617,42502.5078125,E,1052.6824951171875
192,193,745A6272,260,0.32175713777542114,40.58256530761719,19.552827835083008,12185.6455078125,E,1166.1729736328125
192,196,745A6272,261,0.07304078340530396,13.588926315307617,27.241413116455078,7920.166015625,E,1154.953857421875
194,195,745A6272,262,0.08823011070489883,21.809640884399414,21.71994400024414,8080.8271484375,E,1423.1263427734375
194,215,745A6272,263,0.15749992430210114,45.766563415527344,27.084321975708008,26367.814453125,E,1416.4898681640625
195,210,745A6272,264,0.1269865334033966,37.990562438964844,25.475292205810547,19364.396484375,E,1402.895751953125
196,200,745A6272,265,0.13282360136508942,32.80656433105469,23.4398136138916,14156.599609375,E,1137.6168212890625
196,214,745A6272,266,0.3263942301273346,56.76348876953125,19.34343719482422,16681.158203125,E,1126.6685791015625
197,202,745A6272,267,0.08070627599954605,18.772924423217773,30.52606201171875,13739.2607421875,E,1352.10498046875
197,203,745A6272,268,0.4749486744403839,66.8709716796875,18.73185920715332,18428.46875,E,1372.23486328125
198,206,745A6272,269,0.3189548850059509,86.79385375976562,32.99717712402344,74221.9609375,E,1270.125244140625
198,212,745A6272,270,0.055084213614463806,43.358768463134766,25.73195457458496,22548.2265625,E,1294.758544921875
199,201,745A6272,271,0.038811542093753815,10.99692440032959,33.66550827026367,9788.845703125,E,1044.4893798828125
199,239,745A6272,272,0.4338441789150238,102.4537582397461,31.123668670654297,77946.984375,E,1008.6115112304688
200,209,745A6272,273,0.07043281197547913,14.033641815185547,28.227388381958008,8782.166015625,E,1120.7611083984375
201,252,745A6272,274,0.6566455364227295,105.56678009033203,23.91046714782715,47401.62890625,E,993.719970703125
202,203,745A6272,275,0.10387732833623886,20.291284561157227,28.062213897705078,12549.9873046875,E,1358.3819580078125
203,210,745A6272,276,0.31399106979370117,68.20513153076172,29.834257125854492,47680.125,E,1375.84619140625
204,206,745A6272,277,0.1715385615825653,43.61928176879883,31.949466705322266,34970.0,E,1228.713623046875
204,207,745A6272,278,0.2052387297153473,53.09784698486328,32.22853469848633,43315.9609375,E,1202.584228515625
205,227,745A6272,279,0.26104941964149475,55.874053955078125,20.126117706298828,17775.427734375,E,1007.23974609375
205,231,745A6272,280,0.3007674813270569,68.38933563232422,27.13849639892578,39559.41015625,E,1007.5906372070312
206,241,745A6272,281,0.26591476798057556,79.64676666259766,27.8433895111084,48495.5859375,E,1213.82861328125
207,253,745A6272,282,0.8018575310707092,226.79342651367188,33.64133071899414,201588.9375,E,1110.780029296875
208,221,745A6272,283,0.25858888030052185,64.09477233886719,28.031719207763672,39555.9609375,E,1042.46826171875
208,226,745A6272,284,0.3424386978149414,87.60697937011719,26.294057846069336,47571.16796875,E,1061.158203125
209,214,745A6272,285,0.07421240210533142,13.588924407958984,27.062515258789062,7816.4814453125,E,1111.53515625
209,228,745A6272,286,0.6963494420051575,73.57333374023438,18.967342376708984,20788.505859375,E,1087.8995361328125
210,215,745A6272,287,0.04762599617242813,12.51528263092041,32.4376106262207,10342.5654296875,E,1394.664306640625
211,213,745A6272,288,0.08941307663917542,26.993640899658203,34.75405502319336,25607.212890625,E,1024.0787353515625
211,220,745A6272,289,0.14585667848587036,43.803489685058594,34.645381927490234,41294.22265625,E,1020.5840454101562
212,241,745A6272,290,0.5325305461883545,115.85848999023438,30.28587532043457,83463.7734375,E,1242.559814453125
212,247,745A6272,291,0.9655208587646484,257.0843200683594,32.656341552734375,215328.015625,E,1349.4892578125
213,233,745A6272,292,0.16766835749149323,50.69004821777344,34.76837921142578,48126.19140625,E,1002.9712524414062
214,229,745A6272,293,0.18205955624580383,32.17763900756836,26.786346435546875,18133.056640625,E,1093.2281494140625
215,216,745A6272,294,0.013841323554515839,3.6656415462493896,32.54738998413086,3049.80615234375,E,1397.044677734375
216,250,745A6272,295,0.2992652654647827,85.01497650146484,27.352689743041992,49955.73828125,E,1384.80078125
216,289,745A6272,296,0.8836030960083008,200.060302734375,30.40308952331543,145240.0,E,1312.283203125
217,230,745A6272,297,0.156044602394104,34.509132385253906,29.690183639526367,23891.845703125,E,1135.6009521484375
217,237,745A6272,298,0.14414294064044952,43.358768463134766,19.800846099853516,13351.630859375,E,1142.0947265625
218,254,745A6272,299,1.3851070404052734,73.83384704589844,14.929411888122559,12925.0068359375,E,981.4445190429688
219,222,745A6272,300,0.052510201930999756,12.51528263092041,30.82345199584961,9338.84375,E,1280.2369384765625
219,315,745A6272,301,1.3917076587677002,260.85784912109375,28.147891998291016,162325.046875,E,1178.8070068359375
220,242,745A6272,302,0.18034806847572327,52.65312957763672,34.21553039550781,48412.84765625,E,997.27490234375
221,245,745A6272,303,0.2280021607875824,48.35856628417969,29.32291603088379,32657.099609375,E,1002.4146728515625
222,236,745A6272,304,0.11996504664421082,26.10420799255371,29.50249481201172,17845.056640625,E,1276.786376953125
222,240,745A6272,305,0.3175063729286194,37.10112762451172,12.416189193725586,4492.1435546875,E,1261.620361328125
223,226,745A6272,306,0.03510540723800659,8.849641799926758,31.754539489746094,7008.53466796875,E,1058.9332275390625
223,228,745A6272,307,0.0291195809841156,7.331283092498779,31.720657348632812,5793.67626953125,E,1059.4468994140625
224,250,745A6272,308,0.20567862689495087,62.131690979003906,30.75967025756836,46170.69140625,E,1402.7860107421875
225,227,745A6272,309,0.013015663251280785,3.6656415462493896,33.5638542175293,3243.273193359375,E,986.2645263671875
225,239,745A6272,310,0.14668001234531403,56.763484954833984,26.536659240722656,31394.34375,E,982.3422241210938
226,245,745A6272,311,0.6561166048049927,146.96246337890625,28.672788619995117,94893.4296875,E,1008.7826538085938
227,255,745A6272,312,0.14035266637802124,57.20820617675781,33.11661148071289,49276.515625,E,959.0472412109375
228,234,745A6272,313,0.058056846261024475,13.588924407958984,30.5754337310791,9977.4658203125,E,1056.030517578125
228,270,745A6272,314,0.4342041015625,84.38605499267578,26.506162643432617,46564.4296875,E,1019.2786865234375
229,232,745A6272,315,0.017471520230174065,3.6656415462493896,28.969409942626953,2416.12353515625,E,1077.0828857421875
229,235,745A6272,316,1.503048062324524,95.38298034667969,14.963373184204102,16773.349609375,E,1097.801513671875
230,235,745A6272,317,0.07322388142347336,16.180925369262695,29.809694290161133,11292.97265625,E,1113.9730224609375
230,246,745A6272,318,0.12103938311338425,48.098052978515625,24.297035217285156,22300.98046875,E,1113.406494140625
231,233,745A6272,319,0.05587880685925484,29.58563995361328,34.48739242553711,27637.04296875,E,982.366455078125
231,251,745A6272,320,0.19884170591831207,51.134769439697266,32.22211837768555,41697.91796875,E,960.9075317382812
232,234,745A6272,321,0.3434738516807556,47.72964096069336,16.598966598510742,10328.568359375,E,1065.91796875
232,258,745A6272,322,0.16079191863536835,52.468929290771484,29.440114974975586,35716.6796875,E,1055.5921630859375
233,238,745A6272,323,0.029589872807264328,8.849641799926758,34.76837921142578,8402.03515625,E,978.7351684570312
234,257,745A6272,324,0.5828166007995605,63.834251403808594,19.710817337036133,19478.384765625,E,1041.6790771484375
235,263,745A6272,325,0.4040933847427368,89.30953979492188,29.794931411743164,62269.0859375,E,1068.32763671875
236,240,745A6272,326,0.2196061611175537,25.030563354492188,19.526399612426758,7495.57275390625,E,1263.770751953125
236,260,745A6272,327,0.23718757927417755,56.94769287109375,31.19434928894043,43522.90234375,E,1267.81396484375
237,246,745A6272,328,0.14126171171665192,29.769847869873047,29.016170501708984,19685.51171875,E,1120.7366943359375
238,849,745A6272,329,3.1595420837402344,974.9366455078125,35.800079345703125,981373.3125,F,487.4698486328125
239,248,745A6272,330,0.1219286099076271,33.435489654541016,33.1905403137207,28928.51953125,E,957.199462890625
240,280,745A6272,331,0.3521718680858612,77.05477142333984,26.436553955078125,42295.9765625,E,1223.0555419921875
241,360,745A6272,332,1.4005050659179688,365.1983642578125,32.323585510253906,299680.0,E,1016.9222412109375
242,849,745A6272,333,3.255089044570923,977.8163452148438,35.800079345703125,984272.0,F,488.9091796875
243,356,745A6272,334,2.9274814128875732,284.9673767089844,29.705900192260742,197501.53125,E,1153.33642578125
244,849,745A6272,335,3.269066572189331,978.183837890625,35.800079345703125,984641.9375,F,489.0936279296875
245,249,745A6272,336,0.03405370935797691,7.331283092498779,29.335342407226562,4955.09716796875,E,977.60107421875
246,259,745A6272,337,0.057729192078113556,21.364927291870117,29.648412704467773,14750.07421875,E,1095.0870361328125
247,264,745A6272,338,0.4288867712020874,108.78771209716797,31.873849868774414,86803.8125,E,1426.2947998046875
247,283,745A6272,339,0.22610527276992798,72.05497741699219,31.68564796447754,56817.1015625,E,1366.0587158203125
248,255,745A6272,340,0.10201107710599899,30.214567184448242,34.43802261352539,28143.796875,E,937.0545654296875
248,261,745A6272,341,0.26134541630744934,57.837127685546875,26.239849090576172,31276.58203125,E,933.5897216796875
249,279,745A6272,342,0.2369019091129303,53.72676467895508,26.554569244384766,29754.94140625,E,951.0322875976562
250,372,745A6272,343,1.4481147527694702,350.6883850097656,31.165340423583984,267519.25,E,1227.5238037109375
251,849,745A6272,344,2.9988014698028564,939.8815307617188,35.800079345703125,946086.75,F,469.9421691894531
252,256,745A6272,345,0.06274919956922531,9.923283576965332,25.061084747314453,4894.91357421875,E,944.1239624023438
252,265,745A6272,346,0.11246741563081741,20.920207977294922,27.17461585998535,12133.4052734375,E,939.7074584960938
253,268,745A6272,347,0.20163387060165405,39.6931266784668,29.171142578125,26528.4609375,E,1011.1947021484375
253,275,745A6272,348,0.3988584578037262,34.32492446899414,16.726024627685547,7541.97216796875,E,1012.2889404296875
254,256,745A6272,349,0.19491535425186157,21.809640884399414,15.324310302734375,4022.538818359375,E,944.1510620117188
254,262,745A6272,350,0.10268999636173248,13.588924407958984,16.88018798828125,3041.091552734375,E,943.9547729492188
255,272,745A6272,351,0.09541139006614685,29.769847869873047,35.33861541748047,29198.837890625,E,921.7581176757812
256,277,745A6272,352,0.4481145739555359,32.17763900756836,15.38355827331543,5980.77734375,E,926.9031982421875
257,258,745A6272,353,0.05455469340085983,12.960000038146973,30.81261444091797,9663.8896484375,E,1031.2630615234375
257,274,745A6272,354,0.3865993022918701,90.0147705078125,27.669893264770508,54127.58203125,E,999.7913208007812
258,263,745A6272,355,0.015155748464167118,3.6656415462493896,31.10400390625,2785.30322265625,E,1033.4669189453125
259,296,745A6272,356,0.4950874447822571,117.56105041503906,31.06052017211914,89078.0703125,E,1078.2838134765625
259,307,745A6272,357,0.5022185444831848,115.41377258300781,30.683298110961914,85339.7890625,E,1034.94677734375
260,282,745A6272,358,0.2823738157749176,66.8709716796875,27.803457260131836,40599.9140625,E,1229.7598876953125
260,289,745A6272,359,0.2855176329612732,72.05497741699219,31.778400421142578,57150.2265625,E,1252.6651611328125
261,265,745A6272,360,0.13537481427192688,31.73292350769043,22.13001823425293,12205.72265625,E,933.8201904296875
261,276,745A6272,361,0.03743590787053108,31.2882080078125,19.79068374633789,9624.810546875,E,918.9127807617188
262,269,745A6272,362,0.7577606439590454,73.57333374023438,19.982742309570312,23073.873046875,E,952.993408203125
262,273,745A6272,363,0.3182702660560608,39.064208984375,18.348424911499023,10329.1953125,E,934.3790893554688
263,301,745A6272,364,0.3919403553009033,96.01191711425781,28.86854362487793,62844.13671875,E,1007.1350708007812
264,271,745A6272,365,0.6009150743484497,112.71385955810547,28.10154151916504,69908.1015625,E,1498.146728515625
264,288,745A6272,366,0.303363174200058,54.6161994934082,25.892894744873047,28758.919921875,E,1437.387939453125
265,267,745A6272,367,0.04550907388329506,8.849641799926758,27.907201766967773,5413.1259765625,E,927.7896728515625
266,849,745A6272,368,3.337569236755371,988.1810913085938,35.800079345703125,994705.1875,F,494.0923156738281
267,276,745A6272,369,0.0961570143699646,24.585847854614258,27.0143985748291,14091.7744140625,E,914.2977905273438
267,278,745A6272,370,0.07037090510129929,28.251487731933594,27.798437118530273,17146.361328125,E,917.0303955078125
268,849,745A6272,371,3.354897975921631,993.1453857421875,35.800079345703125,999702.25,F,496.574462890625
269,273,745A6272,372,0.018999449908733368,3.6656415462493896,27.78014373779297,2221.820068359375,E,933.8635864257812
269,279,745A6272,373,0.17778731882572174,32.361846923828125,27.017789840698242,18553.37109375,E,930.640625
270,274,745A6272,374,0.01609903760254383,3.6656415462493896,30.179014205932617,2622.104248046875,E,980.7318115234375
270,286,745A6272,375,0.7162294387817383,121.74771881103516,25.34221649169922,61410.1171875,E,953.83837890625
271,288,745A6272,376,1.063054084777832,124.9686508178711,25.035669326782227,61519.015625,E,1469.5322265625
272,849,745A6272,377,2.867643356323242,912.5165405273438,35.800079345703125,918541.0625,F,456.2593994140625
273,284,745A6272,378,0.2002827376127243,28.69620704650879,24.30584716796875,13314.8388671875,E,919.4903564453125
274,292,745A6272,379,0.30287420749664307,62.131690979003906,28.937902450561523,40863.6484375,E,952.5448608398438
275,849,745A6272,380,3.3728015422821045,999.5076293945312,35.800079345703125,1006106.5,F,499.7557067871094
276,290,745A6272,381,0.20558810234069824,54.35569381713867,32.7195930480957,45703.6328125,E,888.5422973632812
277,278,745A6272,382,0.019125208258628845,3.6656415462493896,27.688657760620117,2207.2099609375,E,910.18212890625
277,285,745A6272,383,0.2869858741760254,40.137847900390625,24.099063873291016,18308.14453125,E,907.372802734375
278,303,745A6272,384,0.2842591404914856,57.20820617675781,28.852277755737305,37403.171875,E,882.5699462890625
279,281,745A6272,385,0.03546374291181564,6.257641315460205,26.556991577148438,3466.237548828125,E,923.7059936523438
280,282,745A6272,386,0.017681829631328583,3.6656415462493896,28.796611785888672,2387.38623046875,E,1198.858154296875
280,331,745A6272,387,0.7440423965454102,148.84922790527344,28.468246459960938,94745.3515625,E,1129.709228515625
281,286,745A6272,388,0.11787950992584229,27.6225643157959,25.2897891998291,13875.3603515625,E,920.7697143554688
281,294,745A6272,389,0.2319936454296112,41.21148681640625,27.0555419921875,23693.033203125,E,903.2200927734375
282,332,745A6272,390,0.8310450315475464,128.00534057617188,27.886995315551758,78184.640625,E,1165.9263916015625
283,293,745A6272,391,1.011277675628662,57.20820617675781,13.027088165283203,7625.0546875,E,1310.3358154296875
283,299,745A6272,392,0.3629685044288635,51.134769439697266,25.033878326416016,25168.798828125,E,1314.6298828125
284,285,745A6272,393,0.07867594063282013,14.033641815185547,24.004968643188477,6351.29931640625,E,905.19677734375
284,294,745A6272,394,0.20462068915367126,35.58277130126953,19.84150505065918,11002.18359375,E,896.5877685546875
285,303,745A6272,395,1.039495825767517,61.05805206298828,16.64978790283203,13293.8330078125,E,876.37158203125
286,295,745A6272,396,0.21727406978607178,22.883283615112305,16.632844924926758,4972.11669921875,E,908.499755859375
287,313,745A6272,397,2.077615976333618,102.89847564697266,15.583127975463867,19624.9296875,E,1336.1820068359375
288,305,745A6272,398,0.1724298596382141,40.76676940917969,30.847536087036133,30467.521484375,E,1399.766357421875
289,351,745A6272,399,1.0619399547576904,173.14295959472656,23.576364517211914,75587.2265625,E,1181.740478515625
290,849,745A6272,400,2.7817702293395996,872.3033447265625,35.800079345703125,878062.375,F,436.15313720703125
291,342,745A6272,401,0.9106719493865967,172.36143493652344,27.955625534057617,105795.8046875,E,968.4747314453125
292,312,745A6272,402,0.1528463363647461,53.282047271728516,26.448564529418945,29273.521484375,E,903.2950439453125
292,322,745A6272,403,0.6817864775657654,162.0697479248047,31.24479866027832,124264.5625,E,919.97998046875
293,302,745A6272,404,0.5112577676773071,24.585847854614258,7.169506072998047,992.5526123046875,E,1288.209228515625
293,314,745A6272,405,1.1033891439437866,47.4691276550293,13.233176231384277,6528.73974609375,E,1263.5347900390625
294,298,745A6272,406,0.033014919608831406,7.776000022888184,30.697412490844727,5755.05712890625,E,882.7132568359375
295,297,745A6272,407,0.08126910775899887,9.923283576965332,22.082822799682617,3800.6201171875,E,897.625244140625
295,300,745A6272,408,0.18396590650081635,27.6225643157959,11.892706871032715,3068.42333984375,E,892.1597900390625
296,315,745A6272,409,0.2027742564678192,45.32184600830078,30.006214141845703,32049.396484375,E,1063.6064453125
297,306,745A6272,410,0.18391956388950348,22.438568115234375,19.299388885498047,6564.0537109375,E,886.258544921875
297,309,745A6272,411,0.23888562619686127,40.76676940917969,26.345354080200195,22223.080078125,E,890.194091796875
298,300,745A6272,412,0.1314512938261032,30.659282684326172,24.867952346801758,14891.275390625,E,879.22265625
298,323,745A6272,413,0.27317047119140625,73.12861633300781,32.814327239990234,61844.94921875,E,846.4552612304688
299,302,745A6272,414,0.039394862949848175,2.5920000076293945,16.222869873046875,535.7723388671875,E,1290.4969482421875
300,306,745A6272,415,0.1374770998954773,24.585847854614258,20.74413299560547,8309.3232421875,E,876.1932983398438
301,307,745A6272,416,0.0491354763507843,17.254566192626953,29.929975509643555,12139.6640625,E,983.232666015625
301,322,745A6272,417,0.19494153559207916,59.094974517822266,24.449504852294922,27744.734375,E,956.238037109375
302,310,745A6272,418,0.19788257777690887,22.438568115234375,12.272189140319824,2654.17236328125,E,1278.313720703125
302,313,745A6272,419,0.5186404585838318,27.17784881591797,12.448376655578613,3307.732666015625,E,1289.439208984375
303,311,745A6272,420,0.08558884263038635,25.030563354492188,34.284423828125,23107.56640625,E,846.157470703125
304,326,745A6272,421,1.8052020072937012,92.34625244140625,15.518118858337402,17465.75390625,E,1071.224853515625
305,319,745A6272,422,0.37061071395874023,93.8646240234375,31.92242431640625,75124.84375,E,1398.2041015625
305,325,745A6272,423,0.3927028477191925,107.00883483886719,30.645536422729492,78930.34375,E,1333.882080078125
306,309,745A6272,424,0.32676464319229126,45.76656723022461,19.741708755493164,14009.017578125,E,873.26904296875
307,333,745A6272,425,0.3101201057434082,74.01805114746094,30.979585647583008,55792.87890625,E,965.1342163085938
308,366,745A6272,426,0.9371564388275146,241.11915588378906,32.18668746948242,196188.78125,E,1408.0469970703125
309,312,745A6272,427,0.017276985570788383,3.6656415462493896,29.132047653198242,2443.32861328125,E,879.5740966796875
310,316,745A6272,428,0.34458449482917786,22.438568115234375,12.136659622192383,2595.87255859375,E,1273.6700439453125
310,318,745A6272,429,0.38904717564582825,19.84656524658203,15.026341438293457,3519.50634765625,E,1260.362060546875
311,849,745A6272,430,2.7361066341400146,837.2440795898438,35.800079345703125,842771.6875,F,418.621826171875
312,317,745A6272,431,0.02457040548324585,10.368000030517578,29.05750846862793,6875.4580078125,E,873.885498046875
313,316,745A6272,432,0.17973941564559937,10.99692440032959,15.557083129882812,2090.342529296875,E,1282.520263671875
314,318,745A6272,433,0.4715605676174164,22.438568115234375,9.610729217529297,1627.78759765625,E,1247.8199462890625
314,327,745A6272,434,0.876440167427063,46.39548873901367,12.965083122253418,6125.14306640625,E,1225.6641845703125
315,326,745A6272,435,0.13355618715286255,31.73292350769043,30.8109188079834,23659.703125,E,1042.644287109375
316,321,745A6272,436,0.15761798620224,15.107283592224121,15.928094863891602,3010.259521484375,E,1270.57275390625
317,341,745A6272,437,0.48434892296791077,106.56411743164062,29.775197982788086,74201.078125,E,855.0711669921875
317,343,745A6272,438,0.3560839593410492,90.38318634033203,32.43993377685547,74702.8984375,E,826.290283203125
318,320,745A6272,439,0.07766611874103546,7.331283092498779,19.401037216186523,2167.3037109375,E,1252.2186279296875
320,321,745A6272,440,0.21861384809017181,19.217641830444336,18.73101234436035,5295.56689453125,E,1258.21728515625
320,327,745A6272,441,0.4497829079627991,44.432411193847656,18.128755569458008,11469.0048828125,E,1231.14501953125
321,328,745A6272,442,0.15793655812740326,29.769847869873047,22.308143615722656,11635.72265625,E,1264.24267578125
322,324,745A6272,443,0.03251614049077034,8.849641799926758,32.99463653564453,7566.6259765625,E,925.76171875
323,849,745A6272,444,2.7026968002319336,814.8656005859375,35.800079345703125,820245.4375,F,407.42901611328125
324,333,745A6272,445,0.22390469908714294,78.57312774658203,28.266775131225586,49307.89453125,E,929.4617919921875
324,344,745A6272,446,0.3106135427951813,75.27589416503906,31.26133155822754,57777.76953125,E,888.7731323242188
325,328,745A6272,447,0.10867076367139816,22.438568115234375,28.712751388549805,14528.96484375,E,1272.3271484375
325,330,745A6272,448,0.14579859375953674,17.254566192626953,21.057205200195312,6008.9052734375,E,1282.9686279296875
326,329,745A6272,449,0.048639170825481415,11.441641807556152,30.612030029296875,8420.9775390625,E,1028.810302734375
327,347,745A6272,450,0.5344955325126648,67.94461059570312,19.807199478149414,20935.873046875,E,1182.3748779296875
328,350,745A6272,451,0.4037720859050751,86.27281188964844,26.811447143554688,48708.453125,E,1217.962646484375
329,348,745A6272,452,0.2650611400604248,57.837127685546875,26.20461082458496,31192.6328125,E,1013.4431762695312
329,349,745A6272,453,0.40275564789772034,75.27589416503906,27.7416934967041,45500.0390625,E,987.4569091796875
331,334,745A6272,454,0.022797083482146263,3.6656415462493896,25.36094093322754,1851.6998291015625,E,1060.21044921875
331,348,745A6272,455,0.2782444655895233,63.2053337097168,22.438127517700195,24992.91015625,E,1031.7569580078125
332,338,745A6272,456,0.20189052820205688,29.769847869873047,21.322649002075195,10630.380859375,E,1117.8919677734375
332,339,745A6272,457,0.1388058364391327,29.140928268432617,28.921356201171875,19143.90625,E,1131.675537109375
333,357,745A6272,458,0.40754780173301697,105.75099182128906,32.21590805053711,86201.5546875,E,918.579833984375
334,336,745A6272,459,0.11965397000312805,12.51528263092041,21.366212844848633,4487.3056640625,E,1057.40966796875
334,337,745A6272,460,0.5343820452690125,29.769847869873047,14.462925910949707,4890.78759765625,E,1063.821533203125
335,373,745A6272,461,1.0205055475234985,174.06399536132812,27.035770416259766,99925.4921875,E,1291.46728515625
336,337,745A6272,462,0.2768508791923523,15.107283592224121,11.440376281738281,1552.94775390625,E,1058.39892578125
337,358,745A6272,463,0.6043981313705444,88.49641418457031,22.08634376525879,33904.9609375,E,1027.431640625
338,339,745A6272,464,0.036459654569625854,25.920000076293945,16.86324691772461,5789.0498046875,E,1115.23681640625
338,358,745A6272,465,0.5745892524719238,108.71141052246094,27.829118728637695,66124.734375,E,1053.387939453125
339,351,745A6272,466,0.28917914628982544,45.32184600830078,25.230070114135742,22658.669921875,E,1115.9761962890625
340,367,745A6272,467,1.662111759185791,179.2480010986328,28.70362663269043,115989.2578125,E,1010.7762451171875
341,344,745A6272,468,0.3821435868740082,60.42912673950195,19.883859634399414,18764.5234375,E,849.8096313476562
341,352,745A6272,469,0.2500782907009125,45.32184600830078,23.240583419799805,19226.11328125,E,818.8349609375
342,849,745A6272,470,2.9692327976226807,893.0032348632812,35.800079345703125,898898.9375,F,446.5030517578125
343,849,745A6272,471,2.6495184898376465,786.9185791015625,35.800079345703125,792113.875,F,393.46142578125
344,354,745A6272,472,0.21565434336662292,49.61640930175781,30.361976623535156,35923.22265625,E,832.0477905273438
345,352,745A6272,473,0.4347895085811615,118.71099853515625,33.21082305908203,102834.8046875,E,795.6243286132812
345,849,745A6272,474,2.638653039932251,782.7882690429688,35.800079345703125,787956.3125,F,391.394775390625
346,350,745A6272,475,0.5528055429458618,129.52369689941406,31.259122848510742,99401.4453125,E,1230.722412109375
347,353,745A6272,476,0.26700130105018616,50.69004821777344,23.277177810668945,21571.1484375,E,1157.119873046875
347,356,745A6272,477,0.4277476668357849,67.49989318847656,22.19293975830078,26110.947265625,E,1116.2716064453125
348,368,745A6272,478,0.41932764649391174,94.12513732910156,30.033716201782227,66682.7734375,E,974.4892578125
349,359,745A6272,479,0.24157805740833282,60.61333084106445,27.122339248657227,35019.69140625,E,924.7525024414062
349,382,745A6272,480,0.6831637024879456,128.18955993652344,26.097579956054688,68571.3984375,E,931.7610473632812
350,353,745A6272,481,0.0731622651219368,18.328208923339844,31.62578773498535,14397.6826171875,E,1172.4053955078125
351,374,745A6272,482,0.6371718049049377,102.71427154541016,25.842870712280273,53876.84375,E,1071.0123291015625
352,354,745A6272,483,0.1184525266289711,45.766563415527344,22.272903442382812,17831.6640625,E,804.1719970703125
352,363,745A6272,484,0.15315601229667664,48.98748779296875,29.39124870300293,33236.18359375,E,781.6817016601562
353,383,745A6272,485,0.49285194277763367,111.74811553955078,30.092756271362305,79479.296875,E,1111.4443359375
354,355,745A6272,486,0.022983722388744354,5.184000015258789,30.03331756591797,3672.497314453125,E,806.6500854492188
355,361,745A6272,487,0.16360482573509216,34.509132385253906,29.152376174926758,23034.1328125,E,788.739501953125
355,362,745A6272,488,0.15760977566242218,32.361846923828125,22.739900588989258,13143.17578125,E,800.2125854492188
356,370,745A6272,489,0.40699636936187744,67.49989318847656,25.91796875,35611.87890625,E,1051.0234375
357,359,745A6272,490,0.047610074281692505,12.51528263092041,32.396949768066406,10316.65234375,E,894.0810546875
357,378,745A6272,491,0.35801631212234497,88.86480712890625,28.837709426879883,58041.84375,E,848.0528564453125
358,369,745A6272,492,0.25565305352211,55.874053955078125,29.723859786987305,38771.30859375,E,979.7372436523438
359,384,745A6272,493,0.33575060963630676,76.61004638671875,30.30020523071289,55241.66015625,E,879.9359741210938
360,849,745A6272,494,2.7714931964874268,847.5879516601562,35.800079345703125,853183.8125,F,423.7953186035156
361,362,745A6272,495,0.2574482560157776,45.766563415527344,22.70964813232422,18537.83203125,E,780.3211669921875
361,363,745A6272,496,0.028018463402986526,6.257641315460205,29.870683670043945,4385.21484375,E,769.8838500976562
362,371,745A6272,497,0.6259658932685852,59.35548782348633,17.72605323791504,14647.8818359375,E,793.9966430664062
363,365,745A6272,498,0.02821347862482071,6.257641315460205,31.043012619018555,4736.1806640625,E,764.77685546875
364,366,745A6272,499,0.8403799533843994,220.68841552734375,32.61556625366211,184382.3125,E,1397.224365234375
365,849,745A6272,500,2.559579610824585,762.087646484375,35.800079345703125,767119.0625,F,381.0385437011719
366,386,745A6272,501,0.278467059135437,85.19918060302734,31.48832130432129,66347.4609375,E,1262.5562744140625
367,370,745A6272,502,0.08160170912742615,17.699283599853516,29.45441246032715,12059.97265625,E,1014.792724609375
367,377,745A6272,503,0.16118037700653076,29.325130462646484,21.63727378845215,10782.8837890625,E,995.615234375
368,369,745A6272,504,0.014068872667849064,3.6656415462493896,32.28310775756836,3000.478759765625,E,951.9417114257812
368,385,745A6272,505,0.2659284472465515,46.57969284057617,24.29568099975586,21594.57421875,E,929.5734252929688
369,403,745A6272,506,0.3478457033634186,87.42277526855469,28.871675491333008,57234.578125,E,933.9229125976562
370,391,745A6272,507,0.24183888733386993,42.72984313964844,23.04246711730957,17818.826171875,E,1002.00830078125
371,375,745A6272,508,0.2965802550315857,23.512208938598633,18.137224197387695,6074.70166015625,E,771.803466796875
371,388,745A6272,509,0.41262897849082947,32.80656433105469,18.84028434753418,9145.880859375,E,773.65576171875
372,390,745A6272,510,0.2150653451681137,45.50605392456055,29.22353172302246,30522.80859375,E,1062.9005126953125
372,411,745A6272,511,0.7846223711967468,97.34606170654297,23.05558967590332,40640.66015625,E,1073.5235595703125
373,386,745A6272,512,0.1081504076719284,31.917129516601562,16.54814338684082,6864.55322265625,E,1218.6580810546875
373,387,745A6272,513,0.5660263299942017,109.67713928222656,28.038320541381836,67718.9140625,E,1165.8675537109375
374,376,745A6272,514,0.02892496809363365,3.6656415462493896,22.51482391357422,1459.408935546875,E,1024.8238525390625
374,403,745A6272,515,0.6433857083320618,118.00575256347656,26.07411003112793,63010.3671875,E,965.9592895507812
375,849,745A6272,516,2.5186550617218018,761.3335571289062,35.800079345703125,766359.9375,F,380.66827392578125
376,379,745A6272,517,0.11390076577663422,8.849641799926758,18.14908218383789,2289.4169921875,E,1024.6004638671875
376,381,745A6272,518,0.2205900251865387,18.772924423217773,16.46682357788086,3997.98779296875,E,1029.850830078125
377,380,745A6272,519,0.05981612950563431,6.257641315460205,20.444612503051758,2054.273681640625,E,980.6919555664062
377,394,745A6272,520,0.4813983142375946,47.4691276550293,20.935482025146484,16340.564453125,E,963.4788818359375
378,389,745A6272,521,0.734241247177124,104.67733764648438,20.73130989074707,35334.26171875,E,828.9867553710938
378,393,745A6272,522,0.21662099659442902,51.134769439697266,30.756006240844727,37989.71875,E,787.9524536132812
379,381,745A6272,523,0.14294616878032684,13.588924407958984,14.704941749572754,2307.818115234375,E,1028.2164306640625
380,391,745A6272,524,0.08977437019348145,20.920207977294922,21.07143783569336,7295.31787109375,E,982.2554321289062
380,394,745A6272,525,0.12345755100250244,30.843490600585938,15.707859992980957,5977.0576171875,E,965.3002319335938
381,390,745A6272,526,0.07145606726408005,22.438568115234375,25.476818084716797,11438.666015625,E,1037.610595703125
382,385,745A6272,527,0.017908677458763123,3.6656415462493896,28.6136474609375,2357.14501953125,E,905.9512939453125
382,392,745A6272,528,0.1073627918958664,20.920207977294922,27.874528884887695,12766.4736328125,E,895.9105834960938
383,387,745A6272,529,0.4550451934337616,72.31549072265625,23.793729782104492,32154.8359375,E,1090.4742431640625
383,437,745A6272,530,1.4656234979629517,199.53929138183594,24.551599502563477,94466.5234375,E,970.2726440429688
384,389,745A6272,531,0.03343648836016655,7.331283092498779,29.599624633789062,5044.78076171875,E,863.276123046875
384,392,745A6272,532,0.17888762056827545,40.58256149291992,25.019405364990234,19951.85546875,E,877.4244384765625
385,398,745A6272,533,0.13684560358524323,34.32492446899414,25.40724754333496,17402.623046875,E,898.3395385742188
386,404,745A6272,534,0.3809087872505188,81.97825622558594,26.625720977783203,45644.80078125,E,1185.5062255859375
387,405,745A6272,535,0.5543216466903687,75.53640747070312,22.433507919311523,29856.615234375,E,1089.260986328125
388,849,745A6272,536,2.500274658203125,762.087646484375,35.800079345703125,767119.0625,F,381.04541015625
389,408,745A6272,537,0.32170602679252625,56.31876754760742,26.997459411621094,32239.5390625,E,849.084228515625
390,401,745A6272,538,0.21898408234119415,44.248207092285156,28.517086029052734,28261.541015625,E,1025.694091796875
391,395,745A6272,539,0.3988055884838104,52.65312957763672,23.548234939575195,22931.41015625,E,962.3309326171875
392,397,745A6272,540,0.08680163323879242,17.699283599853516,21.96796417236328,6708.49658203125,E,880.1104125976562
393,849,745A6272,541,2.486633062362671,764.3016357421875,35.800079345703125,769347.625,F,382.14532470703125
394,395,745A6272,542,0.022833675146102905,3.6656415462493896,25.34061050415039,1848.7322998046875,E,949.0773315429688
395,399,745A6272,543,0.06241125613451004,29.769847869873047,20.051576614379883,9400.7724609375,E,933.134765625
396,400,745A6272,544,0.6109846830368042,40.137847900390625,20.00559425354004,12616.732421875,E,789.2349853515625
397,398,745A6272,545,0.09885082393884659,25.030563354492188,22.57784652709961,10021.333984375,E,880.2963256835938
397,408,745A6272,546,0.1068408340215683,33.435489654541016,14.386446952819824,5435.06396484375,E,859.4083251953125
398,413,745A6272,547,0.13001397252082825,44.432411193847656,28.31435203552246,27977.12109375,E,885.3184814453125
399,410,745A6272,548,0.7105199098587036,130.5973358154297,28.18231201171875,81466.203125,E,869.2310791015625
399,448,745A6272,549,0.9472267627716064,180.766357421875,28.503311157226562,115344.8203125,E,837.4127197265625
400,849,745A6272,550,2.459350109100342,771.0404663085938,35.800079345703125,776130.9375,F,385.5213928222656
401,411,745A6272,551,1.0461069345474243,70.79712677001953,16.81361961364746,15719.1103515625,E,1032.6727294921875
401,412,745A6272,552,0.12055520713329315,22.438568115234375,27.37101173400879,13202.8212890625,E,1002.6314086914062
402,404,745A6272,553,1.7496099472045898,271.3784484863281,30.911605834960938,203661.25,E,1255.08740234375
403,409,745A6272,554,0.01852201297879219,6.257641315460205,28.135906219482422,3890.65185546875,E,912.3114624023438
404,420,745A6272,555,0.19746576249599457,50.061126708984375,31.84661865234375,39876.51171875,E,1125.6705322265625
405,415,745A6272,556,0.2003219723701477,28.251487731933594,24.752187728881836,13594.34765625,E,1059.55615234375
405,437,745A6272,557,2.823009967803955,205.4285125732422,21.676321029663086,75809.171875,E,961.6903076171875
406,407,745A6272,558,0.10152420401573181,20.291284561157227,28.837270736694336,13252.8037109375,E,797.2950439453125
406,410,745A6272,559,0.13646233081817627,29.14092254638672,29.207822799682617,19525.0234375,E,810.926513671875
406,416,745A6272,560,0.16802120208740234,20.291284561157227,20.556425094604492,6734.33349609375,E,795.5035400390625
407,849,745A6272,561,2.4772539138793945,789.9989013671875,35.800079345703125,795214.5625,F,394.9959716796875
408,431,745A6272,562,0.20185419917106628,44.692928314208984,29.789764404296875,31150.34375,E,832.9957275390625
409,413,745A6272,563,0.12755319476127625,27.622568130493164,29.467479705810547,18838.22265625,E,897.8228149414062
409,429,745A6272,564,0.14597240090370178,44.87712860107422,26.913883209228516,25530.9921875,E,906.5908813476562
410,428,745A6272,565,0.42944401502609253,48.987483978271484,20.487356185913086,16149.044921875,E,794.6591186523438
411,414,745A6272,566,0.9590278267860413,111.11919403076172,20.61599349975586,37092.62109375,E,1023.7173461914062
412,414,745A6272,567,0.031141972169280052,6.257641315460205,28.413742065429688,3967.869873046875,E,993.5115356445312
412,419,745A6272,568,0.21807920932769775,49.87691879272461,26.175569534301758,26839.955078125,E,973.8113403320312
413,423,745A6272,569,0.07257099449634552,17.699283599853516,31.243404388427734,13569.451171875,E,878.7348022460938
414,432,745A6272,570,0.1648324877023697,34.509132385253906,28.888093948364258,22618.390625,E,978.1823120117188
415,420,745A6272,571,0.687824547290802,56.31876754760742,13.960761070251465,8621.0703125,E,1087.3843994140625
415,430,745A6272,572,0.08679883182048798,26.548925399780273,27.50230598449707,15771.5732421875,E,1062.746826171875
416,421,745A6272,573,0.07391011714935303,6.257641315460205,21.494964599609375,2270.774658203125,E,783.9227294921875
416,422,745A6272,574,0.14226093888282776,13.588924407958984,19.790681838989258,4180.1943359375,E,783.1656494140625
417,418,745A6272,575,0.6155856847763062,58.9107666015625,20.333477020263672,19129.685546875,E,799.7180786132812
417,849,745A6272,576,2.4381937980651855,778.96826171875,35.800079345703125,784111.125,F,389.48052978515625
418,425,745A6272,577,0.20300790667533875,20.920207977294922,19.422719955444336,6198.34814453125,E,794.474365234375
418,431,745A6272,578,0.48853349685668945,69.27877044677734,22.513694763183594,27579.322265625,E,805.1300659179688
419,424,745A6272,579,0.06723953783512115,11.441641807556152,25.97286033630371,6062.02587890625,E,949.4061889648438
419,426,745A6272,580,0.17921695113182068,31.2882080078125,21.44462776184082,11300.7587890625,E,939.173095703125
420,430,745A6272,581,0.22266927361488342,49.61640930175781,29.970630645751953,35003.13671875,E,1078.328125
421,849,745A6272,582,2.451022148132324,780.8590698242188,35.800079345703125,786014.375,F,390.4053649902344
422,849,745A6272,583,2.449059247970581,777.3320922851562,35.800079345703125,782464.125,F,388.6668701171875
423,429,745A6272,584,0.184517040848732,48.35856628417969,28.31886863708496,30458.9609375,E,885.759765625
423,436,745A6272,585,0.1849837452173233,45.50605392456055,31.30438804626465,35024.30078125,E,849.53076171875
424,426,745A6272,586,0.07064619660377502,30.843490600585938,20.485271453857422,10165.689453125,E,934.1961669921875
424,432,745A6272,587,0.1565021127462387,31.2882080078125,21.59661293029785,11461.5107421875,E,952.6306762695312
425,849,745A6272,588,2.486156463623047,784.9952392578125,35.800079345703125,790177.875,F,392.49859619140625
426,433,745A6272,589,0.07324346154928207,26.10420799255371,26.411972045898438,14302.1748046875,E,914.2971801757812
427,455,745A6272,590,0.8828206062316895,172.36143493652344,27.206682205200195,100203.09375,E,1301.8446044921875
428,849,745A6272,591,2.447096586227417,773.8758544921875,35.800079345703125,778985.0625,F,386.9388732910156
429,433,745A6272,592,0.030773170292377472,7.331283092498779,30.86004638671875,5483.5654296875,E,901.2346801757812
430,442,745A6272,593,0.4037778675556183,83.49661254882812,28.923479080200195,54860.50390625,E,1021.4854736328125
431,434,745A6272,594,0.06305895745754242,19.846567153930664,29.347537994384766,13425.134765625,E,821.2794799804688
431,435,745A6272,595,0.089958555996418,20.920207977294922,30.877473831176758,15665.3251953125,E,809.8220825195312
432,440,745A6272,596,0.2118585854768753,35.84328079223633,26.373056411743164,19580.265625,E,953.1350708007812
433,441,745A6272,597,0.21682508289813995,43.358768463134766,28.52216148376465,27703.310546875,E,901.963623046875
434,436,745A6272,598,0.03094966523349285,15.107283592224121,28.44762420654297,9602.1455078125,E,824.7066040039062
434,438,745A6272,599,0.09857694804668427,21.36492347717285,29.79275131225586,14894.0380859375,E,811.4290771484375
435,849,745A6272,600,2.5820820331573486,799.1602783203125,35.800079345703125,804436.4375,F,399.5813903808594
436,443,745A6272,601,0.10472072660923004,20.736000061035156,28.65317726135254,13370.89453125,E,821.6854248046875
437,445,745A6272,602,0.2675400376319885,45.50605392456055,26.101512908935547,24349.521484375,E,856.923828125
438,849,745A6272,603,2.59964919090271,801.917236328125,35.800079345703125,807211.5625,F,400.95989990234375
439,440,745A6272,604,0.6971889138221741,110.30606079101562,24.747055053710938,53056.22265625,E,983.93115234375
440,444,745A6272,605,0.08019052445888519,18.328208923339844,30.158681869506836,13092.86328125,E,934.3966674804688
441,444,745A6272,606,0.10298038274049759,37.990562438964844,29.098161697387695,25263.685546875,E,915.3309936523438
441,450,745A6272,607,0.11546341329813004,45.95077133178711,23.185693740844727,19400.9453125,E,881.1055908203125
442,449,745A6272,608,0.23877976834774017,70.79712677001953,26.260181427001953,38344.30859375,E,1001.9689331054688
442,453,745A6272,609,0.8198819160461426,191.0264434814453,30.786121368408203,142197.9375,E,894.6571655273438
443,849,745A6272,610,2.6732687950134277,815.463134765625,35.800079345703125,820846.9375,F,407.7330627441406
444,458,745A6272,611,0.13688482344150543,44.69292068481445,28.389101028442383,28289.931640625,E,912.660400390625
445,451,745A6272,612,0.18544910848140717,37.10112762451172,22.184471130371094,14340.8583984375,E,820.6981811523438
445,453,745A6272,613,0.08340999484062195,39.064205169677734,19.4044246673584,11552.3525390625,E,824.7107543945312
446,450,745A6272,614,0.24971237778663635,60.42912673950195,31.261796951293945,46383.55859375,E,843.1726684570312
446,849,745A6272,615,2.7084031105041504,821.9951171875,35.800079345703125,827422.0,F,410.99896240234375
447,467,745A6272,616,1.2577486038208008,312.3294372558594,31.83928108215332,248673.390625,E,1390.579833984375
448,849,745A6272,617,2.439483642578125,750.9154052734375,35.800079345703125,755873.0625,F,375.4590759277344
449,452,745A6272,618,0.12672394514083862,25.475284576416016,28.495737075805664,16246.8330078125,E,1022.5531616210938
449,455,745A6272,619,0.994267463684082,245.27426147460938,31.65106773376465,192982.78125,E,1124.8873291015625
450,456,745A6272,620,0.12290818244218826,30.214567184448242,31.588207244873047,23678.611328125,E,855.72119140625
451,457,745A6272,621,0.18017439544200897,29.769847869873047,25.9118709564209,15698.712890625,E,803.1973266601562
451,460,745A6272,622,0.3131568729877472,50.061126708984375,22.12517547607422,19247.0390625,E,780.7371215820312
452,480,745A6272,623,0.6073527932167053,137.2234344482422,26.888843536376953,77922.4140625,E,957.8389282226562
452,487,745A6272,624,0.6830660700798035,138.4812774658203,27.97821617126465,85137.515625,E,1044.2529296875
453,457,745A6272,625,0.0681188553571701,12.51528263092041,27.115367889404297,7227.0576171875,E,807.5654296875
454,461,745A6272,626,0.18657292425632477,26.10420799255371,21.59796714782715,9563.7041015625,E,748.969970703125
454,849,745A6272,627,2.4383339881896973,743.4161376953125,35.800079345703125,748324.25,F,371.7095947265625
455,459,745A6272,628,0.04194273799657822,8.849641799926758,29.050731658935547,5865.83349609375,E,1223.3558349609375
456,849,745A6272,629,2.8394627571105957,849.9309692382812,35.800079345703125,855542.3125,F,424.96710205078125
457,460,745A6272,630,0.3759615421295166,57.837127685546875,22.9052677154541,23832.376953125,E,777.2451171875
458,462,745A6272,631,0.15431910753250122,39.064205169677734,32.004302978515625,31425.74609375,E,879.9671630859375
458,465,745A6272,632,0.09720469266176224,23.512208938598633,31.11670684814453,17880.126953125,E,899.6685791015625
459,467,745A6272,633,0.22119814157485962,40.76676940917969,15.440189361572266,7633.10791015625,E,1233.5760498046875
459,471,745A6272,634,0.16786138713359833,43.174560546875,25.348743438720703,21788.66796875,E,1211.2021484375
460,461,745A6272,635,0.03277429938316345,6.257641315460205,27.68865966796875,3767.94384765625,E,755.403076171875
461,463,745A6272,636,0.05021470785140991,9.923283576965332,28.125741958618164,6165.2861328125,E,748.9739379882812
462,849,745A6272,637,2.892164468765259,862.2793579101562,35.800079345703125,867972.25,F,431.1391296386719
463,464,745A6272,638,0.04298756271600723,8.849641799926758,29.736848831176758,6146.1826171875,E,740.162841796875
463,468,745A6272,639,0.3976095914840698,22.883283615112305,16.219482421875,4728.0517578125,E,740.009521484375
464,849,745A6272,640,2.432445526123047,736.2238159179688,35.800079345703125,741084.4375,F,368.1103820800781
465,466,745A6272,641,0.07936599105596542,18.772924423217773,30.746784210205078,13938.666015625,E,905.7164306640625
465,469,745A6272,642,0.07214639335870743,23.512208938598633,30.446683883666992,17118.404296875,E,890.61474609375
466,473,745A6272,643,0.07479456067085266,23.512208938598633,30.229835510253906,16875.431640625,E,896.7789306640625
466,486,745A6272,644,0.2221515029668808,57.39241409301758,32.23923110961914,46850.4453125,E,914.78369140625
467,478,745A6272,645,0.09293565154075623,38.61948776245117,29.358572006225586,26143.650390625,E,1226.1649169921875
468,470,745A6272,646,0.33041808009147644,6.257641315460205,15.877270698547363,1238.945556640625,E,734.3071899414062
468,472,745A6272,647,0.6270875930786133,8.849641799926758,6.579953670501709,300.9270935058594,E,736.500244140625
469,849,745A6272,648,2.967172145843506,880.9940795898438,35.800079345703125,886810.5,F,440.49896240234375
470,849,745A6272,649,2.42990779876709,731.192138671875,35.800079345703125,736019.5625,F,365.5977783203125
471,478,745A6272,650,0.052358925342559814,13.588926315307617,32.19365310668945,11061.5390625,E,1207.54296875
471,487,745A6272,651,0.9348592758178711,144.18626403808594,29.489845275878906,98482.4296875,E,1139.4493408203125
472,474,745A6272,652,0.20804116129875183,6.257641315460205,17.84244728088379,1564.6219482421875,E,731.849609375
472,475,745A6272,653,0.11601388454437256,7.331283092498779,11.242166519165039,727.7293701171875,E,735.7914428710938
473,849,745A6272,654,2.98947811126709,886.7898559570312,35.800079345703125,892644.5625,F,443.3971252441406
474,849,745A6272,655,2.4279448986053467,729.1954956054688,35.800079345703125,734009.75,F,364.5995178222656
475,477,745A6272,656,0.11904773116111755,8.849641799926758,13.1666841506958,1204.9483642578125,E,739.6044921875
475,479,745A6272,657,0.2419774830341339,9.923282623291016,17.31557846069336,2336.78759765625,E,732.9364013671875
476,477,745A6272,658,0.33004623651504517,25.030563354492188,13.56310749053955,3616.420166015625,E,752.1436767578125
476,481,745A6272,659,0.6260655522346497,109.67713928222656,26.21332550048828,59190.2578125,E,804.6372680664062
476,482,745A6272,660,0.3924104571342468,21.36492347717285,11.12018871307373,2074.98779296875,E,754.3702392578125
477,483,745A6272,661,0.3397176265716553,19.217641830444336,11.847981452941895,2118.7451171875,E,738.9606323242188
478,505,745A6272,662,1.098498821258545,285.0752868652344,32.21346664428711,232340.203125,E,1125.6068115234375
479,849,745A6272,663,2.4307210445404053,728.1444091796875,35.800079345703125,732951.6875,F,364.06842041015625
480,481,745A6272,664,0.2764247953891754,59.800209045410156,29.514610290527344,40913.5078125,E,870.7598876953125
480,489,745A6272,665,0.9950346946716309,200.50503540039062,28.4847354888916,127773.1328125,E,964.382080078125
481,494,745A6272,666,1.2422802448272705,207.3152618408203,27.246925354003906,120880.4765625,E,879.166259765625
482,483,745A6272,667,0.160236656665802,17.699283599853516,20.985763549804688,6122.025390625,E,740.979248046875
482,490,745A6272,668,1.3647277355194092,124.07919311523438,20.14545440673828,39549.6796875,E,785.1688232421875
483,485,745A6272,669,0.10257241874933243,11.441641807556152,23.118610382080078,4802.87939453125,E,729.4180297851562
484,497,745A6272,670,1.2707082033157349,338.9099426269531,32.85487365722656,287325.25,E,1473.8394775390625
485,849,745A6272,671,2.426795482635498,724.6668090820312,35.800079345703125,729451.125,F,362.3352966308594
486,849,745A6272,672,3.073963165283203,910.098388671875,35.800079345703125,916106.9375,F,455.0511474609375
487,489,745A6272,673,0.16285595297813416,38.17477035522461,30.68555450439453,28231.521484375,E,1054.717041015625
488,491,745A6272,674,0.4919019043445587,133.1893310546875,32.977333068847656,113760.2109375,E,1031.947998046875
489,494,745A6272,675,0.6761558055877686,144.73892211914062,29.358903884887695,97983.9375,E,975.8828735351562
491,849,745A6272,676,3.26050066947937,968.0382690429688,35.800079345703125,974429.375,F,484.02093505859375
492,493,745A6272,677,0.07675312459468842,12.51528263092041,26.871417999267578,7097.603515625,E,718.835693359375
493,849,745A6272,678,2.4113311767578125,713.8171997070312,35.800079345703125,718529.875,F,356.9109191894531
494,495,745A6272,679,0.1407621204853058,48.098052978515625,28.879058837890625,31505.287109375,E,896.2940673828125
495,498,745A6272,680,0.478523850440979,112.45335388183594,30.677602767944336,83119.921875,E,924.451416015625
495,510,745A6272,681,0.610466718673706,147.95985412597656,31.12987518310547,112613.0,E,816.8134155273438
496,499,745A6272,682,0.44186002016067505,48.54277038574219,24.987388610839844,23804.341796875,E,726.751953125
496,849,745A6272,683,2.4031434059143066,716.3539428710938,35.800079345703125,721083.375,F,358.177978515625
497,504,745A6272,684,0.3136519491672516,88.49641418457031,30.684904098510742,65443.2890625,E,1294.4100341796875
497,506,745A6272,685,0.8448406457901001,231.60902404785156,33.18623733520508,200337.09375,E,1433.2811279296875
498,500,745A6272,686,1.0044364929199219,73.38912963867188,15.535483360290527,13911.41015625,E,994.6266479492188
498,502,745A6272,687,0.08327708393335342,18.772924423217773,30.0323486328125,13298.4306640625,E,978.2071533203125
499,849,745A6272,688,2.401993751525879,719.8343505859375,35.800079345703125,724586.75,F,359.9140625
500,502,745A6272,689,0.0897059440612793,21.36492347717285,30.839717864990234,15959.232421875,E,993.9917602539062
500,505,745A6272,690,0.21482393145561218,57.837127685546875,28.066781997680664,35783.41796875,E,1026.388427734375
501,503,745A6272,691,0.18518225848674774,50.32164001464844,33.03936004638672,43142.76171875,E,1032.63720703125
503,849,745A6272,692,3.3141555786132812,1008.218017578125,35.800079345703125,1014874.375,F,504.1096496582031
504,509,745A6272,693,0.6118266582489014,89.75425720214844,20.600112915039062,29914.666015625,E,1286.94580078125
504,512,745A6272,694,1.1787450313568115,246.71630859375,30.342723846435547,178400.828125,E,1142.1961669921875
505,512,745A6272,695,0.2289319485425949,46.8402099609375,29.111713409423828,31177.71484375,E,1039.6112060546875
506,514,745A6272,696,0.6894521713256836,174.4008331298828,32.064903259277344,140831.03125,E,1607.073486328125
506,522,745A6272,697,3.1473076343536377,172.36143493652344,21.03331756591797,59888.79296875,E,1581.865234375
507,510,745A6272,698,0.1286177635192871,34.95384979248047,25.93452262878418,18464.666015625,E,741.5618896484375
507,849,745A6272,699,2.394955635070801,727.8167724609375,35.800079345703125,732621.875,F,363.91070556640625
508,511,745A6272,700,0.5533169507980347,14.033641815185547,13.691859245300293,2066.2607421875,E,989.8146362304688
508,849,745A6272,701,3.1938631534576416,983.5197143554688,35.800079345703125,990013.0,F,491.7615051269531
509,517,745A6272,702,0.8098538517951965,162.3302459716797,27.152124404907227,93993.3125,E,1242.8023681640625
509,521,745A6272,703,0.7412368059158325,196.76307678222656,32.55033874511719,163736.125,E,1392.575439453125
510,513,745A6272,704,0.12860099971294403,27.17784881591797,29.71933937072754,18853.12109375,E,745.0299072265625
512,516,745A6272,705,0.3589351177215576,85.45968627929688,28.662029266357422,55139.78125,E,994.0751342773438
513,849,745A6272,706,2.3904550075531006,733.9801025390625,35.800079345703125,738825.9375,F,366.9923095703125
515,540,745A6272,707,0.8406062722206116,204.61537170410156,31.397035598754883,158418.328125,E,1164.5648193359375
516,519,745A6272,708,0.5310847759246826,118.71099090576172,28.541391372680664,75950.578125,E,1004.3436279296875
516,520,745A6272,709,0.8799616098403931,219.35426330566406,31.657012939453125,172653.671875,E,854.26025390625
517,518,745A6272,710,0.17699170112609863,45.766563415527344,32.1551513671875,37165.44140625,E,1155.1195068359375
517,526,745A6272,711,2.972837448120117,459.1077575683594,30.905366897583008,344407.28125,E,1376.78076171875
518,519,745A6272,712,0.6188839673995972,93.2356948852539,23.151504516601562,39249.17578125,E,1093.871826171875
518,534,745A6272,713,1.4682786464691162,289.5540466308594,28.953943252563477,190649.171875,E,1245.7744140625
519,525,745A6272,714,0.504963219165802,113.26649475097656,30.129878997802734,80758.1015625,E,1097.893798828125
520,849,745A6272,715,2.3828420639038086,752.2205200195312,35.800079345703125,757186.75,F,376.11187744140625
523,524,745A6272,716,0.02552306279540062,3.6656415462493896,23.96837615966797,1653.9298095703125,E,934.4392700195312
523,849,745A6272,717,2.918956995010376,933.1343994140625,35.800079345703125,939295.0625,F,466.56805419921875
525,527,745A6272,718,0.20050552487373352,44.87712478637695,30.18511199951172,32114.44921875,E,1158.771240234375
525,529,745A6272,719,0.13084909319877625,33.88020706176758,25.50324821472168,17307.205078125,E,1133.5472412109375
527,532,745A6272,720,0.28433623909950256,39.6931266784668,20.164518356323242,12675.9599609375,E,1157.8984375
527,539,745A6272,721,0.30589747428894043,81.08881378173828,32.57194900512695,67567.578125,E,1204.2642822265625
528,531,745A6272,722,1.2902752161026,24.585847854614258,15.366495132446289,4559.57861328125,E,926.1083374023438
528,849,745A6272,723,2.925995111465454,916.5936279296875,35.800079345703125,922645.0625,F,458.29852294921875
529,530,745A6272,724,1.8275985717773438,364.0615234375,29.68427848815918,251951.90625,E,956.3374633789062
529,532,745A6272,725,0.06362073868513107,23.512208938598633,21.58983612060547,8607.5986328125,E,1135.6153564453125
530,849,745A6272,726,2.5167763233184814,784.8582763671875,35.800079345703125,790040.0,F,392.4311218261719
532,548,745A6272,727,0.35585904121398926,84.20184326171875,30.778728485107422,62648.8125,E,1154.7073974609375
533,537,745A6272,728,0.24316662549972534,11.441641807556152,12.888847351074219,1492.8162841796875,E,936.7640991210938
533,543,745A6272,729,0.4272264540195465,63.65005111694336,25.216215133666992,31786.91796875,E,950.9971313476562
533,544,745A6272,730,0.49784642457962036,49.87691879272461,17.934898376464844,12600.4873046875,E,918.5321655273438
534,535,745A6272,731,0.06582211703062057,21.809640884399414,28.047813415527344,13475.236328125,E,1361.712890625
534,538,745A6272,732,0.6032269597053528,131.22625732421875,27.248706817626953,76524.8359375,E,1294.8017578125
535,536,745A6272,733,1.6423028707504272,92.79097747802734,15.446722984313965,17388.75,E,1408.664306640625
535,542,745A6272,734,0.34359246492385864,48.54277038574219,25.50070571899414,24792.416015625,E,1390.1258544921875
536,542,745A6272,735,0.6774849891662598,44.248207092285156,16.517648696899414,9481.609375,E,1427.5789794921875
537,543,745A6272,736,0.21990033984184265,14.033641815185547,12.629647254943848,1758.0966796875,E,940.0388793945312
538,539,745A6272,737,0.009523759596049786,2.5920000076293945,32.994632720947266,2216.212890625,E,1237.0692138671875
538,559,745A6272,738,0.8175328969955444,190.06072998046875,30.73118019104004,140974.5625,E,1301.2918701171875
539,551,745A6272,739,0.521889328956604,108.52719116210938,27.68276023864746,65320.15234375,E,1214.569091796875
540,545,745A6272,740,1.414258599281311,357.80389404296875,31.95398712158203,286936.0,E,1306.987060546875
540,546,745A6272,741,0.23507855832576752,67.3156967163086,30.28517723083496,48491.59765625,E,1112.099365234375
541,544,745A6272,742,0.8333156108856201,106.45621490478516,22.906673431396484,43871.75,E,861.7146606445312
541,849,745A6272,743,2.6485090255737305,810.8611450195312,35.800079345703125,816214.5625,F,405.43255615234375
543,544,745A6272,744,0.33651870489120483,35.398563385009766,20.606203079223633,11805.1484375,E,927.9324340820312
546,549,745A6272,745,0.4929113984107971,122.63713073730469,31.613140106201172,96260.28125,E,1031.2437744140625
546,552,745A6272,746,0.43881747126579285,105.490478515625,29.238597869873047,70829.8359375,E,1129.9559326171875
547,549,745A6272,747,0.31042391061782837,85.72020721435547,33.255741119384766,74457.140625,E,935.92626953125
547,849,745A6272,748,2.9394962787628174,894.8858642578125,35.800079345703125,900794.0,F,447.44482421875
549,571,745A6272,749,0.811826229095459,185.50564575195312,29.108129501342773,123445.59375,E,1043.852294921875
550,553,745A6272,750,0.8716325759887695,216.57806396484375,31.569799423217773,169530.546875,E,946.6207275390625
550,849,745A6272,751,2.801734685897827,844.3596801757812,35.800079345703125,849934.25,F,422.1818542480469
551,553,745A6272,752,0.6572480797767639,154.63055419921875,30.708784103393555,114527.671875,E,1124.1619873046875
551,559,745A6272,753,0.9227593541145325,179.32431030273438,26.580705642700195,99508.9375,E,1277.8199462890625
552,555,745A6272,754,0.8331623673439026,197.09988403320312,30.98550796508789,148625.546875,E,1266.1217041015625
552,575,745A6272,755,1.9430415630340576,142.6678924560547,28.41464614868164,90469.171875,E,1200.742919921875
553,556,745A6272,756,0.12534835934638977,45.32184600830078,22.38945960998535,17843.69140625,E,1055.150634765625
554,565,745A6272,757,0.43929317593574524,87.79119110107422,28.726211547851562,56898.0703125,E,914.8705444335938
554,849,745A6272,758,2.9423704147338867,882.0496215820312,35.800079345703125,887873.0,F,441.02679443359375
556,558,745A6272,759,0.22164258360862732,35.398563385009766,25.386747360229492,17918.00390625,E,1074.959716796875
556,561,745A6272,760,0.355037122964859,67.1314926147461,27.732704162597656,40550.9140625,E,1032.9189453125
557,558,745A6272,761,2.333394765853882,77.05477142333984,10.380839347839355,6521.60302734375,E,1122.190673828125
557,562,745A6272,762,0.8774816989898682,100.82747650146484,21.472808837890625,36512.9140625,E,1202.5867919921875
557,569,745A6272,763,0.39191025495529175,54.35569381713867,20.24809455871582,17502.626953125,E,1147.3603515625
558,569,745A6272,764,0.3354039490222931,51.76368713378906,26.4498348236084,28442.05859375,E,1113.30224609375
559,568,745A6272,765,0.11276695877313614,28.69620704650879,31.919208526611328,22962.470703125,E,1366.1619873046875
560,564,745A6272,766,0.20729374885559082,20.920207977294922,21.67405891418457,7718.5615234375,E,884.9776000976562
560,849,745A6272,767,2.949408531188965,877.3833618164062,35.800079345703125,883175.9375,F,438.6913146972656
561,566,745A6272,768,0.12741722166538239,26.10420799255371,28.569602966308594,16734.349609375,E,1001.6836547851562
561,567,745A6272,769,0.5170436501502991,64.09477233886719,17.297203063964844,15061.36328125,E,981.5262451171875
563,570,745A6272,770,0.32130277156829834,63.65005111694336,25.28141975402832,31951.5234375,E,924.0733642578125
563,849,745A6272,771,3.012737512588501,896.251220703125,35.800079345703125,902168.375,F,448.12750244140625
565,573,745A6272,772,0.7911984324455261,153.22010803222656,27.038551330566406,87977.6796875,E,1015.323486328125
565,583,745A6272,773,0.70693439245224,148.03610229492188,29.154865264892578,98827.90625,E,988.326904296875
566,567,745A6272,774,0.14267706871032715,23.328001022338867,25.72890281677246,12128.580078125,E,983.92578125
567,570,745A6272,775,0.16652128100395203,28.69620704650879,26.489221572875977,15814.40234375,E,963.7422485351562
568,578,745A6272,776,0.8537107706069946,206.05743408203125,29.275066375732422,138699.203125,E,1305.1474609375
568,581,745A6272,777,0.4634737968444824,121.6714096069336,32.439857482910156,100562.5546875,E,1417.1656494140625
569,577,745A6272,778,0.18366433680057526,64.53948211669922,31.468658447265625,50196.31640625,E,1132.568359375
570,574,745A6272,779,0.05024639889597893,21.809640884399414,28.664470672607422,14074.28125,E,956.30712890625
571,573,745A6272,780,0.15589413046836853,43.803489685058594,20.129507064819336,13940.0673828125,E,1098.3968505859375
571,582,745A6272,781,0.4837539494037628,117.37683868408203,31.162311553955078,89522.375,E,1150.46435546875
572,574,745A6272,782,0.24090497195720673,45.76656723022461,27.832162857055664,27844.03125,E,938.8516235351562
572,849,745A6272,783,3.0939698219299316,917.3080444335938,35.800079345703125,923364.1875,F,458.65460205078125
573,583,745A6272,784,0.799401581287384,129.44741821289062,24.862876892089844,62847.21484375,E,1069.47021484375
574,577,745A6272,785,0.7826497554779053,190.84225463867188,32.16890335083008,155108.96875,E,1047.977783203125
576,579,745A6272,786,0.20573782920837402,47.0244140625,30.580854415893555,34539.21875,E,911.1571044921875
576,849,745A6272,787,3.0108728408813477,891.4219360351562,35.800079345703125,897307.1875,F,445.7099609375
577,578,745A6272,788,0.4014028310775757,112.2691421508789,33.470149993896484,98779.2265625,E,1185.1663818359375
578,585,745A6272,789,0.5902093052864075,151.5175323486328,32.15760803222656,123060.9453125,E,1306.59912109375
579,584,745A6272,790,0.32437363266944885,72.05497741699219,29.972627639770508,50839.76171875,E,962.0097045898438
579,587,745A6272,791,0.31531578302383423,48.35856628417969,21.60860252380371,17734.40625,E,937.1348876953125
580,589,745A6272,792,0.6653938293457031,100.5669937133789,27.842924118041992,61231.51953125,E,892.6907348632812
580,849,745A6272,793,2.862245559692383,848.6138305664062,35.800079345703125,854216.5,F,424.30914306640625
581,585,745A6272,794,0.46552249789237976,110.49029541015625,26.96508026123047,63098.265625,E,1416.610595703125
581,600,745A6272,795,0.3575199544429779,100.30647277832031,33.45762252807617,88187.8984375,E,1497.671875
583,590,745A6272,796,0.11133285611867905,27.622568130493164,31.437402725219727,21441.109375,E,1038.2313232421875
584,586,745A6272,797,0.19780223071575165,25.47528076171875,22.70795249938965,10317.271484375,E,1006.8892822265625
584,593,745A6272,798,0.15872026979923248,34.9538459777832,14.286495208740234,5603.201171875,E,1000.9230346679688
585,615,745A6272,799,0.6927244663238525,196.1341552734375,33.68196105957031,174758.3125,E,1448.01416015625
586,588,745A6272,800,0.03840357065200806,6.257641315460205,25.445648193359375,3182.200927734375,E,1022.0640258789062
586,593,745A6272,801,0.31869977712631226,30.843490600585938,17.393264770507812,7328.50927734375,E,1016.4910278320312
587,589,745A6272,802,0.06194000691175461,6.257641315460205,20.085458755493164,1982.732177734375,E,941.8082275390625
587,596,745A6272,803,0.33203843235969543,39.064208984375,22.077741622924805,14954.716796875,E,959.45703125
588,594,745A6272,804,0.07178764790296555,34.509132385253906,14.291576385498047,5535.8486328125,E,1021.7914428710938
588,613,745A6272,805,1.247621774673462,350.42791748046875,33.542991638183594,309665.0625,E,1184.1375732421875
589,595,745A6272,806,0.22837099432945251,31.2882080078125,17.982816696166992,7946.68505859375,E,938.136962890625
590,602,745A6272,807,4.762833595275879,76.61004638671875,16.57525062561035,16530.873046875,E,1073.4073486328125
590,609,745A6272,808,0.6421157121658325,154.21743774414062,29.119342803955078,102703.796875,E,1008.4359130859375
591,599,745A6272,809,0.0997554361820221,26.54892349243164,32.82590103149414,22468.294921875,E,812.330322265625
591,849,745A6272,810,2.6865737438201904,805.0611572265625,35.800079345703125,810376.25,F,402.5322265625
592,601,745A6272,811,0.2218097597360611,52.20840835571289,30.840909957885742,39001.8046875,E,905.0982055664062
592,849,745A6272,812,2.969709634780884,883.7313842773438,35.800079345703125,889565.875,F,441.8550109863281
593,594,745A6272,813,0.04859334975481033,6.257641315460205,22.64696502685547,2520.696533203125,E,1014.2256469726562
594,632,745A6272,814,1.0081615447998047,254.52391052246094,32.05653762817383,205424.234375,E,1126.3900146484375
595,596,745A6272,815,0.30765026807785034,33.251285552978516,10.937224388122559,3124.01123046875,E,955.5755615234375
595,606,745A6272,816,0.48053914308547974,84.57025146484375,23.904481887817383,37954.75390625,E,936.9493408203125
596,598,745A6272,817,0.03994276374578476,6.257641315460205,25.0255069732666,3077.983642578125,E,972.9571533203125
597,599,745A6272,818,0.3126632273197174,28.067283630371094,22.59614372253418,11255.3486328125,E,804.0670776367188
597,849,745A6272,819,2.6210439205169678,790.7809448242188,35.800079345703125,796001.75,F,395.3891296386719
598,608,745A6272,820,3.1334986686706543,86.53333282470703,11.524744033813477,9026.84375,E,977.5050048828125
598,614,745A6272,821,0.7898194789886475,128.63426208496094,24.028831481933594,58332.671875,E,1022.7874755859375
599,604,745A6272,822,0.19374680519104004,48.98748779296875,31.937503814697266,39244.3359375,E,823.0787353515625
603,604,745A6272,823,0.2375488430261612,73.83384704589844,30.75331687927246,54844.0234375,E,800.4241943359375
603,849,745A6272,824,2.4980733394622803,767.9409790039062,35.800079345703125,773011.0,F,383.9718322753906
604,606,745A6272,825,0.4538101255893707,128.89476013183594,33.73125457763672,115183.4609375,E,882.8383178710938
605,633,745A6272,826,0.741688072681427,190.24493408203125,32.11761474609375,154130.84375,E,846.9961547851562
605,849,745A6272,827,2.458200454711914,761.9774780273438,35.800079345703125,767008.125,F,380.99005126953125
606,608,745A6272,828,0.2308625727891922,56.76348876953125,31.476024627685547,44169.1171875,E,961.3631591796875
607,609,745A6272,829,0.43219268321990967,103.41950225830078,31.056922912597656,78344.625,E,944.2951049804688
607,849,745A6272,830,2.9798600673675537,900.0624389648438,35.800079345703125,906004.75,F,450.027587890625
608,610,745A6272,831,0.039794012904167175,10.99692440032959,33.21317672729492,9527.5654296875,E,990.9125366210938
609,624,745A6272,832,1.0524117946624756,270.6731872558594,32.107574462890625,219154.375,E,1112.3388671875
610,614,745A6272,833,0.36362960934638977,66.24205017089844,25.134328842163086,32866.86328125,E,1026.2337646484375
610,639,745A6272,834,0.723823070526123,134.2629852294922,27.58614730834961,80246.90625,E,1017.2551879882812
611,620,745A6272,835,0.8967845439910889,162.33026123046875,30.096446990966797,115483.4765625,E,1315.63671875
612,636,745A6272,836,0.5510861277580261,154.03323364257812,33.47322463989258,135549.96875,E,805.8096313476562
612,849,745A6272,837,2.3455209732055664,739.2836303710938,35.800079345703125,744164.4375,F,369.63873291015625
613,621,745A6272,838,0.31868883967399597,81.34932708740234,32.03313064575195,65560.5546875,E,1385.646484375
613,650,745A6272,839,0.9120690226554871,203.0970458984375,27.522233963012695,120826.1328125,E,1363.092041015625
614,616,745A6272,840,0.04491899907588959,11.441641807556152,31.91717529296875,9154.341796875,E,1062.04833984375
615,625,745A6272,841,0.16849999129772186,43.803489685058594,32.30885696411133,35912.17578125,E,1511.031494140625
615,628,745A6272,842,0.3545908033847809,67.76040649414062,22.182775497436523,26187.71875,E,1541.4290771484375
616,617,745A6272,843,0.03726593405008316,9.923283576965332,32.62870788574219,8297.45703125,E,1069.884765625
616,644,745A6272,844,0.7474193572998047,113.5269775390625,21.90949821472168,42800.9921875,E,1065.69189453125
617,622,745A6272,845,0.2248506247997284,45.32184600830078,29.363292694091797,30690.712890625,E,1093.849853515625
617,626,745A6272,846,0.12725141644477844,33.88020324707031,26.573081970214844,18789.6953125,E,1082.89990234375
618,619,745A6272,847,0.03788461163640022,8.849641799926758,31.271718978881836,6797.0283203125,E,732.9818115234375
618,849,745A6272,848,2.375580072402954,729.5133056640625,35.800079345703125,734329.625,F,364.75445556640625
619,627,745A6272,849,0.07263351231813431,20.920207977294922,27.517892837524414,12441.88671875,E,739.4146728515625
619,679,745A6272,850,0.9454764127731323,236.1956787109375,32.01996994018555,190197.0,E,851.0158081054688
620,624,745A6272,851,0.14206093549728394,40.137847900390625,25.782215118408203,20954.841796875,E,1243.392333984375
620,631,745A6272,852,0.0998842716217041,32.80656433105469,14.420330047607422,5357.9794921875,E,1262.7198486328125
621,625,745A6272,853,0.34292811155319214,96.71713256835938,30.70863151550293,71633.171875,E,1465.2808837890625
621,664,745A6272,854,3.0705039501190186,171.54830932617188,25.25750160217285,85952.21875,E,1487.036376953125
622,626,745A6272,855,0.11382308602333069,32.80656814575195,15.070870399475098,5852.310546875,E,1106.4508056640625
622,643,745A6272,856,0.8388723731040955,137.8523406982422,27.05561065673828,79253.546875,E,1179.4512939453125
623,627,745A6272,857,0.04225223883986473,13.588924407958984,27.98004722595215,8355.4892578125,E,736.31640625
623,849,745A6272,858,2.397311210632324,729.4949340820312,35.800079345703125,734311.125,F,364.73907470703125
624,631,745A6272,859,0.19807623326778412,41.21148681640625,29.278711318969727,27746.748046875,E,1250.2470703125
625,629,745A6272,860,0.06679022312164307,17.254566192626953,32.09675598144531,13960.990234375,E,1517.6109619140625
626,638,745A6272,861,0.2825382649898529,53.726768493652344,22.793962478637695,21924.021484375,E,1112.66259765625
627,637,745A6272,862,0.09454475343227386,31.917129516601562,27.051671981811523,18344.333984375,E,745.993896484375
628,629,745A6272,863,0.24722978472709656,50.9505615234375,29.026119232177734,33714.5078125,E,1547.0518798828125
628,635,745A6272,864,0.3719036281108856,100.38277435302734,32.91444778442383,85412.65625,E,1612.3953857421875
629,653,745A6272,865,5.930774211883545,86.08861541748047,10.858560562133789,7972.23583984375,E,1552.3128662109375
630,637,745A6272,866,0.08368197083473206,20.920207977294922,31.88813591003418,16707.603515625,E,739.3306274414062
630,849,745A6272,867,2.415691375732422,728.9559326171875,35.800079345703125,733768.5625,F,364.4794921875
631,660,745A6272,868,0.9639289379119873,188.17393493652344,28.22435760498047,117732.8046875,E,1353.886962890625
632,643,745A6272,869,0.25529515743255615,50.061126708984375,24.308897018432617,23233.841796875,E,1243.5797119140625
632,650,745A6272,870,0.3625275194644928,94.048828125,32.38545227050781,77471.71875,E,1284.968505859375
633,640,745A6272,871,0.32966166734695435,66.8709716796875,29.467967987060547,45606.625,E,971.66943359375
633,642,745A6272,872,0.18809127807617188,48.54277038574219,26.864397048950195,27514.94140625,E,946.6339111328125
634,655,745A6272,873,0.48396986722946167,120.1530532836914,31.59630012512207,94210.03125,E,990.5677490234375
634,849,745A6272,874,2.994511127471924,935.1087036132812,35.800079345703125,941282.375,F,467.55218505859375
636,647,745A6272,875,0.45157769322395325,77.23896789550781,24.06253433227539,35124.4140625,E,911.232177734375
636,661,745A6272,876,0.4006739556789398,85.2754898071289,29.5078125,58316.0546875,E,909.4130249023438
637,658,745A6272,877,0.37448862195014954,82.86769104003906,29.770246505737305,57681.95703125,E,787.91748046875
638,648,745A6272,878,0.10280203074216843,30.214567184448242,24.62908172607422,14394.703125,E,1139.6922607421875
638,651,745A6272,879,0.33473870158195496,47.913848876953125,19.769428253173828,14707.5107421875,E,1157.1697998046875
639,644,745A6272,880,0.2565993368625641,56.31876754760742,25.97014808654785,29832.654296875,E,1064.68994140625
639,645,745A6272,881,0.09970223158597946,41.65620803833008,28.890636444091797,27307.619140625,E,1028.92626953125
640,645,745A6272,882,0.05559593066573143,17.699283599853516,35.64036178588867,17657.521484375,E,1010.8564453125
640,652,745A6272,883,0.2465682327747345,55.689849853515625,21.063812255859375,19406.171875,E,994.14501953125
641,673,745A6272,884,0.6364327669143677,112.19284057617188,25.70162010192871,58207.109375,E,783.2249755859375
641,849,745A6272,885,2.4660937786102295,732.674560546875,35.800079345703125,737511.75,F,366.3394470214844
642,647,745A6272,886,0.06374457478523254,12.51528263092041,28.02206039428711,7718.4599609375,E,951.539306640625
642,652,745A6272,887,0.11340375244617462,29.769847869873047,27.12814712524414,17207.0625,E,966.6383666992188
643,646,745A6272,888,0.014855688437819481,2.5920000076293945,26.418071746826172,1420.78076171875,E,1245.041015625
644,648,745A6272,889,0.31328022480010986,72.76020812988281,30.540800094604492,53302.13671875,E,1115.556396484375
645,701,745A6272,890,1.036637306213379,276.5177307128906,32.88877487182617,234913.65625,E,1143.82470703125
646,656,745A6272,891,0.19786396622657776,47.0244140625,24.4786434173584,22130.333984375,E,1236.655029296875
646,665,745A6272,892,0.9988667368888855,86.9780502319336,15.9917573928833,17469.9609375,E,1284.6646728515625
647,669,745A6272,893,0.5030555129051208,75.98112487792969,22.63459014892578,30573.197265625,E,971.5867919921875
648,651,745A6272,894,0.1606481522321701,42.7298469543457,32.61650848388672,35702.296875,E,1161.4931640625
649,659,745A6272,895,0.22216317057609558,31.732921600341797,24.779861450195312,15303.7431640625,E,748.5052490234375
649,849,745A6272,896,2.4797351360321045,735.0502319335938,35.800079345703125,739903.125,F,367.5232849121094
650,685,745A6272,897,0.8001378774642944,229.5696258544922,33.909461975097656,207322.328125,E,1434.11083984375
651,656,745A6272,898,0.2275114357471466,60.87384796142578,32.660118103027344,50998.3515625,E,1203.408935546875
652,692,745A6272,899,1.0603959560394287,192.2080078125,29.26332664489746,129273.2734375,E,1067.8089599609375
654,667,745A6272,900,0.36993303894996643,69.9076919555664,27.551654815673828,41678.32421875,E,995.2481689453125
654,849,745A6272,901,3.0054750442504883,962.232666015625,35.800079345703125,968585.4375,F,481.11663818359375
655,671,745A6272,902,0.9122990369796753,206.1337432861328,30.200057983398438,147657.171875,E,1131.9906005859375
655,719,745A6272,903,1.1313140392303467,246.82420349121094,29.193035125732422,165209.921875,E,1153.2747802734375
656,665,745A6272,904,0.42196425795555115,92.79097747802734,29.89144515991211,65116.26171875,E,1271.8636474609375
657,659,745A6272,905,0.7747058868408203,34.7696418762207,14.886213302612305,6051.4375,E,752.90576171875
657,849,745A6272,906,2.5137200355529785,744.13427734375,35.800079345703125,749047.125,F,372.06939697265625
658,666,745A6272,907,0.19518961012363434,39.6931266784668,28.578462600708008,25461.4375,E,831.5571899414062
658,676,745A6272,908,0.40441951155662537,70.3524169921875,26.238155364990234,38039.5625,E,856.3192138671875
659,670,745A6272,909,0.19962772727012634,40.137847900390625,28.38566780090332,25400.49609375,E,776.1942749023438
660,663,745A6272,910,1.759612798690796,95.19877624511719,30.069595336914062,67604.625,E,1472.047119140625
660,671,745A6272,911,1.3718905448913574,296.2248229980469,29.656997680664062,204628.3125,E,1325.089599609375
661,669,745A6272,912,0.4466206431388855,56.31876754760742,15.56978988647461,10722.8076171875,E,969.3915405273438
661,672,745A6272,913,0.16929873824119568,39.5089225769043,30.58221435546875,29021.705078125,E,955.480712890625
662,670,745A6272,914,1.2485066652297974,54.80040740966797,14.027294158935547,8468.79296875,E,769.5823364257812
662,849,745A6272,915,2.5259735584259033,748.1142578125,35.800079345703125,753053.375,F,374.05938720703125
665,668,745A6272,916,0.01442086510360241,3.6656415462493896,31.886682510375977,2927.241455078125,E,1315.2261962890625
666,673,745A6272,917,0.18292810022830963,39.064205169677734,29.226436614990234,26207.19921875,E,836.4630737304688
666,674,745A6272,918,0.06960288435220718,19.84656524658203,26.847021102905273,11234.8544921875,E,849.8781127929688
668,698,745A6272,919,0.8370223641395569,189.3238983154297,29.670122146606445,130898.296875,E,1337.2294921875
668,715,745A6272,920,0.894456684589386,232.0853271484375,32.23625946044922,189420.4375,E,1423.4365234375
669,677,745A6272,921,0.10916128754615784,25.475284576416016,30.583566665649414,18714.798828125,E,1005.1310424804688
670,688,745A6272,922,0.25775426626205444,64.53948211669922,31.62284278869629,50689.40625,E,811.947021484375
671,710,745A6272,923,1.4147825241088867,290.4434814453125,29.19890594482422,194484.359375,E,1354.7249755859375
672,679,745A6272,924,0.12383844703435898,48.54277038574219,23.707481384277344,21428.1796875,E,961.249755859375
672,697,745A6272,925,0.37323927879333496,90.01478576660156,28.26917839050293,56497.61328125,E,999.512939453125
673,683,745A6272,926,0.22668495774269104,46.39548873901367,29.01007080078125,30666.4296875,E,853.7066650390625
674,678,745A6272,927,0.18551473319530487,37.99056625366211,28.954893112182617,25015.5234375,E,873.257568359375
674,683,745A6272,928,0.14813841879367828,45.50605392456055,20.931163787841797,15658.3427734375,E,866.7652587890625
675,690,745A6272,929,0.6282945275306702,66.05784606933594,21.72197723388672,24480.087890625,E,799.3353271484375
675,849,745A6272,930,2.571636915206909,767.7091064453125,35.800079345703125,772777.625,F,383.8438415527344
676,678,745A6272,931,0.01406001951545477,3.6656415462493896,32.293270111083984,3002.3681640625,E,884.8518676757812
676,686,745A6272,932,0.643459141254425,111.37969970703125,25.15118408203125,55336.640625,E,921.7503051757812
677,693,745A6272,933,1.2258518934249878,106.37989807128906,18.58514976501465,28859.021484375,E,1060.185302734375
677,695,745A6272,934,0.2761082649230957,71.24185180664062,28.489633560180664,45414.9453125,E,1035.927978515625
678,689,745A6272,935,0.219094380736351,56.31876754760742,27.944229125976562,34540.39453125,E,910.0946044921875
679,686,745A6272,936,0.10368489474058151,24.585847854614258,30.738069534301758,18244.34375,E,962.6401977539062
680,691,745A6272,937,0.6090144515037537,53.09784698486328,19.56224250793457,15958.94140625,E,803.2924194335938
680,849,745A6272,938,2.591405153274536,778.485107421875,35.800079345703125,783624.75,F,389.24468994140625
681,682,745A6272,939,6.6689934730529785,85.01497650146484,17.592010498046875,20664.08984375,E,1614.83203125
682,685,745A6272,940,0.30284222960472107,72.31548309326172,30.984365463256836,54526.34375,E,1563.98779296875
682,703,745A6272,941,1.4381664991378784,93.8646240234375,23.38013458251953,40298.21484375,E,1638.1109619140625
683,687,745A6272,942,0.04306412488222122,11.441641807556152,32.57178497314453,9533.697265625,E,879.3364868164062
684,688,745A6272,943,0.4842264950275421,31.73292350769043,13.821097373962402,4760.85546875,E,827.0122680664062
685,699,745A6272,944,0.1866416186094284,55.874053955078125,29.6090087890625,38472.26953125,E,1562.007080078125
686,694,745A6272,945,0.16281771659851074,43.358768463134766,21.010446548461914,15032.71484375,E,975.3958740234375
687,717,745A6272,946,0.5804786682128906,120.85826873779297,27.308046340942383,70786.015625,E,938.3035888671875
687,724,745A6272,947,0.6460273861885071,120.22935485839844,28.633968353271484,77421.8359375,E,925.4448852539062
688,711,745A6272,948,0.2957894206047058,79.01783752441406,32.672176361083984,66247.75,E,866.8114624023438
689,694,745A6272,949,0.3855527937412262,66.0578384399414,24.403852462768555,30898.048828125,E,959.1105346679688
689,745,745A6272,950,0.945694088935852,203.28121948242188,28.19955825805664,126961.4140625,E,1026.3299560546875
690,691,745A6272,951,0.7818737626075745,30.659282684326172,12.256093978881836,3617.062744140625,E,828.5083618164062
690,714,745A6272,952,3.123711109161377,85.9044189453125,9.43469524383545,6005.66552734375,E,864.43701171875
691,714,745A6272,953,0.7228243350982666,61.94748306274414,19.031105041503906,17621.4453125,E,854.69775390625
692,729,745A6272,954,0.45436856150627136,123.37399291992188,33.02485275268555,105680.6015625,E,1214.9156494140625
692,753,745A6272,955,1.0292538404464722,198.6182403564453,27.391725540161133,117043.6328125,E,1219.75244140625
693,695,745A6272,956,0.9297045469284058,77.49948120117188,19.1124210357666,22234.126953125,E,1083.90771484375
693,706,745A6272,957,0.2126520276069641,36.47220993041992,26.13111686706543,19559.95703125,E,1121.8958740234375
694,704,745A6272,958,0.1393352448940277,40.76676940917969,26.598493576049805,22652.193359375,E,1001.964111328125
695,697,745A6272,959,0.23872770369052887,54.616207122802734,30.4666690826416,39816.33984375,E,1045.0772705078125
695,705,745A6272,960,0.11791322380304337,28.067279815673828,30.917339324951172,21071.451171875,E,1071.486083984375
696,723,745A6272,961,0.4348728060722351,102.009033203125,30.76382064819336,75824.4140625,E,859.9303588867188
696,849,745A6272,962,2.6540610790252686,818.6453857421875,35.800079345703125,824050.1875,F,409.32464599609375
697,700,745A6272,963,0.029175814241170883,7.331283092498779,31.68677520751953,5781.30615234375,E,1031.67236328125
698,701,745A6272,964,0.14633283019065857,46.395484924316406,27.446741104125977,27450.306640625,E,1287.333740234375
698,709,745A6272,965,0.09085657447576523,36.47220993041992,17.042823791503906,8320.2255859375,E,1307.562744140625
699,702,745A6272,966,0.19727593660354614,31.732927322387695,26.113128662109375,16994.87109375,E,1600.8455810546875
699,707,745A6272,967,0.431923508644104,60.42912673950195,23.842588424682617,26980.064453125,E,1600.576904296875
700,704,745A6272,968,0.15818995237350464,44.248207092285156,28.172868728637695,27583.392578125,E,1024.5
700,713,745A6272,969,0.1739443838596344,37.36164093017578,29.51288604736328,25558.7265625,E,1046.169189453125
701,709,745A6272,970,0.15773901343345642,38.61948776245117,31.399559020996094,29904.978515625,E,1295.5068359375
702,707,745A6272,971,0.31165456771850586,32.361846923828125,21.375452041625977,11613.25,E,1622.5819091796875
704,716,745A6272,972,0.17610536515712738,44.432411193847656,25.278493881225586,22299.34765625,E,1040.207275390625
705,712,745A6272,973,0.4102481007575989,56.763484954833984,21.309289932250977,20244.025390625,E,1105.6871337890625
705,720,745A6272,974,0.1747877597808838,46.8402099609375,26.138078689575195,25133.677734375,E,1095.904052734375
706,712,745A6272,975,0.12392546236515045,34.95384979248047,17.905132293701172,8801.1611328125,E,1131.3216552734375
706,730,745A6272,976,0.5824967622756958,67.76040649414062,21.835556030273438,25374.318359375,E,1165.5506591796875
708,750,745A6272,977,2.24392032623291,190.24493408203125,18.467315673828125,50957.78515625,E,920.0671997070312
708,849,745A6272,978,2.6955604553222656,848.4752807617188,35.800079345703125,854077.0,F,424.2392272949219
709,728,745A6272,979,0.30462729930877686,69.46297454833984,30.248319625854492,49916.68359375,E,1345.322998046875
711,721,745A6272,980,0.14962318539619446,34.509132385253906,30.41649627685547,25075.078125,E,907.3095092773438
711,726,745A6272,981,0.16587534546852112,44.87712860107422,27.5888614654541,26827.640625,E,919.5101928710938
712,730,745A6272,982,0.6412486433982849,66.686767578125,20.67412757873535,22386.3828125,E,1157.82763671875
713,716,745A6272,983,0.0474616177380085,10.99692440032959,30.42804718017578,7996.67138671875,E,1060.634765625
713,722,745A6272,984,0.12245345115661621,54.80040740966797,25.80093002319336,28651.3046875,E,1082.1964111328125
714,718,745A6272,985,0.2083924561738968,21.36492347717285,16.905941009521484,4795.89794921875,E,891.5101318359375
716,745,745A6272,986,0.5254863500595093,118.26628112792969,30.560693740844727,86751.5546875,E,1094.4149169921875
717,744,745A6272,987,0.3858937621116638,93.680419921875,28.62526512145996,60288.953125,E,1023.7393188476562
717,761,745A6272,988,1.1072479486465454,171.808837890625,25.0234317779541,84494.6328125,E,1073.7259521484375
718,723,745A6272,989,0.2072511464357376,44.69292068481445,29.456125259399414,30456.490234375,E,899.2706298828125
718,725,745A6272,990,0.31687474250793457,55.689849853515625,24.01194190979004,25218.572265625,E,911.337646484375
719,748,745A6272,991,0.7758866548538208,175.3981475830078,30.683366775512695,129694.3046875,E,1345.750244140625
719,760,745A6272,992,0.8925635814666748,160.627685546875,28.98973846435547,106022.703125,E,1309.6767578125
720,722,745A6272,993,0.02234307862818241,6.257641315460205,33.46898651123047,5505.35986328125,E,1107.66259765625
720,740,745A6272,994,0.40053778886795044,101.38011169433594,31.8529109954834,80786.890625,E,1157.2525634765625
721,725,745A6272,995,0.054591767489910126,10.99692440032959,28.354446411132812,6943.89990234375,E,919.8364868164062
721,726,745A6272,996,0.0822906643152237,40.58256530761719,19.907577514648438,12631.8291015625,E,928.0177612304688
722,751,745A6272,997,0.5482645630836487,109.8613510131836,28.82550048828125,71694.9453125,E,1135.7728271484375
723,742,745A6272,998,0.3546641767024994,88.86482238769531,25.826255798339844,46552.46484375,E,936.3146362304688
724,733,745A6272,999,0.45092248916625977,93.8646240234375,23.592283248901367,41032.859375,E,973.0721435546875
724,737,745A6272,1000,0.22870826721191406,68.64984893798828,29.701274871826172,47564.13671875,E,999.3158569335938
725,736,745A6272,1001,0.18853534758090973,58.28184509277344,29.04530906677246,38616.703125,E,947.3062744140625
726,733,745A6272,1002,0.21934917569160461,50.061126708984375,30.34343719482422,36200.95703125,E,960.6033325195312
727,732,745A6272,1003,0.21163976192474365,47.0244140625,30.136320114135742,33542.3671875,E,909.9297485351562
727,849,745A6272,1004,2.8196804523468018,892.103759765625,35.800079345703125,897993.5,F,446.0532531738281
728,729,745A6272,1005,0.9463360905647278,158.8488311767578,26.228178024291992,85824.2734375,E,1328.375244140625
728,752,745A6272,1006,0.5313974022865295,134.81564331054688,31.892385482788086,107697.140625,E,1441.243408203125
729,740,745A6272,1007,3.382020950317383,748.8462524414062,32.34971618652344,615493.5,E,1404.787353515625
731,735,745A6272,1008,1.7596461772918701,54.17148971557617,12.13344955444336,6263.67529296875,E,1112.742431640625
732,739,745A6272,1009,0.16446495056152344,35.58277130126953,23.16391372680664,14995.2431640625,E,939.6455688476562
732,743,745A6272,1010,0.18249455094337463,43.358768463134766,30.822294235229492,32351.671875,E,939.193603515625
733,738,745A6272,1011,0.07335849851369858,20.291284561157227,33.246212005615234,17615.044921875,E,991.6000366210938
734,739,745A6272,1012,0.37622368335723877,75.98112487792969,29.026636123657227,50279.27734375,E,948.24560546875
734,849,745A6272,1013,3.0443246364593506,940.6138916015625,35.800079345703125,946823.9375,F,470.30865478515625
735,849,745A6272,1014,3.677626371383667,1103.95166015625,35.800079345703125,1111240.125,F,551.97705078125
736,742,745A6272,1015,0.1766078770160675,39.064205169677734,29.946672439575195,27514.77734375,E,972.06787109375
736,747,745A6272,1016,0.12063231319189072,30.843490600585938,31.97206687927246,24762.521484375,E,983.5552978515625
737,744,745A6272,1017,0.22398892045021057,56.134559631347656,32.01688766479492,45193.75390625,E,1041.6646728515625
737,746,745A6272,1018,0.06475082039833069,17.254566192626953,32.577884674072266,14382.67578125,E,1031.7254638671875
738,741,745A6272,1019,0.013510217890143394,3.6656415462493896,32.943809509277344,3124.55029296875,E,1001.6559448242188
738,746,745A6272,1020,0.5067936182022095,72.76020812988281,20.390399932861328,23759.390625,E,1017.64599609375
739,754,745A6272,1021,1.1213774681091309,64.53948974609375,13.350615501403809,9034.7890625,E,975.676025390625
740,772,745A6272,1022,1.1549168825149536,160.36717224121094,27.243005752563477,93479.28125,E,1243.438720703125
741,747,745A6272,1023,0.3846901059150696,58.726558685302734,21.277502059936523,20881.693359375,E,998.7722778320312
741,769,745A6272,1024,0.6026369333267212,126.48699951171875,29.12419319152832,84264.2890625,E,1060.1214599609375
742,750,745A6272,1025,0.2946484386920929,60.42912292480469,28.678987503051758,39035.86328125,E,991.3798828125
743,754,745A6272,1026,0.31695371866226196,44.87712860107422,20.235157012939453,14432.0517578125,E,972.1856689453125
743,759,745A6272,1027,0.4356074929237366,91.45683288574219,29.047103881835938,60605.45703125,E,984.261962890625
744,767,745A6272,1028,0.43038249015808105,91.97785186767578,29.691104888916016,63683.34375,E,1097.817138671875
745,779,745A6272,1029,0.6717395782470703,185.13722229003906,33.2077522277832,160347.640625,E,1206.2178955078125
746,749,745A6272,1030,0.029776211827993393,6.257641315460205,28.56960105895996,4011.519287109375,E,1038.8720703125
747,758,745A6272,1031,0.23384587466716766,57.20820617675781,31.338272094726562,44126.37890625,E,1020.6871337890625
749,766,745A6272,1032,0.7394972443580627,88.49641418457031,22.695493698120117,35800.9765625,E,1081.208251953125
749,769,745A6272,1033,1.4069418907165527,110.93500518798828,15.040961265563965,19711.046875,E,1080.5587158203125
750,756,745A6272,1034,0.5231420397758484,76.16533660888672,22.17164421081543,29406.482421875,E,1000.7648315429688
754,770,745A6272,1035,0.45670297741889954,94.1251220703125,26.997461318969727,53881.69921875,E,1032.963134765625
755,764,745A6272,1036,0.2099347710609436,50.69004821777344,31.627483367919922,39823.7265625,E,1034.007080078125
755,849,745A6272,1037,3.37054443359375,1018.7318725585938,35.800079345703125,1025457.625,F,509.3676452636719
756,759,745A6272,1038,0.05345967039465904,15.107283592224121,25.823436737060547,7912.3291015625,E,1017.888671875
756,763,745A6272,1039,0.5094088912010193,92.60677337646484,27.164405822753906,53670.1796875,E,1035.46484375
757,765,745A6272,1040,0.4869503378868103,33.88020706176758,17.67473030090332,8312.6884765625,E,1170.2396240234375
757,849,745A6272,1041,3.875365972518921,1154.3133544921875,35.800079345703125,1161934.25,F,577.1500244140625
758,763,745A6272,1042,0.5686050057411194,66.686767578125,20.875179290771484,22823.90625,E,1042.2906494140625
758,768,745A6272,1043,0.13667526841163635,37.990562438964844,33.327171325683594,33140.76171875,E,1060.88720703125
759,773,745A6272,1044,0.3874416649341583,85.27547454833984,29.7386531829834,59232.03125,E,1058.968994140625
761,780,745A6272,1045,0.6996318101882935,126.22649383544922,28.79636573791504,82208.3203125,E,1203.21826171875
761,788,745A6272,1046,0.7596731185913086,174.21661376953125,31.03350257873535,131777.4375,E,1213.6898193359375
762,771,745A6272,1047,0.24440813064575195,52.46892166137695,29.639266967773438,36201.53125,E,1079.1168212890625
762,849,745A6272,1048,3.516493558883667,1055.711181640625,35.800079345703125,1062681.125,F,527.8572998046875
763,768,745A6272,1049,0.3065774142742157,59.80020523071289,24.608076095581055,28441.19921875,E,1064.99755859375
764,774,745A6272,1050,0.6935559511184692,144.9993896484375,26.13176727294922,77766.6953125,E,1065.1348876953125
764,784,745A6272,1051,0.6574438214302063,141.51800537109375,29.607942581176758,97435.6796875,E,1100.8314208984375
766,767,745A6272,1052,0.09982164204120636,26.993640899658203,24.47661018371582,12701.466796875,E,1128.1175537109375
766,787,745A6272,1053,1.7309799194335938,155.1831817626953,20.051576614379883,49004.00390625,E,1184.1927490234375
767,783,745A6272,1054,0.7751230001449585,103.41950225830078,23.137544631958008,43483.734375,E,1182.2132568359375
768,782,745A6272,1055,0.33571046590805054,92.42256164550781,33.15727996826172,79804.1875,E,1118.93017578125
769,777,745A6272,1056,0.20354589819908142,54.616207122802734,32.726287841796875,45941.46875,E,1144.5330810546875
770,774,745A6272,1057,0.23633728921413422,51.57948303222656,29.745317459106445,35842.9765625,E,1085.296142578125
770,781,745A6272,1058,0.303100049495697,64.53948974609375,29.257556915283203,43390.1875,E,1104.2437744140625
771,798,745A6272,1059,0.6934416890144348,174.6613311767578,31.81294822692871,138833.5625,E,1179.24658203125
771,804,745A6272,1060,2.0231423377990723,269.07855224609375,24.446252822875977,126297.15625,E,1175.9918212890625
773,793,745A6272,1061,0.6352189779281616,128.81849670410156,27.3355712890625,75600.4609375,E,1146.6778564453125
773,794,745A6272,1062,0.5075045228004456,126.48697662353516,31.6455020904541,99485.4765625,E,1151.927001953125
774,776,745A6272,1063,0.05957959592342377,15.107283592224121,31.839242935180664,12028.2294921875,E,1101.1187744140625
775,778,745A6272,1064,1.7607007026672363,30.214567184448242,14.9642972946167,5313.9677734375,E,1155.7615966796875
775,849,745A6272,1065,3.8575046062469482,1147.026611328125,35.800079345703125,1154599.375,F,573.514892578125
776,781,745A6272,1066,0.4104691743850708,57.39241409301758,19.778484344482422,17633.169921875,E,1122.7103271484375
776,785,745A6272,1067,0.255400687456131,66.42625427246094,28.160301208496094,41371.78125,E,1130.110595703125
777,786,745A6272,1068,0.29900020360946655,74.01805114746094,28.56088638305664,47421.0234375,E,1203.5919189453125
777,795,745A6272,1069,0.8847414255142212,166.9932403564453,29.169254302978516,111593.640625,E,1215.8604736328125
779,789,745A6272,1070,0.6430453658103943,155.99630737304688,31.6829833984375,122986.1875,E,1354.678466796875
779,791,745A6272,1071,0.29485878348350525,86.34912109375,31.071163177490234,65473.08984375,E,1326.18359375
781,790,745A6272,1072,0.2706330716609955,61.318565368652344,30.138792037963867,43745.515625,E,1161.229248046875
782,795,745A6272,1073,0.5122653245925903,109.8613510131836,27.198291778564453,63829.00390625,E,1210.7952880859375
782,796,745A6272,1074,0.8059210777282715,128.81849670410156,22.213268280029297,49922.12109375,E,1205.021728515625
784,785,745A6272,1075,0.02307172492146492,6.257641315460205,32.94042205810547,5332.84375,E,1152.6976318359375
784,804,745A6272,1076,0.6552379727363586,129.0789794921875,27.10164451599121,74462.34375,E,1208.6337890625
785,790,745A6272,1077,0.42224690318107605,108.52719116210938,29.71318817138672,75253.5390625,E,1178.33984375
786,787,745A6272,1078,0.04321972653269768,11.441641807556152,28.588237762451172,7344.34423828125,E,1240.0047607421875
786,808,745A6272,1079,0.6048738956451416,129.0789794921875,29.746898651123047,89707.5078125,E,1285.8905029296875
787,797,745A6272,1080,0.32585322856903076,75.72061157226562,30.53986167907715,55467.44140625,E,1277.44873046875
788,800,745A6272,1081,0.39182206988334656,80.27569580078125,28.85646629333496,52500.11328125,E,1307.859130859375
788,814,745A6272,1082,2.8234548568725586,184.9530029296875,24.56704330444336,87671.21875,E,1368.3394775390625
790,792,745A6272,1083,0.029900169000029564,7.331283092498779,31.30051612854004,5641.2177734375,E,1192.32470703125
791,802,745A6272,1084,0.4373386800289154,117.56105041503906,31.050228118896484,89019.046875,E,1371.3843994140625
791,828,745A6272,1085,1.0895298719406128,303.92449951171875,33.42774963378906,266728.78125,E,1500.1524658203125
792,793,745A6272,1086,0.204259991645813,39.95363998413086,22.368450164794922,15700.6640625,E,1195.7110595703125
792,799,745A6272,1087,0.3057611286640167,53.54256057739258,26.78400230407715,30167.54296875,E,1219.558349609375
793,799,745A6272,1088,0.9300896525382996,67.3156967163086,17.039175033569336,15349.822265625,E,1224.41259765625
794,796,745A6272,1089,0.20297546684741974,47.0244140625,26.078937530517578,25118.462890625,E,1228.231201171875
794,803,745A6272,1090,0.4186815023422241,85.19918060302734,28.788795471191406,55459.03125,E,1235.68701171875
795,822,745A6272,1091,0.5467543601989746,152.2227783203125,33.37109375,133140.5625,E,1331.7237548828125
796,821,745A6272,1092,0.5584926605224609,145.07568359375,32.24517822265625,118471.546875,E,1312.8497314453125
797,800,745A6272,1093,0.12387807667255402,36.47220993041992,25.237512588500977,18245.05078125,E,1322.961669921875
797,807,745A6272,1094,0.4368787705898285,52.024208068847656,20.589630126953125,17321.77734375,E,1331.1519775390625
798,811,745A6272,1095,0.5899142622947693,143.665283203125,28.169387817382812,89535.7578125,E,1287.232666015625
798,829,745A6272,1096,0.9010076522827148,245.71897888183594,33.14100646972656,211962.953125,E,1369.239990234375
799,801,745A6272,1097,0.059335432946681976,12.960000038146973,29.558961868286133,8893.51171875,E,1250.68310546875
800,809,745A6272,1098,0.23110972344875336,54.171485900878906,30.65782356262207,39989.25390625,E,1355.771728515625
801,805,745A6272,1099,0.16755716502666473,37.54584503173828,24.03952980041504,17041.337890625,E,1263.603271484375
801,815,745A6272,1100,0.49187159538269043,95.19877624511719,27.88656997680664,58144.87109375,E,1299.9041748046875
803,805,745A6272,1101,0.718085527420044,57.837127685546875,13.368621826171875,8118.38916015625,E,1264.3818359375
803,810,745A6272,1102,0.3041536808013916,59.984413146972656,28.312768936157227,37765.3046875,E,1289.25634765625
804,806,745A6272,1103,0.08759646117687225,25.030563354492188,33.778446197509766,22430.544921875,E,1274.9808349609375
805,810,745A6272,1104,0.17041780054569244,44.87712860107422,25.37314224243164,22691.51171875,E,1291.7628173828125
806,811,745A6272,1105,0.25100937485694885,54.80040740966797,29.878591537475586,38423.234375,E,1307.952392578125
806,816,745A6272,1106,0.48601213097572327,79.83097076416016,24.375886917114258,37254.7890625,E,1313.95361328125
807,809,745A6272,1107,0.305279940366745,31.2882080078125,15.711247444152832,6065.853515625,E,1365.42919921875
807,812,745A6272,1108,0.8122337460517883,66.24205017089844,13.826904296875,9946.5751953125,E,1376.7735595703125
809,812,745A6272,1109,0.25047487020492554,54.80040740966797,29.668521881103516,37884.84375,E,1392.382080078125
810,817,745A6272,1110,0.26371362805366516,54.80040740966797,29.35228157043457,37081.51171875,E,1329.51220703125
811,813,745A6272,1111,0.06389816105365753,16.180925369262695,31.805360794067383,12855.6455078125,E,1336.938720703125
812,825,745A6272,1112,0.31606441736221313,87.42277526855469,33.2162971496582,75755.9765625,E,1439.976318359375
813,820,745A6272,1113,0.42673259973526,52.65312576293945,20.198965072631836,16872.22265625,E,1348.652587890625
813,833,745A6272,1114,0.7653429508209229,208.3573455810547,33.050540924072266,178754.03125,E,1441.2642822265625
815,816,745A6272,1115,0.07359456270933151,21.809640884399414,26.556989669799805,12080.810546875,E,1344.890869140625
815,818,745A6272,1116,0.07067631185054779,14.662566184997559,28.847436904907227,9583.2841796875,E,1347.8675537109375
816,820,745A6272,1117,0.030026257038116455,20.920207977294922,22.098072052001953,8023.5146484375,E,1353.6431884765625
817,818,745A6272,1118,0.1958445906639099,39.5089225769043,28.564180374145508,25317.953125,E,1354.71484375
817,819,745A6272,1119,0.057399436831474304,10.99692440032959,27.769977569580078,6660.58154296875,E,1354.8443603515625
818,823,745A6272,1120,0.13645611703395844,42.28512954711914,19.90656089782715,13160.4287109375,E,1369.9437255859375
819,824,745A6272,1121,0.8006924390792847,104.86155700683594,25.440505981445312,53303.73828125,E,1379.081298828125
819,826,745A6272,1122,0.41211599111557007,88.94112396240234,27.170259475708008,51567.9765625,E,1396.0311279296875
820,823,745A6272,1123,0.2298830896615982,37.10112762451172,25.77430534362793,19357.57421875,E,1375.3612060546875
821,824,745A6272,1124,0.3153030276298523,61.686973571777344,19.42136573791504,18274.388671875,E,1393.8741455078125
821,834,745A6272,1125,0.7554126381874084,197.09988403320312,32.387657165527344,162381.03125,E,1470.60302734375
822,827,745A6272,1126,0.7669848203659058,84.83076477050781,20.175249099731445,27119.462890625,E,1420.1488037109375
822,830,745A6272,1127,0.4109330177307129,104.93785858154297,31.978174209594727,84280.9453125,E,1452.837890625
823,826,745A6272,1128,0.20193947851657867,50.24533462524414,31.585126876831055,39368.68359375,E,1404.9224853515625
824,831,745A6272,1129,0.3336777091026306,86.53333282470703,32.208797454833984,70505.390625,E,1447.86328125
826,832,745A6272,1130,0.4446656405925751,120.04512786865234,32.8980712890625,102041.1328125,E,1478.9248046875
829,837,745A6272,1131,0.8246688842773438,200.6892547607422,30.661014556884766,148179.140625,E,1560.772705078125
829,838,745A6272,1132,0.7310261130332947,201.5786590576172,33.334259033203125,175920.34375,E,1576.779296875
830,834,745A6272,1133,1.2979775667190552,111.56391143798828,19.729387283325195,34106.7890625,E,1537.4520263671875
830,836,745A6272,1134,0.6183019876480103,160.8118896484375,32.59930419921875,134222.3125,E,1575.914306640625
832,835,745A6272,1135,0.44934818148612976,96.01191711425781,27.849035263061523,58483.76953125,E,1571.145751953125
832,840,745A6272,1136,2.5388104915618896,252.34503173828125,30.809223175048828,188124.84375,E,1648.3165283203125
834,839,745A6272,1137,16.935630798339844,164.03282165527344,14.683416366577148,27776.33203125,E,1623.074462890625
837,842,745A6272,1138,0.9127548336982727,200.42872619628906,28.35300636291504,126545.8984375,E,1724.5263671875
837,844,745A6272,1139,228.8863983154297,304.4771423339844,29.648086547851562,210202.515625,E,1761.7574462890625
838,841,745A6272,1140,0.5482773780822754,148.6650390625,33.057315826416016,127595.0703125,E,1729.0146484375
838,842,745A6272,1141,0.6760726571083069,158.2198944091797,29.50156593322754,108153.6328125,E,1732.9346923828125
841,843,745A6272,1142,0.7227771878242493,165.36697387695312,30.19148063659668,118387.9453125,E,1829.0924072265625
841,846,745A6272,1143,0.7760239839553833,211.6861572265625,33.138710021972656,182580.140625,E,1888.8631591796875
842,845,745A6272,1144,0.47933003306388855,117.00841522216797,31.38376808166504,90514.296875,E,1850.7799072265625
846,847,745A6272,1145,11.731173515319824,142.85211181640625,23.581645965576172,62391.41015625,E,2035.920166015625
846,848,745A6272,1146,0.6366838216781616,175.3981475830078,33.26261520385742,152415.0,E,2059.01220703125
