EndNodes_1,EndNodes_2,name,edge_id,Weight,Length,Width,Volume,Type,Distance
1,4,745A6337,1,2.052480459213257,215.61231994628906,27.66192626953125,129577.109375,E,2733.169677734375
2,16,745A6337,2,1.638738751411438,330.1050109863281,28.520273208618164,210886.796875,E,2598.881591796875
3,13,745A6337,3,1.0009182691574097,186.2871856689453,27.322418212890625,109222.2578125,E,2608.043212890625
4,7,745A6337,4,0.3795032203197479,73.57333374023438,27.845367431640625,44803.94140625,E,2615.998046875
4,8,745A6337,5,1.7180390357971191,278.188720703125,25.353288650512695,140442.328125,E,2635.620849609375
5,11,745A6337,6,4.808882236480713,82.86769104003906,23.383907318115234,35588.46484375,E,2589.1796875
6,14,745A6337,7,0.877841591835022,165.21435546875,27.584522247314453,98734.421875,E,2542.675537109375
7,9,745A6337,8,0.07502153515815735,31.73292350769043,17.04960060119629,7244.8330078125,E,2581.892822265625
7,10,745A6337,9,0.11452065408229828,21.36492347717285,27.322729110717773,12526.7783203125,E,2579.701171875
8,9,745A6337,10,1.4871097803115845,227.23812866210938,24.791574478149414,109693.1015625,E,2579.650634765625
8,16,745A6337,11,0.8523957133293152,171.4720001220703,28.360727310180664,108322.2890625,E,2498.142578125
9,10,745A6337,12,0.1292690932750702,24.401639938354492,20.912187576293945,8381.2314453125,E,2569.535400390625
10,20,745A6337,13,0.6834887266159058,151.70175170898438,29.87488555908203,106339.1015625,E,2511.7744140625
11,14,745A6337,14,0.31772467494010925,73.83384704589844,23.80335235595703,32856.52734375,E,2519.48486328125
11,17,745A6337,15,1.5024057626724243,296.5169372558594,28.311817169189453,186670.15625,E,2494.852783203125
12,19,745A6337,16,2.9113149642944336,121.2267074584961,23.550798416137695,52807.96875,E,2509.21484375
13,15,745A6337,17,0.5495055913925171,94.12513732910156,27.304790496826172,55115.42578125,E,2517.818359375
13,20,745A6337,18,0.38470658659935,86.71753692626953,25.31439781188965,43644.75,E,2484.115234375
14,27,745A6337,19,0.6033724546432495,118.89521026611328,26.45472526550293,65352.27734375,E,2435.072998046875
16,17,745A6337,20,0.038919031620025635,18.328208923339844,27.45825958251953,10853.15234375,E,2440.4716796875
17,66,745A6337,21,1.3130519390106201,297.1142578125,30.308542251586914,214359.875,E,2294.19384765625
18,22,745A6337,22,0.5823931694030762,96.08821868896484,27.544660568237305,57257.828125,E,2473.13671875
19,22,745A6337,23,0.21093299984931946,27.622568130493164,20.114501953125,8777.5341796875,E,2454.636962890625
19,27,745A6337,24,0.993462860584259,189.5081024169922,28.501834869384766,120910.3125,E,2422.114501953125
20,47,745A6337,25,0.9431902170181274,213.98602294921875,30.11429214477539,152412.515625,E,2355.89208984375
21,23,745A6337,26,11.004133224487305,11.441641807556152,2.1752471923828125,42.52021789550781,E,2423.102783203125
21,25,745A6337,27,1.676232933998108,23.956924438476562,14.202127456665039,3795.1396484375,E,2417.358154296875
22,26,745A6337,28,1.8185235261917114,94.9382553100586,23.17552947998047,40048.88671875,E,2436.499755859375
23,25,745A6337,29,0.361625999212265,16.180925369262695,21.539011001586914,5895.82763671875,E,2411.613037109375
24,34,745A6337,30,3.4829916954040527,163.8486328125,26.930160522460938,93327.6953125,E,2406.423828125
25,32,745A6337,31,0.6553626656532288,141.8547821044922,29.563264846801758,97373.0234375,E,2340.607421875
27,68,745A6337,32,1.3018193244934082,307.177001953125,29.897319793701172,215646.84375,E,2266.442626953125
28,96,745A6337,33,2.9747493267059326,351.24102783203125,28.00851058959961,216408.921875,E,2315.295654296875
29,48,745A6337,34,0.8515011072158813,179.58482360839844,29.0972900390625,119416.578125,E,2282.325927734375
30,54,745A6337,35,0.607321560382843,114.41641235351562,28.268293380737305,71808.7578125,E,2281.71630859375
31,57,745A6337,36,1.1928751468658447,172.36143493652344,27.912282943725586,105468.0,E,2237.60205078125
32,33,745A6337,37,1.2477874755859375,25.920000076293945,12.229593276977539,3044.73095703125,E,2275.46875
32,53,745A6337,38,0.5273416042327881,91.53312683105469,27.514934539794922,54425.83984375,E,2232.61328125
33,45,745A6337,39,0.7964537739753723,52.024200439453125,14.951010704040527,9133.482421875,E,2253.6142578125
33,46,745A6337,40,1.0893861055374146,85.2754898071289,21.73804473876953,31648.642578125,E,2265.774658203125
34,35,745A6337,41,0.019027290865778923,3.6656415462493896,27.759811401367188,2218.568603515625,E,2333.8720703125
34,38,745A6337,42,1.3021771907806396,207.8363037109375,25.893508911132812,109444.296875,E,2381.677734375
35,39,745A6337,43,0.06675776839256287,13.588924407958984,24.313976287841797,6309.38330078125,E,2328.28369140625
35,41,745A6337,44,0.11916074901819229,19.846567153930664,25.751556396484375,10336.70703125,E,2325.126953125
36,57,745A6337,45,0.5138229131698608,98.2354965209961,27.955198287963867,60295.3046875,E,2230.535400390625
37,62,745A6337,46,0.6374300122261047,128.5579833984375,28.456483840942383,81761.984375,E,2228.126953125
38,40,745A6337,47,0.4354536235332489,62.39220428466797,20.914609909057617,21434.814453125,E,2353.7802734375
38,49,745A6337,48,0.3909507095813751,71.87076568603516,27.230836868286133,41856.6171875,E,2329.917724609375
39,42,745A6337,49,0.08144652098417282,13.588926315307617,13.417410850524902,1921.37646484375,E,2322.4208984375
39,43,745A6337,50,0.08567100763320923,13.588926315307617,17.076705932617188,3112.312744140625,E,2318.996337890625
40,42,745A6337,51,0.3604944944381714,52.024200439453125,24.055042266845703,23643.271484375,E,2329.6865234375
40,49,745A6337,52,0.37795203924179077,64.72368621826172,23.126501083374023,27187.73046875,E,2317.093017578125
41,44,745A6337,53,0.09173844754695892,16.180925369262695,23.301570892333984,6900.23095703125,E,2311.143798828125
41,47,745A6337,54,0.7962344288825989,169.03260803222656,28.17919921875,105418.703125,E,2282.896484375
42,43,745A6337,55,0.10461162030696869,10.99692440032959,20.664846420288086,3688.29345703125,E,2315.714111328125
43,44,745A6337,56,0.0873129665851593,17.699283599853516,21.5186824798584,6436.90234375,E,2309.237548828125
44,107,745A6337,57,0.926755964756012,194.0631866455078,29.130552291870117,129339.2890625,E,2216.714111328125
45,46,745A6337,58,0.08651150017976761,15.552000045776367,10.947389602661133,1463.852294921875,E,2231.495361328125
45,50,745A6337,59,0.5027943849563599,32.80656814575195,16.063623428344727,6648.71533203125,E,2215.959228515625
46,60,745A6337,60,0.5262823700904846,56.13456726074219,20.692434310913086,18877.455078125,E,2206.292236328125
47,142,745A6337,61,1.1420012712478638,266.1944580078125,30.56623077392578,195331.671875,E,2133.40283203125
48,55,745A6337,62,0.054884303361177444,25.03056526184082,16.3448486328125,5251.9716796875,E,2191.81298828125
48,56,745A6337,63,0.17766040563583374,39.064205169677734,22.08282470703125,14961.6025390625,E,2189.033935546875
49,67,745A6337,64,0.2864275276660919,53.09783935546875,27.775325775146484,32172.51953125,E,2274.366943359375
50,59,745A6337,65,0.4899497628211975,39.6931266784668,14.91275405883789,6932.99462890625,E,2188.319091796875
50,63,745A6337,66,0.626582145690918,36.91692352294922,14.737130165100098,6297.109375,E,2184.9501953125
51,75,745A6337,67,0.658223032951355,121.22669219970703,27.45185089111328,71751.5625,E,2264.822021484375
52,72,745A6337,68,0.9272143244743347,232.05372619628906,31.643102645874023,182488.9375,E,2303.444091796875
53,55,745A6337,69,0.35713860392570496,71.68656158447266,28.586915969848633,46011.0625,E,2186.816162109375
53,59,745A6337,70,0.0986456498503685,19.846567153930664,23.541461944580078,8638.576171875,E,2183.205810546875
54,61,745A6337,71,0.13439631462097168,26.548925399780273,28.062719345092773,16420.876953125,E,2223.093994140625
54,65,745A6337,72,0.1961657851934433,38.61948776245117,15.369035720825195,7164.56201171875,E,2215.43505859375
55,56,745A6337,73,0.1954759955406189,31.732927322387695,26.180892944335938,17083.1875,E,2175.312744140625
56,58,745A6337,74,0.01543696690350771,3.6656415462493896,30.819387435913086,2734.562744140625,E,2171.58349609375
57,79,745A6337,75,0.3829284608364105,84.75445556640625,27.737638473510742,51214.31640625,E,2153.5849609375
58,66,745A6337,76,0.4819755554199219,124.3396987915039,29.84247398376465,86969.9765625,E,2163.27490234375
58,116,745A6337,77,0.7638680934906006,153.035888671875,27.214731216430664,89020.7578125,E,2103.393310546875
59,118,745A6337,78,1.3147937059402466,163.58811950683594,24.178693771362305,75111.65625,E,2104.27099609375
60,62,745A6337,79,0.24157962203025818,23.956924438476562,14.690032958984375,4060.378173828125,E,2178.3388671875
60,64,745A6337,80,0.14182643592357635,13.588926315307617,16.263526916503906,2822.958740234375,E,2174.63134765625
61,65,745A6337,81,0.11256909370422363,18.772924423217773,22.350154876708984,7365.171875,E,2208.42822265625
61,71,745A6337,82,0.16526755690574646,31.2882080078125,27.644306182861328,18779.41015625,E,2200.960205078125
62,69,745A6337,83,0.15243101119995117,23.512208938598633,24.979764938354492,11522.8525390625,E,2165.8662109375
63,64,745A6337,84,0.06361009925603867,10.368000030517578,12.766870498657227,1327.253173828125,E,2168.583740234375
63,89,745A6337,85,0.5417031049728394,70.79712677001953,20.819252014160156,24101.037109375,E,2136.39208984375
64,69,745A6337,86,0.08282142877578735,14.662566184997559,19.096094131469727,4199.41650390625,E,2164.416748046875
65,70,745A6337,87,0.06546538323163986,16.180925369262695,24.618919372558594,7702.4912109375,E,2194.49951171875
66,68,745A6337,88,0.027847666293382645,7.331283092498779,32.445743560791016,6061.5732421875,E,2152.116943359375
67,75,745A6337,89,0.20355382561683655,36.47220993041992,20.469179153442383,12001.978515625,E,2235.652099609375
67,80,745A6337,90,0.522550642490387,52.65312957763672,15.755294799804688,10265.193359375,E,2224.123046875
68,101,745A6337,91,0.336806058883667,79.46256256103516,30.73603630065918,58958.73828125,E,2111.996826171875
69,81,745A6337,92,0.1648879200220108,44.692928314208984,26.099271774291992,23910.32421875,E,2139.17333984375
70,71,745A6337,93,0.09159360826015472,28.067283630371094,25.177976608276367,13974.359375,E,2187.622802734375
70,87,745A6337,94,0.3339613974094391,72.68389129638672,29.46009063720703,49544.5859375,E,2158.49560546875
71,99,745A6337,95,0.3291488587856293,74.01805114746094,30.006216049194336,52341.9609375,E,2160.58251953125
72,96,745A6337,96,0.5900940895080566,136.1497802734375,28.949081420898438,89614.109375,E,2196.90380859375
72,147,745A6337,97,0.7314034700393677,173.14297485351562,30.164125442504883,123730.34375,E,2160.10693359375
73,76,745A6337,98,0.06514609605073929,8.849641799926758,23.30767059326172,3775.837646484375,E,2138.316650390625
73,77,745A6337,99,0.4945930242538452,35.398563385009766,14.232847213745117,5631.95361328125,E,2140.91015625
73,100,745A6337,100,1.3420263528823853,136.85498046875,24.59035873413086,64995.0390625,E,2145.0244140625
74,116,745A6337,101,0.731258749961853,134.37091064453125,27.358816146850586,78993.2109375,E,2078.340087890625
75,83,745A6337,102,0.07484448701143265,23.512208938598633,27.948877334594727,14424.875,E,2211.63427734375
76,77,745A6337,103,0.17453844845294952,15.552000045776367,15.848810195922852,3068.099853515625,E,2133.18408203125
76,88,745A6337,104,0.17110103368759155,21.36492347717285,22.34710693359375,8379.8037109375,E,2125.30029296875
77,84,745A6337,105,0.04886668547987938,16.625642776489258,14.566024780273438,2770.45068359375,E,2124.18701171875
78,109,745A6337,106,6.07931661605835,119.33991241455078,20.403759002685547,39020.78125,E,2229.64990234375
79,92,745A6337,107,0.21974223852157593,59.53969192504883,28.54249382019043,38096.08203125,E,2109.37451171875
79,108,745A6337,108,0.7045462131500244,172.437744140625,29.835756301879883,120558.078125,E,2094.89501953125
80,83,745A6337,109,0.056455593556165695,12.51528263092041,29.778522491455078,8716.3935546875,E,2201.91162109375
80,90,745A6337,110,0.16541993618011475,20.920207977294922,23.765085220336914,9279.7158203125,E,2193.8115234375
81,82,745A6337,111,0.44328776001930237,96.53292083740234,29.565561294555664,66273.1484375,E,2122.582763671875
81,85,745A6337,112,0.05469316244125366,10.99692440032959,28.283294677734375,6909.09423828125,E,2114.51513671875
82,94,745A6337,113,0.5583493709564209,21.809640884399414,13.779953002929688,3252.6240234375,E,2117.861572265625
82,106,745A6337,114,0.9422779083251953,90.19898223876953,21.71858787536621,33416.015625,E,2121.8681640625
83,91,745A6337,115,0.06380660831928253,14.033641815185547,29.555574417114258,9628.06640625,E,2195.880859375
84,88,745A6337,116,0.12548106908798218,16.625642776489258,16.8734130859375,3717.69873046875,E,2115.224853515625
84,92,745A6337,117,0.11847390234470367,17.254566192626953,20.07021141052246,5458.80810546875,E,2109.297119140625
85,89,745A6337,118,0.1491793990135193,26.993640899658203,22.153249740600586,10404.6201171875,E,2108.06201171875
85,141,745A6337,119,0.5748830437660217,130.4131317138672,30.19171714782715,93365.59375,E,2049.834716796875
86,196,745A6337,120,10.108624458312988,332.8049621582031,25.19289207458496,165895.9375,E,2184.274169921875
87,93,745A6337,121,0.15707319974899292,28.69620704650879,27.103174209594727,16555.97265625,E,2126.40673828125
87,97,745A6337,122,0.021310120820999146,26.10420799255371,22.057411193847656,9974.921875,E,2124.62060546875
88,102,745A6337,123,0.11544372886419296,30.214563369750977,23.25684928894043,12835.357421875,E,2102.436767578125
89,118,745A6337,124,0.6472551226615906,97.71446990966797,24.62772560119629,46547.60546875,E,2066.021484375
90,95,745A6337,125,0.07775165140628815,20.920207977294922,13.732518196105957,3098.533935546875,E,2179.916748046875
90,107,745A6337,126,0.7080805897712708,132.92884826660156,26.832216262817383,75166.1328125,E,2144.464111328125
91,95,745A6337,127,0.09267817437648773,14.662566184997559,25.525611877441406,7503.2978515625,E,2183.334716796875
91,111,745A6337,128,0.24205660820007324,68.57353210449219,25.4134578704834,34783.55078125,E,2173.43212890625
92,102,745A6337,129,0.11157974600791931,21.99384880065918,28.072017669677734,13612.5146484375,E,2095.537109375
93,98,745A6337,130,0.10916410386562347,13.588926315307617,22.545318603515625,5424.8505859375,E,2112.7109375
93,104,745A6337,131,0.11695431172847748,22.438568115234375,16.568471908569336,4837.822265625,E,2108.78271484375
94,106,745A6337,132,0.17688453197479248,28.69620704650879,18.323575973510742,7567.19384765625,E,2097.89892578125
95,119,745A6337,133,0.4353255331516266,65.16841125488281,24.537599563598633,30817.056640625,E,2146.841064453125
96,117,745A6337,134,0.3041728138923645,68.38933563232422,29.96739959716797,48236.56640625,E,2130.413330078125
97,99,745A6337,135,0.46272164583206177,101.27220153808594,27.471385955810547,60026.26171875,E,2125.760498046875
97,104,745A6337,136,0.21821531653404236,32.361846923828125,24.398988723754883,15130.97265625,E,2106.080078125
98,100,745A6337,137,0.09963177889585495,16.625642776489258,26.20461082458496,8966.5166015625,E,2104.450927734375
98,105,745A6337,138,0.10785403847694397,17.254566192626953,16.710777282714844,3784.314697265625,E,2101.811279296875
99,123,745A6337,139,0.29845356941223145,64.72368621826172,29.6422176361084,44665.73828125,E,2111.7119140625
100,103,745A6337,140,0.032503891736269,7.331283092498779,30.03331756591797,5193.6953125,E,2099.080810546875
101,108,745A6337,141,0.08245198428630829,18.772924423217773,30.16594123840332,13417.0048828125,E,2066.643310546875
101,137,745A6337,142,0.758780300617218,136.41024780273438,27.496498107910156,81001.234375,E,2042.7890625
102,112,745A6337,143,0.10312085598707199,34.32492446899414,25.71089744567871,17821.076171875,E,2073.89892578125
103,110,745A6337,144,0.08810210227966309,18.772924423217773,29.20465087890625,12575.517578125,E,2088.91455078125
103,112,745A6337,145,0.3022572994232178,71.42605590820312,27.791378021240234,43327.8125,E,2080.22216796875
104,105,745A6337,146,0.10544751584529877,13.588924407958984,22.66322898864746,5481.7412109375,E,2096.677001953125
105,110,745A6337,147,0.18031048774719238,27.622568130493164,19.79745864868164,8503.0126953125,E,2086.83642578125
106,141,745A6337,148,0.6802598834037781,163.77230834960938,29.5031681060791,111961.234375,E,2028.58349609375
107,131,745A6337,149,0.4898940324783325,109.1561279296875,29.85194206237793,76398.2109375,E,2084.728759765625
108,139,745A6337,150,0.3185086250305176,76.87055969238281,31.07876205444336,58314.60546875,E,2022.67138671875
109,111,745A6337,151,0.20018771290779114,32.361846923828125,25.8978214263916,17047.064453125,E,2170.73876953125
109,129,745A6337,152,0.2646504342556,52.024208068847656,23.56491470336914,22689.611328125,E,2159.36962890625
110,132,745A6337,153,0.3011920154094696,61.947486877441406,28.64598846435547,39924.65625,E,2053.426513671875
111,113,745A6337,154,0.029631927609443665,6.257641315460205,29.077835083007812,4155.513671875,E,2154.6591796875
112,115,745A6337,155,0.032933689653873444,7.331283092498779,29.796142578125,5111.98974609375,E,2056.103759765625
113,121,745A6337,156,0.1248142421245575,28.69620704650879,25.426284790039062,14570.6923828125,E,2143.016845703125
113,122,745A6337,157,0.08729182183742523,16.180925369262695,27.26512908935547,9447.3134765625,E,2146.914306640625
114,148,745A6337,158,0.5667771100997925,119.52411651611328,29.115999221801758,79580.890625,E,2043.680908203125
115,120,745A6337,159,0.11645309627056122,23.956924438476562,28.80000114440918,15606.5146484375,E,2048.1572265625
115,126,745A6337,160,0.06515161693096161,28.69620704650879,19.827953338623047,8860.7431640625,E,2042.0867919921875
116,127,745A6337,161,0.1575789898633957,29.769847869873047,22.423341751098633,11756.205078125,E,2024.565185546875
117,123,745A6337,162,0.017921408638358116,18.772924423217773,28.603483200073242,12063.1201171875,E,2096.302978515625
117,147,745A6337,163,0.648550808429718,154.2937469482422,30.98600959777832,116350.8359375,E,2092.52294921875
118,128,745A6337,164,0.1788334995508194,20.291284561157227,17.676424026489258,4979.52880859375,E,2024.1534423828125
119,124,745A6337,165,0.09239462018013,17.254566192626953,24.22452735900879,7952.515625,E,2114.580078125
119,190,745A6337,166,1.1470195055007935,239.93765258789062,29.120695114135742,159805.515625,E,2006.4979248046875
120,126,745A6337,167,0.19038215279579163,26.10420799255371,19.665319442749023,7928.7080078125,E,2033.899169921875
120,156,745A6337,168,0.9035532474517822,224.20143127441406,31.532310485839844,175081.34375,E,1990.6029052734375
121,124,745A6337,169,0.3038698136806488,49.43220901489258,25.57101058959961,25386.08203125,E,2124.489990234375
121,125,745A6337,170,0.07536506652832031,8.849641799926758,21.85411834716797,3319.572509765625,E,2128.870361328125
122,125,745A6337,171,0.17685718834400177,33.88020706176758,14.530447006225586,5618.1572265625,E,2130.35400390625
122,129,745A6337,172,0.11159299314022064,23.512208938598633,29.223529815673828,15770.6162109375,E,2137.259765625
123,135,745A6337,173,0.17638346552848816,40.76676940917969,30.389347076416016,29569.154296875,E,2073.412841796875
124,146,745A6337,174,0.31143876910209656,51.57948684692383,17.625600814819336,12585.044921875,E,2088.320068359375
125,146,745A6337,175,1.7274417877197266,106.82463073730469,21.018356323242188,37064.5546875,E,2083.9892578125
126,153,745A6337,176,0.345755010843277,64.09476470947266,27.19243621826172,37222.76953125,E,2004.0716552734375
127,128,745A6337,177,0.38361868262290955,35.84328079223633,11.91303539276123,3995.236328125,E,2016.05712890625
127,133,745A6337,178,0.12957340478897095,15.107283592224121,21.501741409301758,5485.5927734375,E,2006.7926025390625
128,130,745A6337,179,0.08792348206043243,6.257641315460205,16.8734130859375,1399.2857666015625,E,2012.28466796875
129,171,745A6337,180,0.8744732141494751,213.94134521484375,31.281719207763672,164424.234375,E,2102.223388671875
130,133,745A6337,181,0.21278397738933563,29.14092445373535,10.944000244140625,2741.2294921875,E,2004.4305419921875
130,150,745A6337,182,0.410625159740448,46.840206146240234,21.363821029663086,16790.61328125,E,1988.870361328125
131,142,745A6337,183,0.3553765118122101,78.75733184814453,26.972049713134766,44999.609375,E,2032.2174072265625
131,161,745A6337,184,0.7213849425315857,109.41663360595703,24.288562774658203,50696.3671875,E,2006.6248779296875
132,140,745A6337,185,0.22103941440582275,33.88020706176758,20.245553970336914,10906.748046875,E,2015.579833984375
132,143,745A6337,186,0.19013631343841553,27.6225643157959,24.226560592651367,12733.1943359375,E,2014.3663330078125
133,149,745A6337,187,0.21842993795871735,32.17763900756836,24.298337936401367,14920.974609375,E,1984.99169921875
134,135,745A6337,188,0.01684107445180416,30.214563369750977,24.812047958374023,14609.3671875,E,2056.510986328125
134,138,745A6337,189,0.32772013545036316,27.622568130493164,18.814870834350586,7679.9150390625,E,2049.611083984375
134,151,745A6337,190,0.6281752586364746,81.34933471679688,24.88319969177246,39560.0078125,E,2025.6448974609375
135,138,745A6337,191,0.02695678174495697,6.257641315460205,30.480566024780273,4566.1123046875,E,2052.3779296875
136,176,745A6337,192,6.524835109710693,191.39486694335938,24.674911499023438,91523.2421875,E,2283.727294921875
137,144,745A6337,193,0.10539655387401581,26.548925399780273,16.039907455444336,5364.6396484375,E,1982.11767578125
137,145,745A6337,194,0.08469609171152115,17.699283599853516,28.957794189453125,11656.7236328125,E,1980.38623046875
138,211,745A6337,195,0.974026083946228,239.232421875,31.342103958129883,184572.171875,E,1944.013671875
139,144,745A6337,196,0.38012900948524475,64.53948211669922,24.49694061279297,30418.587890625,E,1981.9197998046875
139,156,745A6337,197,0.18223148584365845,59.35548782348633,30.42677879333496,43158.140625,E,1960.4779052734375
140,143,745A6337,198,0.07759878039360046,16.625642776489258,20.13628387451172,5294.52490234375,E,2002.5533447265625
140,153,745A6337,199,0.12070398777723312,29.769847869873047,17.493457794189453,7155.13427734375,E,1989.782470703125
141,167,745A6337,200,0.43151676654815674,97.79077911376953,30.131671905517578,69732.34375,E,1944.0758056640625
142,155,745A6337,201,0.16318213939666748,39.5089225769043,31.139238357543945,30088.53515625,E,1991.406005859375
143,154,745A6337,202,0.08693145215511322,21.809640884399414,21.911039352416992,8223.64453125,E,1992.170166015625
144,145,745A6337,203,0.11742393672466278,22.883283615112305,28.083953857421875,14175.052734375,E,1971.6864013671875
145,193,745A6337,204,1.0271896123886108,168.1431884765625,26.665035247802734,93897.3828125,E,1899.222412109375
146,244,745A6337,205,1.201368808746338,247.8662567138672,29.69178009033203,171624.6875,E,1947.0262451171875
147,152,745A6337,206,0.03707527369260788,9.923283576965332,32.70494079589844,8336.2744140625,E,2077.35595703125
148,151,745A6337,207,0.28802359104156494,58.726566314697266,28.607177734375,37746.30859375,E,2002.2288818359375
148,154,745A6337,208,0.13945378363132477,36.47220993041992,25.881601333618164,19188.19921875,E,1989.330078125
149,150,745A6337,209,0.03685848414897919,16.625642776489258,16.771764755249023,3673.04150390625,E,1968.0814208984375
149,160,745A6337,210,0.37082529067993164,58.2818489074707,25.1503849029541,28954.259765625,E,1943.4256591796875
150,157,745A6337,211,0.3350401222705841,47.913848876953125,24.010231018066406,21694.19921875,E,1947.4818115234375
151,186,745A6337,212,0.8669404983520508,153.58851623535156,27.250062942504883,89574.34375,E,1942.7598876953125
152,162,745A6337,213,0.2761780619621277,64.53948974609375,30.6638240814209,47661.53515625,E,2044.555419921875
152,204,745A6337,214,1.111741065979004,231.0880126953125,28.38074493408203,146189.0625,E,2022.940673828125
153,212,745A6337,215,0.9856155514717102,191.39486694335938,27.998188018798828,117836.5546875,E,1895.598876953125
154,186,745A6337,216,0.6350245475769043,121.11878204345703,27.89934730529785,74043.9296875,E,1927.2816162109375
155,164,745A6337,217,0.47439897060394287,98.60389709472656,26.615888595581055,54861.2734375,E,1964.94677734375
155,175,745A6337,218,0.3226046860218048,79.01783752441406,31.305191040039062,60820.18359375,E,1935.90087890625
156,163,745A6337,219,0.15391238033771515,37.99056625366211,31.3958740234375,29411.0703125,E,1917.9619140625
157,159,745A6337,220,0.048745617270469666,7.331283092498779,24.5376033782959,3466.843017578125,E,1924.21142578125
157,168,745A6337,221,0.5196667909622192,81.34932708740234,21.78974151611328,30335.279296875,E,1916.74755859375
158,217,745A6337,222,0.8325233459472656,162.5144805908203,28.978540420532227,107185.234375,E,1868.684814453125
159,160,745A6337,223,0.05794201418757439,21.809640884399414,13.376752853393555,3065.06591796875,E,1920.0289306640625
159,179,745A6337,224,0.3725016415119171,70.3524169921875,27.71491813659668,42442.02734375,E,1892.57080078125
160,173,745A6337,225,0.39939776062965393,49.43220520019531,22.618728637695312,19862.60546875,E,1895.5465087890625
161,164,745A6337,226,0.07775165140628815,25.03056526184082,13.732518196105957,3707.3271484375,E,1956.2816162109375
161,165,745A6337,227,0.08744370937347412,23.956924438476562,23.92365074157715,10769.01171875,E,1958.165771484375
162,174,745A6337,228,0.14716453850269318,35.84328079223633,31.215816497802734,27431.33984375,E,1999.76416015625
162,183,745A6337,229,0.9393267631530762,93.05148315429688,26.182828903198242,50100.98828125,E,1990.461669921875
163,177,745A6337,230,0.17856615781784058,38.435279846191406,29.382776260375977,26061.87109375,E,1883.0115966796875
163,220,745A6337,231,1.0026564598083496,170.65887451171875,27.534320831298828,101617.2578125,E,1847.8138427734375
164,165,745A6337,232,0.15803882479667664,23.956924438476562,24.670873641967773,11452.2275390625,E,1944.5128173828125
165,188,745A6337,233,0.41276785731315613,62.131690979003906,24.526418685913086,29354.2734375,E,1928.4010009765625
166,201,745A6337,234,0.41133788228034973,92.16205596923828,27.19449806213379,53530.84765625,E,1871.1007080078125
167,168,745A6337,235,0.028005320578813553,6.257641315460205,29.891008377075195,4391.1845703125,E,1897.9029541015625
167,178,745A6337,236,0.14378029108047485,36.027488708496094,25.2059268951416,17977.49609375,E,1885.8902587890625
168,180,745A6337,237,0.16782450675964355,32.80656433105469,28.071531295776367,20304.056640625,E,1881.283935546875
169,199,745A6337,238,0.2984517216682434,68.64984893798828,30.38921546936035,49793.015625,E,2222.799560546875
170,251,745A6337,239,0.6072602272033691,159.2935333251953,30.6368408203125,117429.171875,E,2373.125732421875
171,181,745A6337,240,0.21907249093055725,20.920207977294922,20.492046356201172,6899.6416015625,E,2057.732666015625
171,196,745A6337,241,0.3053574860095978,66.8709716796875,29.679969787597656,46265.19921875,E,2055.09619140625
172,247,745A6337,242,0.6647555828094482,162.25396728515625,29.753173828125,112811.09375,E,1864.81494140625
173,182,745A6337,243,0.11747276037931442,17.699283599853516,24.499847412109375,8343.962890625,E,1865.6619873046875
173,185,745A6337,244,0.9336012005805969,35.398563385009766,10.21552848815918,2901.33056640625,E,1866.991943359375
174,183,745A6337,245,0.38023316860198975,57.20820617675781,17.445175170898438,13674.103515625,E,1968.314453125
174,205,745A6337,246,0.3370579183101654,70.16820526123047,28.992088317871094,46322.20703125,E,1951.9000244140625
175,195,745A6337,247,0.554442286491394,96.45661926269531,22.608152389526367,38721.48828125,E,1877.0831298828125
175,200,745A6337,248,0.2571991980075836,57.65291976928711,29.939678192138672,40588.73046875,E,1872.2320556640625
176,215,745A6337,249,0.37089818716049194,88.68062591552734,28.081697463989258,54924.40234375,E,2163.5693359375
176,234,745A6337,250,1.28385591506958,179.40061950683594,26.639789581298828,99994.34375,E,2202.393798828125
177,222,745A6337,251,0.8505946397781372,139.8153839111328,25.15793800354004,69501.625,E,1829.906494140625
177,263,745A6337,252,0.773226261138916,174.84552001953125,30.266830444335938,125799.3203125,E,1786.718505859375
178,189,745A6337,253,0.1658189445734024,30.843490600585938,27.31459617614746,18073.529296875,E,1864.3614501953125
178,198,745A6337,254,0.4727688133716583,50.061126708984375,14.19247055053711,7919.6591796875,E,1851.8033447265625
179,180,745A6337,255,0.21034500002861023,33.69599914550781,10.063058853149414,2679.95947265625,E,1865.0975341796875
179,202,745A6337,256,0.2695727050304413,54.616207122802734,28.633975982666016,35170.1953125,E,1839.1976318359375
180,202,745A6337,257,0.27022215723991394,61.50276565551758,25.780237197875977,32103.94140625,E,1840.2962646484375
182,185,745A6337,258,0.14685167372226715,17.699283599853516,18.015926361083984,4511.892578125,E,1855.265380859375
182,191,745A6337,259,0.24351385235786438,32.80656814575195,23.178918838500977,13843.2177734375,E,1843.2867431640625
183,197,745A6337,260,0.18459609150886536,46.57969284057617,31.796649932861328,36987.0078125,E,1932.7724609375
184,323,745A6337,261,9.857295036315918,307.66644287109375,26.20979118347168,165995.8125,E,2224.12255859375
185,191,745A6337,262,0.3415447771549225,41.65620803833008,18.3533935546875,11020.52734375,E,1837.4404296875
186,203,745A6337,263,0.18996335566043854,43.174560546875,25.9572696685791,22847.34765625,E,1858.871826171875
187,231,745A6337,264,1.682457447052002,91.08841705322266,24.111949920654297,41592.75390625,E,1850.512939453125
188,190,745A6337,265,0.1252821832895279,29.769847869873047,23.30767059326172,12701.76953125,E,1903.8509521484375
188,214,745A6337,266,0.5707428455352783,57.837127685546875,14.918091773986816,10109.3486328125,E,1883.8048095703125
189,195,745A6337,267,0.19565579295158386,40.137847900390625,28.57879638671875,25747.310546875,E,1849.4259033203125
189,198,745A6337,268,0.1453862488269806,23.512208938598633,21.6440486907959,8650.880859375,E,1844.4959716796875
190,214,745A6337,269,0.1742611527442932,39.064205169677734,30.03816032409668,27683.15234375,E,1881.7418212890625
191,194,745A6337,270,0.029135042801499367,3.6656415462493896,22.43350601196289,1448.8858642578125,E,1827.55810546875
192,216,745A6337,271,0.45203977823257446,101.0116958618164,30.091012954711914,71834.84375,E,2231.3193359375
193,194,745A6337,272,0.12128138542175293,7.776000022888184,14.582965850830078,1298.7867431640625,E,1826.062744140625
193,220,745A6337,273,0.4244914650917053,56.94769287109375,21.108184814453125,19928.1875,E,1803.4390869140625
194,213,745A6337,274,0.1828334480524063,32.80656433105469,26.91105842590332,18660.025390625,E,1812.2049560546875
195,223,745A6337,275,0.32245707511901855,80.45989227294922,27.655488967895508,48331.6953125,E,1821.43603515625
196,262,745A6337,276,0.6385380029678345,145.18359375,30.283594131469727,104573.6484375,E,2008.4200439453125
197,236,745A6337,277,0.552885115146637,118.00576782226562,28.314552307128906,74304.0546875,E,1891.517822265625
197,247,745A6337,278,0.6468355655670166,161.36451721191406,31.683794021606445,127224.953125,E,1856.7257080078125
198,299,745A6337,279,1.2115164995193481,215.6885986328125,28.250844955444336,135201.015625,E,1734.5606689453125
199,216,745A6337,280,0.09754619002342224,40.76676940917969,20.70550537109375,13726.75390625,E,2194.10693359375
199,221,745A6337,281,0.1639634668827057,43.174560546875,25.068199157714844,21309.05078125,E,2176.954345703125
200,223,745A6337,282,0.19743229448795319,41.65620803833008,29.071056365966797,27649.75390625,E,1826.0772705078125
200,233,745A6337,283,0.8042556047439575,94.49353790283203,22.573467254638672,37817.12890625,E,1826.7645263671875
201,206,745A6337,284,0.12693949043750763,28.067279815673828,29.854663848876953,19647.828125,E,1829.0028076171875
201,210,745A6337,285,0.0636734887957573,16.180925369262695,31.856185913085938,12896.765625,E,1824.77685546875
202,256,745A6337,286,0.3898034691810608,88.31221008300781,30.235380172729492,63407.62890625,E,1773.578857421875
203,208,745A6337,287,0.04401112347841263,7.331283092498779,25.82512855529785,3840.208740234375,E,1837.65576171875
203,211,745A6337,288,0.09607259929180145,31.73292350769043,16.56169319152832,6836.1162109375,E,1840.9605712890625
204,205,745A6337,289,0.03676928952336311,20.736000061035156,16.792095184326172,4592.24072265625,E,1926.7171630859375
204,230,745A6337,290,0.2933112680912018,44.24820327758789,20.812236785888672,15052.9990234375,E,1912.1954345703125
205,230,745A6337,291,0.3530881702899933,44.87712860107422,22.93564224243164,18541.154296875,E,1906.4580078125
206,209,745A6337,292,0.16201484203338623,33.435489654541016,28.675559997558594,21593.416015625,E,1834.1513671875
206,219,745A6337,293,0.10409000515937805,22.883283615112305,23.538070678710938,9957.4921875,E,1818.7872314453125
207,235,745A6337,294,0.5799610614776611,140.44436645507812,29.71482276916504,97395.859375,E,2451.366455078125
208,209,745A6337,295,0.12114524096250534,25.47528076171875,24.5927791595459,12101.0791015625,E,1833.734619140625
208,227,745A6337,296,0.12238466739654541,38.61948776245117,26.62898826599121,21508.283203125,E,1820.8251953125
209,219,745A6337,297,0.05698777362704277,29.769847869873047,21.12225914001465,10431.51171875,E,1817.8662109375
210,212,745A6337,298,0.19516099989414215,51.57948684692383,20.74471092224121,17433.380859375,E,1815.0321044921875
210,237,745A6337,299,0.3184141516685486,54.80040740966797,27.190587997436523,31820.78515625,E,1796.254150390625
211,227,745A6337,300,0.1833806037902832,37.10112762451172,28.767812728881836,24115.189453125,E,1823.742919921875
212,217,745A6337,301,0.0690501481294632,16.180923461914062,30.6025447845459,11901.6796875,E,1806.1932373046875
213,240,745A6337,302,0.3360459804534912,52.024208068847656,22.64315414428711,20949.283203125,E,1774.6639404296875
213,256,745A6337,303,0.6347091197967529,100.56697845458984,23.240148544311523,42660.21875,E,1762.59423828125
214,218,745A6337,304,0.02115625888109207,5.184000015258789,31.307294845581055,3990.67138671875,E,1860.7330322265625
215,241,745A6337,305,0.4546194076538086,103.34319305419922,30.20950698852539,74072.8515625,E,2124.522705078125
215,277,745A6337,306,0.7457661032676697,169.32472229003906,30.265708923339844,121818.1328125,E,2041.6181640625
216,221,745A6337,307,0.1805080622434616,39.6931266784668,29.70595932006836,27510.11328125,E,2175.740966796875
217,224,745A6337,308,0.15853095054626465,34.9538459777832,29.77581024169922,24339.521484375,E,1794.693359375
217,225,745A6337,309,0.08121667802333832,21.36492347717285,27.46164894104004,12654.484375,E,1793.8775634765625
218,229,745A6337,310,0.13108861446380615,27.17784881591797,28.86776351928711,17788.169921875,E,1846.02587890625
218,244,745A6337,311,0.37229809165000916,100.75119018554688,27.747800827026367,60925.23046875,E,1843.7198486328125
219,260,745A6337,312,0.6467851400375366,105.49047088623047,26.675880432128906,58957.7109375,E,1764.031005859375
220,228,745A6337,313,0.05221746116876602,11.441641807556152,29.583358764648438,7864.537109375,E,1775.8807373046875
221,324,745A6337,314,1.1074002981185913,273.0362854003906,31.509302139282227,212905.953125,E,2028.33935546875
222,224,745A6337,315,0.06194908916950226,14.033641815185547,29.985883712768555,9910.4638671875,E,1785.52978515625
222,265,745A6337,316,0.6227599382400513,154.0332489013672,29.875516891479492,107977.984375,E,1737.6365966796875
223,248,745A6337,317,0.18817320466041565,44.248207092285156,30.66310691833496,32675.171875,E,1787.6263427734375
224,238,745A6337,318,0.1670922338962555,21.36492347717285,21.85411834716797,8014.15625,E,1775.2872314453125
225,237,745A6337,319,0.12678562104701996,29.769847869873047,23.12470817565918,12503.1376953125,E,1779.54150390625
225,238,745A6337,320,0.2711693048477173,37.10112762451172,12.888848304748535,4840.6669921875,E,1773.4100341796875
226,253,745A6337,321,0.6170856952667236,153.48062133789062,31.737598419189453,121420.3671875,E,1901.7874755859375
227,321,745A6337,322,0.9183588027954102,223.57252502441406,31.239713668823242,171365.125,E,1706.470947265625
228,243,745A6337,323,0.21883054077625275,41.21148681640625,23.079980850219727,17241.658203125,E,1758.455322265625
228,255,745A6337,324,0.3171730637550354,69.9076919555664,29.720718383789062,48499.07421875,E,1746.7796630859375
229,249,745A6337,325,0.3264523446559906,65.79733276367188,25.256752014160156,32965.0078125,E,1811.7864990234375
229,281,745A6337,326,0.5691137909889221,120.674072265625,29.115507125854492,80343.8359375,E,1780.3251953125
230,236,745A6337,327,0.04857967421412468,13.588926315307617,22.735061645507812,5516.54736328125,E,1886.6346435546875
231,233,745A6337,328,0.05901334062218666,3.6656415462493896,13.254776000976562,505.8067932128906,E,1809.900390625
231,249,745A6337,329,0.21297957003116608,37.10112762451172,19.893781661987305,11532.1875,E,1800.264404296875
232,323,745A6337,330,4.444362163543701,280.4438781738281,28.15552520751953,174607.59375,E,2255.077392578125
233,254,745A6337,331,0.3429441452026367,36.91692352294922,18.348426818847656,9761.4208984375,E,1792.3966064453125
234,241,745A6337,332,0.049071941524744034,32.36184310913086,14.535530090332031,5370.130859375,E,2142.585693359375
234,250,745A6337,333,0.0863998681306839,31.288206100463867,25.672658920288086,16196.1669921875,E,2144.278076171875
235,245,745A6337,334,0.5591399669647217,126.30277252197266,30.41456413269043,91762.65625,E,2419.94384765625
235,251,745A6337,335,0.4345056712627411,105.12206268310547,31.154550552368164,80135.828125,E,2346.509033203125
236,253,745A6337,336,0.08776960521936417,28.067283630371094,26.3469181060791,15302.060546875,E,1869.818115234375
237,260,745A6337,337,0.21041421592235565,47.28491973876953,29.975717544555664,33369.65625,E,1750.840087890625
238,267,745A6337,338,1.6724987030029297,94.04883575439453,19.97820281982422,29481.947265625,E,1729.61767578125
239,272,745A6337,339,0.5321671962738037,117.5610580444336,27.70374298095703,70864.75,E,2161.8056640625
240,243,745A6337,340,0.05772025138139725,23.956926345825195,15.93825912475586,4779.72314453125,E,1746.119384765625
240,257,745A6337,341,0.15814092755317688,30.214563369750977,27.94000816345215,18525.044921875,E,1738.60888671875
241,250,745A6337,342,0.14306411147117615,27.622568130493164,28.007831573486328,17018.171875,E,2128.24853515625
242,252,745A6337,343,0.9838326573371887,228.46438598632812,31.197038650512695,174636.546875,E,1915.892578125
243,257,745A6337,344,0.10345562547445297,31.2882080078125,25.10682487487793,15490.09765625,E,1732.3480224609375
244,293,745A6337,345,0.5061272978782654,117.45313262939453,30.494115829467773,85780.109375,E,1787.0682373046875
246,271,745A6337,346,0.6406245827674866,144.29421997070312,31.081315994262695,109480.7109375,E,1909.140869140625
247,282,745A6337,347,0.3732263147830963,95.38298034667969,31.957839965820312,76509.546875,E,1753.655029296875
248,258,745A6337,348,1.304866075515747,56.763484954833984,11.28282356262207,5675.37451171875,E,1764.43115234375
248,259,745A6337,349,0.12679269909858704,27.17784881591797,29.287906646728516,18309.716796875,E,1756.4700927734375
249,254,745A6337,350,0.10191218554973602,18.772924423217773,27.26173973083496,10957.9404296875,E,1781.2908935546875
250,272,745A6337,351,0.3542148172855377,76.79425048828125,29.58268165588379,52782.953125,E,2119.39794921875
251,301,745A6337,352,0.7911820411682129,199.09457397460938,31.758947372436523,157718.09375,E,2219.14990234375
252,262,745A6337,353,0.33480504155158997,96.27239990234375,28.45322608947754,61214.5546875,E,1964.693359375
252,375,745A6337,354,1.398890495300293,290.2593078613281,29.936538696289062,204305.09375,E,1827.5224609375
253,264,745A6337,355,0.18605048954486847,33.25128173828125,26.725360870361328,18652.861328125,E,1842.411376953125
254,268,745A6337,356,0.4121648371219635,83.49661254882812,28.492801666259766,53238.89453125,E,1749.03173828125
255,263,745A6337,357,0.11695918440818787,33.435489654541016,25.110212326049805,16557.63671875,E,1716.5205078125
255,285,745A6337,358,0.5482379794120789,105.0457534790039,27.35467529296875,61735.0078125,E,1688.90576171875
256,316,745A6337,359,0.6429055333137512,146.1493377685547,30.15516471862793,104378.2890625,E,1667.2794189453125
257,274,745A6337,360,0.24331121146678925,57.20820617675781,30.660627365112305,42238.67578125,E,1699.9249267578125
258,259,745A6337,361,0.29144853353500366,22.883283615112305,14.214324951171875,3631.287841796875,E,1745.8466796875
258,299,745A6337,362,0.965063750743866,135.8892822265625,23.677719116210938,59834.9375,E,1692.1920166015625
259,280,745A6337,363,0.32858845591545105,62.39220428466797,27.745227813720703,37722.1796875,E,1716.0904541015625
260,266,745A6337,364,0.07997513562440872,21.809640884399414,25.540517807006836,11173.720703125,E,1718.8870849609375
261,292,745A6337,365,0.5881128311157227,86.79385375976562,22.147010803222656,33435.59765625,E,1763.2860107421875
262,276,745A6337,366,0.236954003572464,55.874053955078125,30.696279525756836,41349.625,E,1962.764404296875
263,265,745A6337,367,0.04339858517050743,9.923283576965332,30.24000358581543,7127.0361328125,E,1704.627197265625
264,294,745A6337,368,0.5187368988990784,80.72040557861328,20.97430419921875,27889.98828125,E,1795.79638671875
264,309,745A6337,369,0.6438106298446655,134.81564331054688,29.163785934448242,90057.1015625,E,1767.6070556640625
265,328,745A6337,370,0.6639295220375061,157.51467895507812,30.8652286529541,117855.515625,E,1635.666748046875
266,269,745A6337,371,0.09391390532255173,15.107283592224121,25.35077667236328,7625.33251953125,E,1701.80419921875
266,279,745A6337,372,1.1411333084106445,82.68348693847656,15.487140655517578,15575.8291015625,E,1698.888671875
268,275,745A6337,373,0.14000634849071503,28.69620704650879,28.625844955444336,18468.47265625,E,1712.1795654296875
268,284,745A6337,374,0.33588942885398865,54.35569381713867,19.766286849975586,16679.580078125,E,1709.368896484375
269,279,745A6337,375,0.20359595119953156,24.585847854614258,18.594636917114258,6676.525390625,E,1688.5914306640625
269,374,745A6337,376,1.0428520441055298,226.79342651367188,29.8001708984375,158182.28125,E,1596.4140625
270,305,745A6337,377,0.5467652678489685,130.5210723876953,31.002845764160156,98531.171875,E,1847.8902587890625
271,294,745A6337,378,0.6069651246070862,127.7448501586914,29.355192184448242,86457.5859375,E,1807.864013671875
271,325,745A6337,379,0.5343912839889526,118.89518737792969,26.083362579345703,63530.35546875,E,1794.0479736328125
272,298,745A6337,380,0.24738815426826477,55.68984603881836,30.073299407958984,39557.4296875,E,2088.893310546875
273,274,745A6337,381,0.3673210144042969,24.401639938354492,13.861270904541016,3682.2646484375,E,1677.47705078125
274,290,745A6337,382,0.2177910953760147,43.174560546875,28.256610870361328,27074.34375,E,1655.061279296875
275,280,745A6337,383,0.16354374587535858,36.91692352294922,23.1323299407959,15515.083984375,E,1693.51416015625
275,303,745A6337,384,0.2972422242164612,65.61312866210938,21.933870315551758,24791.9765625,E,1674.47802734375
276,277,745A6337,385,0.04309196025133133,26.993640899658203,15.51134204864502,5100.9384765625,E,1956.48095703125
276,297,745A6337,386,0.22453942894935608,50.061126708984375,29.848360061645508,35029.30078125,E,1934.1217041015625
277,297,745A6337,387,0.22653299570083618,45.32184600830078,23.966527938842773,20445.970703125,E,1944.0274658203125
278,282,745A6337,388,0.5603368282318115,43.17456817626953,16.605064392089844,9349.728515625,E,1716.4630126953125
279,321,745A6337,389,0.4654472768306732,100.12227630615234,26.813770294189453,56537.46875,E,1643.21044921875
280,339,745A6337,390,0.6603033542633057,141.59425354003906,29.427858352661133,96305.8828125,E,1622.737060546875
281,283,745A6337,391,0.01670103147625923,3.6656415462493896,29.630115509033203,2527.589599609375,E,1722.74755859375
281,320,745A6337,392,0.8647066354751587,133.1130828857422,25.81890106201172,69692.515625,E,1704.8770751953125
282,348,745A6337,393,0.5506707429885864,144.44677734375,32.40815353393555,119153.3671875,E,1643.2994384765625
283,287,745A6337,394,0.48436370491981506,60.42912292480469,20.58607292175293,20113.29296875,E,1710.0323486328125
283,342,745A6337,395,0.6094317436218262,144.18626403808594,30.877124786376953,107966.1171875,E,1654.8486328125
284,287,745A6337,396,0.13177071511745453,28.69620704650879,21.29167366027832,10217.2490234375,E,1698.6676025390625
284,288,745A6337,397,0.1453896462917328,20.920207977294922,24.595684051513672,9939.7099609375,E,1690.12109375
285,286,745A6337,398,0.10882948338985443,13.588926315307617,20.248096466064453,4375.65869140625,E,1647.25830078125
285,290,745A6337,399,0.1325272172689438,38.61948776245117,26.885650634765625,21924.89453125,E,1642.7689208984375
287,291,745A6337,400,0.04981544613838196,10.99692440032959,24.23265838623047,5071.81298828125,E,1686.36474609375
288,291,745A6337,401,0.14082446694374084,25.475284576416016,22.896726608276367,10489.5224609375,E,1681.951416015625
288,302,745A6337,402,0.1528938263654709,28.251487731933594,27.304658889770508,16542.63671875,E,1670.28271484375
289,295,745A6337,403,0.6166903376579285,7.331283092498779,7.454118251800537,319.93548583984375,E,2120.669921875
289,296,745A6337,404,1.4361019134521484,17.254566192626953,5.798964977264404,455.7166442871094,E,2124.818115234375
290,322,745A6337,405,0.26307615637779236,57.20820617675781,29.484420776367188,39060.10546875,E,1609.834716796875
291,319,745A6337,406,0.40651142597198486,55.689849853515625,24.18895149230957,25591.751953125,E,1656.881103515625
292,293,745A6337,407,0.25226399302482605,31.104000091552734,18.183208465576172,8076.9453125,E,1733.13232421875
292,320,745A6337,408,0.23299585282802582,53.54256057739258,25.371105194091797,27068.724609375,E,1703.5133056640625
293,389,745A6337,409,0.7043330669403076,174.4771270751953,31.493389129638672,135914.9375,E,1663.5479736328125
294,311,745A6337,410,0.16815128922462463,37.54584884643555,30.037485122680664,26605.958984375,E,1743.8695068359375
295,296,745A6337,411,0.0973273515701294,9.923283576965332,20.60894203186035,3310.218505859375,E,2121.822998046875
296,329,745A6337,412,0.39018258452415466,69.27877044677734,26.675573348999023,38718.41796875,E,2102.62060546875
297,457,745A6337,413,1.2968908548355103,323.14215087890625,31.606428146362305,253532.90625,E,1829.0966796875
298,310,745A6337,414,0.21053540706634521,41.65620803833008,16.58880043029785,9003.255859375,E,2078.166015625
298,318,745A6337,415,0.20200392603874207,41.65620803833008,28.74985122680664,27042.125,E,2058.328125
299,306,745A6337,416,0.09919566661119461,17.699283599853516,26.741891860961914,9940.994140625,E,1629.4954833984375
300,370,745A6337,417,1.0053309202194214,220.01475524902344,29.773345947265625,153178.203125,E,2217.671142578125
301,304,745A6337,418,0.09163884073495865,18.328208923339844,28.3358154296875,11557.9638671875,E,2115.228515625
301,308,745A6337,419,0.9599809050559998,71.42605590820312,13.59892463684082,10374.2255859375,E,2113.628662109375
302,303,745A6337,420,0.07436075806617737,16.180923461914062,29.521696090698242,11075.8173828125,E,1652.5728759765625
302,319,745A6337,421,0.3042122423648834,53.282047271728516,20.049318313598633,16821.703125,E,1644.8936767578125
303,307,745A6337,422,0.03256998956203461,7.331283092498779,30.00621223449707,5184.3251953125,E,1645.59423828125
304,308,745A6337,423,0.08404790610074997,17.699283599853516,28.98683738708496,11680.1181640625,E,2098.82373046875
305,325,745A6337,424,0.2802472710609436,61.05805206298828,29.780553817749023,42530.29296875,E,1766.828369140625
305,340,745A6337,425,5.304808616638184,159.2935333251953,21.052501678466797,55449.21875,E,1798.1517333984375
306,316,745A6337,426,0.17664887011051178,32.361846923828125,20.9901180267334,11198.322265625,E,1610.2435302734375
306,347,745A6337,427,0.7839060425758362,97.9749755859375,19.812232971191406,30204.517578125,E,1582.5181884765625
307,334,745A6337,428,0.330738365650177,61.686973571777344,27.42865562438965,36449.5703125,E,1617.702880859375
307,356,745A6337,429,0.5434852838516235,104.67733001708984,26.095972061157227,55987.29296875,E,1602.70703125
308,312,745A6337,430,0.05312945321202278,10.99692440032959,28.786449432373047,7157.103515625,E,2086.64599609375
309,315,745A6337,431,0.22357025742530823,46.39548873901367,24.89166831970215,22577.38671875,E,1705.0133056640625
309,379,745A6337,432,0.8136672377586365,211.1651153564453,32.233089447021484,172312.15625,E,1626.0357666015625
310,318,745A6337,433,0.4248332977294922,30.214567184448242,15.026824951171875,5358.46875,E,2057.355712890625
310,330,745A6337,434,0.2781354486942291,42.28512954711914,24.787364959716797,20405.078125,E,2064.0595703125
311,314,745A6337,435,0.02962983399629593,7.331283092498779,31.456375122070312,5697.53759765625,E,1726.09716796875
311,315,745A6337,436,0.09564283490180969,28.067279815673828,27.735124588012695,16957.0546875,E,1721.7926025390625
312,313,745A6337,437,0.15386754274368286,41.65620803833008,18.47943687438965,11172.4150390625,E,2072.26318359375
312,327,745A6337,438,0.1832456737756729,38.61948776245117,29.00851058959961,25523.912109375,E,2063.56005859375
313,326,745A6337,439,1.0499706268310547,204.69168090820312,29.51532554626465,140050.671875,E,1984.9339599609375
313,327,745A6337,440,0.44047096371650696,28.69620704650879,15.470683097839355,5394.27880859375,E,2052.49462890625
314,331,745A6337,441,0.09071827679872513,35.398563385009766,29.95792579650879,24951.6328125,E,1708.28857421875
314,332,745A6337,442,0.2874724268913269,83.94132995605469,30.51533317565918,61390.61328125,E,1729.3712158203125
315,331,745A6337,443,0.08324307203292847,36.027488708496094,17.40875244140625,8575.494140625,E,1702.7049560546875
316,346,745A6337,444,0.4121107757091522,79.20204162597656,28.224754333496094,49554.90234375,E,1570.7286376953125
317,377,745A6337,445,0.5227754712104797,121.93193817138672,30.60964584350586,89727.171875,E,1798.00048828125
318,457,745A6337,446,1.476151943206787,338.4652099609375,30.463918685913086,246703.578125,E,1897.8721923828125
319,342,745A6337,447,0.2816244959831238,64.09477233886719,26.253639221191406,34696.96875,E,1607.505859375
320,400,745A6337,448,0.6796987056732178,170.0299530029297,31.610755920410156,133439.703125,E,1607.857421875
321,350,745A6337,449,0.25330832600593567,63.46584701538086,31.661731719970703,49968.84375,E,1577.742919921875
322,333,745A6337,450,0.2783866822719574,39.064205169677734,20.589628219604492,13006.6640625,E,1578.8560791015625
322,336,745A6337,451,0.15261602401733398,30.214563369750977,28.161779403686523,18820.29296875,E,1571.4022216796875
323,386,745A6337,452,0.5131804347038269,113.7874984741211,29.961198806762695,80223.71875,E,2082.010009765625
324,326,745A6337,453,0.21483522653579712,55.689849853515625,27.60733985900879,33336.12109375,E,1909.9373779296875
324,416,745A6337,454,1.1172162294387817,289.03302001953125,32.213375091552734,235564.484375,E,1766.6077880859375
325,332,745A6337,455,0.09727617353200912,23.512208938598633,31.073505401611328,17830.51171875,E,1732.848876953125
326,361,745A6337,456,0.26374953985214233,79.64676666259766,27.548616409301758,47474.19921875,E,1899.0360107421875
327,343,745A6337,457,0.4877225458621979,78.75733184814453,22.943771362304688,32561.955078125,E,2011.220458984375
328,363,745A6337,458,1.494826316833496,125.5975570678711,16.680282592773438,27445.927734375,E,1541.185302734375
328,403,745A6337,459,0.7515040040016174,166.3643035888672,29.77845001220703,115865.515625,E,1503.1466064453125
329,330,745A6337,460,0.07742543518543243,24.401639938354492,16.365175247192383,5132.75146484375,E,2066.455322265625
329,337,745A6337,461,0.1700630486011505,32.80656433105469,27.854684829711914,19991.580078125,E,2064.498779296875
330,337,745A6337,462,0.10742620378732681,34.95384979248047,26.60249137878418,19428.064453125,E,2051.4072265625
331,358,745A6337,463,0.24260017275810242,60.24491882324219,31.507936477661133,46973.2109375,E,1665.7623291015625
332,404,745A6337,464,0.5605926513671875,146.59405517578125,32.339107513427734,120409.9296875,E,1657.42333984375
333,335,745A6337,465,0.054117634892463684,7.331283092498779,23.243295669555664,3110.751220703125,E,1565.97509765625
333,336,745A6337,466,0.05481424182653427,26.548925399780273,19.529788970947266,7953.01708984375,E,1562.2669677734375
334,339,745A6337,467,0.31035369634628296,47.0244140625,20.961883544921875,16228.33203125,E,1573.882080078125
334,359,745A6337,468,0.5516680479049683,85.19918060302734,23.654197692871094,37440.5078125,E,1570.3692626953125
335,344,745A6337,469,0.13818246126174927,34.95384979248047,16.847999572753906,7792.5859375,E,1548.7225341796875
335,353,745A6337,470,0.34169408679008484,69.46297454833984,24.939105987548828,33931.65234375,E,1544.61572265625
336,345,745A6337,471,0.18480250239372253,33.88020324707031,27.13807487487793,19597.197265625,E,1544.714111328125
337,397,745A6337,472,0.46110600233078003,106.82463836669922,28.124099731445312,66361.859375,E,2028.372314453125
338,361,745A6337,473,0.4467162489891052,97.9749755859375,29.82077980041504,68429.453125,E,1917.3148193359375
339,341,745A6337,474,0.022136755287647247,5.184000015258789,30.59576416015625,3811.33837890625,E,1557.07373046875
341,360,745A6337,475,0.14322763681411743,31.2882080078125,29.597776412963867,21527.259765625,E,1540.55517578125
341,382,745A6337,476,0.6302251815795898,104.41683959960938,25.144577026367188,51850.04296875,E,1540.8658447265625
342,383,745A6337,477,0.2482328712940216,63.02112579345703,31.886686325073242,50326.27734375,E,1559.6044921875
343,378,745A6337,478,0.6767157316207886,165.5511932373047,31.405017852783203,128239.0546875,E,2012.2947998046875
343,421,745A6337,479,0.7311062812805176,191.94747924804688,32.434852600097656,158597.4375,E,1887.354248046875
344,345,745A6337,480,0.030514441430568695,6.257641315460205,28.637365341186523,4030.57177734375,E,1532.861572265625
344,366,745A6337,481,0.21195755898952484,37.99056625366211,26.890003204345703,21574.830078125,E,1520.1331787109375
345,363,745A6337,482,0.1364823877811432,29.14092445373535,23.09130859375,12203.6669921875,E,1517.74072265625
346,347,745A6337,483,0.27549630403518677,35.84328079223633,19.20677947998047,10385.0068359375,E,1540.732421875
346,353,745A6337,484,0.028043439611792564,6.257641315460205,29.870683670043945,4385.21484375,E,1535.903564453125
347,360,745A6337,485,0.22550319135189056,34.509132385253906,17.666261672973633,8458.8876953125,E,1534.7508544921875
348,368,745A6337,486,0.2055603265762329,31.732927322387695,25.704849243164062,16467.59375,E,1562.38134765625
348,372,745A6337,487,0.3170854449272156,41.21148681640625,19.717498779296875,12583.7998046875,E,1558.0565185546875
349,351,745A6337,488,0.24354910850524902,44.87712860107422,27.185848236083984,26049.58203125,E,1565.9603271484375
349,354,745A6337,489,0.34803974628448486,44.87712860107422,21.00212860107422,15546.8203125,E,1552.2745361328125
350,351,745A6337,490,0.3368311822414398,44.692928314208984,17.236438751220703,10428.5458984375,E,1549.731201171875
350,355,745A6337,491,0.041559770703315735,10.99692440032959,32.51181411743164,9129.427734375,E,1544.6087646484375
351,354,745A6337,492,0.02643432281911373,3.6656415462493896,23.551626205444336,1596.9144287109375,E,1553.54638671875
352,387,745A6337,493,0.3004181981086731,69.01825714111328,26.37487030029297,37708.08984375,E,1499.1239013671875
353,405,745A6337,494,0.6115643978118896,101.90113830566406,26.459552764892578,56031.71484375,E,1488.81005859375
354,373,745A6337,495,0.8591461181640625,60.42912673950195,18.730165481567383,16650.19921875,E,1530.8629150390625
355,357,745A6337,496,0.22099809348583221,53.987281799316406,27.744226455688477,32638.23046875,E,1535.35986328125
355,373,745A6337,497,0.09508098661899567,25.47528076171875,32.738487243652344,21445.001953125,E,1529.07373046875
356,359,745A6337,498,0.22970041632652283,16.180925369262695,16.828685760498047,3599.097412109375,E,1556.692138671875
356,364,745A6337,499,0.1509033590555191,17.699283599853516,21.7147159576416,6554.7158203125,E,1554.9296875
357,374,745A6337,500,0.3869425058364868,96.90133666992188,29.08310317993164,64372.6171875,E,1510.327880859375
357,395,745A6337,501,0.2752505838871002,62.39220428466797,27.0189151763916,35773.0546875,E,1498.5302734375
358,367,745A6337,502,0.5918578505516052,33.88020706176758,14.380518913269043,5502.81689453125,E,1626.8946533203125
358,388,745A6337,503,0.19487544894218445,45.76656723022461,30.667516708374023,33806.12890625,E,1620.260009765625
359,364,745A6337,504,0.11702625453472137,22.883283615112305,9.412518501281738,1592.28173828125,E,1547.0040283203125
360,410,745A6337,505,0.4380984306335449,97.16185760498047,29.793317794799805,67736.6015625,E,1481.52880859375
361,426,745A6337,506,0.6572246551513672,161.54872131347656,31.51313018798828,126001.734375,E,1799.853515625
362,367,745A6337,507,0.3187752068042755,9.923283576965332,8.985600471496582,629.2735595703125,E,1616.4130859375
363,365,745A6337,508,0.023836400359869003,3.6656415462493896,24.801883697509766,1770.9617919921875,E,1503.325927734375
364,383,745A6337,509,0.09135668724775314,27.17784881591797,25.4483585357666,13823.70703125,E,1539.783935546875
365,366,745A6337,510,0.09215622395277023,25.475284576416016,24.80866050720215,12314.4658203125,E,1503.8099365234375
365,381,745A6337,511,0.07540389895439148,15.552000045776367,23.496736526489258,6743.5908203125,E,1494.370849609375
366,385,745A6337,512,0.13303272426128387,23.956924438476562,26.821271896362305,13535.66796875,E,1494.0067138671875
367,445,745A6337,513,1.1415754556655884,180.32164001464844,25.379819869995117,91225.1953125,E,1533.7296142578125
368,376,745A6337,514,0.06218356639146805,9.923283576965332,20.017696380615234,3123.0107421875,E,1545.7257080078125
368,379,745A6337,515,0.23223553597927094,30.214567184448242,16.42277717590332,6400.287109375,E,1546.1417236328125
369,399,745A6337,516,0.8196746706962585,73.83384704589844,19.06705093383789,21082.03125,E,1477.985107421875
370,386,745A6337,517,0.31193313002586365,95.82769775390625,29.20982551574707,64215.35546875,E,2073.202880859375
370,394,745A6337,518,0.7134535312652588,133.1893310546875,29.269163131713867,89614.8359375,E,2135.698974609375
371,430,745A6337,519,0.5606644749641418,134.8156280517578,31.130285263061523,102611.5703125,E,2234.876220703125
372,376,745A6337,520,0.08510962128639221,11.441641807556152,20.446306228637695,3756.712646484375,E,1542.28955078125
372,402,745A6337,521,0.685238778591156,153.40431213378906,29.251190185546875,103089.5234375,E,1486.5538330078125
373,380,745A6337,522,0.0365760438144207,9.923283576965332,32.93872833251953,8455.8828125,E,1513.7713623046875
374,387,745A6337,523,0.15941497683525085,39.6931266784668,31.57626724243164,31083.275390625,E,1487.041748046875
375,377,745A6337,524,0.03895428404211998,32.17763900756836,16.314353942871094,6726.41748046875,E,1733.538818359375
375,398,745A6337,525,0.2374848872423172,47.28491973876953,28.729976654052734,30653.712890625,E,1707.78515625
376,391,745A6337,526,0.15792755782604218,32.80656433105469,21.453338623046875,11858.7900390625,E,1528.9466552734375
377,390,745A6337,527,0.11162920296192169,26.54892349243164,22.694398880004883,10739.255859375,E,1729.312255859375
378,396,745A6337,528,0.32149362564086914,78.75733184814453,31.34170150756836,60761.15234375,E,2054.55224609375
378,408,745A6337,529,0.5105117559432983,82.86769104003906,21.483673095703125,30039.46484375,E,2022.6939697265625
379,391,745A6337,530,0.17774491012096405,36.027488708496094,28.78813934326172,23450.443359375,E,1529.7613525390625
380,395,745A6337,531,0.8887582421302795,65.16841125488281,16.55491828918457,14027.5263671875,E,1492.6219482421875
380,402,745A6337,532,0.2610619366168976,58.2818489074707,30.167875289916992,41659.3671875,E,1483.2755126953125
381,385,745A6337,533,0.12148816883563995,28.067283630371094,21.539011001586914,10226.84765625,E,1484.12109375
381,403,745A6337,534,0.4293242394924164,59.984413146972656,19.021554946899414,17045.916015625,E,1461.760986328125
382,392,745A6337,535,0.2511248290538788,36.027488708496094,20.40492057800293,11781.3134765625,E,1514.154052734375
382,410,745A6337,536,1.1404235363006592,137.66812133789062,20.244609832763672,44314.1171875,E,1467.892578125
383,392,745A6337,537,0.09559085965156555,25.659488677978516,32.745601654052734,21609.455078125,E,1520.492919921875
384,404,745A6337,538,0.6701217889785767,167.25372314453125,31.714969635009766,132127.8125,E,1651.0416259765625
385,413,745A6337,539,0.9020529389381409,155.81210327148438,27.096759796142578,89851.59375,E,1428.8074951171875
386,397,745A6337,540,0.14728456735610962,30.843490600585938,29.0832576751709,20489.884765625,E,2024.13232421875
387,399,745A6337,541,0.23888765275478363,56.94769287109375,30.900705337524414,42707.3671875,E,1457.4664306640625
388,434,745A6337,542,0.36725178360939026,91.53313446044922,28.459671020507812,58227.4765625,E,1559.9205322265625
388,503,745A6337,543,1.8729381561279297,230.01437377929688,24.16047477722168,105452.2265625,E,1500.4229736328125
389,406,745A6337,544,0.20060372352600098,47.28491973876953,30.74597930908203,35106.6328125,E,1567.5078125
389,412,745A6337,545,0.7738344073295593,116.30318450927734,25.24543571472168,58216.65625,E,1542.7247314453125
390,398,745A6337,546,0.1163536086678505,33.435489654541016,25.19830894470215,16674.021484375,E,1704.4281005859375
390,463,745A6337,547,1.1950435638427734,231.16432189941406,28.908939361572266,151731.234375,E,1698.806640625
391,417,745A6337,548,0.2776002883911133,66.24205017089844,30.858198165893555,49541.0,E,1486.0286865234375
392,393,745A6337,549,0.010315128602087498,2.5920000076293945,31.703716278076172,2046.1865234375,E,1508.172607421875
393,424,745A6337,550,0.37715858221054077,87.79117584228516,24.700239181518555,42067.1484375,E,1471.066650390625
393,425,745A6337,551,0.26044178009033203,70.3524169921875,29.188756942749023,47076.05859375,E,1481.7379150390625
395,419,745A6337,552,0.3375563621520996,84.12554168701172,31.574703216552734,65871.3125,E,1441.3690185546875
396,408,745A6337,553,0.24558088183403015,56.94769287109375,27.033763885498047,32687.30078125,E,2034.2535400390625
396,458,745A6337,554,0.6513452529907227,160.0303497314453,31.443544387817383,124266.828125,E,2063.608154296875
397,429,745A6337,555,0.30153176188468933,70.98133087158203,30.69652557373047,52530.61328125,E,1979.0999755859375
398,508,745A6337,556,0.7032703757286072,175.10606384277344,31.580154418945312,137157.5,E,1615.7086181640625
399,403,745A6337,557,1.644957423210144,301.8851318359375,27.898174285888672,184536.875,E,1399.84326171875
400,411,745A6337,558,0.266038179397583,42.7298469543457,26.207324981689453,23049.76953125,E,1509.8961181640625
400,412,745A6337,559,0.17768801748752594,38.61948776245117,16.82767105102539,8589.0361328125,E,1515.818603515625
401,445,745A6337,560,0.3801012933254242,79.2020492553711,29.176467895507812,52953.14453125,E,1480.933349609375
402,438,745A6337,561,0.2534722089767456,65.16841125488281,32.13063430786133,52840.33984375,E,1427.27978515625
404,409,745A6337,562,0.05167431756854057,16.180923461914062,31.09993553161621,12291.7060546875,E,1585.773193359375
405,413,745A6337,563,0.16933515667915344,30.659282684326172,12.448376655578613,3731.447265625,E,1435.49169921875
405,414,745A6337,564,0.10189032554626465,20.291284561157227,21.57357406616211,7417.26220703125,E,1434.003173828125
406,437,745A6337,565,0.39702242612838745,79.3862533569336,26.89194107055664,45089.921875,E,1541.220947265625
406,459,745A6337,566,0.373958945274353,94.1251220703125,31.75453758239746,74543.0234375,E,1501.9862060546875
407,438,745A6337,567,1.683036208152771,135.3366241455078,21.035486221313477,47033.82421875,E,1418.297607421875
408,420,745A6337,568,0.06259714812040329,14.033641815185547,29.945222854614258,9883.60546875,E,2002.690673828125
409,434,745A6337,569,0.3156810700893402,87.60697937011719,30.369604110717773,63460.98828125,E,1545.4366455078125
409,472,745A6337,570,0.40374457836151123,115.6742935180664,31.297725677490234,88992.2734375,E,1542.5455322265625
410,418,745A6337,571,0.048685744404792786,10.99692440032959,30.026540756225586,7787.02783203125,E,1432.0028076171875
411,415,745A6337,572,0.07412292808294296,39.5089225769043,22.336942672729492,15482.1953125,E,1495.937255859375
411,425,745A6337,573,0.34858715534210205,87.86747741699219,31.821243286132812,69879.90625,E,1470.6558837890625
412,415,745A6337,574,0.021253734827041626,3.6656415462493896,26.265602111816406,1986.1614990234375,E,1502.2034912109375
413,414,745A6337,575,0.07380431145429611,12.51528263092041,26.01351547241211,6651.63916015625,E,1422.5677490234375
414,418,745A6337,576,0.21669518947601318,34.7696418762207,25.935972213745117,18369.408203125,E,1425.0174560546875
415,525,745A6337,577,0.848441481590271,197.20779418945312,29.771020889282227,137278.140625,E,1412.514404296875
416,427,745A6337,578,0.33791103959083557,68.64984893798828,25.992172241210938,36426.26171875,E,1650.142578125
416,440,745A6337,579,0.22585590183734894,59.53969192504883,32.47356033325195,49312.41796875,E,1614.9178466796875
417,452,745A6337,580,0.29471948742866516,64.53948974609375,27.82561683654785,39246.8671875,E,1434.88916015625
417,473,745A6337,581,0.5998249650001526,116.48741149902344,28.045555114746094,71960.9609375,E,1404.701416015625
418,442,745A6337,582,0.19337351620197296,37.990562438964844,22.536285400390625,15154.1044921875,E,1410.2552490234375
419,446,745A6337,583,0.2630106210708618,86.08861541748047,28.841787338256836,56244.48828125,E,1396.9752197265625
419,447,745A6337,584,0.5165886878967285,137.48390197753906,32.632164001464844,114982.9609375,E,1384.03857421875
420,488,745A6337,585,0.9490821361541748,156.8857421875,27.74964714050293,94882.96875,E,1989.3729248046875
420,493,745A6337,586,0.5765355825424194,141.0732879638672,31.3536319732666,108920.6953125,E,1932.651123046875
421,423,745A6337,587,0.0131267374381423,3.6656415462493896,33.42155075073242,3215.82958984375,E,1792.668212890625
421,431,745A6337,588,0.49419689178466797,50.5058479309082,19.93807029724121,15768.76953125,E,1804.34619140625
422,429,745A6337,589,1.2211469411849976,38.61948776245117,9.976659774780273,3019.02490234375,E,1939.0701904296875
422,435,745A6337,590,0.34123727679252625,25.659488677978516,15.29991626739502,4717.5439453125,E,1928.6065673828125
422,439,745A6337,591,0.6415398716926575,30.843490600585938,12.787200927734375,3960.995849609375,E,1923.6915283203125
423,426,745A6337,592,0.5209265351295471,117.63733673095703,25.999961853027344,62456.91015625,E,1756.99853515625
423,428,745A6337,593,0.018728988245129585,5.184000015258789,33.26569747924805,4505.5537109375,E,1788.8223876953125
424,432,745A6337,594,0.2030998021364212,39.064208984375,27.865814208984375,23823.875,E,1432.7447509765625
424,444,745A6337,595,0.2863967716693878,66.24205017089844,30.3906192779541,48051.03515625,E,1417.2789306640625
425,432,745A6337,596,0.15890344977378845,47.28491973876953,28.395103454589844,29943.28515625,E,1448.007568359375
425,525,745A6337,597,0.6331866383552551,151.77804565429688,31.03118324279785,114787.7421875,E,1390.234130859375
426,427,745A6337,598,0.45175936818122864,115.30585479736328,31.940343856811523,92389.0234375,E,1693.80322265625
427,449,745A6337,599,0.31034016609191895,71.42605590820312,23.361400604248047,30615.7109375,E,1634.1859130859375
428,441,745A6337,600,0.30207550525665283,49.61640930175781,23.075576782226562,20750.107421875,E,1788.2940673828125
428,465,745A6337,601,0.39982637763023376,110.22976684570312,30.582441329956055,80971.6640625,E,1735.5460205078125
429,435,745A6337,602,0.07796898484230042,17.254566192626953,29.752092361450195,11995.79296875,E,1935.9639892578125
430,433,745A6337,603,0.396670937538147,91.53313446044922,30.624725341796875,67423.703125,E,2201.728759765625
430,460,745A6337,604,0.37662991881370544,97.26976013183594,30.03711700439453,68926.1796875,E,2126.439208984375
431,441,745A6337,605,0.13471505045890808,21.364927291870117,12.624565124511719,2674.38623046875,E,1805.102294921875
431,486,745A6337,606,1.3316541910171509,247.97415161132812,29.520511627197266,169724.328125,E,1853.140625
432,479,745A6337,607,0.4230647683143616,90.0147705078125,28.220237731933594,56302.15234375,E,1398.2535400390625
434,523,745A6337,608,0.6028411388397217,152.33067321777344,31.791053771972656,120916.921875,E,1449.3095703125
435,439,745A6337,609,0.04076669365167618,8.849641799926758,29.467479705810547,6035.33740234375,E,1924.6717529296875
436,481,745A6337,610,15.666912078857422,100.30647277832031,15.596566200256348,19163.587890625,E,2289.05419921875
437,455,745A6337,611,0.22338947653770447,54.35569381713867,31.188907623291016,41527.453125,E,1526.8468017578125
437,466,745A6337,612,0.48377737402915955,75.53640747070312,23.817174911499023,33653.2265625,E,1501.174560546875
438,446,745A6337,613,0.06264480948448181,17.254566192626953,33.17082595825195,14910.9912109375,E,1392.07861328125
439,490,745A6337,614,0.6058933138847351,121.85562896728516,28.457786560058594,77506.4296875,E,1864.0845947265625
440,456,745A6337,615,0.26380041241645813,59.984413146972656,22.78520393371582,24458.744140625,E,1584.8583984375
440,469,745A6337,616,0.3489885628223419,87.79119110107422,31.80950164794922,69767.7265625,E,1552.7900390625
441,468,745A6337,617,0.5932722687721252,102.08534240722656,26.627464294433594,56847.6953125,E,1804.822998046875
442,448,745A6337,618,0.13581907749176025,28.69620704650879,14.088282585144043,4473.3251953125,E,1391.622314453125
442,454,745A6337,619,0.08870448917150497,26.54892349243164,25.3304500579834,13378.9677734375,E,1381.6685791015625
443,492,745A6337,620,1.1525925397872925,129.44741821289062,21.395877838134766,46541.83203125,E,1892.2030029296875
444,448,745A6337,621,0.05556168407201767,13.588926315307617,28.14607048034668,8454.9404296875,E,1390.3382568359375
444,536,745A6337,622,0.6785408854484558,145.444091796875,29.78005027770996,101306.3828125,E,1340.8458251953125
445,450,745A6337,623,0.041763052344322205,9.923283576965332,30.773643493652344,7380.79443359375,E,1449.4981689453125
446,496,745A6337,624,0.3422330319881439,85.01497650146484,31.57012367248535,66548.4375,E,1347.3099365234375
447,453,745A6337,625,0.2661188244819641,68.64984893798828,32.1253547668457,55644.8984375,E,1360.12109375
447,514,745A6337,626,0.7854554653167725,159.66195678710938,28.4762020111084,101684.671875,E,1315.4635009765625
448,454,745A6337,627,0.13587164878845215,25.03056526184082,27.33176612854004,14685.7431640625,E,1376.111572265625
449,456,745A6337,628,0.08815712481737137,20.920207977294922,30.813581466674805,15600.5615234375,E,1595.0142822265625
449,489,745A6337,629,0.4675194323062897,91.45681762695312,28.05967140197754,56555.015625,E,1602.190673828125
450,482,745A6337,630,0.4429021179676056,108.52719116210938,31.352020263671875,83783.6953125,E,1404.178466796875
450,503,745A6337,631,0.6716619729995728,83.49661254882812,22.628894805908203,33580.3671875,E,1419.5516357421875
451,496,745A6337,632,1.6008625030517578,138.9259796142578,18.515697479248047,37407.0546875,E,1337.11669921875
452,474,745A6337,633,0.160050168633461,48.54277038574219,28.481508255004883,30927.18359375,E,1392.427001953125
452,475,745A6337,634,0.2728094160556793,55.874053955078125,25.967920303344727,29592.005859375,E,1389.6171875
453,500,745A6337,635,0.8284593820571899,143.92575073242188,25.19540023803711,71758.09375,E,1336.4803466796875
453,518,745A6337,636,0.38056862354278564,85.72020721435547,30.253339767456055,61619.72265625,E,1310.481201171875
454,501,745A6337,637,0.32966139912605286,64.53948974609375,28.01658058166504,39787.41015625,E,1341.15087890625
455,470,745A6337,638,0.19665803015232086,47.0244140625,30.892574310302734,35246.9453125,E,1518.16259765625
455,476,745A6337,639,0.3350134789943695,67.3156967163086,23.05198860168457,28094.609375,E,1491.594482421875
456,461,745A6337,640,0.062260475009679794,15.107283592224121,31.137880325317383,11504.14453125,E,1578.7679443359375
457,589,745A6337,641,0.7535345554351807,181.9926300048828,29.981138229370117,128481.296875,E,1657.407958984375
458,462,745A6337,642,0.06277874112129211,26.54892349243164,20.13289451599121,8451.80078125,E,2068.449951171875
458,485,745A6337,643,0.1717669665813446,33.251285552978516,20.718576431274414,11210.3232421875,E,2050.708984375
459,466,745A6337,644,0.45175883173942566,72.94441223144531,24.71853256225586,35004.7734375,E,1462.23095703125
459,559,745A6337,645,0.5372340679168701,134.89190673828125,31.71918487548828,106590.8203125,E,1397.2200927734375
460,462,745A6337,646,0.0457192063331604,6.257641315460205,23.392377853393555,2689.3623046875,E,2076.41064453125
460,484,745A6337,647,0.043557800352573395,33.435489654541016,18.347293853759766,8839.783203125,E,2077.615234375
461,478,745A6337,648,0.12133385986089706,29.325130462646484,31.135623931884766,22327.75,E,1557.843017578125
461,498,745A6337,649,0.33682486414909363,53.726768493652344,18.115764617919922,13848.220703125,E,1564.4658203125
462,487,745A6337,650,0.17711950838565826,31.2882080078125,27.180421829223633,18154.443359375,E,2060.505126953125
463,480,745A6337,651,0.05515838786959648,28.251487731933594,16.304189682006836,5898.337890625,E,1610.43115234375
463,491,745A6337,652,0.08919991552829742,32.80656433105469,28.41470718383789,20803.529296875,E,1597.823486328125
464,488,745A6337,653,0.6715571880340576,102.53005981445312,22.753355026245117,41690.00390625,E,1977.657470703125
465,477,745A6337,654,0.28957539796829224,68.64984893798828,31.14791488647461,52310.32421875,E,1704.3406982421875
465,509,745A6337,655,0.27925539016723633,73.12861633300781,32.422760009765625,60377.78515625,E,1654.9071044921875
466,476,745A6337,656,0.04867911711335182,10.99692440032959,30.036705017089844,7792.30078125,E,1469.28857421875
467,480,745A6337,657,0.1698615550994873,34.9538459777832,29.10833168029785,23260.5234375,E,1620.101806640625
467,520,745A6337,658,0.303331196308136,70.53661346435547,30.55695343017578,51727.8671875,E,1622.123046875
467,563,745A6337,659,2.015561103820801,295.88800048828125,24.68247413635254,141577.625,E,1672.306640625
468,486,745A6337,660,0.07741104066371918,23.512208938598633,18.14061164855957,6076.97119140625,E,1796.72412109375
468,502,745A6337,661,0.2079358845949173,32.80656433105469,25.15595817565918,16305.43359375,E,1781.340576171875
469,472,745A6337,662,0.009570877067744732,2.5920000076293945,32.91331481933594,2205.30224609375,E,1509.6666259765625
470,483,745A6337,663,0.11916081607341766,30.214563369750977,31.750843048095703,23923.05859375,E,1515.595947265625
470,526,745A6337,664,0.3607662618160248,110.67447662353516,30.11761474609375,78845.7890625,E,1463.60302734375
471,545,745A6337,665,7.585245609283447,168.25108337402344,26.28902244567871,91326.4609375,E,2115.935791015625
472,478,745A6337,666,0.4485264718532562,86.34913635253906,25.51645851135254,44155.89453125,E,1526.350341796875
472,597,745A6337,667,0.6854944825172424,185.39776611328125,32.903961181640625,157648.828125,E,1422.212890625
473,608,745A6337,668,1.5792553424835205,266.6707763671875,26.264503479003906,144478.65625,E,1271.03466796875
473,631,745A6337,669,1.4652254581451416,293.8486022949219,27.882869720458984,179427.265625,E,1231.2510986328125
474,475,745A6337,670,0.02398993819952011,5.184000015258789,29.396331787109375,3518.3671875,E,1372.6802978515625
474,482,745A6337,671,0.015894949436187744,7.331283092498779,30.372142791748047,5311.54345703125,E,1371.70947265625
475,512,745A6337,672,0.1578618735074997,44.87712860107422,18.873825073242188,12555.5234375,E,1352.12646484375
476,526,745A6337,673,0.2765498459339142,61.947486877441406,29.98865509033203,43754.98828125,E,1442.6959228515625
477,505,745A6337,674,0.12223698943853378,25.475284576416016,24.767032623291016,12273.1728515625,E,1708.9278564453125
477,507,745A6337,675,0.26754030585289,67.3156967163086,31.749927520751953,53295.64453125,E,1730.7314453125
478,499,745A6337,676,0.08305870741605759,20.291284561157227,31.304752349853516,15617.8046875,E,1537.4140625
479,510,745A6337,677,0.16739541292190552,38.61948776245117,25.068424224853516,19061.208984375,E,1343.3935546875
479,511,745A6337,678,0.19633358716964722,33.88020706176758,26.53666114807129,18738.228515625,E,1346.34521484375
480,491,745A6337,679,0.11043569445610046,25.03056526184082,30.32696533203125,18080.833984375,E,1596.494140625
481,484,745A6337,680,0.8358534574508667,217.02276611328125,32.23466873168945,177109.390625,E,2159.88916015625
481,497,745A6337,681,0.15728934109210968,32.361846923828125,28.836347579956055,21135.068359375,E,2250.32177734375
482,504,745A6337,682,0.07981570810079575,19.217641830444336,31.007434844970703,14511.8125,E,1361.90771484375
483,544,745A6337,683,0.4201534390449524,103.34319305419922,31.479787826538086,80433.203125,E,1508.2301025390625
483,616,745A6337,684,0.8251279592514038,214.7228546142578,31.32454490661621,165477.03125,E,1421.24365234375
484,487,745A6337,685,0.16101548075675964,39.5089225769043,24.318492889404297,18350.943359375,E,2060.384033203125
485,487,745A6337,686,0.045933060348033905,11.441641807556152,31.55124855041504,8945.638671875,E,2043.6739501953125
485,580,745A6337,687,1.437299370765686,344.24658203125,31.23859214782715,263841.0625,E,1892.94189453125
486,502,745A6337,688,0.1254557967185974,32.80656814575195,24.598590850830078,15590.8994140625,E,1784.0067138671875
488,493,745A6337,689,0.4226459264755249,106.19571685791016,29.03040313720703,70291.53125,E,1895.7354736328125
489,498,745A6337,690,0.6201204061508179,91.08841705322266,24.261701583862305,42111.00390625,E,1566.7999267578125
489,517,745A6337,691,0.36461198329925537,54.80040740966797,21.99981117248535,20831.0703125,E,1598.77099609375
490,513,745A6337,692,0.11313626915216446,28.69620704650879,16.182214736938477,5901.87890625,E,1799.5189208984375
490,515,745A6337,693,0.2336600124835968,37.54584884643555,25.347652435302734,18946.42578125,E,1786.169677734375
491,494,745A6337,694,0.01442086510360241,3.6656415462493896,31.886682510375977,2927.241455078125,E,1585.8983154296875
492,513,745A6337,695,0.3804446756839752,47.4691276550293,22.349645614624023,18622.689453125,E,1816.6900634765625
492,532,745A6337,696,1.4778422117233276,239.9376220703125,25.99498176574707,127340.7109375,E,1888.025146484375
493,527,745A6337,697,0.28380945324897766,70.53661346435547,31.511512756347656,55010.171875,E,1833.39404296875
494,508,745A6337,698,0.19502972066402435,62.39220428466797,24.983001708984375,30585.068359375,E,1562.7576904296875
494,645,745A6337,699,1.160569190979004,240.27447509765625,29.817747116088867,167782.6875,E,1502.5880126953125
495,545,745A6337,700,0.31998881697654724,68.20512390136719,29.3514347076416,46149.34765625,E,2044.8089599609375
496,570,745A6337,701,0.4646669328212738,111.11920166015625,31.02381134033203,83998.0625,E,1262.5966796875
498,499,745A6337,702,0.10194575786590576,28.511999130249023,25.101015090942383,14109.1259765625,E,1538.6346435546875
499,519,745A6337,703,0.11232030391693115,28.067283630371094,31.610389709472656,22026.7265625,E,1517.605224609375
500,521,745A6337,704,0.5133254528045654,116.11898803710938,30.172405242919922,83025.7890625,E,1280.9005126953125
500,547,745A6337,705,0.5285702347755432,82.60717010498047,23.026447296142578,34400.2421875,E,1273.6195068359375
501,506,745A6337,706,0.18964186310768127,33.25128173828125,21.048564910888672,11570.263671875,E,1307.768310546875
501,529,745A6337,707,0.31467902660369873,45.32184600830078,23.948047637939453,20414.44921875,E,1292.33154296875
502,516,745A6337,708,0.07874807715415955,25.03056526184082,26.391643524169922,13692.8359375,E,1759.4671630859375
503,587,745A6337,709,0.6940921545028687,152.07015991210938,27.887489318847656,92886.5234375,E,1324.0816650390625
504,512,745A6337,710,0.2255837619304657,35.398563385009766,20.258258819580078,11409.845703125,E,1344.48828125
504,587,745A6337,711,0.549274206161499,129.07896423339844,30.666240692138672,95338.09375,E,1302.84033203125
505,534,745A6337,712,0.3161141872406006,52.65312957763672,18.80267333984375,14620.1982421875,E,1692.0625
505,537,745A6337,713,0.29107990860939026,59.984413146972656,24.464414596557617,28196.677734375,E,1672.687744140625
506,529,745A6337,714,0.3027415871620178,38.61948776245117,22.69544219970703,15623.33203125,E,1287.3642578125
507,516,745A6337,715,0.1870795637369156,42.72984313964844,30.254236221313477,30718.044921875,E,1742.8526611328125
507,534,745A6337,716,0.29850247502326965,58.4660530090332,24.2457275390625,26993.8046875,E,1709.8369140625
508,544,745A6337,717,0.20016126334667206,56.31876754760742,28.198345184326172,35171.44921875,E,1516.901611328125
509,517,745A6337,718,0.1406376212835312,39.064208984375,33.3445930480957,34112.98828125,E,1605.97705078125
509,537,745A6337,719,0.34149301052093506,99.04862213134766,31.60382080078125,77699.3671875,E,1630.30517578125
510,511,745A6337,720,0.08304589986801147,12.960000038146973,25.04583740234375,6385.07470703125,E,1330.2491455078125
510,536,745A6337,721,0.15968500077724457,44.87712860107422,20.078683853149414,14209.716796875,E,1309.102783203125
511,595,745A6337,722,1.584306240081787,153.29641723632812,19.290843963623047,44804.78125,E,1270.37744140625
512,614,745A6337,723,1.0185939073562622,198.4656219482422,28.584487915039062,127360.8671875,E,1248.627197265625
513,515,745A6337,724,0.16691802442073822,35.39856719970703,21.319746017456055,12636.873046875,E,1781.9342041015625
514,524,745A6337,725,0.04566869139671326,34.9538459777832,23.22296714782715,14805.404296875,E,1271.438720703125
514,538,745A6337,726,0.154292032122612,37.990562438964844,24.2606143951416,17561.806640625,E,1261.2838134765625
515,522,745A6337,727,0.06058868020772934,20.920207977294922,25.655717849731445,10814.943359375,E,1761.1513671875
516,528,745A6337,728,0.18595199286937714,36.47220993041992,28.104631423950195,22625.998046875,E,1755.0284423828125
517,549,745A6337,729,0.314669132232666,85.01497650146484,32.8995246887207,72271.0859375,E,1553.75390625
518,521,745A6337,730,0.047127362340688705,10.99692440032959,30.539857864379883,8055.54931640625,E,1266.5462646484375
518,524,745A6337,731,0.09174565225839615,27.622568130493164,28.731266021728516,17908.67578125,E,1264.7388916015625
519,530,745A6337,732,0.12445604056119919,31.2882080078125,25.10392189025879,15486.5166015625,E,1508.4390869140625
519,546,745A6337,733,0.15159592032432556,35.398563385009766,30.53165054321289,25916.484375,E,1489.884521484375
520,563,745A6337,734,0.32453227043151855,68.83405303955078,29.20894432067871,46123.78515625,E,1599.791748046875
521,542,745A6337,735,0.07514487206935883,24.401639938354492,29.73902702331543,16949.71484375,E,1251.0870361328125
522,589,745A6337,736,0.7892746329307556,184.247802734375,29.553882598876953,126392.5,E,1669.529052734375
522,617,745A6337,737,0.71310955286026,149.81497192382812,29.206079483032227,100367.15625,E,1692.1068115234375
523,540,745A6337,738,0.1265951246023178,29.769847869873047,30.734004974365234,22085.376953125,E,1365.69775390625
523,551,745A6337,739,0.13253934681415558,43.358768463134766,30.6160945892334,31920.259765625,E,1371.181640625
524,535,745A6337,740,0.03680458664894104,14.033641815185547,29.030399322509766,9288.943359375,E,1253.23388671875
525,595,745A6337,741,0.4110037684440613,101.27220153808594,31.39984130859375,78421.4765625,E,1279.526123046875
526,531,745A6337,742,0.028943529352545738,7.331283092498779,31.795202255249023,5820.93896484375,E,1416.6866455078125
527,528,745A6337,743,0.316575825214386,60.87384796142578,27.876245498657227,37152.59765625,E,1783.3709716796875
527,576,745A6337,744,0.5830444097518921,94.49353790283203,21.738239288330078,35070.3984375,E,1755.604736328125
528,569,745A6337,745,0.6495404839515686,93.4198989868164,20.482807159423828,30782.806640625,E,1720.8275146484375
529,543,745A6337,746,0.0621131956577301,21.364927291870117,20.031248092651367,6732.9794921875,E,1264.1124267578125
530,546,745A6337,747,0.1315084993839264,38.61948776245117,15.19284725189209,7001.23583984375,E,1491.269287109375
530,549,745A6337,748,0.38666313886642456,59.984413146972656,22.302722930908203,23433.87109375,E,1519.5382080078125
531,533,745A6337,749,0.16672222316265106,40.58256530761719,31.372346878051758,31370.640625,E,1404.652099609375
531,623,745A6337,750,0.5742241144180298,145.96511840820312,30.517351150512695,106765.921875,E,1355.99609375
532,548,745A6337,751,0.14952005445957184,29.769847869873047,28.453044891357422,18928.83984375,E,1825.97265625
532,552,745A6337,752,0.2957462966442108,25.920000076293945,16.890840530395508,5808.0107421875,E,1830.633544921875
533,559,745A6337,753,0.3220619857311249,83.94132995605469,26.31388282775879,45649.45703125,E,1363.7701416015625
533,603,745A6337,754,0.5451897382736206,116.1189956665039,29.7236328125,80574.375,E,1340.217041015625
534,558,745A6337,755,0.13426803052425385,30.214563369750977,30.07459259033203,21463.755859375,E,1670.599853515625
535,538,745A6337,756,0.13401490449905396,31.73292350769043,30.8803768157959,23766.49609375,E,1242.761962890625
535,542,745A6337,757,0.08863338828086853,36.47220993041992,29.132047653198242,24310.50390625,E,1240.706787109375
536,553,745A6337,758,0.0982266217470169,22.883283615112305,30.50541114807129,16724.841796875,E,1279.0904541015625
537,539,745A6337,759,0.030315786600112915,7.331283092498779,31.076894760131836,5560.900390625,E,1644.436279296875
538,541,745A6337,760,0.027459237724542618,7.331283092498779,32.676143646240234,6147.9658203125,E,1241.95947265625
539,550,745A6337,761,0.08947962522506714,17.254566192626953,28.017318725585938,10637.68359375,E,1644.88818359375
539,555,745A6337,762,0.08531839400529861,18.772924423217773,24.976716995239258,9197.98046875,E,1635.888916015625
540,551,745A6337,763,0.27713313698768616,48.35856628417969,18.20644187927246,12589.6435546875,E,1355.510498046875
540,625,745A6337,764,0.6364266276359558,163.95652770996094,32.12565231323242,132899.234375,E,1276.5328369140625
541,570,745A6337,765,0.6098491549491882,132.29989624023438,27.86589241027832,80685.4609375,E,1231.6910400390625
541,571,745A6337,766,0.1584799438714981,45.50605392456055,19.695133209228516,13863.62890625,E,1223.1256103515625
542,599,745A6337,767,0.3844546675682068,95.19877624511719,31.500423431396484,74191.4765625,E,1197.0076904296875
543,547,745A6337,768,0.04937233030796051,8.849641799926758,22.572423934936523,3541.375244140625,E,1252.6563720703125
543,578,745A6337,769,0.32899653911590576,52.65312957763672,25.680564880371094,27272.390625,E,1234.4998779296875
544,579,745A6337,770,0.21692508459091187,55.874053955078125,32.12385559082031,45285.109375,E,1479.977294921875
545,584,745A6337,771,0.4178841710090637,89.30953979492188,29.27362632751465,60109.17578125,E,1994.66650390625
546,588,745A6337,772,0.243356391787529,69.7234878540039,29.451969146728516,47500.44140625,E,1451.1563720703125
547,573,745A6337,773,0.2589679956436157,42.7298469543457,25.806154251098633,22349.5,E,1233.26025390625
548,552,745A6337,774,0.1976553350687027,23.956926345825195,18.15077781677246,6198.8544921875,E,1816.179443359375
548,560,745A6337,775,0.08442564308643341,18.772924423217773,29.80291748046875,13096.021484375,E,1802.8057861328125
549,588,745A6337,776,0.38030198216438293,98.78811645507812,32.29056167602539,80899.5,E,1473.8812255859375
550,562,745A6337,777,0.1735144406557083,34.95384979248047,28.79322624206543,22759.6484375,E,1652.2679443359375
550,565,745A6337,778,0.16986291110515594,21.36492347717285,19.390872955322266,6309.36962890625,E,1635.614501953125
551,567,745A6337,779,0.11325620114803314,30.843490600585938,32.97430419921875,26339.326171875,E,1357.2401123046875
552,556,745A6337,780,0.08630794286727905,6.257641315460205,17.063154220581055,1430.9326171875,E,1821.390869140625
553,574,745A6337,781,0.8957552909851074,41.65620803833008,12.587972640991211,5184.19384765625,E,1257.43896484375
553,582,745A6337,782,0.21342824399471283,49.43220901489258,30.431997299194336,35955.125,E,1250.14599609375
554,566,745A6337,783,2.9060239791870117,136.22605895996094,25.672311782836914,70514.75,E,1888.57861328125
555,565,745A6337,784,0.11735481023788452,18.328208923339844,16.0670108795166,3716.037353515625,E,1626.7940673828125
555,586,745A6337,785,0.42912057042121887,85.64389038085938,28.88658905029297,56127.8984375,E,1585.93505859375
556,561,745A6337,786,0.08296391367912292,8.849641799926758,20.47679901123047,2914.336669921875,E,1822.7332763671875
556,564,745A6337,787,0.06002169847488403,19.846567153930664,13.142965316772461,2692.538818359375,E,1811.542724609375
557,593,745A6337,788,0.4950934946537018,122.11614990234375,31.593467712402344,95732.1015625,E,1845.912353515625
558,562,745A6337,789,0.01415789034217596,3.6656415462493896,32.18145751953125,2981.61328125,E,1658.25732421875
558,569,745A6337,790,0.19628341495990753,47.913848876953125,27.247663497924805,27938.912109375,E,1667.2613525390625
559,637,745A6337,791,0.6896581649780273,163.95652770996094,30.88396453857422,122824.4140625,E,1261.564453125
560,564,745A6337,792,0.06992160528898239,18.772924423217773,26.916141510009766,10681.873046875,E,1799.07373046875
560,617,745A6337,793,0.8341656923294067,171.28778076171875,29.318466186523438,115637.515625,E,1712.17626953125
561,566,745A6337,794,0.2148156762123108,32.36184310913086,24.441497802734375,15183.740234375,E,1833.0443115234375
561,572,745A6337,795,0.06891544163227081,19.84656524658203,14.586353302001953,3316.41357421875,E,1814.15966796875
562,596,745A6337,796,0.6000344157218933,63.465843200683594,18.975812911987305,17948.607421875,E,1631.5850830078125
563,645,745A6337,797,1.44248366355896,194.8762969970703,23.978879928588867,88004.8671875,E,1512.11474609375
564,572,745A6337,798,0.17788971960544586,16.180923461914062,19.434917449951172,4800.19140625,E,1803.130615234375
565,600,745A6337,799,0.9555887579917908,68.20513153076172,16.144941329956055,13963.0361328125,E,1602.400390625
566,572,745A6337,800,0.27493491768836975,49.43220901489258,23.6053524017334,21633.205078125,E,1819.285888671875
567,577,745A6337,801,0.13038256764411926,31.288206100463867,31.091062545776367,23754.26953125,E,1353.3076171875
567,652,745A6337,802,0.9015336036682129,156.7015380859375,25.43168067932129,79600.03125,E,1282.772216796875
568,608,745A6337,803,0.3474001884460449,74.90748596191406,29.511524200439453,51238.73046875,E,1196.1663818359375
569,583,745A6337,804,0.18209709227085114,29.14092445373535,18.43877601623535,7781.3935546875,E,1670.6259765625
570,605,745A6337,805,0.26795217394828796,72.49968719482422,28.87311363220215,47469.34765625,E,1183.1849365234375
571,581,745A6337,806,0.0537702739238739,20.920207977294922,27.099105834960938,12066.068359375,E,1200.23046875
571,605,745A6337,807,0.35557228326797485,85.19918060302734,31.003910064697266,64321.80859375,E,1181.026123046875
573,578,745A6337,808,0.3407996892929077,39.50891876220703,10.988048553466797,3746.503662109375,E,1214.63427734375
573,622,745A6337,809,0.45208972692489624,102.08535766601562,30.048032760620117,72391.140625,E,1169.3353271484375
574,582,745A6337,810,1.4546910524368286,43.174560546875,9.796743392944336,3254.4775390625,E,1229.9615478515625
575,590,745A6337,811,0.4598185420036316,75.53640747070312,27.604217529296875,45206.10546875,E,2045.2955322265625
576,580,745A6337,812,0.20341341197490692,49.43220901489258,31.25421142578125,37924.25,E,1726.76025390625
576,585,745A6337,813,0.2297704815864563,53.726768493652344,30.80583381652832,40044.83984375,E,1694.2928466796875
577,597,745A6337,814,0.3153272271156311,66.24205017089844,25.40414047241211,33576.2890625,E,1345.79833984375
577,655,745A6337,815,0.8549243211746216,137.74440002441406,24.780197143554688,66431.390625,E,1291.328125
578,705,745A6337,816,0.8433075547218323,203.433837890625,31.07073402404785,154246.78125,E,1115.828125
579,601,745A6337,817,0.21746256947517395,51.57948684692383,30.830684661865234,38506.4296875,E,1458.6943359375
579,616,745A6337,818,0.9386757016181946,207.57579040527344,29.91940689086914,145939.390625,E,1380.2880859375
580,594,745A6337,819,0.3277198374271393,89.57006072998047,30.535524368286133,65593.90625,E,1763.1490478515625
581,591,745A6337,820,0.2627899646759033,64.09477233886719,31.1511287689209,48849.4921875,E,1184.344970703125
581,638,745A6337,821,0.606221616268158,116.56371307373047,26.7727108001709,65620.2578125,E,1141.2435302734375
582,602,745A6337,822,0.1579957902431488,36.91692352294922,30.523160934448242,27013.09765625,E,1214.363525390625
583,585,745A6337,823,0.0458061546087265,11.441641807556152,31.583770751953125,8964.0888671875,E,1667.5032958984375
583,596,745A6337,824,0.2834286689758301,66.686767578125,30.818506240844727,49745.37890625,E,1635.445556640625
584,590,745A6337,825,0.28809070587158203,80.09149169921875,26.232845306396484,43287.95703125,E,1980.923095703125
584,640,745A6337,826,1.878943920135498,436.040283203125,30.634536743164062,321395.0,E,1767.7703857421875
585,604,745A6337,827,0.20375743508338928,54.35569381713867,28.708261489868164,35184.28515625,E,1673.302490234375
587,592,745A6337,828,0.047449707984924316,11.441641807556152,31.043010711669922,8659.7607421875,E,1250.0733642578125
588,674,745A6337,829,0.7282647490501404,192.3922119140625,32.627281188964844,160856.6875,E,1335.4544677734375
589,708,745A6337,830,0.911573588848114,214.2781524658203,30.655298233032227,158153.515625,E,1492.181640625
590,630,745A6337,831,5.069931983947754,154.2937469482422,25.722684860229492,80180.875,E,2040.0013427734375
591,599,745A6337,832,0.1435094177722931,47.913848876953125,29.219463348388672,32128.8671875,E,1157.8260498046875
591,638,745A6337,833,0.4388391673564911,97.97498321533203,27.965560913085938,60179.9921875,E,1127.64111328125
592,625,745A6337,834,0.17856146395206451,61.50277328491211,26.558683395385742,34072.00390625,E,1222.7750244140625
592,681,745A6337,835,0.8821360468864441,193.91055297851562,30.738773345947266,143901.1875,E,1163.02783203125
593,594,745A6337,836,0.02723851054906845,7.331283092498779,32.78456115722656,6188.83056640625,E,1785.2557373046875
593,609,745A6337,837,0.16659732162952423,51.134769439697266,29.606399536132812,35202.8125,E,1795.308349609375
594,611,745A6337,838,0.160079687833786,40.322052001953125,26.88564682006836,22891.458984375,E,1762.6221923828125
595,677,745A6337,839,0.6956309676170349,131.93150329589844,27.743839263916016,79757.5,E,1171.48193359375
596,598,745A6337,840,0.061167292296886444,16.180925369262695,32.48978805541992,13414.8857421875,E,1603.746826171875
597,684,745A6337,841,0.5791772603988647,145.70462036132812,31.96181869506836,116903.140625,E,1275.54443359375
598,600,745A6337,842,0.11190813779830933,26.54892349243164,30.90680503845215,19917.966796875,E,1586.848388671875
598,624,745A6337,843,0.21443027257919312,39.95363998413086,24.790794372558594,19285.33203125,E,1584.1630859375
599,669,745A6337,844,0.46717628836631775,118.08206176757812,31.847476959228516,94064.09375,E,1102.14306640625
600,671,745A6337,845,1.167984962463379,313.5872802734375,32.84942626953125,265768.75,E,1447.110107421875
601,658,745A6337,846,0.5232145190238953,99.04862213134766,27.029003143310547,56832.71484375,E,1399.3486328125
601,659,745A6337,847,0.4414390027523041,94.75405883789062,29.307621002197266,63921.7734375,E,1421.9083251953125
602,618,745A6337,848,0.1507340371608734,29.14092445373535,27.818025588989258,17711.109375,E,1186.82666015625
602,619,745A6337,849,1.1717275381088257,45.32184600830078,11.571131706237793,4765.9462890625,E,1183.8101806640625
603,606,745A6337,850,0.19616979360580444,35.398563385009766,20.715669631958008,11930.9072265625,E,1279.985595703125
603,620,745A6337,851,0.18451935052871704,33.88020324707031,27.166868209838867,19638.8046875,E,1272.4254150390625
604,612,745A6337,852,0.12656714022159576,28.251487731933594,29.854867935180664,19777.05078125,E,1682.279052734375
604,621,745A6337,853,0.22981706261634827,34.95384979248047,20.062591552734375,11049.9150390625,E,1660.84912109375
605,607,745A6337,854,0.009407472796738148,2.5920000076293945,33.19792938232422,2243.607421875,E,1150.2969970703125
606,620,745A6337,855,0.30691027641296387,41.21148681640625,18.190303802490234,10709.96484375,E,1260.9886474609375
607,635,745A6337,856,0.3686649203300476,61.686973571777344,20.26842498779297,19903.220703125,E,1127.8541259765625
607,643,745A6337,857,0.3260502517223358,76.61004638671875,30.84440803527832,57243.8046875,E,1117.6123046875
608,615,745A6337,858,0.07332774996757507,18.328208923339844,31.56818962097168,14345.2880859375,E,1155.4573974609375
609,610,745A6337,859,0.024859577417373657,6.257641315460205,31.67999839782715,4932.54248046875,E,1801.30029296875
609,611,745A6337,860,0.5654327869415283,82.23876953125,20.65242576599121,27549.177734375,E,1766.0755615234375
610,613,745A6337,861,0.02757306396961212,7.331283092498779,32.59482192993164,6117.40283203125,E,1802.607666015625
610,626,745A6337,862,0.3527809679508209,28.69620704650879,17.99152946472168,7295.423828125,E,1788.035400390625
611,627,745A6337,863,0.22746872901916504,61.50277328491211,32.85813522338867,52151.93359375,E,1715.1585693359375
612,627,745A6337,864,0.10226159542798996,31.917129516601562,26.133459091186523,17120.1484375,E,1686.5672607421875
612,629,745A6337,865,0.1709504872560501,32.361846923828125,22.327503204345703,12670.7841796875,E,1669.9993896484375
613,626,745A6337,866,0.29740917682647705,28.69620704650879,20.486238479614258,9458.861328125,E,1790.482666015625
613,633,745A6337,867,0.2660306692123413,65.79733276367188,31.589969635009766,51569.9375,E,1813.298095703125
614,656,745A6337,868,0.5495666861534119,84.12554168701172,22.32750129699707,32938.05859375,E,1122.836669921875
614,672,745A6337,869,1.8561973571777344,111.74811553955078,14.180985450744629,17649.92578125,E,1119.9881591796875
615,631,745A6337,870,0.29399609565734863,66.24205017089844,30.419269561767578,48141.67578125,E,1129.68798828125
615,656,745A6337,871,0.41880500316619873,69.27877044677734,23.981216430664062,31291.939453125,E,1118.228515625
616,623,745A6337,872,0.023546816781163216,32.80656814575195,29.660612106323242,22667.87890625,E,1305.65673828125
617,640,745A6337,873,0.10373248159885406,47.913848876953125,26.657669067382812,26742.0859375,E,1615.040771484375
618,619,745A6337,874,0.1283542960882187,14.033641815185547,15.748517036437988,2733.629150390625,E,1170.2205810546875
618,706,745A6337,875,0.6694929599761963,139.4469757080078,26.9587345123291,79597.234375,E,1117.271240234375
619,685,745A6337,876,0.5549378991127014,124.4476318359375,28.68670654296875,80433.671875,E,1112.0706787109375
620,649,745A6337,877,0.22958454489707947,51.134769439697266,29.825637817382812,35726.10546875,E,1235.4139404296875
621,624,745A6337,878,0.6688950657844543,119.78463745117188,25.1358699798584,59440.00390625,E,1614.9007568359375
621,629,745A6337,879,0.06665245443582535,25.03056526184082,12.472095489501953,3058.013427734375,E,1650.7664794921875
622,676,745A6337,880,0.4191972315311432,101.82483673095703,28.627574920654297,65540.9453125,E,1082.7760009765625
622,746,745A6337,881,1.9736404418945312,208.28102111816406,22.815933227539062,85156.1640625,E,1040.18359375
623,628,745A6337,882,0.04933362454175949,10.99692440032959,29.863906860351562,7702.90185546875,E,1290.0836181640625
624,668,745A6337,883,0.28612470626831055,78.12841033935547,33.025508880615234,66926.46875,E,1537.3819580078125
625,769,745A6337,884,0.9227026700973511,211.76248168945312,31.168285369873047,161571.484375,E,1104.62744140625
626,651,745A6337,885,0.2867112457752228,50.061126708984375,16.617841720581055,10857.7470703125,E,1770.7642822265625
627,639,745A6337,886,0.20523683726787567,47.4691276550293,30.735532760620117,35219.453125,E,1666.6285400390625
628,642,745A6337,887,0.4081152081489563,32.361846923828125,16.118318557739258,6603.32470703125,E,1277.1070556640625
628,724,745A6337,888,0.7575711011886597,178.1743621826172,30.684236526489258,131754.59375,E,1199.568359375
629,639,745A6337,889,0.07081878930330276,22.883283615112305,26.89174461364746,12997.091796875,E,1651.654296875
631,634,745A6337,890,0.012874907813966274,3.6656415462493896,33.746826171875,3278.730712890625,E,1109.2266845703125
632,636,745A6337,891,0.9881677627563477,12.51528263092041,6.358024597167969,397.3515930175781,E,2147.802490234375
632,646,745A6337,892,1.886123538017273,19.217641830444336,6.718871116638184,681.369384765625,E,2140.061767578125
632,665,745A6337,893,1.8754186630249023,161.36451721191406,30.026540756225586,114263.765625,E,2089.656005859375
633,648,745A6337,894,0.12698787450790405,33.435489654541016,32.445743560791016,27644.775390625,E,1828.690673828125
633,651,745A6337,895,0.45396754145622253,65.16841125488281,25.14522361755371,32362.19921875,E,1790.921630859375
634,635,745A6337,896,0.01822984591126442,5.184000015258789,33.719722747802734,4629.3798828125,E,1107.392822265625
634,699,745A6337,897,0.21690045297145844,94.12513732910156,32.55222702026367,78335.1953125,E,1066.6973876953125
635,643,745A6337,898,0.25113925337791443,72.94441223144531,29.835018157958984,50995.8125,E,1089.0916748046875
636,646,745A6337,899,1.2494889497756958,16.180925369262695,5.387294292449951,368.8371276855469,E,2145.16650390625
637,641,745A6337,900,0.04854698106646538,13.588926315307617,28.628894805908203,8747.505859375,E,1183.460205078125
637,660,745A6337,901,0.184508815407753,38.61948776245117,28.916240692138672,25361.80078125,E,1167.53955078125
638,712,745A6337,902,0.43107300996780396,103.41950225830078,31.083669662475586,78479.625,E,1041.168212890625
639,741,745A6337,903,0.8676044940948486,215.45968627929688,31.6144962310791,169133.046875,E,1541.5880126953125
640,673,745A6337,904,0.36879709362983704,93.4198989868164,31.829076766967773,74332.265625,E,1555.6834716796875
641,644,745A6337,905,0.14066895842552185,23.956924438476562,26.184282302856445,12900.3740234375,E,1186.423583984375
641,661,745A6337,906,0.22089272737503052,22.883283615112305,18.442163467407227,6112.6845703125,E,1172.908447265625
642,650,745A6337,907,0.8067576289176941,95.82770538330078,23.001277923583984,39818.5,E,1295.26953125
642,664,745A6337,908,0.08576036244630814,32.361846923828125,17.212236404418945,7530.048828125,E,1254.898193359375
643,675,745A6337,909,0.19878683984279633,48.98748779296875,31.498628616333008,38173.1796875,E,1063.111572265625
644,649,745A6337,910,0.37539663910865784,62.836917877197266,26.10804557800293,33639.80859375,E,1201.819091796875
644,657,745A6337,911,0.08251242339611053,12.960000038146973,22.4883975982666,5147.6845703125,E,1181.8802490234375
645,663,745A6337,912,0.02140866406261921,23.956924438476562,22.006587982177734,9112.265625,E,1418.7763671875
646,653,745A6337,913,0.9921167492866516,14.662566184997559,7.749571800231934,691.6004638671875,E,2135.708251953125
647,648,745A6337,914,0.323980450630188,73.83384704589844,30.364612579345703,53466.390625,E,1862.6077880859375
647,654,745A6337,915,0.16864030063152313,40.137847900390625,30.913772583007812,30126.451171875,E,1899.6424560546875
647,687,745A6337,916,0.8528541326522827,69.46297454833984,17.61204719543457,16922.4375,E,1862.758544921875
648,687,745A6337,917,0.2536996304988861,69.46297454833984,29.316207885742188,46887.69140625,E,1829.8162841796875
649,704,745A6337,918,0.45137810707092285,85.4596939086914,25.43717384338379,43429.91015625,E,1173.489013671875
650,670,745A6337,919,0.3449283242225647,85.45968627929688,31.51409149169922,66659.3046875,E,1319.300048828125
650,703,745A6337,920,0.45631664991378784,74.4627685546875,24.275253295898438,34463.27734375,E,1286.1611328125
651,731,745A6337,921,0.5490767955780029,152.25442504882812,33.27231216430664,132381.03125,E,1688.1419677734375
654,665,745A6337,922,0.5396624803543091,143.3731231689453,32.59341812133789,119623.765625,E,1963.8067626953125
654,700,745A6337,923,0.3922581076622009,79.3862533569336,22.835010528564453,32511.544921875,E,1878.079345703125
656,691,745A6337,924,0.1538742035627365,57.837127685546875,31.321367263793945,44563.37109375,E,1063.315673828125
657,661,745A6337,925,0.05284537002444267,17.699283599853516,14.006964683532715,2727.304443359375,E,1170.0657958984375
657,715,745A6337,926,2.6549978256225586,168.5115966796875,16.039060592651367,34046.8984375,E,1119.7435302734375
658,667,745A6337,927,0.056918852031230927,20.920207977294922,16.05006980895996,4232.6240234375,E,1359.4019775390625
658,670,745A6337,928,0.16965840756893158,34.509132385253906,20.156614303588867,11011.8193359375,E,1346.720947265625
659,662,745A6337,929,0.04524320363998413,7.331283092498779,25.479530334472656,3738.11572265625,E,1394.2244873046875
659,667,745A6337,930,0.3984754681587219,47.4691276550293,20.129507064819336,15106.6240234375,E,1375.7548828125
660,661,745A6337,931,0.36737892031669617,42.7298469543457,18.42454719543457,11392.390625,E,1153.92529296875
660,666,745A6337,932,0.06935720145702362,13.588926315307617,27.95294189453125,8339.30859375,E,1144.27392578125
662,663,745A6337,933,0.12795975804328918,26.993640899658203,22.16486930847168,10415.5380859375,E,1401.1065673828125
662,686,745A6337,934,0.15171872079372406,38.435279846191406,24.24394989013672,17742.984375,E,1381.4052734375
663,696,745A6337,935,0.18995057046413422,50.50584411621094,27.399354934692383,29779.14453125,E,1392.9727783203125
664,695,745A6337,936,0.663586437702179,107.89827728271484,27.516420364379883,64163.53125,E,1250.4195556640625
664,800,745A6337,937,0.8864743709564209,214.35446166992188,31.212968826293945,164018.390625,E,1144.6287841796875
665,709,745A6337,938,0.6395846605300903,159.47775268554688,31.712732315063477,125967.1484375,E,2057.57373046875
666,677,745A6337,939,0.12233948707580566,33.88020324707031,24.44466781616211,15900.2578125,E,1127.1573486328125
666,693,745A6337,940,0.3498721420764923,56.76348876953125,18.37169075012207,15047.2529296875,E,1115.9095458984375
667,678,745A6337,941,0.04698053374886513,18.772924423217773,27.439624786376953,11101.4091796875,E,1349.401123046875
668,682,745A6337,942,0.08193685859441757,19.217641830444336,30.583059310913086,14117.3046875,E,1500.2799072265625
668,698,745A6337,943,0.5206418037414551,66.686767578125,17.51613426208496,16069.6376953125,E,1482.80517578125
669,676,745A6337,944,0.04007600620388985,10.99692440032959,33.12677764892578,9478.0615234375,E,1046.0830078125
669,692,745A6337,945,0.1167205274105072,39.248409271240234,29.271812438964844,26412.6015625,E,1034.60107421875
670,678,745A6337,946,0.17305760085582733,37.54584884643555,29.465137481689453,25601.697265625,E,1332.7401123046875
671,679,745A6337,947,0.30085742473602295,83.12820434570312,33.25300979614258,72193.8515625,E,1295.9549560546875
671,690,745A6337,948,0.12290696799755096,49.61640930175781,24.44272804260254,23281.693359375,E,1323.583984375
672,681,745A6337,949,0.2874840199947357,69.7234878540039,27.327011108398438,40893.40625,E,1074.6920166015625
672,701,745A6337,950,0.13258807361125946,47.0244140625,28.92649269104004,30903.30078125,E,1053.00390625
673,688,745A6337,951,0.11292621493339539,20.291284561157227,24.95435333251953,9924.12109375,E,1508.937744140625
673,708,745A6337,952,0.5717384815216064,125.5975570678711,28.587669372558594,80617.359375,E,1457.9390869140625
674,679,745A6337,953,0.12686657905578613,46.8402099609375,31.710494995117188,36992.58984375,E,1255.229248046875
674,680,745A6337,954,0.039193812757730484,9.923282623291016,31.805362701416016,7883.98828125,E,1243.6829833984375
675,711,745A6337,955,0.2524639070034027,60.61333084106445,27.874752044677734,36989.63671875,E,1020.1575927734375
675,714,745A6337,956,0.2873527705669403,65.16841125488281,22.582590103149414,26102.044921875,E,1014.1757202148438
676,702,745A6337,957,0.16247262060642242,34.32492446899414,29.709089279174805,23794.587890625,E,1027.1156005859375
677,683,745A6337,958,0.05472192168235779,11.441641807556152,28.912490844726562,7511.89013671875,E,1109.69140625
678,686,745A6337,959,0.30651354789733887,65.61312866210938,29.47057342529297,44756.67578125,E,1351.343505859375
679,710,745A6337,960,0.19833272695541382,45.32184600830078,25.313812255859375,22809.33203125,E,1251.583984375
680,684,745A6337,961,0.13525912165641785,48.35856628417969,30.805837631225586,36043.69921875,E,1223.7078857421875
680,726,745A6337,962,0.3869515359401703,74.01805114746094,26.539031982421875,40944.69921875,E,1213.5662841796875
681,737,745A6337,963,0.33050596714019775,90.64369201660156,33.136940002441406,78172.1875,E,1036.503173828125
682,698,745A6337,964,0.11331307888031006,22.438568115234375,28.156234741210938,13971.21484375,E,1484.2430419921875
683,693,745A6337,965,0.06854191422462463,13.588926315307617,28.180633544921875,8475.71875,E,1101.1824951171875
683,707,745A6337,966,0.6473108530044556,58.9107666015625,16.217327117919922,12168.6708984375,E,1084.441162109375
684,771,745A6337,967,1.0016839504241943,264.33929443359375,32.84239959716797,223934.6875,E,1116.2913818359375
685,705,745A6337,968,0.22205394506454468,61.50277328491211,29.09816551208496,40899.29296875,E,1034.596435546875
685,713,745A6337,969,0.3728771507740021,91.71734619140625,28.457111358642578,58334.1640625,E,1053.640869140625
686,696,745A6337,970,0.07767125219106674,19.84656524658203,31.957836151123047,15919.51953125,E,1370.36474609375
687,697,745A6337,971,0.05342068523168564,12.51528263092041,30.579504013061523,9191.6064453125,E,1830.5938720703125
689,721,745A6337,972,0.43555715680122375,107.89827728271484,31.521881103515625,84203.203125,E,1893.8043212890625
690,694,745A6337,973,0.03231250122189522,8.849641799926758,33.06578826904297,7599.294921875,E,1328.82421875
690,732,745A6337,974,0.6782909035682678,119.52413177490234,29.259376525878906,80366.609375,E,1274.2867431640625
691,699,745A6337,975,0.08680146932601929,26.54892349243164,34.9747200012207,25506.173828125,E,1031.5758056640625
691,701,745A6337,976,0.10239047557115555,30.214567184448242,34.34746551513672,27995.98046875,E,1033.873291015625
692,702,745A6337,977,0.08897259831428528,35.398563385009766,10.794918060302734,3239.7705078125,E,1014.8299560546875
692,723,745A6337,978,0.2525060176849365,61.686973571777344,31.410011291503906,47799.078125,E,996.0307006835938
693,715,745A6337,979,0.16062331199645996,32.17763900756836,28.40019416809082,20383.873046875,E,1083.03564453125
694,729,745A6337,980,0.7529737949371338,206.57846069335938,33.15529251098633,178353.09375,E,1376.987060546875
694,777,745A6337,981,0.4441208839416504,119.60041809082031,31.768991470336914,94804.6015625,E,1280.870849609375
695,703,745A6337,982,0.13239547610282898,23.956926345825195,27.559906005859375,14291.4541015625,E,1258.660400390625
695,813,745A6337,983,1.1039904356002808,213.38873291015625,27.711212158203125,128698.1796875,E,1161.259521484375
696,747,745A6337,984,0.30813857913017273,87.60697937011719,27.491464614868164,52002.515625,E,1361.2437744140625
696,794,745A6337,985,0.8807199597358704,200.060302734375,30.47560691833496,145933.6875,E,1288.833984375
697,700,745A6337,986,0.0897371768951416,17.699283599853516,28.156232833862305,11020.33203125,E,1834.74365234375
697,763,745A6337,987,0.6701359748840332,141.07327270507812,27.79030418395996,85569.9375,E,1764.482177734375
698,735,745A6337,988,0.3421993851661682,55.06092071533203,23.373403549194336,23625.294921875,E,1454.9915771484375
699,717,745A6337,989,0.1190926656126976,37.10112762451172,35.325740814208984,36362.98828125,E,1009.5144653320312
700,721,745A6337,990,0.11882157623767853,40.76676940917969,27.54889488220215,24299.90234375,E,1840.208740234375
701,733,745A6337,991,0.19224397838115692,56.31876754760742,34.275386810302734,51964.62109375,E,1013.085693359375
702,749,745A6337,992,0.5144354104995728,73.83384704589844,24.236427307128906,34062.9765625,E,978.1129150390625
703,725,745A6337,993,0.1991039514541626,43.358768463134766,29.5183048248291,29672.193359375,E,1256.98876953125
704,716,745A6337,994,0.16869260370731354,30.843490600585938,27.0218563079834,17688.205078125,E,1120.621337890625
704,724,745A6337,995,0.1548236459493637,41.84041213989258,19.752056121826172,12820.662109375,E,1124.9964599609375
705,744,745A6337,996,0.2288435697555542,53.54256820678711,30.681148529052734,39585.15234375,E,995.7950439453125
706,707,745A6337,997,0.07040703296661377,18.144001007080078,32.079811096191406,14665.1513671875,E,1057.9359130859375
706,713,745A6337,998,0.027053844183683395,7.331283092498779,32.9268684387207,6242.67529296875,E,1051.653564453125
707,720,745A6337,999,0.47182896733283997,50.5058479309082,20.376848220825195,16470.453125,E,1058.1292724609375
708,747,745A6337,1000,0.2874877452850342,62.576412200927734,29.557998657226562,42938.87109375,E,1377.3470458984375
710,726,745A6337,1001,0.3347497284412384,72.94441223144531,23.68511962890625,32139.05078125,E,1208.467041015625
710,732,745A6337,1002,0.14300581812858582,37.54584884643555,24.959434509277344,18370.513671875,E,1229.2484130859375
711,718,745A6337,1003,0.09066271781921387,26.54892349243164,34.34857177734375,24601.080078125,E,995.8526611328125
711,727,745A6337,1004,0.0908290296792984,25.03056526184082,33.07369613647461,21504.333984375,E,987.384033203125
712,714,745A6337,1005,0.02569638192653656,7.331283092498779,33.773929595947266,6567.99853515625,E,991.0144653320312
712,723,745A6337,1006,0.1267399787902832,54.17148971557617,26.077552795410156,28933.056640625,E,987.3662719726562
713,719,745A6337,1007,0.04589647054672241,12.51528263092041,33.02309799194336,10719.2939453125,E,1044.46923828125
713,744,745A6337,1008,0.520232617855072,149.99917602539062,30.306066513061523,108202.640625,E,1002.1412963867188
714,754,745A6337,1009,0.1373712122440338,56.134559631347656,33.49338150024414,49458.1875,E,962.548583984375
715,720,745A6337,1010,0.027570702135562897,6.257641315460205,30.107858657836914,4455.12890625,E,1065.0570068359375
716,739,745A6337,1011,0.11526687443256378,47.0244140625,23.95821189880371,21199.326171875,E,1098.69921875
716,756,745A6337,1012,0.4096141755580902,107.00883483886719,29.60833740234375,73677.953125,E,1060.406982421875
717,2056,745A6337,1013,3.2488760948181152,994.2001342773438,35.88138198852539,1005314.75,F,497.101806640625
718,2056,745A6337,1014,3.215519666671753,990.5442504882812,35.88138198852539,1001618.0,F,495.2738952636719
719,755,745A6337,1015,0.6313117146492004,77.8678970336914,20.56116485595703,25854.953125,E,1031.28271484375
719,773,745A6337,1016,0.39921900629997253,76.16533660888672,28.742530822753906,49419.375,E,1006.3145751953125
720,756,745A6337,1017,0.21841974556446075,52.024208068847656,30.967044830322266,39182.74609375,E,1043.2232666015625
721,722,745A6337,1018,0.011345494538545609,2.5920000076293945,30.229835510253906,1860.357666015625,E,1842.208984375
721,740,745A6337,1019,0.2043054699897766,40.76676940917969,24.040660858154297,18504.99609375,E,1847.409912109375
722,751,745A6337,1020,0.4385712146759033,66.8709716796875,23.15774154663086,28165.66015625,E,1810.509765625
723,745,745A6337,1021,0.13460537791252136,37.10112762451172,33.262306213378906,32239.009765625,E,960.3626098632812
724,739,745A6337,1022,0.14223136007785797,30.843490600585938,29.477649688720703,21049.37109375,E,1102.9281005859375
725,761,745A6337,1023,0.2149398922920227,54.35569381713867,31.90282440185547,43450.33984375,E,1244.733154296875
725,783,745A6337,1024,0.7170031070709229,103.15898132324219,21.43939971923828,37241.0703125,E,1210.5567626953125
726,861,745A6337,1025,1.3474295139312744,280.88861083984375,29.268043518066406,188978.0625,E,1055.9361572265625
727,728,745A6337,1026,0.045117441564798355,11.441641807556152,32.039154052734375,9224.4462890625,E,976.73388671875
727,734,745A6337,1027,0.05716051161289215,11.441641807556152,25.49308204650879,5840.13525390625,E,971.3588256835938
728,2056,745A6337,1028,3.1485698223114014,975.2156982421875,35.88138198852539,986118.0625,F,487.6091613769531
729,735,745A6337,1029,0.10881307721138,26.548925399780273,31.201583862304688,20299.72265625,E,1426.870361328125
729,821,745A6337,1030,2.5122182369232178,168.95631408691406,16.60018539428711,36567.0703125,E,1347.373779296875
730,768,745A6337,1031,0.21764534711837769,62.131690979003906,28.68480110168457,40151.9609375,E,1973.3238525390625
731,752,745A6337,1032,0.1214933767914772,27.6225643157959,30.28472328186035,19897.619140625,E,1605.4202880859375
731,758,745A6337,1033,0.20123477280139923,36.027488708496094,14.2509183883667,5746.5810546875,E,1619.0140380859375
732,748,745A6337,1034,0.10272683203220367,24.585847854614258,30.99472999572754,18550.29296875,E,1209.6185302734375
733,2056,745A6337,1035,3.3045358657836914,992.6581420898438,35.88138198852539,1003755.5,F,496.33099365234375
734,2056,745A6337,1036,3.1077327728271484,966.148681640625,35.88138198852539,976949.6875,F,483.07598876953125
735,743,745A6337,1037,0.06346496939659119,14.662566184997559,30.449390411376953,10677.193359375,E,1433.81640625
736,740,745A6337,1038,0.7857597470283508,38.61948776245117,12.080754280090332,4426.7451171875,E,1870.7437744140625
736,757,745A6337,1039,0.11925476789474487,20.736000061035156,19.861835479736328,6424.7119140625,E,1876.9677734375
736,762,745A6337,1040,1.3348175287246704,68.64984893798828,11.791058540344238,7496.09521484375,E,1902.6488037109375
737,2056,745A6337,1041,3.323740243911743,994.085205078125,35.88138198852539,1005198.5,F,497.0403747558594
738,750,745A6337,1042,2.0345540046691895,171.1798858642578,19.75578498840332,52472.43359375,E,992.8117065429688
738,767,745A6337,1043,0.4425170421600342,38.61948776245117,16.69722557067871,8456.390625,E,953.4631958007812
738,772,745A6337,1044,0.161780446767807,39.064208984375,24.612144470214844,18585.224609375,E,949.56591796875
739,760,745A6337,1045,0.050054505467414856,22.883283615112305,30.290822982788086,16490.369140625,E,1078.75390625
740,753,745A6337,1046,0.04414554312825203,17.699283599853516,26.54513168334961,9795.24609375,E,1850.46044921875
741,743,745A6337,1047,0.015165663324296474,3.6656415462493896,31.093833923339844,2783.482177734375,E,1436.076904296875
741,764,745A6337,1048,0.40083566308021545,101.4564208984375,31.82173728942871,80689.53125,E,1463.5299072265625
742,844,745A6337,1049,3.5690784454345703,211.24142456054688,15.707304000854492,40932.87890625,E,1108.6759033203125
743,806,745A6337,1050,0.6860265731811523,122.74505615234375,25.562440872192383,62993.90234375,E,1378.0377197265625
744,746,745A6337,1051,0.01519545167684555,3.6656415462493896,31.063343048095703,2778.025634765625,E,969.528076171875
745,754,745A6337,1052,0.10232261568307877,30.214567184448242,34.3548583984375,28008.033203125,E,940.1116333007812
745,759,745A6337,1053,0.2472894936800003,59.35548782348633,26.978397369384766,33929.9375,E,935.3167724609375
746,780,745A6337,1054,0.260195255279541,50.061126708984375,28.13351821899414,31119.9296875,E,946.1200561523438
747,911,745A6337,1055,1.4630444049835205,350.6883850097656,30.97676658630371,264291.65625,E,1201.313720703125
748,777,745A6337,1056,0.39680275321006775,110.49027252197266,28.853130340576172,72243.671875,E,1210.6671142578125
748,815,745A6337,1057,0.5127910375595093,136.333984375,32.59820556640625,113784.0546875,E,1131.94189453125
749,750,745A6337,1058,0.2910933196544647,30.214563369750977,16.29837989807129,6303.69287109375,E,942.7589111328125
749,766,745A6337,1059,0.09093739092350006,17.254566192626953,27.471811294555664,10227.4775390625,E,939.701171875
750,767,745A6337,1060,0.08808902651071548,17.254566192626953,18.235483169555664,4506.38671875,E,941.9494018554688
751,753,745A6337,1061,0.3687487542629242,82.68348693847656,29.98723602294922,58395.7890625,E,1812.8148193359375
751,776,745A6337,1062,0.4573269486427307,98.4197006225586,29.610387802124023,67773.53125,E,1737.5052490234375
752,758,745A6337,1063,0.09663166105747223,32.80656433105469,29.08122444152832,21790.94140625,E,1604.6134033203125
752,764,745A6337,1064,0.5470044612884521,127.19219970703125,30.531389236450195,93120.109375,E,1544.474609375
753,757,745A6337,1065,0.15244340896606445,34.32492446899414,30.14069938659668,24490.9765625,E,1857.61181640625
754,765,745A6337,1066,0.033785924315452576,9.923283576965332,34.52950668334961,9292.3603515625,E,933.4569702148438
755,756,745A6337,1067,0.05155068263411522,12.960000038146973,31.69693946838379,10226.5595703125,E,1019.8645629882812
755,775,745A6337,1068,0.364798903465271,91.08841705322266,28.424585342407227,57801.79296875,E,989.4973754882812
756,805,745A6337,1069,0.36669665575027466,99.67755889892578,30.50616455078125,72855.53125,E,994.6017456054688
757,762,745A6337,1070,0.15137214958667755,36.91692352294922,31.22597885131836,28271.412109375,E,1884.390625
758,763,745A6337,1071,0.5453722476959229,106.45621490478516,28.623815536499023,68504.0,E,1654.52490234375
759,766,745A6337,1072,0.14253810048103333,34.32492446899414,23.310213088989258,14648.458984375,E,935.7523803710938
759,778,745A6337,1073,0.03857651725411415,31.2882080078125,19.495908737182617,9340.2294921875,E,921.3178100585938
760,800,745A6337,1074,0.4641013741493225,113.8954086303711,31.54427719116211,89009.6875,E,1059.87646484375
760,812,745A6337,1075,0.45428600907325745,112.82177734375,31.71039390563965,89101.71875,E,1018.5845336914062
761,783,745A6337,1076,0.24511735141277313,63.2053337097168,28.088470458984375,39165.1484375,E,1206.3599853515625
761,794,745A6337,1077,0.2888266146183014,73.12861633300781,31.804040908813477,58095.4140625,E,1228.07763671875
762,768,745A6337,1078,0.24979890882968903,61.318565368652344,31.33558464050293,47288.7109375,E,1922.1575927734375
763,776,745A6337,1079,0.09918022155761719,27.622568130493164,16.080564498901367,5609.91845703125,E,1695.653076171875
764,793,745A6337,1080,0.502941370010376,58.28184509277344,19.18079948425293,16840.5625,E,1473.0880126953125
765,2056,745A6337,1081,2.9510557651519775,931.6968994140625,35.88138198852539,942112.75,F,465.8499755859375
766,770,745A6337,1082,0.040010660886764526,7.776000022888184,27.886873245239258,4749.4765625,E,929.2789916992188
767,774,745A6337,1083,0.22052040696144104,33.88020706176758,19.301326751708984,9913.1181640625,E,931.2838134765625
768,791,745A6337,1084,0.786436915397644,204.8759002685547,32.32905960083008,168177.109375,E,2018.08349609375
769,2056,745A6337,1085,3.3885977268218994,1007.7681274414062,35.88138198852539,1019034.4375,F,503.8858947753906
770,778,745A6337,1086,0.1305234283208847,24.585847854614258,27.52348518371582,14627.8984375,E,916.0484008789062
770,779,745A6337,1087,0.10105187445878983,28.251487731933594,26.970354080200195,16140.037109375,E,917.95166015625
771,2056,745A6337,1088,3.402512550354004,1012.520263671875,35.88138198852539,1023839.6875,F,506.2620849609375
772,774,745A6337,1089,0.03315924108028412,6.257641315460205,27.465036392211914,3707.3271484375,E,931.9312133789062
772,780,745A6337,1090,0.10944364964962006,34.95384979248047,26.971323013305664,19970.521484375,E,927.2468872070312
773,775,745A6337,1091,0.028842292726039886,7.331283092498779,31.869741439819336,5848.26416015625,E,970.5337524414062
773,787,745A6337,1092,0.6124164462089539,121.74771118164062,26.684276580810547,68086.5859375,E,945.25830078125
774,784,745A6337,1093,0.17422766983509064,25.03056526184082,24.277835845947266,11587.2529296875,E,918.742431640625
775,799,745A6337,1094,0.2974241375923157,64.27897644042969,29.645366668701172,44368.26953125,E,941.4286499023438
776,792,745A6337,1095,0.3421248197555542,76.61004638671875,26.88971519470215,43505.8828125,E,1658.4171142578125
777,803,745A6337,1096,0.18199777603149414,52.46892166137695,33.954185485839844,47509.30078125,E,1216.3702392578125
778,789,745A6337,1097,0.16784873604774475,38.61948776245117,30.509754180908203,28234.091796875,E,896.7050170898438
779,784,745A6337,1098,0.32326605916023254,58.9107666015625,23.973459243774414,26591.69140625,E,906.662841796875
779,810,745A6337,1099,0.3446720838546753,63.46584701538086,27.486248016357422,37658.31640625,E,880.4191284179688
780,782,745A6337,1100,0.026644643396139145,5.184000015258789,27.891952514648438,3167.471435546875,E,920.59814453125
781,817,745A6337,1101,1.4085990190505981,127.9290542602539,20.004140853881836,40206.7421875,E,1384.551513671875
782,787,745A6337,1102,0.08814801275730133,25.03056526184082,27.041505813598633,14375.478515625,E,915.718017578125
782,798,745A6337,1103,0.2135499119758606,41.21148681640625,27.939870834350586,25267.189453125,E,899.978759765625
783,785,745A6337,1104,0.013888225890696049,2.5920000076293945,27.322731018066406,1519.7532958984375,E,1176.18359375
784,798,745A6337,1105,0.1257510781288147,38.17477035522461,19.983814239501953,11973.5546875,E,895.5491943359375
785,790,745A6337,1106,0.10089392960071564,18.772924423217773,27.238508224487305,10939.2734375,E,1166.8885498046875
785,797,745A6337,1107,0.3013412654399872,30.843490600585938,16.768861770629883,6811.779296875,E,1171.41943359375
786,792,745A6337,1108,0.4706381857395172,91.53313446044922,28.612720489501953,58855.42578125,E,1596.448486328125
786,793,745A6337,1109,0.7353569269180298,139.4469757080078,27.2377986907959,81253.6796875,E,1512.572509765625
786,831,745A6337,1110,0.47755736112594604,111.30340576171875,31.059158325195312,84329.140625,E,1511.798095703125
787,796,745A6337,1111,0.12137225270271301,17.699283599853516,19.756122589111328,5425.615234375,E,905.3517456054688
788,837,745A6337,1112,1.138007640838623,194.4315948486328,27.14357566833496,112509.921875,E,1008.9868774414062
788,2056,745A6337,1113,3.3378520011901855,995.7767944335938,35.88138198852539,1006909.0,F,497.8883056640625
789,2056,745A6337,1114,2.784134864807129,886.7708740234375,35.88138198852539,896684.5,F,443.385986328125
790,797,745A6337,1115,0.11487440764904022,22.438568115234375,15.694305419921875,4340.79443359375,E,1160.5809326171875
790,822,745A6337,1116,0.4557870924472809,74.20225524902344,25.559375762939453,38072.15625,E,1122.20947265625
792,795,745A6337,1117,0.019183209165930748,5.184000015258789,32.87266159057617,4399.7158203125,E,1622.793701171875
793,809,745A6337,1118,0.12787531316280365,48.098052978515625,31.063343048095703,36451.359375,E,1430.8680419921875
794,827,745A6337,1119,0.36026090383529663,59.80020523071289,18.470964431762695,16024.02734375,E,1195.723388671875
795,838,745A6337,1120,0.44034191966056824,116.48741149902344,32.57619094848633,97088.8828125,E,1565.7503662109375
795,899,745A6337,1121,1.12749183177948,282.1464538574219,30.874954223632812,211240.46875,E,1628.0218505859375
796,802,745A6337,1122,0.1260528415441513,17.254566192626953,23.609224319458008,7553.65869140625,E,893.5376586914062
796,804,745A6337,1123,0.12915149331092834,33.435489654541016,14.156046867370605,5262.3720703125,E,886.7349243164062
797,853,745A6337,1124,0.47588199377059937,108.78771209716797,30.670120239257812,80371.234375,E,1132.0047607421875
798,801,745A6337,1125,0.03723105043172836,8.849641799926758,30.76348114013672,6577.88916015625,E,879.842529296875
799,816,745A6337,1126,0.1572788506746292,45.50605392456055,28.79254722595215,29629.154296875,E,891.9364013671875
799,826,745A6337,1127,0.478206992149353,111.56391143798828,31.02103614807129,84319.1484375,E,906.406982421875
800,808,745A6337,1128,0.0488189235329628,18.772924423217773,30.664886474609375,13864.5107421875,E,1051.7744140625
801,804,745A6337,1129,0.07176815718412399,20.291284561157227,28.420516967773438,12872.513671875,E,875.6305541992188
801,829,745A6337,1130,0.22691383957862854,58.021331787109375,32.12498474121094,47028.75,E,851.410888671875
802,811,745A6337,1131,0.02069525048136711,20.920207977294922,22.38268280029297,8231.5224609375,E,879.219970703125
802,816,745A6337,1132,0.13106611371040344,39.6931266784668,26.296096801757812,21556.97265625,E,883.4031982421875
803,807,745A6337,1133,0.3703036904335022,69.09455871582031,24.18691635131836,31746.41796875,E,1222.88427734375
803,823,745A6337,1134,0.1558821201324463,40.137847900390625,32.16258239746094,32609.625,E,1187.0499267578125
804,811,745A6337,1135,0.241927370429039,29.769847869873047,22.527019500732422,11865.1708984375,E,871.1834716796875
805,812,745A6337,1136,0.04473184794187546,17.254566192626953,31.36319923400879,13330.1376953125,E,968.4183349609375
805,840,745A6337,1137,0.20213620364665985,62.76061248779297,25.604894638061523,32316.40625,E,940.5599975585938
806,817,745A6337,1138,0.145318403840065,25.659488677978516,14.698164939880371,4353.75634765625,E,1323.7049560546875
806,818,745A6337,1139,0.31329694390296936,22.438568115234375,17.061458587646484,5130.0,E,1311.2386474609375
807,823,745A6337,1140,0.9255079030990601,70.16820526123047,16.815473556518555,15582.9072265625,E,1207.9744873046875
808,813,745A6337,1141,0.07318234443664551,34.32492446899414,17.889883041381836,8628.0859375,E,1052.405029296875
808,832,745A6337,1142,0.19045749306678772,40.137847900390625,29.081222534179688,26660.560546875,E,1034.3326416015625
809,833,745A6337,1143,0.3940353989601135,101.64061737060547,32.22750473022461,82910.6875,E,1431.40283203125
809,849,745A6337,1144,0.49127504229545593,120.5977783203125,31.403051376342773,93405.59375,E,1352.60400390625
810,2056,745A6337,1145,2.743396043777466,851.8890991210938,35.88138198852539,861412.75,F,425.9464111328125
811,819,745A6337,1146,0.33863142132759094,46.39548873901367,19.47354507446289,13818.3349609375,E,866.22705078125
812,852,745A6337,1147,0.28852078318595886,74.01805114746094,32.11965560913086,59974.8671875,E,948.718017578125
813,832,745A6337,1148,0.15087047219276428,36.027488708496094,22.676006317138672,14549.7978515625,E,1044.45751953125
814,857,745A6337,1149,0.3864753842353821,85.90440368652344,30.361970901489258,62196.3984375,E,1084.53125
815,824,745A6337,1150,0.08007578551769257,19.84656524658203,31.469928741455078,15437.1376953125,E,1060.3135986328125
815,839,745A6337,1151,0.26742950081825256,44.87712860107422,22.472131729125977,17799.322265625,E,1069.4342041015625
816,819,745A6337,1152,0.026440497487783432,6.257641315460205,30.758399963378906,4649.73291015625,E,870.6812744140625
817,820,745A6337,1153,0.12839375436306,10.99692440032959,18.469270706176758,2946.18896484375,E,1319.4794921875
818,820,745A6337,1154,0.10874047130346298,23.956924438476562,15.32837963104248,4420.92822265625,E,1307.2611083984375
818,828,745A6337,1155,0.2518777847290039,19.84656524658203,18.226770401000977,5178.38916015625,E,1293.4010009765625
819,825,745A6337,1156,0.026828020811080933,9.923283576965332,30.514448165893555,7256.98681640625,E,864.7232055664062
820,835,745A6337,1157,0.09757576882839203,18.772924423217773,19.053741455078125,5352.81689453125,E,1306.247314453125
821,828,745A6337,1158,0.16226637363433838,21.364927291870117,12.461929321289062,2605.9248046875,E,1280.54736328125
821,850,745A6337,1159,0.5714154243469238,45.32184600830078,15.409692764282227,8452.5048828125,E,1256.785888671875
822,834,745A6337,1160,0.11298660188913345,18.328208923339844,25.49308204650879,9355.232421875,E,1079.1644287109375
822,842,745A6337,1161,0.34670770168304443,31.2882080078125,14.907267570495605,5460.9306640625,E,1081.91455078125
823,845,745A6337,1162,0.15981748700141907,40.137847900390625,31.69355583190918,31665.466796875,E,1169.4381103515625
824,839,745A6337,1163,0.12407255172729492,37.54584884643555,19.63821029663086,11372.4921875,E,1054.2110595703125
824,889,745A6337,1164,0.6980612277984619,177.10072326660156,31.853551864624023,141132.140625,E,968.3890991210938
825,855,745A6337,1165,0.3025527000427246,75.72061157226562,32.12809371948242,61386.64453125,E,829.7359008789062
825,862,745A6337,1166,0.46591630578041077,108.71141052246094,30.69063377380371,80422.34375,E,844.649169921875
826,840,745A6337,1167,0.19633540511131287,53.09783935546875,32.97858810424805,45355.58984375,E,910.1530151367188
826,859,745A6337,1168,0.5466849207878113,78.75732421875,23.436908721923828,33976.72265625,E,868.5795288085938
827,854,745A6337,1169,0.6487733125686646,73.12861633300781,18.76404571533203,20222.28515625,E,1143.5570068359375
827,876,745A6337,1170,0.8338528275489807,117.63735961914062,22.134212493896484,45265.08203125,E,1133.4666748046875
828,836,745A6337,1171,0.08193263411521912,9.923283576965332,21.976093292236328,3763.970947265625,E,1284.547119140625
829,2056,745A6337,1172,2.711519718170166,829.2617797851562,35.88138198852539,838532.4375,F,414.6316223144531
830,866,745A6337,1173,4.741088390350342,115.41375732421875,14.355277061462402,18679.73046875,E,1983.928466796875
831,833,745A6337,1174,0.01272117905318737,3.6656415462493896,33.95011901855469,3318.352294921875,E,1460.440673828125
831,841,745A6337,1175,0.35681939125061035,65.61312866210938,20.107635498046875,20835.4375,E,1482.640869140625
832,844,745A6337,1176,0.0851835086941719,21.36492347717285,31.6732234954834,16833.55078125,E,1018.875244140625
833,863,745A6337,1177,0.27241867780685425,82.60717010498047,31.256473541259766,63385.16015625,E,1422.222412109375
834,842,745A6337,1178,0.29072141647338867,20.920207977294922,15.0966215133667,3744.68603515625,E,1070.076171875
834,856,745A6337,1179,0.2986001670360565,52.65312957763672,26.7862606048584,29671.41796875,E,1044.87451171875
835,836,745A6337,1180,0.11392879486083984,20.291284561157227,20.052932739257812,6408.48291015625,E,1290.9334716796875
835,849,745A6337,1181,0.18417519330978394,29.769847869873047,20.902023315429688,10215.1123046875,E,1297.7001953125
836,851,745A6337,1182,0.34747639298439026,41.84041213989258,21.933876037597656,15809.443359375,E,1262.8372802734375
837,2056,745A6337,1183,3.1410086154937744,943.733642578125,35.88138198852539,954284.0625,F,471.8682861328125
838,841,745A6337,1184,0.04025442525744438,10.99692440032959,32.999717712402344,9405.4931640625,E,1506.8922119140625
838,858,745A6337,1185,0.4013402462005615,107.00885009765625,30.808549880981445,79772.296875,E,1536.018310546875
839,857,745A6337,1186,0.20130415260791779,56.94768524169922,28.060842514038086,35218.21875,E,1051.50830078125
840,843,745A6337,1187,0.044158466160297394,12.51528263092041,33.665504455566406,11140.400390625,E,907.830810546875
841,901,745A6337,1188,0.7010239362716675,179.87693786621094,32.122005462646484,145770.84375,E,1416.0009765625
842,860,745A6337,1189,0.4044937193393707,45.32184600830078,16.029741287231445,9146.40625,E,1053.612548828125
843,852,745A6337,1190,0.2046166956424713,76.42584991455078,28.660404205322266,49305.43359375,E,913.2532958984375
843,864,745A6337,1191,0.2607303857803345,65.35261535644531,31.7789363861084,51836.01171875,E,874.1213989257812
844,847,745A6337,1192,0.035160601139068604,8.849641799926758,31.698637008666992,6983.8798828125,E,1009.4252319335938
845,850,745A6337,1193,1.1309354305267334,120.22936248779297,21.185993194580078,42383.625,E,1209.3721923828125
845,885,745A6337,1194,0.4933765232563019,111.37969970703125,30.55770492553711,81684.0703125,E,1139.5306396484375
846,861,745A6337,1195,0.1992323100566864,58.021331787109375,28.531553268432617,37096.11328125,E,929.527099609375
846,2056,745A6337,1196,3.086591958999634,930.04052734375,35.88138198852539,940437.875,F,465.021728515625
847,869,745A6337,1197,0.3417721688747406,71.6102523803711,29.317787170410156,48342.31640625,E,971.68359375
847,870,745A6337,1198,0.29369524121284485,65.16841125488281,27.104751586914062,37602.59765625,E,991.7804565429688
848,866,745A6337,1199,2.9604716300964355,117.6373519897461,28.775041580200195,76500.984375,E,2005.142822265625
849,873,745A6337,1200,0.44757556915283203,91.4568099975586,29.034757614135742,60553.9296875,E,1251.5108642578125
850,851,745A6337,1201,0.026883825659751892,3.6656415462493896,19.638212203979492,1110.308837890625,E,1243.417236328125
851,867,745A6337,1202,0.33278653025627136,65.35261535644531,24.322107315063477,30363.73828125,E,1213.0018310546875
852,887,745A6337,1203,0.39492785930633545,109.41663360595703,33.28914260864258,95231.015625,E,899.06494140625
853,854,745A6337,1204,0.014220703393220901,3.6656415462493896,32.11030578613281,2968.443359375,E,1107.063232421875
853,888,745A6337,1205,0.5987134575843811,131.77890014648438,28.288087844848633,82821.4765625,E,1042.558837890625
854,876,745A6337,1206,0.3289785087108612,61.947486877441406,27.831892013549805,37687.64453125,E,1092.67578125
855,2056,745A6337,1207,2.658583164215088,797.2622680664062,35.88138198852539,806175.1875,F,398.63330078125
856,860,745A6337,1208,0.36584967374801636,29.14092445373535,15.450353622436523,5463.48876953125,E,1029.1103515625
856,870,745A6337,1209,0.2271863967180252,49.61640930175781,24.4581298828125,23311.04296875,E,1000.3334350585938
857,879,745A6337,1210,0.25192907452583313,69.01825714111328,33.08079147338867,59320.61328125,E,1045.4354248046875
859,862,745A6337,1211,0.045889899134635925,9.923283576965332,29.38616371154785,6730.24853515625,E,829.2853393554688
859,864,745A6337,1212,0.25146424770355225,50.9505615234375,18.822494506835938,14177.2890625,E,838.7322387695312
860,888,745A6337,1213,0.48071587085723877,84.38605499267578,24.235912322998047,38929.54296875,E,1001.8743286132812
861,868,745A6337,1214,0.12539316713809967,28.251487731933594,30.45797348022461,20584.1640625,E,909.9948120117188
862,875,745A6337,1215,0.15958096086978912,43.803489685058594,18.170429229736328,11358.7080078125,E,806.4425659179688
863,871,745A6337,1216,0.6181712746620178,128.00534057617188,30.287662506103516,92225.1796875,E,1328.2669677734375
863,913,745A6337,1217,0.7996351718902588,150.99652099609375,26.611690521240234,83985.0078125,E,1316.614990234375
864,880,745A6337,1218,0.2227270007133484,54.80040740966797,31.413461685180664,42472.25,E,818.91943359375
865,872,745A6337,1219,0.2027280181646347,50.50584411621094,31.85618782043457,40254.93359375,E,787.6041259765625
865,2056,745A6337,1220,2.6219892501831055,781.173095703125,35.88138198852539,789906.1875,F,390.5886535644531
866,903,745A6337,1221,1.3465715646743774,335.02850341796875,31.820049285888672,266424.0,E,1797.005615234375
867,878,745A6337,1222,0.2931205928325653,51.134769439697266,23.40839195251465,22006.41796875,E,1191.1793212890625
867,885,745A6337,1223,0.30458876490592957,69.01825714111328,25.929487228393555,36445.31640625,E,1147.3319091796875
868,2056,745A6337,1224,2.944164991378784,895.891357421875,35.88138198852539,905906.9375,F,447.9444885253906
869,892,745A6337,1225,0.24877333641052246,67.94461059570312,28.524707794189453,43419.74609375,E,906.0377807617188
869,924,745A6337,1226,0.7216364741325378,136.594482421875,27.503210067749023,81150.2421875,E,909.2325439453125
870,906,745A6337,1227,0.39411962032318115,92.60678100585938,30.676469802856445,68445.265625,E,949.918701171875
871,873,745A6337,1228,0.37439510226249695,82.86769104003906,27.704364776611328,49954.140625,E,1241.5191650390625
871,914,745A6337,1229,0.5333805084228516,96.08820343017578,23.461700439453125,41541.19140625,E,1247.5682373046875
872,874,745A6337,1230,0.05669591575860977,15.107283592224121,30.282690048217773,10880.908203125,E,779.1885986328125
872,875,745A6337,1231,0.09450601041316986,22.883283615112305,31.072378158569336,17352.306640625,E,785.4842529296875
872,877,745A6337,1232,0.040704838931560516,11.441641807556152,30.580516815185547,8403.6484375,E,778.4161987304688
873,878,745A6337,1233,0.04307631775736809,10.99692440032959,31.927339553833008,8804.1328125,E,1206.6103515625
874,2056,745A6337,1234,2.6023106575012207,773.984375,35.88138198852539,782637.0625,F,386.9927062988281
875,880,745A6337,1235,0.12883161008358002,46.840206146240234,23.504188537597656,20323.533203125,E,790.8929443359375
875,883,745A6337,1236,0.07916408032178879,19.217641830444336,31.472471237182617,14950.3603515625,E,777.8257446289062
876,882,745A6337,1237,0.08689571917057037,17.699283599853516,28.554109573364258,11333.9892578125,E,1076.0625
877,2056,745A6337,1238,2.5995471477508545,773.0289916992188,35.88138198852539,781671.0,F,386.5148620605469
878,930,745A6337,1239,0.5082593560218811,124.892333984375,31.35651206970215,96445.3203125,E,1144.1279296875
879,910,745A6337,1240,0.3926182687282562,100.30647277832031,32.06342315673828,80991.3515625,E,1042.53759765625
879,952,745A6337,1241,1.9989449977874756,241.5638885498047,26.90335464477539,137320.296875,E,934.7217407226562
880,881,745A6337,1242,0.010619341395795345,2.5920000076293945,31.246307373046875,1987.5693359375,E,791.7289428710938
881,891,745A6337,1243,0.14450420439243317,29.769847869873047,29.597585678100586,20482.31640625,E,777.2327270507812
881,894,745A6337,1244,0.02968120202422142,34.95384979248047,26.448564529418945,19203.884765625,E,784.9580688476562
882,890,745A6337,1245,0.7721291780471802,120.22935485839844,23.79113006591797,53447.88671875,E,1019.9437866210938
882,907,745A6337,1246,0.42039811611175537,63.65005111694336,24.767032623291016,30664.548828125,E,1046.061279296875
883,2056,745A6337,1247,2.585967779159546,769.2695922851562,35.88138198852539,777869.625,F,384.6369934082031
884,898,745A6337,1248,0.36003851890563965,87.42277526855469,31.342050552368164,67448.03125,E,816.0720825195312
885,910,745A6337,1249,0.312772661447525,70.0918960571289,26.28211784362793,38025.8046875,E,1081.36474609375
886,919,745A6337,1250,0.6760719418525696,140.26010131835938,28.94156837463379,92271.6171875,E,1886.8045654296875
887,892,745A6337,1251,0.03626194968819618,9.923282623291016,33.04545974731445,8510.7705078125,E,871.893798828125
887,918,745A6337,1252,0.31980037689208984,86.27281188964844,30.006214141845703,61007.921875,E,829.8294677734375
888,890,745A6337,1253,0.012123433873057365,2.5920000076293945,29.243858337402344,1740.981689453125,E,979.6641845703125
889,893,745A6337,1254,0.1764247864484787,29.140928268432617,23.309123992919922,12434.982421875,E,874.9445190429688
889,908,745A6337,1255,0.19542139768600464,44.87712860107422,30.72722816467285,33278.34375,E,868.518310546875
890,906,745A6337,1256,0.17441390454769135,54.80040740966797,28.415435791015625,34752.203125,E,954.3350830078125
891,2056,745A6337,1257,2.562953472137451,763.901611328125,35.88138198852539,772441.625,F,381.9512634277344
892,915,745A6337,1258,0.25334054231643677,61.05805206298828,31.12432861328125,46455.0390625,E,860.1634521484375
893,2056,745A6337,1259,2.7936854362487793,862.2793579101562,35.88138198852539,871919.1875,F,431.1378479003906
894,897,745A6337,1260,0.059023886919021606,15.107283592224121,31.991716384887695,12143.7080078125,E,777.08251953125
894,902,745A6337,1261,0.0692531019449234,14.662566184997559,29.912694931030273,10304.12109375,E,769.1268920898438
895,896,745A6337,1262,0.130361407995224,33.25128173828125,31.93750762939453,26637.919921875,E,1512.3782958984375
895,900,745A6337,1263,0.21157726645469666,50.9505615234375,31.105070114135742,38716.95703125,E,1546.9637451171875
895,921,745A6337,1264,0.26659008860588074,55.24512481689453,20.966402053833008,19073.556640625,E,1520.2303466796875
896,901,745A6337,1265,0.7092346549034119,189.58441162109375,32.78727340698242,160067.46875,E,1417.13916015625
896,935,745A6337,1266,0.4662606120109558,64.98419952392578,23.671340942382812,28598.509765625,E,1487.0263671875
897,898,745A6337,1267,0.06288859248161316,17.699283599853516,33.549339294433594,15646.3671875,E,783.5559692382812
897,904,745A6337,1268,0.08627454936504364,20.291284561157227,29.18625831604004,13575.513671875,E,769.4895629882812
898,912,745A6337,1269,0.6096101403236389,37.990562438964844,15.76658821105957,7417.2177734375,E,773.5021362304688
899,900,745A6337,1270,0.09408176690340042,24.401639938354492,32.185523986816406,19853.1796875,E,1575.9425048828125
899,903,745A6337,1271,0.2944808900356293,77.4994888305664,32.44646453857422,64080.14453125,E,1615.49951171875
900,921,745A6337,1272,0.2059861123561859,52.20840835571289,27.248186111450195,30444.267578125,E,1546.8541259765625
901,920,745A6337,1273,0.17073343694210052,58.021331787109375,31.969453811645508,46574.4765625,E,1309.9677734375
902,2056,745A6337,1274,2.54799222946167,762.087646484375,35.88138198852539,770607.375,F,381.0385437011719
903,981,745A6337,1275,0.8517134189605713,192.8369140625,29.378299713134766,130717.3828125,E,1686.0137939453125
904,2056,745A6337,1276,2.535794258117676,760.6758422851562,35.88138198852539,769179.75,F,380.337158203125
905,940,745A6337,1277,0.7140523791313171,99.67753601074219,21.802513122558594,37213.48046875,E,951.71484375
906,909,745A6337,1278,0.013815423473715782,3.6656415462493896,32.577884674072266,3055.523681640625,E,927.4236450195312
907,922,745A6337,1279,0.06796471029520035,33.435489654541016,20.87152862548828,11439.4736328125,E,1001.6221923828125
907,928,745A6337,1280,0.23275399208068848,43.358768463134766,22.56564712524414,17340.53125,E,1016.7989501953125
908,2056,745A6337,1281,2.7184455394744873,846.6044921875,35.88138198852539,856069.0625,F,423.3034362792969
909,924,745A6337,1282,0.104764923453331,45.50605392456055,21.64065933227539,16737.865234375,E,905.0239868164062
909,940,745A6337,1283,0.21335119009017944,47.913848876953125,30.063613891601562,34012.08984375,E,916.9535522460938
910,917,745A6337,1284,0.10269588232040405,19.846567153930664,28.02554702758789,12242.876953125,E,1040.7679443359375
911,928,745A6337,1285,0.21301165223121643,44.432411193847656,28.992645263671875,29333.60546875,E,1036.062255859375
911,951,745A6337,1286,0.4077436625957489,84.38605499267578,26.44937515258789,46365.12109375,E,1047.4525146484375
912,2056,745A6337,1287,2.516115665435791,760.0042724609375,35.88138198852539,768500.6875,F,380.0037841796875
913,914,745A6337,1288,0.16880398988723755,29.58563995361328,26.638307571411133,16488.61328125,E,1237.6724853515625
913,929,745A6337,1289,0.07440290600061417,31.917129516601562,20.33618927001953,10366.9951171875,E,1254.94775390625
914,925,745A6337,1290,0.36423859000205994,81.60984802246094,29.934377670288086,57434.5078125,E,1188.5223388671875
915,927,745A6337,1291,0.08394479751586914,18.772924423217773,29.913278579711914,13193.19140625,E,844.510009765625
915,932,745A6337,1292,0.3687666654586792,41.21148681640625,19.642730712890625,12488.546875,E,830.792236328125
916,969,745A6337,1293,0.6260673999786377,159.6619415283203,31.997697830200195,128389.28125,E,1881.077392578125
917,926,745A6337,1294,0.11227025091648102,40.58256149291992,22.233598709106445,15756.10546875,E,1014.5695190429688
917,943,745A6337,1295,0.34356188774108887,46.39548873901367,23.610071182250977,20312.353515625,E,1016.3206176757812
918,931,745A6337,1296,0.15114770829677582,34.95384979248047,30.655057907104492,25798.1875,E,776.6953125
918,932,745A6337,1297,0.30568572878837585,60.42912673950195,20.75294303894043,20440.69140625,E,796.9586181640625
919,969,745A6337,1298,0.5376042723655701,88.05169677734375,21.828947067260742,32952.8671875,E,1816.5965576171875
919,981,745A6337,1299,0.5276048183441162,125.33706665039062,31.012779235839844,94678.375,E,1771.9210205078125
920,929,745A6337,1300,0.09837254881858826,26.10420799255371,32.55868148803711,21733.716796875,E,1272.451904296875
920,936,745A6337,1301,0.1743379831314087,45.32184600830078,26.601961135864258,25189.80078125,E,1297.074951171875
921,939,745A6337,1302,0.14276526868343353,24.585847854614258,26.73826026916504,13805.1572265625,E,1513.5438232421875
922,934,745A6337,1303,0.2318258434534073,43.174560546875,21.638626098632812,15877.3193359375,E,998.9037475585938
922,950,745A6337,1304,0.5992150902748108,108.52719116210938,26.434545516967773,59562.3984375,E,933.3190307617188
923,924,745A6337,1305,0.012056291103363037,2.5920000076293945,29.325176239013672,1750.6773681640625,E,880.67138671875
923,938,745A6337,1306,0.11399423331022263,22.438568115234375,28.026634216308594,13842.8955078125,E,869.4500122070312
924,947,745A6337,1307,0.15431198477745056,39.5089225769043,26.637073516845703,22016.998046875,E,871.65673828125
925,930,745A6337,1308,0.46237048506736755,84.83076477050781,25.178823471069336,42239.05078125,E,1119.158935546875
925,954,745A6337,1309,0.36956530809402466,77.05476379394531,23.15041732788086,32434.486328125,E,1125.7861328125
926,941,745A6337,1310,0.09511702507734299,23.512208938598633,24.777490615844727,11336.9951171875,E,985.5194702148438
926,943,745A6337,1311,0.22469139099121094,33.88020706176758,19.15030860900879,9758.599609375,E,998.5202026367188
927,933,745A6337,1312,0.01697947084903717,3.6656415462493896,29.386165618896484,2486.140869140625,E,838.4007568359375
927,938,745A6337,1313,0.170538991689682,39.50891876220703,25.293855667114258,19852.494140625,E,851.2698364257812
928,934,745A6337,1314,0.0164854247123003,3.6656415462493896,29.8232479095459,2560.64697265625,E,1012.7807006835938
929,953,745A6337,1315,0.3286376893520355,86.08861541748047,28.559125900268555,55147.4453125,E,1221.7823486328125
930,998,745A6337,1316,1.1107699871063232,189.61599731445312,26.75385856628418,106595.203125,E,998.6273193359375
931,2056,745A6337,1317,2.4903383255004883,761.1305541992188,35.88138198852539,769639.5625,F,380.5668029785156
932,933,745A6337,1318,0.2684841752052307,45.32184600830078,21.541046142578125,16516.99609375,E,821.0599975585938
933,959,745A6337,1319,0.3180181682109833,61.05805206298828,28.096263885498047,37855.5859375,E,824.653076171875
934,966,745A6337,1320,0.3170841336250305,64.53948974609375,28.56635856628418,41364.25390625,E,988.7219848632812
935,936,745A6337,1321,1.0210233926773071,208.09683227539062,29.18635368347168,139224.296875,E,1389.416748046875
935,939,745A6337,1322,0.2743290364742279,30.659282684326172,17.63068199157715,7484.970703125,E,1491.4151611328125
936,955,745A6337,1323,0.16178850829601288,52.024208068847656,23.521129608154297,22605.375,E,1295.223876953125
937,1005,745A6337,1324,0.9725951552391052,261.4867858886719,31.579870223999023,204814.3125,E,2150.215087890625
938,944,745A6337,1325,0.01950828917324543,16.625642776489258,23.05355453491211,6939.7548828125,E,854.6293334960938
939,949,745A6337,1326,0.06359433382749557,33.25128173828125,18.181270599365234,8632.7021484375,E,1494.1522216796875
940,950,745A6337,1327,0.18777692317962646,39.064208984375,28.81258773803711,25470.265625,E,898.0692138671875
941,945,745A6337,1328,0.050599224865436554,9.923282623291016,28.054590225219727,6134.1318359375,E,979.0856323242188
941,946,745A6337,1329,0.26342979073524475,43.803489685058594,25.914581298828125,23103.990234375,E,963.0424194335938
942,949,745A6337,1330,0.5261168479919434,121.74771881103516,30.990535736083984,91835.140625,E,1540.4158935546875
942,963,745A6337,1331,0.6448343396186829,107.89826965332031,25.15129280090332,53607.4296875,E,1631.96337890625
942,967,745A6337,1332,0.26157042384147644,58.4660530090332,30.177410125732422,41817.45703125,E,1601.3148193359375
943,945,745A6337,1333,0.1154756098985672,23.956924438476562,28.77515411376953,15579.5986328125,E,986.5253295898438
944,947,745A6337,1334,0.10466945916414261,25.03056526184082,22.86652183532715,10279.2333984375,E,853.9241943359375
944,959,745A6337,1335,0.3026132881641388,36.027488708496094,19.042850494384766,10260.955078125,E,833.08251953125
945,956,745A6337,1336,0.05897260457277298,38.17477035522461,22.37590789794922,15011.623046875,E,960.048095703125
946,956,745A6337,1337,0.10587255656719208,27.17784881591797,24.720565795898438,13044.330078125,E,942.5596923828125
946,965,745A6337,1338,0.47694969177246094,107.71405792236328,30.4523868560791,78452.1640625,E,896.4662475585938
947,970,745A6337,1339,0.19220079481601715,41.84041213989258,29.50735855102539,28611.888671875,E,857.4439086914062
948,995,745A6337,1340,0.47780686616897583,105.49047088623047,29.881153106689453,73977.1875,E,1938.68701171875
949,960,745A6337,1341,0.06821469962596893,23.512208938598633,28.1846981048584,14669.3232421875,E,1474.75634765625
950,962,745A6337,1342,0.062434710562229156,12.51528263092041,28.306671142578125,7876.04443359375,E,882.4092407226562
951,972,745A6337,1343,0.17724484205245972,31.917129516601562,21.679866790771484,11782.21484375,E,1024.8814697265625
951,973,745A6337,1344,0.11456572264432907,33.435489654541016,24.71717643737793,16043.357421875,E,1041.445556640625
952,957,745A6337,1345,0.045114219188690186,9.923283576965332,29.640283584594727,6847.15234375,E,831.5587768554688
952,958,745A6337,1346,0.15044625103473663,33.25128173828125,30.19386863708496,23808.705078125,E,817.53369140625
953,964,745A6337,1347,0.40883949398994446,94.75405883789062,30.639509201049805,69863.65625,E,1216.0289306640625
953,993,745A6337,1348,0.337887167930603,91.90154266357422,33.04159927368164,78801.5625,E,1140.0233154296875
954,988,745A6337,1349,0.27777764201164246,58.9107666015625,25.54312515258789,30187.880859375,E,1097.771484375
954,998,745A6337,1350,1.6312754154205322,206.50216674804688,25.36848258972168,104376.6875,E,996.888427734375
955,960,745A6337,1351,1.3171160221099854,217.83590698242188,28.5404109954834,139360.53125,E,1370.2479248046875
955,964,745A6337,1352,0.14516450464725494,35.398563385009766,31.28070831298828,27203.744140625,E,1267.7047119140625
956,1017,745A6337,1353,0.7810207605361938,182.4689178466797,30.997835159301758,137702.40625,E,853.2589721679688
957,965,745A6337,1354,0.15780751407146454,34.32492446899414,29.615262985229492,23644.529296875,E,843.027587890625
957,980,745A6337,1355,0.03632815182209015,32.17763900756836,16.893741607666016,7212.66455078125,E,820.9376220703125
958,2056,745A6337,1356,2.5021603107452393,804.6104125976562,35.88138198852539,813605.5,F,402.30145263671875
959,994,745A6337,1357,0.22710557281970978,50.5058479309082,30.02653694152832,35763.6640625,E,807.05419921875
960,1025,745A6337,1358,1.026311993598938,223.0514678955078,28.552824020385742,142821.34375,E,1362.3154296875
961,974,745A6337,1359,0.48651906847953796,46.840206146240234,20.78144073486328,15887.662109375,E,783.2367553710938
961,2056,745A6337,1360,2.4326841831207275,772.107177734375,35.88138198852539,780738.875,F,386.05047607421875
962,970,745A6337,1361,0.0600917674601078,22.438568115234375,28.875896453857422,14694.5390625,E,867.62158203125
962,983,745A6337,1362,0.05575697496533394,41.21148681640625,26.63153076171875,22956.22265625,E,876.4493408203125
963,967,745A6337,1363,0.8283243179321289,61.686973571777344,21.4849796295166,22364.193359375,E,1629.4254150390625
964,1018,745A6337,1364,0.46734553575515747,118.52677154541016,28.291982650756836,74513.1796875,E,1231.4122314453125
965,980,745A6337,1365,0.30355626344680786,48.54277038574219,22.83839988708496,19885.92578125,E,828.2533569335938
966,971,745A6337,1366,0.04527949541807175,8.849641799926758,27.998682022094727,5448.67333984375,E,965.9645385742188
966,975,745A6337,1367,0.3106875419616699,61.94748306274414,28.248640060424805,38824.74609375,E,943.4098510742188
968,995,745A6337,1368,0.9963206648826599,172.437744140625,26.43605613708496,94648.890625,E,1974.18212890625
969,997,745A6337,1369,0.3204621374607086,75.72061157226562,31.04300880432129,57310.16015625,E,1778.584716796875
970,978,745A6337,1370,0.04966604337096214,11.441641807556152,30.3518123626709,8278.4208984375,E,852.7925415039062
971,982,745A6337,1371,0.5119658708572388,69.27877044677734,21.51055145263672,25176.37109375,E,982.4261474609375
971,991,745A6337,1372,0.19282111525535583,38.17477035522461,28.144376754760742,23749.234375,E,947.053466796875
972,976,745A6337,1373,0.15153828263282776,20.291284561157227,23.343246459960938,8684.04296875,E,1026.674560546875
972,982,745A6337,1374,0.11717741191387177,21.36492347717285,14.88113021850586,3715.891845703125,E,1012.3574829101562
973,976,745A6337,1375,0.05545162409543991,9.923283576965332,26.78908348083496,5593.2080078125,E,1037.8050537109375
973,977,745A6337,1376,0.6618279814720154,146.40985107421875,29.886823654174805,102711.6484375,E,1099.4775390625
974,2056,745A6337,1377,2.4143872261047363,777.1160278320312,35.88138198852539,785803.75,F,388.5579833984375
975,979,745A6337,1378,0.019209738820791245,3.6656415462493896,27.627670288085938,2197.49755859375,E,915.2476806640625
975,990,745A6337,1379,0.1288745403289795,47.4691276550293,24.703140258789062,22751.259765625,E,893.4007568359375
976,992,745A6337,1380,0.14776384830474854,25.03056526184082,9.961411476135254,1950.7530517578125,E,1021.9468994140625
977,984,745A6337,1381,0.19129140675067902,36.47220993041992,28.020185470581055,22490.232421875,E,1167.516357421875
977,985,745A6337,1382,0.6291429996490479,107.71405029296875,27.55312728881836,64224.98828125,E,1202.544677734375
978,983,745A6337,1383,0.15884114801883698,44.248207092285156,28.054588317871094,27352.271484375,E,858.5579223632812
978,996,745A6337,1384,0.20753689110279083,53.282047271728516,32.168304443359375,43303.91015625,E,822.7125244140625
979,986,745A6337,1385,0.10998612642288208,18.772924423217773,22.41927719116211,7410.798828125,E,912.7283325195312
979,987,745A6337,1386,0.21029794216156006,29.769847869873047,24.590457916259766,14138.3818359375,E,921.7694091796875
980,989,745A6337,1387,0.12717217206954956,22.438568115234375,27.165176391601562,13004.9921875,E,799.1322021484375
981,997,745A6337,1388,0.1572902798652649,45.50605392456055,19.42678451538086,13488.4150390625,E,1736.8516845703125
981,1002,745A6337,1389,0.15079085528850555,47.0244140625,29.738231658935547,32662.056640625,E,1706.2490234375
982,992,745A6337,1390,0.15208566188812256,18.772924423217773,22.24037742614746,7292.99853515625,E,1008.0155029296875
983,990,745A6337,1391,0.030894560739398003,7.331283092498779,30.80583381652832,5464.31640625,E,870.9517822265625
984,985,745A6337,1392,0.17010408639907837,33.69599914550781,28.125743865966797,20935.16015625,E,1193.9654541015625
985,1033,745A6337,1393,0.597065806388855,143.2968292236328,31.2141170501709,109655.03125,E,1209.5037841796875
986,987,745A6337,1394,0.1287311613559723,17.699283599853516,17.020801544189453,4027.221923828125,E,917.9725952148438
987,991,745A6337,1395,0.02574092522263527,6.257641315460205,23.866729736328125,2799.5380859375,E,926.5488891601562
988,993,745A6337,1396,0.021794646978378296,6.257641315460205,33.889129638671875,5644.447265625,E,1095.7613525390625
988,1007,745A6337,1397,0.3485061824321747,85.01497650146484,31.453231811523438,66056.546875,E,1055.95703125
989,2056,745A6337,1398,2.5051608085632324,789.3395385742188,35.88138198852539,798163.9375,F,394.6709289550781
990,1004,745A6337,1399,0.2150646299123764,44.432411193847656,28.95053482055664,29248.45703125,E,872.4808959960938
991,1003,745A6337,1400,0.11863121390342712,31.732921600341797,23.852209091186523,14179.376953125,E,922.009033203125
992,999,745A6337,1401,0.8900952935218811,137.74440002441406,25.013715744018555,67689.3359375,E,1061.3258056640625
993,1015,745A6337,1402,0.902423620223999,92.79097747802734,17.63271713256836,22658.654296875,E,1112.679931640625
994,2056,745A6337,1403,2.5179309844970703,791.4942626953125,35.88138198852539,800342.75,F,395.7482604980469
995,1001,745A6337,1404,0.5893279314041138,165.1827850341797,31.72127342224121,130543.6875,E,1822.0252685546875
996,2056,745A6337,1405,2.5703935623168945,799.1602783203125,35.88138198852539,808094.4375,F,399.5813903808594
997,1001,745A6337,1406,0.027421871200203896,7.776000022888184,33.6756706237793,6925.9384765625,E,1747.9373779296875
998,1010,745A6337,1407,0.19603723287582397,41.84041213989258,29.147686004638672,27918.623046875,E,892.7010498046875
1000,1034,745A6337,1408,0.8279240131378174,198.2814483642578,30.98621940612793,149523.390625,E,1337.1090087890625
1001,1006,745A6337,1409,0.05437939986586571,14.662566184997559,32.71409225463867,12324.5078125,E,1740.3828125
1002,1006,745A6337,1410,0.1465306133031845,53.54256820678711,25.303342819213867,26924.328125,E,1711.7147216796875
1002,1009,745A6337,1411,0.7040568590164185,189.13967895507812,32.84967803955078,160300.453125,E,1602.68359375
1003,1008,745A6337,1412,0.0801963284611702,18.328208923339844,30.16545867919922,13098.7470703125,E,905.5423583984375
1003,1014,745A6337,1413,1.4352704286575317,289.9671630859375,28.959733963012695,190997.5625,E,1020.7490844726562
1004,1008,745A6337,1414,0.09255854785442352,35.398563385009766,28.86268424987793,23160.556640625,E,887.3101196289062
1004,1013,745A6337,1415,0.2883149981498718,51.76368713378906,25.264375686645508,25949.693359375,E,852.3020629882812
1005,1022,745A6337,1416,0.5791739225387573,151.96224975585938,32.471824645996094,125845.8828125,E,2095.279541015625
1005,1044,745A6337,1417,1.380980372428894,358.0960388183594,32.2698860168457,292876.34375,E,1872.434814453125
1006,1053,745A6337,1418,0.5510292649269104,146.9624786376953,30.626741409301758,108267.4609375,E,1687.8238525390625
1007,1011,745A6337,1419,0.260452002286911,71.87076568603516,29.69720458984375,49782.109375,E,1038.2183837890625
1007,1024,745A6337,1420,0.7471259236335754,196.21047973632812,32.626617431640625,164042.421875,E,927.47900390625
1008,1031,745A6337,1421,0.27124324440956116,63.91056823730469,30.868515014648438,47829.30078125,E,877.5134887695312
1009,1036,745A6337,1422,1.004386305809021,260.9341125488281,31.58504867553711,204448.453125,E,1404.6248779296875
1009,1055,745A6337,1423,0.5937085151672363,151.2570343017578,32.15656661987305,122841.421875,E,1531.6158447265625
1010,1012,745A6337,1424,0.15711447596549988,37.54584503173828,24.33882713317871,17468.31640625,E,856.5341186523438
1010,1024,745A6337,1425,0.08506414294242859,40.58256530761719,20.542871475219727,13450.9111328125,E,859.0113525390625
1011,1015,745A6337,1426,0.3097221851348877,74.01805114746094,28.11049461364746,45937.1953125,E,1090.6151123046875
1011,1020,745A6337,1427,0.09657405316829681,22.883283615112305,30.900705337524414,17161.095703125,E,1059.7725830078125
1012,1026,745A6337,1428,0.1680954545736313,30.843490600585938,27.217016220092773,17944.626953125,E,838.7789306640625
1012,1029,745A6337,1429,0.3402593731880188,54.80040740966797,25.960657119750977,29007.146484375,E,814.3941040039062
1013,2056,745A6337,1430,2.723064422607422,826.75048828125,35.88138198852539,835993.125,F,413.3739013671875
1015,1018,745A6337,1431,0.4516716003417969,116.82421112060547,32.168521881103516,94947.8125,E,1165.138916015625
1016,1032,745A6337,1432,0.7034551501274109,126.48699951171875,26.941089630126953,72105.1171875,E,958.6495361328125
1017,2056,745A6337,1433,2.4989633560180664,766.7151489257812,35.88138198852539,775286.625,F,383.3591613769531
1018,1025,745A6337,1434,0.24279476702213287,59.80020523071289,31.66490936279297,47092.2109375,E,1238.859619140625
1019,1023,745A6337,1435,0.11376625299453735,12.51528263092041,23.045421600341797,5220.3525390625,E,767.1630249023438
1019,2056,745A6337,1436,2.497009515762329,764.1785888671875,35.88138198852539,772721.6875,F,382.0908203125
1020,1037,745A6337,1437,0.2182929962873459,54.35569381713867,31.526134490966797,42430.32421875,E,1064.2752685546875
1020,1045,745A6337,1438,0.5131977200508118,139.37071228027344,29.976591110229492,98361.671875,E,995.2520141601562
1021,1022,745A6337,1439,0.5461401343345642,130.41311645507812,31.0959529876709,99041.8828125,E,2216.552001953125
1022,1054,745A6337,1440,0.446438193321228,114.34011840820312,30.10064697265625,81365.4765625,E,2176.996337890625
1023,1027,745A6337,1441,0.1774696409702301,17.699283599853516,17.300329208374023,4160.58447265625,E,774.8590698242188
1023,1030,745A6337,1442,0.5860233902931213,63.46584701538086,20.47962188720703,20906.138671875,E,769.4221801757812
1024,1026,745A6337,1443,0.01757001504302025,3.6656415462493896,28.88809585571289,2402.579345703125,E,841.9913330078125
1025,1028,745A6337,1444,0.029892250895500183,6.257641315460205,28.942306518554688,4116.86669921875,E,1261.32666015625
1026,1029,745A6337,1445,0.18375499546527863,59.35548782348633,24.79633903503418,28663.28125,E,813.2052612304688
1027,1030,745A6337,1446,0.10494537651538849,19.846567153930664,27.31692123413086,11631.58203125,E,783.3080444335938
1028,1036,745A6337,1447,0.09934768080711365,41.84041213989258,20.827484130859375,14254.7451171875,E,1270.77783203125
1028,1040,745A6337,1448,0.1589566469192505,42.100929260253906,25.917964935302734,22211.779296875,E,1249.2548828125
1029,1030,745A6337,1449,0.02963179536163807,6.257641315460205,29.084609985351562,4157.4501953125,E,789.14306640625
1031,2056,745A6337,1450,2.858247756958008,856.792236328125,35.88138198852539,866370.6875,F,428.39776611328125
1032,1038,745A6337,1451,0.40631064772605896,96.71713256835938,30.890827178955078,72485.703125,E,1035.28515625
1032,1060,745A6337,1452,0.5828981995582581,109.23241424560547,26.067214965820312,58294.9140625,E,977.8937377929688
1033,1034,745A6337,1453,0.1696154624223709,41.027278900146484,24.677875518798828,19623.576171875,E,1228.03466796875
1033,1039,745A6337,1454,0.04707925021648407,11.441641807556152,31.17718505859375,8734.78125,E,1205.647216796875
1034,1047,745A6337,1455,0.09784024953842163,44.87712860107422,23.77321434020996,19920.064453125,E,1232.5262451171875
1035,1101,745A6337,1456,1.762289047241211,305.3665466308594,30.14534568786621,217947.484375,E,1562.6685791015625
1036,1043,745A6337,1457,0.10199006646871567,37.10112762451172,28.696413040161133,23995.634765625,E,1263.603515625
1037,1056,745A6337,1458,0.9624439477920532,92.34626007080078,17.660451889038086,22621.052734375,E,1027.8790283203125
1037,1057,745A6337,1459,0.4124320149421692,90.82789611816406,30.246662139892578,65262.5546875,E,1092.825927734375
1039,1047,745A6337,1460,0.0937599316239357,30.843490600585938,29.14366340637207,20575.087890625,E,1209.210693359375
1039,1060,745A6337,1461,1.0628695487976074,262.0078125,31.41217613220215,203048.6875,E,1081.31005859375
1040,1043,745A6337,1462,0.07275685667991638,17.254566192626953,30.75501251220703,12818.162109375,E,1244.263671875
1040,1057,745A6337,1463,0.7551211714744568,146.3335418701172,29.27435302734375,98493.6796875,E,1174.6990966796875
1041,1042,745A6337,1464,0.2949620187282562,25.03056526184082,18.404895782470703,6659.27978515625,E,790.857666015625
1041,1046,745A6337,1465,0.5118154287338257,104.4931411743164,29.371183395385742,70797.9296875,E,841.1605834960938
1041,1049,745A6337,1466,0.16214296221733093,21.36492347717285,12.448376655578613,2600.25927734375,E,793.1060791015625
1042,1050,745A6337,1467,0.2670184373855591,18.144001007080078,12.941703796386719,2386.744384765625,E,775.8148193359375
1042,1051,745A6337,1468,0.4977143406867981,37.99056625366211,12.194743156433105,4437.22021484375,E,769.3739013671875
1043,1102,745A6337,1469,1.1122775077819824,281.40966796875,31.830833435058594,223936.515625,E,1164.1767578125
1044,1053,745A6337,1470,0.16851122677326202,58.9107666015625,31.953767776489258,47242.046875,E,1680.28076171875
1044,1072,745A6337,1471,1.1045897006988525,297.7747497558594,32.86566925048828,252617.078125,E,1818.585205078125
1045,1046,745A6337,1472,0.24227875471115112,59.800209045410156,31.471776962280273,46519.5078125,E,905.7567749023438
1045,1056,745A6337,1473,0.3494272828102112,86.97806549072266,31.69423484802246,68621.4921875,E,957.0383911132812
1046,1077,745A6337,1474,1.0138626098632812,206.8705596923828,27.56744956970215,123475.7734375,E,918.0117797851562
1047,1068,745A6337,1475,0.39025649428367615,90.90420532226562,30.552709579467773,66645.8828125,E,1199.433837890625
1048,1087,745A6337,1476,1.0156939029693604,257.3000793457031,31.834228515625,204794.578125,E,1339.154541015625
1049,1050,745A6337,1477,0.1525154709815979,20.291284561157227,23.048471450805664,8466.10546875,E,778.4490356445312
1049,1058,745A6337,1478,0.4894736111164093,70.3524169921875,21.208925247192383,24854.568359375,E,808.4693603515625
1050,1051,745A6337,1479,0.13840243220329285,17.699283599853516,22.62082862854004,7113.16015625,E,763.6962890625
1051,1052,745A6337,1480,0.11674702167510986,15.107283592224121,23.89722442626953,6775.9658203125,E,750.8773193359375
1052,2056,745A6337,1481,2.4835684299468994,743.9581909179688,35.88138198852539,752275.25,F,371.9784240722656
1053,1064,745A6337,1482,0.354717493057251,98.78811645507812,33.40732192993164,86592.03125,E,1612.1334228515625
1055,1063,745A6337,1483,0.21325501799583435,66.24205017089844,30.569080352783203,48617.02734375,E,1560.531005859375
1055,1065,745A6337,1484,0.6453396677970886,159.4777374267578,30.560914993286133,116982.9765625,E,1471.8165283203125
1056,1059,745A6337,1485,0.5571920871734619,119.78463745117188,28.158493041992188,74595.0234375,E,1034.931884765625
1057,1059,745A6337,1486,0.12005375325679779,29.769847869873047,31.386581420898438,23033.212890625,E,1092.543212890625
1058,1070,745A6337,1487,0.35102465748786926,87.79119110107422,29.112642288208008,58439.171875,E,788.4276733398438
1058,1086,745A6337,1488,2.4058210849761963,318.6949768066406,25.12834930419922,158049.46875,E,855.276123046875
1059,1061,745A6337,1489,0.0816025659441948,16.180925369262695,28.13929557800293,10062.8193359375,E,1075.067626953125
1060,1062,745A6337,1490,0.07271315157413483,17.254566192626953,31.324235916137695,13297.0380859375,E,958.5018920898438
1061,1077,745A6337,1491,0.6166616082191467,138.92599487304688,30.296022415161133,100148.5390625,E,1009.622802734375
1061,1091,745A6337,1492,1.8638672828674316,170.2904815673828,21.69232940673828,62935.05859375,E,1044.036376953125
1062,2056,745A6337,1493,3.193274736404419,950.9496459960938,35.88138198852539,961580.75,F,475.47662353515625
1063,1064,745A6337,1494,0.012451320886611938,3.6656415462493896,34.31604766845703,3390.27099609375,E,1568.716552734375
1063,1088,745A6337,1495,0.8854396343231201,233.8642120361328,32.69303512573242,196319.828125,E,1465.685546875
1064,1082,745A6337,1496,0.35154464840888977,101.4564208984375,31.65880012512207,79865.328125,E,1571.634765625
1066,1095,745A6337,1497,2.266511917114258,156.25682067871094,20.022741317749023,49201.2265625,E,1077.2305908203125
1067,1072,745A6337,1498,3.786501169204712,177.43753051757812,28.71333122253418,114895.375,E,2009.54248046875
1068,1076,745A6337,1499,0.954757809638977,147.4071807861328,25.693668365478516,76429.453125,E,1124.72021484375
1068,1089,745A6337,1500,0.47410687804222107,114.86114501953125,31.129648208618164,87420.125,E,1188.204345703125
1069,1070,745A6337,1501,0.10570649802684784,26.54892349243164,32.0676155090332,21442.236328125,E,745.45068359375
1069,2056,745A6337,1502,2.473463535308838,735.5299682617188,35.88138198852539,743752.8125,F,367.7652893066406
1070,1071,745A6337,1503,0.07788599282503128,21.36492347717285,33.27670669555664,18581.12109375,E,744.3897094726562
1070,1074,745A6337,1504,0.08576163649559021,32.361846923828125,31.231782913208008,24792.294921875,E,747.4503784179688
1071,2056,745A6337,1505,2.469555377960205,734.5245361328125,35.88138198852539,742736.125,F,367.2626953125
1072,1097,745A6337,1506,0.5126516222953796,150.5518035888672,31.976606369018555,120903.9765625,E,1972.070068359375
1073,1085,745A6337,1507,0.34176960587501526,74.4627685546875,26.332393646240234,40551.76171875,E,1489.44775390625
1074,2056,745A6337,1508,2.470365047454834,735.4385986328125,35.88138198852539,743660.375,F,367.72161865234375
1075,1076,745A6337,1509,0.3672080636024475,54.17148971557617,21.804746627807617,20228.455078125,E,1043.316162109375
1075,2056,745A6337,1510,3.393118381500244,1020.3035278320312,35.88138198852539,1031709.9375,F,510.15277099609375
1076,1080,745A6337,1511,0.26364848017692566,36.47220230102539,24.06376838684082,16587.431640625,E,1039.5751953125
1077,1083,745A6337,1512,0.11974981427192688,50.69004821777344,32.071678161621094,40950.19140625,E,936.3070678710938
1078,1079,745A6337,1513,0.19084696471691132,25.47528076171875,23.748817443847656,11284.7734375,E,746.4761962890625
1079,2056,745A6337,1514,2.466456890106201,735.2376098632812,35.88138198852539,743457.1875,F,367.6210021972656
1080,2056,745A6337,1515,3.393927574157715,1023.65625,35.88138198852539,1035100.1875,F,511.829833984375
1081,1085,745A6337,1516,0.3783550262451172,99.49335479736328,32.47982406616211,82434.9296875,E,1429.361328125
1083,1094,745A6337,1517,0.390725314617157,101.01170349121094,32.176815032958984,82138.671875,E,958.4832153320312
1083,1108,745A6337,1518,0.5313596725463867,143.22056579589844,32.84192657470703,121325.625,E,856.9750366210938
1084,1086,745A6337,1519,0.3727710545063019,47.4691276550293,20.02262306213379,14946.623046875,E,757.748779296875
1084,2056,745A6337,1520,2.461404323577881,738.1558837890625,35.88138198852539,746408.0625,F,369.08026123046875
1085,1101,745A6337,1521,0.19546882808208466,48.098052978515625,31.384546279907227,37209.09375,E,1479.80859375
1086,1096,745A6337,1522,0.19753922522068024,41.21148681640625,29.452960968017578,28077.994140625,E,757.4702758789062
1087,1093,745A6337,1523,0.1399913728237152,32.361846923828125,30.447917938232422,23563.421875,E,1254.396484375
1087,1100,745A6337,1524,0.17340756952762604,62.131690979003906,27.353221893310547,36510.6875,E,1215.83837890625
1088,1099,745A6337,1525,0.29202842712402344,91.08842468261719,32.32075119018555,74733.609375,E,1332.1680908203125
1088,1104,745A6337,1526,0.8399248123168945,228.83282470703125,33.07670974731445,196631.359375,E,1473.68896484375
1089,1092,745A6337,1527,0.7895094156265259,197.3603973388672,31.67768096923828,155545.21875,E,1081.992431640625
1089,1100,745A6337,1528,0.1268264502286911,36.027488708496094,27.06352996826172,20724.9140625,E,1183.0052490234375
1090,1093,745A6337,1529,0.9658017754554749,177.43753051757812,29.768321990966797,123493.5,E,1344.5294189453125
1091,1094,745A6337,1530,0.07453852891921997,17.699283599853516,30.813579559326172,13198.66015625,E,1007.368408203125
1091,1095,745A6337,1531,0.15674467384815216,36.027488708496094,30.328096389770508,26026.40625,E,1028.318359375
1092,2056,745A6337,1532,3.256119966506958,992.0454711914062,35.88138198852539,1003136.0,F,496.02435302734375
1093,1118,745A6337,1533,0.5402513742446899,117.56105041503906,30.02654266357422,83246.1171875,E,1293.64404296875
1094,1122,745A6337,1534,1.497986912727356,120.8582534790039,19.120162963867188,34701.58984375,E,968.9519653320312
1095,1102,745A6337,1535,0.20882081985473633,59.35548782348633,28.127775192260742,36882.59765625,E,1066.6412353515625
1096,2056,745A6337,1536,2.45220685005188,739.4244995117188,35.88138198852539,747690.875,F,369.7145690917969
1097,1098,745A6337,1537,0.06190617382526398,16.625642776489258,32.678077697753906,13943.8056640625,E,2025.5240478515625
1097,1126,745A6337,1538,0.5898085236549377,168.25108337402344,31.886005401611328,134353.1875,E,1952.906005859375
1099,1105,745A6337,1539,0.20794829726219177,41.84041213989258,23.663434982299805,18401.0,E,1304.00244140625
1099,1114,745A6337,1540,1.003562092781067,234.64573669433594,31.34101104736328,181020.84375,E,1182.6058349609375
1100,1171,745A6337,1541,1.1438732147216797,273.8941345214844,31.278221130371094,210453.75,E,1143.578857421875
1101,1185,745A6337,1542,1.149834156036377,303.2192687988281,31.562374114990234,237238.96875,E,1445.4779052734375
1102,1112,745A6337,1543,0.23643434047698975,50.5058479309082,29.59171485900879,34735.36328125,E,1080.50146484375
1103,1130,745A6337,1544,0.5349223613739014,127.9290542602539,31.060293197631836,96932.671875,E,1877.864013671875
1104,1117,745A6337,1545,0.6870787739753723,179.14010620117188,32.45240783691406,148175.5625,E,1649.989501953125
1104,1123,745A6337,1546,0.5230817794799805,91.90154266357422,26.49684715270996,50675.8515625,E,1592.1138916015625
1105,1107,745A6337,1547,0.3255070745944977,47.91384506225586,24.38931655883789,22384.642578125,E,1338.1981201171875
1105,1110,745A6337,1548,0.05255522578954697,26.54892349243164,19.83473014831543,8203.3154296875,E,1313.7425537109375
1106,1108,745A6337,1549,0.39339905977249146,55.689849853515625,22.03853416442871,21243.7578125,E,773.1680297851562
1106,2056,745A6337,1550,2.451871395111084,748.69775390625,35.88138198852539,757067.75,F,374.3511047363281
1107,1113,745A6337,1551,0.047137606889009476,29.769847869873047,23.053552627563477,12426.3115234375,E,1340.5887451171875
1107,1116,745A6337,1552,0.24721579253673553,61.50277328491211,31.7429256439209,48671.921875,E,1377.807861328125
1108,1119,745A6337,1553,0.2323572039604187,53.282047271728516,30.726110458374023,39508.08203125,E,779.7364501953125
1109,1130,745A6337,1554,0.3428831696510315,82.86769104003906,31.14248275756836,63122.12109375,E,1825.6605224609375
1110,1113,745A6337,1555,0.13616546988487244,23.956924438476562,26.706069946289062,13419.6416015625,E,1318.3677978515625
1110,1115,745A6337,1556,0.2928730845451355,58.726558685302734,28.42144203186035,37257.75390625,E,1280.9786376953125
1111,1116,745A6337,1557,0.7242529392242432,148.7413330078125,27.399812698364258,87703.4609375,E,1470.962158203125
1112,1114,745A6337,1558,0.028604377061128616,7.331283092498779,32.00526809692383,5898.10888671875,E,1072.680419921875
1112,1120,745A6337,1559,0.27591362595558167,85.4596939086914,28.177631378173828,53291.76953125,E,1033.08251953125
1113,1128,745A6337,1560,0.38771235942840576,57.837127685546875,24.78358268737793,27901.3203125,E,1333.531494140625
1114,1124,745A6337,1561,0.45327189564704895,67.3156967163086,19.594425201416016,20298.841796875,E,1098.1055908203125
1115,1121,745A6337,1562,0.2641538083553314,55.2451286315918,29.150239944458008,36869.57421875,E,1232.1270751953125
1115,1129,745A6337,1563,1.295762300491333,68.83405303955078,12.308008193969727,8189.71484375,E,1273.8438720703125
1116,1132,745A6337,1564,0.5626262426376343,137.2234344482422,31.361814498901367,106003.578125,E,1451.8173828125
1117,1126,745A6337,1565,0.7063968181610107,185.21356201171875,32.41915512084961,152885.40625,E,1808.4278564453125
1117,1138,745A6337,1566,0.4201943278312683,106.5641098022461,29.846481323242188,74556.7734375,E,1757.2091064453125
1119,2056,745A6337,1567,2.4468188285827637,758.5398559570312,35.88138198852539,767019.9375,F,379.27203369140625
1120,1122,745A6337,1568,0.1891835480928421,50.95056915283203,32.8352165222168,43143.83203125,E,971.7596435546875
1120,1131,745A6337,1569,0.5095161199569702,113.52699279785156,30.042705535888672,80476.1328125,E,1043.2200927734375
1121,1127,745A6337,1570,0.15158915519714355,40.58256149291992,32.677494049072266,34035.08203125,E,1194.206787109375
1121,1129,745A6337,1571,0.3877999484539032,73.38912963867188,24.53566551208496,34699.02734375,E,1244.181884765625
1122,1133,745A6337,1572,0.702521562576294,188.250244140625,32.80894088745117,159151.1875,E,861.9119873046875
1123,1140,745A6337,1573,0.7102764844894409,107.19305419921875,24.835277557373047,51927.16015625,E,1583.297607421875
1123,1143,745A6337,1574,0.4791087806224823,100.30647277832031,29.363544464111328,67925.96875,E,1655.451904296875
1124,1127,745A6337,1575,0.31739428639411926,61.94748306274414,28.855754852294922,40511.51171875,E,1148.589599609375
1124,1131,745A6337,1576,0.21551284193992615,39.248409271240234,20.088363647460938,12439.447265625,E,1106.640625
1125,1142,745A6337,1577,0.7393621206283569,174.5850372314453,31.15447425842285,133087.65625,E,1950.8681640625
1126,1160,745A6337,1578,1.0066587924957275,272.74420166015625,32.934574127197266,232353.65625,E,2002.6134033203125
1127,1141,745A6337,1579,0.5716456770896912,122.11613464355469,27.865047454833984,74470.1953125,E,1216.6776123046875
1128,1134,745A6337,1580,0.1773691624403,33.88020324707031,16.497318267822266,7242.06787109375,E,1346.0185546875
1128,1135,745A6337,1581,0.4229615032672882,29.58563995361328,14.375798225402832,4802.1396484375,E,1338.2457275390625
1129,1135,745A6337,1582,0.36384525895118713,72.94441223144531,28.585590362548828,46814.0546875,E,1306.8382568359375
1130,1144,745A6337,1583,0.22578619420528412,64.72368621826172,30.315935134887695,46719.1640625,E,1822.6795654296875
1131,1148,745A6337,1584,0.4860065281391144,114.34013366699219,30.789459228515625,85131.9765625,E,1136.6485595703125
1132,1136,745A6337,1585,0.04060535505414009,9.923283576965332,31.261554718017578,7616.6923828125,E,1508.059814453125
1132,1137,745A6337,1586,0.413623571395874,69.9076919555664,20.293109893798828,22610.59765625,E,1525.9705810546875
1133,2056,745A6337,1587,2.4411938190460205,775.4413452148438,35.88138198852539,784110.375,F,387.7222595214844
1134,1135,745A6337,1588,0.02811136096715927,7.331283092498779,32.28310775756836,6000.95751953125,E,1340.2529296875
1134,1154,745A6337,1589,0.7291426062583923,194.24740600585938,32.640716552734375,162541.578125,E,1427.041748046875
1136,1137,745A6337,1590,0.05837506800889969,13.588926315307617,30.49005126953125,9921.8193359375,E,1516.391845703125
1137,1140,745A6337,1591,0.23090437054634094,29.769847869873047,23.547557830810547,12964.57421875,E,1533.1767578125
1138,1139,745A6337,1592,0.013047250919044018,3.6656415462493896,33.52320098876953,3235.42138671875,E,1787.1961669921875
1138,1145,745A6337,1593,0.5754939317703247,104.0484390258789,22.37642478942871,40917.28515625,E,1739.243896484375
1139,1153,745A6337,1594,0.2363622486591339,53.726768493652344,30.627389907836914,39582.2578125,E,1799.1207275390625
1139,1157,745A6337,1595,1.1230714321136475,207.20738220214844,27.47566795349121,122854.6640625,E,1849.15478515625
1140,1149,745A6337,1596,0.060461074113845825,28.69620704650879,20.668237686157227,9627.671875,E,1551.421142578125
1141,1158,745A6337,1597,0.3522029519081116,70.53661346435547,22.357662200927734,27692.185546875,E,1242.19970703125
1141,1175,745A6337,1598,0.7778800129890442,167.43795776367188,29.872188568115234,117348.59375,E,1333.077880859375
1142,1144,745A6337,1599,0.320950448513031,76.42584228515625,27.393884658813477,45044.046875,E,1844.2454833984375
1142,1146,745A6337,1600,0.33585500717163086,41.65620803833008,18.845365524291992,11619.267578125,E,1897.3935546875
1143,1145,745A6337,1601,0.0637490451335907,17.254566192626953,29.14424705505371,11510.6435546875,E,1686.1527099609375
1143,1151,745A6337,1602,0.5159549117088318,121.74771881103516,30.866668701171875,91102.484375,E,1625.3009033203125
1144,1155,745A6337,1603,0.29098352789878845,67.76040649414062,30.63377571105957,49942.1171875,E,1781.307373046875
1145,1165,745A6337,1604,0.4487643837928772,105.93521118164062,30.830150604248047,79082.703125,E,1735.88330078125
1146,1147,745A6337,1605,0.31754475831985474,47.28492736816406,19.926212310791016,14745.5888671875,E,1937.599853515625
1146,1156,745A6337,1606,0.14174401760101318,28.067283630371094,13.34287166595459,3924.541259765625,E,1916.4649658203125
1147,1152,745A6337,1607,0.37722158432006836,85.2754898071289,30.20491600036621,61103.96484375,E,1998.6103515625
1147,1156,745A6337,1608,0.7042431831359863,72.31548309326172,22.219266891479492,28040.169921875,E,1943.5902099609375
1148,1158,745A6337,1609,0.21764153242111206,48.54277038574219,30.12437629699707,34597.96484375,E,1198.7933349609375
1148,1161,745A6337,1610,0.125278040766716,36.472206115722656,27.422119140625,21540.408203125,E,1172.46923828125
1149,1151,745A6337,1611,0.05992652475833893,15.107283592224121,31.73082160949707,11946.4501953125,E,1564.581787109375
1149,1154,745A6337,1612,0.18459178507328033,50.95056915283203,27.03968048095703,29257.826171875,E,1534.8421630859375
1150,1160,745A6337,1613,0.0917767584323883,31.917129516601562,27.695436477661133,19227.82421875,E,2127.197265625
1151,1173,745A6337,1614,0.590368926525116,86.08861541748047,23.31529426574707,36755.08203125,E,1599.5816650390625
1153,1157,745A6337,1615,0.06399410963058472,16.180925369262695,31.7850341796875,12839.21875,E,1818.8033447265625
1153,1165,745A6337,1616,0.1514146625995636,45.50605392456055,19.89029884338379,14139.748046875,E,1795.79150390625
1154,1169,745A6337,1617,0.2325069010257721,50.061126708984375,30.040891647338867,35482.66015625,E,1521.5028076171875
1155,1164,745A6337,1618,0.17283229529857635,43.803489685058594,25.35280990600586,22113.158203125,E,1776.2884521484375
1155,1168,745A6337,1619,0.3291495144367218,89.12533569335938,32.89637756347656,75750.796875,E,1720.81103515625
1156,1164,745A6337,1620,1.3277349472045898,128.26583862304688,20.473102569580078,42224.85546875,E,1855.221923828125
1157,1178,745A6337,1621,0.2510109841823578,55.689849853515625,25.953882217407227,29462.568359375,E,1834.76611328125
1158,1162,745A6337,1622,0.03740014135837555,8.849641799926758,30.748233795166016,6571.3701171875,E,1218.1068115234375
1159,1161,745A6337,1623,1.7273257970809937,385.4264831542969,30.883983612060547,288734.09375,E,985.9403076171875
1159,2056,745A6337,1624,2.5631327629089355,805.1905517578125,35.88138198852539,814192.125,F,402.59716796875
1160,1199,745A6337,1625,0.5007103085517883,127.03963470458984,31.920387268066406,101663.5859375,E,2159.303466796875
1161,1166,745A6337,1626,0.07221955806016922,20.920207977294922,27.367456436157227,12306.2216796875,E,1174.354248046875
1162,1166,745A6337,1627,0.14447598159313202,44.248207092285156,21.3662109375,15865.0185546875,E,1200.4307861328125
1162,1179,745A6337,1628,0.2721944749355316,69.01825714111328,31.831987380981445,54926.4296875,E,1246.6568603515625
1163,1170,745A6337,1629,0.7815613746643066,178.3269805908203,30.284786224365234,128456.4609375,E,976.45361328125
1163,2056,745A6337,1630,2.8469395637512207,893.6387329101562,35.88138198852539,903629.125,F,446.8208312988281
1164,1192,745A6337,1631,0.7137307524681091,122.56085968017578,24.335466384887695,57006.05859375,E,1843.817626953125
1165,1186,745A6337,1632,0.3060873746871948,54.35569381713867,26.983108520507812,31082.7109375,E,1795.7169189453125
1166,1183,745A6337,1633,1.391222596168518,268.6022644042969,29.251953125,180513.328125,E,1118.800537109375
1167,1170,745A6337,1634,0.4066488742828369,45.95077133178711,22.236310958862305,17844.65625,E,1068.53125
1167,1171,745A6337,1635,0.08894049376249313,15.107283592224121,20.161693572998047,4823.14453125,E,1090.341796875
1167,1172,745A6337,1636,0.21833106875419617,16.180923461914062,15.263323783874512,2960.6796875,E,1077.55224609375
1168,1191,745A6337,1637,0.7649211883544922,194.95260620117188,31.979907989501953,156593.359375,E,1598.222900390625
1168,1193,745A6337,1638,0.3766997158527374,89.75425720214844,28.457921981811523,57088.8515625,E,1724.109130859375
1169,1176,745A6337,1639,0.06644760072231293,17.254566192626953,32.188236236572266,14040.6845703125,E,1539.94384765625
1169,1177,745A6337,1640,1.3063968420028687,138.3733367919922,19.0147762298584,39293.86328125,E,1471.865234375
1170,1172,745A6337,1641,0.12380623817443848,15.107283592224121,19.752056121826172,4629.14599609375,E,1064.7630615234375
1171,1184,745A6337,1642,0.09351713955402374,27.6225643157959,25.550682067871094,14163.1171875,E,1101.2890625
1173,1176,745A6337,1643,0.46988746523857117,87.23856353759766,21.894775390625,32845.765625,E,1586.49658203125
1173,1196,745A6337,1644,1.9256781339645386,238.5718994140625,27.123554229736328,137848.609375,E,1637.56201171875
1174,1183,745A6337,1645,0.1789846420288086,38.61948776245117,22.5910587310791,15479.9501953125,E,988.5770263671875
1174,1188,745A6337,1646,0.43002045154571533,52.024200439453125,19.969287872314453,16293.7275390625,E,956.8120727539062
1174,1190,745A6337,1647,0.10156231373548508,28.067279815673828,10.103717803955078,2250.36328125,E,976.806640625
1175,1177,745A6337,1648,0.06768295168876648,19.217641830444336,27.664939880371094,11551.79296875,E,1401.4725341796875
1175,1179,745A6337,1649,0.6264991164207458,137.48390197753906,27.653453826904297,82573.4609375,E,1333.197021484375
1176,1194,745A6337,1650,0.14291591942310333,31.732921600341797,29.951997756958008,22358.95703125,E,1544.0733642578125
1177,1181,745A6337,1651,0.05739831179380417,13.588926315307617,30.579504013061523,9980.123046875,E,1414.0052490234375
1178,1186,745A6337,1652,0.13070279359817505,36.47220993041992,10.59162425994873,3213.490966796875,E,1827.6741943359375
1178,1309,745A6337,1653,1.5177081823349,368.127197265625,31.441743850708008,285825.53125,E,1940.2158203125
1179,1182,745A6337,1654,0.03607962280511856,8.849641799926758,31.3123779296875,6814.71484375,E,1275.494873046875
1180,1188,745A6337,1655,0.7404027581214905,128.26583862304688,26.48541259765625,70666.625,E,889.312255859375
1180,2056,745A6337,1656,2.6828808784484863,827.8590087890625,35.88138198852539,837114.0,F,413.93145751953125
1181,1187,745A6337,1657,0.1798521727323532,31.732921600341797,27.703908920288086,19128.55078125,E,1433.402099609375
1181,1198,745A6337,1658,0.20083966851234436,43.803489685058594,25.228801727294922,21897.36328125,E,1425.448974609375
1182,1211,745A6337,1659,0.6095592379570007,110.67447662353516,26.281049728393555,60037.52734375,E,1252.4991455078125
1182,1232,745A6337,1660,0.8379778861999512,191.13438415527344,30.539257049560547,140005.6875,E,1342.029296875
1183,1190,745A6337,1661,0.13192030787467957,26.104204177856445,28.307575225830078,16428.79296875,E,991.350341796875
1184,1185,745A6337,1662,1.1492832899093628,292.8196716308594,32.0971565246582,236931.734375,E,1243.2149658203125
1184,1200,745A6337,1663,0.2982473373413086,69.9076919555664,26.890167236328125,39701.03515625,E,1077.2052001953125
1185,1191,745A6337,1664,0.525246262550354,133.44984436035156,31.864320755004883,106418.5390625,E,1447.08349609375
1186,1328,745A6337,1665,4.528788089752197,372.2059326171875,28.809837341308594,242635.734375,E,1849.768310546875
1187,1189,745A6337,1666,0.3213527798652649,26.548925399780273,18.402185440063477,7061.15380859375,E,1459.7298583984375
1187,1198,745A6337,1667,0.14691099524497986,27.622568130493164,13.193787574768066,3776.52978515625,E,1444.097900390625
1188,1190,745A6337,1668,0.2631820738315582,34.32492446899414,22.928449630737305,14172.578125,E,965.9642333984375
1189,1194,745A6337,1669,1.4454097747802734,84.38605499267578,12.489036560058594,10337.5693359375,E,1507.5946044921875
1189,1256,745A6337,1670,1.2979378700256348,231.45640563964844,27.684301376342773,139324.078125,E,1549.28857421875
1191,1207,745A6337,1671,0.2880282700061798,79.83097076416016,30.0333194732666,56554.60546875,E,1530.4913330078125
1192,1195,745A6337,1672,0.5137556791305542,96.71713256835938,27.67762565612793,58190.34765625,E,1849.6158447265625
1192,1197,745A6337,1673,0.49589410424232483,93.4962158203125,28.338041305541992,58968.97265625,E,1937.5699462890625
1193,1195,745A6337,1674,0.2426929622888565,49.43220901489258,28.844045639038086,32300.72265625,E,1783.2186279296875
1193,1204,745A6337,1675,0.20700997114181519,51.134769439697266,27.712116241455078,30842.21484375,E,1774.6446533203125
1194,1196,745A6337,1676,0.04107820987701416,10.99692440032959,32.710025787353516,9241.083984375,E,1548.6490478515625
1195,1204,745A6337,1677,0.2090640366077423,40.137847900390625,15.602825164794922,7674.50634765625,E,1797.572509765625
1196,1283,745A6337,1678,1.5994253158569336,321.8395690917969,28.837797164916992,210210.046875,E,1657.263916015625
1198,1216,745A6337,1679,0.5027964115142822,93.41989135742188,27.715089797973633,56358.8125,E,1467.868408203125
1200,1203,745A6337,1680,0.44946199655532837,125.2291259765625,30.799057006835938,93297.5078125,E,993.601318359375
1200,1209,745A6337,1681,0.344908207654953,94.4935531616211,29.902124404907227,66358.4375,E,1089.41455078125
1201,1203,745A6337,1682,0.2696738839149475,68.02092742919922,31.87104034423828,54265.63671875,E,904.7295532226562
1201,2056,745A6337,1683,2.8537094593048096,871.8526611328125,35.88138198852539,881599.5,F,435.92706298828125
1202,1207,745A6337,1684,1.4686822891235352,211.9466552734375,24.210813522338867,97574.25,E,1643.541259765625
1203,1255,745A6337,1685,0.8115304708480835,192.8369140625,30.975711822509766,145319.078125,E,1007.6510620117188
1204,1208,745A6337,1686,0.183943510055542,45.50605392456055,31.452505111694336,35356.51953125,E,1810.7802734375
1205,1212,745A6337,1687,0.9246252775192261,236.86932373046875,32.07701110839844,191419.640625,E,974.94091796875
1205,2056,745A6337,1688,2.8501367568969727,864.166748046875,35.88138198852539,873827.625,F,432.0853271484375
1206,1213,745A6337,1689,1.4642345905303955,204.43118286132812,24.121606826782227,93422.078125,E,1667.57666015625
1207,1210,745A6337,1690,0.032581813633441925,7.776000022888184,30.885459899902344,5825.78271484375,E,1555.60498046875
1208,1215,745A6337,1691,0.19599607586860657,41.21148681640625,29.556060791015625,28274.9140625,E,1846.151611328125
1208,1218,745A6337,1692,0.11549654603004456,36.91692352294922,27.824188232421875,22447.107421875,E,1826.2530517578125
1209,1224,745A6337,1693,0.9772006273269653,257.3448181152344,32.5579948425293,214249.890625,E,1250.781494140625
1209,1249,745A6337,1694,0.35179197788238525,103.15898132324219,31.41097640991211,79939.203125,E,1149.814208984375
1210,1213,745A6337,1695,0.09975311160087585,26.10420799255371,32.287620544433594,21373.34375,E,1567.128173828125
1210,1220,745A6337,1696,0.3593602776527405,93.8646240234375,30.305883407592773,67708.8984375,E,1520.274169921875
1211,1212,745A6337,1697,0.6760259866714478,158.9251251220703,30.69809913635254,117626.5625,E,1161.7293701171875
1211,1221,745A6337,1698,0.44146525859832764,104.2326431274414,30.761306762695312,77464.578125,E,1281.2041015625
1212,1223,745A6337,1699,0.09608856588602066,38.880001068115234,18.692895889282227,10670.119140625,E,1092.2186279296875
1213,1228,745A6337,1700,0.32313594222068787,76.79425048828125,30.92950439453125,57698.49609375,E,1606.3211669921875
1214,1219,745A6337,1701,2.0524613857269287,83.31241607666016,23.582820892333984,36390.7578125,E,1926.85205078125
1215,1218,745A6337,1702,0.2654561400413513,47.913848876953125,16.350656509399414,10060.5400390625,E,1844.7178955078125
1215,1219,745A6337,1703,0.21623453497886658,33.88020324707031,25.000093460083008,16631.03125,E,1876.607421875
1216,1234,745A6337,1704,0.33928579092025757,62.131690979003906,27.244457244873047,36220.91015625,E,1515.89306640625
1216,1236,745A6337,1705,0.19761662185192108,53.09784698486328,23.04135513305664,22140.265625,E,1485.5755615234375
1217,1239,745A6337,1706,0.2490215301513672,60.16861343383789,31.254215240478516,46161.19921875,E,884.3621826171875
1217,2056,745A6337,1707,2.865196466445923,860.048095703125,35.88138198852539,869662.9375,F,430.026123046875
1218,1229,745A6337,1708,0.15482169389724731,34.95384979248047,30.321319580078125,25239.521484375,E,1819.12451171875
1219,1231,745A6337,1709,0.19355162978172302,41.84041213989258,17.99966049194336,10646.6865234375,E,1878.8154296875
1220,1224,745A6337,1710,0.47495707869529724,127.19219207763672,32.74771499633789,107130.3046875,E,1430.40185546875
1220,1230,745A6337,1711,0.11118493974208832,30.843490600585938,27.48826789855957,18304.08984375,E,1503.1290283203125
1221,1232,745A6337,1712,0.9356028437614441,81.79405212402344,20.0771427154541,25894.970703125,E,1364.1201171875
1221,1248,745A6337,1713,0.39943602681159973,50.5058479309082,16.33468246459961,10584.0751953125,E,1324.6280517578125
1222,1225,745A6337,1714,1.0760208368301392,80.09149169921875,14.352564811706543,12957.919921875,E,1159.1776123046875
1222,1248,745A6337,1715,0.7246054410934448,132.74461364746094,27.199426651000977,77130.5234375,E,1254.720947265625
1222,1250,745A6337,1716,0.27313166856765747,56.94769287109375,24.40546226501465,26640.359375,E,1185.5025634765625
1223,1225,745A6337,1717,0.1786254644393921,31.732921600341797,26.724706649780273,17800.240234375,E,1110.74755859375
1223,1233,745A6337,1718,0.233912393450737,47.91384506225586,28.85222053527832,31326.3203125,E,1078.1734619140625
1224,1279,745A6337,1719,0.5048010349273682,137.4076385498047,31.1051025390625,104415.2734375,E,1410.2237548828125
1225,1250,745A6337,1720,0.2980382740497589,52.83733367919922,27.782686233520508,32031.642578125,E,1148.1859130859375
1226,1233,745A6337,1721,0.49128881096839905,58.9107666015625,18.55204200744629,15924.5791015625,E,1042.5234375
1226,1237,745A6337,1722,0.0889282077550888,20.920207977294922,22.65713119506836,8434.623046875,E,1033.063720703125
1226,1244,745A6337,1723,0.25817498564720154,43.174560546875,17.41359519958496,10282.4052734375,E,1011.8577270507812
1227,1252,745A6337,1724,0.4120154082775116,92.34627532958984,30.274559020996094,66476.0078125,E,950.0532836914062
1227,2056,745A6337,1725,3.0387887954711914,910.0430297851562,35.88138198852539,920216.8125,F,455.0223693847656
1228,1246,745A6337,1726,0.22535213828086853,51.134769439697266,30.327896118164062,36939.4765625,E,1660.41015625
1228,1263,745A6337,1727,0.18360503017902374,53.987281799316406,23.626842498779297,23669.6953125,E,1640.4654541015625
1229,1231,745A6337,1728,0.19884221255779266,55.06092834472656,28.522165298461914,35180.20703125,E,1844.375732421875
1229,1243,745A6337,1729,0.4919750392436981,122.63713073730469,31.747314453125,97079.125,E,1763.4520263671875
1230,1235,745A6337,1730,0.03355664014816284,6.257641315460205,27.295623779296875,3661.732421875,E,1515.719970703125
1230,1263,745A6337,1731,0.5881010890007019,141.77847290039062,31.170612335205078,108190.921875,E,1578.541015625
1231,1253,745A6337,1732,0.4092227816581726,85.01497650146484,29.047826766967773,56339.453125,E,1907.27294921875
1232,1238,745A6337,1733,0.05281797796487808,13.588926315307617,32.079811096191406,10983.4462890625,E,1403.639892578125
1233,1237,745A6337,1734,0.105248361825943,23.956924438476562,30.128190994262695,17079.181640625,E,1050.628662109375
1234,1247,745A6337,1735,0.07245241105556488,23.956924438476562,25.090560913085938,11845.1806640625,E,1532.970703125
1234,1251,745A6337,1736,0.26279956102371216,42.72984313964844,22.45845603942871,16927.037109375,E,1550.8453369140625
1235,1240,745A6337,1737,0.12571033835411072,10.99692440032959,20.126117706298828,3498.493896484375,E,1511.2764892578125
1235,1242,745A6337,1738,0.37177973985671997,17.254566192626953,17.27593421936035,4044.613525390625,E,1515.1290283203125
1236,1238,745A6337,1739,0.4185248613357544,84.20185852050781,25.813474655151367,44066.0859375,E,1446.427490234375
1236,1247,745A6337,1740,0.3653707504272461,53.09784698486328,24.90460205078125,25865.8046875,E,1507.0562744140625
1237,1244,745A6337,1741,0.22958433628082275,42.7298469543457,27.325439453125,25058.525390625,E,1026.020751953125
1238,1241,745A6337,1742,0.02004127949476242,5.184000015258789,32.161128997802734,4211.3125,E,1409.1533203125
1239,1258,745A6337,1743,0.8027777671813965,165.99591064453125,29.279258728027344,111765.40625,E,985.8444213867188
1239,1304,745A6337,1744,0.6811813712120056,157.51466369628906,27.27958869934082,92063.2890625,E,952.384033203125
1240,1242,745A6337,1745,0.37887364625930786,6.257641315460205,8.314728736877441,339.77911376953125,E,1509.4158935546875
1241,1271,745A6337,1746,0.27089762687683105,66.42625427246094,31.750476837158203,52593.265625,E,1392.053466796875
1241,1277,745A6337,1747,0.2970353662967682,79.83097076416016,30.191944122314453,57153.58203125,E,1433.193115234375
1243,1246,745A6337,1748,0.14213591814041138,29.14092445373535,28.610877990722656,18735.08203125,E,1695.39892578125
1243,1264,745A6337,1749,0.026498397812247276,31.104000091552734,19.780519485473633,9558.318359375,E,1710.9075927734375
1244,1252,745A6337,1750,0.15250767767429352,26.10420799255371,26.374025344848633,14261.107421875,E,1000.6069946289062
1245,1303,745A6337,1751,1.0582863092422485,148.66500854492188,23.211566925048828,62908.24609375,E,909.3873901367188
1245,2056,745A6337,1752,2.867485523223877,854.9082641601562,35.88138198852539,864465.6875,F,427.4560241699219
1246,1264,745A6337,1753,0.3356621563434601,47.4691276550293,21.030776977539062,16489.662109375,E,1695.6595458984375
1247,1254,745A6337,1754,0.06830419600009918,18.328208923339844,25.34569549560547,9247.3720703125,E,1538.361083984375
1248,1272,745A6337,1755,0.2078205943107605,45.766563415527344,29.75627899169922,31826.98046875,E,1316.544677734375
1249,1259,745A6337,1756,0.39495357871055603,101.45641326904297,32.17073059082031,82469.09375,E,1130.982421875
1249,1260,745A6337,1757,0.09950511157512665,26.10420799255371,32.429927825927734,21562.1640625,E,1182.2998046875
1250,1278,745A6337,1758,0.18507389724254608,67.13148498535156,32.2436408996582,54815.609375,E,1168.7646484375
1251,1254,745A6337,1759,0.11186555027961731,18.772924423217773,25.989702224731445,9959.19921875,E,1553.0206298828125
1251,1273,745A6337,1760,0.30648601055145264,61.686973571777344,21.53624153137207,22471.0390625,E,1583.832275390625
1252,1266,745A6337,1761,0.03270565718412399,25.475284576416016,27.410825729370117,15033.259765625,E,993.2711791992188
1253,1261,745A6337,1762,0.11882977187633514,12.51528263092041,23.39508819580078,5379.970703125,E,1947.1036376953125
1253,1265,745A6337,1763,1.503183126449585,22.438568115234375,12.50258731842041,2754.766845703125,E,1953.6563720703125
1254,1321,745A6337,1764,0.7024917602539062,148.29661560058594,29.342376708984375,100279.3984375,E,1572.94287109375
1255,1258,745A6337,1765,0.10270614922046661,26.54892349243164,27.314016342163086,15556.3583984375,E,1070.37646484375
1255,1259,745A6337,1766,0.044408008456230164,10.99692440032959,31.454683303833008,8545.3876953125,E,1085.7637939453125
1256,1273,745A6337,1767,0.2373615801334381,39.6931266784668,21.56950569152832,14503.9248046875,E,1615.3614501953125
1256,1329,745A6337,1768,0.880598783493042,208.12840270996094,31.033348083496094,157426.734375,E,1704.015625
1257,1262,745A6337,1769,0.0736176073551178,8.849641799926758,24.278400421142578,4096.9033203125,E,935.2393188476562
1257,2056,745A6337,1770,3.127706289291382,932.7887573242188,35.88138198852539,943216.8125,F,466.3961486816406
1258,1270,745A6337,1771,0.06486524641513824,21.364927291870117,19.577224731445312,6431.22265625,E,1063.228271484375
1259,1268,745A6337,1772,0.044994056224823,12.960000038146973,30.37213706970215,9389.5673828125,E,1092.3365478515625
1260,1281,745A6337,1773,0.9646658301353455,226.2408447265625,30.87809181213379,169418.875,E,1296.7236328125
1260,1316,745A6337,1774,0.6808644533157349,154.0332489013672,28.84980010986328,100690.84375,E,1233.1810302734375
1261,1265,745A6337,1775,2.146263360977173,13.588924407958984,5.273449897766113,296.80047607421875,E,1956.4730224609375
1262,1266,745A6337,1776,0.3439595401287079,62.39220428466797,27.1141357421875,36025.640625,E,966.5302124023438
1262,1275,745A6337,1777,0.13540686666965485,36.027488708496094,17.590023040771484,8755.0107421875,E,932.4007568359375
1263,1274,745A6337,1778,0.15686246752738953,31.917129516601562,28.82100486755371,20822.455078125,E,1654.1944580078125
1264,1324,745A6337,1779,1.0016398429870605,247.45310974121094,31.70252799987793,195330.734375,E,1823.1343994140625
1266,1278,745A6337,1780,0.7431544065475464,190.84225463867188,32.67265319824219,160004.890625,E,1083.7952880859375
1267,1275,745A6337,1781,0.12547872960567474,26.10420799255371,29.371482849121094,17686.91796875,E,918.4227294921875
1267,2056,745A6337,1782,3.0544204711914062,909.27490234375,35.88138198852539,919440.0625,F,454.6380310058594
1268,1270,745A6337,1783,0.3575226664543152,37.990562438964844,17.937318801879883,9600.208984375,E,1079.1695556640625
1268,1297,745A6337,1784,0.38641321659088135,88.68061065673828,30.273998260498047,63834.890625,E,1123.4857177734375
1269,1289,745A6337,1785,0.6174215078353882,62.131690979003906,20.796987533569336,21105.900390625,E,878.2105102539062
1269,2056,745A6337,1786,2.8758738040924072,855.3207397460938,35.88138198852539,864882.75,F,427.662353515625
1270,1276,745A6337,1787,0.11000384390354156,18.328208923339844,19.988895416259766,5751.583984375,E,1059.1328125
1271,1272,745A6337,1788,0.3033616244792938,71.2418441772461,31.000789642333984,53773.77734375,E,1348.360595703125
1271,1300,745A6337,1789,0.2954840362071991,77.49948120117188,26.355287551879883,42278.953125,E,1384.59765625
1272,1282,745A6337,1790,0.22976155579090118,70.98133087158203,26.692520141601562,39720.36328125,E,1292.3096923828125
1273,1323,745A6337,1791,0.7430315017700195,115.04535675048828,25.510356903076172,58801.9921875,E,1635.606689453125
1274,1318,745A6337,1792,0.5183035135269165,121.22669219970703,30.778732299804688,90196.484375,E,1715.7470703125
1274,1332,745A6337,1793,0.6330426931381226,131.22625732421875,26.467695236206055,72200.9453125,E,1685.040771484375
1275,1285,745A6337,1794,0.16520237922668457,40.76676940917969,31.45741844177246,31684.169921875,E,947.3980102539062
1276,1280,745A6337,1795,0.195709690451622,41.21148681640625,22.665035247802734,16627.26953125,E,1041.73095703125
1276,1290,745A6337,1796,0.389202356338501,42.7298469543457,18.369657516479492,11324.611328125,E,1071.0286865234375
1277,1284,745A6337,1797,0.14444367587566376,34.509132385253906,30.969087600708008,25994.45703125,E,1473.2174072265625
1277,1294,745A6337,1798,0.2733442485332489,58.4660530090332,26.482446670532227,32204.00390625,E,1444.4298095703125
1278,1282,745A6337,1799,0.3872847557067871,108.60350036621094,33.520145416259766,95839.703125,E,1220.059326171875
1279,1281,745A6337,1800,0.3732355833053589,62.39220428466797,20.541175842285156,20676.205078125,E,1429.3699951171875
1279,1287,745A6337,1801,0.07613737881183624,20.920207977294922,33.13984298706055,18044.994140625,E,1465.6663818359375
1280,1290,745A6337,1802,0.36677780747413635,55.2451286315918,25.32402992248535,27825.919921875,E,1058.2996826171875
1280,1291,745A6337,1803,0.1269676238298416,29.769847869873047,30.54494285583496,21814.494140625,E,1025.701904296875
1281,1292,745A6337,1804,0.19613005220890045,26.993640899658203,24.06817626953125,12281.1123046875,E,1404.7496337890625
1282,1300,745A6337,1805,0.4810975193977356,123.8949966430664,32.149776458740234,100577.2109375,E,1327.736328125
1284,1293,745A6337,1806,0.1827874779701233,31.917129516601562,21.990615844726562,12122.3974609375,E,1480.449951171875
1284,1295,745A6337,1807,0.14470919966697693,32.361846923828125,29.989580154418945,22859.35546875,E,1501.6376953125
1285,1298,745A6337,1808,0.22335173189640045,55.874053955078125,31.795204162597656,44363.24609375,E,988.6759033203125
1285,1306,745A6337,1809,0.2782205045223236,46.8402099609375,22.828237533569336,19171.384765625,E,968.6888427734375
1286,1311,745A6337,1810,0.5970067977905273,126.04228973388672,30.591033935546875,92639.1328125,E,914.2694702148438
1286,2056,745A6337,1811,2.8875977993011475,859.3643188476562,35.88138198852539,868971.5625,F,429.6842041015625
1287,1292,745A6337,1812,0.9959035515785217,80.09149169921875,18.583223342895508,21722.927734375,E,1440.8704833984375
1287,1308,745A6337,1813,0.22233882546424866,59.53969192504883,32.868377685546875,50518.796875,E,1499.0125732421875
1288,1302,745A6337,1814,0.19369272887706757,40.76676940917969,29.324392318725586,27533.04296875,E,876.1775512695312
1288,2056,745A6337,1815,2.882880449295044,858.1046752929688,35.88138198852539,867697.8125,F,429.054443359375
1290,1305,745A6337,1816,0.38487985730171204,71.42605590820312,25.20169448852539,35629.19921875,E,1115.5579833984375
1291,1304,745A6337,1817,0.22165806591510773,42.28512954711914,28.225936889648438,26459.05078125,E,1012.6061401367188
1291,1337,745A6337,1818,0.649247407913208,100.30647277832031,23.271154403686523,42663.328125,E,1067.57421875
1292,1299,745A6337,1819,0.08578778803348541,17.254566192626953,28.25788116455078,10821.142578125,E,1401.096923828125
1293,1294,745A6337,1820,0.19472701847553253,42.7298469543457,24.01106834411621,19348.36328125,E,1457.5848388671875
1293,1301,745A6337,1821,0.16203080117702484,23.512208938598633,20.28197479248047,7596.3291015625,E,1484.909423828125
1294,1310,745A6337,1822,0.14203444123268127,45.95077133178711,28.607547760009766,29535.474609375,E,1424.5975341796875
1295,1301,745A6337,1823,0.08265987038612366,22.438568115234375,28.095245361328125,13910.7548828125,E,1502.616455078125
1295,1330,745A6337,1824,0.2875312566757202,70.53661346435547,31.36273765563965,54491.95703125,E,1537.8504638671875
1296,1322,745A6337,1825,0.10463214665651321,44.24820327758789,32.331153869628906,36326.86328125,E,846.7914428710938
1296,2056,745A6337,1826,2.8176474571228027,840.4237670898438,35.88138198852539,849819.25,F,420.2138366699219
1297,1305,745A6337,1827,0.06791014969348907,14.662566184997559,25.533740997314453,7508.07763671875,E,1150.2415771484375
1297,1331,745A6337,1828,0.5982444286346436,125.1528549194336,29.035856246948242,82870.4921875,E,1209.9429931640625
1298,1348,745A6337,1829,0.7954415082931519,142.59164428710938,27.134029388427734,82454.15625,E,1058.93701171875
1298,1375,745A6337,1830,1.4290779829025269,393.1578063964844,33.50447082519531,346626.9375,E,1195.220703125
1299,1317,745A6337,1831,0.6528293490409851,112.45335388183594,25.649139404296875,58104.25,E,1350.332763671875
1299,1338,745A6337,1832,0.340187132358551,72.49969482421875,22.246631622314453,28180.8828125,E,1389.3350830078125
1300,1310,745A6337,1833,0.1052832305431366,28.69620704650879,33.03732681274414,24599.380859375,E,1397.9525146484375
1301,1340,745A6337,1834,1.2448970079421997,84.83076477050781,16.259620666503906,17614.248046875,E,1508.176025390625
1303,1315,745A6337,1835,0.34447962045669556,45.32184600830078,19.94925308227539,14166.1142578125,E,980.2062377929688
1303,1327,745A6337,1836,0.300407737493515,44.24820327758789,21.35881996154785,15854.04296875,E,970.7696533203125
1304,1314,745A6337,1837,0.061992257833480835,16.180925369262695,32.25261306762695,13219.7451171875,E,1002.1118774414062
1305,1393,745A6337,1838,0.7835556864738464,186.3634796142578,30.98550796508789,140529.625,E,1181.316650390625
1306,1311,745A6337,1839,0.035301364958286285,3.6656415462493896,20.380237579345703,1195.799560546875,E,972.8427734375
1306,1326,745A6337,1840,0.3161616921424866,40.137847900390625,23.15665054321289,16904.232421875,E,990.5927124023438
1307,1319,745A6337,1841,0.08667295426130295,14.033641815185547,23.99378776550293,6345.3837890625,E,829.0436401367188
1307,2056,745A6337,1842,2.757132053375244,824.7693481445312,35.88138198852539,833989.8125,F,412.3863830566406
1308,1312,745A6337,1843,0.025788787752389908,7.331283092498779,33.7197151184082,6546.92919921875,E,1525.40966796875
1308,1338,745A6337,1844,0.9098482728004456,181.7321014404297,28.215438842773438,113630.5625,E,1453.8668212890625
1310,1381,745A6337,1845,0.7297031879425049,190.50543212890625,32.347145080566406,156555.796875,E,1481.2706298828125
1311,1325,745A6337,1846,0.239658921957016,33.88020706176758,19.21637535095215,9826.0478515625,E,972.1167602539062
1312,1320,745A6337,1847,0.1437288224697113,37.10112762451172,32.19839859008789,30209.638671875,E,1543.5975341796875
1312,1335,745A6337,1848,0.1461646556854248,42.7298469543457,27.63987159729004,25638.5390625,E,1531.00634765625
1313,1319,745A6337,1849,0.07435501366853714,12.51528263092041,28.55062484741211,8012.38427734375,E,828.0573120117188
1313,2056,745A6337,1850,2.7429800033569336,821.758056640625,35.88138198852539,830944.875,F,410.8807678222656
1314,1315,745A6337,1851,0.009923185221850872,2.5920000076293945,32.32376480102539,2127.006103515625,E,1000.8660278320312
1315,1327,745A6337,1852,0.1778668463230133,40.76676940917969,30.442514419555664,29672.7109375,E,992.6755981445312
1315,1405,745A6337,1853,1.0898375511169434,224.56983947753906,27.314115524291992,131587.796875,E,1088.62939453125
1316,1317,745A6337,1854,0.05072350800037384,12.960000038146973,31.94428062438965,10386.7841796875,E,1302.864990234375
1316,1331,745A6337,1855,0.12649261951446533,51.134769439697266,24.67409896850586,24450.55859375,E,1283.4276123046875
1317,1339,745A6337,1856,0.328420490026474,76.79425048828125,27.458614349365234,45475.328125,E,1344.262451171875
1318,1332,745A6337,1857,0.292392760515213,61.05805206298828,27.181692123413086,35431.19140625,E,1738.1470947265625
1318,1398,745A6337,1858,1.2542991638183594,269.89166259765625,29.86172866821289,189020.640625,E,1848.4912109375
1319,1322,745A6337,1859,0.05379221588373184,14.662566184997559,32.990570068359375,12533.705078125,E,840.4009399414062
1320,1335,745A6337,1860,0.11920858919620514,37.10112762451172,15.369036674499512,6882.88134765625,E,1549.3868408203125
1320,1351,745A6337,1861,0.4936956763267517,121.4109115600586,31.481542587280273,94506.046875,E,1613.5439453125
1322,1346,745A6337,1862,0.25901469588279724,70.3524169921875,33.048851013183594,60350.609375,E,852.183349609375
1325,1326,745A6337,1863,0.1763952225446701,34.32492446899414,11.974024772644043,3865.26953125,E,987.8798828125
1325,1350,745A6337,1864,0.3938828408718109,89.30953979492188,26.895814895629883,50740.78125,E,967.9461669921875
1326,1333,745A6337,1865,0.04734369367361069,8.849641799926758,27.322729110717773,5188.76220703125,E,1005.1549682617188
1327,1334,745A6337,1866,0.033228013664484024,7.776000022888184,30.575435638427734,5709.41259765625,E,984.7493286132812
1330,1342,745A6337,1867,0.28789204359054565,58.4660530090332,29.009000778198242,38641.96484375,E,1584.8858642578125
1330,1383,745A6337,1868,0.7931371927261353,142.22317504882812,26.415470123291016,77942.9609375,E,1561.2088623046875
1331,1364,745A6337,1869,0.3794030249118805,103.34317779541016,29.85938835144043,72365.8203125,E,1309.055419921875
1332,1351,745A6337,1870,0.37986940145492554,97.2697525024414,31.942419052124023,77947.6953125,E,1694.213134765625
1333,1359,745A6337,1871,0.5554733276367188,93.8646240234375,26.20264434814453,50615.328125,E,1042.600830078125
1333,1360,745A6337,1872,1.1546176671981812,88.05169677734375,15.818315505981445,17304.0625,E,1009.9146728515625
1334,1341,745A6337,1873,0.1953306347131729,38.17477035522461,28.290069580078125,23995.751953125,E,979.7598876953125
1334,1355,745A6337,1874,3.1274771690368652,84.12554168701172,11.47040843963623,8693.1162109375,E,1022.516357421875
1335,1345,745A6337,1875,1.1156532764434814,181.28738403320312,27.687992095947266,109154.1796875,E,1521.2391357421875
1336,1352,745A6337,1876,0.26318711042404175,75.09169006347656,29.973041534423828,52983.8359375,E,903.049072265625
1336,2056,745A6337,1877,2.8943674564361572,869.0779418945312,35.88138198852539,878793.75,F,434.5404968261719
1338,1339,745A6337,1878,0.04309903457760811,9.923282623291016,30.29590606689453,7153.41015625,E,1381.7852783203125
1339,1343,745A6337,1879,0.0961284190416336,22.883283615112305,30.853271484375,17108.44921875,E,1379.986083984375
1341,1358,745A6337,1880,0.26910200715065,76.79425048828125,29.826457977294922,53656.453125,E,960.1690673828125
1341,1377,745A6337,1881,1.1307275295257568,109.7850341796875,19.484895706176758,32736.26953125,E,1026.0367431640625
1342,1347,745A6337,1882,0.202593132853508,44.248207092285156,29.783857345581055,30828.150390625,E,1629.540283203125
1342,1356,745A6337,1883,0.2091090828180313,51.57948684692383,27.62912368774414,30924.388671875,E,1615.0008544921875
1343,1362,745A6337,1884,0.2751328647136688,65.35261535644531,30.847848892211914,48843.03515625,E,1367.2457275390625
1343,1367,745A6337,1885,0.5177897810935974,90.38318634033203,22.009639739990234,34387.72265625,E,1422.554443359375
1344,1349,745A6337,1886,0.08753351122140884,23.512208938598633,33.009883880615234,20122.0078125,E,780.9768676757812
1344,2056,745A6337,1887,2.4995357990264893,770.4346923828125,35.88138198852539,779047.75,F,385.21875
1346,1349,745A6337,1888,0.23312829434871674,93.05149841308594,31.550323486328125,72747.9765625,E,822.4627685546875
1346,1350,745A6337,1889,0.427408903837204,124.78441619873047,34.19587707519531,114603.4609375,E,910.7799072265625
1347,1356,745A6337,1890,0.08993279933929443,38.17477035522461,18.608190536499023,10381.845703125,E,1639.7166748046875
1347,1374,745A6337,1891,0.7107077240943909,179.14010620117188,31.84652328491211,142694.34375,E,1729.8079833984375
1348,1359,745A6337,1892,0.8947881460189819,74.01805114746094,15.483386993408203,13936.6845703125,E,1100.865234375
1348,1421,745A6337,1893,0.6195271611213684,174.06402587890625,33.5306282043457,153702.96875,E,1198.329345703125
1349,1419,745A6337,1894,0.6839838027954102,182.4689178466797,32.71492004394531,153380.625,E,875.5038452148438
1350,1360,745A6337,1895,0.24922803044319153,64.53948974609375,32.2857551574707,52836.8984375,E,992.0057983398438
1351,1420,745A6337,1896,0.5494048595428467,149.92286682128906,31.75018310546875,118699.8671875,E,1643.011474609375
1352,1357,745A6337,1897,0.07825950533151627,19.846567153930664,31.8271484375,15789.5869140625,E,925.0746459960938
1352,1361,745A6337,1898,0.0741356909275055,18.328208923339844,31.456377029418945,14243.84765625,E,937.9343872070312
1353,1366,745A6337,1899,0.24941831827163696,20.920207977294922,19.998334884643555,6571.18310546875,E,764.3461303710938
1353,2056,745A6337,1900,2.3946104049682617,754.4679565429688,35.88138198852539,762902.5,F,377.23516845703125
1354,1357,745A6337,1901,0.1896103024482727,44.69292068481445,30.91266632080078,33542.97265625,E,901.5300903320312
1354,2056,745A6337,1902,2.901946544647217,882.9403686523438,35.88138198852539,892811.125,F,441.4662780761719
1356,1388,745A6337,1903,0.24390462040901184,58.2818489074707,30.943302154541016,43828.4921875,E,1648.3551025390625
1357,1380,745A6337,1904,1.7342259883880615,112.6375503540039,20.827484130859375,38374.8515625,E,923.6715698242188
1358,1361,745A6337,1905,0.03483489900827408,8.849641799926758,31.8968505859375,7071.494140625,E,949.11328125
1358,1369,745A6337,1906,0.1067059189081192,27.17784881591797,31.862966537475586,21670.921875,E,964.8079223632812
1359,1368,745A6337,1907,0.07334189116954803,11.441641807556152,24.95638656616211,5596.82373046875,E,1079.259033203125
1360,1365,745A6337,1908,0.025427380576729774,7.331283092498779,33.94334030151367,6634.0546875,E,1023.3709716796875
1361,1452,745A6337,1909,1.0686428546905518,172.2535400390625,25.190216064453125,85846.3515625,E,978.5830078125
1362,1364,745A6337,1910,0.0577034167945385,14.033641815185547,31.15821075439453,10700.5302734375,E,1350.1104736328125
1362,1401,745A6337,1911,0.44949066638946533,106.1194076538086,28.92439842224121,69728.9921875,E,1404.4208984375
1363,1387,745A6337,1912,0.22908902168273926,48.35856628417969,24.28009605407715,22390.515625,E,1271.025390625
1364,1372,745A6337,1913,0.09730213135480881,24.585847854614258,31.698638916015625,19402.4375,E,1341.71484375
1365,1373,745A6337,1914,0.24453522264957428,47.4691276550293,29.083768844604492,31535.703125,E,1047.9071044921875
1365,1439,745A6337,1915,0.6435903906822205,133.63406372070312,27.195911407470703,77627.265625,E,1047.587890625
1367,1378,745A6337,1916,0.26587212085723877,37.10112762451172,23.936189651489258,16695.0234375,E,1458.760498046875
1367,1401,745A6337,1917,1.1082215309143066,175.02975463867188,25.16781234741211,87074.84375,E,1490.7098388671875
1368,1371,745A6337,1918,0.09001733362674713,13.588924407958984,24.773420333862305,6550.08447265625,E,1087.442626953125
1368,1373,745A6337,1919,0.12254822254180908,30.843490600585938,14.440658569335938,5051.58203125,E,1074.9677734375
1369,1377,745A6337,1920,0.46003568172454834,104.04841613769531,27.916217803955078,63685.19921875,E,1023.3152465820312
1369,1492,745A6337,1921,1.200171947479248,234.75364685058594,28.265838623046875,147307.890625,E,1073.56884765625
1370,1426,745A6337,1922,0.6292617321014404,173.87979125976562,33.298824310302734,151424.71875,E,821.6943969726562
1370,2056,745A6337,1923,2.3166069984436035,744.13427734375,35.88138198852539,752453.3125,F,372.0588073730469
1371,1379,745A6337,1924,0.5852043628692627,73.38912963867188,21.720523834228516,27193.318359375,E,1123.5804443359375
1371,1389,745A6337,1925,0.0792212039232254,32.80656433105469,30.055583953857422,23275.60546875,E,1095.7166748046875
1372,1387,745A6337,1926,0.3792451322078705,85.4596939086914,30.040559768676758,60571.3515625,E,1311.782470703125
1372,1435,745A6337,1927,0.7382374405860901,112.45335388183594,25.214860916137695,56153.3203125,E,1376.3133544921875
1373,1386,745A6337,1928,0.12154500186443329,24.585847854614258,28.575531005859375,15767.53125,E,1081.049072265625
1374,1385,745A6337,1929,0.1528031826019287,37.54584884643555,31.31667709350586,28920.32421875,E,1829.4591064453125
1374,1390,745A6337,1930,0.8763659000396729,174.21661376953125,27.518205642700195,103614.296875,E,1742.30029296875
1375,1382,745A6337,1931,0.10382911562919617,28.69620704650879,33.2528190612793,24921.337890625,E,1390.9627685546875
1375,1396,745A6337,1932,0.10424425452947617,34.32492446899414,27.719152450561523,20713.78125,E,1382.2012939453125
1376,1409,745A6337,1933,1.1649988889694214,150.36758422851562,25.5540714263916,77119.515625,E,1336.2523193359375
1377,1405,745A6337,1934,0.569496214389801,122.37661743164062,29.325183868408203,82655.1328125,E,1125.7620849609375
1378,1401,745A6337,1935,0.11640112102031708,37.54584884643555,26.344011306762695,20465.181640625,E,1451.15380859375
1380,2056,745A6337,1936,2.9056172370910645,895.9213256835938,35.88138198852539,905937.25,F,447.9618835449219
1381,1383,745A6337,1937,0.03408534824848175,8.849641799926758,32.201786041259766,7207.34814453125,E,1549.800537109375
1381,1412,745A6337,1938,0.12852394580841064,47.913848876953125,32.00696563720703,38551.37890625,E,1545.9267578125
1382,1396,745A6337,1939,0.14381739497184753,40.137847900390625,17.539199829101562,9697.583984375,E,1399.5609130859375
1382,1402,745A6337,1940,0.21064937114715576,55.874053955078125,32.50673294067383,46371.02734375,E,1429.8592529296875
1383,1395,745A6337,1941,0.21079769730567932,33.435489654541016,20.878307342529297,11446.90625,E,1568.66455078125
1384,1404,745A6337,1942,0.12361756712198257,27.622568130493164,30.414831161499023,20068.953125,E,748.9388427734375
1384,2056,745A6337,1943,2.3484838008880615,735.1873168945312,35.88138198852539,743406.3125,F,367.5948791503906
1385,1408,745A6337,1944,0.7525292634963989,171.1798858642578,30.619821548461914,126051.46875,E,1922.9664306640625
1385,1436,745A6337,1945,0.3845861554145813,96.45661926269531,25.4920654296875,49230.2421875,E,1873.4071044921875
1386,1389,745A6337,1946,0.02496691606938839,6.257641315460205,31.740989685058594,4951.5537109375,E,1095.755615234375
1386,1444,745A6337,1947,0.6284867525100708,106.82463073730469,22.808034896850586,43645.25390625,E,1095.889404296875
1387,1397,745A6337,1948,0.16967341303825378,29.769847869873047,26.58274269104004,16522.130859375,E,1275.12109375
1388,1390,745A6337,1949,0.026624662801623344,7.331283092498779,33.18437194824219,6340.6982421875,E,1666.8580322265625
1388,1392,745A6337,1950,0.2816426455974579,62.39220428466797,26.471155166625977,34337.2890625,E,1638.153076171875
1389,1391,745A6337,1951,0.02804071083664894,7.331283092498779,32.34409713745117,6023.65283203125,E,1101.9783935546875
1390,1422,745A6337,1952,0.19906353950500488,49.87691879272461,31.716022491455078,39404.6015625,E,1674.6044921875
1391,1403,745A6337,1953,0.22189858555793762,45.766563415527344,29.37480354309082,31016.16796875,E,1124.58740234375
1391,1413,745A6337,1954,0.10382569581270218,30.214563369750977,27.299497604370117,17685.42578125,E,1115.2725830078125
1392,1395,745A6337,1955,0.20080378651618958,37.990562438964844,17.557836532592773,9198.30078125,E,1596.72119140625
1392,1415,745A6337,1956,0.22993575036525726,31.732921600341797,18.615934371948242,8637.1328125,E,1616.432861328125
1393,1400,745A6337,1957,0.05442061647772789,10.99692440032959,28.405269622802734,6968.81494140625,E,1227.3187255859375
1393,1414,745A6337,1958,0.10456328839063644,45.95077133178711,23.822006225585938,20480.443359375,E,1211.287109375
1394,1399,745A6337,1959,1.3841761350631714,195.06051635742188,25.507896423339844,99680.1171875,E,2094.8232421875
1394,1406,745A6337,1960,0.2493632435798645,45.766563415527344,27.088342666625977,26375.64453125,E,2064.509521484375
1394,1408,745A6337,1961,0.24553781747817993,52.024200439453125,29.097814559936523,34595.21484375,E,2022.2017822265625
1395,1416,745A6337,1962,0.16000613570213318,29.14092445373535,19.465412139892578,8672.0224609375,E,1588.9937744140625
1396,1409,745A6337,1963,0.08566509187221527,16.180925369262695,27.54973793029785,9645.5751953125,E,1391.155517578125
1397,1400,745A6337,1964,0.19864962995052338,46.8402099609375,25.49647331237793,23914.919921875,E,1248.9129638671875
1397,1428,745A6337,1965,0.6763463020324707,46.840206146240234,12.581365585327148,5823.23388671875,E,1272.6600341796875
1398,1420,745A6337,1966,1.0477620363235474,274.4151916503906,32.519256591796875,227918.328125,E,1738.37939453125
1398,1432,745A6337,1967,2.956019639968872,131.22625732421875,25.914920806884766,69216.6171875,E,1911.2547607421875
1399,1406,745A6337,1968,0.22024127840995789,47.28491973876953,29.406494140625,32114.341796875,E,2105.1279296875
1399,1411,745A6337,1969,6.440354347229004,172.0693359375,25.142227172851562,85428.125,E,2205.1142578125
1400,1410,745A6337,1970,0.06719492375850677,12.51528263092041,27.225149154663086,7285.6962890625,E,1234.560791015625
1401,1435,745A6337,1971,0.45152080059051514,96.64081573486328,29.39159393310547,65568.7265625,E,1433.2178955078125
1402,1412,745A6337,1972,0.3457590639591217,102.97476196289062,31.635845184326172,80943.0546875,E,1499.301513671875
1402,1472,745A6337,1973,0.6962969899177551,142.4073944091797,27.80022430419922,86440.84375,E,1507.292236328125
1403,1413,745A6337,1974,0.1002582311630249,33.88020706176758,16.080564498901367,6880.79345703125,E,1137.0147705078125
1403,1446,745A6337,1975,0.792999804019928,138.92599487304688,28.016769409179688,85646.4765625,E,1210.506591796875
1404,1423,745A6337,1976,0.15019197762012482,47.6533317565918,29.770389556884766,33170.515625,E,762.1915283203125
1404,1470,745A6337,1977,0.6206482648849487,161.54872131347656,32.26955032348633,132123.234375,E,834.5009765625
1405,1414,745A6337,1978,0.10363070666790009,26.10420799255371,31.65289306640625,20541.265625,E,1189.7242431640625
1407,1423,745A6337,1979,0.15235112607479095,36.027488708496094,30.9650821685791,27131.16015625,E,748.057373046875
1407,2056,745A6337,1980,2.3836958408355713,731.463134765625,35.88138198852539,739640.5,F,365.72979736328125
1408,1438,745A6337,1981,0.4995133876800537,102.26956176757812,23.999717712402344,46264.5703125,E,1972.107421875
1409,1429,745A6337,1982,0.20523741841316223,41.21148681640625,28.417613983154297,26138.6640625,E,1410.6102294921875
1410,1424,745A6337,1983,0.16060799360275269,33.88020706176758,22.301362991333008,13234.232421875,E,1235.26513671875
1410,1428,745A6337,1984,0.40323206782341003,40.322052001953125,19.760189056396484,12365.5849609375,E,1256.8084716796875
1412,1417,745A6337,1985,0.05429515242576599,14.662566184997559,32.85232925415039,12428.8857421875,E,1553.4073486328125
1413,1450,745A6337,1986,0.44084733724594116,80.90460968017578,23.675636291503906,35617.75,E,1155.50390625
1414,1424,745A6337,1987,0.2187993824481964,41.65620803833008,27.847230911254883,25370.76953125,E,1218.18359375
1415,1418,745A6337,1988,0.11371288448572159,25.03056526184082,29.78258514404297,17437.54296875,E,1613.14404296875
1415,1425,745A6337,1989,0.31354615092277527,61.947486877441406,28.36322593688965,39140.359375,E,1649.3472900390625
1416,1417,745A6337,1990,0.19187824428081512,42.100929260253906,29.96428108215332,29688.5703125,E,1578.388671875
1416,1418,745A6337,1991,0.044045597314834595,10.99692440032959,31.58682632446289,8617.3369140625,E,1600.2001953125
1417,1464,745A6337,1992,0.44751325249671936,94.12513732910156,27.3031005859375,55108.609375,E,1566.607177734375
1418,1489,745A6337,1993,0.6830906867980957,134.1867218017578,24.99247169494629,65829.09375,E,1656.2674560546875
1419,1433,745A6337,1994,0.174949049949646,38.61948776245117,30.059383392333984,27406.685546875,E,982.3098754882812
1419,1442,745A6337,1995,0.17030251026153564,45.32184600830078,27.41883087158203,26760.5703125,E,973.2373046875
1420,1460,745A6337,1996,0.8290839791297913,193.35794067382812,29.637231826782227,133391.203125,E,1566.222412109375
1421,1443,745A6337,1997,0.2270321547985077,46.39548873901367,24.19939422607422,21339.02734375,E,1275.2879638671875
1421,1455,745A6337,1998,0.4150601327419281,94.6777572631836,30.459993362426758,68991.796875,E,1317.552734375
1422,1425,745A6337,1999,0.01469123549759388,3.6656415462493896,31.59190559387207,2873.369873046875,E,1678.633544921875
1422,1436,745A6337,2000,0.8914567232131958,242.05332946777344,33.04374694824219,207577.125,E,1791.224609375
1423,1465,745A6337,2001,0.32506346702575684,88.05169677734375,29.954164505004883,62050.03125,E,805.1475830078125
1424,1431,745A6337,2002,0.16618159413337708,23.512208938598633,23.92263412475586,10568.20703125,E,1247.7364501953125
1425,1480,745A6337,2003,0.4365137815475464,106.37991333007812,26.191062927246094,57313.34765625,E,1710.1297607421875
1426,1447,745A6337,2004,0.3800778388977051,78.75732421875,26.141592025756836,42271.23046875,E,935.86376953125
1426,1486,745A6337,2005,0.45030900835990906,101.90113830566406,30.30950355529785,73523.5703125,E,938.749755859375
1427,1456,745A6337,2006,0.3678670823574066,101.38011169433594,33.246456146240234,88010.2734375,E,967.9202270507812
1427,2056,745A6337,2007,2.9118146896362305,919.3857421875,35.88138198852539,929663.9375,F,459.6938171386719
1428,1430,745A6337,2008,0.03957090899348259,10.99692440032959,27.12621307373047,6355.349609375,E,1276.9163818359375
1429,1440,745A6337,2009,0.12819011509418488,30.843490600585938,25.835779190063477,16169.498046875,E,1417.70458984375
1429,1449,745A6337,2010,0.19958028197288513,40.58256912231445,28.595346450805664,26062.74609375,E,1438.88037109375
1430,1431,745A6337,2011,0.12713918089866638,24.401639938354492,27.60733985900879,14606.8984375,E,1268.290771484375
1430,1448,745A6337,2012,0.30849114060401917,61.05805206298828,28.1999454498291,38135.4921875,E,1305.6226806640625
1431,1474,745A6337,2013,0.5823521614074707,77.4994888305664,19.850540161132812,23984.6484375,E,1272.493408203125
1433,1441,745A6337,2014,0.15112361311912537,34.95384979248047,31.129411697387695,26602.76171875,E,1016.4994506835938
1433,1451,745A6337,2015,0.12450788170099258,40.322052001953125,19.85167121887207,12480.3466796875,E,998.865966796875
1434,1437,745A6337,2016,0.036315739154815674,8.849641799926758,31.846023559570312,7048.97509765625,E,734.5059814453125
1434,2056,745A6337,2017,2.4338693618774414,730.8245239257812,35.88138198852539,738994.75,F,365.4140625
1435,1459,745A6337,2018,0.2805488407611847,66.8709716796875,22.621553421020508,26876.478515625,E,1403.22998046875
1436,1438,745A6337,2019,0.18543662130832672,47.28492736816406,32.053836822509766,38156.86328125,E,1923.11279296875
1437,1462,745A6337,2020,0.3088706433773041,57.837127685546875,27.646982192993164,34720.98828125,E,755.3230590820312
1437,1506,745A6337,2021,0.47601768374443054,114.34011840820312,26.74748420715332,64247.2265625,E,794.010009765625
1438,1475,745A6337,2022,0.6339022517204285,159.03305053710938,32.036415100097656,128193.234375,E,2016.1290283203125
1439,1444,745A6337,2023,0.19514480233192444,50.061126708984375,27.38528060913086,29486.615234375,E,1093.15771484375
1439,1445,745A6337,2024,0.10151807963848114,43.174560546875,29.70804786682129,29927.1953125,E,1057.7835693359375
1440,1449,745A6337,2025,0.24024756252765656,37.54584884643555,25.973167419433594,19893.0625,E,1432.902587890625
1440,1455,745A6337,2026,0.42039167881011963,84.38605499267578,23.527231216430664,36686.15625,E,1386.590576171875
1441,1445,745A6337,2027,0.052329014986753464,16.625642776489258,35.6229362487793,16570.19921875,E,1038.553466796875
1441,1453,745A6337,2028,0.19492009282112122,52.65312576293945,22.385225296020508,20722.251953125,E,1022.1134643554688
1442,1447,745A6337,2029,0.0602627657353878,12.51528263092041,28.823040008544922,8166.01416015625,E,976.6162109375
1442,1451,745A6337,2030,0.06279542297124863,19.846567153930664,28.209091186523438,12403.7626953125,E,988.0257568359375
1443,1446,745A6337,2031,0.01428938563913107,3.6656415462493896,26.936471939086914,2088.917724609375,E,1276.6881103515625
1443,1493,745A6337,2032,0.816681444644928,87.60697937011719,17.454404830932617,20962.287109375,E,1314.2645263671875
1444,1450,745A6337,2033,0.37469884753227234,92.60677337646484,31.44775390625,71930.3046875,E,1149.150390625
1445,1559,745A6337,2034,1.007454514503479,275.8887939453125,33.31647872924805,240514.984375,E,1172.0626220703125
1446,1458,745A6337,2035,0.20054084062576294,52.20840835571289,26.340139389038086,28448.96484375,E,1266.98779296875
1447,1514,745A6337,2036,0.5538383722305298,100.38278198242188,25.8590145111084,52719.71484375,E,1004.121826171875
1448,1459,745A6337,2037,0.4516965448856354,68.83405303955078,26.1011962890625,36831.046875,E,1364.363037109375
1448,1477,745A6337,2038,0.6406382918357849,58.9107666015625,17.6403865814209,14397.953125,E,1336.6168212890625
1449,1516,745A6337,2039,0.9199932813644409,113.26647186279297,21.868974685668945,42544.95703125,E,1494.4443359375
1450,1458,745A6337,2040,0.3033137321472168,84.83076477050781,33.42561721801758,74439.2734375,E,1220.6038818359375
1451,1453,745A6337,2041,0.07173165678977966,14.662566184997559,28.5546932220459,9389.7685546875,E,1004.603271484375
1452,1456,745A6337,2042,0.05018111318349838,13.588924407958984,32.901119232177734,11553.041015625,E,1016.8499145507812
1452,1492,745A6337,2043,0.7729113698005676,186.9160919189453,31.246305465698242,143328.953125,E,1100.86572265625
1453,1546,745A6337,2044,0.8905704021453857,181.395263671875,29.979482650756836,128045.4375,E,1097.2529296875
1454,1463,745A6337,2045,0.18034294247627258,21.36492347717285,23.002729415893555,8878.7119140625,E,746.4483642578125
1454,2056,745A6337,2046,2.4779438972473145,737.5321655273438,35.88138198852539,745777.375,F,368.76849365234375
1455,1516,745A6337,2047,0.6548108458518982,173.25086975097656,32.571414947509766,144357.234375,E,1445.4228515625
1456,1570,745A6337,2048,1.175864577293396,217.05435180664062,27.141700744628906,125583.484375,E,1110.78466796875
1457,1466,745A6337,2049,0.15674710273742676,14.662566184997559,21.650821685791016,5398.19580078125,E,748.480224609375
1457,2056,745A6337,2050,2.4934773445129395,741.6427001953125,35.88138198852539,749933.875,F,370.8216552734375
1458,1469,745A6337,2051,0.10017465054988861,23.512208938598633,30.656755447387695,17355.443359375,E,1269.3460693359375
1459,1468,745A6337,2052,0.03164659067988396,8.849641799926758,28.074918746948242,5478.38525390625,E,1401.2943115234375
1460,1468,745A6337,2053,0.5674600005149841,128.89476013183594,28.47182846069336,82064.6015625,E,1456.9178466796875
1460,1551,745A6337,2054,0.9820849299430847,230.82749938964844,30.776153564453125,171714.15625,E,1608.65966796875
1461,1476,745A6337,2055,0.10602377355098724,26.10420799255371,31.643856048583984,20529.5390625,E,960.9309692382812
1461,2056,745A6337,2056,2.9732377529144287,949.5780639648438,35.88138198852539,960193.8125,F,474.78302001953125
1462,1463,745A6337,2057,0.3622957766056061,41.027278900146484,18.926681518554688,11542.8095703125,E,763.8889770507812
1462,1504,745A6337,2058,0.21826928853988647,43.803489685058594,28.341909408569336,27634.83203125,E,788.9036254882812
1463,1466,745A6337,2059,0.034607499837875366,6.257641315460205,20.58353042602539,2082.28564453125,E,755.6007690429688
1464,1472,745A6337,2060,0.184317484498024,29.140928268432617,18.462495803833008,7801.42724609375,E,1567.1317138671875
1464,1490,745A6337,2061,0.20771870017051697,30.843490600585938,20.015758514404297,9705.04296875,E,1591.2513427734375
1465,1500,745A6337,2062,0.19281020760536194,39.6931266784668,28.72702407836914,25726.83984375,E,850.2472534179688
1465,1512,745A6337,2063,0.28346073627471924,70.3524169921875,25.154258728027344,34961.65234375,E,874.1197509765625
1466,1473,745A6337,2064,0.059392496943473816,8.849641799926758,20.5462589263916,2934.1416015625,E,758.3506469726562
1467,1481,745A6337,2065,0.11443188786506653,17.699283599853516,25.742843627929688,9212.0986328125,E,753.8544311523438
1467,2056,745A6337,2066,2.5056753158569336,745.1132202148438,35.88138198852539,753443.1875,F,372.5570373535156
1468,1478,745A6337,2067,0.08310338854789734,18.328208923339844,29.741928100585938,12733.509765625,E,1401.9051513671875
1469,1493,745A6337,2068,0.3392578363418579,65.61312866210938,28.26318359375,41164.4921875,E,1308.989990234375
1469,1536,745A6337,2069,1.3290555477142334,105.30625915527344,18.99919319152832,29854.8125,E,1313.5606689453125
1470,1484,745A6337,2070,0.0721464678645134,18.328208923339844,31.8968448638916,14645.5390625,E,922.8485717773438
1470,1517,745A6337,2071,0.3743894100189209,67.76040649414062,21.206480026245117,23933.326171875,E,922.237548828125
1471,1485,745A6337,2072,0.19011498987674713,17.254566192626953,20.192188262939453,5525.361328125,E,753.6821899414062
1471,2056,745A6337,2073,2.5084385871887207,746.068359375,35.88138198852539,754409.0,F,373.03466796875
1472,1491,745A6337,2074,0.08682796359062195,15.552000045776367,26.80287742614746,8774.8349609375,E,1560.2811279296875
1473,1481,745A6337,2075,0.09484440088272095,21.364927291870117,23.04135513305664,8908.556640625,E,761.6878051757812
1473,1504,745A6337,2076,0.34464189410209656,49.61640930175781,19.695505142211914,15116.4384765625,E,781.0517578125
1474,1482,745A6337,2077,0.2000718116760254,47.28492736816406,30.749366760253906,35114.37890625,E,1272.9168701171875
1474,1496,745A6337,2078,0.17978890240192413,41.21148681640625,30.34019660949707,29795.107421875,E,1307.200927734375
1475,1479,745A6337,2079,0.7296394109725952,173.9561004638672,29.919719696044922,122305.109375,E,2155.848876953125
1475,1511,745A6337,2080,0.2387060970067978,58.021331787109375,31.35472869873047,44800.5859375,E,2109.60400390625
1476,1531,745A6337,2081,1.0137875080108643,83.75713348388672,21.656293869018555,30851.76171875,E,993.213623046875
1476,1621,745A6337,2082,1.721118688583374,309.2164001464844,27.33614730834961,181479.265625,E,1116.287353515625
1477,1478,745A6337,2083,0.2946738600730896,76.42584991455078,28.28467559814453,48021.1484375,E,1369.887939453125
1477,1496,745A6337,2084,0.12966522574424744,28.69620704650879,29.74396324157715,19939.3984375,E,1332.701416015625
1478,1545,745A6337,2085,0.5661323666572571,113.5269775390625,30.038530349731445,80453.7578125,E,1436.4300537109375
1480,1483,745A6337,2086,0.014420868828892708,3.6656415462493896,31.88667869567871,2927.24072265625,E,1747.10986328125
1480,1488,745A6337,2087,0.7769539952278137,181.6241912841797,31.425148010253906,140869.90625,E,1829.7769775390625
1481,1485,745A6337,2088,0.040808942168951035,6.257641315460205,24.7612247467041,3013.316650390625,E,762.1005859375
1482,1487,745A6337,2089,0.3912743330001831,108.34297943115234,27.96269989013672,66534.8046875,E,1223.3623046875
1482,1495,745A6337,2090,0.09890986979007721,25.03056526184082,31.871999740600586,19970.05078125,E,1251.4781494140625
1483,1498,745A6337,2091,0.13135243952274323,41.65620803833008,29.276386260986328,28041.71484375,E,1732.236572265625
1483,1592,745A6337,2092,1.3875596523284912,299.0326232910156,30.055522918701172,212156.84375,E,1873.856201171875
1484,1486,745A6337,2093,0.45227962732315063,64.98420715332031,18.940237045288086,18309.1640625,E,951.5662231445312
1484,1520,745A6337,2094,0.24943047761917114,55.2451286315918,26.275766372680664,29956.748046875,E,954.813232421875
1485,1501,745A6337,2095,0.15521709620952606,39.5089225769043,24.8109188079834,19101.64453125,E,766.17138671875
1486,1507,745A6337,2096,0.0940907895565033,22.883283615112305,31.20339012145996,17498.94140625,E,982.6946411132812
1487,1495,745A6337,2097,0.08941999077796936,22.883283615112305,32.00526809692383,18409.888671875,E,1235.46728515625
1487,1502,745A6337,2098,0.25663527846336365,58.726558685302734,30.24554443359375,42193.66796875,E,1205.055908203125
1489,1498,745A6337,2099,0.055648379027843475,13.588924407958984,31.23410987854004,10411.978515625,E,1712.50146484375
1489,1508,745A6337,2100,0.3034553825855255,78.57312774658203,32.19597625732422,63968.64453125,E,1679.2286376953125
1490,1497,745A6337,2101,0.043930016458034515,25.47528076171875,21.637269973754883,9367.2861328125,E,1614.7542724609375
1490,1503,745A6337,2102,0.3856111764907837,42.100929260253906,17.93423843383789,10635.2431640625,E,1591.2364501953125
1491,1503,745A6337,2103,0.07054536044597626,13.588926315307617,27.7211856842041,8201.6005859375,E,1569.4002685546875
1491,1522,745A6337,2104,1.290254831314087,72.05497741699219,13.700460433959961,10622.4384765625,E,1548.1593017578125
1492,1502,745A6337,2105,0.05740402638912201,13.588924407958984,30.7218074798584,10073.2236328125,E,1180.8590087890625
1493,1499,745A6337,2106,0.029297754168510437,7.331283092498779,31.62578773498535,5759.07275390625,E,1343.279052734375
1494,1501,745A6337,2107,0.05680541694164276,9.923283576965332,28.095247268676758,6151.9248046875,E,758.847412109375
1494,2056,745A6337,2108,2.53617000579834,755.7446899414062,35.88138198852539,764193.5,F,377.87152099609375
1496,1542,745A6337,2109,0.3616347014904022,101.1958999633789,27.507539749145508,60139.01171875,E,1328.1180419921875
1497,1508,745A6337,2110,0.5592476725578308,32.361846923828125,11.625035285949707,3434.881591796875,E,1639.0189208984375
1497,1509,745A6337,2111,0.3343525528907776,24.585847854614258,16.46682357788086,5235.94091796875,E,1638.222412109375
1498,1535,745A6337,2112,0.35231733322143555,71.87076568603516,25.831567764282227,37665.49609375,E,1741.6812744140625
1499,1557,745A6337,2113,0.4677779972553253,109.23243713378906,25.89458656311035,57525.37109375,E,1373.2763671875
1499,1607,745A6337,2114,1.1610866785049438,285.36737060546875,31.36948013305664,220550.90625,E,1482.6109619140625
1500,1505,745A6337,2115,0.056260157376527786,10.99692440032959,27.98851776123047,6765.82763671875,E,863.8113403320312
1500,1506,745A6337,2116,0.18665358424186707,39.5089225769043,29.104942321777344,26285.640625,E,852.0114135742188
1501,1513,745A6337,2117,0.12308228015899658,26.10420799255371,29.093650817871094,17353.888671875,E,770.8733520507812
1502,1527,745A6337,2118,0.21090228855609894,59.53969192504883,23.921619415283203,26759.4765625,E,1209.764404296875
1503,1524,745A6337,2119,0.1584731638431549,39.50891876220703,23.97063636779785,17829.705078125,E,1585.73193359375
1504,1549,745A6337,2120,0.41000545024871826,96.90133666992188,30.74608039855957,71944.7578125,E,834.5968627929688
1505,1512,745A6337,2121,0.20368285477161407,41.65620803833008,28.808134078979492,27151.876953125,E,885.2706909179688
1505,1529,745A6337,2122,0.17158763110637665,53.282047271728516,22.818313598632812,21789.02734375,E,880.9390258789062
1506,1529,745A6337,2123,0.239723339676857,47.91384506225586,28.58913230895996,30757.62890625,E,866.4644775390625
1507,1520,745A6337,2124,0.21768403053283691,48.54277038574219,26.00316619873047,25779.048828125,E,982.7532958984375
1507,1554,745A6337,2125,0.36422401666641235,91.53312683105469,28.44235610961914,58156.640625,E,1021.4747314453125
1508,1509,745A6337,2126,0.026042591780424118,6.257641315460205,30.961694717407227,4711.39990234375,E,1650.28662109375
1509,1519,745A6337,2127,0.14855879545211792,29.769847869873047,28.4083194732666,18869.376953125,E,1641.33154296875
1510,1515,745A6337,2128,0.043114762753248215,9.923283576965332,31.185317993164062,7579.58837890625,E,769.7567138671875
1510,2056,745A6337,2129,2.5572304725646973,765.4830322265625,35.88138198852539,774040.6875,F,382.7424011230469
1511,1521,745A6337,2130,0.5401157736778259,103.60371398925781,28.2420711517334,64902.03125,E,2179.229248046875
1511,1576,745A6337,2131,5.164974212646484,169.32472229003906,25.045394897460938,83419.1953125,E,2203.506103515625
1512,1518,745A6337,2132,0.046128302812576294,10.99692440032959,30.880380630493164,8236.19140625,E,905.5640258789062
1513,1515,745A6337,2133,0.10732918232679367,24.401639938354492,30.115991592407227,17382.140625,E,776.505126953125
1513,1533,745A6337,2134,0.27081865072250366,44.87712860107422,21.983489990234375,17033.669921875,E,799.0755615234375
1514,1548,745A6337,2135,0.7477269768714905,100.12225341796875,21.68470573425293,36976.6484375,E,1084.8905029296875
1514,1550,745A6337,2136,0.2646855413913727,72.31549072265625,29.166606903076172,48316.23046875,E,1058.1181640625
1515,1523,745A6337,2137,0.05318429693579674,15.107283592224121,29.302814483642578,10188.140625,E,779.7921752929688
1516,1522,745A6337,2138,0.07941104471683502,21.99384880065918,33.21245193481445,19054.30078125,E,1532.8785400390625
1517,1518,745A6337,2139,0.19293057918548584,48.803279876708984,26.3218994140625,26556.654296875,E,923.8561401367188
1517,1530,745A6337,2140,0.36830294132232666,56.31876754760742,25.330448150634766,28381.0703125,E,963.7609252929688
1518,1540,745A6337,2141,0.2684742510318756,56.31876754760742,29.047521591186523,37321.6796875,E,933.385009765625
1519,1526,745A6337,2142,0.11195908486843109,36.027488708496094,25.246227264404297,18035.029296875,E,1623.3826904296875
1519,1537,745A6337,2143,0.10896569490432739,33.69599914550781,13.898540496826172,5112.18603515625,E,1642.44677734375
1520,1530,745A6337,2144,0.10515241324901581,24.585847854614258,30.550024032592773,18021.80078125,E,983.3198852539062
1522,1532,745A6337,2145,0.11640022695064545,31.917129516601562,33.126773834228516,27508.82421875,E,1556.544677734375
1523,1525,745A6337,2146,0.2535971999168396,39.064208984375,25.751558303833008,20345.85546875,E,785.1285400390625
1523,1538,745A6337,2147,0.19860146939754486,36.472206115722656,21.707294464111328,13497.810546875,E,802.5712890625
1524,1526,745A6337,2148,0.0922229140996933,22.883283615112305,31.48348045349121,17814.501953125,E,1605.624267578125
1524,1532,745A6337,2149,0.12632323801517487,43.803489685058594,28.427295684814453,27801.59375,E,1583.5882568359375
1525,2056,745A6337,2150,2.58634352684021,779.6406860351562,35.88138198852539,788356.625,F,389.822509765625
1526,1537,745A6337,2151,0.19842304289340973,40.137847900390625,28.771926879882812,26096.474609375,E,1632.6083984375
1527,1539,745A6337,2152,0.3038005232810974,78.12840270996094,32.01280212402344,62884.87109375,E,1268.45458984375
1527,1565,745A6337,2153,0.38153746724128723,80.27569580078125,29.049222946166992,53203.84375,E,1244.1456298828125
1528,1575,745A6337,2154,0.5890477895736694,139.7391357421875,31.05978012084961,105877.75,E,1546.47509765625
1529,1534,745A6337,2155,0.05138532072305679,12.51528263092041,31.21377944946289,9576.8623046875,E,895.64501953125
1530,1552,745A6337,2156,0.1654810756444931,47.4691276550293,22.850261688232422,19466.302734375,E,999.3860473632812
1532,1555,745A6337,2157,0.2250322848558426,50.69004821777344,30.322589874267578,36605.40234375,E,1592.5919189453125
1533,1538,745A6337,2158,0.35345911979675293,35.398563385009766,13.7223539352417,5235.193359375,E,816.4583129882812
1533,1541,745A6337,2159,0.14087529480457306,20.291284561157227,23.940425872802734,9134.0458984375,E,827.0694580078125
1534,1580,745A6337,2160,0.5435956120491028,118.26627349853516,27.72757339477539,71412.546875,E,954.0166015625
1534,1593,745A6337,2161,0.6096006035804749,119.15570068359375,28.627201080322266,76694.1953125,E,940.2820434570312
1535,1577,745A6337,2162,0.9322972297668457,96.27242279052734,20.58037757873535,32025.6875,E,1790.362060546875
1535,1604,745A6337,2163,2.0203661918640137,160.3671875,17.679676055908203,39368.96484375,E,1823.00732421875
1537,1577,745A6337,2164,0.6311917304992676,162.8828887939453,32.15913772583008,132304.34375,E,1724.1339111328125
1538,1544,745A6337,2165,0.11392153799533844,16.180925369262695,23.80912971496582,7204.10888671875,E,824.8972778320312
1539,1542,745A6337,2166,0.15598395466804504,39.064205169677734,31.737117767333984,30903.2265625,E,1319.7120361328125
1539,1547,745A6337,2167,1.8718405961990356,193.80267333984375,20.985498428344727,67032.9296875,E,1335.368896484375
1540,1552,745A6337,2168,0.39711281657218933,75.53640747070312,25.27817153930664,37908.58203125,E,983.4046630859375
1540,1639,745A6337,2169,0.8928039073944092,198.09722900390625,28.447736740112305,125911.015625,E,1045.4493408203125
1541,1544,745A6337,2170,0.40691107511520386,30.659282684326172,14.640082359313965,5161.06005859375,E,834.0244750976562
1541,1578,745A6337,2171,2.2735915184020996,89.57005310058594,11.340115547180176,9046.6474609375,E,872.8712158203125
1542,1547,745A6337,2172,0.04367934539914131,10.99692440032959,31.724044799804688,8692.37109375,E,1339.2955322265625
1543,1588,745A6337,2173,0.4596182703971863,117.74526977539062,32.127647399902344,95453.3515625,E,854.6126098632812
1543,2056,745A6337,2174,2.627082347869873,806.441162109375,35.88138198852539,815456.75,F,403.2225646972656
1544,1578,745A6337,2175,0.5824840664863586,77.49948120117188,23.48337745666504,33566.7890625,E,866.9472045898438
1546,1587,745A6337,2176,0.41024741530418396,112.37705993652344,33.13335037231445,96894.3046875,E,1234.713623046875
1546,1698,745A6337,2177,3.3284189701080322,342.62030029296875,24.52960968017578,161913.9375,E,1297.8590087890625
1547,1560,745A6337,2178,0.1403314471244812,36.027488708496094,32.069644927978516,29101.287109375,E,1361.9312744140625
1548,1550,745A6337,2179,0.6478374004364014,77.4994888305664,20.969308853149414,26764.365234375,E,1107.0447998046875
1548,1566,745A6337,2180,0.22715173661708832,41.21148681640625,26.92921257019043,23472.291015625,E,1146.1829833984375
1549,1569,745A6337,2181,0.20899133384227753,50.5058479309082,31.11981201171875,38415.41015625,E,886.9775390625
1549,1605,745A6337,2182,0.9444363713264465,128.1895751953125,23.34593963623047,54873.8359375,E,917.501220703125
1550,1554,745A6337,2183,0.24054333567619324,53.987281799316406,30.09914779663086,38414.015625,E,1065.7991943359375
1550,1564,745A6337,2184,0.11594735085964203,28.067279815673828,31.168684005737305,21415.447265625,E,1092.567138671875
1551,1561,745A6337,2185,0.07669337093830109,17.699283599853516,30.32857894897461,12786.44140625,E,1719.244384765625
1551,1567,745A6337,2186,0.6560500264167786,87.16224670410156,22.876569747924805,35826.1484375,E,1739.1343994140625
1552,1563,745A6337,2187,0.10673831403255463,34.509132385253906,26.27915382385254,18717.451171875,E,1026.6737060546875
1553,1558,745A6337,2188,0.3115168511867523,85.2754898071289,33.195308685302734,73801.890625,E,1362.1240234375
1553,1559,745A6337,2189,0.13929252326488495,46.395484924316406,28.09524917602539,28762.814453125,E,1314.3741455078125
1553,1568,745A6337,2190,0.04219118133187294,36.47220993041992,18.642070770263672,9954.9765625,E,1334.806396484375
1554,1556,745A6337,2191,0.015831302851438522,3.6656415462493896,30.43313217163086,2666.448486328125,E,1051.9273681640625
1555,1629,745A6337,2192,0.5687592029571533,139.8916778564453,30.022024154663086,99028.84375,E,1648.364013671875
1555,1678,745A6337,2193,1.3033268451690674,321.0264587402344,31.87224769592285,256127.421875,E,1758.284423828125
1556,1563,745A6337,2194,0.14742036163806915,42.7298469543457,27.983434677124023,26279.873046875,E,1044.9033203125
1556,1571,745A6337,2195,0.0999748632311821,39.50891876220703,29.55445098876953,27103.83984375,E,1065.1038818359375
1557,1558,745A6337,2196,0.012076434679329395,3.6656415462493896,34.84461212158203,3495.5146484375,E,1397.5303955078125
1557,1589,745A6337,2197,0.563515305519104,148.66502380371094,32.57322311401367,123885.4140625,E,1463.14111328125
1558,1599,745A6337,2198,0.3605351448059082,78.57312774658203,27.84510612487793,47847.765625,E,1416.12939453125
1559,1568,745A6337,2199,0.1566033661365509,40.137847900390625,32.13063430786133,32544.87109375,E,1321.629638671875
1560,1609,745A6337,2200,0.6004833579063416,165.9196014404297,33.24050521850586,143986.84375,E,1453.3236083984375
1560,1618,745A6337,2201,0.4685550332069397,119.78463745117188,30.24226188659668,86043.796875,E,1392.767822265625
1561,1567,745A6337,2202,0.08342581242322922,18.144001007080078,29.52084732055664,12418.8271484375,E,1725.6866455078125
1562,1608,745A6337,2203,0.6927130818367004,96.19610595703125,24.215131759643555,44301.76953125,E,869.796630859375
1562,2056,745A6337,2204,2.6636760234832764,832.1732788085938,35.88138198852539,841476.5,F,416.08782958984375
1563,1574,745A6337,2205,0.16272218525409698,40.76676940917969,24.502025604248047,19222.068359375,E,1061.2088623046875
1564,1572,745A6337,2206,0.36649560928344727,57.837127685546875,22.229536056518555,22446.953125,E,1128.186767578125
1564,1585,745A6337,2207,0.18598324060440063,49.43220520019531,26.467201232910156,27196.68359375,E,1117.5325927734375
1565,1573,745A6337,2208,0.2384176254272461,34.509132385253906,24.9330997467041,16849.091796875,E,1258.3629150390625
1565,1603,745A6337,2209,1.4429678916931152,89.30953979492188,18.239763259887695,23335.984375,E,1289.227783203125
1566,1572,745A6337,2210,0.09354725480079651,34.95384979248047,19.582305908203125,10527.1923828125,E,1155.8026123046875
1566,1600,745A6337,2211,0.4864904582500458,60.42912673950195,22.450448989868164,23921.3828125,E,1188.2572021484375
1567,1591,745A6337,2212,1.4880092144012451,251.53192138671875,29.271446228027344,169266.625,E,1647.6571044921875
1568,1611,745A6337,2213,0.46908313035964966,98.78811645507812,29.275707244873047,66498.1171875,E,1386.2750244140625
1569,1581,745A6337,2214,0.14127428829669952,32.361846923828125,30.23352813720703,23232.76171875,E,914.2728881835938
1569,1598,745A6337,2215,0.20522601902484894,53.726768493652344,27.59639549255371,32135.51953125,E,926.6849365234375
1570,1579,745A6337,2216,0.19494889676570892,34.509132385253906,27.29131507873535,20187.048828125,E,1223.0224609375
1570,1602,745A6337,2217,0.18205730617046356,47.913848876953125,23.006118774414062,19917.62890625,E,1220.9500732421875
1571,1574,745A6337,2218,0.04579761624336243,10.99692440032959,30.98202133178711,8290.498046875,E,1079.638671875
1571,1586,745A6337,2219,0.17156663537025452,54.80040740966797,28.73223304748535,35531.40625,E,1102.497314453125
1572,1601,745A6337,2220,0.37586551904678345,44.87712860107422,21.839208602905273,16810.814453125,E,1171.6646728515625
1573,1579,745A6337,2221,0.3364049196243286,41.65620803833008,15.172516822814941,7531.55908203125,E,1248.142578125
1573,1584,745A6337,2222,0.15846511721611023,19.217641830444336,22.016754150390625,7316.38525390625,E,1265.9462890625
1574,1639,745A6337,2223,0.5975651144981384,115.6742935180664,29.218055725097656,77558.4921875,E,1111.5111083984375
1575,1591,745A6337,2224,0.05670316144824028,29.325130462646484,16.08056640625,5955.6962890625,E,1545.739501953125
1575,1596,745A6337,2225,0.16028738021850586,28.69620704650879,27.038116455078125,16476.5859375,E,1531.779541015625
1577,1634,745A6337,2226,0.5003665685653687,117.74526977539062,30.703994750976562,87181.25,E,1857.282958984375
1578,1582,745A6337,2227,0.026972491294145584,6.257641315460205,30.460237503051758,4560.02392578125,E,905.0171508789062
1579,1595,745A6337,2228,0.09577592462301254,16.625642776489258,26.29754638671875,9030.2294921875,E,1245.8060302734375
1580,1640,745A6337,2229,0.43804916739463806,98.4197006225586,30.14552879333496,70245.3828125,E,1038.4080810546875
1580,1668,745A6337,2230,0.9361982345581055,173.9561309814453,25.983064651489258,92238.1015625,E,1087.8310546875
1581,1594,745A6337,2231,0.07595053315162659,16.180925369262695,29.17609405517578,10818.013671875,E,926.91845703125
1581,1598,745A6337,2232,0.0776490643620491,39.064205169677734,17.17157554626465,9046.6787109375,E,936.42626953125
1582,1588,745A6337,2233,0.1864798665046692,43.61928176879883,30.685453414916992,32257.705078125,E,903.54638671875
1582,1594,745A6337,2234,0.2528974413871765,55.68984603881836,21.531105041503906,20276.7578125,E,917.3358154296875
1583,1615,745A6337,2235,0.24818123877048492,61.242252349853516,31.588518142700195,47995.39453125,E,898.4171142578125
1583,2056,745A6337,2236,2.7252378463745117,876.099853515625,35.88138198852539,885894.1875,F,438.0506896972656
1584,1603,745A6337,2237,0.16943366825580597,20.920207977294922,22.26361083984375,8144.1748046875,E,1282.057373046875
1584,1606,745A6337,2238,0.09347045421600342,31.917129516601562,17.808565139770508,7950.08154296875,E,1270.6778564453125
1585,1586,745A6337,2239,0.018340233713388443,5.184000015258789,33.624847412109375,4603.3662109375,E,1128.19140625
1585,1631,745A6337,2240,0.38825199007987976,97.26976013183594,31.69635581970215,76751.4140625,E,1176.751953125
1586,1648,745A6337,2241,0.47705239057540894,106.19569396972656,30.193571090698242,76037.1328125,E,1153.328369140625
1587,1590,745A6337,2242,0.1408761441707611,44.248207092285156,29.753019332885742,30764.34375,E,1301.5828857421875
1587,1612,745A6337,2243,0.1557561457157135,40.137847900390625,32.20759582519531,32700.966796875,E,1305.1759033203125
1588,1637,745A6337,2244,0.30972790718078613,91.90154266357422,28.133766174316406,57130.55078125,E,941.3180541992188
1589,1597,745A6337,2245,0.29494595527648926,36.472206115722656,18.433692932128906,9733.6689453125,E,1546.409912109375
1589,1610,745A6337,2246,0.11539928615093231,23.956924438476562,28.989742279052734,15812.83203125,E,1542.735107421875
1590,1612,745A6337,2247,0.10717327892780304,37.10112762451172,15.369034767150879,6882.8798828125,E,1321.709716796875
1590,1625,745A6337,2248,1.9880045652389526,193.54214477539062,23.146995544433594,81443.171875,E,1397.8009033203125
1591,1596,745A6337,2249,0.2827947437763214,36.91692352294922,17.374025344848633,8752.1806640625,E,1548.7520751953125
1593,1605,745A6337,2250,0.15391838550567627,34.32492446899414,23.86673355102539,15356.259765625,E,978.8967895507812
1593,1632,745A6337,2251,0.20751982927322388,62.836917877197266,29.96216583251953,44304.83984375,E,1011.7444458007812
1594,1622,745A6337,2252,0.1591668725013733,54.6161994934082,30.517351150512695,39948.91796875,E,954.4183349609375
1595,1602,745A6337,2253,0.12026780843734741,20.291284561157227,26.003860473632812,10776.4345703125,E,1245.2384033203125
1595,1606,745A6337,2254,0.15617452561855316,22.438568115234375,20.983341217041016,7759.509765625,E,1260.2950439453125
1596,1609,745A6337,2255,0.0444829985499382,18.328208923339844,31.40894317626953,14200.9228515625,E,1532.4971923828125
1597,1607,745A6337,2256,1.3724679946899414,69.9076919555664,11.499670028686523,7260.8193359375,E,1591.169189453125
1597,1610,745A6337,2257,0.823764979839325,27.17784881591797,16.92988395690918,6118.048828125,E,1557.7720947265625
1598,1617,745A6337,2258,0.2079281210899353,47.4691276550293,30.346729278564453,34334.0390625,E,969.9908447265625
1599,1611,745A6337,2259,0.4186064898967743,30.843490600585938,14.172987937927246,4866.04638671875,E,1436.4000244140625
1599,1628,745A6337,2260,1.0893809795379639,57.837127685546875,10.872539520263672,5369.8056640625,E,1461.5819091796875
1600,1601,745A6337,2261,0.28473421931266785,23.328001022338867,15.531671524047852,4419.81201171875,E,1201.164306640625
1600,1616,745A6337,2262,0.6124117374420166,54.6161994934082,19.035446166992188,15543.09375,E,1226.2034912109375
1601,1616,745A6337,2263,0.42245227098464966,37.990562438964844,12.739765167236328,4842.7099609375,E,1208.3319091796875
1602,1638,745A6337,2264,0.41313403844833374,67.13148498535156,23.36979103088379,28795.578125,E,1258.8175048828125
1603,1614,745A6337,2265,0.2104911208152771,28.69620704650879,23.752883911132812,12715.900390625,E,1295.7728271484375
1605,1617,745A6337,2266,0.2947390675544739,59.53969192504883,23.92146110534668,26759.123046875,E,987.1509399414062
1606,1614,745A6337,2267,0.21532611548900604,30.843490600585938,18.65223503112793,8427.818359375,E,1285.362060546875
1607,1629,745A6337,2268,0.2940065264701843,66.8709716796875,26.655670166015625,37317.00390625,E,1644.85986328125
1608,1619,745A6337,2269,0.33307909965515137,49.17169189453125,21.148130416870117,17272.25390625,E,924.7601318359375
1608,1623,745A6337,2270,0.39723268151283264,91.90155029296875,27.3049373626709,53813.9765625,E,917.6917724609375
1609,1672,745A6337,2271,0.9634966254234314,263.6340637207031,33.12628173828125,227214.890625,E,1654.800048828125
1611,1625,745A6337,2272,0.2383495271205902,37.10112762451172,25.188142776489258,18487.123046875,E,1450.12548828125
1612,1739,745A6337,2273,1.1402077674865723,313.03466796875,33.185298919677734,270753.3125,E,1457.0745849609375
1613,1627,745A6337,2274,0.08948050439357758,24.401639938354492,27.363388061523438,14349.8916015625,E,928.4423828125
1613,2056,745A6337,2275,2.9194164276123047,916.9161376953125,35.88138198852539,927166.75,F,458.45977783203125
1614,1620,745A6337,2276,0.08009151369333267,18.772924423217773,30.549297332763672,13760.1845703125,E,1307.3292236328125
1615,1623,745A6337,2277,0.08042339235544205,21.99384880065918,33.03820037841797,18854.884765625,E,929.1212158203125
1615,1633,745A6337,2278,0.19148650765419006,39.248409271240234,23.57195472717285,17127.861328125,E,934.3534545898438
1616,1631,745A6337,2279,0.3266802132129669,37.10112762451172,16.757244110107422,8182.427734375,E,1223.690185546875
1617,1635,745A6337,2280,0.0831412822008133,22.883283615112305,33.13694381713867,19734.81640625,E,1000.8282470703125
1619,1650,745A6337,2281,0.43532299995422363,64.72368621826172,19.063905715942383,18474.677734375,E,968.6259765625
1619,1651,745A6337,2282,0.7588788270950317,79.3862533569336,20.144412994384766,25301.390625,E,964.21484375
1620,1655,745A6337,2283,0.27382761240005493,64.72368621826172,27.57146453857422,38643.171875,E,1322.359619140625
1620,1691,745A6337,2284,1.1223396062850952,303.77191162109375,32.92401885986328,258620.625,E,1449.43115234375
1621,1638,745A6337,2285,0.18976399302482605,41.21148681640625,29.750642776489258,28648.43359375,E,1259.097900390625
1621,1641,745A6337,2286,10.92456340789795,153.035888671875,15.661116600036621,29480.076171875,E,1210.3167724609375
1622,1637,745A6337,2287,0.16299697756767273,40.137847900390625,31.568675994873047,31416.419921875,E,977.2484130859375
1622,1664,745A6337,2288,0.3338943421840668,87.42277526855469,32.39786911010742,72068.8125,E,1015.7533569335938
1623,1626,745A6337,2289,0.013435490429401398,3.6656415462493896,33.03529739379883,3141.928955078125,E,938.6644897460938
1624,1627,745A6337,2290,0.14967593550682068,39.064208984375,32.4370231628418,32281.29296875,E,943.8500366210938
1624,2056,745A6337,2291,3.02386736869812,940.0994873046875,35.88138198852539,950609.25,F,470.0514831542969
1625,1628,745A6337,2292,0.042450129985809326,8.849641799926758,28.852516174316406,5786.060546875,E,1470.69140625
1626,1651,745A6337,2293,0.2585751414299011,65.35261535644531,31.842975616455078,52045.13671875,E,958.9939575195312
1626,1656,745A6337,2294,0.25694096088409424,50.9505615234375,24.830923080444336,24673.150390625,E,963.1173095703125
1627,1630,745A6337,2295,0.1275985985994339,33.25128173828125,32.29092025756836,27230.716796875,E,941.8596801757812
1628,1645,745A6337,2296,0.14937324821949005,33.435489654541016,29.845428466796875,23391.236328125,E,1489.321044921875
1629,1657,745A6337,2297,0.21731790900230408,47.72964096069336,29.558963775634766,32753.40625,E,1689.958251953125
1630,1633,745A6337,2298,0.23278003931045532,43.803489685058594,27.77946662902832,26548.892578125,E,942.72265625
1630,1659,745A6337,2299,0.5509927272796631,57.20820617675781,19.107107162475586,16403.55859375,E,969.7222900390625
1631,1636,745A6337,2300,0.022306859493255615,5.184000015258789,30.48734474182129,3784.37451171875,E,1224.9970703125
1632,1640,745A6337,2301,0.22426050901412964,57.20820617675781,32.220184326171875,46644.91015625,E,1053.836669921875
1632,1642,745A6337,2302,0.0717589482665062,18.772924423217773,32.22502136230469,15311.166015625,E,1043.39794921875
1633,1652,745A6337,2303,0.29910212755203247,34.32492446899414,14.125553131103516,5379.109375,E,961.7472534179688
1634,1666,745A6337,2304,4.239711761474609,395.27349853515625,30.350143432617188,285962.5,E,2077.565673828125
1634,1729,745A6337,2305,1.1085588932037354,260.9342041015625,30.92681121826172,196015.84375,E,2008.857177734375
1635,1643,745A6337,2306,0.5317625999450684,72.76020812988281,22.61695671081543,29231.5703125,E,1027.9825439453125
1635,1680,745A6337,2307,0.5720400810241699,123.4502944946289,29.552669525146484,84678.9453125,E,1065.17236328125
1636,1646,745A6337,2308,0.08495806157588959,24.585847854614258,28.5865421295166,15779.6845703125,E,1227.13232421875
1636,1726,745A6337,2309,1.0335026979446411,256.9316711425781,30.49796485900879,187693.515625,E,1342.8726806640625
1637,1649,745A6337,2310,0.10723277926445007,25.03056526184082,30.56188201904297,18362.03125,E,990.8401489257812
1638,1658,745A6337,2311,0.20743942260742188,47.913848876953125,30.443891525268555,34877.97265625,E,1293.074951171875
1639,1669,745A6337,2312,0.31975406408309937,87.16226196289062,33.071598052978516,74873.6015625,E,1173.7247314453125
1640,1676,745A6337,2313,0.35746097564697266,90.4594955444336,29.331708908081055,61124.984375,E,1110.7423095703125
1641,1644,745A6337,2314,0.07495203614234924,3.6656415462493896,13.9866361618042,563.2048950195312,E,1178.4423828125
1641,1647,745A6337,2315,5.801858901977539,97.97498321533203,12.598989486694336,12214.5234375,E,1158.82958984375
1642,1643,745A6337,2316,0.011833756230771542,2.5920000076293945,29.59962272644043,1783.59912109375,E,1048.794677734375
1642,1675,745A6337,2317,0.5625303387641907,91.71734619140625,24.100893020629883,41841.53515625,E,1091.6114501953125
1643,1680,745A6337,2318,1.1293234825134277,108.3429946899414,16.72820472717285,23811.642578125,E,1086.094970703125
1644,1647,745A6337,2319,0.2337062805891037,7.331283092498779,11.520000457763672,764.1433715820312,E,1179.3721923828125
1645,1670,745A6337,2320,0.3941163718700409,99.86175537109375,31.96935272216797,80159.828125,E,1552.6337890625
1645,1673,745A6337,2321,0.45847851037979126,79.2020492553711,21.075620651245117,27630.392578125,E,1516.9583740234375
1646,1648,745A6337,2322,0.3626123070716858,86.34912109375,29.009286880493164,57071.83984375,E,1205.3096923828125
1646,1687,745A6337,2323,0.5587887167930603,113.97171020507812,29.606739044189453,78463.578125,E,1260.137939453125
1647,1653,745A6337,2324,1.4762794971466064,16.180923461914062,6.891670227050781,603.5901489257812,E,1187.044677734375
1648,1669,745A6337,2325,0.2808520495891571,69.9076919555664,24.817855834960938,33817.64453125,E,1202.470703125
1649,1650,745A6337,2326,0.1577681005001068,34.32492446899414,29.505796432495117,23470.05859375,E,1000.0247192382812
1649,1664,745A6337,2327,0.3671993315219879,71.42605590820312,23.295940399169922,30444.375,E,1030.316650390625
1650,1663,745A6337,2328,0.5556032657623291,75.09169006347656,21.598983764648438,27513.6640625,E,1003.9002075195312
1651,1665,745A6337,2329,0.1747639924287796,43.803489685058594,31.652894973754883,34468.74609375,E,1001.7550659179688
1652,1656,745A6337,2330,0.4895980656147003,31.73292350769043,13.312860488891602,4417.15625,E,982.29443359375
1652,1659,745A6337,2331,0.5645871162414551,45.32184600830078,15.491012573242188,8541.951171875,E,988.5912475585938
1654,1660,745A6337,2332,0.18194904923439026,25.03056526184082,24.720563888549805,12013.7138671875,E,1005.2141723632812
1654,2056,745A6337,2333,3.262218713760376,995.8475952148438,35.88138198852539,1006980.625,F,497.92559814453125
1655,1658,745A6337,2334,0.26366421580314636,43.174560546875,20.209468841552734,13849.29296875,E,1321.5748291015625
1655,1688,745A6337,2335,0.8236929178237915,91.97785186767578,20.054288864135742,29052.779296875,E,1370.095703125
1656,1686,745A6337,2336,0.4396018087863922,87.86748504638672,28.48722267150879,56003.90625,E,1026.3499755859375
1657,1683,745A6337,2337,0.5003697872161865,90.19898223876953,27.170936584472656,52299.8828125,E,1742.750244140625
1657,1697,745A6337,2338,0.5542888641357422,108.78771209716797,23.988704681396484,49168.08984375,E,1722.6475830078125
1658,1717,745A6337,2339,0.6706163883209229,165.5511932373047,31.43319320678711,128469.25,E,1376.593017578125
1659,1679,745A6337,2340,0.6299563646316528,75.27589416503906,19.957061767578125,23547.185546875,E,1023.7924194335938
1660,1667,745A6337,2341,0.15057244896888733,41.65620803833008,15.897600173950195,8268.615234375,E,1022.9201049804688
1660,1671,745A6337,2342,0.19496281445026398,47.0244140625,30.998287200927734,35488.58203125,E,1024.9482421875
1661,1667,745A6337,2343,0.06256378442049026,13.588926315307617,30.303020477294922,9800.46875,E,1029.311279296875
1661,2056,745A6337,2344,3.378058671951294,1024.8074951171875,35.88138198852539,1036264.25,F,512.4053955078125
1662,1672,745A6337,2345,0.17491625249385834,57.39240646362305,30.31696128845215,41430.0703125,E,1786.4481201171875
1663,1665,745A6337,2346,0.061282411217689514,20.291284561157227,27.375585556030273,11943.3525390625,E,1019.9951782226562
1663,1677,745A6337,2347,0.6669699549674988,149.81497192382812,28.720155715942383,97055.171875,E,1050.7752685546875
1664,1677,745A6337,2348,0.10573602467775345,32.17763900756836,34.858680725097656,30709.017578125,E,1066.321533203125
1665,1695,745A6337,2349,0.3208688497543335,76.42584228515625,30.905065536499023,57330.9921875,E,1056.495361328125
1667,1689,745A6337,2350,0.31233471632003784,58.726558685302734,27.655393600463867,35276.38671875,E,1060.5001220703125
1668,1693,745A6337,2351,0.319780170917511,80.90460968017578,32.070430755615234,65354.0859375,E,1196.221435546875
1668,1732,745A6337,2352,0.714576780796051,174.4771270751953,31.59221839904785,136769.296875,E,1229.26513671875
1669,1692,745A6337,2353,0.2207033485174179,62.131690979003906,33.54251480102539,54902.77734375,E,1244.21533203125
1670,1697,745A6337,2354,0.6530871391296387,167.25375366210938,30.801448822021484,124625.8203125,E,1668.6065673828125
1670,1791,745A6337,2355,1.3157525062561035,339.6914978027344,32.404544830322266,280147.28125,E,1738.9476318359375
1671,1679,745A6337,2356,0.35941070318222046,64.09477233886719,24.06524085998535,29153.6484375,E,1041.01220703125
1671,1722,745A6337,2357,0.6476584672927856,140.44436645507812,29.606090545654297,96684.3828125,E,1091.607666015625
1672,1701,745A6337,2358,0.4769621193408966,119.07941436767578,31.740251541137695,94220.9140625,E,1832.160400390625
1673,1690,745A6337,2359,0.3570183217525482,91.71733093261719,32.08965301513672,74177.3515625,E,1516.2882080078125
1673,1790,745A6337,2360,1.160560131072998,320.5501403808594,33.240055084228516,278169.375,E,1664.4798583984375
1674,1715,745A6337,2361,0.6217181086540222,100.38279724121094,27.76658821105957,60784.6875,E,1107.48974609375
1674,2056,745A6337,2362,3.5266826152801514,1062.5208740234375,35.88138198852539,1074399.25,F,531.2620849609375
1675,1676,745A6337,2363,0.22990010678768158,29.58563995361328,23.8277645111084,13192.814453125,E,1138.533447265625
1675,1734,745A6337,2364,1.678556203842163,160.627685546875,21.057207107543945,55938.62890625,E,1199.757568359375
1676,1733,745A6337,2365,1.1745645999908447,154.81475830078125,22.479637145996094,61444.19140625,E,1215.5245361328125
1677,1694,745A6337,2366,0.4739891588687897,86.53333282470703,25.866968154907227,45474.12890625,E,1100.18359375
1677,1709,745A6337,2367,0.25383174419403076,74.72328186035156,34.324459075927734,69143.796875,E,1115.1895751953125
1678,1729,745A6337,2368,1.4609884023666382,237.34564208984375,24.856616973876953,115174.1875,E,2000.5614013671875
1678,1750,745A6337,2369,1.191573143005371,187.17660522460938,25.64236831665039,96662.4375,E,1937.92431640625
1679,1700,745A6337,2370,0.3730216920375824,85.64389038085938,27.722850799560547,51696.60546875,E,1074.072509765625
1680,1706,745A6337,2371,0.21416233479976654,57.65291976928711,32.768245697021484,48620.29296875,E,1149.6915283203125
1681,1684,745A6337,2372,1.09649658203125,12.51528263092041,12.035011291503906,1423.716552734375,E,1174.862060546875
1681,2056,745A6337,2373,3.928006649017334,1169.7762451171875,35.88138198852539,1182853.75,F,584.889892578125
1682,1703,745A6337,2374,2.683086395263672,49.43220520019531,10.779104232788086,4510.9208984375,E,1184.2318115234375
1682,2056,745A6337,2375,3.912709951400757,1164.4052734375,35.88138198852539,1177422.625,F,582.198974609375
1683,1705,745A6337,2376,0.6488415598869324,57.837127685546875,14.450824737548828,9485.97265625,E,1784.42333984375
1683,1753,745A6337,2377,1.1218998432159424,232.530029296875,29.063217163085938,154261.046875,E,1887.457763671875
1685,1717,745A6337,2378,2.2286570072174072,173.25086975097656,25.127561569213867,85914.40625,E,1454.292724609375
1686,1696,745A6337,2379,0.12866485118865967,34.95384979248047,26.695058822631836,19563.50390625,E,1073.9755859375
1686,1699,745A6337,2380,0.15138761699199677,32.80656433105469,29.406496047973633,22281.12890625,E,1080.7427978515625
1687,1692,745A6337,2381,0.27658316493034363,50.9505615234375,25.84963035583496,26739.146484375,E,1280.68017578125
1687,1724,745A6337,2382,0.4260708689689636,86.34912109375,24.83745574951172,41837.14453125,E,1331.2958984375
1689,1752,745A6337,2383,1.4862136840820312,203.91015625,24.111347198486328,93104.71875,E,1145.943359375
1689,1758,745A6337,2384,0.6839054226875305,179.8453369140625,32.517051696777344,149352.109375,E,1167.4395751953125
1691,1721,745A6337,2385,0.6139379739761353,173.51138305664062,33.61012268066406,153942.328125,E,1667.2763671875
1691,1735,745A6337,2386,0.4362979531288147,125.4133529663086,31.81031608581543,99671.1796875,E,1618.66650390625
1692,1704,745A6337,2387,0.09763284772634506,25.47528076171875,32.31156539916992,20889.345703125,E,1282.8291015625
1693,1704,745A6337,2388,1.0109204053878784,94.75403594970703,17.853097915649414,23720.00390625,E,1261.054443359375
1693,1713,745A6337,2389,0.37116241455078125,48.98748779296875,24.492158889770508,23079.6484375,E,1252.427001953125
1695,1714,745A6337,2390,0.23982062935829163,54.35569381713867,26.212430953979492,29332.53125,E,1109.1153564453125
1695,1742,745A6337,2391,0.5258236527442932,133.81826782226562,31.910985946655273,107025.1171875,E,1151.8536376953125
1696,1699,745A6337,2392,0.14290884137153625,37.54584884643555,13.424187660217285,5314.0771484375,E,1093.1895751953125
1696,1700,745A6337,2393,0.10931213945150375,25.03056526184082,30.28178596496582,18027.001953125,E,1088.4005126953125
1697,1707,745A6337,2394,0.1769333779811859,38.61948776245117,29.613698959350586,26600.00390625,E,1761.36376953125
1699,1711,745A6337,2395,0.13474370539188385,26.993640899658203,28.387250900268555,17084.33203125,E,1107.9866943359375
1700,1702,745A6337,2396,0.02045317366719246,5.184000015258789,31.822303771972656,4123.04541015625,E,1096.4190673828125
1702,1716,745A6337,2397,0.2994266450405121,58.4660530090332,21.288959503173828,20811.45703125,E,1116.4781494140625
1702,1725,745A6337,2398,0.29954513907432556,70.0918960571289,27.058446884155273,40305.4140625,E,1122.7412109375
1704,1708,745A6337,2399,0.07390820980072021,19.846567153930664,32.762298583984375,16731.080078125,E,1300.729736328125
1705,1707,745A6337,2400,0.12058398127555847,31.73292350769043,24.322689056396484,14744.2646484375,E,1788.09912109375
1705,1723,745A6337,2401,0.1885368824005127,42.7298469543457,23.87892723083496,19135.986328125,E,1811.7913818359375
1706,1731,745A6337,2402,0.3339923024177551,78.12841033935547,30.67030906677246,57721.1796875,E,1213.76904296875
1706,1755,745A6337,2403,0.7054415941238403,171.73251342773438,29.7567138671875,119429.703125,E,1220.8660888671875
1707,1712,745A6337,2404,0.025754952803254128,6.257641315460205,31.164987564086914,4773.47314453125,E,1779.0059814453125
1708,1724,745A6337,2405,0.4736001789569855,79.20204162597656,25.360458374023438,40007.41015625,E,1337.391357421875
1708,1740,745A6337,2406,0.3937848210334778,91.08841705322266,30.680896759033203,67342.4921875,E,1348.11181640625
1709,1741,745A6337,2407,0.5279365181922913,99.49333190917969,26.013513565063477,52878.8359375,E,1181.4683837890625
1709,1745,745A6337,2408,0.4462358057498932,98.86441802978516,29.898754119873047,69412.2421875,E,1195.19580078125
1710,1721,745A6337,2409,0.6256804466247559,146.77825927734375,30.87041473388672,109859.2265625,E,1785.1435546875
1711,1714,745A6337,2410,0.355677992105484,57.65291976928711,19.94500160217285,18012.72265625,E,1122.6502685546875
1711,1716,745A6337,2411,0.04998883977532387,10.99692440032959,29.645366668701172,7590.57666015625,E,1124.6588134765625
1712,1723,745A6337,2412,0.1438516229391098,40.76676940917969,27.63218879699707,24447.06640625,E,1799.3291015625
1712,1789,745A6337,2413,1.1049728393554688,215.243896484375,28.695627212524414,139204.140625,E,1836.38720703125
1713,1743,745A6337,2414,1.6473593711853027,116.3031997680664,16.01046371459961,23414.7421875,E,1321.545654296875
1713,1756,745A6337,2415,0.7237347364425659,130.15261840820312,25.007265090942383,63925.65234375,E,1331.5914306640625
1714,1720,745A6337,2416,0.0782146081328392,16.625642776489258,29.14366340637207,11090.640625,E,1135.30810546875
1716,1718,745A6337,2417,0.04463086277246475,9.923283576965332,29.807998657226562,6924.85888671875,E,1132.370849609375
1717,1719,745A6337,2418,0.014211706817150116,3.6656415462493896,32.12046813964844,2970.322509765625,E,1454.66064453125
1718,1727,745A6337,2419,0.5254864692687988,51.57948684692383,15.564705848693848,9814.060546875,E,1144.935791015625
1718,1736,745A6337,2420,0.2836250960826874,59.800209045410156,29.20134925842285,40049.625,E,1163.432373046875
1719,1744,745A6337,2421,0.8448466062545776,201.5786895751953,30.119333267211914,143623.40625,E,1534.08056640625
1719,1830,745A6337,2422,1.3411593437194824,331.28656005859375,31.706920623779297,261578.359375,E,1596.6453857421875
1720,1727,745A6337,2423,0.11162993311882019,21.99384880065918,28.066207885742188,13606.8818359375,E,1150.12890625
1720,1728,745A6337,2424,0.3936305046081543,61.947486877441406,18.816564559936523,17226.388671875,E,1165.5029296875
1721,1730,745A6337,2425,0.19675284624099731,55.874053955078125,28.958463668823242,36800.27734375,E,1767.5238037109375
1722,1725,745A6337,2426,0.014748123474419117,3.6656415462493896,31.53091812133789,2862.28662109375,E,1145.601806640625
1722,1746,745A6337,2427,0.42616501450538635,75.98112487792969,25.007831573486328,37320.51953125,E,1178.06787109375
1723,1749,745A6337,2428,0.4591692090034485,91.90155029296875,28.553010940551758,58845.94140625,E,1855.7891845703125
1724,1748,745A6337,2429,0.4949661195278168,140.44436645507812,33.67289733886719,125070.5859375,E,1426.0076904296875
1725,1736,745A6337,2430,0.48718178272247314,111.56389617919922,27.983428955078125,68614.4140625,E,1174.446044921875
1726,1747,745A6337,2431,0.4365972876548767,112.82176971435547,32.27846145629883,92322.6875,E,1515.19873046875
1726,1751,745A6337,2432,0.29197385907173157,71.68656921386719,31.507577896118164,55893.0390625,E,1491.8695068359375
1727,1728,745A6337,2433,0.09239112585783005,17.699283599853516,27.621862411499023,10605.99609375,E,1165.0496826171875
1728,1738,745A6337,2434,0.1654365360736847,32.361846923828125,27.958484649658203,19867.83203125,E,1185.403564453125
1729,1774,745A6337,2435,0.617868959903717,107.52985382080078,27.429967880249023,63543.265625,E,2131.124267578125
1730,1766,745A6337,2436,4.32404088973999,171.10357666015625,24.482194900512695,80547.0546875,E,1866.1591796875
1730,1778,745A6337,2437,3.3153162002563477,143.92575073242188,25.22361183166504,71918.8828125,E,1855.0992431640625
1731,1734,745A6337,2438,0.06936672329902649,22.438568115234375,30.477174758911133,16369.462890625,E,1256.48486328125
1731,1825,745A6337,2439,1.220906376838684,266.378662109375,30.614564895629883,196085.5,E,1353.1566162109375
1732,1763,745A6337,2440,0.29339390993118286,76.16533660888672,25.24404525756836,38121.078125,E,1323.0684814453125
1732,1776,745A6337,2441,0.5858851671218872,115.22956085205078,28.772001266479492,74919.3359375,E,1355.5281982421875
1734,1757,745A6337,2442,0.24962761998176575,62.131690979003906,31.54819679260254,48568.21484375,E,1294.15283203125
1735,1744,745A6337,2443,0.2555372416973114,60.87384796142578,27.333494186401367,35719.9609375,E,1631.5765380859375
1735,1765,745A6337,2444,0.3383009135723114,69.7234878540039,28.873458862304688,45652.71875,E,1674.9864501953125
1736,1737,745A6337,2445,0.014882153831422329,3.6656415462493896,31.38861083984375,2836.50830078125,E,1191.792236328125
1737,1738,745A6337,2446,0.18580783903598785,39.95363998413086,23.63294219970703,17525.958984375,E,1195.363037109375
1737,1761,745A6337,2447,0.26907432079315186,52.024200439453125,27.94866371154785,31916.65625,E,1216.55419921875
1738,1761,745A6337,2448,0.7763034701347351,65.79733276367188,18.05421257019043,16844.390625,E,1222.1273193359375
1739,1747,745A6337,2449,0.08191993832588196,41.21148681640625,21.32555389404297,14720.033203125,E,1571.579833984375
1739,1762,745A6337,2450,0.30387282371520996,53.09784698486328,27.19219398498535,30835.802734375,E,1596.6920166015625
1740,1743,745A6337,2451,0.06662920862436295,21.809640884399414,29.111719131469727,14516.908203125,E,1380.49169921875
1740,1812,745A6337,2452,0.738684356212616,200.50502014160156,33.08910369873047,172419.0,E,1474.01513671875
1741,1745,745A6337,2453,0.22165028750896454,42.100929260253906,16.9005184173584,9444.5576171875,E,1229.44580078125
1741,1754,745A6337,2454,0.16804620623588562,47.0244140625,26.67218589782715,26274.259765625,E,1235.96142578125
1742,1754,745A6337,2455,0.22584831714630127,44.432411193847656,28.37840461730957,28103.84375,E,1230.30126953125
1742,1764,745A6337,2456,0.3751564025878906,73.12861633300781,25.73382568359375,38035.22265625,E,1232.132568359375
1743,1760,745A6337,2457,0.24389255046844482,55.4293327331543,30.702194213867188,41036.31640625,E,1385.97802734375
1744,1765,745A6337,2458,0.5504353642463684,90.64369201660156,25.00518035888672,44513.05859375,E,1662.7777099609375
1745,1755,745A6337,2459,0.15367932617664337,37.10112762451172,31.068422317504883,28126.482421875,E,1253.0211181640625
1746,1752,745A6337,2460,0.12122086435556412,35.39856719970703,17.290164947509766,8311.392578125,E,1219.2030029296875
1746,1769,745A6337,2461,0.25875377655029297,53.09784698486328,23.627470016479492,23280.978515625,E,1234.571533203125
1747,1759,745A6337,2462,0.11666270345449448,25.475284576416016,29.556934356689453,17479.447265625,E,1580.1842041015625
1748,1751,745A6337,2463,0.26541489362716675,46.211280822753906,23.89075469970703,20715.60546875,E,1502.9718017578125
1748,1784,745A6337,2464,1.654503583908081,111.8244400024414,16.79349708557129,24769.025390625,E,1534.2276611328125
1749,1780,745A6337,2465,1.117570161819458,213.5729217529297,27.60242462158203,127799.90625,E,2000.6510009765625
1749,1783,745A6337,2466,0.4556993544101715,96.27241516113281,29.473464965820312,65683.171875,E,1922.7003173828125
1750,1753,745A6337,2467,0.06643456965684891,10.99692440032959,21.04094123840332,3823.767333984375,E,1992.809814453125
1750,1768,745A6337,2468,0.36232924461364746,47.0244140625,22.832639694213867,19254.201171875,E,2016.388916015625
1751,1784,745A6337,2469,0.36778655648231506,89.38585662841797,31.242612838745117,68525.6796875,E,1551.556884765625
1752,1769,745A6337,2470,0.33295106887817383,58.9107666015625,27.13163185119629,34059.3515625,E,1244.585693359375
1753,1771,745A6337,2471,0.36504754424095154,47.4691276550293,23.26066017150879,20171.826171875,E,2004.9581298828125
1754,1779,745A6337,2472,0.26745864748954773,66.05784606933594,31.601226806640625,51811.0234375,E,1277.2822265625
1755,1813,745A6337,2473,0.5109184980392456,144.89149475097656,33.678306579589844,129072.375,E,1337.7095947265625
1756,1760,745A6337,2474,0.011978396214544773,3.6656415462493896,34.986915588378906,3524.1240234375,E,1391.680908203125
1756,1772,745A6337,2475,0.17184580862522125,47.0244140625,33.13151931762695,40541.14453125,E,1395.18359375
1757,1763,745A6337,2476,0.19903568923473358,36.472206115722656,27.78717803955078,22117.7421875,E,1333.40576171875
1757,1777,745A6337,2477,0.39953118562698364,52.024208068847656,20.86475372314453,17787.78515625,E,1341.6558837890625
1758,1794,745A6337,2478,0.5997539162635803,148.84922790527344,28.299673080444336,93626.6171875,E,1279.707763671875
1758,1840,745A6337,2479,0.8774437308311462,242.6822509765625,33.345088958740234,211929.609375,E,1358.944580078125
1759,1762,745A6337,2480,0.035746216773986816,25.475284576416016,26.651857376098633,14212.2841796875,E,1599.637939453125
1759,1833,745A6337,2481,0.9676809310913086,228.94070434570312,30.05364418029785,162407.921875,E,1637.4168701171875
1760,1785,745A6337,2482,0.3229420781135559,76.61004638671875,27.985855102539062,47125.15234375,E,1427.6788330078125
1761,1767,745A6337,2483,0.06944111734628677,15.107283592224121,29.501365661621094,10326.6748046875,E,1246.46435546875
1762,1788,745A6337,2484,0.3515259325504303,73.83384704589844,25.548261642456055,37850.1953125,E,1639.162841796875
1763,1770,745A6337,2485,0.06825602054595947,17.699283599853516,32.193077087402344,14406.8994140625,E,1354.0975341796875
1764,1773,745A6337,2486,1.0727959871292114,76.79425048828125,13.932424545288086,11707.7109375,E,1256.2642822265625
1764,1787,745A6337,2487,0.3422471582889557,74.20225524902344,26.086021423339844,39657.26171875,E,1283.802490234375
1765,1815,745A6337,2488,4.027028560638428,148.4808349609375,24.400157928466797,69429.75,E,1752.312255859375
1767,1773,745A6337,2489,0.1646677851676941,36.027488708496094,24.649412155151367,17192.419921875,E,1260.8272705078125
1767,1798,745A6337,2490,0.48507043719291687,98.86441802978516,28.60812759399414,63549.0078125,E,1296.5296630859375
1768,1771,745A6337,2491,0.17430797219276428,31.288206100463867,15.363954544067383,5800.64892578125,E,2029.2852783203125
1768,1780,745A6337,2492,0.6068103313446045,59.094974517822266,21.586448669433594,21627.32421875,E,2055.018798828125
1769,1775,745A6337,2493,0.08591187000274658,22.438568115234375,32.30089569091797,18387.140625,E,1266.765869140625
1770,1781,745A6337,2494,0.15865054726600647,38.61948776245117,31.29478645324707,29705.740234375,E,1373.64208984375
1770,1782,745A6337,2495,0.5229811668395996,83.94132995605469,21.577878952026367,30696.103515625,E,1393.2723388671875
1771,1780,745A6337,2496,0.24871040880680084,36.027488708496094,17.60817527770996,8773.0908203125,E,2039.4215087890625
1772,1776,745A6337,2497,0.10456238687038422,29.769847869873047,26.92291831970215,16947.69921875,E,1407.76220703125
1772,1785,745A6337,2498,0.37697669863700867,64.72368621826172,18.861629486083984,18084.7109375,E,1433.8927001953125
1773,1786,745A6337,2499,0.21264119446277618,41.21148681640625,28.268049240112305,25864.244140625,E,1289.90185546875
1775,1794,745A6337,2500,0.27507954835891724,59.984413146972656,29.790725708007812,41810.9921875,E,1300.8037109375
1775,1799,745A6337,2501,0.46184298396110535,83.94132995605469,25.19521141052246,41850.60546875,E,1305.455322265625
1776,1782,745A6337,2502,0.0806799978017807,21.36492347717285,32.494022369384766,17717.326171875,E,1415.51318359375
1777,1781,745A6337,2503,0.22764655947685242,31.2882080078125,17.62221336364746,7631.17626953125,E,1374.559814453125
1777,1796,745A6337,2504,0.6818341016769409,60.42912673950195,15.348706245422363,11180.9765625,E,1383.3604736328125
1779,1792,745A6337,2505,1.416111946105957,82.86768341064453,18.484052658081055,22236.65625,E,1311.4642333984375
1779,1807,745A6337,2506,0.29563701152801514,76.42584228515625,32.23590850830078,62374.91015625,E,1341.3736572265625
1781,1800,745A6337,2507,0.24468600749969482,54.17148971557617,29.815757751464844,37822.6875,E,1404.2254638671875
1782,1795,745A6337,2508,0.18852879106998444,35.843284606933594,28.063302993774414,22170.486328125,E,1438.390625
1784,1827,745A6337,2509,0.5195082426071167,117.45313262939453,30.548492431640625,86086.296875,E,1621.366943359375
1785,1831,745A6337,2510,0.4650573432445526,128.89476013183594,33.29481887817383,112222.1171875,E,1516.9267578125
1786,1787,745A6337,2511,0.009494486264884472,2.5920000076293945,33.04545593261719,2223.045654296875,E,1308.7835693359375
1787,1792,745A6337,2512,0.13129717111587524,32.361846923828125,24.54631233215332,15314.248046875,E,1320.76318359375
1787,1793,745A6337,2513,0.1022530198097229,27.17784881591797,32.59256362915039,22674.72265625,E,1318.0489501953125
1788,1835,745A6337,2514,0.5700460076332092,134.0787811279297,30.962108612060547,100951.0859375,E,1717.271240234375
1788,1837,745A6337,2515,1.1368098258972168,179.95323181152344,26.06386947631836,96012.3984375,E,1691.35888671875
1789,1791,745A6337,2516,0.04763273894786835,39.5089225769043,25.711624145507812,20513.705078125,E,1892.627685546875
1789,1809,745A6337,2517,0.3962232768535614,93.4198989868164,30.727231979370117,69274.9375,E,1948.5843505859375
1791,1821,745A6337,2518,0.30306941270828247,77.4994888305664,32.020999908447266,62410.62109375,E,1908.421630859375
1792,1801,745A6337,2519,0.35200583934783936,28.69620704650879,15.032148361206055,5092.79833984375,E,1339.974365234375
1793,1802,745A6337,2520,0.10487321019172668,44.87712860107422,23.151134490966797,18891.197265625,E,1335.892333984375
1793,1806,745A6337,2521,0.18923917412757874,36.47220993041992,28.098377227783203,22615.9296875,E,1342.818115234375
1794,1797,745A6337,2522,0.051515817642211914,12.51528263092041,31.1568546295166,9541.9638671875,E,1330.897705078125
1795,1819,745A6337,2523,3.4877004623413086,123.00555419921875,17.087696075439453,28208.60546875,E,1474.4056396484375
1795,1829,745A6337,2524,0.45117780566215515,104.67735290527344,30.941362380981445,78708.46875,E,1501.038330078125
1796,1800,745A6337,2525,0.36535221338272095,31.732927322387695,15.432929039001465,5936.03857421875,E,1416.00830078125
1796,1805,745A6337,2526,0.2593095600605011,25.03056526184082,19.75115394592285,7669.119140625,E,1413.45068359375
1797,1804,745A6337,2527,0.2406950294971466,54.171485900878906,20.992660522460938,18749.755859375,E,1341.3199462890625
1797,1847,745A6337,2528,0.6991591453552246,182.88204956054688,32.3829345703125,150623.71875,E,1421.9755859375
1798,1799,745A6337,2529,0.07160284370183945,20.736000061035156,26.926307678222656,11807.7861328125,E,1340.1710205078125
1798,1803,745A6337,2530,0.09196091443300247,19.846567153930664,29.384714126586914,13459.16796875,E,1345.309326171875
1799,1804,745A6337,2531,0.10380388051271439,18.328208923339844,23.834203720092773,8177.32373046875,E,1346.552001953125
1800,1810,745A6337,2532,0.12195980548858643,27.6225643157959,30.05093765258789,19591.599609375,E,1432.10498046875
1801,1811,745A6337,2533,0.19167397916316986,28.251487731933594,11.567436218261719,2968.967529296875,E,1361.729736328125
1801,1816,745A6337,2534,0.7019638419151306,56.31876754760742,15.844742774963379,11104.8681640625,E,1366.5457763671875
1802,1803,745A6337,2535,0.03442120924592018,7.776000022888184,30.057039260864258,5517.45166015625,E,1351.19677734375
1802,1808,745A6337,2536,0.17718447744846344,37.990562438964844,29.41229820251465,25812.11328125,E,1359.4844970703125
1803,1818,745A6337,2537,0.17895293235778809,41.84041213989258,16.74127197265625,9210.0654296875,E,1366.3486328125
1804,1818,745A6337,2538,0.25574827194213867,41.21148681640625,25.80093002319336,21546.607421875,E,1369.34033203125
1805,1810,745A6337,2539,0.3564684987068176,32.80656814575195,15.57813835144043,6252.90478515625,E,1432.817626953125
1805,1825,745A6337,2540,0.6481130719184875,70.98133087158203,17.098392486572266,16298.3837890625,E,1441.4415283203125
1806,1808,745A6337,2541,0.03144849091768265,7.331283092498779,30.500892639160156,5356.6708984375,E,1360.900634765625
1806,1811,745A6337,2542,0.16877344250679016,35.398563385009766,22.80451774597168,14458.3017578125,E,1364.3790283203125
1807,1822,745A6337,2543,0.1587926745414734,37.54584884643555,30.85848617553711,28080.25390625,E,1393.4710693359375
1807,1823,745A6337,2544,0.33800581097602844,65.79733276367188,22.128564834594727,25304.90234375,E,1391.1505126953125
1808,1824,745A6337,2545,0.1589267998933792,43.174560546875,27.023332595825195,24762.5625,E,1382.6917724609375
1809,1814,745A6337,2546,5.104074478149414,39.06420135498047,15.74658203125,7607.49072265625,E,2001.9564208984375
1809,1817,745A6337,2547,1.3590141534805298,24.585847854614258,8.375718116760254,1354.6253662109375,E,2001.6466064453125
1810,1891,745A6337,2548,2.120137929916382,415.1200866699219,29.016521453857422,274507.5625,E,1610.0947265625
1811,1816,745A6337,2549,0.22965949773788452,28.69620704650879,22.516857147216797,11426.939453125,E,1380.77392578125
1812,1826,745A6337,2550,0.3243245780467987,101.64063262939453,32.55754470825195,84617.5703125,E,1599.68701171875
1812,1864,745A6337,2551,0.8367295861244202,234.7220458984375,33.519927978515625,207133.296875,E,1663.5439453125
1813,1820,745A6337,2552,0.17675459384918213,43.803489685058594,25.158777236938477,21775.9765625,E,1408.9150390625
1813,1841,745A6337,2553,0.5113282203674316,104.9378662109375,28.767681121826172,68207.4453125,E,1455.3907470703125
1814,1817,745A6337,2554,0.185307115316391,22.438568115234375,21.77280044555664,8354.3681640625,E,2018.564208984375
1816,1823,745A6337,2555,0.16327449679374695,29.325130462646484,27.087812423706055,16899.650390625,E,1397.7159423828125
1818,1828,745A6337,2556,0.20096993446350098,51.76368713378906,32.079811096191406,41838.75,E,1400.5496826171875
1820,1822,745A6337,2557,0.31238600611686707,54.616207122802734,22.25054359436035,21236.9765625,E,1410.071044921875
1820,1843,745A6337,2558,1.5911422967910767,108.15878295898438,14.431702613830566,17692.40234375,E,1462.366455078125
1821,1839,745A6337,2559,0.46022456884384155,92.34626007080078,28.720714569091797,59827.33984375,E,1944.8663330078125
1821,1858,745A6337,2560,1.7251851558685303,200.50503540039062,28.220083236694336,125409.875,E,2021.286376953125
1822,1843,745A6337,2561,0.41365566849708557,96.27241516113281,30.492923736572266,70305.6015625,E,1452.43408203125
1823,1844,745A6337,2562,0.3820536136627197,94.93826293945312,31.67060089111328,74790.046875,E,1446.4722900390625
1824,1828,745A6337,2563,0.12710696458816528,41.21148681640625,26.776376724243164,23206.615234375,E,1410.712158203125
1824,1844,745A6337,2564,0.9548275470733643,103.34319305419922,24.62102508544922,49202.14453125,E,1442.617919921875
1825,1848,745A6337,2565,0.8538647890090942,122.56085205078125,22.503498077392578,48746.30859375,E,1504.764892578125
1826,1827,745A6337,2566,0.09807820618152618,39.5089225769043,30.521223068237305,28906.0625,E,1653.7181396484375
1826,1838,745A6337,2567,0.10388936847448349,47.913848876953125,26.744792938232422,26917.171875,E,1663.0732421875
1827,1832,745A6337,2568,0.05947810411453247,15.107283592224121,31.85957908630371,12043.6005859375,E,1672.55078125
1828,1851,745A6337,2569,0.4861924648284912,129.52369689941406,32.65919876098633,108505.109375,E,1477.347900390625
1829,1834,745A6337,2570,0.13994701206684113,28.69620704650879,23.817358016967773,12785.0234375,E,1558.2652587890625
1829,1859,745A6337,2571,0.6430756449699402,151.77806091308594,30.950605392456055,114192.3984375,E,1612.3253173828125
1831,1834,745A6337,2572,0.2983468472957611,37.990562438964844,18.48395538330078,10194.25390625,E,1571.287841796875
1831,1842,745A6337,2573,0.29316455125808716,67.1314926147461,30.275575637817383,48328.2421875,E,1605.0189208984375
1832,1833,745A6337,2574,0.06309092044830322,16.625642776489258,32.43122100830078,13733.9326171875,E,1683.48681640625
1832,1836,745A6337,2575,0.04087504744529724,31.917129516601562,24.81543731689453,15436.810546875,E,1683.25830078125
1833,1837,745A6337,2576,0.1530286818742752,43.358768463134766,33.742469787597656,38772.2109375,E,1709.479736328125
1834,1842,745A6337,2577,1.4560210704803467,71.87076568603516,15.188007354736328,13020.982421875,E,1601.9039306640625
1835,1845,745A6337,2578,0.23293638229370117,76.16533660888672,27.630573272705078,45669.5859375,E,1764.8475341796875
1835,1879,745A6337,2579,1.057494878768921,267.636474609375,32.12181091308594,216887.875,E,1882.04541015625
1836,1838,745A6337,2580,0.05408612638711929,11.441641807556152,29.050729751586914,7583.89501953125,E,1686.1043701171875
1836,1853,745A6337,2581,0.5858008861541748,113.2664794921875,27.053199768066406,65107.1328125,E,1740.908203125
1837,1845,745A6337,2582,0.17905698716640472,51.76368713378906,34.063201904296875,47172.19140625,E,1749.6617431640625
1838,1856,745A6337,2583,0.5237920880317688,110.75079345703125,29.706859588623047,76762.6953125,E,1723.6231689453125
1840,1846,745A6337,2584,0.22653278708457947,53.282047271728516,26.631528854370117,29679.9375,E,1489.376708984375
1840,1861,745A6337,2585,0.5339840650558472,138.5575408935547,32.29521942138672,113500.171875,E,1535.234619140625
1841,1848,745A6337,2586,0.23948924243450165,48.54277038574219,28.810588836669922,31645.9921875,E,1524.850830078125
1841,1860,745A6337,2587,1.9263368844985962,110.93500518798828,15.630331993103027,21286.041015625,E,1544.105224609375
1843,1855,745A6337,2588,0.3070307970046997,76.87055969238281,31.650096893310547,60478.36328125,E,1533.254638671875
1844,1880,745A6337,2589,1.6614662408828735,212.02296447753906,23.89958953857422,95116.0234375,E,1581.421875
1845,1853,745A6337,2590,0.33327043056488037,84.12554168701172,32.032901763916016,67796.9765625,E,1788.59912109375
1846,1849,745A6337,2591,0.07016381621360779,37.990562438964844,21.625411987304688,13953.861328125,E,1508.12451171875
1846,1852,745A6337,2592,0.19624796509742737,41.65620803833008,29.221498489379883,27936.66796875,E,1525.77197265625
1847,1849,745A6337,2593,0.14832663536071777,30.659282684326172,29.36244773864746,20760.4296875,E,1510.6201171875
1847,1865,745A6337,2594,0.5326569080352783,104.67735290527344,26.578413009643555,58076.53515625,E,1553.0457763671875
1848,1892,745A6337,2595,1.1978530883789062,258.6026611328125,29.634185791015625,178364.703125,E,1663.95458984375
1849,1852,745A6337,2596,0.11870318651199341,36.656410217285156,25.15087127685547,18211.5078125,E,1529.1842041015625
1850,1862,745A6337,2597,1.2429993152618408,88.94112396240234,16.976564407348633,20132.240234375,E,1552.538330078125
1851,1870,745A6337,2598,0.4826147258281708,104.41683959960938,29.953227996826172,73577.953125,E,1574.01318359375
1851,1912,745A6337,2599,1.4718562364578247,296.4090270996094,28.335979461669922,186920.859375,E,1669.5950927734375
1852,1854,745A6337,2600,0.02437288500368595,6.257641315460205,32.032379150390625,5042.8837890625,E,1545.8419189453125
1853,1857,745A6337,2601,0.07134269177913666,17.699283599853516,31.429271697998047,13731.380859375,E,1799.3968505859375
1854,1866,745A6337,2602,0.6882294416427612,82.60717010498047,22.318790435791016,32318.333984375,E,1576.44287109375
1854,1874,745A6337,2603,0.5737601518630981,105.7509765625,27.34192657470703,62091.546875,E,1591.8905029296875
1855,1911,745A6337,2604,1.4267264604568481,300.18255615234375,29.055864334106445,199041.171875,E,1685.0535888671875
1855,1919,745A6337,2605,1.347548246383667,332.8049011230469,32.04768753051758,268455.9375,E,1720.530029296875
1861,1866,745A6337,2606,0.24263954162597656,32.361846923828125,20.547225952148438,10730.73828125,E,1602.0302734375
1861,1871,745A6337,2607,0.15529470145702362,41.21148681640625,32.58369064331055,34364.39453125,E,1614.991943359375
1862,1865,745A6337,2608,0.13393200933933258,20.291284561157227,19.552827835083008,6092.82373046875,E,1595.5396728515625
1862,1868,745A6337,2609,0.1725424826145172,18.328208923339844,16.222869873046875,3788.482666015625,E,1598.357421875
1863,1867,745A6337,2610,0.518703043460846,36.91692352294922,13.811293601989746,5530.75048828125,E,1777.251708984375
1864,1867,745A6337,2611,0.046997878700494766,10.99692440032959,30.6313419342041,8103.8828125,E,1767.5933837890625
1864,1877,745A6337,2612,0.3022831380367279,76.34953308105469,31.925128936767578,61116.9375,E,1775.630126953125
1865,1872,745A6337,2613,0.1965591311454773,31.288206100463867,25.367408752441406,15813.3095703125,E,1610.7135009765625
1866,1873,745A6337,2614,0.3053845465183258,31.73292350769043,10.982965469360352,3006.347900390625,E,1623.2452392578125
1867,1886,745A6337,2615,0.5223503112792969,133.37353515625,32.24967575073242,108945.7421875,E,1835.08203125
1868,1870,745A6337,2616,0.19035954773426056,43.174560546875,24.4045352935791,20195.69921875,E,1608.89208984375
1868,1872,745A6337,2617,0.31729570031166077,32.361846923828125,16.89954948425293,7258.94384765625,E,1614.8369140625
1869,1885,745A6337,2618,0.6332992911338806,157.88308715820312,31.611366271972656,123911.6171875,E,1803.163330078125
1870,1882,745A6337,2619,0.4929733872413635,91.53313446044922,27.547588348388672,54555.10546875,E,1656.300048828125
1871,1873,745A6337,2620,0.5325849056243896,40.58256530761719,17.511754989624023,9774.369140625,E,1635.134521484375
1871,1876,745A6337,2621,0.10795415937900543,29.14092445373535,32.887447357177734,24754.46484375,E,1646.4375
1872,1883,745A6337,2622,0.9122378826141357,88.49640655517578,19.97725486755371,27738.765625,E,1662.092041015625
1873,1878,745A6337,2623,0.5353097915649414,46.39548873901367,15.2747802734375,8501.8916015625,E,1658.0382080078125
1874,1887,745A6337,2624,1.333004117012024,105.30628204345703,16.483388900756836,22471.765625,E,1674.4810791015625
1874,1895,745A6337,2625,0.6766621470451355,145.444091796875,28.68964195251465,94023.4609375,E,1698.984375
1875,1890,745A6337,2626,0.46979886293411255,117.19263458251953,31.583776473999023,91815.984375,E,1768.609375
1876,1878,745A6337,2627,0.13337337970733643,35.58277130126953,25.771886825561523,18561.884765625,E,1669.05810546875
1876,1896,745A6337,2628,0.5168240070343018,142.40737915039062,33.26112365722656,123736.046875,E,1719.759765625
1877,1900,745A6337,2629,1.5448834896087646,255.30543518066406,28.474912643432617,162582.859375,E,1798.7176513671875
1877,1908,745A6337,2630,0.7533230781555176,181.6558074951172,31.482053756713867,141405.171875,E,1845.7794189453125
1878,1903,745A6337,2631,0.5377917289733887,122.00819396972656,30.264751434326172,87771.4140625,E,1736.1663818359375
1881,1904,745A6337,2632,0.5228877663612366,116.93212890625,30.111156463623047,83268.09375,E,1919.76611328125
1882,1884,745A6337,2633,0.08715216815471649,20.291284561157227,15.436798095703125,3797.640625,E,1699.177734375
1882,1889,745A6337,2634,0.4184757173061371,43.803489685058594,17.584943771362305,10638.5048828125,E,1715.9185791015625
1883,1884,745A6337,2635,0.03572775423526764,3.6656415462493896,20.258258819580078,1181.5283203125,E,1701.90966796875
1883,1887,745A6337,2636,0.3935326635837555,32.361846923828125,17.272377014160156,7582.76220703125,E,1706.5950927734375
1884,1888,745A6337,2637,0.2147456705570221,31.73292350769043,18.96988296508789,8968.6943359375,E,1717.38525390625
1885,1894,745A6337,2638,0.3701845407485962,96.45663452148438,29.77387809753418,67157.234375,E,1868.4351806640625
1885,1898,745A6337,2639,0.4955318868160248,130.33685302734375,32.48025131225586,107993.0625,E,1836.556640625
1886,1924,745A6337,2640,0.6680188775062561,159.2935333251953,31.2622013092041,122272.0390625,E,1948.8521728515625
1886,1925,745A6337,2641,0.6383479833602905,165.5511932373047,31.02574920654297,125160.3359375,E,1973.1610107421875
1887,1893,745A6337,2642,0.24750061333179474,34.9538459777832,23.78032875061035,15524.6044921875,E,1731.0347900390625
1888,1889,745A6337,2643,0.06158173456788063,8.849641799926758,23.998870849609375,4003.10693359375,E,1733.484130859375
1888,1893,745A6337,2644,0.22483274340629578,31.2882080078125,17.940706253051758,7909.5107421875,E,1738.635009765625
1889,1897,745A6337,2645,0.1689574122428894,25.475284576416016,24.52337074279785,12032.87109375,E,1745.7427978515625
1890,1898,745A6337,2646,0.17341113090515137,42.72984313964844,15.01327133178711,7564.35400390625,E,1823.23876953125
1890,1899,745A6337,2647,0.14152653515338898,28.067283630371094,28.37061882019043,17743.033203125,E,1821.89892578125
1891,1892,745A6337,2648,0.179404616355896,44.06399917602539,17.713695526123047,10859.0576171875,E,1791.401611328125
1891,1900,745A6337,2649,0.33647841215133667,86.53333282470703,32.502525329589844,71797.203125,E,1826.2786865234375
1892,1937,745A6337,2650,0.83591628074646,200.42872619628906,30.997512817382812,151252.84375,E,1873.5914306640625
1893,1901,745A6337,2651,0.23819267749786377,38.61948776245117,25.450862884521484,19647.232421875,E,1760.2078857421875
1895,1905,745A6337,2652,0.1921297013759613,44.432411193847656,30.482501983642578,32425.8203125,E,1775.25390625
1895,1906,745A6337,2653,0.2358723133802414,54.35569381713867,30.625659942626953,40041.08203125,E,1779.1925048828125
1896,1909,745A6337,2654,0.8387219309806824,198.1735382080078,31.61049461364746,155524.25,E,1821.9080810546875
1896,1917,745A6337,2655,0.3713874816894531,79.83097076416016,26.81643295288086,45088.2421875,E,1816.58056640625
1897,1901,745A6337,2656,0.078497976064682,24.585847854614258,19.42136573791504,7283.4072265625,E,1765.89013671875
1897,1902,745A6337,2657,0.2113489955663681,30.843490600585938,24.165573120117188,14146.4541015625,E,1769.05078125
1898,1899,745A6337,2658,0.09563954174518585,31.73292350769043,27.142669677734375,18361.369140625,E,1840.0673828125
1899,1909,745A6337,2659,0.12627242505550385,47.0244140625,29.86390495300293,32938.703125,E,1848.071533203125
1900,1908,745A6337,2660,0.3922945261001587,106.64041900634766,30.48967170715332,77860.5078125,E,1872.8817138671875
1901,1910,745A6337,2661,0.18684899806976318,30.214563369750977,25.493085861206055,15422.3662109375,E,1786.047119140625
1902,1910,745A6337,2662,0.18325088918209076,33.435489654541016,11.940142631530762,3743.833984375,E,1791.0926513671875
1902,1914,745A6337,2663,0.2475040853023529,44.432411193847656,26.72882080078125,24931.556640625,E,1797.3695068359375
1903,1906,745A6337,2664,0.0383845716714859,9.923282623291016,32.1204719543457,8040.98193359375,E,1795.80859375
1903,1921,745A6337,2665,0.5407872796058655,134.6314239501953,29.995512008666992,95136.875,E,1827.7691650390625
1904,1907,745A6337,2666,0.40955907106399536,91.53313446044922,27.639589309692383,54920.109375,E,1969.2529296875
1904,1929,745A6337,2667,0.6975696682929993,179.06381225585938,32.094696044921875,144865.25,E,1958.8634033203125
1905,1915,745A6337,2668,0.17304156720638275,33.251285552978516,27.749645233154297,20110.05078125,E,1806.610595703125
1905,1922,745A6337,2669,0.7718760967254639,134.1867218017578,25.11729621887207,66488.2890625,E,1810.613525390625
1906,1916,745A6337,2670,0.07954829931259155,33.251285552978516,30.186635971069336,23797.3046875,E,1812.3555908203125
1908,1934,745A6337,2671,0.7468839883804321,127.56063079833984,31.24492073059082,97805.9765625,E,1943.099365234375
1909,1929,745A6337,2672,0.659536600112915,175.21395874023438,32.779930114746094,147868.140625,E,1926.64111328125
1910,1920,745A6337,2673,0.1661088764667511,42.100929260253906,24.86897087097168,20450.181640625,E,1818.3262939453125
1911,1913,745A6337,2674,0.023565402254462242,6.257641315460205,32.48640060424805,5186.8505859375,E,1806.958984375
1911,1947,745A6337,2675,1.0817375183105469,192.65274047851562,27.540809631347656,114767.390625,E,1872.4287109375
1912,1913,745A6337,2676,0.022100739181041718,6.257641315460205,33.60451889038086,5550.03759765625,E,1807.456298828125
1912,1914,745A6337,2677,0.8004432320594788,93.68041229248047,22.479246139526367,37179.3828125,E,1813.522705078125
1913,1918,745A6337,2678,0.08973278105258942,33.251285552978516,29.30230712890625,22423.42578125,E,1823.7801513671875
1914,1927,745A6337,2679,0.458537220954895,64.09477233886719,18.47630500793457,17184.73046875,E,1839.560791015625
1915,1931,745A6337,2680,0.40670058131217957,77.8678970336914,28.27821159362793,48904.87890625,E,1845.525634765625
1915,1932,745A6337,2681,0.43314218521118164,73.57333374023438,20.058353424072266,23248.818359375,E,1853.1002197265625
1916,1933,745A6337,2682,0.4757242202758789,71.87076568603516,22.785398483276367,29305.923828125,E,1854.9736328125
1916,1965,745A6337,2683,1.4945167303085327,243.711181640625,27.575847625732422,145553.640625,E,1923.1317138671875
1917,1921,745A6337,2684,0.035195961594581604,35.58277130126953,20.41073226928711,11642.515625,E,1860.504150390625
1917,1923,745A6337,2685,0.20800180733203888,42.28512954711914,28.56717872619629,27102.6796875,E,1870.66455078125
1918,1928,745A6337,2686,0.33421647548675537,58.4660530090332,23.332355499267578,24998.3203125,E,1851.2276611328125
1918,1945,745A6337,2687,0.4632822871208191,107.71405792236328,28.578706741333008,69095.1328125,E,1887.923583984375
1919,1935,745A6337,2688,0.798579216003418,110.22976684570312,23.28559112548828,46942.18359375,E,1901.2135009765625
1919,1939,745A6337,2689,0.40364933013916016,91.27262115478516,30.370786666870117,66121.46875,E,1909.76220703125
1920,1922,745A6337,2690,0.13081206381320953,22.438568115234375,26.257978439331055,12150.8759765625,E,1842.6744384765625
1920,1936,745A6337,2691,0.3807291090488434,72.49969482421875,28.16301155090332,45163.1484375,E,1867.5650634765625
1921,1926,745A6337,2692,0.17741960287094116,25.659488677978516,24.48931884765625,12086.2421875,E,1880.7918701171875
1922,1930,745A6337,2693,0.1584416925907135,29.769847869873047,27.64596939086914,17870.23046875,E,1860.0848388671875
1923,1926,745A6337,2694,0.08678653836250305,26.54892349243164,28.440847396850586,16866.37890625,E,1889.877197265625
1923,1944,745A6337,2695,0.36968788504600525,90.19898223876953,31.30051612854004,69405.6015625,E,1929.276123046875
1926,1949,745A6337,2696,1.1626379489898682,87.42277526855469,16.609882354736328,18942.947265625,E,1929.9534912109375
1927,1928,745A6337,2697,0.129592627286911,24.401639938354492,27.463003158569336,14454.5625,E,1868.29541015625
1927,1936,745A6337,2698,0.3018459677696228,56.31876754760742,23.952739715576172,25377.767578125,E,1886.0888671875
1928,1964,745A6337,2699,1.2089853286743164,142.03897094726562,20.69831657409668,47793.34765625,E,1933.65283203125
1929,1941,745A6337,2700,0.2800930440425873,81.53353118896484,30.629308700561523,60075.9296875,E,2009.4090576171875
1930,1931,745A6337,2701,0.13753706216812134,48.803279876708984,24.209789276123047,22465.748046875,E,1870.690673828125
1930,1938,745A6337,2702,0.16665136814117432,55.24512481689453,29.666868209838867,38188.02734375,E,1894.22705078125
1931,1938,745A6337,2703,0.18928761780261993,46.39548873901367,31.402589797973633,35933.25390625,E,1892.6004638671875
1932,1933,745A6337,2704,0.021173294633626938,5.184000015258789,22.12856674194336,1993.7073974609375,E,1884.627685546875
1932,1951,745A6337,2705,0.4003369212150574,79.64676666259766,28.861953735351562,52108.609375,E,1917.9815673828125
1933,1946,745A6337,2706,0.41168802976608276,70.98133087158203,27.069055557250977,40848.88671875,E,1913.112548828125
1936,1940,745A6337,2707,0.08625514060258865,21.36492347717285,31.45214080810547,16599.37109375,E,1906.4658203125
1937,1942,745A6337,2708,0.17913475632667542,40.137847900390625,23.853178024291992,17936.44921875,E,1978.2164306640625
1937,1948,745A6337,2709,0.19151833653450012,43.803489685058594,30.288110733032227,31560.43359375,E,1979.3240966796875
1938,1943,745A6337,2710,0.07420055568218231,21.364927291870117,33.93486785888672,19323.404296875,E,1920.8489990234375
1939,1953,745A6337,2711,0.5479339957237244,111.56391143798828,25.798837661743164,58319.51171875,E,1979.7943115234375
1939,2028,745A6337,2712,1.570061206817627,403.7547302246094,32.293128967285156,330695.125,E,2138.1171875
1940,1950,745A6337,2713,0.14763228595256805,33.88020706176758,30.28743553161621,24409.615234375,E,1929.8465576171875
1940,1954,745A6337,2714,0.9737769365310669,81.97825622558594,16.657413482666016,17865.02734375,E,1934.92578125
1941,1959,745A6337,2715,2.263859748840332,309.8453369140625,28.294647216796875,194824.421875,E,2146.79345703125
1941,1994,745A6337,2716,1.0537294149398804,223.2041015625,29.32465362548828,150750.171875,E,2140.67822265625
1942,1948,745A6337,2717,0.14194388687610626,40.58256530761719,19.44711685180664,12054.240234375,E,1995.973876953125
1942,2002,745A6337,2718,1.7468833923339844,285.44366455078125,29.59081268310547,196301.703125,E,2122.857666015625
1943,1954,745A6337,2719,0.16883906722068787,41.84041213989258,31.756103515625,33139.06640625,E,1945.123291015625
1943,1960,745A6337,2720,0.2110564410686493,75.27589416503906,29.328081130981445,50852.59375,E,1957.3402099609375
1944,1965,745A6337,2721,0.4557960331439972,83.05189514160156,22.452041625976562,32881.4609375,E,1996.0081787109375
1944,1977,745A6337,2722,0.6527612209320068,173.87979125976562,32.75783157348633,146544.421875,E,2043.767333984375
1945,1957,745A6337,2723,0.3243456780910492,74.20225524902344,30.563940048217773,54440.9453125,E,1956.9029541015625
1945,1969,745A6337,2724,0.31880369782447815,76.87056732177734,31.04371452331543,58183.1640625,E,1972.0230712890625
1946,1952,745A6337,2725,0.11382560431957245,40.76676940917969,19.973648071289062,12773.53125,E,1950.49072265625
1946,1955,745A6337,2726,0.17841556668281555,45.95077133178711,32.17332458496094,37357.21875,E,1961.7412109375
1947,1956,745A6337,2727,0.5679981708526611,54.35569381713867,20.16387367248535,17357.326171875,E,1964.248046875
1947,1966,745A6337,2728,0.587285041809082,110.67447662353516,28.440263748168945,70307.9765625,E,1984.80322265625
1948,1953,745A6337,2729,0.11153341084718704,29.769847869873047,32.791343688964844,25141.138671875,E,2005.0672607421875
1950,1961,745A6337,2730,0.3539624810218811,56.94769287109375,18.981571197509766,16115.0009765625,E,1964.0491943359375
1950,1964,745A6337,2731,0.3397558629512787,60.42912673950195,26.948087692260742,34466.09375,E,1967.76806640625
1951,1952,745A6337,2732,0.17422404885292053,31.73292350769043,22.53261375427246,12653.8623046875,E,1956.7852783203125
1951,1960,745A6337,2733,0.1790924370288849,45.95077133178711,32.0811653137207,37143.51171875,E,1969.4515380859375
1952,1955,745A6337,2734,0.7411006093025208,65.61312866210938,19.913257598876953,20434.55859375,E,1979.0140380859375
1953,1998,745A6337,2735,0.8094184994697571,211.24142456054688,32.43169021606445,174505.125,E,2109.073974609375
1954,1958,745A6337,2736,0.09047884494066238,20.736000061035156,30.340518951416016,14992.0458984375,E,1970.60205078125
1955,1979,745A6337,2737,0.5049803256988525,144.73892211914062,33.873416900634766,130434.71875,E,2040.7373046875
1956,1957,745A6337,2738,0.048452410846948624,15.107283592224121,27.155014038085938,8749.3603515625,E,1983.25146484375
1956,1966,745A6337,2739,0.9830516576766968,102.08535766601562,19.290645599365234,29836.4296875,E,2004.48828125
1957,1982,745A6337,2740,0.6045346260070801,139.1864776611328,30.581178665161133,102234.0078125,E,2045.566650390625
1958,1962,745A6337,2741,0.029392316937446594,7.331283092498779,31.56479835510254,5736.8818359375,E,1983.4925537109375
1958,1968,745A6337,2742,0.4102371633052826,69.7234878540039,21.321195602416992,24893.8515625,E,1991.0181884765625
1960,1963,745A6337,2743,0.013687008991837502,3.6656415462493896,32.73035430908203,3084.191162109375,E,1988.1546630859375
1961,1962,745A6337,2744,0.2605586647987366,38.435279846191406,18.996706008911133,10893.728515625,E,1984.1533203125
1961,1970,745A6337,2745,0.34705960750579834,45.32184600830078,23.180612564086914,19127.01953125,E,2004.949951171875
1962,1967,745A6337,2746,0.06414736807346344,15.107283592224121,30.616090774536133,11121.8173828125,E,1992.5191650390625
1963,1968,745A6337,2747,0.0734822005033493,18.328208923339844,31.615625381469727,14388.431640625,E,1995.6005859375
1963,1974,745A6337,2748,0.40472760796546936,107.63777160644531,30.19498634338379,77076.90625,E,2024.38671875
1964,1976,745A6337,2749,0.2768325209617615,69.5392837524414,31.67699432373047,54803.46484375,E,2027.5194091796875
1965,1979,745A6337,2750,0.31590166687965393,95.38299560546875,31.610729217529297,74856.5625,E,2061.51171875
1967,1970,745A6337,2751,0.2105301320552826,36.656410217285156,20.956235885620117,12643.47265625,E,2011.69140625
1967,1971,745A6337,2752,0.17992955446243286,42.28512954711914,18.223285675048828,11028.8671875,E,2016.1434326171875
1968,1972,745A6337,2753,0.19403599202632904,49.61640930175781,31.90192985534668,39659.671875,E,2020.5623779296875
1969,1991,745A6337,2754,0.7480936646461487,138.5575408935547,24.304882049560547,64284.62109375,E,2066.2548828125
1969,2013,745A6337,2755,1.3955371379852295,271.225830078125,28.396682739257812,171773.484375,E,2121.052490234375
1970,1973,745A6337,2756,0.11370357125997543,27.6225643157959,31.246307373046875,21181.234375,E,2036.131103515625
1971,1972,745A6337,2757,0.116973876953125,22.883283615112305,28.298542022705078,14392.50390625,E,2036.7913818359375
1971,1973,745A6337,2758,0.23049062490463257,50.061126708984375,23.905540466308594,22469.201171875,E,2042.91650390625
1972,1984,745A6337,2759,0.3269655704498291,60.87384796142578,24.498069763183594,28693.552734375,E,2066.16650390625
1973,1975,745A6337,2760,0.013493556529283524,3.6656415462493896,32.964141845703125,3128.408203125,E,2049.12451171875
1975,1976,745A6337,2761,0.5905634164810181,76.42584991455078,20.899906158447266,26219.1640625,E,2058.834716796875
1975,1983,745A6337,2762,0.2227722406387329,46.8402099609375,29.33295249938965,31653.392578125,E,2071.21484375
1976,1981,745A6337,2763,0.12096747756004333,30.659282684326172,31.844327926635742,24418.3359375,E,2075.49609375
1977,2001,745A6337,2764,0.8853084444999695,220.53579711914062,31.12615203857422,167810.78125,E,2179.90087890625
1977,2004,745A6337,2765,0.4517206847667694,113.97171020507812,31.778430938720703,90396.546875,E,2170.7724609375
1978,1994,745A6337,2766,3.086717367172241,336.286376953125,29.82996368408203,235019.890625,E,2271.70703125
1979,1980,745A6337,2767,0.012377885170280933,3.6656415462493896,34.417694091796875,3410.385009765625,E,2099.05078125
1980,1986,745A6337,2768,0.12323116511106491,33.88020324707031,33.19792556762695,29326.3359375,E,2113.72265625
1980,1996,745A6337,2769,0.4315364956855774,84.57025146484375,26.187976837158203,45552.4140625,E,2126.374755859375
1981,1987,745A6337,2770,0.14070063829421997,31.917129516601562,24.790266036987305,15405.5107421875,E,2101.779052734375
1981,1988,745A6337,2771,0.1600932478904724,33.88020706176758,29.250635147094727,22767.037109375,E,2101.46484375
1983,1985,745A6337,2772,0.11001283675432205,17.254566192626953,25.08649444580078,8528.5244140625,E,2096.4052734375
1983,1989,745A6337,2773,0.21419762074947357,37.54584884643555,21.73891830444336,13935.6640625,E,2103.593994140625
1984,1985,745A6337,2774,0.11713391542434692,37.990562438964844,20.37006950378418,12380.85546875,E,2097.283447265625
1984,2015,745A6337,2775,0.8528649806976318,170.29046630859375,26.873947143554688,96592.4453125,E,2168.06591796875
1985,1995,745A6337,2776,0.19027428328990936,25.47528076171875,23.169431686401367,10740.875,E,2114.21435546875
1986,1990,745A6337,2777,0.07566392421722412,19.84656524658203,25.7126407623291,10305.4892578125,E,2135.36572265625
1986,2015,745A6337,2778,1.0984840393066406,241.64019775390625,30.10759162902832,172032.75,E,2173.4169921875
1987,1988,745A6337,2779,0.25141310691833496,39.5089225769043,14.096415519714355,6165.98486328125,E,2116.320068359375
1987,1992,745A6337,2780,0.10624717175960541,14.662566184997559,23.59025001525879,6408.6259765625,E,2119.09423828125
1988,1997,745A6337,2781,0.11638036370277405,20.920207977294922,26.805782318115234,11806.2744140625,E,2123.058837890625
1989,1993,745A6337,2782,0.07789351046085358,7.331283092498779,19.380704879760742,2162.763427734375,E,2120.271240234375
1989,1995,745A6337,2783,0.261584609746933,31.73292350769043,17.09122657775879,7280.251953125,E,2122.361572265625
1990,1999,745A6337,2784,0.5357683300971985,55.2451286315918,18.093175888061523,14204.0908203125,E,2157.95361328125
1990,2016,745A6337,2785,0.7259059548377991,136.22605895996094,29.137441635131836,90834.9296875,E,2203.883544921875
1991,1992,745A6337,2786,0.057631008327007294,10.368000030517578,26.7697696685791,5835.44677734375,E,2124.6796875
1991,2017,745A6337,2787,0.9083348512649536,177.72964477539062,28.14626121520996,110583.7265625,E,2187.46533203125
1992,2011,745A6337,2788,1.1683441400527954,105.75099182128906,17.813648223876953,26356.033203125,E,2169.236328125
1993,1997,745A6337,2789,0.2306623011827469,31.73292350769043,17.91021156311035,7994.685546875,E,2126.98974609375
1993,2003,745A6337,2790,0.6126744747161865,43.358768463134766,11.503059387207031,4506.0244140625,E,2139.70703125
1994,2000,745A6337,2791,0.04260402172803879,36.027488708496094,26.19106101989746,19410.203125,E,2248.633544921875
1995,2009,745A6337,2792,0.9235239624977112,87.60697937011719,21.566116333007812,32001.658203125,E,2161.96875
1996,1999,745A6337,2793,0.10266256332397461,18.328208923339844,17.354541778564453,4335.47021484375,E,2166.23974609375
1996,2005,745A6337,2794,0.7025461792945862,106.82463836669922,24.784379959106445,51536.796875,E,2185.13134765625
1997,2003,745A6337,2795,0.16271311044692993,30.214563369750977,27.232175827026367,17598.306640625,E,2143.682861328125
1999,2007,745A6337,2796,0.4070296287536621,53.726768493652344,23.19924545288086,22710.5859375,E,2194.9736328125
2000,2001,745A6337,2797,0.08520705997943878,32.17763900756836,27.223987579345703,18730.419921875,E,2251.15478515625
2000,2012,745A6337,2798,1.0497387647628784,181.9163055419922,28.830835342407227,118761.578125,E,2322.8427734375
2001,2026,745A6337,2799,0.7422099113464355,159.03305053710938,29.683677673339844,110055.734375,E,2318.435302734375
2003,2009,745A6337,2800,0.20260094106197357,51.57948684692383,31.930728912353516,41303.28125,E,2178.44677734375
2004,2005,745A6337,2801,0.10245565325021744,37.36164093017578,29.195295333862305,25011.607421875,E,2219.1396484375
2004,2014,745A6337,2802,0.3530164361000061,84.38605499267578,30.96099090576172,63531.66796875,E,2260.82470703125
2005,2008,745A6337,2803,0.3868892788887024,40.322052001953125,18.81599998474121,11212.1044921875,E,2227.595947265625
2006,2012,745A6337,2804,0.8416840434074402,111.56391906738281,26.395200729370117,61046.89453125,E,2363.614990234375
2007,2008,745A6337,2805,0.3406689763069153,58.28184509277344,18.76219940185547,16113.5302734375,E,2224.966796875
2007,2025,745A6337,2806,0.5275213718414307,104.23263549804688,28.52158546447754,66594.8984375,E,2263.818115234375
2008,2021,745A6337,2807,0.4728199243545532,82.60717010498047,23.865713119506836,36953.57421875,E,2272.80712890625
2009,2010,745A6337,2808,0.026298195123672485,7.331283092498779,33.35378646850586,6405.60546875,E,2200.63330078125
2010,2029,745A6337,2809,0.9715327620506287,133.81825256347656,22.466541290283203,53049.05859375,E,2236.841552734375
2010,2034,745A6337,2810,0.6121844053268433,149.37025451660156,31.458984375,116102.9921875,E,2269.4072265625
2011,2020,745A6337,2811,1.0548629760742188,98.86442565917969,21.266889572143555,35118.65625,E,2221.14208984375
2011,2045,745A6337,2812,6.642427444458008,265.4892578125,25.30229949951172,133492.484375,E,2331.442138671875
2012,2019,745A6337,2813,0.3183303773403168,75.09169006347656,30.71530532836914,55640.5546875,E,2406.1123046875
2014,2021,745A6337,2814,0.19063617289066315,43.803489685058594,30.515804290771484,32036.734375,E,2301.478515625
2014,2030,745A6337,2815,0.28531330823898315,69.7234878540039,27.80047035217285,42322.6875,E,2330.174560546875
2015,2040,745A6337,2816,0.8857471942901611,153.48062133789062,29.692235946655273,106274.5390625,E,2312.265625
2016,2035,745A6337,2817,0.7831056714057922,161.18031311035156,27.674386978149414,96952.25,E,2329.5810546875
2016,2047,745A6337,2818,0.9561359882354736,252.7134246826172,32.553436279296875,210335.15625,E,2367.609375
2017,2018,745A6337,2819,0.15676389634609222,29.14092445373535,21.54336929321289,10622.3466796875,E,2258.287109375
2017,2023,745A6337,2820,0.4397158920764923,57.83712387084961,25.288768768310547,29050.390625,E,2277.6630859375
2018,2023,745A6337,2821,0.3797276020050049,30.843490600585938,18.99580192565918,8741.1513671875,E,2273.2490234375
2019,2022,745A6337,2822,0.5021309852600098,98.86441802978516,28.223608016967773,61852.171875,E,2441.350830078125
2019,2033,745A6337,2823,0.4996841549873352,102.45375061035156,27.079524993896484,59006.49609375,E,2474.083984375
2021,2024,745A6337,2824,0.0787830725312233,18.772924423217773,30.86004638671875,14041.546875,E,2314.69384765625
2024,2027,745A6337,2825,0.08603619039058685,20.920207977294922,31.194028854370117,15988.171875,E,2326.86572265625
2024,2030,745A6337,2826,0.5575111508369446,65.16841125488281,18.283533096313477,17109.892578125,E,2345.7822265625
2025,2027,745A6337,2827,0.2687000036239624,58.2818489074707,22.293973922729492,22750.87890625,E,2317.000244140625
2025,2031,745A6337,2828,0.28121232986450195,55.874053955078125,28.95134162902832,36782.1796875,E,2333.396728515625
2026,2036,745A6337,2829,3.374829053878784,110.49027252197266,21.57936668395996,40410.23046875,E,2436.095703125
2026,2037,745A6337,2830,10.285239219665527,173.06666564941406,24.7334041595459,83151.6953125,E,2447.939453125
2027,2032,745A6337,2831,0.19973799586296082,43.358768463134766,29.651899337768555,29941.380859375,E,2345.326416015625
2030,2039,745A6337,2832,0.3016541302204132,82.23876953125,33.07524871826172,70659.8515625,E,2398.94482421875
2031,2032,745A6337,2833,0.013414998538792133,5.184000015258789,27.800472259521484,3146.728271484375,E,2358.772216796875
2031,2035,745A6337,2834,0.1203666478395462,45.50605392456055,24.856096267700195,22081.3125,E,2370.249267578125
2032,2043,745A6337,2835,0.5573009848594666,129.0789794921875,28.435115814208984,81970.0859375,E,2419.01708984375
2034,2038,745A6337,2836,0.19452878832817078,37.990562438964844,28.180923461914062,23696.0546875,E,2352.490966796875
2034,2041,745A6337,2837,0.7819757461547852,79.83097076416016,20.631450653076172,26688.296875,E,2358.819580078125
2035,2042,745A6337,2838,0.4209996163845062,86.9780502319336,28.869794845581055,56936.0,E,2418.805908203125
2038,2041,745A6337,2839,0.2358582317829132,35.398563385009766,24.922298431396484,17268.384765625,E,2381.6123046875
2039,2044,745A6337,2840,0.27926185727119446,90.8279037475586,29.403818130493164,61676.05859375,E,2461.059814453125
2039,2048,745A6337,2841,0.5133707523345947,130.7815704345703,31.956449508666992,104894.6796875,E,2496.2529296875
2043,2044,745A6337,2842,0.135721817612648,31.73292350769043,30.661836624145508,23431.294921875,E,2485.177490234375
2043,2049,745A6337,2843,0.5142794251441956,119.52413940429688,30.64337730407715,88149.28125,E,2499.648193359375
2044,2053,745A6337,2844,0.9112079739570618,222.13046264648438,31.422754287719727,172260.8125,E,2583.766845703125
2046,2050,745A6337,2845,1.319617509841919,178.06646728515625,27.20482063293457,103505.578125,E,2574.503173828125
2048,2050,745A6337,2846,0.175557941198349,53.54256057739258,29.727407455444336,37162.34375,E,2563.753662109375
2048,2051,745A6337,2847,0.1686398684978485,43.174560546875,32.01374053955078,34752.87109375,E,2573.811767578125
2050,2052,745A6337,2848,0.7201535105705261,133.5577850341797,28.287195205688477,83934.1796875,E,2628.61669921875
2051,2054,745A6337,2849,2.9001972675323486,325.321044921875,25.30376625061035,163595.875,E,2721.223876953125
2051,2055,745A6337,2850,1.2123448848724365,298.00372314453125,31.558752059936523,233104.796875,E,2730.189697265625
