node_Degree,node_Accessibility,node_ID
1,0.0518735907971859,1
1,0.03565586358308792,2
1,0.05234098806977272,3
1,0.055538199841976166,4
1,0.05212843045592308,5
3,0.05695396289229393,6
3,0.05323387682437897,7
1,0.0519271045923233,8
3,0.05833020806312561,9
3,0.059401173144578934,10
3,0.059801146388053894,11
1,0.05374254286289215,12
1,0.04310287535190582,13
1,0.05648161098361015,14
1,0.05886925011873245,15
1,0.05287158861756325,16
3,0.06072930619120598,17
1,0.05330418422818184,18
3,0.061190009117126465,19
1,0.06020190194249153,20
3,0.059692539274692535,21
1,0.06226067617535591,22
1,0.0572262667119503,23
3,0.06258054822683334,24
3,0.06353047490119934,25
3,0.0609135739505291,26
3,0.05588032677769661,27
1,0.06213171035051346,28
3,0.06281521171331406,29
3,0.06321603059768677,30
1,0.05070420354604721,31
1,0.04609689489006996,32
1,0.06277313083410263,33
3,0.06355199962854385,34
3,0.06247188523411751,35
3,0.06266237050294876,36
3,0.06632603704929352,37
3,0.06667859852313995,38
3,0.06648904830217361,39
3,0.06001689285039902,40
3,0.06441737711429596,41
3,0.06354352831840515,42
3,0.060998108237981796,43
3,0.06382247805595398,44
3,0.06386895477771759,45
1,0.062006328254938126,46
1,0.056980617344379425,47
3,0.062305714935064316,48
1,0.06247299537062645,49
3,0.06278685480356216,50
3,0.06398255378007889,51
3,0.06465510278940201,52
3,0.06379421800374985,53
3,0.06434592604637146,54
3,0.06555693596601486,55
3,0.06319914758205414,56
3,0.06248469278216362,57
1,0.060080915689468384,58
3,0.06525979191064835,59
3,0.06615208834409714,60
3,0.06609123945236206,61
3,0.06159510836005211,62
3,0.0692007839679718,63
3,0.05953093618154526,64
1,0.022852351889014244,65
1,0.058899737894535065,66
3,0.06609058380126953,67
3,0.06410054862499237,68
3,0.06638240814208984,69
3,0.065023273229599,70
3,0.06252682209014893,71
3,0.06271682679653168,72
3,0.06761842966079712,73
3,0.0677686408162117,74
3,0.06715239584445953,75
3,0.06690160930156708,76
3,0.06861769407987595,77
3,0.06926672160625458,78
3,0.06739465147256851,79
3,0.06847503781318665,80
1,0.06433228403329849,81
3,0.0683932825922966,82
1,0.06199159100651741,83
3,0.06883572041988373,84
1,0.04801247641444206,85
3,0.06799979507923126,86
3,0.0668373703956604,87
3,0.06939169019460678,88
3,0.06750896573066711,89
3,0.07064081728458405,90
3,0.06696461141109467,91
3,0.07164039462804794,92
3,0.07088971883058548,93
3,0.07010895013809204,94
3,0.07007972151041031,95
1,0.05816749483346939,96
3,0.07233530282974243,97
3,0.07252568006515503,98
3,0.06958232820034027,99
3,0.07232312113046646,100
1,0.06514916568994522,101
3,0.07254680246114731,102
3,0.06502360850572586,103
3,0.06519729644060135,104
3,0.07170945405960083,105
3,0.06949262320995331,106
3,0.06519448012113571,107
1,0.06350524723529816,108
3,0.06607404351234436,109
3,0.07081613689661026,110
1,0.018192972987890244,111
3,0.06989343464374542,112
3,0.06394078582525253,113
1,0.05906715616583824,114
3,0.07121825218200684,115
3,0.07245798408985138,116
3,0.0651920884847641,117
3,0.06757164001464844,118
3,0.07265038788318634,119
3,0.07431001216173172,120
3,0.06414347141981125,121
3,0.07325708121061325,122
1,0.06645064055919647,123
3,0.06851506233215332,124
3,0.06569524854421616,125
3,0.0741167739033699,126
3,0.07233388721942902,127
3,0.074702687561512,128
1,0.04991554096341133,129
3,0.07481782883405685,130
3,0.07153362780809402,131
3,0.06739787012338638,132
3,0.06823167204856873,133
3,0.07073244452476501,134
3,0.06883782893419266,135
3,0.07183537632226944,136
1,0.05827262997627258,137
3,0.07034321129322052,138
3,0.06904733926057816,139
3,0.0585666298866272,140
3,0.07566192746162415,141
3,0.0732477679848671,142
3,0.07632547616958618,143
3,0.07422492653131485,144
3,0.07332432270050049,145
1,0.03112376295030117,146
3,0.07432156056165695,147
3,0.0737597718834877,148
3,0.06697488576173782,149
3,0.07338392734527588,150
3,0.07627563923597336,151
3,0.07416778057813644,152
3,0.07465936243534088,153
3,0.07240738719701767,154
3,0.07386553287506104,155
3,0.07004851847887039,156
3,0.07766854017972946,157
3,0.07804940640926361,158
3,0.06869497895240784,159
3,0.0752481073141098,160
3,0.07354056090116501,161
3,0.07382605969905853,162
3,0.07587119191884995,163
3,0.07434596866369247,164
3,0.07604829221963882,165
3,0.07189006358385086,166
3,0.07605542242527008,167
3,0.07842203229665756,168
3,0.07592188566923141,169
3,0.07662804424762726,170
3,0.07474890351295471,171
3,0.07469568401575089,172
3,0.06846470385789871,173
3,0.07694316655397415,174
1,0.06441213935613632,175
1,0.06933452188968658,176
3,0.07391378283500671,177
3,0.07513261586427689,178
3,0.07347230613231659,179
3,0.07564354687929153,180
3,0.07586783915758133,181
3,0.07645932585000992,182
3,0.07377717643976212,183
3,0.06890904903411865,184
3,0.06919214874505997,185
1,0.05917166545987129,186
3,0.07723560929298401,187
3,0.07350122928619385,188
3,0.07076781243085861,189
3,0.07654251903295517,190
3,0.07421883195638657,191
3,0.07364967465400696,192
3,0.0735054761171341,193
3,0.07995157688856125,194
3,0.06966780871152878,195
3,0.07278573513031006,196
3,0.08092926442623138,197
3,0.07746089994907379,198
1,0.07176610082387924,199
3,0.08100618422031403,200
3,0.08113574236631393,201
3,0.07479481399059296,202
1,0.036658622324466705,203
3,0.07320418953895569,204
3,0.07809918373823166,205
3,0.08030030876398087,206
3,0.07543550431728363,207
3,0.06840042769908905,208
3,0.07493527233600616,209
3,0.07571829110383987,210
3,0.07410141825675964,211
3,0.07302820682525635,212
3,0.07580918073654175,213
3,0.07689832895994186,214
3,0.0703926607966423,215
3,0.0749349370598793,216
2,0.07625417411327362,217
1,0.07487514615058899,218
1,0.06624796986579895,219
3,0.07267492264509201,220
3,0.07587467133998871,221
1,0.07588262110948563,222
3,0.07458869367837906,223
1,0.059387024492025375,224
1,0.05928356945514679,225
3,0.0727703645825386,226
3,0.0773516446352005,227
3,0.07773957401514053,228
3,0.07742692530155182,229
3,0.0749845802783966,230
3,0.07971321791410446,231
3,0.0761764720082283,232
3,0.07997453957796097,233
3,0.06742086261510849,234
3,0.07678207010030746,235
3,0.06767001003026962,236
3,0.07622797787189484,237
3,0.07535680383443832,238
3,0.07669736444950104,239
3,0.07814691215753555,240
3,0.07615681737661362,241
3,0.08395172655582428,242
3,0.07406162470579147,243
1,0.05671163275837898,244
3,0.07394801080226898,245
3,0.08274312317371368,246
3,0.07593937963247299,247
3,0.08293558657169342,248
3,0.07839637994766235,249
3,0.0726962611079216,250
1,0.05153573676943779,251
3,0.08042699843645096,252
3,0.07996819913387299,253
3,0.07226219028234482,254
3,0.07434859126806259,255
4,0.08145744353532791,256
3,0.07906582951545715,257
3,0.08244789391756058,258
3,0.07997044175863266,259
3,0.07943341881036758,260
1,0.06700197607278824,261
3,0.0798608660697937,262
3,0.08158688992261887,263
3,0.08262690156698227,264
3,0.07888839393854141,265
3,0.07936963438987732,266
3,0.08274222910404205,267
3,0.0806487649679184,268
3,0.07024701684713364,269
3,0.08027344197034836,270
3,0.07661832123994827,271
3,0.08602820336818695,272
3,0.08629488199949265,273
3,0.08329465985298157,274
3,0.07948566228151321,275
3,0.07645556330680847,276
3,0.07784966379404068,277
3,0.08121991902589798,278
3,0.0794549211859703,279
3,0.07577986270189285,280
3,0.08202456682920456,281
3,0.07958509773015976,282
3,0.08105671405792236,283
3,0.0740891769528389,284
3,0.08053792268037796,285
3,0.07952150702476501,286
3,0.08286938816308975,287
3,0.07597934454679489,288
3,0.07306443154811859,289
3,0.07444482296705246,290
3,0.08322795480489731,291
3,0.08290795236825943,292
3,0.08289353549480438,293
3,0.08351324498653412,294
3,0.07468771189451218,295
3,0.07846429944038391,296
3,0.07194986939430237,297
3,0.08747655153274536,298
3,0.08325494080781937,299
3,0.07397965341806412,300
3,0.07381271570920944,301
3,0.08385386317968369,302
3,0.0835198312997818,303
3,0.08089111745357513,304
3,0.08023989945650101,305
3,0.08180753141641617,306
1,0.030818020924925804,307
3,0.07719477266073227,308
1,0.0741758793592453,309
3,0.0852339044213295,310
3,0.08323275297880173,311
1,0.06643839180469513,312
1,0.05863165482878685,313
3,0.08847632259130478,314
1,0.06690500676631927,315
3,0.08321224898099899,316
3,0.08693425357341766,317
3,0.07630886882543564,318
3,0.07611047476530075,319
3,0.07498519867658615,320
3,0.07511834800243378,321
1,0.07215024530887604,322
3,0.08609268069267273,323
3,0.07330118864774704,324
3,0.08406434208154678,325
3,0.08428996056318283,326
3,0.08528193086385727,327
3,0.08328727632761002,328
3,0.08778003603219986,329
3,0.08463262766599655,330
3,0.0808369442820549,331
3,0.08961062133312225,332
3,0.08795783668756485,333
3,0.08696604520082474,334
1,0.06969945877790451,335
3,0.08409390598535538,336
2,0.08338253945112228,337
3,0.0817485973238945,338
3,0.07804390788078308,339
3,0.07580427825450897,340
1,0.049728669226169586,341
3,0.08537890762090683,342
3,0.08504477143287659,343
3,0.08511865884065628,344
3,0.08879338949918747,345
3,0.07747316360473633,346
3,0.08169495314359665,347
3,0.08158615976572037,348
3,0.08790252357721329,349
3,0.08760327845811844,350
3,0.08771573752164841,351
3,0.08388926088809967,352
3,0.08429843187332153,353
3,0.07871995121240616,354
3,0.08456467092037201,355
3,0.07567515969276428,356
3,0.08639614284038544,357
3,0.08480314910411835,358
3,0.08601753413677216,359
3,0.08438756316900253,360
3,0.07848275452852249,361
3,0.08535703271627426,362
3,0.08393324166536331,363
3,0.0822952389717102,364
3,0.08572915941476822,365
3,0.08743369579315186,366
3,0.08845480531454086,367
3,0.07755574584007263,368
3,0.07737204432487488,369
3,0.08026862144470215,370
3,0.08723974227905273,371
3,0.08775244653224945,372
3,0.0793130099773407,373
3,0.08300582319498062,374
3,0.08658139407634735,375
3,0.09068728238344193,376
3,0.07810202240943909,377
3,0.08899665623903275,378
3,0.09005583822727203,379
3,0.08177901059389114,380
3,0.08543132990598679,381
1,0.07481830567121506,382
3,0.09104029834270477,383
3,0.08264429867267609,384
3,0.0797664076089859,385
3,0.08187582343816757,386
3,0.07752725481987,387
3,0.09012897312641144,388
3,0.08600462973117828,389
3,0.08455049246549606,390
3,0.08843721449375153,391
3,0.09050213545560837,392
3,0.08915486931800842,393
3,0.0901826024055481,394
3,0.09057331085205078,395
3,0.07560774683952332,396
1,0.07842936366796494,397
3,0.08226151019334793,398
3,0.0920984297990799,399
3,0.08287404477596283,400
1,0.06964936852455139,401
3,0.07879120111465454,402
3,0.08166423439979553,403
3,0.08524034172296524,404
3,0.08326954394578934,405
3,0.08858483284711838,406
3,0.0813022255897522,407
3,0.08009787648916245,408
3,0.07404569536447525,409
2,0.08829224854707718,410
1,0.07503639906644821,411
3,0.09208055585622787,412
3,0.08801811188459396,413
3,0.08398658037185669,414
3,0.08438636362552643,415
3,0.07540148496627808,416
3,0.08486311137676239,417
3,0.08457159250974655,418
3,0.08760566264390945,419
3,0.08094754070043564,420
3,0.08350258320569992,421
3,0.0867123082280159,422
1,0.07118098437786102,423
3,0.08519774675369263,424
3,0.08717386424541473,425
3,0.08224381506443024,426
3,0.07694073021411896,427
3,0.08725909143686295,428
1,0.01534628588706255,429
3,0.09386375546455383,430
3,0.08336587250232697,431
3,0.0919615626335144,432
3,0.09450620412826538,433
3,0.09433837980031967,434
3,0.08775950968265533,435
3,0.08365344256162643,436
1,0.06645914912223816,437
1,0.07296659052371979,438
3,0.08710873126983643,439
3,0.09115798026323318,440
3,0.09163441509008408,441
3,0.08138570189476013,442
3,0.09230569005012512,443
3,0.09065701812505722,444
3,0.08401104062795639,445
3,0.0866551473736763,446
3,0.08982459455728531,447
3,0.08824089169502258,448
3,0.0831013172864914,449
3,0.08329842984676361,450
3,0.08302812278270721,451
3,0.08564570546150208,452
3,0.09532323479652405,453
3,0.08987691253423691,454
3,0.09081818163394928,455
3,0.09358891099691391,456
3,0.08520939201116562,457
3,0.08924142271280289,458
3,0.08541855216026306,459
3,0.08626250177621841,460
3,0.08454683423042297,461
3,0.08286342024803162,462
3,0.08888906240463257,463
1,0.06585657596588135,464
3,0.09028149396181107,465
3,0.0795094221830368,466
1,0.06329557299613953,467
3,0.09735056757926941,468
3,0.08898656815290451,469
1,0.04611455649137497,470
1,0.0735558569431305,471
3,0.08693800866603851,472
3,0.09014527499675751,473
3,0.08412614464759827,474
1,0.07123837620019913,475
3,0.07376318424940109,476
3,0.08626313507556915,477
1,0.06927428394556046,478
3,0.08746906369924545,479
3,0.09416993707418442,480
3,0.09768882393836975,481
3,0.09197776019573212,482
3,0.08513399958610535,483
3,0.07347289472818375,484
1,0.06629824638366699,485
3,0.08754109591245651,486
3,0.09718881547451019,487
3,0.09742109477519989,488
1,0.06979767233133316,489
3,0.08934205025434494,490
3,0.08979629725217819,491
3,0.09340202808380127,492
3,0.09739506989717484,493
3,0.08842787891626358,494
3,0.08505794405937195,495
3,0.09024912118911743,496
3,0.09005770087242126,497
3,0.09265995025634766,498
1,0.0690227821469307,499
3,0.0899277776479721,500
3,0.07554756104946136,501
3,0.08499253541231155,502
3,0.08706024289131165,503
3,0.08553297817707062,504
3,0.09838388115167618,505
3,0.09081610292196274,506
3,0.0912976861000061,507
3,0.09105668216943741,508
3,0.09267996996641159,509
3,0.0865858867764473,510
3,0.09353470057249069,511
3,0.08974156528711319,512
1,0.07378864288330078,513
3,0.09286453574895859,514
3,0.08818206936120987,515
3,0.09465492516756058,516
3,0.0943213626742363,517
3,0.09532664716243744,518
3,0.09221819788217545,519
3,0.06854620575904846,520
3,0.09457296133041382,521
3,0.09320710599422455,522
3,0.09706700593233109,523
3,0.09721951931715012,524
3,0.07782930135726929,525
3,0.06878926604986191,526
3,0.09340504556894302,527
3,0.09004366397857666,528
1,0.05095479637384415,529
3,0.1009848341345787,530
3,0.09270360320806503,531
3,0.09593827277421951,532
1,0.07268278300762177,533
3,0.09445936232805252,534
3,0.09369628876447678,535
3,0.08930744975805283,536
3,0.08388971537351608,537
3,0.09429243952035904,538
3,0.08249922841787338,539
3,0.09799917042255402,540
1,0.07921024411916733,541
1,0.0726185142993927,542
3,0.09010966867208481,543
3,0.10213252902030945,544
3,0.07275611907243729,545
3,0.09038589894771576,546
3,0.09350866079330444,547
3,0.09327299892902374,548
3,0.08401747047901154,549
3,0.09049257636070251,550
3,0.09357332438230515,551
3,0.09477938711643219,552
3,0.05949210003018379,553
1,0.07979030907154083,554
1,0.04195878282189369,555
3,0.0905098095536232,556
3,0.07976346462965012,557
1,0.059352949261665344,558
3,0.09175439178943634,559
3,0.09931135922670364,560
3,0.09027782082557678,561
3,0.08989991247653961,562
3,0.09045562148094177,563
1,0.07314464449882507,564
3,0.09147394448518753,565
3,0.09421825408935547,566
2,0.06801502406597137,567
3,0.09162876754999161,568
3,0.09622093290090561,569
1,0.08100780844688416,570
1,0.03836963325738907,571
3,0.09642604738473892,572
3,0.0966934785246849,573
3,0.09328135848045349,574
2,0.057096369564533234,575
3,0.09990449249744415,576
3,0.08197548985481262,577
3,0.09297798573970795,578
1,0.06643925607204437,579
3,0.06114811822772026,580
1,0.07804117351770401,581
3,0.09281317889690399,582
3,0.06269587576389313,583
2,0.05888529494404793,584
3,0.09495479613542557,585
3,0.10194052010774612,586
3,0.0753239318728447,587
3,0.07093653827905655,588
3,0.10009483993053436,589
3,0.0943848267197609,590
3,0.10125724971294403,591
3,0.09645253419876099,592
1,0.07336031645536423,593
3,0.09805718809366226,594
3,0.10467406362295151,595
1,0.07143343240022659,596
3,0.07909128814935684,597
2,0.08108271658420563,598
1,0.04780784249305725,599
1,0.08153169602155685,600
3,0.10129442065954208,601
3,0.07028395682573318,602
3,0.08235277980566025,603
3,0.09407772868871689,604
3,0.1046847328543663,605
3,0.09593058377504349,606
3,0.0966588705778122,607
3,0.08376140147447586,608
3,0.07647399604320526,609
3,0.10013289004564285,610
3,0.08986981958150864,611
3,0.10331055521965027,612
3,0.08214735239744186,613
3,0.08842132240533829,614
1,0.08670229464769363,615
3,0.09569820016622543,616
1,0.07979536801576614,617
3,0.10156432539224625,618
3,0.09338554739952087,619
3,0.07850388437509537,620
3,0.0966133400797844,621
3,0.09726309031248093,622
3,0.10301883518695831,623
3,0.09816280752420425,624
3,0.0962173119187355,625
3,0.10014846920967102,626
3,0.09574326872825623,627
3,0.0943748727440834,628
3,0.10144143551588058,629
3,0.1033661887049675,630
1,0.07118916511535645,631
3,0.08596213907003403,632
1,0.08561374992132187,633
3,0.09413179010152817,634
3,0.09002981334924698,635
3,0.101139135658741,636
3,0.0960681289434433,637
3,0.09698247164487839,638
3,0.09910424053668976,639
3,0.09661100804805756,640
3,0.09661580622196198,641
3,0.0849192664027214,642
3,0.07210579514503479,643
3,0.10025545954704285,644
3,0.10404515266418457,645
3,0.0967937484383583,646
3,0.10270033031702042,647
3,0.08159154653549194,648
3,0.10285084694623947,649
1,0.05382724106311798,650
3,0.1040993481874466,651
3,0.10517458617687225,652
3,0.0995950773358345,653
3,0.09084881842136383,654
1,0.08974465727806091,655
3,0.07269081473350525,656
3,0.09638670831918716,657
3,0.10730855911970139,658
3,0.10309573262929916,659
3,0.09802065044641495,660
1,0.06815806031227112,661
3,0.09459690004587173,662
3,0.09832076728343964,663
3,0.10559402406215668,664
3,0.10315537452697754,665
3,0.10465934127569199,666
1,0.07094025611877441,667
3,0.0984906256198883,668
3,0.09165893495082855,669
3,0.09488129615783691,670
1,0.08248390257358551,671
3,0.10591867566108704,672
3,0.10794614255428314,673
3,0.09767940640449524,674
3,0.08734388649463654,675
3,0.09206489473581314,676
3,0.09979818016290665,677
3,0.10711352527141571,678
3,0.10814622044563293,679
3,0.08824419975280762,680
1,0.08222800493240356,681
3,0.10405489802360535,682
3,0.10061713308095932,683
3,0.09320128709077835,684
3,0.10086040943861008,685
3,0.10151304304599762,686
3,0.09560173749923706,687
3,0.09983208030462265,688
3,0.09592001140117645,689
3,0.09314007312059402,690
3,0.0941268801689148,691
3,0.09432307630777359,692
3,0.07837303727865219,693
3,0.09042567014694214,694
3,0.10488201677799225,695
3,0.10101689398288727,696
3,0.10693638026714325,697
3,0.09353792667388916,698
1,0.08203254640102386,699
3,0.087313711643219,700
3,0.0938609316945076,701
3,0.09901746362447739,702
3,0.10841751098632812,703
3,0.09888060390949249,704
3,0.08794227242469788,705
3,0.1074277013540268,706
3,0.1017521321773529,707
3,0.08670686930418015,708
3,0.10448084026575089,709
3,0.10431991517543793,710
3,0.09919106960296631,711
3,0.09733937680721283,712
3,0.09129924327135086,713
3,0.09685239940881729,714
3,0.09824661165475845,715
3,0.10765441507101059,716
3,0.10592339932918549,717
3,0.10844014585018158,718
3,0.09610563516616821,719
3,0.09485349804162979,720
3,0.08846788853406906,721
3,0.09908678382635117,722
3,0.10481522232294083,723
3,0.08610022068023682,724
3,0.10928184539079666,725
3,0.10612577199935913,726
3,0.10208700597286224,727
3,0.1105625182390213,728
1,0.07812224328517914,729
3,0.10317908972501755,730
3,0.1055363267660141,731
3,0.10425779223442078,732
3,0.10441654175519943,733
1,0.06911206245422363,734
3,0.09577764570713043,735
3,0.10661150515079498,736
3,0.09839016199111938,737
3,0.10508020967245102,738
3,0.10139013081789017,739
3,0.08453348278999329,740
3,0.09749193489551544,741
3,0.10018308460712433,742
3,0.10416632145643234,743
3,0.1062830239534378,744
3,0.09837862104177475,745
3,0.08473876863718033,746
3,0.10541728138923645,747
3,0.10936093330383301,748
3,0.1071312427520752,749
3,0.08184872567653656,750
3,0.10816733539104462,751
3,0.07269127666950226,752
1,0.07031258940696716,753
3,0.08764775097370148,754
3,0.10790799558162689,755
3,0.11006416380405426,756
3,0.10432268679141998,757
3,0.09016149491071701,758
3,0.0906873494386673,759
3,0.10766126960515976,760
3,0.10528121888637543,761
3,0.1118938997387886,762
3,0.11227602511644363,763
3,0.10282005369663239,764
3,0.07544586062431335,765
3,0.10090794414281845,766
3,0.10339872539043427,767
3,0.08078824728727341,768
3,0.09093289077281952,769
3,0.11222822219133377,770
3,0.07455574721097946,771
3,0.1074061468243599,772
3,0.11245018243789673,773
3,0.09918306022882462,774
3,0.11061286181211472,775
3,0.10915897786617279,776
3,0.10807298868894577,777
3,0.10162755101919174,778
3,0.10542626678943634,779
3,0.09652937948703766,780
3,0.11275500804185867,781
3,0.11133293807506561,782
1,0.10738213360309601,783
3,0.10776026546955109,784
3,0.11357766389846802,785
3,0.09920347481966019,786
3,0.08034849911928177,787
3,0.11171159893274307,788
1,0.08858741074800491,789
3,0.10576213896274567,790
3,0.0891604796051979,791
3,0.11002346873283386,792
3,0.09523080289363861,793
3,0.11309313029050827,794
3,0.09216589480638504,795
3,0.09320928156375885,796
3,0.11230694502592087,797
2,0.10526161640882492,798
3,0.10644851624965668,799
1,0.0721500813961029,800
3,0.09103193879127502,801
3,0.09732890874147415,802
3,0.10963349789381027,803
3,0.10755180567502975,804
3,0.11005176603794098,805
3,0.11429483443498611,806
3,0.09792061150074005,807
3,0.1074434220790863,808
3,0.10954198986291885,809
1,0.07925858348608017,810
1,0.09376517683267593,811
3,0.11089712381362915,812
3,0.11107200384140015,813
1,0.09116438776254654,814
3,0.09394203126430511,815
3,0.09532194584608078,816
3,0.09603811055421829,817
3,0.10992028564214706,818
3,0.11476363241672516,819
1,0.0882953330874443,820
1,0.08405714482069016,821
3,0.1135319173336029,822
3,0.11498931795358658,823
3,0.10889707505702972,824
3,0.08688239753246307,825
3,0.1133725494146347,826
3,0.1084788516163826,827
3,0.10796324163675308,828
3,0.10935019701719284,829
3,0.10834364593029022,830
3,0.09381067007780075,831
3,0.09371567517518997,832
3,0.09851096570491791,833
3,0.10951307415962219,834
3,0.10909193754196167,835
3,0.08733963966369629,836
3,0.09733030200004578,837
3,0.11513251811265945,838
3,0.0947936624288559,839
1,0.07285673171281815,840
3,0.08483941853046417,841
3,0.08473305404186249,842
1,0.08239477872848511,843
3,0.11411131918430328,844
3,0.10955789685249329,845
3,0.10828674584627151,846
3,0.08492397516965866,847
3,0.11061426252126694,848
3,0.08307851105928421,849
1,0.06920196861028671,850
3,0.08503659069538116,851
3,0.0970766693353653,852
3,0.10898996889591217,853
3,0.10886078327894211,854
3,0.09502283483743668,855
3,0.10337166488170624,856
3,0.10347986966371536,857
3,0.11144009977579117,858
3,0.10732648521661758,859
3,0.10929141193628311,860
3,0.08819935470819473,861
3,0.08774883300065994,862
3,0.09470529109239578,863
3,0.09338095039129257,864
3,0.10410074889659882,865
3,0.11223874241113663,866
3,0.11367125809192657,867
3,0.11071736365556717,868
3,0.11274737119674683,869
3,0.11015035957098007,870
3,0.1064210832118988,871
3,0.09291525185108185,872
1,0.10376817733049393,873
3,0.11386359483003616,874
3,0.10985836386680603,875
3,0.11035680025815964,876
3,0.08732784539461136,877
3,0.0999835878610611,878
3,0.10099544376134872,879
3,0.11077721416950226,880
3,0.11329273134469986,881
1,0.0807153582572937,882
1,0.016210488975048065,883
3,0.11264048516750336,884
3,0.10496757179498672,885
3,0.11216124892234802,886
3,0.11177920550107956,887
3,0.1170114278793335,888
3,0.1132139042019844,889
3,0.11332694441080093,890
3,0.11139322072267532,891
3,0.10753238201141357,892
3,0.10593406111001968,893
3,0.11440490931272507,894
3,0.11495355516672134,895
3,0.11422684043645859,896
3,0.10977586358785629,897
3,0.08217999339103699,898
3,0.0857710987329483,899
3,0.0984276682138443,900
3,0.10107041150331497,901
1,0.07912779599428177,902
3,0.0849013701081276,903
1,0.0886315405368805,904
3,0.10741741955280304,905
3,0.11040620505809784,906
3,0.11327456682920456,907
3,0.11322395503520966,908
3,0.07912564277648926,909
1,0.09644294530153275,910
3,0.09726505726575851,911
1,0.10012704879045486,912
3,0.11144056171178818,913
3,0.1078171581029892,914
3,0.107815682888031,915
3,0.07851486653089523,916
4,0.09379512816667557,917
3,0.10809824615716934,918
3,0.11163495481014252,919
3,0.08837813138961792,920
3,0.11431894451379776,921
3,0.10814559459686279,922
1,0.07809393107891083,923
3,0.10828305035829544,924
3,0.08347480744123459,925
3,0.09724470973014832,926
3,0.11217041313648224,927
3,0.11388413608074188,928
3,0.11541086435317993,929
3,0.11480884253978729,930
3,0.11580591648817062,931
3,0.11956597119569778,932
3,0.10939031839370728,933
3,0.09151166677474976,934
3,0.07932644337415695,935
3,0.10160289704799652,936
3,0.1074947938323021,937
3,0.08019378781318665,938
3,0.11556889861822128,939
3,0.07587873190641403,940
3,0.1168920174241066,941
3,0.11695719510316849,942
3,0.1140507385134697,943
3,0.11009696125984192,944
3,0.11397445946931839,945
3,0.1206197440624237,946
3,0.11008846759796143,947
3,0.11316274851560593,948
3,0.08045807480812073,949
2,0.07616490125656128,950
3,0.11684466153383255,951
3,0.11810564249753952,952
3,0.10838572680950165,953
3,0.106355220079422,954
3,0.08789877593517303,955
3,0.1181827113032341,956
1,0.0507589615881443,957
3,0.10447511821985245,958
3,0.07659094780683517,959
3,0.1195293739438057,960
3,0.09875208139419556,961
3,0.08751882612705231,962
3,0.11815065890550613,963
3,0.11964934319257736,964
3,0.1203635111451149,965
1,0.055317722260951996,966
1,0.08221832662820816,967
3,0.11445260792970657,968
3,0.1183667927980423,969
3,0.11639972776174545,970
3,0.12084119021892548,971
3,0.10290561616420746,972
3,0.08859840035438538,973
3,0.11224981397390366,974
3,0.11700065433979034,975
3,0.1159781664609909,976
3,0.11957283318042755,977
3,0.1207134872674942,978
3,0.11272380501031876,979
3,0.11472367495298386,980
3,0.07713279873132706,981
3,0.08836521208286285,982
3,0.1176818385720253,983
3,0.10456044971942902,984
3,0.11745286732912064,985
3,0.11719044297933578,986
3,0.11990292370319366,987
3,0.12252062559127808,988
3,0.122890405356884,989
3,0.11832324415445328,990
3,0.10446251928806305,991
3,0.1057354286313057,992
3,0.09063831716775894,993
3,0.10370189696550369,994
3,0.08949675410985947,995
3,0.09770269691944122,996
3,0.1202227920293808,997
3,0.11646435409784317,998
3,0.0862056240439415,999
3,0.088790163397789,1000
3,0.09744002670049667,1001
3,0.12061230838298798,1002
3,0.12107904255390167,1003
3,0.08423776924610138,1004
3,0.11862660199403763,1005
3,0.11583967506885529,1006
3,0.10195567458868027,1007
3,0.075381338596344,1008
3,0.12038543075323105,1009
3,0.1169087290763855,1010
3,0.11799731105566025,1011
3,0.11767491698265076,1012
3,0.10046159476041794,1013
3,0.1176460012793541,1014
3,0.11738450825214386,1015
3,0.1152302473783493,1016
1,0.06420117616653442,1017
3,0.11466443538665771,1018
3,0.12064827233552933,1019
3,0.11995942145586014,1020
3,0.11996621638536453,1021
3,0.11856026202440262,1022
3,0.12035134434700012,1023
3,0.12145865708589554,1024
3,0.12156437337398529,1025
3,0.12390411645174026,1026
3,0.07303126901388168,1027
1,0.07250021398067474,1028
3,0.11479896306991577,1029
3,0.12438514828681946,1030
3,0.11577538400888443,1031
3,0.09029320627450943,1032
3,0.10207367688417435,1033
3,0.1227329820394516,1034
3,0.09265175461769104,1035
3,0.1224360466003418,1036
3,0.1203409805893898,1037
3,0.12302665412425995,1038
3,0.07899043709039688,1039
3,0.1226772889494896,1040
3,0.10064010322093964,1041
3,0.11985716223716736,1042
3,0.1193278431892395,1043
3,0.09966965764760971,1044
3,0.1109166294336319,1045
3,0.1194659173488617,1046
3,0.11957290023565292,1047
3,0.09892236441373825,1048
1,0.07527109235525131,1049
3,0.12023007124662399,1050
1,0.08179090172052383,1051
3,0.10043416917324066,1052
3,0.10070900619029999,1053
3,0.12535826861858368,1054
3,0.12566892802715302,1055
3,0.10806518793106079,1056
3,0.0928134098649025,1057
3,0.1082368716597557,1058
3,0.08206494152545929,1059
1,0.037136565893888474,1060
3,0.12411082535982132,1061
3,0.12613946199417114,1062
3,0.1073276475071907,1063
3,0.10205651819705963,1064
3,0.08903947472572327,1065
3,0.07420030981302261,1066
3,0.11971084028482437,1067
1,0.09303314238786697,1068
3,0.10101746022701263,1069
1,0.09313367307186127,1070
3,0.09636148810386658,1071
3,0.10364320129156113,1072
3,0.10353332757949829,1073
3,0.07507029175758362,1074
3,0.0893775001168251,1075
3,0.1208246648311615,1076
3,0.12139438092708588,1077
3,0.1262010782957077,1078
3,0.12262404710054398,1079
3,0.12092588096857071,1080
3,0.08108777552843094,1081
3,0.11922166496515274,1082
3,0.1204666867852211,1083
3,0.10289055854082108,1084
3,0.1248278021812439,1085
3,0.1256796419620514,1086
3,0.08584394305944443,1087
3,0.09402487426996231,1088
3,0.1272060126066208,1089
3,0.07774963974952698,1090
3,0.08716823905706406,1091
3,0.12672141194343567,1092
3,0.12657135725021362,1093
3,0.12145886570215225,1094
3,0.11626153439283371,1095
3,0.10821675509214401,1096
3,0.12444237619638443,1097
3,0.12201465666294098,1098
3,0.12277472764253616,1099
3,0.08375712484121323,1100
3,0.1254577338695526,1101
3,0.10869471728801727,1102
3,0.0824536457657814,1103
3,0.10342687368392944,1104
3,0.08135387301445007,1105
3,0.09158255904912949,1106
3,0.11632145196199417,1107
3,0.11493849009275436,1108
2,0.08140360563993454,1109
3,0.10988416522741318,1110
3,0.10197452455759048,1111
3,0.10564859956502914,1112
3,0.07932618260383606,1113
3,0.1295754462480545,1114
3,0.12083341926336288,1115
3,0.0815732404589653,1116
3,0.11427260935306549,1117
4,0.08169155567884445,1118
3,0.11444739997386932,1119
3,0.12804192304611206,1120
3,0.12105000019073486,1121
3,0.12734736502170563,1122
3,0.13023808598518372,1123
3,0.11127269268035889,1124
3,0.10244762897491455,1125
3,0.09219551086425781,1126
3,0.10521046817302704,1127
3,0.11881829798221588,1128
3,0.12780852615833282,1129
3,0.1309439241886139,1130
3,0.10364402830600739,1131
3,0.08621874451637268,1132
3,0.1087171658873558,1133
3,0.12659233808517456,1134
3,0.07959973812103271,1135
3,0.09606240689754486,1136
3,0.10662795603275299,1137
3,0.10642040520906448,1138
3,0.12812502682209015,1139
3,0.10541466623544693,1140
3,0.09386620670557022,1141
3,0.11572223901748657,1142
3,0.11375623941421509,1143
3,0.12129561603069305,1144
1,0.10209737718105316,1145
3,0.1125747561454773,1146
3,0.09286942332983017,1147
3,0.09505846351385117,1148
3,0.10700538009405136,1149
3,0.10725781321525574,1150
3,0.1327136904001236,1151
3,0.1291552037000656,1152
3,0.08671683073043823,1153
3,0.09388557821512222,1154
3,0.09568189084529877,1155
3,0.09635460376739502,1156
3,0.1297379434108734,1157
1,0.06290596723556519,1158
3,0.0920063704252243,1159
3,0.0956832692027092,1160
3,0.12623251974582672,1161
3,0.13187521696090698,1162
3,0.1286533921957016,1163
3,0.12978146970272064,1164
3,0.10784885287284851,1165
3,0.0776674747467041,1166
3,0.07735379785299301,1167
3,0.11445227265357971,1168
3,0.1226237416267395,1169
3,0.12532459199428558,1170
3,0.13087384402751923,1171
3,0.12500911951065063,1172
1,0.07561570405960083,1173
3,0.09782098233699799,1174
3,0.10426980257034302,1175
3,0.13100267946720123,1176
3,0.09403622895479202,1177
3,0.1327405422925949,1178
2,0.12989383935928345,1179
3,0.10613472014665604,1180
3,0.13408903777599335,1181
3,0.10087548196315765,1182
3,0.09181436151266098,1183
3,0.13495375216007233,1184
3,0.10912585258483887,1185
3,0.13100628554821014,1186
3,0.134723499417305,1187
3,0.12662827968597412,1188
3,0.10270784050226212,1189
3,0.1314125657081604,1190
3,0.13251134753227234,1191
3,0.1140553206205368,1192
3,0.1015549898147583,1193
3,0.10686790198087692,1194
3,0.13086602091789246,1195
3,0.11205583065748215,1196
1,0.02913987822830677,1197
3,0.08317302912473679,1198
3,0.08957133442163467,1199
3,0.11185453832149506,1200
3,0.12904714047908783,1201
3,0.11846371740102768,1202
3,0.11870761960744858,1203
3,0.12509962916374207,1204
3,0.13011863827705383,1205
3,0.11506763100624084,1206
3,0.08874981850385666,1207
3,0.09693849086761475,1208
3,0.132292702794075,1209
3,0.13382217288017273,1210
3,0.09574778378009796,1211
1,0.06779609620571136,1212
3,0.11590339988470078,1213
3,0.13622425496578217,1214
3,0.13388334214687347,1215
3,0.13699226081371307,1216
3,0.08845366537570953,1217
3,0.09208706766366959,1218
3,0.13658559322357178,1219
3,0.13242381811141968,1220
3,0.1355484575033188,1221
3,0.11032184958457947,1222
3,0.12645317614078522,1223
3,0.13445663452148438,1224
3,0.13463369011878967,1225
3,0.12901706993579865,1226
1,0.08193055540323257,1227
3,0.1344234049320221,1228
3,0.1347050815820694,1229
3,0.11744071543216705,1230
3,0.13223101198673248,1231
3,0.12947040796279907,1232
3,0.13297605514526367,1233
3,0.1348033845424652,1234
3,0.1115122139453888,1235
3,0.13574206829071045,1236
3,0.08996778726577759,1237
3,0.09830978512763977,1238
3,0.12724190950393677,1239
3,0.134817972779274,1240
3,0.11175885796546936,1241
3,0.07553374767303467,1242
3,0.13010811805725098,1243
3,0.0910523310303688,1244
3,0.09733328968286514,1245
3,0.13625462353229523,1246
3,0.08245822787284851,1247
3,0.11136794835329056,1248
3,0.1390855312347412,1249
3,0.13938046991825104,1250
3,0.13786940276622772,1251
3,0.1329950988292694,1252
3,0.1345289796590805,1253
3,0.08347991108894348,1254
3,0.09799755364656448,1255
3,0.1321147084236145,1256
3,0.13303153216838837,1257
1,0.10815851390361786,1258
3,0.08853394538164139,1259
3,0.1280573606491089,1260
3,0.13223713636398315,1261
3,0.11388330906629562,1262
3,0.11782613396644592,1263
3,0.08739994466304779,1264
3,0.12003995478153229,1265
3,0.13610044121742249,1266
3,0.13742783665657043,1267
3,0.13515862822532654,1268
2,0.11450204998254776,1269
3,0.11802750825881958,1270
3,0.0814444050192833,1271
3,0.13915130496025085,1272
3,0.11560296267271042,1273
3,0.09864021837711334,1274
3,0.11200425773859024,1275
3,0.12950283288955688,1276
3,0.1351119577884674,1277
3,0.13994386792182922,1278
3,0.08822465687990189,1279
3,0.13592952489852905,1280
3,0.1395605057477951,1281
3,0.13221876323223114,1282
3,0.13098053634166718,1283
3,0.08976461738348007,1284
3,0.1263389140367508,1285
3,0.12653277814388275,1286
3,0.09272733330726624,1287
3,0.08079343289136887,1288
3,0.08991174399852753,1289
3,0.1301605999469757,1290
3,0.1355479210615158,1291
3,0.08951186388731003,1292
3,0.09174378961324692,1293
3,0.09208994358778,1294
1,0.08124502748250961,1295
3,0.13622990250587463,1296
3,0.14149686694145203,1297
3,0.13896048069000244,1298
3,0.10265027731657028,1299
3,0.0862656831741333,1300
3,0.0785144716501236,1301
3,0.09157057851552963,1302
3,0.10842488706111908,1303
3,0.13619257509708405,1304
3,0.07878176122903824,1305
3,0.13550961017608643,1306
3,0.13352923095226288,1307
1,0.07999330759048462,1308
3,0.1347099244594574,1309
3,0.12890863418579102,1310
3,0.1230156421661377,1311
1,0.08840685337781906,1312
3,0.0907781645655632,1313
3,0.10453803092241287,1314
3,0.1370888650417328,1315
3,0.09892553836107254,1316
3,0.1375821977853775,1317
3,0.12315727025270462,1318
3,0.14124247431755066,1319
3,0.12239677459001541,1320
3,0.1048329621553421,1321
3,0.13549286127090454,1322
3,0.12407758831977844,1323
3,0.12359894812107086,1324
1,0.07265909761190414,1325
3,0.07926961779594421,1326
3,0.08853084594011307,1327
3,0.10007583349943161,1328
3,0.13325774669647217,1329
3,0.1365910917520523,1330
3,0.12423665821552277,1331
3,0.10543514043092728,1332
1,0.07330875098705292,1333
1,0.0777280330657959,1334
3,0.08867865055799484,1335
3,0.10363328456878662,1336
3,0.13838626444339752,1337
3,0.14025157690048218,1338
3,0.13900277018547058,1339
3,0.13243073225021362,1340
3,0.13581430912017822,1341
3,0.09148800373077393,1342
3,0.11243633925914764,1343
3,0.1379900425672531,1344
3,0.12462293356657028,1345
3,0.1231156513094902,1346
3,0.0994681864976883,1347
2,0.07354584336280823,1348
3,0.07347732037305832,1349
1,0.10934875160455704,1350
3,0.14405658841133118,1351
3,0.07364318519830704,1352
3,0.09003367274999619,1353
3,0.10127369314432144,1354
3,0.12163089215755463,1355
3,0.08717679977416992,1356
3,0.14548933506011963,1357
3,0.07884548604488373,1358
3,0.09541626274585724,1359
3,0.10142625868320465,1360
1,0.10875126719474792,1361
3,0.13234922289848328,1362
3,0.13553251326084137,1363
3,0.07938972115516663,1364
1,0.06893792748451233,1365
2,0.08872968703508377,1366
3,0.09204859286546707,1367
3,0.1427142471075058,1368
3,0.1361166387796402,1369
3,0.14516523480415344,1370
3,0.14688332378864288,1371
3,0.11506077647209167,1372
3,0.10231652855873108,1373
3,0.10540791600942612,1374
3,0.1068444550037384,1375
3,0.13717949390411377,1376
3,0.14038217067718506,1377
3,0.143562451004982,1378
3,0.14302442967891693,1379
3,0.08060438185930252,1380
3,0.07986318320035934,1381
3,0.09271633625030518,1382
3,0.11962082982063293,1383
3,0.10109148919582367,1384
3,0.10129281133413315,1385
3,0.13471780717372894,1386
3,0.1239033117890358,1387
3,0.09345314651727676,1388
3,0.10191857069730759,1389
3,0.126689150929451,1390
3,0.13699711859226227,1391
3,0.12765198945999146,1392
4,0.10751009732484818,1393
3,0.10312146693468094,1394
3,0.10294915735721588,1395
3,0.08092599362134933,1396
3,0.13929924368858337,1397
3,0.14193415641784668,1398
3,0.14727802574634552,1399
3,0.1084669679403305,1400
3,0.13566778600215912,1401
3,0.14749108254909515,1402
3,0.14352741837501526,1403
3,0.14767399430274963,1404
3,0.1459053009748459,1405
3,0.1053008958697319,1406
3,0.09721377491950989,1407
3,0.07688310742378235,1408
3,0.13867981731891632,1409
3,0.14631454646587372,1410
3,0.15000714361667633,1411
3,0.14830227196216583,1412
3,0.08196443319320679,1413
1,0.08264796435832977,1414
3,0.14422735571861267,1415
3,0.14870905876159668,1416
3,0.10204748064279556,1417
3,0.1027708649635315,1418
3,0.14016014337539673,1419
3,0.09526105225086212,1420
3,0.10294034332036972,1421
3,0.10998351126909256,1422
1,0.09259334951639175,1423
3,0.1493833363056183,1424
3,0.10423143208026886,1425
3,0.08106592297554016,1426
3,0.0939670279622078,1427
3,0.13735179603099823,1428
3,0.1381540149450302,1429
3,0.14306484162807465,1430
1,0.12033688277006149,1431
3,0.1059541329741478,1432
1,0.08010182529687881,1433
3,0.08575190603733063,1434
3,0.10753288120031357,1435
3,0.14584431052207947,1436
3,0.1490783393383026,1437
3,0.14500834047794342,1438
3,0.1428082436323166,1439
3,0.13012631237506866,1440
3,0.1092146784067154,1441
3,0.10161473602056503,1442
1,0.09000515192747116,1443
3,0.15226277709007263,1444
3,0.10645010322332382,1445
3,0.08211860805749893,1446
3,0.09268877655267715,1447
3,0.12905174493789673,1448
3,0.13477599620819092,1449
3,0.15265342593193054,1450
3,0.1493833214044571,1451
3,0.1513906717300415,1452
3,0.1418776512145996,1453
3,0.10774938017129898,1454
3,0.1459270566701889,1455
3,0.14973537623882294,1456
4,0.14314009249210358,1457
3,0.14084523916244507,1458
3,0.14242587983608246,1459
3,0.09226646274328232,1460
3,0.145100936293602,1461
3,0.10605403035879135,1462
3,0.1119285374879837,1463
3,0.13253891468048096,1464
3,0.14882515370845795,1465
3,0.13781334459781647,1466
3,0.1315736174583435,1467
3,0.08270100504159927,1468
3,0.10475440323352814,1469
3,0.11210519075393677,1470
3,0.14920692145824432,1471
3,0.08237385004758835,1472
3,0.10914919525384903,1473
1,0.10749514400959015,1474
3,0.1218164786696434,1475
3,0.14176973700523376,1476
3,0.12310564517974854,1477
3,0.0905362144112587,1478
3,0.1077788844704628,1479
3,0.08317983895540237,1480
3,0.10858757048845291,1481
1,0.11055151373147964,1482
3,0.14543385803699493,1483
3,0.10727693885564804,1484
3,0.1482916623353958,1485
3,0.14196045696735382,1486
3,0.13258057832717896,1487
3,0.1097399890422821,1488
3,0.10024619847536087,1489
3,0.09957274794578552,1490
3,0.08392425626516342,1491
3,0.08694738149642944,1492
3,0.11366121470928192,1493
3,0.14245502650737762,1494
3,0.11136645823717117,1495
3,0.08170251548290253,1496
3,0.10618013888597488,1497
1,0.08511649817228317,1498
3,0.1258346140384674,1499
3,0.12313159555196762,1500
3,0.0928587093949318,1501
3,0.08418596535921097,1502
3,0.08241118490695953,1503
3,0.08674818277359009,1504
3,0.10724424570798874,1505
3,0.13174444437026978,1506
3,0.1469891518354416,1507
3,0.13347165286540985,1508
3,0.08422724902629852,1509
3,0.1540312021970749,1510
3,0.09225574880838394,1511
3,0.14962972700595856,1512
3,0.14204131066799164,1513
1,0.0748947411775589,1514
3,0.13277201354503632,1515
3,0.11060637980699539,1516
3,0.0870036706328392,1517
3,0.1500161737203598,1518
3,0.11243674904108047,1519
3,0.1063879132270813,1520
3,0.1554500013589859,1521
3,0.07816507667303085,1522
3,0.09120608121156693,1523
3,0.09131917357444763,1524
3,0.1590009480714798,1525
1,0.07690692692995071,1526
1,0.08246445655822754,1527
3,0.08958416432142258,1528
3,0.08619179576635361,1529
3,0.14619435369968414,1530
3,0.15437911450862885,1531
4,0.15208575129508972,1532
1,0.08951292186975479,1533
3,0.12505191564559937,1534
1,0.11465390771627426,1535
3,0.15788112580776215,1536
1,0.08816433697938919,1537
3,0.125448077917099,1538
3,0.14676408469676971,1539
3,0.14796583354473114,1540
3,0.08623117953538895,1541
3,0.08550601452589035,1542
3,0.09951606392860413,1543
3,0.1479267030954361,1544
3,0.1586020439863205,1545
3,0.10148139297962189,1546
3,0.12591344118118286,1547
3,0.14721639454364777,1548
3,0.15025100111961365,1549
2,0.08567298203706741,1550
3,0.10808290541172028,1551
3,0.10630234330892563,1552
3,0.15662002563476562,1553
3,0.15079070627689362,1554
3,0.15154458582401276,1555
1,0.1233457624912262,1556
3,0.15439562499523163,1557
3,0.16200034320354462,1558
3,0.15568645298480988,1559
1,0.08781226724386215,1560
3,0.08666061609983444,1561
4,0.08643202483654022,1562
1,0.10900994390249252,1563
3,0.14264044165611267,1564
3,0.149593785405159,1565
3,0.14681513607501984,1566
2,0.08546381443738937,1567
1,0.06547346711158752,1568
3,0.10056666284799576,1569
3,0.12717625498771667,1570
3,0.1305876523256302,1571
3,0.1395658701658249,1572
3,0.1495625376701355,1573
1,0.13131265342235565,1574
3,0.09273697435855865,1575
3,0.15919508039951324,1576
3,0.15036621689796448,1577
3,0.09661168605089188,1578
3,0.10925343632698059,1579
3,0.12925314903259277,1580
3,0.13210360705852509,1581
3,0.15217295289039612,1582
3,0.1503363996744156,1583
3,0.10230690240859985,1584
3,0.13334916532039642,1585
3,0.13691729307174683,1586
1,0.1173928827047348,1587
3,0.15620064735412598,1588
3,0.10228046774864197,1589
3,0.09714173525571823,1590
3,0.13048851490020752,1591
3,0.1325807422399521,1592
3,0.15682736039161682,1593
3,0.1589585244655609,1594
3,0.1345503330230713,1595
3,0.1355438530445099,1596
3,0.12357767671346664,1597
3,0.12735788524150848,1598
3,0.1516675353050232,1599
1,0.09386837482452393,1600
3,0.08744378387928009,1601
3,0.13434289395809174,1602
3,0.09204372018575668,1603
3,0.09735240042209625,1604
3,0.15747781097888947,1605
3,0.16224409639835358,1606
3,0.08905652910470963,1607
3,0.13107705116271973,1608
3,0.08739454299211502,1609
3,0.08851485699415207,1610
3,0.09767787903547287,1611
3,0.1534319818019867,1612
3,0.15445061028003693,1613
3,0.1571420133113861,1614
3,0.15800121426582336,1615
3,0.16414092481136322,1616
3,0.08836080133914948,1617
3,0.09881024807691574,1618
3,0.15201270580291748,1619
3,0.1524357795715332,1620
3,0.15440459549427032,1621
3,0.0986921638250351,1622
3,0.0895303338766098,1623
3,0.09891694784164429,1624
3,0.10520894825458527,1625
3,0.09850827604532242,1626
3,0.15239152312278748,1627
1,0.11424078792333603,1628
3,0.13214285671710968,1629
3,0.14021790027618408,1630
3,0.12065079063177109,1631
3,0.08688923716545105,1632
3,0.09418191015720367,1633
3,0.10182292014360428,1634
3,0.13534635305404663,1635
3,0.16976651549339294,1636
3,0.11911805719137192,1637
3,0.14125017821788788,1638
3,0.15568023920059204,1639
3,0.1196284368634224,1640
3,0.08826485276222229,1641
3,0.09715422242879868,1642
3,0.10095418989658356,1643
3,0.10559601336717606,1644
1,0.0950043797492981,1645
3,0.12060106545686722,1646
3,0.1278291493654251,1647
3,0.16251540184020996,1648
3,0.09038931876420975,1649
1,0.15122435986995697,1650
3,0.15724754333496094,1651
3,0.11021415144205093,1652
1,0.0915219709277153,1653
3,0.16099068522453308,1654
3,0.15771512687206268,1655
3,0.11814039945602417,1656
1,0.038421716541051865,1657
3,0.13598889112472534,1658
3,0.15566007792949677,1659
3,0.15748263895511627,1660
3,0.16717419028282166,1661
3,0.16874396800994873,1662
3,0.09801208972930908,1663
3,0.11261841654777527,1664
2,0.1622324287891388,1665
3,0.16008971631526947,1666
3,0.16796590387821198,1667
3,0.1723814457654953,1668
3,0.154311865568161,1669
1,0.06919392943382263,1670
3,0.09747748076915741,1671
4,0.1624768227338791,1672
3,0.1554936021566391,1673
1,0.12756997346878052,1674
3,0.13060128688812256,1675
3,0.11820659041404724,1676
3,0.110918790102005,1677
1,0.11272751539945602,1678
3,0.13035587966442108,1679
3,0.11852765828371048,1680
3,0.10420029610395432,1681
1,0.07829583436250687,1682
3,0.15966567397117615,1683
3,0.1598101258277893,1684
3,0.16570918262004852,1685
3,0.16106460988521576,1686
3,0.13504379987716675,1687
3,0.12210994213819504,1688
3,0.16605521738529205,1689
3,0.09942004084587097,1690
3,0.10634685307741165,1691
2,0.15387621521949768,1692
3,0.16181673109531403,1693
3,0.1648775190114975,1694
3,0.16308453679084778,1695
3,0.17472891509532928,1696
3,0.15911687910556793,1697
1,0.105801060795784,1698
3,0.10767855495214462,1699
3,0.13787855207920074,1700
3,0.14419105648994446,1701
3,0.13605564832687378,1702
3,0.09172605723142624,1703
3,0.10190018266439438,1704
2,0.161063551902771,1705
1,0.025951433926820755,1706
3,0.10799340158700943,1707
3,0.15463896095752716,1708
3,0.13793125748634338,1709
3,0.08213689923286438,1710
3,0.15982010960578918,1711
3,0.1622856706380844,1712
3,0.17502228915691376,1713
3,0.16530130803585052,1714
1,0.0666864886879921,1715
3,0.10750668495893478,1716
3,0.15622659027576447,1717
3,0.1676524430513382,1718
3,0.12345775961875916,1719
3,0.1352124661207199,1720
3,0.17304649949073792,1721
3,0.16734515130519867,1722
3,0.08943178504705429,1723
3,0.14185582101345062,1724
3,0.12092404067516327,1725
3,0.10320238023996353,1726
3,0.091213658452034,1727
3,0.09772488474845886,1728
3,0.12549017369747162,1729
3,0.12564311921596527,1730
3,0.16634781658649445,1731
3,0.1721564382314682,1732
3,0.15954867005348206,1733
3,0.1652945876121521,1734
3,0.09299533069133759,1735
3,0.10302013158798218,1736
3,0.16710741817951202,1737
3,0.14299923181533813,1738
3,0.16526836156845093,1739
3,0.16960929334163666,1740
3,0.16798464953899384,1741
3,0.10264857858419418,1742
3,0.1622214913368225,1743
3,0.16144728660583496,1744
3,0.13111363351345062,1745
3,0.1069861501455307,1746
1,0.08342953771352768,1747
3,0.17032822966575623,1748
3,0.1780892014503479,1749
3,0.1666305959224701,1750
1,0.1542019546031952,1751
3,0.1016378253698349,1752
3,0.16499215364456177,1753
3,0.09904740750789642,1754
3,0.11591144651174545,1755
3,0.15044216811656952,1756
3,0.14436869323253632,1757
3,0.12286386638879776,1758
3,0.10754483193159103,1759
3,0.15558426082134247,1760
3,0.17157165706157684,1761
3,0.16783851385116577,1762
3,0.12307446449995041,1763
3,0.1682969033718109,1764
3,0.1612473428249359,1765
3,0.14824023842811584,1766
3,0.08721558004617691,1767
3,0.09469766914844513,1768
3,0.09963948279619217,1769
3,0.13915103673934937,1770
3,0.10124316066503525,1771
3,0.16717270016670227,1772
3,0.17875005304813385,1773
3,0.18285924196243286,1774
3,0.14274297654628754,1775
3,0.10154105722904205,1776
3,0.1274423599243164,1777
3,0.16054846346378326,1778
3,0.1696764975786209,1779
3,0.162141814827919,1780
1,0.08541738986968994,1781
3,0.1271093487739563,1782
3,0.15944437682628632,1783
3,0.17952460050582886,1784
3,0.16760994493961334,1785
3,0.13327071070671082,1786
3,0.10820576548576355,1787
3,0.17047573626041412,1788
3,0.12968695163726807,1789
3,0.111550472676754,1790
3,0.16585317254066467,1791
3,0.17306308448314667,1792
3,0.17133180797100067,1793
3,0.13381849229335785,1794
1,0.11035475879907608,1795
3,0.1623297929763794,1796
3,0.18570813536643982,1797
3,0.169338196516037,1798
3,0.1626778542995453,1799
3,0.15032550692558289,1800
3,0.1479644775390625,1801
3,0.10225392878055573,1802
3,0.1739141345024109,1803
3,0.14315085113048553,1804
3,0.10274539887905121,1805
3,0.1435852348804474,1806
3,0.13321943581104279,1807
3,0.1646169126033783,1808
3,0.1767946183681488,1809
3,0.1646641194820404,1810
3,0.12588830292224884,1811
3,0.14625082910060883,1812
3,0.1652248352766037,1813
3,0.15659868717193604,1814
3,0.1651395857334137,1815
3,0.1679743528366089,1816
3,0.17654500901699066,1817
1,0.09494488686323166,1818
3,0.10669941455125809,1819
3,0.17353729903697968,1820
3,0.1188504621386528,1821
3,0.16389431059360504,1822
3,0.10307253897190094,1823
3,0.17766991257667542,1824
3,0.1047925055027008,1825
3,0.13087286055088043,1826
3,0.16642437875270844,1827
3,0.12758640944957733,1828
1,0.06805971264839172,1829
3,0.18227402865886688,1830
3,0.12734825909137726,1831
3,0.16672483086585999,1832
3,0.10410027951002121,1833
3,0.19020068645477295,1834
3,0.16746792197227478,1835
3,0.1703612208366394,1836
3,0.15328678488731384,1837
3,0.09587562829256058,1838
3,0.17077796161174774,1839
3,0.16788052022457123,1840
3,0.10997145622968674,1841
4,0.18776997923851013,1842
3,0.1053444892168045,1843
3,0.10926742851734161,1844
3,0.1589779257774353,1845
3,0.17747333645820618,1846
3,0.1916416734457016,1847
3,0.16281045973300934,1848
3,0.11045406758785248,1849
3,0.17694151401519775,1850
3,0.1788381040096283,1851
3,0.19915227591991425,1852
3,0.1890222728252411,1853
3,0.19200973212718964,1854
3,0.11229486763477325,1855
3,0.13228730857372284,1856
3,0.14971408247947693,1857
3,0.15506739914417267,1858
3,0.15705199539661407,1859
3,0.18206152319908142,1860
3,0.17479847371578217,1861
1,0.0935739278793335,1862
3,0.10105825215578079,1863
3,0.12526747584342957,1864
3,0.1499072164297104,1865
3,0.14652122557163239,1866
3,0.16982406377792358,1867
3,0.19301737844944,1868
3,0.17510512471199036,1869
3,0.1526951640844345,1870
3,0.10644640773534775,1871
3,0.11285745352506638,1872
3,0.11523356288671494,1873
4,0.14519353210926056,1874
3,0.1492621749639511,1875
3,0.14682333171367645,1876
3,0.1515636146068573,1877
3,0.17694126069545746,1878
3,0.1299358755350113,1879
3,0.1493622213602066,1880
3,0.17822887003421783,1881
3,0.08698650449514389,1882
3,0.0993073508143425,1883
3,0.11455660313367844,1884
3,0.18655109405517578,1885
3,0.14368289709091187,1886
3,0.13843612372875214,1887
3,0.11948216706514359,1888
3,0.12099865078926086,1889
3,0.13902059197425842,1890
2,0.13043422996997833,1891
4,0.13059550523757935,1892
3,0.1329127997159958,1893
3,0.13448317348957062,1894
3,0.1629115492105484,1895
3,0.20077337324619293,1896
1,0.08166173100471497,1897
3,0.10780278593301773,1898
3,0.11051526665687561,1899
3,0.12401064485311508,1900
3,0.13390585780143738,1901
3,0.13245874643325806,1902
3,0.1739175170660019,1903
3,0.1709059327840805,1904
3,0.14468035101890564,1905
3,0.1113024428486824,1906
3,0.16435983777046204,1907
3,0.17636236548423767,1908
3,0.1843891143798828,1909
3,0.19779980182647705,1910
3,0.1850513368844986,1911
3,0.18952405452728271,1912
3,0.11198156327009201,1913
3,0.11385957896709442,1914
3,0.12331373244524002,1915
3,0.12962771952152252,1916
3,0.14401216804981232,1917
3,0.15190503001213074,1918
3,0.1852826029062271,1919
3,0.08446001261472702,1920
3,0.10057540237903595,1921
3,0.15242993831634521,1922
3,0.10959750413894653,1923
3,0.19964629411697388,1924
3,0.12311378866434097,1925
3,0.13557328283786774,1926
3,0.13435980677604675,1927
3,0.13517247140407562,1928
3,0.1755346655845642,1929
3,0.1948353499174118,1930
3,0.20305724442005157,1931
3,0.12399337440729141,1932
3,0.14345185458660126,1933
1,0.07317424565553665,1934
3,0.13636043667793274,1935
3,0.1620716005563736,1936
4,0.178095281124115,1937
3,0.15689821541309357,1938
3,0.09863431751728058,1939
3,0.13667388260364532,1940
3,0.20563122630119324,1941
3,0.20332887768745422,1942
3,0.1903703212738037,1943
3,0.18385674059391022,1944
3,0.15107060968875885,1945
3,0.12468808144330978,1946
3,0.1712172031402588,1947
3,0.17440223693847656,1948
3,0.18924999237060547,1949
3,0.16844655573368073,1950
1,0.0891658365726471,1951
3,0.19925975799560547,1952
4,0.19725722074508667,1953
3,0.1121646910905838,1954
3,0.12711931765079498,1955
3,0.1479957401752472,1956
3,0.1785443127155304,1957
3,0.1778394728899002,1958
3,0.16080982983112335,1959
3,0.13978756964206696,1960
3,0.18603818118572235,1961
3,0.16460590064525604,1962
3,0.13453315198421478,1963
3,0.1132826954126358,1964
3,0.1560949683189392,1965
3,0.2012079805135727,1966
3,0.11251302808523178,1967
3,0.08633077144622803,1968
1,0.08999518305063248,1969
3,0.15951094031333923,1970
3,0.11200220882892609,1971
2,0.1429402232170105,1972
1,0.13766559958457947,1973
3,0.11276332288980484,1974
3,0.126724511384964,1975
3,0.12693189084529877,1976
3,0.1266796737909317,1977
3,0.1948062926530838,1978
3,0.15051116049289703,1979
3,0.18666116893291473,1980
3,0.18920743465423584,1981
3,0.11346565186977386,1982
3,0.1664692759513855,1983
3,0.18938873708248138,1984
3,0.19254684448242188,1985
3,0.1889529824256897,1986
3,0.17855584621429443,1987
3,0.12877027690410614,1988
3,0.12798048555850983,1989
3,0.184846431016922,1990
3,0.20747843384742737,1991
3,0.1765640825033188,1992
3,0.1617310494184494,1993
3,0.1570080816745758,1994
3,0.15632972121238708,1995
3,0.11499563604593277,1996
3,0.15825074911117554,1997
3,0.1738002449274063,1998
3,0.1820354014635086,1999
3,0.1749524027109146,2000
3,0.18289731442928314,2001
3,0.17787089943885803,2002
3,0.1195325255393982,2003
3,0.08738122880458832,2004
3,0.1420939564704895,2005
3,0.17435434460639954,2006
3,0.11381743103265762,2007
3,0.09253685921430588,2008
3,0.15306733548641205,2009
3,0.1539171040058136,2010
3,0.16917337477207184,2011
3,0.18380077183246613,2012
3,0.1773916780948639,2013
3,0.17681866884231567,2014
1,0.08128713816404343,2015
3,0.1033627986907959,2016
3,0.1183294951915741,2017
3,0.12030469626188278,2018
3,0.19101053476333618,2019
3,0.18444043397903442,2020
3,0.19491155445575714,2021
3,0.09144128113985062,2022
3,0.11494997888803482,2023
3,0.11924666911363602,2024
3,0.12682980298995972,2025
3,0.12893584370613098,2026
3,0.1429549902677536,2027
3,0.16428756713867188,2028
3,0.16461439430713654,2029
3,0.19150522351264954,2030
2,0.19481037557125092,2031
3,0.16132669150829315,2032
3,0.10330940783023834,2033
1,0.09005728363990784,2034
3,0.10753178596496582,2035
3,0.11796730756759644,2036
3,0.12634845077991486,2037
3,0.12705308198928833,2038
3,0.12856364250183105,2039
3,0.1336701661348343,2040
3,0.1928589642047882,2041
3,0.18803268671035767,2042
3,0.10317113250494003,2043
3,0.10455476492643356,2044
3,0.11663904041051865,2045
3,0.19154711067676544,2046
3,0.19740182161331177,2047
3,0.16315020620822906,2048
3,0.11436713486909866,2049
3,0.12812401354312897,2050
3,0.1764528602361679,2051
3,0.2021085023880005,2052
3,0.18945500254631042,2053
3,0.11706747114658356,2054
3,0.09635449200868607,2055
3,0.11277163028717041,2056
2,0.14216670393943787,2057
4,0.14236845076084137,2058
3,0.14966334402561188,2059
3,0.18988609313964844,2060
3,0.16390147805213928,2061
3,0.11759185791015625,2062
3,0.10421676933765411,2063
3,0.13175427913665771,2064
3,0.1445886790752411,2065
3,0.16885586082935333,2066
3,0.17151552438735962,2067
3,0.2092740535736084,2068
3,0.09777101129293442,2069
3,0.11179184913635254,2070
3,0.20497733354568481,2071
3,0.20594944059848785,2072
3,0.19918598234653473,2073
3,0.21099866926670074,2074
3,0.13913817703723907,2075
3,0.19464287161827087,2076
3,0.19393981993198395,2077
3,0.19015781581401825,2078
3,0.20754772424697876,2079
3,0.1196930930018425,2080
3,0.15266546607017517,2081
3,0.16240687668323517,2082
3,0.19028685986995697,2083
3,0.1964525282382965,2084
3,0.194397434592247,2085
3,0.16872583329677582,2086
3,0.12119210511445999,2087
3,0.10439302027225494,2088
3,0.10298097878694534,2089
3,0.14724647998809814,2090
3,0.16567789018154144,2091
3,0.19354501366615295,2092
3,0.20874285697937012,2093
3,0.1791820377111435,2094
3,0.21907825767993927,2095
3,0.12194879353046417,2096
3,0.208275705575943,2097
3,0.16463743150234222,2098
3,0.12433413416147232,2099
3,0.11498796939849854,2100
3,0.16099371016025543,2101
3,0.2185540795326233,2102
3,0.10514435917139053,2103
3,0.14626511931419373,2104
3,0.12188369035720825,2105
3,0.13706517219543457,2106
3,0.2233741730451584,2107
3,0.1124248281121254,2108
3,0.1396416872739792,2109
3,0.1983623504638672,2110
3,0.1965029537677765,2111
3,0.22389426827430725,2112
3,0.21611753106117249,2113
3,0.12555274367332458,2114
3,0.10704608261585236,2115
3,0.1133272722363472,2116
3,0.11271217465400696,2117
3,0.11502408236265182,2118
3,0.14704354107379913,2119
3,0.14724589884281158,2120
3,0.14922301471233368,2121
3,0.1680401712656021,2122
3,0.1758144199848175,2123
3,0.17611536383628845,2124
3,0.19234970211982727,2125
3,0.19601643085479736,2126
3,0.19530659914016724,2127
3,0.18659716844558716,2128
3,0.12654857337474823,2129
3,0.18706339597702026,2130
3,0.10748382657766342,2131
3,0.1970621794462204,2132
3,0.1722358614206314,2133
4,0.1266862452030182,2134
4,0.22458191215991974,2135
3,0.12147704511880875,2136
1,0.07909753918647766,2137
3,0.21909721195697784,2138
3,0.18473577499389648,2139
3,0.15536150336265564,2140
3,0.1540110558271408,2141
3,0.2031744420528412,2142
3,0.1537877768278122,2143
3,0.17265163362026215,2144
3,0.2081281840801239,2145
3,0.22868743538856506,2146
3,0.2193475365638733,2147
3,0.17342135310173035,2148
3,0.09348078817129135,2149
3,0.09998252987861633,2150
3,0.11059101670980453,2151
1,0.0813920795917511,2152
3,0.14406679570674896,2153
3,0.19934499263763428,2154
3,0.17998409271240234,2155
3,0.19011032581329346,2156
3,0.1231587752699852,2157
3,0.10664928704500198,2158
1,0.09216773509979248,2159
3,0.09131109714508057,2160
3,0.15040245652198792,2161
3,0.1549045592546463,2162
3,0.22190682590007782,2163
3,0.2231605350971222,2164
3,0.1430709958076477,2165
3,0.14168155193328857,2166
3,0.12139569967985153,2167
3,0.1565054953098297,2168
3,0.1762992888689041,2169
3,0.19445554912090302,2170
3,0.09500215202569962,2171
3,0.11308129131793976,2172
3,0.1362282931804657,2173
3,0.15419556200504303,2174
3,0.2119382619857788,2175
3,0.09259079396724701,2176
3,0.11268453299999237,2177
3,0.11933945119380951,2178
3,0.15660013258457184,2179
3,0.15705016255378723,2180
3,0.2052004635334015,2181
3,0.1240595206618309,2182
3,0.12035424262285233,2183
3,0.11291807889938354,2184
3,0.11638390272855759,2185
4,0.15736933052539825,2186
3,0.1187761202454567,2187
3,0.1560293436050415,2188
3,0.12444669008255005,2189
3,0.09727649390697479,2190
3,0.14818300306797028,2191
3,0.22305388748645782,2192
3,0.20912699401378632,2193
3,0.19186487793922424,2194
3,0.14466054737567902,2195
3,0.08788983523845673,2196
3,0.11778061836957932,2197
3,0.12651614844799042,2198
3,0.18856395781040192,2199
2,0.22296708822250366,2200
3,0.1960621178150177,2201
3,0.16395451128482819,2202
3,0.09969373047351837,2203
3,0.08694532513618469,2204
3,0.1040356382727623,2205
3,0.11713898926973343,2206
3,0.18385520577430725,2207
3,0.21558262407779694,2208
3,0.1908857822418213,2209
3,0.15850277245044708,2210
3,0.22429540753364563,2211
3,0.19138291478157043,2212
3,0.17860931158065796,2213
3,0.22950704395771027,2214
3,0.23131948709487915,2215
3,0.2255934327840805,2216
3,0.12014861404895782,2217
3,0.08598504215478897,2218
3,0.1871250718832016,2219
3,0.20924577116966248,2220
3,0.19762039184570312,2221
3,0.2330300658941269,2222
3,0.12898549437522888,2223
3,0.11872316151857376,2224
3,0.10559506714344025,2225
3,0.12568897008895874,2226
3,0.152057483792305,2227
3,0.1529066562652588,2228
3,0.1555393487215042,2229
3,0.22980628907680511,2230
3,0.18040795624256134,2231
1,0.09371614456176758,2232
3,0.1565117985010147,2233
3,0.21968349814414978,2234
3,0.15915870666503906,2235
3,0.18413980305194855,2236
3,0.2150905728340149,2237
3,0.21450307965278625,2238
3,0.11886148154735565,2239
3,0.12474891543388367,2240
3,0.1266913264989853,2241
2,0.18459101021289825,2242
3,0.21215201914310455,2243
3,0.20037433505058289,2244
3,0.08357289433479309,2245
3,0.20828185975551605,2246
3,0.1254938393831253,2247
3,0.12984316051006317,2248
3,0.14770855009555817,2249
4,0.1852305382490158,2250
3,0.1389901489019394,2251
3,0.11653207242488861,2252
1,0.089885413646698,2253
2,0.15986235439777374,2254
4,0.16009534895420074,2255
3,0.1617092490196228,2256
3,0.21684537827968597,2257
3,0.20238901674747467,2258
3,0.14289191365242004,2259
1,0.08158153295516968,2260
3,0.08240630477666855,2261
3,0.10857036709785461,2262
3,0.12611059844493866,2263
3,0.2239447683095932,2264
3,0.13958249986171722,2265
3,0.11098852008581161,2266
3,0.1460997760295868,2267
3,0.23963116109371185,2268
3,0.10996565967798233,2269
1,0.08308453857898712,2270
3,0.185418963432312,2271
3,0.18661201000213623,2272
3,0.18599852919578552,2273
3,0.21877242624759674,2274
3,0.12942932546138763,2275
3,0.08084779977798462,2276
3,0.14415977895259857,2277
3,0.19677069783210754,2278
3,0.21162620186805725,2279
3,0.18649539351463318,2280
3,0.11573600023984909,2281
1,0.06980662047863007,2282
3,0.19782599806785583,2283
3,0.21206121146678925,2284
3,0.11606840044260025,2285
3,0.12925969064235687,2286
3,0.1660947948694229,2287
3,0.2171529084444046,2288
3,0.11997353285551071,2289
3,0.14343148469924927,2290
3,0.16816319525241852,2291
3,0.24814431369304657,2292
3,0.11658111214637756,2293
3,0.13705645501613617,2294
3,0.1685197800397873,2295
3,0.20801296830177307,2296
3,0.190358504652977,2297
3,0.188282772898674,2298
3,0.15421156585216522,2299
4,0.1546844094991684,2300
3,0.17152716219425201,2301
3,0.21009555459022522,2302
3,0.2285347580909729,2303
3,0.20334023237228394,2304
3,0.17389121651649475,2305
3,0.14197304844856262,2306
3,0.13302698731422424,2307
3,0.20269998908042908,2308
3,0.11475374549627304,2309
3,0.10708101093769073,2310
3,0.11777126789093018,2311
3,0.15549129247665405,2312
3,0.216183602809906,2313
3,0.19811101257801056,2314
3,0.20948933064937592,2315
3,0.21063683927059174,2316
3,0.22994846105575562,2317
3,0.17273497581481934,2318
3,0.1966133713722229,2319
3,0.2021607756614685,2320
3,0.1926628202199936,2321
3,0.1941521167755127,2322
3,0.20042935013771057,2323
3,0.11621101945638657,2324
3,0.14346911013126373,2325
3,0.22421593964099884,2326
3,0.2276124358177185,2327
3,0.1322004199028015,2328
3,0.13313385844230652,2329
3,0.10409669578075409,2330
3,0.11865118145942688,2331
3,0.15320377051830292,2332
3,0.21226267516613007,2333
3,0.14827725291252136,2334
3,0.117094486951828,2335
3,0.14841270446777344,2336
3,0.1576123982667923,2337
3,0.14386607706546783,2338
3,0.1327606588602066,2339
3,0.11789389699697495,2340
1,0.06903687864542007,2341
3,0.1444435715675354,2342
3,0.2069021314382553,2343
3,0.16350652277469635,2344
3,0.17731960117816925,2345
3,0.15745484828948975,2346
3,0.20002609491348267,2347
3,0.21484413743019104,2348
3,0.20737722516059875,2349
1,0.07314241677522659,2350
3,0.1387130320072174,2351
4,0.1449904441833496,2352
2,0.14480285346508026,2353
3,0.18066489696502686,2354
3,0.24775661528110504,2355
3,0.22962695360183716,2356
1,0.09261269867420197,2357
3,0.12197587639093399,2358
3,0.1641029715538025,2359
3,0.2056775838136673,2360
3,0.18161600828170776,2361
3,0.20101772248744965,2362
3,0.24829809367656708,2363
3,0.11889053881168365,2364
3,0.12076370418071747,2365
3,0.1541784554719925,2366
3,0.19574223458766937,2367
3,0.18906058371067047,2368
3,0.20362776517868042,2369
2,0.06532114744186401,2370
3,0.1906425952911377,2371
3,0.21038487553596497,2372
3,0.1511741280555725,2373
3,0.1071365475654602,2374
3,0.15455637872219086,2375
3,0.14566415548324585,2376
1,0.07325471192598343,2377
3,0.15369099378585815,2378
3,0.20188620686531067,2379
3,0.12297138571739197,2380
3,0.12157411128282547,2381
3,0.15653768181800842,2382
3,0.19995400309562683,2383
3,0.20267143845558167,2384
3,0.22668364644050598,2385
3,0.12319260090589523,2386
3,0.10046625882387161,2387
1,0.10642479360103607,2388
3,0.19862256944179535,2389
3,0.24440419673919678,2390
3,0.13429664075374603,2391
1,0.0840490311384201,2392
3,0.14723476767539978,2393
3,0.22948554158210754,2394
3,0.04418448358774185,2395
1,0.0013353375252336264,2396
3,0.18332518637180328,2397
3,0.23016764223575592,2398
3,0.2156951129436493,2399
3,0.11492788046598434,2400
1,0.04154065251350403,2401
3,0.10323730111122131,2402
3,0.10334371775388718,2403
3,0.14623956382274628,2404
3,0.22995859384536743,2405
3,0.22710071504116058,2406
3,0.2584882080554962,2407
3,0.22389276325702667,2408
3,0.19663630425930023,2409
3,0.1367550939321518,2410
3,0.2413169890642166,2411
3,0.09490776062011719,2412
3,0.10410126298666,2413
3,0.14468763768672943,2414
3,0.1585693508386612,2415
3,0.20919287204742432,2416
3,0.19418364763259888,2417
3,0.1794695407152176,2418
3,0.21279726922512054,2419
3,0.1624738872051239,2420
2,0.11041132360696793,2421
3,0.14258098602294922,2422
3,0.14441846311092377,2423
3,0.16793757677078247,2424
3,0.1935977190732956,2425
3,0.2509012818336487,2426
3,0.22110646963119507,2427
3,0.2151031643152237,2428
1,0.08597193658351898,2429
3,0.09516069293022156,2430
3,0.12717990577220917,2431
3,0.13839374482631683,2432
3,0.2141181081533432,2433
3,0.20611509680747986,2434
3,0.17644017934799194,2435
3,0.2517208755016327,2436
3,0.21802760660648346,2437
3,0.17376409471035004,2438
3,0.16459499299526215,2439
3,0.1614132970571518,2440
3,0.13910667598247528,2441
3,0.24396072328090668,2442
3,0.19345171749591827,2443
1,0.03666041046380997,2444
3,0.25281786918640137,2445
3,0.0997459888458252,2446
1,0.09101599454879761,2447
3,0.1075063943862915,2448
3,0.13671647012233734,2449
3,0.13804107904434204,2450
3,0.09392847120761871,2451
1,0.08046882599592209,2452
3,0.10655365884304047,2453
3,0.15521222352981567,2454
3,0.21312028169631958,2455
3,0.08430664241313934,2456
3,0.09142369031906128,2457
3,0.16013070940971375,2458
3,0.20213431119918823,2459
3,0.184538796544075,2460
3,0.23083500564098358,2461
3,0.21252897381782532,2462
1,0.05222786217927933,2463
3,0.0987485945224762,2464
3,0.20534218847751617,2465
3,0.09877856820821762,2466
3,0.16532839834690094,2467
3,0.08923120051622391,2468
3,0.10245786607265472,2469
3,0.13119551539421082,2470
3,0.20912913978099823,2471
3,0.18870201706886292,2472
3,0.26702284812927246,2473
3,0.2193143218755722,2474
3,0.16478192806243896,2475
3,0.10785455256700516,2476
3,0.11508636176586151,2477
3,0.16286002099514008,2478
3,0.24431848526000977,2479
3,0.16370096802711487,2480
3,0.08945855498313904,2481
3,0.09221220016479492,2482
3,0.12901577353477478,2483
3,0.1422813981771469,2484
3,0.21991196274757385,2485
3,0.2413010150194168,2486
3,0.27169016003608704,2487
3,0.2154207080602646,2488
3,0.17399923503398895,2489
1,0.09497520327568054,2490
3,0.14261499047279358,2491
3,0.24108564853668213,2492
3,0.1286270171403885,2493
2,0.2716977000236511,2494
3,0.23695144057273865,2495
3,0.22807878255844116,2496
3,0.21144475042819977,2497
4,0.27331405878067017,2498
3,0.18125340342521667,2499
3,0.1125996857881546,2500
1,0.09024406969547272,2501
3,0.23853394389152527,2502
3,0.2179209291934967,2503
3,0.17935600876808167,2504
3,0.14378900825977325,2505
3,0.09963185340166092,2506
3,0.09917930513620377,2507
3,0.17272643744945526,2508
3,0.2543664872646332,2509
3,0.2746677100658417,2510
3,0.24434849619865417,2511
3,0.17542614042758942,2512
3,0.09907075762748718,2513
3,0.21027986705303192,2514
3,0.17812030017375946,2515
3,0.17470312118530273,2516
3,0.24906708300113678,2517
3,0.24014946818351746,2518
3,0.09336943179368973,2519
3,0.09882072359323502,2520
3,0.21366429328918457,2521
3,0.21154482662677765,2522
3,0.2469814419746399,2523
3,0.22018273174762726,2524
1,0.08246360719203949,2525
1,0.07846616208553314,2526
3,0.1248970553278923,2527
3,0.16712914407253265,2528
3,0.2157159447669983,2529
3,0.2121981978416443,2530
3,0.18357715010643005,2531
1,0.07102266699075699,2532
3,0.0995447188615799,2533
3,0.22150765359401703,2534
3,0.2317282259464264,2535
3,0.1004604920744896,2536
3,0.16843493282794952,2537
3,0.26811888813972473,2538
3,0.16706453263759613,2539
3,0.2430795431137085,2540
3,0.09395589679479599,2541
3,0.24397364258766174,2542
3,0.1660725623369217,2543
3,0.16504471004009247,2544
3,0.11239543557167053,2545
1,0.07075934112071991,2546
4,0.14616575837135315,2547
3,0.2629982531070709,2548
3,0.24009622633457184,2549
1,0.08930681645870209,2550
3,0.20624999701976776,2551
3,0.2074241191148758,2552
1,0.12582120299339294,2553
3,0.20687367022037506,2554
1,0.15751810371875763,2555
3,0.09451188147068024,2556
3,0.12122680991888046,2557
3,0.12151824682950974,2558
3,0.14451834559440613,2559
3,0.2286006063222885,2560
3,0.19992278516292572,2561
3,0.19724802672863007,2562
3,0.23195315897464752,2563
3,0.28115493059158325,2564
3,0.19669409096240997,2565
3,0.17124882340431213,2566
3,0.25445234775543213,2567
3,0.23973646759986877,2568
3,0.21538794040679932,2569
3,0.23697206377983093,2570
3,0.153323233127594,2571
3,0.17294998466968536,2572
3,0.28371694684028625,2573
3,0.2566121518611908,2574
3,0.23814864456653595,2575
3,0.11924140155315399,2576
3,0.2437579482793808,2577
3,0.2417939305305481,2578
3,0.2231929749250412,2579
3,0.21601882576942444,2580
3,0.21834933757781982,2581
3,0.257754921913147,2582
2,0.304790198802948,2583
3,0.2792036533355713,2584
3,0.2794286012649536,2585
3,0.291806697845459,2586
3,0.2585660219192505,2587
3,0.2563819885253906,2588
4,0.2533770501613617,2589
3,0.2491818368434906,2590
1,0.0965108796954155,2591
4,0.11703337728977203,2592
2,0.12674057483673096,2593
4,0.12653851509094238,2594
3,0.17735792696475983,2595
3,0.27206578850746155,2596
3,0.2882765233516693,2597
3,0.1162685677409172,2598
3,0.12703391909599304,2599
3,0.2466888725757599,2600
3,0.12299724668264389,2601
3,0.141848623752594,2602
3,0.21834945678710938,2603
3,0.10473965108394623,2604
3,0.10983902961015701,2605
3,0.28594115376472473,2606
3,0.1695012003183365,2607
3,0.10768771171569824,2608
3,0.10459740459918976,2609
3,0.14215435087680817,2610
3,0.182113379240036,2611
3,0.20557507872581482,2612
3,0.22571240365505219,2613
3,0.1898532658815384,2614
3,0.23189996182918549,2615
3,0.25920188426971436,2616
3,0.3005359172821045,2617
3,0.2484978288412094,2618
3,0.10535069555044174,2619
3,0.12679219245910645,2620
3,0.30012086033821106,2621
3,0.30143508315086365,2622
3,0.28934285044670105,2623
3,0.15311187505722046,2624
3,0.18221403658390045,2625
3,0.23007434606552124,2626
3,0.1284787505865097,2627
3,0.13249363005161285,2628
3,0.1382453739643097,2629
3,0.1830834448337555,2630
3,0.1155775710940361,2631
3,0.2984100580215454,2632
3,0.2556341886520386,2633
1,0.09560656547546387,2634
3,0.14096106588840485,2635
3,0.18093222379684448,2636
2,0.32204315066337585,2637
3,0.312347948551178,2638
3,0.30949345231056213,2639
3,0.2899027168750763,2640
3,0.2996390759944916,2641
3,0.2841244637966156,2642
3,0.21301092207431793,2643
3,0.2595481276512146,2644
3,0.10323973000049591,2645
3,0.26041409373283386,2646
3,0.15953873097896576,2647
3,0.2345736175775528,2648
3,0.2738546133041382,2649
1,0.25007906556129456,2650
3,0.31793680787086487,2651
3,0.3029400110244751,2652
1,0.06250713020563126,2653
3,0.15759235620498657,2654
3,0.2616477608680725,2655
3,0.1880161464214325,2656
3,0.09718543291091919,2657
3,0.09947122633457184,2658
3,0.14845961332321167,2659
3,0.17307694256305695,2660
3,0.32883039116859436,2661
3,0.26254189014434814,2662
3,0.14216697216033936,2663
3,0.1758853793144226,2664
3,0.17908184230327606,2665
4,0.1818915456533432,2666
3,0.1768878996372223,2667
3,0.23773734271526337,2668
2,0.29004329442977905,2669
3,0.3058438003063202,2670
3,0.26317980885505676,2671
3,0.21680466830730438,2672
3,0.10048718005418777,2673
3,0.13943180441856384,2674
3,0.15951590240001678,2675
3,0.1826229989528656,2676
3,0.18896141648292542,2677
3,0.10748396068811417,2678
1,0.09465649724006653,2679
3,0.10059289634227753,2680
3,0.13508854806423187,2681
3,0.18545959889888763,2682
3,0.3360218405723572,2683
2,0.28870660066604614,2684
3,0.2973909080028534,2685
3,0.264416366815567,2686
3,0.10330627113580704,2687
3,0.10587898641824722,2688
3,0.13250012695789337,2689
3,0.22575119137763977,2690
3,0.23726840317249298,2691
4,0.3299722671508789,2692
3,0.105512835085392,2693
3,0.15377812087535858,2694
2,0.2875446081161499,2695
3,0.3062053322792053,2696
3,0.09709306806325912,2697
3,0.2710229754447937,2698
3,0.13025571405887604,2699
3,0.24281802773475647,2700
2,0.30809590220451355,2701
4,0.30914196372032166,2702
3,0.2784615457057953,2703
3,0.27254340052604675,2704
3,0.10892113298177719,2705
3,0.11606210470199585,2706
3,0.18930892646312714,2707
3,0.19820432364940643,2708
3,0.1958369016647339,2709
3,0.2854501008987427,2710
3,0.20096004009246826,2711
2,0.1003539189696312,2712
3,0.12870697677135468,2713
3,0.21616290509700775,2714
3,0.3395017087459564,2715
3,0.27105990052223206,2716
1,0.13909848034381866,2717
3,0.09980908036231995,2718
3,0.10081619024276733,2719
3,0.15832556784152985,2720
3,0.17827363312244415,2721
3,0.1788226217031479,2722
3,0.27202317118644714,2723
3,0.10400690883398056,2724
3,0.11022461205720901,2725
3,0.2623520493507385,2726
3,0.2909412682056427,2727
3,0.19971661269664764,2728
3,0.1398950070142746,2729
1,0.08475837856531143,2730
3,0.10201174020767212,2731
3,0.10435222089290619,2732
3,0.15987518429756165,2733
3,0.18373171985149384,2734
2,0.29128628969192505,2735
3,0.3130449652671814,2736
3,0.16033820807933807,2737
3,0.17713575065135956,2738
3,0.28388020396232605,2739
3,0.3184812366962433,2740
3,0.11011669784784317,2741
3,0.32036349177360535,2742
3,0.32019156217575073,2743
3,0.25204721093177795,2744
1,0.09675807505846024,2745
3,0.1931234747171402,2746
3,0.18740668892860413,2747
3,0.28927215933799744,2748
3,0.310368150472641,2749
3,0.3169567584991455,2750
3,0.2759060859680176,2751
1,0.09440752863883972,2752
3,0.11374069005250931,2753
1,0.1321755349636078,2754
3,0.2883121371269226,2755
2,0.2937719225883484,2756
3,0.11594226956367493,2757
3,0.11759035289287567,2758
3,0.16420666873455048,2759
3,0.17053379118442535,2760
3,0.22404071688652039,2761
3,0.24790753424167633,2762
2,0.3590381443500519,2763
1,0.0803348571062088,2764
3,0.12062153220176697,2765
3,0.12213922291994095,2766
3,0.2521524429321289,2767
3,0.31223589181900024,2768
3,0.2022610455751419,2769
3,0.13199850916862488,2770
3,0.2791160047054291,2771
3,0.18069271743297577,2772
1,0.11322002112865448,2773
3,0.11356464773416519,2774
3,0.09501872956752777,2775
3,0.16596025228500366,2776
3,0.16677942872047424,2777
3,0.19328825175762177,2778
3,0.19650930166244507,2779
3,0.293703556060791,2780
3,0.28309595584869385,2781
3,0.2817535698413849,2782
3,0.19370192289352417,2783
3,0.09759734570980072,2784
3,0.18930695950984955,2785
2,0.2978528141975403,2786
3,0.20608246326446533,2787
3,0.1771737039089203,2788
3,0.11082080006599426,2789
3,0.1595994234085083,2790
3,0.19426730275154114,2791
3,0.31202101707458496,2792
3,0.24247245490550995,2793
1,0.11214935034513474,2794
3,0.10446543991565704,2795
1,0.10778198391199112,2796
3,0.2110515832901001,2797
3,0.2555955946445465,2798
3,0.3232879936695099,2799
3,0.2851307690143585,2800
3,0.1337296962738037,2801
3,0.10905897617340088,2802
3,0.19337934255599976,2803
3,0.1993332803249359,2804
3,0.3057093620300293,2805
3,0.28588101267814636,2806
3,0.339081346988678,2807
3,0.2848120629787445,2808
3,0.11356019228696823,2809
3,0.3367559313774109,2810
3,0.09626870602369308,2811
3,0.22264912724494934,2812
2,0.3638468384742737,2813
3,0.3420525789260864,2814
3,0.3159372806549072,2815
3,0.2912764847278595,2816
1,0.09104366600513458,2817
1,0.07814379781484604,2818
3,0.17092423141002655,2819
3,0.3285656273365021,2820
3,0.3453253209590912,2821
3,0.2937218248844147,2822
3,0.20366519689559937,2823
3,0.19780102372169495,2824
3,0.20487342774868011,2825
3,0.10647587478160858,2826
3,0.11715580523014069,2827
3,0.1982918381690979,2828
3,0.20118042826652527,2829
3,0.2994588017463684,2830
3,0.2895618975162506,2831
3,0.125448539853096,2832
3,0.2001904994249344,2833
2,0.3047221899032593,2834
3,0.3174990117549896,2835
3,0.18276524543762207,2836
3,0.21229584515094757,2837
3,0.21479494869709015,2838
3,0.1800030916929245,2839
3,0.11698784679174423,2840
3,0.2018599808216095,2841
3,0.21378925442695618,2842
3,0.3026904761791229,2843
3,0.10551690310239792,2844
3,0.10731644183397293,2845
3,0.1260254681110382,2846
1,0.13004206120967865,2847
3,0.20303954184055328,2848
3,0.20206032693386078,2849
3,0.19519813358783722,2850
3,0.1473359912633896,2851
3,0.1373651921749115,2852
3,0.11916111409664154,2853
4,0.20578736066818237,2854
3,0.20677979290485382,2855
3,0.2706776559352875,2856
1,0.086195208132267,2857
3,0.11906955391168594,2858
3,0.26936113834381104,2859
3,0.2978798747062683,2860
3,0.2951834797859192,2861
3,0.3075177073478699,2862
3,0.21852248907089233,2863
3,0.18543004989624023,2864
1,0.09483587741851807,2865
3,0.10466668009757996,2866
3,0.20353946089744568,2867
3,0.22936642169952393,2868
3,0.2970428168773651,2869
3,0.1739862561225891,2870
3,0.09736786037683487,2871
3,0.09829719364643097,2872
3,0.2061876803636551,2873
3,0.1023864597082138,2874
3,0.11403517425060272,2875
3,0.29474034905433655,2876
3,0.2501850724220276,2877
3,0.11333999037742615,2878
3,0.12019792199134827,2879
3,0.14165140688419342,2880
3,0.23100735247135162,2881
3,0.2703230679035187,2882
3,0.27274107933044434,2883
3,0.30287599563598633,2884
2,0.3693540692329407,2885
2,0.10133083164691925,2886
3,0.10192610323429108,2887
3,0.10267164558172226,2888
3,0.18751919269561768,2889
3,0.18781593441963196,2890
3,0.21032653748989105,2891
3,0.21096651256084442,2892
3,0.24013634026050568,2893
3,0.30081599950790405,2894
2,0.31191590428352356,2895
3,0.10044568032026291,2896
3,0.12088528275489807,2897
3,0.14240065217018127,2898
3,0.15947505831718445,2899
3,0.20768606662750244,2900
3,0.2044396549463272,2901
3,0.2151520699262619,2902
3,0.21589629352092743,2903
3,0.10853364318609238,2904
3,0.12729603052139282,2905
3,0.10858496278524399,2906
3,0.17855864763259888,2907
3,0.17884621024131775,2908
3,0.21038192510604858,2909
3,0.10871515423059464,2910
1,0.2861514985561371,2911
3,0.25488296151161194,2912
3,0.1470053344964981,2913
3,0.3073245584964752,2914
2,0.3152386248111725,2915
3,0.3072597086429596,2916
3,0.31506311893463135,2917
3,0.31417709589004517,2918
3,0.14745080471038818,2919
3,0.23539616167545319,2920
3,0.1411287486553192,2921
3,0.3107852637767792,2922
3,0.13502660393714905,2923
3,0.1226578801870346,2924
3,0.14461714029312134,2925
3,0.30908820033073425,2926
2,0.31733405590057373,2927
3,0.12932175397872925,2928
3,0.1010374054312706,2929
3,0.12950922548770905,2930
2,0.2187562882900238,2931
3,0.3037256896495819,2932
1,0.11885911971330643,2933
3,0.1745968908071518,2934
4,0.21947206556797028,2935
3,0.25934240221977234,2936
3,0.20997141301631927,2937
3,0.10126946121454239,2938
3,0.21775321662425995,2939
3,0.2184309959411621,2940
3,0.2880261540412903,2941
2,0.12633265554904938,2942
2,0.11818131059408188,2943
3,0.11079422384500504,2944
3,0.15032659471035004,2945
3,0.31814372539520264,2946
3,0.1510200798511505,2947
3,0.12027110159397125,2948
1,0.08572433888912201,2949
3,0.12407524138689041,2950
3,0.24099162220954895,2951
3,0.21246644854545593,2952
1,0.26563408970832825,2953
3,0.11831272393465042,2954
3,0.3142678439617157,2955
3,0.2362000048160553,2956
3,0.1219843327999115,2957
2,0.28314027190208435,2958
3,0.09974513202905655,2959
3,0.11584404110908508,2960
3,0.16816234588623047,2961
2,0.32514315843582153,2962
3,0.32429808378219604,2963
3,0.09835537523031235,2964
3,0.11638116091489792,2965
3,0.1951010525226593,2966
3,0.23009398579597473,2967
3,0.2509017288684845,2968
3,0.1352151334285736,2969
2,0.11976882815361023,2970
3,0.11251164227724075,2971
3,0.11489234119653702,2972
3,0.3298313319683075,2973
3,0.12407392263412476,2974
3,0.11174658685922623,2975
3,0.1133631244301796,2976
3,0.24956487119197845,2977
1,0.13615335524082184,2978
3,0.136244535446167,2979
3,0.31301149725914,2980
3,0.3322869837284088,2981
3,0.1057981476187706,2982
3,0.11253220587968826,2983
3,0.11252526193857193,2984
3,0.11862395703792572,2985
3,0.2978278696537018,2986
3,0.3349858522415161,2987
3,0.15683479607105255,2988
3,0.12166453152894974,2989
1,0.05377960950136185,2990
3,0.15038888156414032,2991
1,0.16826142370700836,2992
2,0.3310348689556122,2993
3,0.321103572845459,2994
3,0.2838153541088104,2995
3,0.12372994422912598,2996
3,0.284610390663147,2997
3,0.24771255254745483,2998
3,0.12569673359394073,2999
3,0.09841389954090118,3000
3,0.2105705738067627,3001
3,0.14885081350803375,3002
3,0.12625433504581451,3003
3,0.13236680626869202,3004
3,0.24112744629383087,3005
3,0.3141360282897949,3006
3,0.3615458607673645,3007
3,0.35834264755249023,3008
3,0.09425528347492218,3009
3,0.21678996086120605,3010
3,0.24421748518943787,3011
3,0.25563845038414,3012
3,0.3613145351409912,3013
3,0.12330001592636108,3014
3,0.36677223443984985,3015
3,0.10665856301784515,3016
3,0.11768285185098648,3017
3,0.11810298264026642,3018
3,0.1190820038318634,3019
3,0.13380630314350128,3020
3,0.2227107435464859,3021
3,0.23273241519927979,3022
2,0.3842727243900299,3023
1,0.05199628323316574,3024
3,0.23223555088043213,3025
3,0.3167766034603119,3026
3,0.20910799503326416,3027
3,0.12451011687517166,3028
3,0.15444405376911163,3029
3,0.1549043357372284,3030
2,0.24641568958759308,3031
3,0.34722667932510376,3032
3,0.11635446548461914,3033
3,0.12815508246421814,3034
1,0.13976484537124634,3035
3,0.16109119355678558,3036
3,0.11924703419208527,3037
3,0.15839636325836182,3038
2,0.3860931396484375,3039
4,0.35778069496154785,3040
3,0.12034975737333298,3041
3,0.1942824125289917,3042
3,0.259520024061203,3043
3,0.30723604559898376,3044
3,0.15681087970733643,3045
3,0.25184357166290283,3046
3,0.21247419714927673,3047
3,0.12039152532815933,3048
1,0.092726930975914,3049
2,0.3450053334236145,3050
3,0.12147647887468338,3051
3,0.12232308834791183,3052
3,0.2108229100704193,3053
3,0.30559802055358887,3054
3,0.19362789392471313,3055
3,0.16414935886859894,3056
3,0.11913216859102249,3057
3,0.1304132491350174,3058
3,0.21142126619815826,3059
3,0.21624571084976196,3060
3,0.26637327671051025,3061
3,0.12957334518432617,3062
3,0.13297754526138306,3063
2,0.38999760150909424,3064
3,0.3072114586830139,3065
3,0.2426033318042755,3066
3,0.11956161260604858,3067
3,0.3331272006034851,3068
3,0.23102301359176636,3069
3,0.2438441663980484,3070
1,0.08628347516059875,3071
1,0.04618443548679352,3072
3,0.18432001769542694,3073
3,0.26405221223831177,3074
3,0.3363440930843353,3075
3,0.11788173764944077,3076
3,0.17748194932937622,3077
3,0.3805164098739624,3078
1,0.1438320130109787,3079
3,0.06647481769323349,3080
3,0.11761689186096191,3081
4,0.12361602485179901,3082
3,0.15224415063858032,3083
3,0.1727103590965271,3084
2,0.3920864164829254,3085
3,0.37989529967308044,3086
3,0.38315555453300476,3087
3,0.3707016408443451,3088
3,0.16574503481388092,3089
3,0.16796281933784485,3090
3,0.19135327637195587,3091
2,0.33979156613349915,3092
3,0.14713072776794434,3093
3,0.1496126651763916,3094
3,0.1567024290561676,3095
3,0.09422752261161804,3096
3,0.10016945749521255,3097
3,0.16225412487983704,3098
3,0.19644969701766968,3099
3,0.20213834941387177,3100
1,0.08085843920707703,3101
1,0.09319636970758438,3102
3,0.25640904903411865,3103
3,0.24893219769001007,3104
3,0.12137287855148315,3105
3,0.20413844287395477,3106
3,0.27062687277793884,3107
3,0.3455723524093628,3108
2,0.3941977024078369,3109
3,0.17111583054065704,3110
3,0.1325162649154663,3111
3,0.09360124170780182,3112
3,0.11011551320552826,3113
2,0.3944137692451477,3114
3,0.15783213078975677,3115
3,0.10521695017814636,3116
3,0.31183886528015137,3117
3,0.25182974338531494,3118
3,0.15326663851737976,3119
1,0.0823783352971077,3120
3,0.13391345739364624,3121
3,0.27764731645584106,3122
3,0.2523825466632843,3123
3,0.1528250128030777,3124
3,0.1501600444316864,3125
3,0.12238066643476486,3126
2,0.3963318169116974,3127
1,0.1456814706325531,3128
3,0.1207442358136177,3129
3,0.3264636695384979,3130
1,0.10241740942001343,3131
1,0.04119452089071274,3132
3,0.12962934374809265,3133
3,0.13488809764385223,3134
3,0.2807752192020416,3135
1,0.16011862456798553,3136
3,0.15577317774295807,3137
2,0.3640155494213104,3138
3,0.1962823122739792,3139
3,0.17018888890743256,3140
3,0.11312907934188843,3141
3,0.13948772847652435,3142
3,0.09510084241628647,3143
3,0.1267634779214859,3144
3,0.13564901053905487,3145
3,0.21327774226665497,3146
3,0.20940321683883667,3147
3,0.11514006555080414,3148
3,0.10303514450788498,3149
3,0.1020052582025528,3150
3,0.2095869928598404,3151
3,0.21036012470722198,3152
3,0.1613258570432663,3153
1,0.07899612188339233,3154
3,0.10186991840600967,3155
3,0.2891294062137604,3156
3,0.21067626774311066,3157
3,0.07935041189193726,3158
3,0.16572734713554382,3159
4,0.21719177067279816,3160
3,0.16686564683914185,3161
3,0.13574595749378204,3162
3,0.26163992285728455,3163
1,0.0911625325679779,3164
3,0.12359408289194107,3165
3,0.22311916947364807,3166
2,0.40120959281921387,3167
3,0.26162534952163696,3168
3,0.09595820307731628,3169
3,0.2846441864967346,3170
3,0.2034386247396469,3171
3,0.29199671745300293,3172
3,0.2796096205711365,3173
3,0.2641049921512604,3174
3,0.26337215304374695,3175
3,0.16344186663627625,3176
1,0.06758332997560501,3177
3,0.2022254765033722,3178
3,0.23949012160301208,3179
3,0.08882974833250046,3180
3,0.19712594151496887,3181
3,0.2929026484489441,3182
3,0.27750852704048157,3183
3,0.2422482967376709,3184
3,0.14948906004428864,3185
3,0.16953913867473602,3186
3,0.2672652304172516,3187
1,0.09445193409919739,3188
1,0.08881786465644836,3189
3,0.15314774215221405,3190
3,0.21742092072963715,3191
3,0.09695246815681458,3192
1,0.10072559118270874,3193
3,0.15249279141426086,3194
1,0.08829652518033981,3195
3,0.16783152520656586,3196
3,0.29741859436035156,3197
1,0.08930147439241409,3198
1,0.09223868697881699,3199
3,0.1208760067820549,3200
3,0.122447170317173,3201
3,0.15477558970451355,3202
3,0.2960280179977417,3203
3,0.21955016255378723,3204
1,0.07360218465328217,3205
3,0.0981755405664444,3206
3,0.0891813263297081,3207
3,0.09255674481391907,3208
3,0.09861923009157181,3209
3,0.22111475467681885,3210
3,0.2963722050189972,3211
2,0.40643835067749023,3212
3,0.2631041407585144,3213
1,0.09136901050806046,3214
3,0.09766893833875656,3215
3,0.2306140959262848,3216
1,0.0889274850487709,3217
3,0.0936795100569725,3218
3,0.1806381344795227,3219
3,0.2911188006401062,3220
3,0.3003123104572296,3221
3,0.1766340732574463,3222
3,0.09738136827945709,3223
3,0.14364250004291534,3224
3,0.2345552295446396,3225
3,0.258257657289505,3226
3,0.10354261100292206,3227
3,0.1437331736087799,3228
3,0.17698249220848083,3229
3,0.13352951407432556,3230
3,0.14617455005645752,3231
3,0.2097046971321106,3232
3,0.1774616539478302,3233
3,0.09214673936367035,3234
3,0.09160727262496948,3235
3,0.09610726684331894,3236
3,0.29940444231033325,3237
2,0.3841293752193451,3238
3,0.2364511787891388,3239
3,0.20836392045021057,3240
3,0.09962895512580872,3241
3,0.25764960050582886,3242
3,0.20646531879901886,3243
1,0.19350028038024902,3244
3,0.1969321370124817,3245
1,0.09622994810342789,3246
3,0.12522605061531067,3247
3,0.1291808784008026,3248
3,0.16824418306350708,3249
3,0.33160197734832764,3250
3,0.11912589520215988,3251
3,0.09998917579650879,3252
1,0.10694397985935211,3253
3,0.14637695252895355,3254
3,0.22853653132915497,3255
3,0.23530814051628113,3256
3,0.35827013850212097,3257
1,0.2538723945617676,3258
1,0.10245240479707718,3259
3,0.09315862506628036,3260
3,0.09715680032968521,3261
3,0.169179767370224,3262
3,0.23989784717559814,3263
3,0.17895488440990448,3264
3,0.13312800228595734,3265
3,0.1503797173500061,3266
3,0.2038051187992096,3267
3,0.23237542808055878,3268
3,0.23727142810821533,3269
3,0.3458361327648163,3270
3,0.36200135946273804,3271
3,0.09343202412128448,3272
3,0.09410399198532104,3273
3,0.13910731673240662,3274
3,0.20992815494537354,3275
3,0.14288225769996643,3276
3,0.09822450578212738,3277
3,0.1461613029241562,3278
3,0.1802307814359665,3279
3,0.18206465244293213,3280
3,0.2430320531129837,3281
3,0.2132064551115036,3282
3,0.21152499318122864,3283
3,0.21065324544906616,3284
3,0.1063530370593071,3285
2,0.1464371681213379,3286
3,0.19719788432121277,3287
3,0.23441530764102936,3288
3,0.240336611866951,3289
3,0.2109229862689972,3290
3,0.20404405891895294,3291
3,0.1202978566288948,3292
3,0.11742811650037766,3293
3,0.10101103782653809,3294
3,0.1477966010570526,3295
3,0.21735188364982605,3296
3,0.2100183367729187,3297
1,0.09543071687221527,3298
3,0.10667259246110916,3299
3,0.1470440775156021,3300
3,0.21802285313606262,3301
3,0.21566428244113922,3302
3,0.21022772789001465,3303
3,0.14901824295520782,3304
3,0.1002514585852623,3305
3,0.21871332824230194,3306
3,0.0957569107413292,3307
3,0.09866069257259369,3308
3,0.1368892341852188,3309
3,0.2118818610906601,3310
3,0.21773771941661835,3311
3,0.2351740300655365,3312
3,0.18448379635810852,3313
3,0.2829338610172272,3314
3,0.21362832188606262,3315
3,0.1473761349916458,3316
3,0.36580267548561096,3317
3,0.23268477618694305,3318
3,0.20445165038108826,3319
3,0.19925987720489502,3320
3,0.10218148678541183,3321
3,0.09330987930297852,3322
3,0.09713353961706161,3323
3,0.14973393082618713,3324
3,0.21428599953651428,3325
3,0.1015545055270195,3326
1,0.07061727344989777,3327
1,0.07720483839511871,3328
3,0.14787492156028748,3329
3,0.21624383330345154,3330
3,0.21449396014213562,3331
3,0.20628467202186584,3332
1,0.0794067308306694,3333
3,0.08847828954458237,3334
3,0.24000690877437592,3335
3,0.22893108427524567,3336
3,0.24497616291046143,3337
2,0.3844694495201111,3338
3,0.21202988922595978,3339
3,0.21140114963054657,3340
3,0.20521444082260132,3341
3,0.26050183176994324,3342
1,0.13022661209106445,3343
3,0.10335533320903778,3344
3,0.17825543880462646,3345
3,0.22215530276298523,3346
3,0.2142288088798523,3347
1,0.09258242696523666,3348
3,0.10137727856636047,3349
3,0.08168965578079224,3350
3,0.2194226086139679,3351
3,0.15259450674057007,3352
3,0.09748350083827972,3353
3,0.22466371953487396,3354
3,0.15880312025547028,3355
3,0.13549408316612244,3356
3,0.0998140200972557,3357
3,0.14118891954421997,3358
3,0.23219236731529236,3359
3,0.2164871096611023,3360
3,0.21190671622753143,3361
3,0.170519158244133,3362
2,0.1007319837808609,3363
3,0.22260338068008423,3364
3,0.2101641297340393,3365
3,0.1030392050743103,3366
3,0.14314430952072144,3367
3,0.14991779625415802,3368
3,0.15245427191257477,3369
3,0.15265478193759918,3370
3,0.1961037814617157,3371
3,0.08639798313379288,3372
3,0.151805117726326,3373
3,0.30401116609573364,3374
3,0.21533679962158203,3375
3,0.22419892251491547,3376
3,0.22640597820281982,3377
3,0.15001258254051208,3378
1,0.07129853218793869,3379
3,0.2225392758846283,3380
3,0.23499813675880432,3381
3,0.08492714911699295,3382
3,0.0827287957072258,3383
3,0.1538257896900177,3384
3,0.1529676616191864,3385
3,0.26471149921417236,3386
3,0.1338137835264206,3387
3,0.16378776729106903,3388
3,0.23951378464698792,3389
1,0.06526191532611847,3390
2,0.38572078943252563,3391
3,0.3175174295902252,3392
3,0.1344488114118576,3393
1,0.09680472314357758,3394
3,0.188888281583786,3395
3,0.2503078281879425,3396
3,0.282010942697525,3397
3,0.2309563159942627,3398
3,0.2284650206565857,3399
3,0.2139139026403427,3400
3,0.2202775925397873,3401
3,0.1435292810201645,3402
3,0.12741181254386902,3403
3,0.12858518958091736,3404
3,0.23626455664634705,3405
3,0.3231504261493683,3406
3,0.23472243547439575,3407
3,0.142988920211792,3408
3,0.20855863392353058,3409
3,0.10386327654123306,3410
3,0.22958633303642273,3411
3,0.37684622406959534,3412
3,0.12280671298503876,3413
3,0.18188466131687164,3414
3,0.3785227835178375,3415
3,0.21125094592571259,3416
2,0.3858921229839325,3417
3,0.10394827276468277,3418
3,0.12453304976224899,3419
3,0.21814782917499542,3420
3,0.25090816617012024,3421
3,0.10455948114395142,3422
3,0.2003723531961441,3423
3,0.10827535390853882,3424
3,0.10615099966526031,3425
1,0.028399411588907242,3426
3,0.08947625756263733,3427
3,0.2535415589809418,3428
3,0.24769452214241028,3429
3,0.2165585160255432,3430
3,0.11313816905021667,3431
1,0.12592534720897675,3432
3,0.1871778815984726,3433
3,0.32549235224723816,3434
3,0.3320172429084778,3435
3,0.37097302079200745,3436
3,0.10470382869243622,3437
3,0.1602574735879898,3438
3,0.10429167002439499,3439
3,0.10862603038549423,3440
1,0.12477099895477295,3441
3,0.19820021092891693,3442
3,0.11284999549388885,3443
3,0.1917184740304947,3444
3,0.35263195633888245,3445
3,0.1292954385280609,3446
3,0.2678011953830719,3447
3,0.09943603724241257,3448
3,0.35673290491104126,3449
3,0.12276018410921097,3450
3,0.36036163568496704,3451
3,0.26066064834594727,3452
3,0.2260669320821762,3453
3,0.2242603451013565,3454
3,0.37658581137657166,3455
2,0.38685840368270874,3456
3,0.3730650544166565,3457
3,0.15975606441497803,3458
3,0.10324151813983917,3459
1,0.08710081875324249,3460
3,0.1968928426504135,3461
2,0.15554708242416382,3462
3,0.16011276841163635,3463
3,0.24546004831790924,3464
3,0.2335578054189682,3465
3,0.23027196526527405,3466
3,0.10423992574214935,3467
3,0.08731500059366226,3468
3,0.09829477965831757,3469
1,0.10524135082960129,3470
3,0.21144720911979675,3471
3,0.376115620136261,3472
3,0.09879481792449951,3473
2,0.15625236928462982,3474
3,0.10369211435317993,3475
3,0.16657021641731262,3476
3,0.23638354241847992,3477
2,0.3874475955963135,3478
3,0.1405780017375946,3479
3,0.09138085693120956,3480
3,0.27797114849090576,3481
3,0.2356337010860443,3482
3,0.12387030571699142,3483
3,0.1998380571603775,3484
3,0.26168909668922424,3485
3,0.09506373107433319,3486
3,0.3373068571090698,3487
3,0.16615834832191467,3488
3,0.17607679963111877,3489
3,0.11438106000423431,3490
3,0.10196362435817719,3491
3,0.23143886029720306,3492
3,0.23313947021961212,3493
3,0.3423632085323334,3494
3,0.10156552493572235,3495
3,0.32149046659469604,3496
3,0.16976477205753326,3497
3,0.2841881513595581,3498
3,0.2799889147281647,3499
3,0.29268553853034973,3500
3,0.25121110677719116,3501
3,0.2401820868253708,3502
3,0.17414726316928864,3503
3,0.16338911652565002,3504
3,0.11470942199230194,3505
3,0.20156143605709076,3506
3,0.2786410450935364,3507
3,0.294630765914917,3508
3,0.1730843484401703,3509
3,0.11503845453262329,3510
3,0.2875899076461792,3511
3,0.24242931604385376,3512
3,0.23005624115467072,3513
3,0.18079432845115662,3514
1,0.07800162583589554,3515
3,0.16170816123485565,3516
3,0.0906827449798584,3517
3,0.19233570992946625,3518
3,0.2220611274242401,3519
3,0.36607638001441956,3520
3,0.10112123191356659,3521
3,0.1008032038807869,3522
3,0.11858010292053223,3523
3,0.2905743718147278,3524
3,0.1261785626411438,3525
2,0.3884216547012329,3526
3,0.2520459294319153,3527
3,0.1263444721698761,3528
3,0.10100994259119034,3529
3,0.09823309630155563,3530
3,0.15626266598701477,3531
3,0.3276280164718628,3532
3,0.19319696724414825,3533
3,0.09244328737258911,3534
3,0.1690441220998764,3535
3,0.11016044020652771,3536
3,0.16635708510875702,3537
3,0.08889909833669662,3538
3,0.23407955467700958,3539
3,0.17862378060817719,3540
3,0.25374263525009155,3541
3,0.2623838186264038,3542
3,0.24102912843227386,3543
3,0.2393980771303177,3544
3,0.23635371029376984,3545
1,0.0668589398264885,3546
3,0.23546506464481354,3547
3,0.2304820418357849,3548
3,0.13772939145565033,3549
3,0.15074166655540466,3550
3,0.23628009855747223,3551
3,0.3204711675643921,3552
3,0.1277906894683838,3553
1,0.04944109916687012,3554
3,0.10977295786142349,3555
3,0.119417205452919,3556
1,0.13500840961933136,3557
1,0.14657633006572723,3558
1,0.12657193839550018,3559
3,0.15600870549678802,3560
1,0.09143663197755814,3561
1,0.08035857230424881,3562
3,0.27696460485458374,3563
3,0.1288026124238968,3564
3,0.2942729890346527,3565
3,0.31340646743774414,3566
3,0.11566366255283356,3567
3,0.24366629123687744,3568
3,0.29928717017173767,3569
1,0.0455135777592659,3570
3,0.09582778811454773,3571
3,0.09597817808389664,3572
2,0.31916987895965576,3573
3,0.1373784989118576,3574
3,0.12193593382835388,3575
1,0.09111665934324265,3576
3,0.14101341366767883,3577
3,0.14215314388275146,3578
3,0.1751861572265625,3579
3,0.12340336292982101,3580
3,0.10670333355665207,3581
3,0.1441458910703659,3582
3,0.17606794834136963,3583
3,0.2191406786441803,3584
1,0.16987967491149902,3585
3,0.12935587763786316,3586
3,0.09719137847423553,3587
3,0.1726609617471695,3588
3,0.16776271164417267,3589
3,0.1623189002275467,3590
3,0.21770866215229034,3591
3,0.12391306459903717,3592
3,0.14315667748451233,3593
1,0.09516774117946625,3594
2,0.30999788641929626,3595
3,0.1260100156068802,3596
3,0.13115903735160828,3597
3,0.3590646982192993,3598
3,0.1315365582704544,3599
3,0.2656102478504181,3600
3,0.24411329627037048,3601
3,0.20663100481033325,3602
3,0.16346217691898346,3603
3,0.12251166254281998,3604
3,0.11129682511091232,3605
3,0.07595501840114594,3606
3,0.12208657711744308,3607
3,0.12920604646205902,3608
3,0.26885122060775757,3609
3,0.16829627752304077,3610
3,0.16267773509025574,3611
3,0.11672268062829971,3612
3,0.12181832641363144,3613
2,0.3892410695552826,3614
3,0.09382311254739761,3615
1,0.06643588095903397,3616
3,0.37211874127388,3617
3,0.14833596348762512,3618
2,0.30368945002555847,3619
3,0.23867842555046082,3620
3,0.12752315402030945,3621
3,0.10523287206888199,3622
3,0.1386292278766632,3623
3,0.21681080758571625,3624
3,0.1178622916340828,3625
3,0.21727679669857025,3626
3,0.28517037630081177,3627
3,0.10167355835437775,3628
3,0.10157015919685364,3629
3,0.08850129693746567,3630
1,0.0679282620549202,3631
3,0.12158457189798355,3632
3,0.189076766371727,3633
2,0.2984757423400879,3634
3,0.1788674145936966,3635
3,0.1729406714439392,3636
3,0.11335835605859756,3637
3,0.08725594729185104,3638
3,0.09201622009277344,3639
3,0.12075502425432205,3640
3,0.28537648916244507,3641
3,0.3837979733943939,3642
3,0.2871187627315521,3643
2,0.3905237317085266,3644
1,0.06687752157449722,3645
1,0.08525389432907104,3646
3,0.27285435795783997,3647
3,0.1309957653284073,3648
2,0.09126214683055878,3649
2,0.29870226979255676,3650
3,0.13772840797901154,3651
3,0.11282079666852951,3652
3,0.34710392355918884,3653
3,0.29127395153045654,3654
3,0.36252331733703613,3655
2,0.08298135548830032,3656
3,0.11617207527160645,3657
3,0.09321517497301102,3658
3,0.1350112110376358,3659
3,0.10486280918121338,3660
3,0.10055352002382278,3661
3,0.11487530171871185,3662
3,0.11545812338590622,3663
3,0.11693049967288971,3664
3,0.19528049230575562,3665
3,0.2634465992450714,3666
3,0.11521755903959274,3667
3,0.11665942519903183,3668
3,0.10613253712654114,3669
3,0.2550235092639923,3670
3,0.24014176428318024,3671
3,0.3553929030895233,3672
3,0.30334293842315674,3673
2,0.39130035042762756,3674
3,0.20436938107013702,3675
3,0.34383732080459595,3676
3,0.37472862005233765,3677
3,0.1196979433298111,3678
3,0.1874190866947174,3679
3,0.20546452701091766,3680
3,0.23561890423297882,3681
3,0.1473715454339981,3682
3,0.11803771555423737,3683
3,0.14715729653835297,3684
3,0.1013060212135315,3685
3,0.11867960542440414,3686
3,0.36545634269714355,3687
3,0.25387316942214966,3688
3,0.10812370479106903,3689
1,0.05725130811333656,3690
3,0.12844884395599365,3691
3,0.2074175477027893,3692
3,0.10178811848163605,3693
1,0.11274181306362152,3694
3,0.1067453920841217,3695
3,0.11742217093706131,3696
3,0.22019533812999725,3697
3,0.10704348981380463,3698
3,0.10518220067024231,3699
3,0.2901070713996887,3700
3,0.2285059541463852,3701
3,0.09373228251934052,3702
3,0.1021123006939888,3703
3,0.19082583487033844,3704
3,0.2728452682495117,3705
3,0.2797354459762573,3706
3,0.3838043808937073,3707
3,0.1992759257555008,3708
3,0.11942066252231598,3709
3,0.110997773706913,3710
3,0.2167207896709442,3711
2,0.39199164509773254,3712
2,0.3133789896965027,3713
3,0.09113559871912003,3714
3,0.12960270047187805,3715
3,0.2651302218437195,3716
3,0.30832400918006897,3717
3,0.1023373082280159,3718
3,0.10802236199378967,3719
3,0.26751643419265747,3720
3,0.1021178588271141,3721
3,0.12353870272636414,3722
3,0.12990804016590118,3723
3,0.18211019039154053,3724
3,0.18256103992462158,3725
3,0.2531006932258606,3726
3,0.10620900243520737,3727
3,0.3338792324066162,3728
3,0.2530812919139862,3729
3,0.10438249260187149,3730
3,0.1829463243484497,3731
3,0.11569049954414368,3732
1,0.10643896460533142,3733
3,0.250395804643631,3734
3,0.17464016377925873,3735
3,0.2219773828983307,3736
3,0.10083681344985962,3737
3,0.23782867193222046,3738
3,0.11434140801429749,3739
3,0.1078934445977211,3740
3,0.17384031414985657,3741
3,0.20903876423835754,3742
3,0.25068560242652893,3743
3,0.2199212610721588,3744
3,0.1312848925590515,3745
3,0.09304254502058029,3746
3,0.20276373624801636,3747
3,0.09748060256242752,3748
3,0.14510053396224976,3749
1,0.09611331671476364,3750
3,0.2014184147119522,3751
3,0.09350154548883438,3752
3,0.26525697112083435,3753
3,0.14291538298130035,3754
1,0.12048961222171783,3755
2,0.39255988597869873,3756
3,0.10927329957485199,3757
3,0.1045360341668129,3758
3,0.09570445120334625,3759
3,0.3635004460811615,3760
3,0.11040684580802917,3761
3,0.17734183371067047,3762
3,0.20174486935138702,3763
3,0.140436053276062,3764
3,0.2556629180908203,3765
3,0.14719539880752563,3766
3,0.11807212978601456,3767
3,0.09470952302217484,3768
3,0.13704761862754822,3769
4,0.18575739860534668,3770
3,0.20694349706172943,3771
3,0.2674778699874878,3772
1,0.1110546812415123,3773
3,0.10600998997688293,3774
3,0.10570487380027771,3775
3,0.11164305359125137,3776
1,0.13652651011943817,3777
3,0.09084268659353256,3778
3,0.17055940628051758,3779
3,0.203040212392807,3780
2,0.19708819687366486,3781
3,0.1693495661020279,3782
3,0.19314153492450714,3783
3,0.21793235838413239,3784
3,0.2700205147266388,3785
3,0.09111077338457108,3786
3,0.27097466588020325,3787
3,0.19248005747795105,3788
3,0.15354406833648682,3789
3,0.10785461217164993,3790
3,0.09309075772762299,3791
3,0.15642455220222473,3792
3,0.2472999393939972,3793
3,0.23766514658927917,3794
3,0.15854217112064362,3795
3,0.10969702899456024,3796
3,0.11047565191984177,3797
3,0.1109158918261528,3798
3,0.109290212392807,3799
3,0.10443844646215439,3800
2,0.3933446407318115,3801
3,0.17893368005752563,3802
3,0.16634239256381989,3803
3,0.13756032288074493,3804
3,0.1358690708875656,3805
3,0.29667648673057556,3806
3,0.12362580001354218,3807
3,0.09894547611474991,3808
3,0.09002690762281418,3809
3,0.20185576379299164,3810
3,0.295567125082016,3811
3,0.12254492938518524,3812
3,0.11439724266529083,3813
3,0.18634432554244995,3814
3,0.2269369214773178,3815
3,0.17542797327041626,3816
3,0.15439242124557495,3817
3,0.10978516191244125,3818
3,0.14338810741901398,3819
3,0.19462889432907104,3820
3,0.31318703293800354,3821
3,0.10200445353984833,3822
3,0.1632864773273468,3823
3,0.18284036219120026,3824
3,0.23385418951511383,3825
3,0.2317362129688263,3826
3,0.1813579499721527,3827
3,0.14138859510421753,3828
3,0.22334924340248108,3829
3,0.126566082239151,3830
3,0.24231405556201935,3831
3,0.1088637188076973,3832
3,0.1531612128019333,3833
3,0.33857831358909607,3834
3,0.11323384940624237,3835
3,0.18653838336467743,3836
3,0.26722750067710876,3837
3,0.16556155681610107,3838
3,0.0896359458565712,3839
1,0.09163368493318558,3840
3,0.20928746461868286,3841
3,0.18089686334133148,3842
3,0.3575369715690613,3843
3,0.1401015967130661,3844
3,0.1058109775185585,3845
3,0.1388377696275711,3846
3,0.2598706781864166,3847
3,0.21863095462322235,3848
3,0.17120590806007385,3849
3,0.17594014108181,3850
3,0.37102338671684265,3851
3,0.10445597022771835,3852
3,0.10287699103355408,3853
3,0.10062805563211441,3854
3,0.0976862758398056,3855
3,0.15820448100566864,3856
3,0.16039413213729858,3857
3,0.15512531995773315,3858
3,0.19592411816120148,3859
3,0.09453227370977402,3860
3,0.1969863325357437,3861
3,0.22285425662994385,3862
3,0.10482581704854965,3863
3,0.1725945770740509,3864
2,0.39452776312828064,3865
3,0.10722851753234863,3866
3,0.11711796373128891,3867
3,0.2405981868505478,3868
3,0.21214532852172852,3869
3,0.15882718563079834,3870
2,0.15262548625469208,3871
3,0.11648678034543991,3872
3,0.09699063748121262,3873
3,0.1659495085477829,3874
3,0.10805583745241165,3875
3,0.11261991411447525,3876
3,0.11748578399419785,3877
3,0.14432497322559357,3878
3,0.14777913689613342,3879
3,0.10925085842609406,3880
3,0.09046261757612228,3881
3,0.11670280992984772,3882
3,0.14758887887001038,3883
3,0.18388009071350098,3884
3,0.14144477248191833,3885
3,0.14856459200382233,3886
3,0.21445819735527039,3887
1,0.29034921526908875,3888
3,0.20226424932479858,3889
3,0.11851371079683304,3890
3,0.11107698082923889,3891
3,0.10435572266578674,3892
3,0.10294392704963684,3893
3,0.14782752096652985,3894
3,0.13777059316635132,3895
3,0.16773518919944763,3896
3,0.11890304833650589,3897
3,0.11773437261581421,3898
3,0.1371126025915146,3899
3,0.13860449194908142,3900
3,0.18652555346488953,3901
3,0.09876879304647446,3902
3,0.1444465070962906,3903
3,0.11443615704774857,3904
3,0.19017477333545685,3905
3,0.14526157081127167,3906
3,0.10805672407150269,3907
3,0.0990401953458786,3908
3,0.09894966334104538,3909
3,0.15651389956474304,3910
3,0.1595933437347412,3911
1,0.28976085782051086,3912
3,0.1424422711133957,3913
3,0.13302895426750183,3914
3,0.1285741776227951,3915
3,0.10554686188697815,3916
3,0.11489161103963852,3917
3,0.1556597650051117,3918
3,0.23490816354751587,3919
3,0.15221796929836273,3920
3,0.10416581481695175,3921
3,0.11707907170057297,3922
3,0.10934974253177643,3923
3,0.11571250855922699,3924
3,0.11728379130363464,3925
3,0.14936897158622742,3926
3,0.12261278927326202,3927
3,0.09831342846155167,3928
4,0.11840945482254028,3929
3,0.24165882170200348,3930
3,0.1063157171010971,3931
3,0.09662693738937378,3932
3,0.10195080935955048,3933
3,0.10823545604944229,3934
3,0.1378522664308548,3935
3,0.16777195036411285,3936
3,0.16828306019306183,3937
3,0.1714884340763092,3938
3,0.17721915245056152,3939
3,0.25316014885902405,3940
3,0.13526424765586853,3941
2,0.3834124803543091,3942
3,0.0961051657795906,3943
3,0.1300913691520691,3944
3,0.173908993601799,3945
3,0.17546989023685455,3946
3,0.09973027557134628,3947
3,0.2711394131183624,3948
3,0.10114491730928421,3949
3,0.368972510099411,3950
3,0.1047818511724472,3951
3,0.09535463899374008,3952
3,0.1436300426721573,3953
3,0.14401550590991974,3954
3,0.15019333362579346,3955
3,0.3171439468860626,3956
3,0.1324073225259781,3957
3,0.11010034382343292,3958
3,0.10496453940868378,3959
3,0.10459980368614197,3960
3,0.22712279856204987,3961
3,0.19238071143627167,3962
3,0.14092804491519928,3963
3,0.13162901997566223,3964
3,0.09499825537204742,3965
3,0.36955174803733826,3966
3,0.11478450894355774,3967
3,0.12527906894683838,3968
3,0.14273634552955627,3969
3,0.09620843827724457,3970
3,0.23922938108444214,3971
2,0.37603849172592163,3972
3,0.12791047990322113,3973
3,0.11834267526865005,3974
3,0.10170697420835495,3975
2,0.09428143501281738,3976
3,0.23032723367214203,3977
3,0.2635635435581207,3978
3,0.14356368780136108,3979
3,0.1023140549659729,3980
3,0.2791237533092499,3981
3,0.1258455216884613,3982
3,0.11323951929807663,3983
3,0.14685675501823425,3984
3,0.23590253293514252,3985
2,0.35953280329704285,3986
3,0.09921777248382568,3987
3,0.12674985826015472,3988
3,0.35174235701560974,3989
3,0.2822917103767395,3990
3,0.16036182641983032,3991
3,0.11622729152441025,3992
3,0.11254293471574783,3993
3,0.12631633877754211,3994
3,0.09402205049991608,3995
3,0.27163487672805786,3996
3,0.17793287336826324,3997
3,0.14151081442832947,3998
3,0.09862799942493439,3999
3,0.17727497220039368,4000
3,0.10679707676172256,4001
3,0.12554338574409485,4002
3,0.17093537747859955,4003
3,0.3232972323894501,4004
3,0.1663907915353775,4005
3,0.29730162024497986,4006
3,0.1702214479446411,4007
3,0.10287163406610489,4008
1,0.07611550390720367,4009
3,0.288132905960083,4010
3,0.14100895822048187,4011
3,0.27668654918670654,4012
3,0.2210742086172104,4013
3,0.10156792402267456,4014
3,0.15718980133533478,4015
3,0.15880030393600464,4016
3,0.16921600699424744,4017
2,0.3621099591255188,4018
3,0.13760672509670258,4019
3,0.1279551088809967,4020
3,0.12456952035427094,4021
3,0.10346244275569916,4022
3,0.09771011769771576,4023
3,0.21891573071479797,4024
3,0.21740755438804626,4025
3,0.3562769889831543,4026
3,0.22940388321876526,4027
3,0.12861914932727814,4028
3,0.12629041075706482,4029
3,0.13935019075870514,4030
3,0.1777319610118866,4031
3,0.19901305437088013,4032
2,0.3597433865070343,4033
3,0.24967409670352936,4034
3,0.0958470031619072,4035
3,0.095437191426754,4036
3,0.19592565298080444,4037
3,0.2721861004829407,4038
3,0.18366415798664093,4039
3,0.14186032116413116,4040
3,0.1954004317522049,4041
3,0.2509150207042694,4042
3,0.20984812080860138,4043
3,0.20581340789794922,4044
3,0.1488286256790161,4045
3,0.28200018405914307,4046
3,0.2940075397491455,4047
3,0.3034699857234955,4048
3,0.27604562044143677,4049
3,0.18470683693885803,4050
3,0.10501029342412949,4051
3,0.10115950554609299,4052
3,0.14636754989624023,4053
3,0.15283358097076416,4054
3,0.14468465745449066,4055
3,0.3173137903213501,4056
3,0.14930196106433868,4057
3,0.14714889228343964,4058
3,0.12304090708494186,4059
3,0.199458047747612,4060
3,0.14185301959514618,4061
1,0.08624283969402313,4062
3,0.14046302437782288,4063
1,0.0915604904294014,4064
3,0.1370483785867691,4065
3,0.16617047786712646,4066
3,0.18364152312278748,4067
3,0.13456299901008606,4068
3,0.13167308270931244,4069
3,0.11144175380468369,4070
3,0.09619629383087158,4071
3,0.09393763542175293,4072
3,0.14830932021141052,4073
2,0.35794103145599365,4074
3,0.14054903388023376,4075
3,0.13320231437683105,4076
1,0.09585560113191605,4077
3,0.12611891329288483,4078
3,0.12303519994020462,4079
3,0.11211803555488586,4080
3,0.10695105046033859,4081
3,0.10299929976463318,4082
3,0.11868687719106674,4083
3,0.3544797897338867,4084
3,0.32129204273223877,4085
3,0.1290009468793869,4086
3,0.10668055713176727,4087
3,0.09125728160142899,4088
3,0.1646614372730255,4089
3,0.22263221442699432,4090
2,0.35323166847229004,4091
3,0.2952304780483246,4092
3,0.12691308557987213,4093
3,0.3515153229236603,4094
3,0.1284744143486023,4095
3,0.11873935908079147,4096
1,0.05223766341805458,4097
3,0.15384508669376373,4098
3,0.09103430062532425,4099
3,0.3503406047821045,4100
3,0.3416837453842163,4101
3,0.15676403045654297,4102
3,0.1494935154914856,4103
3,0.14728936553001404,4104
3,0.11672566086053848,4105
3,0.1081799566745758,4106
3,0.3328835070133209,4107
3,0.11515290290117264,4108
3,0.1657937616109848,4109
3,0.14800427854061127,4110
3,0.11490633338689804,4111
3,0.15331017971038818,4112
3,0.20605407655239105,4113
3,0.21308332681655884,4114
3,0.21936573088169098,4115
3,0.11284183710813522,4116
3,0.21417251229286194,4117
2,0.3577935993671417,4118
3,0.1450488120317459,4119
3,0.10853046923875809,4120
3,0.1154780313372612,4121
1,0.08433794230222702,4122
3,0.11161575466394424,4123
3,0.10988792032003403,4124
2,0.11091680824756622,4125
3,0.10512613505125046,4126
3,0.10361219942569733,4127
3,0.10600592941045761,4128
3,0.18697308003902435,4129
3,0.12651868164539337,4130
3,0.19061020016670227,4131
3,0.1090514212846756,4132
3,0.3130838871002197,4133
3,0.12634243071079254,4134
1,0.17886097729206085,4135
3,0.14515802264213562,4136
3,0.11826827377080917,4137
3,0.1021767184138298,4138
3,0.09586483240127563,4139
3,0.10656042397022247,4140
3,0.15126319229602814,4141
3,0.116675965487957,4142
3,0.11512990295886993,4143
3,0.11006281524896622,4144
3,0.11962328851222992,4145
2,0.3388267159461975,4146
3,0.17908437550067902,4147
3,0.16503867506980896,4148
3,0.1557024121284485,4149
1,0.11589635908603668,4150
3,0.14818769693374634,4151
3,0.1592375636100769,4152
3,0.1494874805212021,4153
3,0.11432935297489166,4154
3,0.11006766557693481,4155
3,0.16725610196590424,4156
3,0.1600731909275055,4157
3,0.11023565381765366,4158
3,0.10382678359746933,4159
3,0.17342311143875122,4160
3,0.11061006784439087,4161
3,0.27240189909935,4162
3,0.26461249589920044,4163
3,0.16802498698234558,4164
3,0.14281146228313446,4165
3,0.14181587100028992,4166
3,0.11082755774259567,4167
3,0.17278003692626953,4168
3,0.08475163578987122,4169
3,0.10879003256559372,4170
3,0.22645443677902222,4171
3,0.17171330749988556,4172
3,0.12363441288471222,4173
3,0.10937158763408661,4174
3,0.2210570126771927,4175
3,0.23598110675811768,4176
3,0.25645747780799866,4177
3,0.14093716442584991,4178
3,0.09954361617565155,4179
3,0.1440841257572174,4180
3,0.24310114979743958,4181
3,0.09353168308734894,4182
3,0.10779044032096863,4183
1,0.14240874350070953,4184
1,0.07066977769136429,4185
3,0.1768357753753662,4186
3,0.12847819924354553,4187
3,0.1258205622434616,4188
3,0.09781217575073242,4189
3,0.24490152299404144,4190
3,0.10661882907152176,4191
2,0.3290729522705078,4192
3,0.24070900678634644,4193
3,0.13170075416564941,4194
3,0.09582291543483734,4195
3,0.09552787989377975,4196
3,0.23092995584011078,4197
3,0.17570511996746063,4198
3,0.1290118247270584,4199
3,0.1366615891456604,4200
3,0.1348361223936081,4201
3,0.13202406466007233,4202
3,0.1403423547744751,4203
3,0.12400364130735397,4204
3,0.2241019606590271,4205
3,0.17832346260547638,4206
3,0.14028042554855347,4207
3,0.09859486669301987,4208
1,0.0825006365776062,4209
3,0.14919641613960266,4210
3,0.11296028643846512,4211
3,0.13541218638420105,4212
3,0.22469614446163177,4213
3,0.22241833806037903,4214
3,0.19936250150203705,4215
3,0.1964561939239502,4216
3,0.2285454273223877,4217
2,0.35632041096687317,4218
3,0.09657524526119232,4219
3,0.2050020545721054,4220
3,0.18039853870868683,4221
3,0.15227575600147247,4222
3,0.10733284801244736,4223
3,0.09807886183261871,4224
3,0.22075748443603516,4225
3,0.20406150817871094,4226
3,0.09709668904542923,4227
3,0.10334666818380356,4228
3,0.18905986845493317,4229
3,0.24706272780895233,4230
3,0.31587135791778564,4231
3,0.10141880065202713,4232
3,0.19965632259845734,4233
3,0.2384582906961441,4234
2,0.3202087879180908,4235
3,0.16195017099380493,4236
3,0.13779738545417786,4237
1,0.06835804134607315,4238
3,0.17788425087928772,4239
3,0.13842716813087463,4240
3,0.13399599492549896,4241
3,0.14130429923534393,4242
3,0.1396409124135971,4243
3,0.13811498880386353,4244
3,0.09232260286808014,4245
3,0.16814477741718292,4246
3,0.1948624849319458,4247
3,0.120919369161129,4248
3,0.1274920105934143,4249
3,0.13091599941253662,4250
3,0.1864916980266571,4251
3,0.2584008276462555,4252
3,0.18601128458976746,4253
3,0.3360704779624939,4254
1,0.12603864073753357,4255
3,0.14940094947814941,4256
3,0.14751480519771576,4257
3,0.1465998739004135,4258
3,0.1737007349729538,4259
3,0.17780457437038422,4260
3,0.13161027431488037,4261
3,0.18593141436576843,4262
3,0.26520100235939026,4263
3,0.15349826216697693,4264
3,0.11886981874704361,4265
3,0.19116076827049255,4266
3,0.19456686079502106,4267
3,0.2662448287010193,4268
3,0.2501850128173828,4269
3,0.1007034033536911,4270
3,0.11433405429124832,4271
3,0.09500499069690704,4272
3,0.17014120519161224,4273
3,0.276203989982605,4274
3,0.25150471925735474,4275
3,0.13389717042446136,4276
3,0.09967123717069626,4277
3,0.13192810118198395,4278
3,0.22502358257770538,4279
2,0.35585224628448486,4280
3,0.16665568947792053,4281
3,0.19628117978572845,4282
3,0.09939166158437729,4283
3,0.11059077829122543,4284
3,0.3291628658771515,4285
3,0.10141294449567795,4286
3,0.09955105185508728,4287
3,0.15855611860752106,4288
3,0.28310564160346985,4289
3,0.10387019068002701,4290
3,0.08874814212322235,4291
3,0.16790974140167236,4292
2,0.3112930655479431,4293
3,0.34719040989875793,4294
3,0.2712570130825043,4295
3,0.10165013372898102,4296
3,0.10281438380479813,4297
3,0.13572771847248077,4298
3,0.27059563994407654,4299
3,0.09729772061109543,4300
3,0.11312516033649445,4301
3,0.14491280913352966,4302
3,0.16715741157531738,4303
3,0.13799814879894257,4304
3,0.3053055703639984,4305
3,0.2455976903438568,4306
3,0.11314823478460312,4307
2,0.11272116005420685,4308
3,0.2765730917453766,4309
3,0.10302387923002243,4310
3,0.1626526117324829,4311
3,0.0979224294424057,4312
3,0.28986409306526184,4313
2,0.31649237871170044,4314
3,0.11034534126520157,4315
3,0.09752842783927917,4316
3,0.11183691769838333,4317
3,0.19404782354831696,4318
3,0.1042768582701683,4319
3,0.09622779488563538,4320
3,0.1428462415933609,4321
3,0.15546375513076782,4322
3,0.1632896214723587,4323
3,0.15685594081878662,4324
3,0.1698252260684967,4325
3,0.14805229008197784,4326
3,0.1200496256351471,4327
3,0.10472045838832855,4328
3,0.09906929731369019,4329
3,0.10546480119228363,4330
3,0.09878405183553696,4331
3,0.09655560553073883,4332
3,0.10688911378383636,4333
3,0.12906505167484283,4334
2,0.19571927189826965,4335
4,0.19603955745697021,4336
3,0.20365814864635468,4337
3,0.26298364996910095,4338
3,0.15904170274734497,4339
3,0.17882022261619568,4340
3,0.2693338096141815,4341
2,0.35496196150779724,4342
3,0.2698817849159241,4343
2,0.15984401106834412,4344
3,0.11436045169830322,4345
3,0.10903482139110565,4346
4,0.1601000726222992,4347
3,0.1092010959982872,4348
3,0.1078759953379631,4349
3,0.1787494719028473,4350
3,0.30114665627479553,4351
3,0.12454304844141006,4352
3,0.17770032584667206,4353
3,0.21631138026714325,4354
3,0.12495225667953491,4355
3,0.10450571775436401,4356
2,0.3288131356239319,4357
1,0.1364639401435852,4358
4,0.23357760906219482,4359
3,0.20957207679748535,4360
3,0.2002832293510437,4361
3,0.10847832262516022,4362
3,0.15601365268230438,4363
3,0.19313831627368927,4364
2,0.06276606768369675,4365
3,0.1748804897069931,4366
3,0.19260737299919128,4367
3,0.12348557263612747,4368
3,0.12453636527061462,4369
3,0.21849623322486877,4370
3,0.10355938971042633,4371
3,0.1028590202331543,4372
3,0.21348153054714203,4373
3,0.29116547107696533,4374
3,0.26930367946624756,4375
2,0.33660101890563965,4376
3,0.1843581199645996,4377
3,0.19046729803085327,4378
3,0.15581171214580536,4379
1,0.08585569262504578,4380
3,0.27208349108695984,4381
3,0.17760342359542847,4382
2,0.08512410521507263,4383
3,0.2539621591567993,4384
3,0.2494588941335678,4385
3,0.1260669082403183,4386
3,0.3162577748298645,4387
2,0.35432273149490356,4388
3,0.0928502157330513,4389
3,0.1200026273727417,4390
3,0.32984304428100586,4391
3,0.202005073428154,4392
3,0.12120182067155838,4393
3,0.20861120522022247,4394
3,0.09783671796321869,4395
3,0.09952470660209656,4396
3,0.17865191400051117,4397
3,0.20255941152572632,4398
2,0.3432464897632599,4399
3,0.20400023460388184,4400
3,0.18649353086948395,4401
2,0.34476667642593384,4402
3,0.1434655338525772,4403
3,0.10618489980697632,4404
1,0.08388552814722061,4405
3,0.1830112785100937,4406
3,0.27499961853027344,4407
3,0.08448796719312668,4408
2,0.34687042236328125,4409
3,0.12237956374883652,4410
1,0.0935271605849266,4411
3,0.12177228182554245,4412
3,0.17291781306266785,4413
3,0.2729427218437195,4414
1,0.11666028201580048,4415
3,0.10151056200265884,4416
3,0.11875982582569122,4417
3,0.17536211013793945,4418
3,0.2792326807975769,4419
3,0.3412964344024658,4420
3,0.10528948903083801,4421
3,0.1945440173149109,4422
3,0.28602561354637146,4423
3,0.1856771558523178,4424
3,0.18505793809890747,4425
3,0.09894261509180069,4426
3,0.26408395171165466,4427
3,0.2771584391593933,4428
3,0.2841649353504181,4429
3,0.2841741144657135,4430
3,0.12598009407520294,4431
3,0.09675609320402145,4432
3,0.09868904948234558,4433
3,0.14286045730113983,4434
3,0.3335433006286621,4435
3,0.3320252001285553,4436
3,0.2428961992263794,4437
3,0.1390872448682785,4438
3,0.11955765634775162,4439
3,0.14811354875564575,4440
3,0.18462204933166504,4441
3,0.09861841052770615,4442
3,0.19145426154136658,4443
3,0.33686867356300354,4444
3,0.2830181121826172,4445
4,0.2844885587692261,4446
3,0.21594808995723724,4447
3,0.21512538194656372,4448
3,0.09633643180131912,4449
3,0.1515457183122635,4450
3,0.14985623955726624,4451
3,0.12374350428581238,4452
3,0.12207932025194168,4453
3,0.118747778236866,4454
3,0.10963249951601028,4455
3,0.2829735279083252,4456
3,0.23158106207847595,4457
3,0.1495298147201538,4458
3,0.10444293916225433,4459
3,0.2687429189682007,4460
1,0.0912381187081337,4461
3,0.10997971892356873,4462
3,0.14329011738300323,4463
3,0.28029802441596985,4464
3,0.30030006170272827,4465
3,0.13537199795246124,4466
3,0.11796588450670242,4467
3,0.09233570098876953,4468
3,0.304423063993454,4469
3,0.09320031851530075,4470
3,0.08924617618322372,4471
3,0.1096138060092926,4472
3,0.1499631553888321,4473
3,0.10507465153932571,4474
3,0.12696094810962677,4475
3,0.29371923208236694,4476
3,0.12622259557247162,4477
3,0.09481828659772873,4478
3,0.09571294486522675,4479
3,0.2235853374004364,4480
3,0.14937731623649597,4481
3,0.13156749308109283,4482
2,0.35378772020339966,4483
3,0.09113915264606476,4484
3,0.10638615489006042,4485
3,0.10676172375679016,4486
3,0.16685850918293,4487
1,0.13597388565540314,4488
3,0.32368192076683044,4489
3,0.09884145855903625,4490
3,0.1211518719792366,4491
3,0.2686513364315033,4492
3,0.2736712694168091,4493
3,0.29108521342277527,4494
3,0.24707764387130737,4495
3,0.1227276399731636,4496
2,0.3705200254917145,4497
3,0.34835317730903625,4498
3,0.28986498713493347,4499
3,0.10759129375219345,4500
1,0.12133369594812393,4501
3,0.26666176319122314,4502
3,0.23390468955039978,4503
3,0.13009394705295563,4504
3,0.11570076644420624,4505
1,0.09366785734891891,4506
3,0.14449860155582428,4507
3,0.2434028685092926,4508
3,0.18056678771972656,4509
3,0.15500077605247498,4510
3,0.12907713651657104,4511
1,0.08992014825344086,4512
3,0.11451117694377899,4513
3,0.27364784479141235,4514
3,0.192982479929924,4515
3,0.1285262107849121,4516
3,0.1154870018362999,4517
1,0.08558732271194458,4518
3,0.1040373295545578,4519
3,0.23693083226680756,4520
3,0.2021813541650772,4521
3,0.13360555469989777,4522
3,0.1280594915151596,4523
3,0.11444080621004105,4524
3,0.2314690500497818,4525
3,0.09413021057844162,4526
3,0.10932264477014542,4527
3,0.12902504205703735,4528
3,0.2012348175048828,4529
3,0.11402550339698792,4530
3,0.09401851892471313,4531
3,0.2281397134065628,4532
3,0.22995257377624512,4533
3,0.11505894362926483,4534
3,0.10213392972946167,4535
2,0.10938244313001633,4536
3,0.10966681689023972,4537
3,0.16364315152168274,4538
2,0.35280632972717285,4539
3,0.3466549217700958,4540
3,0.26765456795692444,4541
3,0.11474583297967911,4542
3,0.11118650436401367,4543
3,0.20182791352272034,4544
3,0.11063577234745026,4545
3,0.1626558154821396,4546
3,0.22609689831733704,4547
3,0.2878396511077881,4548
3,0.12528841197490692,4549
3,0.11646668612957001,4550
3,0.13220275938510895,4551
2,0.3843989670276642,4552
3,0.2990820109844208,4553
3,0.11659359931945801,4554
3,0.2270069122314453,4555
3,0.1600382775068283,4556
3,0.10128012299537659,4557
3,0.12768785655498505,4558
3,0.16170726716518402,4559
3,0.2690870463848114,4560
3,0.3588395416736603,4561
3,0.1977234184741974,4562
3,0.10835462808609009,4563
3,0.11195675283670425,4564
3,0.15988655388355255,4565
1,0.08582384884357452,4566
3,0.18354113399982452,4567
3,0.15037769079208374,4568
3,0.12361790239810944,4569
3,0.15920738875865936,4570
3,0.22201743721961975,4571
1,0.07454831153154373,4572
3,0.10392097383737564,4573
3,0.34026989340782166,4574
3,0.37199094891548157,4575
3,0.13275733590126038,4576
3,0.12273047119379044,4577
3,0.10338640958070755,4578
3,0.08943817019462585,4579
3,0.13212035596370697,4580
3,0.12251674383878708,4581
3,0.10239824652671814,4582
3,0.11354519426822662,4583
3,0.17534565925598145,4584
3,0.13248084485530853,4585
3,0.12606379389762878,4586
3,0.1347751021385193,4587
3,0.14165623486042023,4588
3,0.10130055248737335,4589
3,0.10594253987073898,4590
3,0.1263599842786789,4591
3,0.2297733575105667,4592
3,0.15218587219715118,4593
3,0.297179639339447,4594
2,0.4019588828086853,4595
2,0.3521748185157776,4596
3,0.11808542162179947,4597
3,0.09816701710224152,4598
3,0.25166893005371094,4599
3,0.11610089242458344,4600
1,0.1517387479543686,4601
3,0.16416357457637787,4602
3,0.10259301215410233,4603
3,0.11629048734903336,4604
3,0.1581578403711319,4605
3,0.22598187625408173,4606
3,0.2320011407136917,4607
3,0.3393828570842743,4608
3,0.33131083846092224,4609
3,0.1833515763282776,4610
3,0.16507548093795776,4611
3,0.13736408948898315,4612
3,0.24391430616378784,4613
3,0.17150086164474487,4614
3,0.10089606046676636,4615
3,0.3245627284049988,4616
3,0.31998950242996216,4617
3,0.17106030881404877,4618
3,0.13603967428207397,4619
3,0.10997847467660904,4620
1,0.08871520310640335,4621
3,0.11726755648851395,4622
3,0.14759458601474762,4623
3,0.14782504737377167,4624
3,0.1816997230052948,4625
3,0.13629041612148285,4626
3,0.10041026771068573,4627
3,0.1045624315738678,4628
3,0.27658596634864807,4629
3,0.20255979895591736,4630
3,0.20340922474861145,4631
3,0.16678637266159058,4632
3,0.1360393613576889,4633
3,0.12457878142595291,4634
3,0.1655946969985962,4635
3,0.27592217922210693,4636
3,0.24494478106498718,4637
3,0.2054879069328308,4638
3,0.20471613109111786,4639
3,0.11522027850151062,4640
2,0.41669079661369324,4641
3,0.31413525342941284,4642
3,0.21788698434829712,4643
3,0.16316770017147064,4644
3,0.16609954833984375,4645
1,0.08201532810926437,4646
3,0.11499224603176117,4647
3,0.12057077884674072,4648
3,0.1771538108587265,4649
3,0.16763435304164886,4650
3,0.14545200765132904,4651
1,0.08329632878303528,4652
3,0.10542653501033783,4653
3,0.1148276999592781,4654
3,0.11965804547071457,4655
3,0.16542139649391174,4656
3,0.1299673616886139,4657
3,0.09241898357868195,4658
3,0.10980778187513351,4659
3,0.12970370054244995,4660
3,0.24238328635692596,4661
3,0.15611577033996582,4662
3,0.10754548758268356,4663
3,0.13020844757556915,4664
3,0.1440626084804535,4665
3,0.25236713886260986,4666
3,0.2027495801448822,4667
3,0.17458224296569824,4668
3,0.11682544648647308,4669
3,0.19811271131038666,4670
3,0.140236496925354,4671
3,0.11894263327121735,4672
3,0.401179701089859,4673
2,0.15882554650306702,4674
3,0.17022167146205902,4675
3,0.19563555717468262,4676
3,0.21821005642414093,4677
2,0.4232422113418579,4678
3,0.16799095273017883,4679
3,0.14109548926353455,4680
3,0.12728646397590637,4681
3,0.10828206688165665,4682
3,0.11839661002159119,4683
3,0.17169460654258728,4684
2,0.35171741247177124,4685
3,0.18453894555568695,4686
3,0.11126554012298584,4687
3,0.2556074261665344,4688
2,0.42105555534362793,4689
3,0.21145053207874298,4690
3,0.16269029676914215,4691
3,0.1429179608821869,4692
3,0.13982996344566345,4693
3,0.14886823296546936,4694
3,0.276471883058548,4695
3,0.27315571904182434,4696
3,0.1753351390361786,4697
3,0.1532140076160431,4698
3,0.19589577615261078,4699
3,0.13386239111423492,4700
3,0.1520007848739624,4701
3,0.37019699811935425,4702
3,0.17906074225902557,4703
3,0.1645902842283249,4704
3,0.1241074874997139,4705
3,0.09366687387228012,4706
3,0.10598249733448029,4707
3,0.10715051740407944,4708
3,0.12447487562894821,4709
3,0.14798299968242645,4710
3,0.17348693311214447,4711
3,0.25280067324638367,4712
3,0.12076841294765472,4713
3,0.16064125299453735,4714
3,0.21437235176563263,4715
3,0.1194307953119278,4716
3,0.16008952260017395,4717
3,0.3341095745563507,4718
3,0.16871528327465057,4719
3,0.16618266701698303,4720
3,0.25063419342041016,4721
1,0.2081204354763031,4722
3,0.36123526096343994,4723
3,0.1320144534111023,4724
3,0.13489820063114166,4725
3,0.1688123494386673,4726
3,0.1869356781244278,4727
3,0.25893598794937134,4728
3,0.1671452522277832,4729
3,0.10804490000009537,4730
3,0.11138061434030533,4731
2,0.4159267842769623,4732
3,0.22834107279777527,4733
3,0.21925197541713715,4734
3,0.12848900258541107,4735
3,0.13183976709842682,4736
3,0.4094473719596863,4737
3,0.23161737620830536,4738
3,0.2291499823331833,4739
3,0.2265101820230484,4740
1,0.08081627637147903,4741
3,0.11975591629743576,4742
3,0.17998135089874268,4743
4,0.18911506235599518,4744
3,0.14248886704444885,4745
3,0.12552878260612488,4746
3,0.1254747211933136,4747
3,0.24337580800056458,4748
3,0.14086464047431946,4749
3,0.11842603981494904,4750
3,0.1375924050807953,4751
3,0.23913690447807312,4752
3,0.19033339619636536,4753
3,0.11441560834646225,4754
3,0.1751534789800644,4755
3,0.19154950976371765,4756
3,0.24583059549331665,4757
3,0.1436481773853302,4758
3,0.11603856831789017,4759
3,0.12774969637393951,4760
3,0.2377224713563919,4761
3,0.1482505351305008,4762
3,0.17607155442237854,4763
3,0.17569036781787872,4764
3,0.18870894610881805,4765
3,0.11987924575805664,4766
3,0.23582090437412262,4767
3,0.11227728426456451,4768
3,0.1656409204006195,4769
3,0.2335515171289444,4770
3,0.1696423590183258,4771
3,0.3943463861942291,4772
2,0.4104526937007904,4773
3,0.2770736515522003,4774
3,0.11343754827976227,4775
3,0.17430603504180908,4776
3,0.3928804099559784,4777
3,0.1201738640666008,4778
3,0.10077373683452606,4779
3,0.10142811387777328,4780
3,0.15911507606506348,4781
3,0.16814205050468445,4782
3,0.18566009402275085,4783
3,0.20435254275798798,4784
3,0.2942776381969452,4785
3,0.2951127886772156,4786
3,0.11833146214485168,4787
3,0.10886150598526001,4788
3,0.1328551471233368,4789
3,0.291550874710083,4790
3,0.09935759007930756,4791
3,0.15983256697654724,4792
3,0.32983142137527466,4793
3,0.3030683696269989,4794
1,0.09351278841495514,4795
3,0.11045517027378082,4796
3,0.22593997418880463,4797
3,0.1613786667585373,4798
3,0.10256323218345642,4799
3,0.11762211471796036,4800
3,0.1202797070145607,4801
3,0.285405695438385,4802
3,0.22277960181236267,4803
3,0.2206753045320511,4804
3,0.11072893440723419,4805
3,0.1496986448764801,4806
3,0.21656835079193115,4807
3,0.11602747440338135,4808
3,0.36774560809135437,4809
2,0.35046446323394775,4810
3,0.10766293853521347,4811
3,0.1463371366262436,4812
3,0.18545225262641907,4813
2,0.4051207900047302,4814
3,0.11512812227010727,4815
3,0.23005296289920807,4816
3,0.09532954543828964,4817
3,0.14308875799179077,4818
3,0.293969064950943,4819
3,0.3281557857990265,4820
3,0.21391479671001434,4821
3,0.12810584902763367,4822
3,0.18241378664970398,4823
3,0.36059844493865967,4824
3,0.26481035351753235,4825
3,0.09673801064491272,4826
3,0.09224214404821396,4827
3,0.1397468000650406,4828
3,0.09812905639410019,4829
3,0.1366041749715805,4830
3,0.13999031484127045,4831
3,0.2620074450969696,4832
3,0.2968238294124603,4833
3,0.30375000834465027,4834
3,0.3818000257015228,4835
3,0.38919615745544434,4836
3,0.1707240343093872,4837
3,0.1856808364391327,4838
3,0.27525603771209717,4839
3,0.2944658696651459,4840
3,0.2069781869649887,4841
3,0.0952572226524353,4842
2,0.2722999155521393,4843
3,0.329050213098526,4844
3,0.11058299988508224,4845
3,0.10927848517894745,4846
3,0.1012943685054779,4847
3,0.1060066819190979,4848
3,0.13484817743301392,4849
3,0.18185721337795258,4850
3,0.18323659896850586,4851
4,0.2729071080684662,4852
3,0.1705365777015686,4853
3,0.0947171300649643,4854
3,0.1017010360956192,4855
3,0.10324908047914505,4856
3,0.10447089374065399,4857
3,0.11303295940160751,4858
3,0.290371298789978,4859
3,0.19323229789733887,4860
3,0.19225648045539856,4861
3,0.21162959933280945,4862
3,0.24835707247257233,4863
2,0.2714383602142334,4864
3,0.2871542274951935,4865
3,0.12718799710273743,4866
3,0.11970014125108719,4867
3,0.21238240599632263,4868
3,0.36916425824165344,4869
2,0.39938974380493164,4870
3,0.3223179280757904,4871
3,0.20902492105960846,4872
3,0.12239208817481995,4873
3,0.1160268783569336,4874
1,0.08975694328546524,4875
3,0.21162070333957672,4876
3,0.270824134349823,4877
3,0.2713368535041809,4878
3,0.28453555703163147,4879
3,0.11750180274248123,4880
3,0.18965373933315277,4881
3,0.23222561180591583,4882
3,0.3460094630718231,4883
3,0.22843311727046967,4884
3,0.17693743109703064,4885
1,0.15145564079284668,4886
3,0.11624061316251755,4887
3,0.22815915942192078,4888
3,0.28231698274612427,4889
3,0.30845174193382263,4890
3,0.22914054989814758,4891
1,0.09214972704648972,4892
3,0.22749972343444824,4893
3,0.3150823414325714,4894
3,0.19378754496574402,4895
3,0.06306429207324982,4896
3,0.12477048486471176,4897
2,0.06281166523694992,4898
3,0.12557615339756012,4899
3,0.10288385301828384,4900
3,0.12605610489845276,4901
3,0.2909172773361206,4902
2,0.39603880047798157,4903
3,0.215168297290802,4904
3,0.06266792863607407,4905
3,0.21565571427345276,4906
3,0.17811186611652374,4907
1,0.06650058925151825,4908
3,0.34292107820510864,4909
1,0.06235923990607262,4910
3,0.35948845744132996,4911
3,0.35930001735687256,4912
3,0.10062868893146515,4913
3,0.33626070618629456,4914
2,0.3366866707801819,4915
3,0.18180124461650848,4916
3,0.17935681343078613,4917
3,0.11997022479772568,4918
3,0.16458643972873688,4919
3,0.1687220335006714,4920
3,0.21293996274471283,4921
3,0.26713573932647705,4922
3,0.33051422238349915,4923
2,0.39338788390159607,4924
3,0.19239524006843567,4925
3,0.1859930008649826,4926
3,0.18189950287342072,4927
3,0.20908597111701965,4928
3,0.3513772487640381,4929
3,0.1961831897497177,4930
3,0.12697778642177582,4931
3,0.327556848526001,4932
3,0.21843774616718292,4933
3,0.22389443218708038,4934
3,0.10090657323598862,4935
3,0.1522325724363327,4936
3,0.3336282968521118,4937
3,0.3666861653327942,4938
3,0.21973800659179688,4939
3,0.20766130089759827,4940
3,0.13739018142223358,4941
3,0.3230985701084137,4942
2,0.3320038318634033,4943
3,0.230724036693573,4944
3,0.23020029067993164,4945
3,0.21289698779582977,4946
3,0.198764368891716,4947
3,0.15267543494701385,4948
3,0.2957477867603302,4949
3,0.325029194355011,4950
3,0.23740099370479584,4951
3,0.21449095010757446,4952
3,0.2089543342590332,4953
3,0.13020692765712738,4954
3,0.14000403881072998,4955
2,0.3898375928401947,4956
3,0.2570033669471741,4957
2,0.13763196766376495,4958
4,0.13779613375663757,4959
3,0.15604136884212494,4960
3,0.16276709735393524,4961
3,0.2935764789581299,4962
2,0.3297109305858612,4963
1,0.08885374665260315,4964
3,0.10882256925106049,4965
3,0.15571196377277374,4966
3,0.16217520833015442,4967
3,0.17746584117412567,4968
3,0.3265749514102936,4969
3,0.34137263894081116,4970
3,0.32604750990867615,4971
3,0.24965988099575043,4972
3,0.15156623721122742,4973
3,0.16512902081012726,4974
3,0.3591654300689697,4975
1,0.1081877276301384,4976
3,0.12111391127109528,4977
3,0.11740604043006897,4978
3,0.13722608983516693,4979
3,0.16436590254306793,4980
4,0.2001228928565979,4981
3,0.1736518144607544,4982
3,0.12191551923751831,4983
3,0.3290499150753021,4984
2,0.3260778486728668,4985
3,0.10406693071126938,4986
3,0.151743084192276,4987
3,0.2705323398113251,4988
2,0.38685229420661926,4989
3,0.321271687746048,4990
1,0.09231313318014145,4991
3,0.12413523346185684,4992
3,0.28787893056869507,4993
3,0.31935927271842957,4994
3,0.37680622935295105,4995
3,0.3789466917514801,4996
3,0.30340972542762756,4997
3,0.09665938466787338,4998
3,0.10623019933700562,4999
3,0.1527361422777176,5000
3,0.3120805621147156,5001
3,0.1146170124411583,5002
2,0.07557788491249084,5003
3,0.17033639550209045,5004
2,0.3225240111351013,5005
3,0.20467609167099,5006
3,0.11892489343881607,5007
2,0.07672418653964996,5008
3,0.30868858098983765,5009
3,0.3176923096179962,5010
3,0.11454217880964279,5011
3,0.1923779845237732,5012
3,0.2665671706199646,5013
3,0.30745020508766174,5014
3,0.2120162397623062,5015
3,0.14845161139965057,5016
3,0.3614596426486969,5017
3,0.36547163128852844,5018
3,0.27731916308403015,5019
3,0.20603428781032562,5020
3,0.20837447047233582,5021
3,0.07853594422340393,5022
3,0.15485812723636627,5023
2,0.3195304870605469,5024
3,0.31392332911491394,5025
3,0.2941928803920746,5026
3,0.1526811718940735,5027
3,0.15625956654548645,5028
3,0.2997570335865021,5029
3,0.3056694567203522,5030
3,0.27516841888427734,5031
3,0.11749871075153351,5032
3,0.1684694141149521,5033
2,0.382315456867218,5034
1,0.1543741375207901,5035
3,0.108371801674366,5036
3,0.16030605137348175,5037
3,0.26198098063468933,5038
3,0.2786884009838104,5039
3,0.300070583820343,5040
2,0.3169287443161011,5041
3,0.30880698561668396,5042
3,0.25457507371902466,5043
3,0.11536408215761185,5044
3,0.1944700926542282,5045
3,0.3073270320892334,5046
3,0.1583886444568634,5047
3,0.16625459492206573,5048
3,0.1925702691078186,5049
3,0.27655690908432007,5050
3,0.29801619052886963,5051
3,0.31441742181777954,5052
3,0.23980721831321716,5053
3,0.20844559371471405,5054
3,0.3644738495349884,5055
3,0.11593689769506454,5056
3,0.11537564545869827,5057
3,0.29482996463775635,5058
3,0.16442646086215973,5059
3,0.3111298382282257,5060
3,0.2441481500864029,5061
3,0.11762996762990952,5062
3,0.10381153225898743,5063
3,0.3414170742034912,5064
2,0.2468634843826294,5065
3,0.14528311789035797,5066
3,0.31277981400489807,5067
3,0.131830096244812,5068
3,0.23123614490032196,5069
3,0.3086193799972534,5070
3,0.3385292589664459,5071
3,0.19571657478809357,5072
3,0.11299233883619308,5073
3,0.12391038239002228,5074
3,0.14930672943592072,5075
3,0.15615789592266083,5076
3,0.23283341526985168,5077
3,0.22972561419010162,5078
3,0.09536810964345932,5079
3,0.13090860843658447,5080
3,0.18420451879501343,5081
3,0.21871139109134674,5082
3,0.2255128175020218,5083
1,0.10289225727319717,5084
3,0.28672805428504944,5085
3,0.1201290562748909,5086
3,0.13990163803100586,5087
2,0.37613970041275024,5088
3,0.22417519986629486,5089
3,0.11447522789239883,5090
3,0.09501123428344727,5091
3,0.13921421766281128,5092
3,0.2930835783481598,5093
3,0.3295559883117676,5094
1,0.20958124101161957,5095
3,0.3280287981033325,5096
3,0.15900775790214539,5097
1,0.10277611762285233,5098
3,0.1418423056602478,5099
3,0.22343309223651886,5100
3,0.23455476760864258,5101
3,0.22836685180664062,5102
3,0.25830167531967163,5103
3,0.2181004136800766,5104
3,0.1701195389032364,5105
3,0.15847361087799072,5106
3,0.12501515448093414,5107
3,0.12210904061794281,5108
3,0.2689243257045746,5109
3,0.21482641994953156,5110
3,0.12781690061092377,5111
3,0.25320836901664734,5112
3,0.2809194326400757,5113
3,0.21434247493743896,5114
3,0.11326305568218231,5115
3,0.2045077532529831,5116
3,0.26708927750587463,5117
3,0.3003784716129303,5118
3,0.21889857947826385,5119
3,0.2421288639307022,5120
3,0.2512263059616089,5121
3,0.12090418487787247,5122
3,0.225958913564682,5123
3,0.27485454082489014,5124
3,0.2976798117160797,5125
3,0.2638208866119385,5126
3,0.21068215370178223,5127
3,0.15568003058433533,5128
3,0.10810863226652145,5129
3,0.12520310282707214,5130
3,0.16002731025218964,5131
3,0.20034733414649963,5132
3,0.23788447678089142,5133
3,0.1080005094408989,5134
3,0.11995348334312439,5135
3,0.20082174241542816,5136
3,0.2636888325214386,5137
3,0.3014805018901825,5138
2,0.37127354741096497,5139
3,0.156612366437912,5140
3,0.11509478837251663,5141
3,0.2659118175506592,5142
3,0.27358320355415344,5143
3,0.2580663859844208,5144
3,0.18001194298267365,5145
3,0.11734779179096222,5146
3,0.2471332848072052,5147
3,0.2922653555870056,5148
2,0.1918460875749588,5149
3,0.22013255953788757,5150
3,0.1929389238357544,5151
3,0.2193266898393631,5152
3,0.2164963036775589,5153
3,0.2037516087293625,5154
3,0.15555649995803833,5155
3,0.10165370255708694,5156
3,0.1386675089597702,5157
3,0.21543608605861664,5158
3,0.09136658906936646,5159
3,0.12226317077875137,5160
3,0.28650015592575073,5161
3,0.1545257866382599,5162
3,0.15751197934150696,5163
3,0.22449856996536255,5164
3,0.2139628529548645,5165
3,0.15604126453399658,5166
3,0.12716670334339142,5167
3,0.21121014654636383,5168
3,0.24319185316562653,5169
3,0.17692945897579193,5170
3,0.11783107370138168,5171
3,0.28613564372062683,5172
1,0.09476206451654434,5173
3,0.18785785138607025,5174
3,0.2344997674226761,5175
3,0.24143069982528687,5176
3,0.261817991733551,5177
1,0.046514928340911865,5178
3,0.2611777186393738,5179
2,0.36563238501548767,5180
3,0.24095790088176727,5181
3,0.11065409332513809,5182
3,0.09586586058139801,5183
3,0.10652031749486923,5184
3,0.28951597213745117,5185
3,0.17996498942375183,5186
3,0.1619923859834671,5187
3,0.10626484453678131,5188
3,0.22749406099319458,5189
3,0.20755605399608612,5190
3,0.18137633800506592,5191
3,0.10551488399505615,5192
3,0.22812508046627045,5193
3,0.2360636591911316,5194
3,0.20371226966381073,5195
3,0.10400635004043579,5196
3,0.21882127225399017,5197
3,0.21504536271095276,5198
3,0.2830369472503662,5199
3,0.23410965502262115,5200
3,0.2070266306400299,5201
3,0.09726182371377945,5202
3,0.1051119789481163,5203
3,0.10372906178236008,5204
3,0.1200653687119484,5205
3,0.11899827420711517,5206
3,0.2842571437358856,5207
3,0.2344946712255478,5208
3,0.15640655159950256,5209
3,0.1360398679971695,5210
3,0.10863770544528961,5211
3,0.27510666847229004,5212
3,0.23599636554718018,5213
3,0.14631155133247375,5214
3,0.08847960829734802,5215
3,0.08487460017204285,5216
3,0.14156296849250793,5217
3,0.18170444667339325,5218
3,0.21309763193130493,5219
3,0.2556319832801819,5220
3,0.27242669463157654,5221
3,0.27241477370262146,5222
3,0.2781677544116974,5223
3,0.27387309074401855,5224
3,0.27810126543045044,5225
2,0.28811216354370117,5226
3,0.24188414216041565,5227
3,0.22191758453845978,5228
3,0.19328278303146362,5229
3,0.1783113181591034,5230
3,0.25375786423683167,5231
2,0.3621984124183655,5232
3,0.1787552535533905,5233
3,0.26075834035873413,5234
3,0.34413668513298035,5235
3,0.23152931034564972,5236
1,0.10507724434137344,5237
3,0.11610698699951172,5238
3,0.2339007705450058,5239
3,0.18575718998908997,5240
1,0.08705850690603256,5241
3,0.2746347188949585,5242
3,0.27015435695648193,5243
3,0.1299261450767517,5244
3,0.2008756399154663,5245
3,0.2136009931564331,5246
3,0.21908287703990936,5247
3,0.28186264634132385,5248
3,0.21892498433589935,5249
3,0.19791032373905182,5250
3,0.12454720586538315,5251
2,0.12211116403341293,5252
3,0.1219274029135704,5253
1,0.08713093400001526,5254
3,0.10743089020252228,5255
3,0.1213127002120018,5256
3,0.16498450934886932,5257
3,0.26249340176582336,5258
2,0.35568368434906006,5259
3,0.22454248368740082,5260
3,0.12345849722623825,5261
3,0.12236996740102768,5262
3,0.18797095119953156,5263
3,0.28387749195098877,5264
3,0.19455181062221527,5265
3,0.09528464078903198,5266
3,0.20905929803848267,5267
3,0.1422271728515625,5268
3,0.14168529212474823,5269
3,0.1978619247674942,5270
3,0.2594188153743744,5271
3,0.27306100726127625,5272
3,0.2714638113975525,5273
3,0.18748778104782104,5274
3,0.18716850876808167,5275
3,0.13885259628295898,5276
3,0.14733141660690308,5277
1,0.07683657109737396,5278
3,0.13840198516845703,5279
3,0.16190722584724426,5280
3,0.21007688343524933,5281
2,0.34598612785339355,5282
3,0.19388261437416077,5283
3,0.19092705845832825,5284
2,0.34422212839126587,5285
3,0.19255870580673218,5286
3,0.21802864968776703,5287
3,0.12361811846494675,5288
3,0.24951781332492828,5289
2,0.3415285646915436,5290
3,0.2624058723449707,5291
1,0.1031431332230568,5292
3,0.19262653589248657,5293
3,0.21073052287101746,5294
3,0.21847613155841827,5295
3,0.24553833901882172,5296
3,0.3193773925304413,5297
3,0.32127663493156433,5298
3,0.1943882703781128,5299
3,0.09912791103124619,5300
3,0.27049753069877625,5301
3,0.21675734221935272,5302
3,0.18872010707855225,5303
3,0.2513248920440674,5304
3,0.26431864500045776,5305
3,0.14673656225204468,5306
3,0.10002970695495605,5307
3,0.11976154148578644,5308
3,0.2373589277267456,5309
3,0.26225876808166504,5310
2,0.33384981751441956,5311
3,0.13681280612945557,5312
3,0.32858043909072876,5313
3,0.09669078141450882,5314
3,0.13089370727539062,5315
3,0.1831885725259781,5316
3,0.24970470368862152,5317
3,0.33203020691871643,5318
3,0.3336937129497528,5319
3,0.09972063452005386,5320
3,0.10190301388502121,5321
3,0.12076873332262039,5322
3,0.1347595751285553,5323
3,0.256213903427124,5324
3,0.3123387098312378,5325
3,0.3238804042339325,5326
3,0.33627018332481384,5327
3,0.229157492518425,5328
3,0.1476150006055832,5329
3,0.10467638075351715,5330
2,0.25627949833869934,5331
3,0.2597475051879883,5332
3,0.3023594915866852,5333
3,0.31422874331474304,5334
3,0.22478865087032318,5335
3,0.17798247933387756,5336
3,0.12927702069282532,5337
4,0.2557266652584076,5338
3,0.33014115691185,5339
3,0.22599482536315918,5340
3,0.22769111394882202,5341
3,0.18744559586048126,5342
3,0.23352265357971191,5343
3,0.2565394937992096,5344
1,0.13588130474090576,5345
3,0.2457927018404007,5346
3,0.22339606285095215,5347
3,0.14069755375385284,5348
3,0.1110786572098732,5349
3,0.15530234575271606,5350
3,0.2541694939136505,5351
3,0.2531103193759918,5352
3,0.09419773519039154,5353
3,0.11173876374959946,5354
1,0.11614213138818741,5355
3,0.1556839793920517,5356
3,0.18603618443012238,5357
3,0.1782025843858719,5358
3,0.1980617195367813,5359
3,0.2567581236362457,5360
3,0.2589723765850067,5361
3,0.2108767032623291,5362
3,0.2026723027229309,5363
3,0.25196340680122375,5364
3,0.25173959136009216,5365
3,0.11693128198385239,5366
3,0.18517056107521057,5367
3,0.13469891250133514,5368
3,0.25204434990882874,5369
2,0.3198264241218567,5370
3,0.14587242901325226,5371
3,0.24207724630832672,5372
3,0.13399440050125122,5373
1,0.09323706477880478,5374
3,0.09348291903734207,5375
3,0.1463712900876999,5376
3,0.26155173778533936,5377
3,0.2934657335281372,5378
3,0.12193737924098969,5379
3,0.1829732358455658,5380
3,0.23269744217395782,5381
3,0.17374005913734436,5382
3,0.1451231688261032,5383
3,0.09960713237524033,5384
3,0.15399692952632904,5385
3,0.2538312077522278,5386
3,0.11971569806337357,5387
3,0.16849082708358765,5388
3,0.23275239765644073,5389
3,0.2479446977376938,5390
3,0.17365865409374237,5391
3,0.144833043217659,5392
3,0.1978164166212082,5393
3,0.24789048731327057,5394
1,0.18656781315803528,5395
2,0.31052911281585693,5396
3,0.19662989675998688,5397
3,0.19063809514045715,5398
3,0.27332234382629395,5399
3,0.28585708141326904,5400
3,0.19596052169799805,5401
3,0.18382878601551056,5402
3,0.0814300999045372,5403
3,0.11900801956653595,5404
3,0.29371702671051025,5405
3,0.2052430808544159,5406
3,0.15313787758350372,5407
3,0.09868313372135162,5408
3,0.11798373609781265,5409
3,0.13181591033935547,5410
3,0.15219512581825256,5411
3,0.245102658867836,5412
3,0.24928945302963257,5413
3,0.1548178344964981,5414
3,0.15487916767597198,5415
3,0.1086832731962204,5416
3,0.25824978947639465,5417
3,0.2886911630630493,5418
3,0.2076006680727005,5419
3,0.2140878438949585,5420
3,0.10901585966348648,5421
3,0.13105465471744537,5422
3,0.21339179575443268,5423
3,0.17479416728019714,5424
3,0.19362743198871613,5425
3,0.23713406920433044,5426
3,0.11602842062711716,5427
3,0.17720741033554077,5428
3,0.19162888824939728,5429
3,0.16565336287021637,5430
3,0.29113760590553284,5431
3,0.28923293948173523,5432
2,0.29938405752182007,5433
3,0.13949397206306458,5434
1,0.11145900189876556,5435
2,0.23540842533111572,5436
3,0.26172155141830444,5437
3,0.17761042714118958,5438
3,0.1712832897901535,5439
3,0.12510329484939575,5440
3,0.17142045497894287,5441
3,0.23994635045528412,5442
3,0.2775823473930359,5443
3,0.14450344443321228,5444
3,0.15765605866909027,5445
3,0.13743798434734344,5446
3,0.23544572293758392,5447
3,0.26816144585609436,5448
3,0.14876066148281097,5449
3,0.1481594741344452,5450
3,0.174061581492424,5451
3,0.1872899979352951,5452
3,0.1876571625471115,5453
3,0.29155364632606506,5454
3,0.2048942893743515,5455
3,0.12746472656726837,5456
1,0.0730433389544487,5457
3,0.187130868434906,5458
3,0.20829829573631287,5459
3,0.17318326234817505,5460
3,0.2590532600879669,5461
3,0.277797669172287,5462
3,0.14537769556045532,5463
1,0.0927032083272934,5464
2,0.2892918586730957,5465
3,0.14033928513526917,5466
3,0.1386364996433258,5467
3,0.13620103895664215,5468
3,0.17248496413230896,5469
3,0.18839630484580994,5470
3,0.2324627786874771,5471
3,0.15077140927314758,5472
2,0.09062854200601578,5473
3,0.1603611558675766,5474
3,0.13649344444274902,5475
3,0.22629719972610474,5476
3,0.26555508375167847,5477
1,0.1925836205482483,5478
3,0.1667248159646988,5479
3,0.17125846445560455,5480
3,0.2646254897117615,5481
3,0.12606152892112732,5482
3,0.2332594245672226,5483
3,0.24514780938625336,5484
3,0.18220530450344086,5485
3,0.16864240169525146,5486
3,0.1252593994140625,5487
3,0.10667157918214798,5488
3,0.23566453158855438,5489
3,0.23402348160743713,5490
3,0.09936807304620743,5491
3,0.13443653285503387,5492
3,0.23082169890403748,5493
2,0.279595285654068,5494
3,0.17865809798240662,5495
3,0.11236173659563065,5496
3,0.14495526254177094,5497
3,0.25904399156570435,5498
3,0.2577621638774872,5499
3,0.1782234162092209,5500
3,0.16805830597877502,5501
3,0.18178699910640717,5502
3,0.21393081545829773,5503
3,0.20158907771110535,5504
3,0.16111788153648376,5505
3,0.1904248595237732,5506
3,0.22098305821418762,5507
3,0.2655436098575592,5508
3,0.2077581137418747,5509
3,0.22943472862243652,5510
3,0.17607957124710083,5511
1,0.10721129179000854,5512
3,0.1103411465883255,5513
3,0.22873729467391968,5514
3,0.22700552642345428,5515
3,0.1087057814002037,5516
3,0.21102438867092133,5517
3,0.11406384408473969,5518
3,0.21823260188102722,5519
3,0.18634018301963806,5520
3,0.2683645188808441,5521
3,0.26952728629112244,5522
3,0.10041489452123642,5523
3,0.2501228451728821,5524
3,0.17268520593643188,5525
3,0.22138573229312897,5526
3,0.22354274988174438,5527
3,0.2539103627204895,5528
3,0.2591831088066101,5529
3,0.17204046249389648,5530
3,0.10076651722192764,5531
3,0.21431311964988708,5532
3,0.10046058893203735,5533
3,0.1290399730205536,5534
3,0.20337015390396118,5535
3,0.20428386330604553,5536
3,0.17177455127239227,5537
3,0.12113869935274124,5538
3,0.1554214507341385,5539
3,0.15041474997997284,5540
3,0.14862044155597687,5541
3,0.10629456490278244,5542
3,0.1307075172662735,5543
3,0.22239255905151367,5544
3,0.25757187604904175,5545
3,0.2418326884508133,5546
3,0.09646810591220856,5547
1,0.16427533328533173,5548
3,0.2566666007041931,5549
3,0.18099726736545563,5550
1,0.0882662683725357,5551
3,0.2620238959789276,5552
3,0.16301679611206055,5553
3,0.22034837305545807,5554
3,0.22114679217338562,5555
3,0.2549256980419159,5556
3,0.18309816718101501,5557
3,0.10570263862609863,5558
3,0.2132965326309204,5559
3,0.25406908988952637,5560
3,0.1591958999633789,5561
3,0.16296210885047913,5562
1,0.1803581863641739,5563
3,0.19295920431613922,5564
3,0.14450722932815552,5565
3,0.19875214993953705,5566
3,0.24264805018901825,5567
3,0.16235433518886566,5568
3,0.2182471603155136,5569
3,0.0941462591290474,5570
3,0.12040887773036957,5571
3,0.14819146692752838,5572
3,0.09111829847097397,5573
3,0.09632440656423569,5574
3,0.11992672830820084,5575
3,0.21597866714000702,5576
3,0.14963538944721222,5577
3,0.09170912206172943,5578
3,0.12759345769882202,5579
3,0.1493532955646515,5580
3,0.17358583211898804,5581
3,0.21527354419231415,5582
3,0.14926129579544067,5583
3,0.15158957242965698,5584
3,0.25386670231819153,5585
3,0.15430894494056702,5586
3,0.14530493319034576,5587
3,0.14710594713687897,5588
3,0.10830822587013245,5589
3,0.15137457847595215,5590
3,0.17291559278964996,5591
3,0.20914176106452942,5592
3,0.2529469430446625,5593
3,0.23303498327732086,5594
3,0.16059082746505737,5595
3,0.09121131151914597,5596
3,0.24063557386398315,5597
3,0.14828753471374512,5598
3,0.21073471009731293,5599
3,0.11599787324666977,5600
3,0.10799179971218109,5601
3,0.21281106770038605,5602
3,0.1863434910774231,5603
3,0.1334778517484665,5604
3,0.12248937040567398,5605
3,0.11753404885530472,5606
3,0.16747185587882996,5607
3,0.14814768731594086,5608
3,0.18755057454109192,5609
3,0.14530408382415771,5610
3,0.13961468636989594,5611
3,0.24262095987796783,5612
3,0.15739323198795319,5613
3,0.12748736143112183,5614
3,0.14816632866859436,5615
3,0.148778036236763,5616
3,0.10155998915433884,5617
3,0.14852343499660492,5618
3,0.2468961626291275,5619
3,0.13596439361572266,5620
3,0.09400167316198349,5621
3,0.10250278562307358,5622
3,0.23462842404842377,5623
3,0.2408352643251419,5624
3,0.14615632593631744,5625
1,0.08346688002347946,5626
3,0.09356432408094406,5627
3,0.11944662034511566,5628
3,0.12058994174003601,5629
3,0.1967480331659317,5630
3,0.09520082920789719,5631
3,0.09719555079936981,5632
3,0.1476650834083557,5633
3,0.1481943428516388,5634
3,0.2331876903772354,5635
3,0.11639634519815445,5636
3,0.1611802726984024,5637
3,0.09666091203689575,5638
3,0.18831703066825867,5639
3,0.16052573919296265,5640
3,0.139677032828331,5641
3,0.1352521926164627,5642
3,0.15623369812965393,5643
3,0.20602360367774963,5644
3,0.2236267775297165,5645
3,0.22751837968826294,5646
1,0.0838574543595314,5647
1,0.13769175112247467,5648
3,0.20473352074623108,5649
3,0.20106050372123718,5650
3,0.2242507040500641,5651
3,0.15158069133758545,5652
3,0.1190677285194397,5653
3,0.12049563229084015,5654
3,0.13151845335960388,5655
3,0.1148734912276268,5656
3,0.18556922674179077,5657
3,0.18710821866989136,5658
3,0.20343399047851562,5659
3,0.2154138684272766,5660
3,0.2283594012260437,5661
3,0.138693168759346,5662
3,0.13737332820892334,5663
3,0.14124080538749695,5664
3,0.15349361300468445,5665
3,0.18138518929481506,5666
3,0.19802086055278778,5667
3,0.2001868039369583,5668
3,0.12745384871959686,5669
3,0.23569932579994202,5670
3,0.16460536420345306,5671
3,0.16095995903015137,5672
3,0.13715794682502747,5673
3,0.13198259472846985,5674
3,0.1284399777650833,5675
3,0.1299191266298294,5676
3,0.15812118351459503,5677
3,0.11463502794504166,5678
3,0.15368986129760742,5679
3,0.19682639837265015,5680
3,0.23413151502609253,5681
3,0.23906804621219635,5682
3,0.09141384065151215,5683
3,0.10261819511651993,5684
3,0.1244741827249527,5685
3,0.19958564639091492,5686
2,0.22427253425121307,5687
3,0.1630406379699707,5688
1,0.10093041509389877,5689
3,0.10179956257343292,5690
3,0.21842940151691437,5691
4,0.22495818138122559,5692
3,0.13872140645980835,5693
3,0.12147045880556107,5694
3,0.1948171854019165,5695
3,0.2135288268327713,5696
3,0.1689991056919098,5697
1,0.12530723214149475,5698
3,0.1372639536857605,5699
3,0.11638952046632767,5700
3,0.11721520125865936,5701
3,0.12755635380744934,5702
3,0.18065759539604187,5703
3,0.16107797622680664,5704
3,0.16058875620365143,5705
3,0.17947448790073395,5706
3,0.19484156370162964,5707
3,0.14049071073532104,5708
3,0.2064090073108673,5709
1,0.13555318117141724,5710
3,0.22443808615207672,5711
3,0.10067325830459595,5712
3,0.19329090416431427,5713
3,0.22366204857826233,5714
3,0.1286204308271408,5715
3,0.20912900567054749,5716
3,0.21877998113632202,5717
3,0.11142315715551376,5718
3,0.10351568460464478,5719
3,0.22567206621170044,5720
3,0.12488820403814316,5721
3,0.17043885588645935,5722
3,0.1277274340391159,5723
1,0.0721510499715805,5724
3,0.09799675643444061,5725
3,0.10327982157468796,5726
1,0.12838919460773468,5727
3,0.1729399561882019,5728
3,0.22414782643318176,5729
3,0.1911768913269043,5730
1,0.10412905365228653,5731
1,0.0683770552277565,5732
3,0.11404993385076523,5733
3,0.12481509894132614,5734
3,0.17182940244674683,5735
3,0.17229172587394714,5736
3,0.2107924073934555,5737
3,0.2295723557472229,5738
3,0.18828174471855164,5739
3,0.1892063468694687,5740
3,0.19007572531700134,5741
3,0.12998943030834198,5742
3,0.08441022783517838,5743
3,0.09891140460968018,5744
3,0.13914847373962402,5745
3,0.1752311885356903,5746
3,0.13081513345241547,5747
3,0.1898265779018402,5748
3,0.20074501633644104,5749
3,0.15438011288642883,5750
3,0.15593555569648743,5751
3,0.1290769875049591,5752
3,0.14001628756523132,5753
3,0.1871439665555954,5754
3,0.14730536937713623,5755
3,0.2018519937992096,5756
3,0.21980594098567963,5757
3,0.12806396186351776,5758
3,0.12115553766489029,5759
3,0.21701015532016754,5760
1,0.08883203566074371,5761
3,0.13702164590358734,5762
3,0.19036099314689636,5763
3,0.1257597804069519,5764
3,0.18505039811134338,5765
3,0.12135961651802063,5766
3,0.13854345679283142,5767
3,0.18961486220359802,5768
3,0.20523974299430847,5769
3,0.2154529094696045,5770
3,0.12517306208610535,5771
3,0.12280521541833878,5772
3,0.1694733202457428,5773
3,0.17375758290290833,5774
3,0.13529914617538452,5775
3,0.21132931113243103,5776
3,0.2140789031982422,5777
3,0.1220521330833435,5778
3,0.09665827453136444,5779
3,0.10139410197734833,5780
3,0.18363407254219055,5781
3,0.11240509897470474,5782
3,0.13216838240623474,5783
3,0.11930453032255173,5784
3,0.16764818131923676,5785
3,0.12391737848520279,5786
3,0.18153758347034454,5787
3,0.21565711498260498,5788
3,0.11901845037937164,5789
3,0.09344922751188278,5790
3,0.1063230037689209,5791
3,0.1836397349834442,5792
3,0.18530285358428955,5793
3,0.16709500551223755,5794
3,0.1222953125834465,5795
3,0.12253119051456451,5796
3,0.11911391466856003,5797
3,0.1234264150261879,5798
3,0.1708165556192398,5799
3,0.15143370628356934,5800
3,0.14948460459709167,5801
3,0.14459457993507385,5802
3,0.1802549809217453,5803
3,0.1491907387971878,5804
3,0.12043861299753189,5805
3,0.13453687727451324,5806
3,0.19909022748470306,5807
3,0.1207319125533104,5808
3,0.14421911537647247,5809
3,0.1637464463710785,5810
3,0.12481432408094406,5811
3,0.1815781444311142,5812
3,0.0979185402393341,5813
3,0.18109329044818878,5814
3,0.17499953508377075,5815
3,0.20597192645072937,5816
1,0.09752237796783447,5817
3,0.11965342611074448,5818
3,0.178183913230896,5819
3,0.205537348985672,5820
3,0.10473985224962234,5821
3,0.11914094537496567,5822
3,0.11869977414608002,5823
3,0.11921823769807816,5824
3,0.13175667822360992,5825
3,0.13610099256038666,5826
3,0.13885992765426636,5827
3,0.14170506596565247,5828
3,0.13706550002098083,5829
3,0.14145056903362274,5830
3,0.20749537646770477,5831
3,0.194407120347023,5832
3,0.12036352604627609,5833
3,0.11962540447711945,5834
3,0.16668887436389923,5835
3,0.13710647821426392,5836
3,0.1859634816646576,5837
3,0.20403136312961578,5838
3,0.11542872339487076,5839
3,0.11567916721105576,5840
3,0.12689898908138275,5841
3,0.1372888833284378,5842
3,0.19446605443954468,5843
3,0.11393778026103973,5844
3,0.13074807822704315,5845
2,0.18238653242588043,5846
3,0.13680846989154816,5847
3,0.20286081731319427,5848
3,0.1997603476047516,5849
3,0.20461490750312805,5850
1,0.05580707639455795,5851
3,0.1749131977558136,5852
3,0.17048750817775726,5853
3,0.19182239472866058,5854
3,0.20354391634464264,5855
3,0.20171144604682922,5856
3,0.10704486817121506,5857
3,0.10292159020900726,5858
3,0.11505930870771408,5859
3,0.11933846026659012,5860
3,0.17335791885852814,5861
3,0.17457078397274017,5862
3,0.1815471649169922,5863
3,0.10451393574476242,5864
3,0.1617463231086731,5865
3,0.14457286894321442,5866
3,0.1214202269911766,5867
3,0.10902737081050873,5868
3,0.15968601405620575,5869
3,0.19881671667099,5870
3,0.20872503519058228,5871
3,0.12500451505184174,5872
3,0.18585318326950073,5873
3,0.12895219027996063,5874
1,0.0692044347524643,5875
3,0.19522453844547272,5876
3,0.1988717019557953,5877
3,0.09945795685052872,5878
3,0.17111115157604218,5879
3,0.18758484721183777,5880
3,0.1340552419424057,5881
3,0.11893714219331741,5882
3,0.1715218722820282,5883
3,0.1678999662399292,5884
3,0.13077813386917114,5885
3,0.16207820177078247,5886
3,0.16878953576087952,5887
3,0.1890369951725006,5888
3,0.11203880608081818,5889
3,0.12292736768722534,5890
3,0.1232680082321167,5891
1,0.07498155534267426,5892
3,0.1263515055179596,5893
3,0.12673728168010712,5894
3,0.1626840978860855,5895
3,0.16813330352306366,5896
3,0.18350620567798615,5897
3,0.17255692183971405,5898
3,0.11146198213100433,5899
3,0.18349307775497437,5900
3,0.10730748623609543,5901
3,0.19551219046115875,5902
3,0.13148148357868195,5903
3,0.09783312678337097,5904
3,0.15209083259105682,5905
3,0.10691120475530624,5906
3,0.09753917902708054,5907
3,0.13587278127670288,5908
3,0.16530294716358185,5909
3,0.13110056519508362,5910
3,0.12805429100990295,5911
3,0.16331535577774048,5912
3,0.1629626303911209,5913
3,0.13181017339229584,5914
3,0.10760337859392166,5915
3,0.13499127328395844,5916
1,0.10489441454410553,5917
3,0.1484282910823822,5918
3,0.16149239242076874,5919
3,0.13778382539749146,5920
3,0.11052785813808441,5921
3,0.13609205186367035,5922
3,0.15110568702220917,5923
3,0.1635846197605133,5924
3,0.18925099074840546,5925
3,0.19394975900650024,5926
3,0.20019309222698212,5927
3,0.1157260462641716,5928
3,0.16515427827835083,5929
3,0.1604895144701004,5930
4,0.17825666069984436,5931
3,0.15618230402469635,5932
3,0.1592094600200653,5933
3,0.18729223310947418,5934
3,0.09654521942138672,5935
3,0.15790614485740662,5936
3,0.18988382816314697,5937
3,0.11299511045217514,5938
3,0.11997949331998825,5939
3,0.13406327366828918,5940
3,0.11258881539106369,5941
1,0.09143174439668655,5942
3,0.15724831819534302,5943
1,0.11571958661079407,5944
3,0.1638614982366562,5945
3,0.1532873809337616,5946
3,0.10628567636013031,5947
3,0.1343965232372284,5948
3,0.16204454004764557,5949
3,0.1624300479888916,5950
3,0.1762755811214447,5951
3,0.15540467202663422,5952
3,0.12900426983833313,5953
1,0.09051413834095001,5954
3,0.1605241894721985,5955
3,0.1876286268234253,5956
3,0.13514582812786102,5957
3,0.11152613908052444,5958
3,0.1507265269756317,5959
3,0.1619213968515396,5960
1,0.09513168036937714,5961
3,0.15870949625968933,5962
3,0.11204911023378372,5963
2,0.09090997278690338,5964
3,0.08753331750631332,5965
3,0.09833388775587082,5966
3,0.1751411110162735,5967
3,0.14403468370437622,5968
3,0.10035353153944016,5969
3,0.14841970801353455,5970
3,0.15745632350444794,5971
3,0.15080712735652924,5972
3,0.10955774784088135,5973
3,0.16062934696674347,5974
3,0.15822762250900269,5975
3,0.1622486263513565,5976
3,0.12181995809078217,5977
4,0.1521429717540741,5978
3,0.15655842423439026,5979
3,0.111375592648983,5980
3,0.14860936999320984,5981
3,0.14800116419792175,5982
3,0.12121317535638809,5983
3,0.15386836230754852,5984
3,0.1566794365644455,5985
3,0.14967262744903564,5986
3,0.13495178520679474,5987
3,0.1471189707517624,5988
3,0.15795715153217316,5989
3,0.19050684571266174,5990
3,0.12629050016403198,5991
3,0.1710917353630066,5992
1,0.11095035821199417,5993
3,0.1410178691148758,5994
3,0.13926900923252106,5995
3,0.10711391270160675,5996
1,0.059396158903837204,5997
3,0.15055535733699799,5998
3,0.15438783168792725,5999
3,0.173568993806839,6000
3,0.10989008098840714,6001
3,0.11823149770498276,6002
3,0.11046268790960312,6003
3,0.14845480024814606,6004
3,0.138534814119339,6005
3,0.17249876260757446,6006
3,0.10630673170089722,6007
3,0.1480712741613388,6008
1,0.09079189598560333,6009
3,0.13804034888744354,6010
3,0.12764906883239746,6011
1,0.09541364014148712,6012
3,0.10858774930238724,6013
1,0.11606355756521225,6014
3,0.17828954756259918,6015
3,0.11542706936597824,6016
3,0.1478896141052246,6017
3,0.14832539856433868,6018
3,0.11994984745979309,6019
3,0.18077169358730316,6020
3,0.13147975504398346,6021
3,0.12225370109081268,6022
3,0.1336524486541748,6023
3,0.12404625117778778,6024
3,0.15309558808803558,6025
3,0.12046896666288376,6026
3,0.13946887850761414,6027
3,0.16661272943019867,6028
1,0.09158430993556976,6029
3,0.1413595974445343,6030
2,0.10689976066350937,6031
3,0.11952313780784607,6032
3,0.11501619964838028,6033
3,0.13634979724884033,6034
3,0.12427151948213577,6035
3,0.13607046008110046,6036
3,0.1271001249551773,6037
3,0.1428835242986679,6038
3,0.14963790774345398,6039
3,0.13739439845085144,6040
3,0.14390940964221954,6041
1,0.12459129095077515,6042
3,0.10081517696380615,6043
4,0.11685183644294739,6044
3,0.09911645948886871,6045
3,0.15612734854221344,6046
3,0.17501433193683624,6047
3,0.09850854426622391,6048
3,0.15169528126716614,6049
3,0.10712017863988876,6050
3,0.09940912574529648,6051
3,0.16393981873989105,6052
3,0.16649945080280304,6053
3,0.14611157774925232,6054
3,0.1454366147518158,6055
3,0.15276911854743958,6056
3,0.16236759722232819,6057
3,0.1778501570224762,6058
3,0.1781250387430191,6059
3,0.12896229326725006,6060
3,0.1427762657403946,6061
3,0.1429598480463028,6062
3,0.1457965224981308,6063
3,0.17077790200710297,6064
3,0.11067339032888412,6065
3,0.09407993406057358,6066
1,0.09818597882986069,6067
3,0.14846043288707733,6068
3,0.17170046269893646,6069
3,0.15671594440937042,6070
1,0.09480070322751999,6071
3,0.10907774418592453,6072
3,0.11401064693927765,6073
3,0.12995511293411255,6074
3,0.11813380569219589,6075
3,0.1142735704779625,6076
3,0.10962104052305222,6077
3,0.11548466235399246,6078
3,0.12405531108379364,6079
3,0.10517846792936325,6080
3,0.11799407005310059,6081
3,0.10752908140420914,6082
3,0.10505139082670212,6083
1,0.0906369686126709,6084
3,0.1281639188528061,6085
3,0.11851970106363297,6086
3,0.11540420353412628,6087
3,0.13341082632541656,6088
1,0.12356269359588623,6089
3,0.16821065545082092,6090
3,0.12040554732084274,6091
3,0.1180577278137207,6092
3,0.11773278564214706,6093
3,0.1719178557395935,6094
3,0.14360672235488892,6095
1,0.07589343190193176,6096
3,0.11008475720882416,6097
3,0.11445263028144836,6098
3,0.1446591466665268,6099
3,0.12954062223434448,6100
3,0.1197851374745369,6101
3,0.12623514235019684,6102
3,0.11399827897548676,6103
1,0.0902167335152626,6104
3,0.10261121392250061,6105
3,0.11787029355764389,6106
3,0.10146450251340866,6107
3,0.10303113609552383,6108
3,0.14956186711788177,6109
3,0.16830050945281982,6110
3,0.13621126115322113,6111
3,0.1433982104063034,6112
3,0.17298686504364014,6113
1,0.05154552683234215,6114
1,0.05028711259365082,6115
3,0.12963007390499115,6116
3,0.16551753878593445,6117
1,0.0613117441534996,6118
3,0.12103922665119171,6119
3,0.12318155914545059,6120
1,0.0986441895365715,6121
3,0.14050035178661346,6122
3,0.14289844036102295,6123
3,0.1671246439218521,6124
3,0.12422411143779755,6125
3,0.11477317661046982,6126
1,0.07542654126882553,6127
3,0.17180711030960083,6128
3,0.12078889459371567,6129
3,0.16280022263526917,6130
3,0.14747782051563263,6131
3,0.163707435131073,6132
3,0.16546300053596497,6133
3,0.10033812373876572,6134
1,0.11140871047973633,6135
3,0.16825401782989502,6136
3,0.10415460914373398,6137
3,0.12440413981676102,6138
3,0.13433469831943512,6139
3,0.16968609392642975,6140
3,0.12240603566169739,6141
3,0.13280165195465088,6142
3,0.11432455480098724,6143
3,0.10776876658201218,6144
3,0.16555596888065338,6145
3,0.16256994009017944,6146
3,0.10133174061775208,6147
3,0.1073324978351593,6148
3,0.11329150944948196,6149
3,0.09851410239934921,6150
3,0.1588175743818283,6151
3,0.1083359345793724,6152
3,0.09975171834230423,6153
3,0.10095762461423874,6154
3,0.09979638457298279,6155
3,0.12206964194774628,6156
3,0.1002853587269783,6157
3,0.10005710273981094,6158
3,0.13692237436771393,6159
3,0.14425961673259735,6160
3,0.12622179090976715,6161
3,0.10884414613246918,6162
3,0.0978749543428421,6163
3,0.1356029510498047,6164
3,0.16721108555793762,6165
3,0.10170207917690277,6166
3,0.1487010270357132,6167
3,0.15722014009952545,6168
3,0.10524332523345947,6169
3,0.11134267598390579,6170
3,0.14336882531642914,6171
3,0.149631530046463,6172
1,0.09941750764846802,6173
3,0.10618099570274353,6174
1,0.1383388191461563,6175
3,0.1155855804681778,6176
3,0.12916213274002075,6177
3,0.10994494706392288,6178
3,0.11141926795244217,6179
1,0.10794844478368759,6180
3,0.10531701147556305,6181
3,0.1057644784450531,6182
1,0.08225493133068085,6183
3,0.13380101323127747,6184
3,0.13407252728939056,6185
3,0.1314275711774826,6186
3,0.1275390237569809,6187
3,0.1041940227150917,6188
3,0.1346157193183899,6189
3,0.16248393058776855,6190
1,0.043218761682510376,6191
3,0.15587106347084045,6192
3,0.12414056807756424,6193
3,0.1000032052397728,6194
3,0.1554815024137497,6195
3,0.1036253571510315,6196
3,0.11025496572256088,6197
3,0.15306057035923004,6198
1,0.10331731289625168,6199
3,0.12916217744350433,6200
3,0.13396644592285156,6201
3,0.12732723355293274,6202
3,0.1098741665482521,6203
3,0.13314077258110046,6204
3,0.12867867946624756,6205
3,0.09567417949438095,6206
3,0.13115112483501434,6207
1,0.008054266683757305,6208
3,0.1321258544921875,6209
3,0.1322794258594513,6210
3,0.14470060169696808,6211
3,0.1298595666885376,6212
3,0.12178044021129608,6213
3,0.09453760087490082,6214
3,0.12930943071842194,6215
3,0.12219613045454025,6216
3,0.1521252691745758,6217
3,0.1503986269235611,6218
3,0.15040826797485352,6219
3,0.11231102049350739,6220
3,0.09629327058792114,6221
3,0.11186383664608002,6222
3,0.13663408160209656,6223
1,0.09550637751817703,6224
3,0.1480996310710907,6225
3,0.15848077833652496,6226
3,0.1594424694776535,6227
1,0.11258691549301147,6228
1,0.07997064292430878,6229
3,0.09797364473342896,6230
3,0.14313477277755737,6231
3,0.12775446474552155,6232
3,0.11834872514009476,6233
2,0.09447504580020905,6234
2,0.11877591907978058,6235
3,0.1284879595041275,6236
3,0.1370629370212555,6237
3,0.12830153107643127,6238
1,0.0781049057841301,6239
3,0.13659369945526123,6240
3,0.12898820638656616,6241
3,0.11908591538667679,6242
3,0.11460058391094208,6243
3,0.13064518570899963,6244
3,0.12041714787483215,6245
3,0.10653416812419891,6246
3,0.12035525590181351,6247
3,0.09304139763116837,6248
3,0.10250639915466309,6249
3,0.1226862296462059,6250
3,0.10805346816778183,6251
3,0.11363165825605392,6252
3,0.14566892385482788,6253
3,0.1509658545255661,6254
3,0.12453965842723846,6255
3,0.12614749372005463,6256
3,0.10976140201091766,6257
3,0.12796993553638458,6258
3,0.10587811470031738,6259
3,0.14462855458259583,6260
3,0.12025994062423706,6261
3,0.10748744010925293,6262
3,0.14364582300186157,6263
3,0.12524883449077606,6264
3,0.1206662654876709,6265
3,0.1555432826280594,6266
3,0.09350449591875076,6267
3,0.12684504687786102,6268
3,0.14405477046966553,6269
3,0.14696219563484192,6270
3,0.14933903515338898,6271
3,0.11849984526634216,6272
3,0.11240407079458237,6273
3,0.12577618658542633,6274
1,0.09151540696620941,6275
3,0.1321134716272354,6276
3,0.1420634686946869,6277
3,0.11805836856365204,6278
3,0.11483218520879745,6279
3,0.1194915622472763,6280
3,0.11652922630310059,6281
3,0.13858860731124878,6282
3,0.10212249308824539,6283
3,0.13143455982208252,6284
3,0.13338220119476318,6285
3,0.14098504185676575,6286
3,0.11646700650453568,6287
1,0.10019295662641525,6288
1,0.0932658314704895,6289
3,0.12517324090003967,6290
3,0.1475687175989151,6291
3,0.12443524599075317,6292
3,0.15325605869293213,6293
3,0.10938907414674759,6294
3,0.11517138034105301,6295
3,0.1525081843137741,6296
3,0.12613911926746368,6297
3,0.11186447739601135,6298
3,0.10025197267532349,6299
3,0.12954320013523102,6300
3,0.09978184849023819,6301
3,0.1290607452392578,6302
3,0.11900844424962997,6303
3,0.10521548241376877,6304
3,0.12290041148662567,6305
3,0.09899316728115082,6306
3,0.14377957582473755,6307
3,0.1405692845582962,6308
3,0.1440427005290985,6309
3,0.11549252271652222,6310
3,0.11281061172485352,6311
3,0.11250529438257217,6312
3,0.12139812856912613,6313
3,0.1436718851327896,6314
3,0.11365310102701187,6315
3,0.1358533650636673,6316
3,0.15101619064807892,6317
3,0.1199018657207489,6318
3,0.14576789736747742,6319
3,0.11455682665109634,6320
3,0.09920263290405273,6321
3,0.10755501687526703,6322
3,0.09484891593456268,6323
3,0.08205744624137878,6324
3,0.14051809906959534,6325
3,0.13729587197303772,6326
3,0.12904000282287598,6327
3,0.14852043986320496,6328
3,0.11272596567869186,6329
3,0.14762580394744873,6330
3,0.10613483935594559,6331
3,0.1353723555803299,6332
3,0.14684972167015076,6333
1,0.11574344336986542,6334
3,0.12602880597114563,6335
3,0.14080965518951416,6336
3,0.14544229209423065,6337
3,0.11173328757286072,6338
3,0.12277350574731827,6339
3,0.13148272037506104,6340
1,0.10404057800769806,6341
3,0.1059284657239914,6342
3,0.1370304971933365,6343
3,0.11702949553728104,6344
3,0.14062319695949554,6345
3,0.13775639235973358,6346
3,0.14271463453769684,6347
3,0.1401740461587906,6348
3,0.14473840594291687,6349
3,0.10492139309644699,6350
3,0.12685495615005493,6351
3,0.1429363191127777,6352
3,0.10998059809207916,6353
3,0.12342586368322372,6354
3,0.11796929687261581,6355
3,0.1298225224018097,6356
3,0.1440635770559311,6357
3,0.1161891296505928,6358
1,0.10499811917543411,6359
3,0.13634932041168213,6360
3,0.13454878330230713,6361
3,0.12318632006645203,6362
3,0.13578762114048004,6363
3,0.13839204609394073,6364
3,0.12908294796943665,6365
3,0.11103694885969162,6366
3,0.10090026259422302,6367
3,0.11697348207235336,6368
3,0.1419277936220169,6369
3,0.10102243721485138,6370
3,0.10136959701776505,6371
1,0.09884046763181686,6372
3,0.1225266382098198,6373
3,0.10389146208763123,6374
3,0.10379766672849655,6375
3,0.08697600662708282,6376
3,0.12025869637727737,6377
3,0.12399744987487793,6378
3,0.1034797877073288,6379
3,0.10287189483642578,6380
3,0.13062243163585663,6381
3,0.13468080759048462,6382
3,0.07699943333864212,6383
3,0.12090277671813965,6384
3,0.13002102077007294,6385
1,0.07659539580345154,6386
3,0.11505686491727829,6387
1,0.09997852146625519,6388
1,0.08095786720514297,6389
3,0.11404469609260559,6390
3,0.13641628623008728,6391
3,0.09973448514938354,6392
3,0.11601787060499191,6393
3,0.12566889822483063,6394
1,0.0,6395
3,0.10040214657783508,6396
3,0.10175199806690216,6397
3,0.10658200085163116,6398
3,0.13563846051692963,6399
3,0.12535564601421356,6400
3,0.09881409257650375,6401
3,0.09870760142803192,6402
3,0.1282959133386612,6403
3,0.11795665323734283,6404
3,0.12481306493282318,6405
3,0.09863191097974777,6406
1,0.09009314328432083,6407
1,0.10095477849245071,6408
1,0.09190618991851807,6409
3,0.11776244640350342,6410
3,0.13823841512203217,6411
1,0.092007577419281,6412
3,0.12424647063016891,6413
3,0.13408313691616058,6414
3,0.13450020551681519,6415
3,0.12940196692943573,6416
3,0.10543069988489151,6417
3,0.12237182259559631,6418
3,0.12665948271751404,6419
3,0.1363268792629242,6420
3,0.1367245763540268,6421
3,0.11759680509567261,6422
3,0.12084181606769562,6423
3,0.10264503210783005,6424
3,0.11815129965543747,6425
3,0.11848951131105423,6426
3,0.13523602485656738,6427
3,0.11829167604446411,6428
3,0.1028965562582016,6429
3,0.10264545679092407,6430
3,0.1106952354311943,6431
3,0.11314776539802551,6432
3,0.11699702590703964,6433
3,0.11795783042907715,6434
3,0.1280917227268219,6435
3,0.1325835883617401,6436
3,0.1343298852443695,6437
3,0.12685148417949677,6438
3,0.09704356640577316,6439
1,0.08044944703578949,6440
3,0.12857984006404877,6441
3,0.13424929976463318,6442
1,0.0967489555478096,6443
3,0.12931571900844574,6444
3,0.09866037964820862,6445
3,0.1341196894645691,6446
3,0.10683061927556992,6447
1,0.08824111521244049,6448
3,0.10980962216854095,6449
3,0.1157882958650589,6450
1,0.09831657260656357,6451
3,0.13305579125881195,6452
3,0.11877697706222534,6453
3,0.1155097708106041,6454
3,0.1250598430633545,6455
3,0.12710680067539215,6456
3,0.13326555490493774,6457
3,0.11858625710010529,6458
3,0.13109859824180603,6459
3,0.13142405450344086,6460
3,0.11163830757141113,6461
3,0.11614182591438293,6462
3,0.13119375705718994,6463
3,0.13252604007720947,6464
3,0.10399963706731796,6465
3,0.13207530975341797,6466
3,0.12979866564273834,6467
3,0.10556698590517044,6468
3,0.09796921908855438,6469
3,0.10862565040588379,6470
3,0.13140079379081726,6471
1,0.09572431445121765,6472
3,0.10828999429941177,6473
3,0.11721207201480865,6474
3,0.10650920867919922,6475
3,0.1306590586900711,6476
3,0.10878248512744904,6477
3,0.1137702465057373,6478
3,0.11385628581047058,6479
3,0.0938030406832695,6480
3,0.1275426298379898,6481
3,0.09168272465467453,6482
3,0.08935938775539398,6483
3,0.10340572148561478,6484
3,0.12872588634490967,6485
3,0.12920911610126495,6486
3,0.12906338274478912,6487
3,0.10547999292612076,6488
3,0.09490836411714554,6489
3,0.096370629966259,6490
3,0.12618140876293182,6491
3,0.12575581669807434,6492
3,0.11108755320310593,6493
3,0.1258242428302765,6494
3,0.12554903328418732,6495
3,0.1277984082698822,6496
3,0.12239806354045868,6497
3,0.12026222795248032,6498
3,0.10804899036884308,6499
3,0.10815383493900299,6500
3,0.10694451630115509,6501
1,0.08842027187347412,6502
3,0.10763226449489594,6503
3,0.1269589513540268,6504
3,0.09475723654031754,6505
3,0.115946926176548,6506
3,0.11341910809278488,6507
3,0.09733141213655472,6508
3,0.11550584435462952,6509
3,0.10959668457508087,6510
3,0.1262255609035492,6511
3,0.12595881521701813,6512
3,0.11271890997886658,6513
3,0.11906794458627701,6514
3,0.1150541752576828,6515
3,0.10045462101697922,6516
3,0.10739394277334213,6517
3,0.10261458903551102,6518
3,0.12241310626268387,6519
3,0.10965332388877869,6520
3,0.11101090908050537,6521
3,0.10897450149059296,6522
3,0.08575417846441269,6523
3,0.0917934775352478,6524
3,0.10949598252773285,6525
3,0.12280058115720749,6526
3,0.09231755137443542,6527
3,0.1101442277431488,6528
3,0.12392344325780869,6529
3,0.12210878729820251,6530
3,0.11044159531593323,6531
3,0.09627489000558853,6532
3,0.10749965161085129,6533
3,0.10953979194164276,6534
3,0.10480185598134995,6535
3,0.12017945945262909,6536
3,0.12501485645771027,6537
3,0.0914628654718399,6538
3,0.12456701695919037,6539
3,0.09086132794618607,6540
3,0.09114464372396469,6541
3,0.1060299500823021,6542
3,0.10796646028757095,6543
3,0.12056062370538712,6544
3,0.12132732570171356,6545
3,0.12265168875455856,6546
3,0.12079790979623795,6547
3,0.12052393704652786,6548
3,0.12089955806732178,6549
3,0.12234678119421005,6550
3,0.12411953508853912,6551
3,0.1130780428647995,6552
3,0.12386816740036011,6553
3,0.11358243227005005,6554
3,0.10280833393335342,6555
3,0.12008631974458694,6556
3,0.11342322081327438,6557
3,0.10318239033222198,6558
3,0.10746165364980698,6559
3,0.11632995307445526,6560
3,0.12183807790279388,6561
3,0.12118564546108246,6562
3,0.11347316205501556,6563
3,0.0904732197523117,6564
3,0.11374808102846146,6565
3,0.10189759731292725,6566
1,0.08320479840040207,6567
4,0.10525474697351456,6568
3,0.10755403339862823,6569
3,0.11994197219610214,6570
3,0.1161675676703453,6571
3,0.10566778481006622,6572
4,0.11915525048971176,6573
3,0.11585939675569534,6574
3,0.08412099629640579,6575
3,0.10635259002447128,6576
3,0.11951015144586563,6577
3,0.10843805223703384,6578
3,0.11511371284723282,6579
3,0.12076930701732635,6580
3,0.12153072655200958,6581
3,0.10679341107606888,6582
3,0.0855637937784195,6583
3,0.11566369980573654,6584
3,0.10588518530130386,6585
3,0.10690558701753616,6586
3,0.11691655963659286,6587
3,0.11968214809894562,6588
3,0.1017221137881279,6589
3,0.08979114145040512,6590
3,0.09706761687994003,6591
3,0.11703214794397354,6592
3,0.1024690568447113,6593
3,0.09896548837423325,6594
3,0.09909585118293762,6595
3,0.1135772317647934,6596
3,0.08743500709533691,6597
3,0.11813965439796448,6598
3,0.120077945291996,6599
3,0.11985474824905396,6600
3,0.10310213267803192,6601
3,0.11821999400854111,6602
3,0.11991308629512787,6603
3,0.09546955674886703,6604
3,0.10682406276464462,6605
3,0.11862460523843765,6606
3,0.09652746468782425,6607
3,0.08891446143388748,6608
1,0.0957784652709961,6609
3,0.10313238948583603,6610
3,0.08293242007493973,6611
3,0.08094041049480438,6612
3,0.11946190148591995,6613
3,0.09421071410179138,6614
3,0.09023649245500565,6615
3,0.10978691279888153,6616
3,0.112057626247406,6617
3,0.1059313490986824,6618
3,0.10151702910661697,6619
3,0.11224726587533951,6620
3,0.11526481062173843,6621
3,0.10368754714727402,6622
3,0.11754219233989716,6623
3,0.11192392557859421,6624
3,0.1141103133559227,6625
3,0.1142331212759018,6626
3,0.09522896260023117,6627
3,0.1018650010228157,6628
3,0.11134273558855057,6629
3,0.0949912965297699,6630
3,0.11047454923391342,6631
3,0.11539367586374283,6632
3,0.11146010458469391,6633
3,0.10863136500120163,6634
3,0.09471350908279419,6635
3,0.08168578147888184,6636
3,0.07955387234687805,6637
3,0.09516292810440063,6638
3,0.11101759970188141,6639
3,0.10737559199333191,6640
3,0.11594396829605103,6641
3,0.1169184148311615,6642
3,0.11080596596002579,6643
3,0.11506335437297821,6644
3,0.10667499899864197,6645
1,0.023988565430045128,6646
3,0.09410693496465683,6647
3,0.09393434971570969,6648
3,0.10233872383832932,6649
3,0.11101680994033813,6650
3,0.10625949501991272,6651
3,0.10021554678678513,6652
3,0.09372688829898834,6653
3,0.0929839015007019,6654
3,0.08282922953367233,6655
3,0.11101824790239334,6656
3,0.09282439947128296,6657
1,0.08061238378286362,6658
3,0.09279103577136993,6659
3,0.10185345262289047,6660
3,0.09900282323360443,6661
1,0.10181066393852234,6662
3,0.11588326841592789,6663
3,0.10174882411956787,6664
3,0.10910564661026001,6665
3,0.10537365823984146,6666
3,0.11634066700935364,6667
3,0.10322922468185425,6668
1,0.09468052536249161,6669
3,0.11582440137863159,6670
3,0.11164359003305435,6671
3,0.10278534144163132,6672
3,0.11387007683515549,6673
3,0.10879720002412796,6674
3,0.10117588937282562,6675
3,0.1025150716304779,6676
3,0.10934886336326599,6677
3,0.11511242389678955,6678
3,0.1157216876745224,6679
3,0.1105182096362114,6680
3,0.10364212840795517,6681
3,0.10197121649980545,6682
3,0.10667943209409714,6683
3,0.1102452203631401,6684
3,0.11356835067272186,6685
3,0.11619250476360321,6686
3,0.08899020403623581,6687
3,0.10182428359985352,6688
3,0.10652545839548111,6689
3,0.1136486753821373,6690
3,0.11586644500494003,6691
3,0.10854359716176987,6692
3,0.10772155225276947,6693
3,0.09821543097496033,6694
3,0.10805846750736237,6695
3,0.11542628705501556,6696
3,0.10778415203094482,6697
3,0.11419496685266495,6698
3,0.10852223634719849,6699
3,0.09778092056512833,6700
3,0.10914111882448196,6701
3,0.11263341456651688,6702
3,0.10747374594211578,6703
1,0.04788661748170853,6704
3,0.10893692076206207,6705
3,0.09922390431165695,6706
3,0.1148299127817154,6707
3,0.1031283512711525,6708
3,0.09033240377902985,6709
3,0.08503007143735886,6710
3,0.11413246393203735,6711
3,0.09640312194824219,6712
3,0.10677029192447662,6713
3,0.10182638466358185,6714
3,0.1047801673412323,6715
3,0.08575336635112762,6716
3,0.1006731390953064,6717
3,0.11160490661859512,6718
3,0.11254411190748215,6719
3,0.10568489879369736,6720
3,0.10158316791057587,6721
3,0.11280356347560883,6722
3,0.0957062840461731,6723
1,0.053230203688144684,6724
3,0.1047280803322792,6725
3,0.10381749272346497,6726
3,0.10514441132545471,6727
3,0.09269482642412186,6728
3,0.09735649079084396,6729
3,0.09902027249336243,6730
3,0.10305752605199814,6731
3,0.10568933188915253,6732
3,0.10254136472940445,6733
3,0.09860583394765854,6734
3,0.09960641711950302,6735
3,0.09890246391296387,6736
3,0.10579408705234528,6737
3,0.10438869893550873,6738
3,0.09846121817827225,6739
3,0.11223232746124268,6740
3,0.11204798519611359,6741
3,0.10823129117488861,6742
3,0.09973825514316559,6743
3,0.11001605540513992,6744
3,0.11013249307870865,6745
3,0.09088864177465439,6746
3,0.0987611711025238,6747
3,0.0955188050866127,6748
3,0.10981664806604385,6749
3,0.10576395690441132,6750
3,0.08987993001937866,6751
3,0.09504462033510208,6752
3,0.10326044261455536,6753
3,0.10754801332950592,6754
3,0.10685893148183823,6755
3,0.10641351342201233,6756
3,0.08779628574848175,6757
3,0.10643121600151062,6758
3,0.10853792726993561,6759
3,0.08762355893850327,6760
3,0.1023508757352829,6761
3,0.11021216958761215,6762
3,0.10754702985286713,6763
3,0.10670818388462067,6764
3,0.10978502780199051,6765
3,0.09821309894323349,6766
3,0.10381976515054703,6767
3,0.10420851409435272,6768
3,0.10690814256668091,6769
3,0.10884182155132294,6770
3,0.10644854605197906,6771
3,0.1063266322016716,6772
3,0.08352547883987427,6773
3,0.10901769250631332,6774
3,0.11031804233789444,6775
3,0.10771553218364716,6776
3,0.10597669333219528,6777
3,0.10184402763843536,6778
3,0.0973639264702797,6779
3,0.10613607615232468,6780
3,0.101415254175663,6781
3,0.08553039282560349,6782
1,0.08563744276762009,6783
2,0.08848727494478226,6784
3,0.09187048673629761,6785
3,0.1020548865199089,6786
3,0.10902808606624603,6787
3,0.10787967592477798,6788
3,0.09382327646017075,6789
3,0.1059161052107811,6790
3,0.10874711722135544,6791
3,0.09074074029922485,6792
3,0.09539925307035446,6793
3,0.1072695329785347,6794
3,0.10308730602264404,6795
3,0.10647046566009521,6796
3,0.08995979279279709,6797
3,0.09694159030914307,6798
3,0.1000172421336174,6799
3,0.10857252776622772,6800
3,0.10126025229692459,6801
3,0.09623217582702637,6802
3,0.10430638492107391,6803
3,0.10860621184110641,6804
3,0.10801980644464493,6805
3,0.09977733343839645,6806
2,0.09591402113437653,6807
3,0.10471310466527939,6808
3,0.09596922248601913,6809
3,0.10766685754060745,6810
3,0.08777689188718796,6811
3,0.09372770041227341,6812
3,0.09552530199289322,6813
3,0.0827784538269043,6814
3,0.10023947805166245,6815
3,0.0992908701300621,6816
3,0.1004415825009346,6817
3,0.09059954434633255,6818
3,0.09257326275110245,6819
3,0.09466103464365005,6820
3,0.09957487136125565,6821
3,0.10699114203453064,6822
3,0.0974576473236084,6823
3,0.09145696461200714,6824
3,0.10669160634279251,6825
3,0.0973234474658966,6826
3,0.0944255068898201,6827
3,0.09533163160085678,6828
3,0.0972406268119812,6829
3,0.10094794631004333,6830
3,0.09962490200996399,6831
3,0.1050286516547203,6832
3,0.10616301000118256,6833
3,0.10286585241556168,6834
3,0.089817576110363,6835
3,0.08235221356153488,6836
3,0.09265758842229843,6837
3,0.10178487747907639,6838
3,0.1007373109459877,6839
2,0.09382909536361694,6840
3,0.08210363984107971,6841
3,0.10624659061431885,6842
4,0.09391283988952637,6843
3,0.08197682350873947,6844
3,0.10189274698495865,6845
3,0.10562919080257416,6846
3,0.08041126281023026,6847
3,0.09862244874238968,6848
3,0.09848188608884811,6849
3,0.10053403675556183,6850
3,0.09743919223546982,6851
3,0.08355005830526352,6852
2,0.10516748577356339,6853
3,0.10575922578573227,6854
3,0.10470905154943466,6855
3,0.0845060721039772,6856
3,0.09731363505125046,6857
3,0.10495849698781967,6858
3,0.08538821339607239,6859
3,0.09494394809007645,6860
3,0.09327442198991776,6861
3,0.08859804272651672,6862
3,0.10535161197185516,6863
3,0.10467348992824554,6864
3,0.09524106234312057,6865
3,0.09446153789758682,6866
3,0.0927213728427887,6867
3,0.09946560859680176,6868
3,0.10138414055109024,6869
3,0.10434699058532715,6870
3,0.10441511124372482,6871
3,0.10069438815116882,6872
3,0.10307463258504868,6873
3,0.10017940402030945,6874
3,0.09909676760435104,6875
3,0.08427424728870392,6876
3,0.09849211573600769,6877
3,0.10070302337408066,6878
3,0.10354956239461899,6879
3,0.09834015369415283,6880
3,0.08327487111091614,6881
3,0.08076760917901993,6882
3,0.07816527038812637,6883
3,0.09649759531021118,6884
3,0.1033838540315628,6885
3,0.08049103617668152,6886
3,0.10488402843475342,6887
3,0.09249147027730942,6888
3,0.09815934300422668,6889
3,0.10203925520181656,6890
3,0.10272222757339478,6891
3,0.10262087732553482,6892
3,0.0949932262301445,6893
3,0.10050403326749802,6894
3,0.09554076939821243,6895
3,0.100397989153862,6896
3,0.09159912168979645,6897
1,0.07543088495731354,6898
3,0.09105027467012405,6899
3,0.09147045761346817,6900
1,0.06734555214643478,6901
3,0.09412259608507156,6902
3,0.09789981693029404,6903
3,0.10103227198123932,6904
3,0.10169888287782669,6905
3,0.09551625698804855,6906
3,0.10008858144283295,6907
3,0.1002107635140419,6908
3,0.0973656103014946,6909
3,0.10292535275220871,6910
2,0.08989221602678299,6911
3,0.09702193737030029,6912
3,0.09631433337926865,6913
3,0.09377875924110413,6914
3,0.08630330115556717,6915
3,0.10041560232639313,6916
3,0.10147210210561752,6917
3,0.09973806142807007,6918
3,0.08864752948284149,6919
3,0.09598542749881744,6920
1,0.07053466886281967,6921
1,0.08356430381536484,6922
3,0.09221287816762924,6923
3,0.10015156865119934,6924
3,0.08985262364149094,6925
3,0.0989944189786911,6926
3,0.10170382261276245,6927
1,0.07087451219558716,6928
3,0.08870869874954224,6929
3,0.08720394968986511,6930
3,0.09995012730360031,6931
3,0.09985474497079849,6932
3,0.09593905508518219,6933
3,0.09807106852531433,6934
3,0.08499843627214432,6935
1,0.07212424278259277,6936
3,0.0869603157043457,6937
3,0.0887862965464592,6938
3,0.09341726452112198,6939
3,0.09259198606014252,6940
3,0.08471175283193588,6941
3,0.08060092478990555,6942
3,0.07387053221464157,6943
3,0.08833213150501251,6944
3,0.08778543770313263,6945
3,0.09111733734607697,6946
3,0.09213674068450928,6947
3,0.09508216381072998,6948
3,0.08818954974412918,6949
3,0.09442633390426636,6950
3,0.09644962102174759,6951
3,0.09585351496934891,6952
3,0.0896713137626648,6953
3,0.08787892013788223,6954
3,0.09000980854034424,6955
3,0.09014718234539032,6956
3,0.08762213587760925,6957
3,0.0854027196764946,6958
1,0.046794820576906204,6959
3,0.09575249254703522,6960
3,0.09604331105947495,6961
2,0.0873439759016037,6962
4,0.08743645995855331,6963
3,0.07456124573945999,6964
3,0.08210816234350204,6965
3,0.07722600549459457,6966
3,0.09322364628314972,6967
3,0.09718823432922363,6968
3,0.07354114949703217,6969
3,0.061581555753946304,6970
2,0.06921099871397018,6971
3,0.0928584560751915,6972
3,0.09282255172729492,6973
3,0.09525152295827866,6974
3,0.09835916757583618,6975
3,0.0843997374176979,6976
1,0.06068694591522217,6977
1,0.08465273678302765,6978
3,0.0948217436671257,6979
3,0.095298171043396,6980
3,0.09174704551696777,6981
3,0.08202414214611053,6982
3,0.08552376925945282,6983
3,0.09464950114488602,6984
3,0.08437708020210266,6985
3,0.07638927549123764,6986
1,0.05286385491490364,6987
2,0.0752372071146965,6988
3,0.09502142667770386,6989
3,0.07900476455688477,6990
3,0.08717320114374161,6991
3,0.08668890595436096,6992
3,0.09760680794715881,6993
3,0.08828506618738174,6994
3,0.09712197631597519,6995
3,0.0959172174334526,6996
3,0.09435050189495087,6997
3,0.09266893565654755,6998
3,0.09578561782836914,6999
3,0.09252661466598511,7000
3,0.09540805965662003,7001
3,0.08870085328817368,7002
3,0.08929246664047241,7003
3,0.07895853370428085,7004
3,0.09229914098978043,7005
3,0.08160927891731262,7006
3,0.08089213073253632,7007
3,0.0905221700668335,7008
3,0.08363445103168488,7009
3,0.08600497245788574,7010
3,0.09523256868124008,7011
3,0.08456845581531525,7012
3,0.08563609421253204,7013
3,0.08518391847610474,7014
3,0.08346350491046906,7015
3,0.07873798161745071,7016
3,0.09163469821214676,7017
3,0.08540190756320953,7018
3,0.08331698179244995,7019
3,0.09276499599218369,7020
3,0.09269165247678757,7021
3,0.08926308900117874,7022
3,0.08563828468322754,7023
3,0.09175232797861099,7024
3,0.08859623968601227,7025
2,0.08567376434803009,7026
3,0.08584991097450256,7027
3,0.07376980781555176,7028
3,0.08897549659013748,7029
3,0.08848069608211517,7030
3,0.0859527587890625,7031
3,0.08787936717271805,7032
3,0.07721197605133057,7033
3,0.07702638953924179,7034
3,0.08336487412452698,7035
3,0.09217134118080139,7036
3,0.08488079905509949,7037
3,0.09075000882148743,7038
3,0.08950143307447433,7039
3,0.09417950361967087,7040
3,0.09228185564279556,7041
3,0.0764220729470253,7042
1,0.001490779803134501,7043
3,0.08759912848472595,7044
3,0.08540991693735123,7045
3,0.08325665444135666,7046
3,0.08629251271486282,7047
3,0.08598936349153519,7048
3,0.08756844699382782,7049
3,0.08596785366535187,7050
3,0.08469390124082565,7051
3,0.09312612563371658,7052
3,0.08147028088569641,7053
3,0.08417532593011856,7054
3,0.08973458409309387,7055
3,0.09136537462472916,7056
3,0.09010391682386398,7057
3,0.09067875146865845,7058
3,0.09087198972702026,7059
3,0.09021611511707306,7060
3,0.08286114037036896,7061
3,0.0817347839474678,7062
3,0.09056480973958969,7063
3,0.08613570779561996,7064
3,0.08447478711605072,7065
3,0.09233353286981583,7066
3,0.08267498761415482,7067
3,0.0844668298959732,7068
3,0.08939454704523087,7069
3,0.09085681289434433,7070
3,0.089860700070858,7071
3,0.08547962456941605,7072
3,0.08328434824943542,7073
3,0.08376287668943405,7074
3,0.08377144485712051,7075
3,0.08530653268098831,7076
3,0.08397617191076279,7077
3,0.09194499999284744,7078
3,0.09184343367815018,7079
3,0.09152228385210037,7080
3,0.07918591797351837,7081
3,0.09174226224422455,7082
3,0.08030764758586884,7083
3,0.07924787700176239,7084
3,0.07343964278697968,7085
3,0.08580654859542847,7086
3,0.09156981855630875,7087
3,0.07995826750993729,7088
3,0.07797297090291977,7089
3,0.08935923129320145,7090
3,0.07977047562599182,7091
3,0.08722338825464249,7092
3,0.09042434394359589,7093
1,0.0818406492471695,7094
1,0.08096620440483093,7095
3,0.08826375752687454,7096
3,0.09234846383333206,7097
3,0.09241872280836105,7098
3,0.09025555104017258,7099
3,0.08853118866682053,7100
3,0.0901353657245636,7101
3,0.09224928915500641,7102
3,0.08242938667535782,7103
3,0.08408541977405548,7104
3,0.07877421379089355,7105
3,0.08327755331993103,7106
1,0.06393183767795563,7107
3,0.08709940314292908,7108
3,0.08054189383983612,7109
3,0.07661887258291245,7110
3,0.0904436856508255,7111
2,0.07711007446050644,7112
3,0.08415007591247559,7113
3,0.07761038094758987,7114
3,0.08299847692251205,7115
3,0.08504381775856018,7116
3,0.08844126760959625,7117
3,0.0782380923628807,7118
1,0.08524370193481445,7119
3,0.07774597406387329,7120
3,0.07724056392908096,7121
1,0.0711430087685585,7122
3,0.08328361064195633,7123
3,0.07947634160518646,7124
3,0.08266934752464294,7125
3,0.08084484934806824,7126
3,0.08891832828521729,7127
3,0.08856074512004852,7128
3,0.08425639569759369,7129
3,0.08820490539073944,7130
3,0.08900357037782669,7131
3,0.08571145683526993,7132
3,0.08775235712528229,7133
3,0.07869163900613785,7134
3,0.08194133639335632,7135
3,0.08811400085687637,7136
1,0.07706981897354126,7137
3,0.07984432578086853,7138
1,0.07822592556476593,7139
3,0.08669497817754745,7140
3,0.08724816143512726,7141
3,0.08543825149536133,7142
1,0.0825350433588028,7143
3,0.08712589740753174,7144
3,0.08381417393684387,7145
3,0.07795843482017517,7146
3,0.08368990570306778,7147
1,0.07244377583265305,7148
3,0.08458146452903748,7149
3,0.07992186397314072,7150
3,0.08366694301366806,7151
3,0.0848192647099495,7152
1,0.07501980662345886,7153
1,0.07925961166620255,7154
3,0.08396653085947037,7155
3,0.08687856048345566,7156
1,0.08023678511381149,7157
3,0.08473212271928787,7158
3,0.08421976864337921,7159
1,0.07250452041625977,7160
3,0.08339756727218628,7161
3,0.08159659802913666,7162
3,0.08359821885824203,7163
3,0.08449195325374603,7164
3,0.0843932032585144,7165
3,0.08599076420068741,7166
3,0.0827975869178772,7167
3,0.0758831575512886,7168
3,0.08182600885629654,7169
3,0.08508973568677902,7170
3,0.08303824812173843,7171
3,0.08337235450744629,7172
3,0.08484122902154922,7173
3,0.08263850212097168,7174
3,0.08164758235216141,7175
3,0.08214784413576126,7176
3,0.08020623028278351,7177
3,0.08440126478672028,7178
1,0.06999071687459946,7179
3,0.08009885251522064,7180
3,0.07987421751022339,7181
3,0.07280692458152771,7182
3,0.08083060383796692,7183
3,0.08133920282125473,7184
3,0.07979191094636917,7185
3,0.07875042408704758,7186
3,0.0778597965836525,7187
3,0.08170431852340698,7188
3,0.0796133428812027,7189
3,0.07955378293991089,7190
3,0.08003819733858109,7191
3,0.07917275279760361,7192
2,0.07940986752510071,7193
3,0.08189869672060013,7194
3,0.07926685363054276,7195
1,0.07627873867750168,7196
3,0.08157526701688766,7197
3,0.0748632624745369,7198
3,0.08062456548213959,7199
3,0.08039624989032745,7200
3,0.08288966119289398,7201
3,0.07901783287525177,7202
1,0.0518072284758091,7203
3,0.0782618597149849,7204
3,0.08225215971469879,7205
3,0.07964693754911423,7206
1,0.07629595696926117,7207
3,0.07959295064210892,7208
3,0.07235803455114365,7209
3,0.07823149859905243,7210
3,0.07699999213218689,7211
3,0.0789911150932312,7212
3,0.07818972319364548,7213
3,0.08116507530212402,7214
3,0.0776149332523346,7215
3,0.07713448256254196,7216
3,0.0791400745511055,7217
3,0.08044090867042542,7218
3,0.07652437686920166,7219
3,0.07623513787984848,7220
1,0.07007084786891937,7221
3,0.07604297995567322,7222
3,0.07692527025938034,7223
3,0.07593481987714767,7224
3,0.07678396999835968,7225
3,0.07669934630393982,7226
3,0.07668231427669525,7227
3,0.07771070301532745,7228
3,0.07638329267501831,7229
3,0.0797102302312851,7230
1,0.06088044121861458,7231
3,0.08010566234588623,7232
3,0.07479949295520782,7233
3,0.07465732097625732,7234
3,0.0734659805893898,7235
3,0.07953016459941864,7236
3,0.07541659474372864,7237
3,0.07368868589401245,7238
3,0.06920560449361801,7239
3,0.07428355515003204,7240
3,0.07493186742067337,7241
3,0.07593889534473419,7242
3,0.07432602345943451,7243
1,0.07608246803283691,7244
3,0.07530258595943451,7245
3,0.07446907460689545,7246
1,0.06820304691791534,7247
3,0.0737985298037529,7248
3,0.07352086901664734,7249
3,0.07332371920347214,7250
3,0.06873652338981628,7251
3,0.07274860888719559,7252
3,0.07357534766197205,7253
3,0.07182358205318451,7254
3,0.07284220308065414,7255
3,0.07739362120628357,7256
1,0.07436702400445938,7257
1,0.06809520721435547,7258
3,0.07321584224700928,7259
3,0.07565921545028687,7260
3,0.07240404933691025,7261
3,0.07198134064674377,7262
3,0.07070047408342361,7263
1,0.06593844294548035,7264
3,0.07114054262638092,7265
3,0.07134895026683807,7266
1,0.028225822374224663,7267
3,0.06972920149564743,7268
3,0.07574588805437088,7269
3,0.07450149953365326,7270
3,0.07081736624240875,7271
3,0.07433820515871048,7272
3,0.07061932235956192,7273
3,0.07479777187108994,7274
1,0.07021065801382065,7275
3,0.07435817271471024,7276
3,0.0693502351641655,7277
3,0.07413849979639053,7278
3,0.07406982779502869,7279
3,0.06915668398141861,7280
3,0.07372715324163437,7281
3,0.07293085753917694,7282
3,0.07266194373369217,7283
3,0.07344884425401688,7284
3,0.06721758097410202,7285
3,0.0729835107922554,7286
3,0.07216424494981766,7287
3,0.07285509258508682,7288
3,0.07214381545782089,7289
3,0.07349546253681183,7290
2,0.07249806821346283,7291
3,0.06820139288902283,7292
3,0.07187946885824203,7293
1,0.06967277079820633,7294
1,0.06595143675804138,7295
3,0.07275108993053436,7296
3,0.07139278948307037,7297
3,0.0705186128616333,7298
3,0.06845926493406296,7299
3,0.07194286584854126,7300
1,0.05493879318237305,7301
1,0.06297902762889862,7302
3,0.0693666860461235,7303
2,0.06921379268169403,7304
3,0.0692155659198761,7305
1,0.06275831162929535,7306
3,0.06836725026369095,7307
3,0.07006914168596268,7308
3,0.0694885328412056,7309
1,0.06805067509412766,7310
2,0.04764141887426376,7311
3,0.06758692860603333,7312
3,0.06860198825597763,7313
1,0.06743883341550827,7314
1,0.05951448902487755,7315
3,0.06757164001464844,7316
1,0.06038402020931244,7317
1,0.06681572645902634,7318
111,65535.0,7319
