node_Degree,node_Accessibility,node_ID
1,0.03245200961828232,1
1,0.0742262527346611,2
3,0.07930344343185425,3
3,0.07775040715932846,4
1,0.06345631182193756,5
3,0.07887348532676697,6
3,0.07457704097032547,7
1,0.07435566186904907,8
1,0.07806848734617233,9
1,0.06005530804395676,10
1,0.07523664832115173,11
3,0.07959513366222382,12
1,0.06881814450025558,13
3,0.07746941596269608,14
1,0.0756688117980957,15
1,0.07371649146080017,16
3,0.07872489839792252,17
3,0.08022308349609375,18
1,0.08191762119531631,19
3,0.08241689950227737,20
3,0.08150239288806915,21
3,0.08002019673585892,22
3,0.08325483649969101,23
3,0.08398573100566864,24
1,0.08362890034914017,25
3,0.08396786451339722,26
3,0.08554600924253464,27
2,0.08406215906143188,28
3,0.08419528603553772,29
1,0.07386980950832367,30
3,0.08685782551765442,31
1,0.07709420472383499,32
3,0.08545732498168945,33
1,0.07270538806915283,34
1,0.07522743940353394,35
1,0.06545362621545792,36
3,0.08799789845943451,37
3,0.0861094668507576,38
3,0.08174449950456619,39
3,0.08570021390914917,40
3,0.08521833270788193,41
3,0.08584761619567871,42
1,0.07949676364660263,43
1,0.03254235163331032,44
1,0.07985372096300125,45
3,0.0881202295422554,46
3,0.08600568026304245,47
1,0.061821043491363525,48
3,0.08559183031320572,49
3,0.0863841101527214,50
1,0.0779159888625145,51
3,0.08442606776952744,52
1,0.0671018436551094,53
1,0.06420405209064484,54
3,0.08590353280305862,55
3,0.09047672897577286,56
3,0.08848873525857925,57
1,0.061965737491846085,58
3,0.08972607553005219,59
1,0.06160638853907585,60
3,0.08724943548440933,61
3,0.0906180590391159,62
1,0.07879595458507538,63
3,0.09032256156206131,64
3,0.0912819355726242,65
3,0.09050311893224716,66
3,0.085467629134655,67
3,0.09129880368709564,68
3,0.08681505173444748,69
1,0.07669737190008163,70
3,0.08752229064702988,71
3,0.08718792349100113,72
3,0.08845394104719162,73
3,0.09101352095603943,74
3,0.09200826287269592,75
1,0.08392783999443054,76
3,0.09094848483800888,77
3,0.09367945045232773,78
3,0.08933063596487045,79
3,0.09136132150888443,80
3,0.09318659454584122,81
1,0.08747869729995728,82
3,0.0944252610206604,83
3,0.09233440458774567,84
3,0.09468896687030792,85
3,0.0926777571439743,86
3,0.0909227505326271,87
3,0.09273603558540344,88
3,0.09339319169521332,89
3,0.08494466543197632,90
3,0.09346137940883636,91
3,0.09237399697303772,92
1,0.07597456127405167,93
1,0.08122752606868744,94
3,0.08147704601287842,95
1,0.0892874002456665,96
1,0.09783091396093369,97
1,0.09800654649734497,98
3,0.09519778192043304,99
3,0.09156031906604767,100
3,0.09421710669994354,101
3,0.0948769673705101,102
3,0.0935179740190506,103
3,0.09870564937591553,104
3,0.09496654570102692,105
3,0.09220658242702484,106
3,0.09903957694768906,107
3,0.09368845820426941,108
3,0.0903138518333435,109
3,0.0944322794675827,110
3,0.09238237887620926,111
3,0.07743482291698456,112
1,0.07120960205793381,113
1,0.07288366556167603,114
3,0.09547291696071625,115
3,0.09074832499027252,116
3,0.0999201089143753,117
3,0.09466142952442169,118
3,0.09570948034524918,119
3,0.09588952362537384,120
3,0.09676998853683472,121
3,0.09240681678056717,122
3,0.09870879352092743,123
1,0.09703264385461807,124
3,0.09917334467172623,125
3,0.09318609535694122,126
3,0.09644098579883575,127
1,0.09361438453197479,128
3,0.0918588638305664,129
3,0.09686700999736786,130
3,0.09625419229269028,131
1,0.09807134419679642,132
3,0.0964118242263794,133
3,0.09808837622404099,134
3,0.09442511945962906,135
1,0.08579769730567932,136
3,0.09289109706878662,137
1,0.08858952671289444,138
3,0.10240910202264786,139
3,0.08896582573652267,140
3,0.09793925285339355,141
3,0.09955914318561554,142
3,0.09798771142959595,143
1,0.08820146322250366,144
1,0.09427890181541443,145
3,0.09888534992933273,146
3,0.10046213120222092,147
3,0.09783201664686203,148
3,0.10118113458156586,149
3,0.09663376957178116,150
1,0.09568783640861511,151
3,0.09982306510210037,152
3,0.0986282229423523,153
3,0.10025153309106827,154
3,0.10045628249645233,155
3,0.09744911640882492,156
3,0.10056158900260925,157
3,0.10431408137083054,158
3,0.10259966552257538,159
3,0.09927532076835632,160
3,0.10092896223068237,161
3,0.10137149691581726,162
3,0.099352166056633,163
3,0.09961170703172684,164
1,0.09884301573038101,165
3,0.10408424586057663,166
1,0.0903109759092331,167
3,0.10125290602445602,168
3,0.10470086336135864,169
3,0.09942205995321274,170
1,0.07533226162195206,171
1,0.08670007437467575,172
3,0.10605832934379578,173
3,0.09861016273498535,174
3,0.10234969109296799,175
1,0.09177791327238083,176
3,0.10790332406759262,177
3,0.10625708103179932,178
3,0.1056881695985794,179
3,0.10288507491350174,180
3,0.10366823524236679,181
3,0.10581336170434952,182
3,0.10383529961109161,183
1,0.09449926763772964,184
3,0.10527490079402924,185
3,0.1080748587846756,186
1,0.10444694757461548,187
3,0.10389375686645508,188
3,0.10649938136339188,189
3,0.10602882504463196,190
3,0.1093725860118866,191
3,0.10753463208675385,192
3,0.1030474379658699,193
3,0.1024053767323494,194
3,0.10335526615381241,195
3,0.10416287183761597,196
3,0.10276376456022263,197
3,0.10274304449558258,198
3,0.10437551885843277,199
3,0.10806173831224442,200
3,0.10759557038545609,201
3,0.1047150194644928,202
3,0.10336526483297348,203
3,0.1034826785326004,204
3,0.10485619306564331,205
3,0.10971641540527344,206
3,0.10844120383262634,207
3,0.103713259100914,208
3,0.10774218291044235,209
3,0.11103454232215881,210
3,0.11017502099275589,211
1,0.07694876194000244,212
3,0.10831651091575623,213
3,0.10948675125837326,214
3,0.10511767864227295,215
3,0.10410795360803604,216
3,0.10848651826381683,217
3,0.10619522631168365,218
1,0.09920066595077515,219
3,0.1080050989985466,220
3,0.10582306981086731,221
3,0.11106915026903152,222
3,0.11006052047014236,223
3,0.11054369062185287,224
3,0.10956823080778122,225
3,0.11151894927024841,226
3,0.11144724488258362,227
3,0.11114498227834702,228
1,0.07787024229764938,229
3,0.10021285712718964,230
3,0.09176341444253922,231
1,0.09459356218576431,232
3,0.11173739284276962,233
3,0.10646682232618332,234
3,0.10842426121234894,235
3,0.11270178854465485,236
3,0.10862421244382858,237
3,0.10422612726688385,238
3,0.10892870277166367,239
3,0.10883645713329315,240
3,0.10582835227251053,241
3,0.10535124689340591,242
3,0.11321994662284851,243
3,0.10674024373292923,244
3,0.11395740509033203,245
3,0.11288599669933319,246
3,0.11218384653329849,247
3,0.11296593397855759,248
3,0.11463021486997604,249
3,0.11517919600009918,250
3,0.10798027366399765,251
3,0.10978624224662781,252
3,0.10852432250976562,253
3,0.1100044772028923,254
3,0.11368932574987411,255
2,0.10485155880451202,256
3,0.11465141922235489,257
4,0.10511317104101181,258
1,0.018544472754001617,259
3,0.10991440713405609,260
3,0.11592094600200653,261
3,0.11043818295001984,262
3,0.10958677530288696,263
3,0.11381001025438309,264
3,0.11054520308971405,265
1,0.09436765313148499,266
3,0.11839063465595245,267
2,0.10584741085767746,268
1,0.09648866206407547,269
3,0.11591427028179169,270
3,0.1145474836230278,271
3,0.11267134547233582,272
3,0.11177314817905426,273
3,0.11121487617492676,274
3,0.11651552468538284,275
3,0.11448661983013153,276
3,0.11249538511037827,277
3,0.11579017341136932,278
3,0.11278916150331497,279
3,0.11007463932037354,280
3,0.10724261403083801,281
3,0.11692556738853455,282
1,0.046312734484672546,283
3,0.1154692992568016,284
3,0.1170317679643631,285
3,0.11208686977624893,286
3,0.11333712190389633,287
1,0.11346772313117981,288
3,0.11208157241344452,289
3,0.1166902631521225,290
3,0.11296062916517258,291
1,0.09667447209358215,292
3,0.11668245494365692,293
1,0.10889767855405807,294
3,0.11870776861906052,295
3,0.11570370197296143,296
3,0.11705169081687927,297
3,0.11795862764120102,298
3,0.11898121982812881,299
1,0.10051637887954712,300
3,0.11777268350124359,301
2,0.10985976457595825,302
3,0.11079683154821396,303
3,0.1133914366364479,304
3,0.1171523779630661,305
3,0.09803339838981628,306
3,0.11463019996881485,307
3,0.11857984960079193,308
3,0.1149601861834526,309
3,0.1177729070186615,310
3,0.12154965102672577,311
3,0.11354784667491913,312
3,0.12076535820960999,313
3,0.11701781302690506,314
3,0.11796972155570984,315
3,0.11473178118467331,316
3,0.1148824617266655,317
3,0.11002819985151291,318
3,0.11825041472911835,319
3,0.11660365760326385,320
3,0.11273238807916641,321
3,0.11501246690750122,322
3,0.1173524335026741,323
3,0.11519475281238556,324
3,0.12139111757278442,325
3,0.121924489736557,326
3,0.11857829242944717,327
3,0.11532706022262573,328
3,0.11885401606559753,329
3,0.12217152863740921,330
3,0.11551313102245331,331
1,0.06309185922145844,332
3,0.12307099997997284,333
3,0.11241043359041214,334
3,0.12311434745788574,335
3,0.11632617563009262,336
3,0.1217094138264656,337
3,0.12185192108154297,338
3,0.12435737252235413,339
3,0.12400683760643005,340
3,0.12206178158521652,341
3,0.12152706831693649,342
3,0.12424740195274353,343
3,0.10510136187076569,344
3,0.12340428680181503,345
3,0.11476068943738937,346
1,0.06017141044139862,347
3,0.12511949241161346,348
3,0.12375010550022125,349
3,0.11771479994058609,350
3,0.11697591841220856,351
3,0.11543198674917221,352
3,0.12374753504991531,353
3,0.12304435670375824,354
3,0.11701851338148117,355
3,0.11599665135145187,356
3,0.11248152703046799,357
3,0.11494137346744537,358
3,0.12608876824378967,359
3,0.12445186078548431,360
3,0.11512397974729538,361
3,0.1166776642203331,362
2,0.12498229742050171,363
5,0.1251373589038849,364
3,0.11840176582336426,365
3,0.11382904648780823,366
3,0.11396362632513046,367
3,0.12376844137907028,368
3,0.11717019230127335,369
3,0.12584561109542847,370
3,0.12293311953544617,371
3,0.11506365239620209,372
1,0.10337913036346436,373
1,0.11044039577245712,374
3,0.11339965462684631,375
3,0.12358780205249786,376
3,0.11928052455186844,377
3,0.12636888027191162,378
3,0.11914948374032974,379
3,0.12016277015209198,380
3,0.12888407707214355,381
3,0.1269640028476715,382
3,0.11911315470933914,383
3,0.1122908964753151,384
1,0.10456180572509766,385
1,0.09355968981981277,386
3,0.12200482934713364,387
3,0.12039387226104736,388
3,0.12016384303569794,389
3,0.11592140793800354,390
3,0.10472788661718369,391
3,0.12205611169338226,392
3,0.10901259630918503,393
3,0.12347568571567535,394
3,0.12313223630189896,395
1,0.07994477450847626,396
3,0.1050792932510376,397
3,0.12122892588376999,398
3,0.12812674045562744,399
3,0.10794805735349655,400
3,0.10473741590976715,401
3,0.12321335822343826,402
3,0.12286559492349625,403
3,0.12416253983974457,404
2,0.10853233933448792,405
1,0.08646514266729355,406
3,0.12136814743280411,407
3,0.12214699387550354,408
3,0.1291056126356125,409
3,0.1307406723499298,410
1,0.06521185487508774,411
3,0.12433706223964691,412
3,0.10954524576663971,413
1,0.09611701965332031,414
3,0.12597349286079407,415
3,0.12562544643878937,416
3,0.11040037125349045,417
3,0.09692110121250153,418
3,0.12600673735141754,419
3,0.12629719078540802,420
3,0.1238953024148941,421
1,0.09898623079061508,422
1,0.10368457436561584,423
3,0.13205531239509583,424
3,0.13091744482517242,425
3,0.12369778752326965,426
3,0.12382464855909348,427
3,0.10994497686624527,428
3,0.12354044616222382,429
3,0.10600126534700394,430
1,0.09039755165576935,431
3,0.12621325254440308,432
3,0.1302536278963089,433
3,0.12421713769435883,434
3,0.12248733639717102,435
3,0.1241103857755661,436
3,0.12270573526620865,437
3,0.1229873076081276,438
3,0.12048616260290146,439
3,0.12668700516223907,440
3,0.1319272816181183,441
3,0.12947873771190643,442
3,0.1310971975326538,443
3,0.13146018981933594,444
1,0.0972210168838501,445
1,0.07380185276269913,446
3,0.12738101184368134,447
3,0.1275559663772583,448
3,0.12837903201580048,449
3,0.12541089951992035,450
3,0.12127164751291275,451
3,0.12590262293815613,452
3,0.1148902177810669,453
3,0.13328823447227478,454
3,0.13287454843521118,455
3,0.1257707178592682,456
3,0.12630409002304077,457
3,0.10908188670873642,458
3,0.1265849620103836,459
3,0.10276967287063599,460
1,0.09437213093042374,461
3,0.13339920341968536,462
3,0.11260488629341125,463
3,0.13417866826057434,464
3,0.12447839230298996,465
3,0.12873774766921997,466
3,0.12492775917053223,467
3,0.12913638353347778,468
3,0.1255934238433838,469
3,0.10708561539649963,470
3,0.10813803970813751,471
3,0.12788060307502747,472
3,0.12736110389232635,473
3,0.12709929049015045,474
1,0.06254081428050995,475
3,0.11242571473121643,476
1,0.10588226467370987,477
1,0.09549670666456223,478
1,0.09577903151512146,479
3,0.1127954050898552,480
3,0.1267293095588684,481
3,0.1279531866312027,482
3,0.13265839219093323,483
3,0.12877637147903442,484
3,0.12286507338285446,485
3,0.1263475865125656,486
3,0.12175572663545609,487
1,0.10520635545253754,488
3,0.12620140612125397,489
3,0.13521210849285126,490
3,0.1254233419895172,491
1,0.09126739203929901,492
3,0.12246537953615189,493
3,0.1258801817893982,494
3,0.13740681111812592,495
3,0.1296265870332718,496
3,0.1305861473083496,497
3,0.13314923644065857,498
1,0.09144555777311325,499
3,0.13099314272403717,500
3,0.1281338781118393,501
3,0.1362859308719635,502
3,0.12075773626565933,503
3,0.11311324685811996,504
1,0.11454033851623535,505
3,0.10725276917219162,506
3,0.12804339826107025,507
3,0.1056574359536171,508
3,0.1116347536444664,509
3,0.11838166415691376,510
1,0.10574817657470703,511
3,0.1185687780380249,512
3,0.12255797535181046,513
3,0.13318578898906708,514
3,0.1306503862142563,515
3,0.13336840271949768,516
3,0.11438243091106415,517
3,0.09863970428705215,518
1,0.0904417484998703,519
3,0.1334325671195984,520
1,0.10819043964147568,521
3,0.10833971202373505,522
3,0.11054786294698715,523
3,0.11071807146072388,524
3,0.1339527815580368,525
3,0.1290079653263092,526
3,0.12978142499923706,527
3,0.13072402775287628,528
3,0.11673916131258011,529
3,0.13749147951602936,530
3,0.13052673637866974,531
3,0.10811056941747665,532
3,0.1331178992986679,533
3,0.12996326386928558,534
3,0.1311558336019516,535
3,0.11258570849895477,536
3,0.1168811097741127,537
3,0.1115872710943222,538
3,0.13149428367614746,539
3,0.12021229416131973,540
3,0.13384605944156647,541
3,0.1354408711194992,542
3,0.1317913979291916,543
3,0.1355869024991989,544
3,0.14239616692066193,545
3,0.13290216028690338,546
3,0.1364203244447708,547
1,0.10835175216197968,548
1,0.10717592388391495,549
3,0.1137600764632225,550
1,0.09688256680965424,551
3,0.09996654093265533,552
1,0.09424527734518051,553
3,0.11895617842674255,554
3,0.13282828032970428,555
3,0.1317729353904724,556
3,0.1326369345188141,557
3,0.13728852570056915,558
3,0.10850601643323898,559
1,0.09992719441652298,560
3,0.10893793404102325,561
3,0.13632921874523163,562
3,0.13717418909072876,563
3,0.1362570971250534,564
3,0.1118013858795166,565
3,0.11992509663105011,566
3,0.13620257377624512,567
3,0.11502593755722046,568
3,0.12030699104070663,569
3,0.13530249893665314,570
3,0.10943439602851868,571
3,0.133330300450325,572
3,0.13609269261360168,573
3,0.1381160169839859,574
3,0.10229873657226562,575
3,0.1450469195842743,576
3,0.10535967350006104,577
3,0.13571088016033173,578
3,0.13510636985301971,579
3,0.1367575079202652,580
3,0.10630903393030167,581
3,0.12109723687171936,582
3,0.12309011071920395,583
3,0.1329026222229004,584
3,0.12018652260303497,585
3,0.1379842907190323,586
3,0.09104736894369125,587
3,0.11947325617074966,588
1,0.10718302428722382,589
1,0.11662937700748444,590
3,0.14166796207427979,591
3,0.14008770883083344,592
3,0.10241462290287018,593
3,0.12378951162099838,594
3,0.14541949331760406,595
3,0.116680808365345,596
3,0.12126718461513519,597
3,0.13386590778827667,598
4,0.14706861972808838,599
3,0.1431005299091339,600
3,0.13944989442825317,601
3,0.12164858728647232,602
3,0.14653752744197845,603
3,0.13966235518455505,604
3,0.14044615626335144,605
3,0.1392228603363037,606
3,0.14345067739486694,607
3,0.14387884736061096,608
3,0.13325351476669312,609
3,0.13521218299865723,610
3,0.12257171422243118,611
3,0.1388111561536789,612
3,0.136482834815979,613
1,0.0018040051218122244,614
3,0.13868726789951324,615
3,0.1449766904115677,616
3,0.1441643238067627,617
3,0.13978241384029388,618
3,0.11781319975852966,619
3,0.09761557728052139,620
3,0.11794210970401764,621
1,0.1189071461558342,622
3,0.0844535231590271,623
3,0.13624688982963562,624
3,0.14818449318408966,625
3,0.1425827145576477,626
3,0.14214299619197845,627
3,0.13773977756500244,628
3,0.14149823784828186,629
3,0.14260177314281464,630
3,0.1412430852651596,631
3,0.12544074654579163,632
3,0.13739611208438873,633
3,0.1409592181444168,634
3,0.12317357212305069,635
3,0.10192844271659851,636
3,0.1006932407617569,637
3,0.1383477747440338,638
3,0.14474116265773773,639
3,0.14978478848934174,640
3,0.14658260345458984,641
3,0.1385909467935562,642
1,0.07548103481531143,643
1,0.09077835828065872,644
3,0.14332419633865356,645
3,0.13817350566387177,646
3,0.14839957654476166,647
3,0.14295795559883118,648
1,0.13422615826129913,649
3,0.09992139041423798,650
3,0.09147734940052032,651
3,0.14480042457580566,652
3,0.14408932626247406,653
3,0.14365923404693604,654
3,0.14104364812374115,655
3,0.11128169298171997,656
3,0.14525233209133148,657
3,0.1418304443359375,658
3,0.12475337833166122,659
1,0.08543240278959274,660
3,0.11888182908296585,661
3,0.13692890107631683,662
1,0.08505485951900482,663
3,0.14606837928295135,664
3,0.14255443215370178,665
3,0.1407260000705719,666
3,0.1373114287853241,667
1,0.07929406315088272,668
3,0.13680824637413025,669
3,0.12567973136901855,670
3,0.10462222993373871,671
3,0.14143811166286469,672
3,0.14151568710803986,673
3,0.1405036896467209,674
3,0.11103601008653641,675
1,0.1220204159617424,676
3,0.15088264644145966,677
3,0.1414736807346344,678
3,0.12838414311408997,679
3,0.11532758921384811,680
3,0.14640653133392334,681
3,0.14953938126564026,682
3,0.14382591843605042,683
3,0.14312419295310974,684
3,0.14725930988788605,685
3,0.14155559241771698,686
3,0.14290598034858704,687
3,0.10637082159519196,688
3,0.146287202835083,689
3,0.12815925478935242,690
3,0.12307657301425934,691
3,0.10044067353010178,692
3,0.14845718443393707,693
3,0.12742841243743896,694
3,0.10299118608236313,695
1,0.12834729254245758,696
3,0.09831976890563965,697
3,0.12102363258600235,698
3,0.14431710541248322,699
3,0.13956451416015625,700
3,0.14315864443778992,701
1,0.09770643711090088,702
3,0.0979328379034996,703
3,0.1434759497642517,704
3,0.11842740327119827,705
3,0.11856512725353241,706
3,0.1484348028898239,707
3,0.14833934605121613,708
1,0.08197081089019775,709
3,0.15459775924682617,710
3,0.1078619733452797,711
3,0.14210796356201172,712
3,0.11244585365056992,713
3,0.1315878927707672,714
3,0.1527578979730606,715
3,0.15476767718791962,716
3,0.1086137443780899,717
3,0.14303572475910187,718
3,0.1589750349521637,719
3,0.1567213088274002,720
3,0.15618228912353516,721
3,0.12669987976551056,722
3,0.14986887574195862,723
3,0.1510879397392273,724
3,0.150126114487648,725
3,0.10919778794050217,726
3,0.10491538047790527,727
3,0.14794249832630157,728
3,0.15769332647323608,729
3,0.1529848873615265,730
3,0.15284644067287445,731
3,0.10898050665855408,732
3,0.13418805599212646,733
3,0.1136021763086319,734
3,0.09710338711738586,735
1,0.08782681077718735,736
3,0.14942993223667145,737
3,0.15363597869873047,738
3,0.15130770206451416,739
3,0.1537012904882431,740
1,0.11052180081605911,741
3,0.15017645061016083,742
3,0.14917409420013428,743
3,0.14477860927581787,744
3,0.15760518610477448,745
3,0.15399332344532013,746
3,0.12407820671796799,747
1,0.11590486019849777,748
3,0.1607084721326828,749
3,0.1549171805381775,750
3,0.1546933948993683,751
3,0.14881227910518646,752
3,0.15534348785877228,753
3,0.11503670364618301,754
1,0.08883999288082123,755
3,0.14184008538722992,756
1,0.14004887640476227,757
3,0.1502082496881485,758
3,0.1470191478729248,759
3,0.15563973784446716,760
3,0.15273915231227875,761
3,0.1505000740289688,762
1,0.09559990465641022,763
3,0.15497951209545135,764
3,0.15475672483444214,765
3,0.15175025165081024,766
3,0.1486574113368988,767
3,0.1280851811170578,768
3,0.12885782122612,769
3,0.15128928422927856,770
3,0.15052998065948486,771
3,0.13572342693805695,772
3,0.12417874485254288,773
3,0.15400442481040955,774
1,0.09424050897359848,775
3,0.15446895360946655,776
1,0.09645915031433105,777
3,0.12536606192588806,778
3,0.14971058070659637,779
3,0.16545170545578003,780
3,0.1525743007659912,781
3,0.15359856188297272,782
3,0.15229661762714386,783
3,0.15089525282382965,784
3,0.14687508344650269,785
3,0.1529066264629364,786
3,0.15374714136123657,787
3,0.10677407681941986,788
3,0.10716469585895538,789
3,0.12541495263576508,790
3,0.16625863313674927,791
3,0.1158832535147667,792
3,0.1557074785232544,793
3,0.15925362706184387,794
3,0.15354494750499725,795
3,0.13685910403728485,796
3,0.1303778886795044,797
3,0.11753211170434952,798
3,0.10019873827695847,799
3,0.09077110141515732,800
1,0.08408123254776001,801
3,0.13895244896411896,802
3,0.15510736405849457,803
3,0.08491049706935883,804
1,0.07972539961338043,805
3,0.15814408659934998,806
3,0.13912858068943024,807
3,0.12733575701713562,808
3,0.15692061185836792,809
3,0.15247030556201935,810
3,0.11690308153629303,811
2,0.08526746183633804,812
3,0.1532490849494934,813
3,0.15484657883644104,814
3,0.11892587691545486,815
3,0.1611320972442627,816
3,0.15398919582366943,817
3,0.10205702483654022,818
3,0.15352286398410797,819
3,0.15880167484283447,820
1,0.10015784949064255,821
1,0.1151963323354721,822
3,0.12884141504764557,823
1,0.12744930386543274,824
3,0.1590448021888733,825
3,0.12919694185256958,826
3,0.15055416524410248,827
3,0.15582667291164398,828
3,0.1566159725189209,829
3,0.16008062660694122,830
3,0.15838998556137085,831
3,0.16123145818710327,832
3,0.15780949592590332,833
3,0.10984399169683456,834
3,0.10282650589942932,835
3,0.15958012640476227,836
3,0.1299719363451004,837
3,0.15991906821727753,838
3,0.16109199821949005,839
3,0.15911933779716492,840
3,0.1577485352754593,841
3,0.1616591364145279,842
1,0.0616566427052021,843
3,0.1459377408027649,844
3,0.158936008810997,845
3,0.16389964520931244,846
3,0.15872631967067719,847
3,0.1600825935602188,848
3,0.14280176162719727,849
3,0.16064080595970154,850
3,0.16172048449516296,851
3,0.15951447188854218,852
3,0.1087411567568779,853
3,0.1403094232082367,854
3,0.17247003316879272,855
3,0.14311721920967102,856
3,0.11062222719192505,857
3,0.14481592178344727,858
3,0.16190294921398163,859
3,0.1579323709011078,860
1,0.15296921133995056,861
3,0.13262136280536652,862
3,0.14084331691265106,863
3,0.17315228283405304,864
1,0.09910938143730164,865
3,0.14243823289871216,866
3,0.15903064608573914,867
3,0.16415391862392426,868
3,0.13971085846424103,869
1,0.12360388785600662,870
3,0.11114024370908737,871
1,0.10402440279722214,872
3,0.1462639719247818,873
3,0.16125236451625824,874
3,0.1117083877325058,875
3,0.1612084060907364,876
3,0.16688920557498932,877
3,0.16330499947071075,878
3,0.1638135462999344,879
3,0.1620205044746399,880
3,0.16165699064731598,881
3,0.16455228626728058,882
3,0.11134225875139236,883
3,0.10696578770875931,884
3,0.16672973334789276,885
3,0.1382519006729126,886
3,0.1417141556739807,887
3,0.16264227032661438,888
2,0.13830602169036865,889
3,0.14047247171401978,890
1,0.10480459034442902,891
3,0.1570841372013092,892
3,0.17058353126049042,893
3,0.16356107592582703,894
3,0.16618239879608154,895
3,0.13883216679096222,896
3,0.13946862518787384,897
2,0.15738844871520996,898
3,0.15781964361667633,899
1,0.10557723790407181,900
3,0.16716869175434113,901
3,0.1649267077445984,902
3,0.1396835595369339,903
3,0.15110959112644196,904
3,0.16910845041275024,905
3,0.17164923250675201,906
1,0.10999322682619095,907
1,0.1431073397397995,908
3,0.1653432846069336,909
3,0.1679987609386444,910
3,0.16897423565387726,911
3,0.17201395332813263,912
3,0.14420020580291748,913
3,0.1685415655374527,914
3,0.16558419167995453,915
3,0.1684022694826126,916
3,0.1682463139295578,917
3,0.1253453642129898,918
3,0.1669350266456604,919
3,0.13898636400699615,920
3,0.17317771911621094,921
3,0.1131770983338356,922
3,0.17432790994644165,923
3,0.1798875331878662,924
3,0.1802910566329956,925
3,0.1729019284248352,926
3,0.1663486808538437,927
3,0.14140599966049194,928
3,0.1701606959104538,929
3,0.1741088479757309,930
3,0.16449736058712006,931
3,0.17020933330059052,932
3,0.10598684847354889,933
3,0.11027272790670395,934
3,0.13398663699626923,935
2,0.16893261671066284,936
2,0.1677856296300888,937
1,0.14096708595752716,938
3,0.16829925775527954,939
3,0.17085601389408112,940
3,0.14286726713180542,941
3,0.1698302924633026,942
3,0.17070741951465607,943
3,0.1692337989807129,944
3,0.17239421606063843,945
3,0.11377713829278946,946
3,0.16264301538467407,947
3,0.1821443885564804,948
3,0.17643336951732635,949
3,0.13750794529914856,950
3,0.12492217868566513,951
3,0.14169499278068542,952
3,0.170936718583107,953
3,0.13026978075504303,954
3,0.17294225096702576,955
3,0.11200274527072906,956
3,0.12980155646800995,957
3,0.17190822958946228,958
3,0.1751042753458023,959
3,0.17353078722953796,960
3,0.17586082220077515,961
3,0.15711461007595062,962
3,0.170638307929039,963
3,0.17427082359790802,964
3,0.17061959207057953,965
3,0.15007072687149048,966
1,0.10157487541437149,967
3,0.15549013018608093,968
3,0.17030669748783112,969
3,0.17319278419017792,970
3,0.17342595756053925,971
1,0.11712294816970825,972
3,0.11061450839042664,973
3,0.18486104905605316,974
3,0.11093756556510925,975
1,0.09641451388597488,976
3,0.1782853901386261,977
3,0.17169523239135742,978
3,0.1752271056175232,979
1,0.162924125790596,980
3,0.11650160700082779,981
3,0.17600634694099426,982
3,0.11682026088237762,983
3,0.1745382398366928,984
3,0.09954747557640076,985
3,0.17668426036834717,986
3,0.15460370481014252,987
1,0.10711538791656494,988
3,0.14594846963882446,989
3,0.16838175058364868,990
3,0.17617644369602203,991
3,0.1783181130886078,992
3,0.13197104632854462,993
1,0.09843453019857407,994
3,0.10452280193567276,995
1,0.10070723295211792,996
3,0.11658991128206253,997
3,0.16723354160785675,998
3,0.17878463864326477,999
3,0.1777006834745407,1000
3,0.1813071370124817,1001
3,0.16906966269016266,1002
3,0.10505075752735138,1003
3,0.10199230164289474,1004
3,0.12866173684597015,1005
3,0.17923590540885925,1006
3,0.12879987061023712,1007
3,0.16592416167259216,1008
3,0.17166408896446228,1009
3,0.11771322786808014,1010
3,0.1489785760641098,1011
3,0.18012487888336182,1012
4,0.1791948676109314,1013
3,0.18210679292678833,1014
3,0.0994693711400032,1015
3,0.13236360251903534,1016
3,0.18543699383735657,1017
3,0.17729705572128296,1018
3,0.15692882239818573,1019
3,0.17935943603515625,1020
3,0.16892488300800323,1021
3,0.1495550572872162,1022
3,0.1650094985961914,1023
3,0.17144902050495148,1024
1,0.09751281887292862,1025
3,0.13366787135601044,1026
3,0.18071137368679047,1027
3,0.1428741216659546,1028
3,0.13388755917549133,1029
3,0.1338624358177185,1030
3,0.17408955097198486,1031
3,0.18031467497348785,1032
3,0.17520350217819214,1033
3,0.14616450667381287,1034
1,0.0986781194806099,1035
3,0.11840929836034775,1036
3,0.18950827419757843,1037
3,0.1822172999382019,1038
3,0.11399956792593002,1039
3,0.18115396797657013,1040
3,0.17145083844661713,1041
3,0.15631118416786194,1042
3,0.17739088833332062,1043
3,0.17352111637592316,1044
3,0.1288156658411026,1045
3,0.1521887630224228,1046
3,0.13583628833293915,1047
3,0.13189181685447693,1048
3,0.17795655131340027,1049
3,0.18178898096084595,1050
3,0.1442374885082245,1051
3,0.09891240298748016,1052
3,0.1855694204568863,1053
3,0.14764900505542755,1054
3,0.10193382948637009,1055
3,0.17613688111305237,1056
3,0.18706607818603516,1057
3,0.17816641926765442,1058
1,0.12172830104827881,1059
3,0.17668715119361877,1060
3,0.17548900842666626,1061
3,0.12709784507751465,1062
3,0.19680941104888916,1063
3,0.18436042964458466,1064
3,0.18522804975509644,1065
3,0.1884097307920456,1066
3,0.17920783162117004,1067
3,0.11248302459716797,1068
3,0.11143065243959427,1069
3,0.17053751647472382,1070
3,0.18584629893302917,1071
3,0.1887507438659668,1072
3,0.1831359565258026,1073
3,0.17334555089473724,1074
3,0.15438039600849152,1075
3,0.18842823803424835,1076
3,0.19019562005996704,1077
3,0.18383930623531342,1078
3,0.09986179322004318,1079
3,0.1334201544523239,1080
3,0.1546710580587387,1081
3,0.15397007763385773,1082
3,0.16568052768707275,1083
3,0.1897091269493103,1084
3,0.18107256293296814,1085
3,0.10002618283033371,1086
3,0.11531992256641388,1087
3,0.13836218416690826,1088
3,0.14939142763614655,1089
3,0.15409080684185028,1090
3,0.15581786632537842,1091
3,0.16147001087665558,1092
3,0.17935897409915924,1093
3,0.15024378895759583,1094
3,0.14655879139900208,1095
3,0.14449040591716766,1096
3,0.1472558081150055,1097
3,0.1860262006521225,1098
3,0.12128854542970657,1099
3,0.1307590752840042,1100
3,0.18556532263755798,1101
3,0.11983117461204529,1102
3,0.13060398399829865,1103
3,0.14273883402347565,1104
3,0.17523448169231415,1105
3,0.20178702473640442,1106
3,0.1511932909488678,1107
3,0.1097530797123909,1108
3,0.12504954636096954,1109
3,0.1349175125360489,1110
3,0.13504184782505035,1111
3,0.13738615810871124,1112
3,0.18559223413467407,1113
3,0.18270720541477203,1114
1,0.10759565234184265,1115
3,0.11152882874011993,1116
3,0.1766316294670105,1117
3,0.18320177495479584,1118
3,0.18869511783123016,1119
3,0.19767819344997406,1120
3,0.19871686398983002,1121
3,0.17959721386432648,1122
3,0.16213096678256989,1123
3,0.14895452558994293,1124
3,0.19815194606781006,1125
3,0.1259269416332245,1126
3,0.13018956780433655,1127
3,0.15672972798347473,1128
3,0.18905480206012726,1129
1,0.0840001329779625,1130
3,0.10963809490203857,1131
3,0.20142929255962372,1132
3,0.1655072718858719,1133
3,0.13833299279212952,1134
3,0.14812573790550232,1135
3,0.19662988185882568,1136
3,0.12549549341201782,1137
3,0.12365639954805374,1138
3,0.14839822053909302,1139
3,0.1888941377401352,1140
3,0.19700628519058228,1141
3,0.2034940868616104,1142
3,0.19045652449131012,1143
3,0.12690632045269012,1144
3,0.17171066999435425,1145
3,0.19080375134944916,1146
3,0.1958806812763214,1147
3,0.204692542552948,1148
3,0.19424884021282196,1149
3,0.18595772981643677,1150
3,0.15827319025993347,1151
3,0.12432326376438141,1152
3,0.2068541795015335,1153
3,0.1881760209798813,1154
3,0.19367428123950958,1155
3,0.18415731191635132,1156
3,0.18661105632781982,1157
1,0.08020815253257751,1158
3,0.1262703537940979,1159
3,0.1446816325187683,1160
3,0.1605856716632843,1161
3,0.191348135471344,1162
3,0.2001029998064041,1163
3,0.14515270292758942,1164
3,0.19123747944831848,1165
3,0.19990700483322144,1166
3,0.10317660868167877,1167
3,0.11336857825517654,1168
3,0.1743013560771942,1169
3,0.17971283197402954,1170
3,0.18829591572284698,1171
3,0.16849885880947113,1172
3,0.12656989693641663,1173
3,0.20246288180351257,1174
3,0.16669024527072906,1175
3,0.14386816322803497,1176
3,0.10033222287893295,1177
1,0.12916187942028046,1178
1,0.09147239476442337,1179
3,0.12699051201343536,1180
3,0.14391663670539856,1181
2,0.1719384342432022,1182
3,0.1862279176712036,1183
3,0.19239656627178192,1184
3,0.12439252436161041,1185
3,0.1061023473739624,1186
3,0.12754473090171814,1187
3,0.19432012736797333,1188
1,0.15932071208953857,1189
3,0.12594987452030182,1190
3,0.09785310924053192,1191
3,0.127766415476799,1192
3,0.17598967254161835,1193
3,0.20016194880008698,1194
3,0.13066785037517548,1195
3,0.18691736459732056,1196
3,0.12082873284816742,1197
3,0.1680864840745926,1198
3,0.20806100964546204,1199
3,0.19748787581920624,1200
3,0.18523214757442474,1201
3,0.20678630471229553,1202
3,0.19742828607559204,1203
3,0.1912941336631775,1204
3,0.1693204790353775,1205
3,0.16412001848220825,1206
3,0.16360801458358765,1207
3,0.1450861245393753,1208
3,0.1454782485961914,1209
3,0.13044065237045288,1210
3,0.16371063888072968,1211
3,0.18861588835716248,1212
3,0.18587015569210052,1213
3,0.13187293708324432,1214
3,0.12412098050117493,1215
3,0.19281119108200073,1216
3,0.12156397849321365,1217
3,0.14646828174591064,1218
3,0.158466637134552,1219
3,0.1593768298625946,1220
3,0.1787998527288437,1221
3,0.19827678799629211,1222
3,0.20225313305854797,1223
3,0.1253640502691269,1224
1,0.1057853028178215,1225
3,0.1260209083557129,1226
3,0.19619102776050568,1227
1,0.1659313440322876,1228
3,0.1916079819202423,1229
3,0.19093799591064453,1230
3,0.12116696685552597,1231
3,0.13522107899188995,1232
3,0.14708031713962555,1233
3,0.16867277026176453,1234
3,0.16903509199619293,1235
3,0.20455805957317352,1236
3,0.19017082452774048,1237
3,0.1689942330121994,1238
3,0.10045966506004333,1239
3,0.10627709329128265,1240
3,0.12729056179523468,1241
3,0.12910550832748413,1242
3,0.12969374656677246,1243
3,0.20496827363967896,1244
3,0.17075233161449432,1245
3,0.10775245726108551,1246
3,0.10593990236520767,1247
3,0.1156645193696022,1248
3,0.20563913881778717,1249
3,0.19112944602966309,1250
3,0.10794532299041748,1251
3,0.12873497605323792,1252
3,0.20615129172801971,1253
3,0.1427346169948578,1254
3,0.1548338085412979,1255
3,0.17180927097797394,1256
3,0.12978675961494446,1257
3,0.1487196385860443,1258
3,0.17808108031749725,1259
3,0.18108227849006653,1260
3,0.18946121633052826,1261
3,0.20634585618972778,1262
3,0.20601998269557953,1263
3,0.11233563721179962,1264
3,0.1325184404850006,1265
3,0.20560511946678162,1266
3,0.11049117147922516,1267
3,0.10629589855670929,1268
1,0.10136662423610687,1269
3,0.21273653209209442,1270
3,0.20818693935871124,1271
3,0.15720109641551971,1272
3,0.17053984105587006,1273
3,0.20807011425495148,1274
3,0.21249456703662872,1275
3,0.17578406631946564,1276
1,0.10444417595863342,1277
1,0.11749948561191559,1278
3,0.20433415472507477,1279
3,0.20649412274360657,1280
3,0.19599466025829315,1281
3,0.19456082582473755,1282
3,0.19362811744213104,1283
3,0.12621746957302094,1284
3,0.13389165699481964,1285
3,0.1529323160648346,1286
3,0.16882123053073883,1287
3,0.2057914137840271,1288
3,0.134739488363266,1289
3,0.19208012521266937,1290
3,0.19722236692905426,1291
3,0.19658862054347992,1292
3,0.10780313611030579,1293
3,0.17141708731651306,1294
3,0.20679932832717896,1295
3,0.22100064158439636,1296
3,0.1380612999200821,1297
3,0.15039825439453125,1298
3,0.16752910614013672,1299
3,0.21941319108009338,1300
3,0.10969042032957077,1301
3,0.17362311482429504,1302
3,0.22386300563812256,1303
3,0.14711801707744598,1304
3,0.1853531450033188,1305
3,0.22266769409179688,1306
3,0.22458651661872864,1307
3,0.15291552245616913,1308
3,0.18583033978939056,1309
3,0.2142910659313202,1310
3,0.20125071704387665,1311
3,0.13922478258609772,1312
3,0.14789576828479767,1313
3,0.2070956528186798,1314
3,0.2238357663154602,1315
3,0.20469875633716583,1316
3,0.18558673560619354,1317
3,0.21304334700107574,1318
3,0.20214584469795227,1319
3,0.19756415486335754,1320
3,0.2164994776248932,1321
3,0.1287839114665985,1322
3,0.22433003783226013,1323
3,0.22539936006069183,1324
3,0.20150664448738098,1325
3,0.22166381776332855,1326
3,0.21930155158042908,1327
3,0.2029964029788971,1328
3,0.18225541710853577,1329
3,0.13423371315002441,1330
3,0.16021987795829773,1331
2,0.15967068076133728,1332
4,0.1599017232656479,1333
3,0.18867678940296173,1334
3,0.22912093997001648,1335
3,0.1827031373977661,1336
3,0.18054746091365814,1337
3,0.21657522022724152,1338
3,0.2052372545003891,1339
3,0.22200274467468262,1340
3,0.16496068239212036,1341
1,0.08754438161849976,1342
3,0.18141750991344452,1343
3,0.20167458057403564,1344
3,0.20864532887935638,1345
3,0.11785153299570084,1346
3,0.111179418861866,1347
3,0.1609136462211609,1348
3,0.18320971727371216,1349
3,0.2229127287864685,1350
3,0.2204807847738266,1351
3,0.16114424169063568,1352
3,0.15539048612117767,1353
3,0.13182303309440613,1354
3,0.1614699810743332,1355
3,0.15464544296264648,1356
1,0.11034896224737167,1357
3,0.1480163335800171,1358
3,0.1595190316438675,1359
3,0.20747242867946625,1360
3,0.20509879291057587,1361
3,0.12869969010353088,1362
3,0.14828763902187347,1363
4,0.16202649474143982,1364
3,0.14457009732723236,1365
3,0.19845150411128998,1366
1,0.10402114689350128,1367
1,0.18550662696361542,1368
3,0.13283446431159973,1369
3,0.1264859288930893,1370
3,0.12318834662437439,1371
3,0.11226709187030792,1372
3,0.2044151872396469,1373
3,0.20661884546279907,1374
3,0.15791761875152588,1375
1,0.10186196118593216,1376
3,0.23033985495567322,1377
3,0.2130630761384964,1378
3,0.206182062625885,1379
3,0.10333798080682755,1380
3,0.16085593402385712,1381
3,0.19829805195331573,1382
3,0.20840178430080414,1383
3,0.2067595273256302,1384
3,0.13405166566371918,1385
3,0.15214623510837555,1386
3,0.2282627522945404,1387
3,0.2325659990310669,1388
3,0.2282802015542984,1389
3,0.128714919090271,1390
2,0.15235958993434906,1391
3,0.10587843507528305,1392
3,0.15265633165836334,1393
3,0.2016524374485016,1394
3,0.15697583556175232,1395
3,0.12638162076473236,1396
3,0.15315820276737213,1397
3,0.15729105472564697,1398
3,0.22969740629196167,1399
3,0.19077354669570923,1400
3,0.16065523028373718,1401
3,0.22709693014621735,1402
3,0.2357298731803894,1403
3,0.21419119834899902,1404
3,0.2103089690208435,1405
3,0.21863389015197754,1406
3,0.23293660581111908,1407
3,0.21740244328975677,1408
3,0.22105121612548828,1409
3,0.13720379769802094,1410
3,0.11103664338588715,1411
1,0.15409357845783234,1412
3,0.2291865199804306,1413
1,0.09256219118833542,1414
3,0.16231539845466614,1415
3,0.1962595134973526,1416
3,0.2143033891916275,1417
3,0.1562047302722931,1418
3,0.14911432564258575,1419
3,0.16409742832183838,1420
3,0.14983530342578888,1421
3,0.11587395519018173,1422
3,0.2115582972764969,1423
3,0.1136675626039505,1424
3,0.11335477232933044,1425
3,0.135163813829422,1426
3,0.21486422419548035,1427
3,0.24277080595493317,1428
3,0.21793290972709656,1429
3,0.14793121814727783,1430
3,0.19633373618125916,1431
3,0.19359882175922394,1432
1,0.16979505121707916,1433
3,0.2390340119600296,1434
3,0.24163730442523956,1435
3,0.14266672730445862,1436
3,0.14650003612041473,1437
3,0.22157855331897736,1438
3,0.19574882090091705,1439
3,0.21729235351085663,1440
3,0.16848140954971313,1441
1,0.1943468153476715,1442
3,0.23341421782970428,1443
3,0.1654253751039505,1444
3,0.13149817287921906,1445
3,0.12137024104595184,1446
3,0.14607931673526764,1447
3,0.17034003138542175,1448
3,0.21252329647541046,1449
3,0.24990448355674744,1450
3,0.1587202101945877,1451
3,0.22671835124492645,1452
3,0.20038889348506927,1453
3,0.17106561362743378,1454
3,0.20064587891101837,1455
3,0.22756856679916382,1456
3,0.21968668699264526,1457
3,0.21795055270195007,1458
3,0.11055921763181686,1459
3,0.2084037810564041,1460
3,0.22280535101890564,1461
3,0.24381721019744873,1462
3,0.1838308572769165,1463
3,0.1595611870288849,1464
3,0.16029009222984314,1465
3,0.1743888109922409,1466
3,0.22685028612613678,1467
3,0.2247089296579361,1468
3,0.22308240830898285,1469
3,0.15994258224964142,1470
3,0.23861576616764069,1471
1,0.11777140945196152,1472
3,0.24534928798675537,1473
3,0.1824774146080017,1474
3,0.20123519003391266,1475
3,0.21192188560962677,1476
3,0.24461829662322998,1477
3,0.2481878697872162,1478
3,0.12116776406764984,1479
3,0.12222491949796677,1480
3,0.21606072783470154,1481
3,0.20331048965454102,1482
3,0.24102477729320526,1483
3,0.24422647058963776,1484
3,0.10784595459699631,1485
3,0.13560909032821655,1486
3,0.14299345016479492,1487
3,0.1668473184108734,1488
1,0.1157396137714386,1489
3,0.14617039263248444,1490
3,0.15098941326141357,1491
3,0.15744206309318542,1492
3,0.16168798506259918,1493
3,0.22683171927928925,1494
3,0.14650565385818481,1495
3,0.14674074947834015,1496
3,0.22753873467445374,1497
3,0.16169528663158417,1498
3,0.12303755432367325,1499
3,0.14393824338912964,1500
3,0.16769078373908997,1501
3,0.17991109192371368,1502
3,0.21077145636081696,1503
3,0.2285250574350357,1504
3,0.22862429916858673,1505
3,0.22342745959758759,1506
3,0.14413444697856903,1507
3,0.25438374280929565,1508
3,0.1262112557888031,1509
3,0.20925496518611908,1510
3,0.2558697462081909,1511
3,0.21878446638584137,1512
3,0.1626940220594406,1513
3,0.12520097196102142,1514
3,0.15715879201889038,1515
3,0.16712625324726105,1516
3,0.24938449263572693,1517
3,0.2151705026626587,1518
3,0.25487974286079407,1519
3,0.17006608843803406,1520
3,0.19947312772274017,1521
3,0.22734548151493073,1522
3,0.1638382524251938,1523
1,0.10421472787857056,1524
3,0.1559165120124817,1525
3,0.15814293920993805,1526
1,0.14162753522396088,1527
3,0.1345406472682953,1528
1,0.1173609048128128,1529
3,0.1594916731119156,1530
3,0.24343210458755493,1531
3,0.240639328956604,1532
3,0.13522756099700928,1533
3,0.1271987408399582,1534
3,0.13376808166503906,1535
3,0.18970805406570435,1536
3,0.21212081611156464,1537
3,0.25520581007003784,1538
3,0.26563769578933716,1539
3,0.26294609904289246,1540
3,0.2318161576986313,1541
3,0.14797227084636688,1542
3,0.24261696636676788,1543
1,0.11913474649190903,1544
3,0.2433185577392578,1545
3,0.23207874596118927,1546
3,0.2378881722688675,1547
1,0.03493651747703552,1548
3,0.14722485840320587,1549
3,0.2109387218952179,1550
3,0.2363530397415161,1551
3,0.14628422260284424,1552
3,0.14834515750408173,1553
1,0.12013570219278336,1554
3,0.1455364227294922,1555
3,0.16116724908351898,1556
3,0.1961909383535385,1557
3,0.20698750019073486,1558
3,0.26262959837913513,1559
3,0.23399221897125244,1560
3,0.22806012630462646,1561
3,0.1318538784980774,1562
3,0.14178983867168427,1563
3,0.1452595740556717,1564
3,0.24095171689987183,1565
3,0.22493219375610352,1566
3,0.18535862863063812,1567
3,0.18245181441307068,1568
3,0.11478719860315323,1569
1,0.09996894001960754,1570
3,0.1425413191318512,1571
2,0.1449776291847229,1572
3,0.17060673236846924,1573
3,0.2602694034576416,1574
3,0.1830292046070099,1575
3,0.18312321603298187,1576
3,0.1326804906129837,1577
3,0.1534193456172943,1578
3,0.26123666763305664,1579
3,0.2059027999639511,1580
3,0.14085496962070465,1581
3,0.1444985419511795,1582
3,0.22906340658664703,1583
3,0.21385718882083893,1584
1,0.10862505435943604,1585
3,0.10951969027519226,1586
3,0.14245304465293884,1587
3,0.15450431406497955,1588
3,0.13626253604888916,1589
3,0.19420990347862244,1590
3,0.2441357523202896,1591
3,0.22856971621513367,1592
3,0.20829826593399048,1593
3,0.1857343316078186,1594
1,0.10381730645895004,1595
3,0.13484244048595428,1596
3,0.23206639289855957,1597
3,0.13521860539913177,1598
3,0.16530762612819672,1599
3,0.21138295531272888,1600
3,0.24829117953777313,1601
3,0.22777059674263,1602
3,0.1870434284210205,1603
3,0.18600066006183624,1604
2,0.13379377126693726,1605
4,0.13396503031253815,1606
3,0.17322945594787598,1607
3,0.18257549405097961,1608
3,0.2580329477787018,1609
3,0.1459217220544815,1610
3,0.18539316952228546,1611
1,0.1814035326242447,1612
3,0.1977083534002304,1613
3,0.2466704547405243,1614
3,0.214257150888443,1615
3,0.2571661174297333,1616
3,0.19345176219940186,1617
3,0.2707991302013397,1618
3,0.2832285165786743,1619
3,0.19075676798820496,1620
3,0.28397783637046814,1621
3,0.25380340218544006,1622
3,0.2319699078798294,1623
3,0.15755648910999298,1624
3,0.18691061437129974,1625
3,0.13080506026744843,1626
3,0.22487778961658478,1627
3,0.22599409520626068,1628
3,0.18579182028770447,1629
3,0.13605478405952454,1630
3,0.17038944363594055,1631
3,0.22902320325374603,1632
3,0.19722235202789307,1633
3,0.23524589836597443,1634
3,0.2636810541152954,1635
3,0.1901051551103592,1636
3,0.21515336632728577,1637
1,0.1874864548444748,1638
3,0.2589472830295563,1639
3,0.1494372934103012,1640
3,0.19137749075889587,1641
3,0.1900937557220459,1642
1,0.0950235053896904,1643
3,0.1496489942073822,1644
3,0.21634691953659058,1645
3,0.26099008321762085,1646
3,0.2209542989730835,1647
3,0.28232458233833313,1648
3,0.21737121045589447,1649
3,0.2597545385360718,1650
3,0.21660293638706207,1651
1,0.13392406702041626,1652
3,0.12570124864578247,1653
3,0.12646210193634033,1654
3,0.14779892563819885,1655
3,0.21724915504455566,1656
3,0.25675684213638306,1657
3,0.2636910378932953,1658
3,0.23342089354991913,1659
3,0.2508799731731415,1660
3,0.17421475052833557,1661
3,0.2068137675523758,1662
3,0.25283482670783997,1663
3,0.25769948959350586,1664
3,0.2772725820541382,1665
3,0.2620118260383606,1666
3,0.2623324990272522,1667
3,0.17209352552890778,1668
3,0.12370064854621887,1669
3,0.25984102487564087,1670
3,0.23660241067409515,1671
3,0.26103097200393677,1672
3,0.12914307415485382,1673
3,0.2932809293270111,1674
3,0.30108553171157837,1675
3,0.2966268062591553,1676
3,0.26273149251937866,1677
3,0.25935131311416626,1678
4,0.2702791094779968,1679
3,0.2745872735977173,1680
3,0.12144047766923904,1681
3,0.3041880428791046,1682
3,0.12123803794384003,1683
3,0.1296287178993225,1684
2,0.3286827802658081,1685
3,0.2695828974246979,1686
3,0.28252270817756653,1687
3,0.2697630524635315,1688
4,0.14632487297058105,1689
3,0.23546317219734192,1690
3,0.1150347962975502,1691
3,0.1268807053565979,1692
3,0.19346262514591217,1693
3,0.12780414521694183,1694
3,0.20547552406787872,1695
1,0.10116821527481079,1696
3,0.24043507874011993,1697
3,0.2928759455680847,1698
3,0.3118152320384979,1699
3,0.2693563997745514,1700
3,0.2648187577724457,1701
3,0.20852597057819366,1702
3,0.31688106060028076,1703
3,0.2953280806541443,1704
3,0.19786128401756287,1705
3,0.3182634711265564,1706
3,0.3071761131286621,1707
3,0.15623913705348969,1708
3,0.2422734647989273,1709
3,0.1318093240261078,1710
3,0.1365058869123459,1711
3,0.13981765508651733,1712
3,0.18436403572559357,1713
3,0.18538573384284973,1714
3,0.2908472716808319,1715
3,0.14426080882549286,1716
3,0.18216413259506226,1717
3,0.2583138048648834,1718
1,0.15927152335643768,1719
3,0.325441837310791,1720
3,0.3176674544811249,1721
3,0.2814946472644806,1722
3,0.2380310595035553,1723
3,0.2921435832977295,1724
3,0.2936781048774719,1725
3,0.2754175364971161,1726
3,0.23904496431350708,1727
3,0.28434669971466064,1728
3,0.160274475812912,1729
3,0.27668851613998413,1730
3,0.277393102645874,1731
3,0.18054962158203125,1732
3,0.1174130067229271,1733
3,0.24735373258590698,1734
3,0.29218414425849915,1735
3,0.2783927917480469,1736
2,0.11493726819753647,1737
3,0.17172056436538696,1738
3,0.33389008045196533,1739
3,0.31641826033592224,1740
3,0.21505926549434662,1741
3,0.15173214673995972,1742
3,0.1776721328496933,1743
4,0.1836911290884018,1744
3,0.1788485050201416,1745
3,0.29204261302948,1746
3,0.2805471122264862,1747
3,0.21586008369922638,1748
3,0.14536762237548828,1749
3,0.163331538438797,1750
3,0.3411373496055603,1751
3,0.299486368894577,1752
3,0.24476881325244904,1753
3,0.11929729580879211,1754
3,0.1423494517803192,1755
3,0.18012502789497375,1756
3,0.25245004892349243,1757
3,0.3368951380252838,1758
4,0.34484758973121643,1759
3,0.30913615226745605,1760
3,0.23338374495506287,1761
3,0.139154314994812,1762
2,0.30884912610054016,1763
3,0.3432147800922394,1764
3,0.28618839383125305,1765
3,0.23933982849121094,1766
3,0.25271931290626526,1767
3,0.13494637608528137,1768
3,0.13769686222076416,1769
3,0.2708011865615845,1770
3,0.3468010127544403,1771
3,0.2979966104030609,1772
3,0.1576293557882309,1773
2,0.30797019600868225,1774
3,0.2824290096759796,1775
3,0.19060195982456207,1776
3,0.3004198968410492,1777
3,0.28416576981544495,1778
3,0.2274037003517151,1779
3,0.22501614689826965,1780
3,0.13180164992809296,1781
3,0.2894214689731598,1782
3,0.22507798671722412,1783
3,0.3566194176673889,1784
3,0.2853585481643677,1785
3,0.2905118763446808,1786
3,0.17834706604480743,1787
3,0.2791973650455475,1788
3,0.28416508436203003,1789
4,0.1639876812696457,1790
3,0.361095130443573,1791
3,0.32999762892723083,1792
1,0.11250784993171692,1793
1,0.12848778069019318,1794
3,0.22751860320568085,1795
3,0.1284116953611374,1796
3,0.1750139594078064,1797
3,0.3059960901737213,1798
4,0.3097183108329773,1799
2,0.3086436986923218,1800
3,0.2693096697330475,1801
3,0.11302974075078964,1802
3,0.3107738494873047,1803
3,0.3043144643306732,1804
3,0.29898637533187866,1805
3,0.11731808632612228,1806
3,0.30400389432907104,1807
3,0.20687562227249146,1808
3,0.20366881787776947,1809
3,0.11625920981168747,1810
3,0.11922292411327362,1811
3,0.20311279594898224,1812
3,0.2652394771575928,1813
2,0.31445127725601196,1814
3,0.3071190118789673,1815
2,0.3803494870662689,1816
3,0.20587091147899628,1817
3,0.1694827526807785,1818
3,0.2669998109340668,1819
3,0.23001445829868317,1820
3,0.1224031075835228,1821
1,0.11689594388008118,1822
3,0.32079359889030457,1823
3,0.30155667662620544,1824
4,0.17100228369235992,1825
3,0.19226601719856262,1826
3,0.2367049902677536,1827
3,0.2964800298213959,1828
3,0.2676571309566498,1829
3,0.2014654129743576,1830
3,0.16495567560195923,1831
3,0.2734694480895996,1832
3,0.2349568009376526,1833
3,0.21063901484012604,1834
3,0.3135581910610199,1835
3,0.30585977435112,1836
3,0.30494949221611023,1837
3,0.1642322987318039,1838
3,0.19076338410377502,1839
2,0.3212703764438629,1840
3,0.2963261604309082,1841
3,0.30236950516700745,1842
3,0.21133294701576233,1843
3,0.3232094347476959,1844
3,0.31045737862586975,1845
3,0.2202414870262146,1846
3,0.3300325274467468,1847
3,0.30793359875679016,1848
3,0.2036258727312088,1849
2,0.3857434391975403,1850
3,0.3315349817276001,1851
3,0.30204448103904724,1852
3,0.3203544318675995,1853
3,0.24515417218208313,1854
3,0.20564192533493042,1855
3,0.3347063660621643,1856
3,0.3167768716812134,1857
3,0.22063252329826355,1858
3,0.19603922963142395,1859
3,0.2074781060218811,1860
3,0.12519291043281555,1861
3,0.3123902380466461,1862
3,0.31324857473373413,1863
3,0.2764926254749298,1864
3,0.27465787529945374,1865
3,0.24436666071414948,1866
1,0.12706080079078674,1867
3,0.16807973384857178,1868
3,0.20747043192386627,1869
3,0.21214815974235535,1870
3,0.32239577174186707,1871
3,0.24584724009037018,1872
3,0.21539579331874847,1873
3,0.21115785837173462,1874
3,0.30982139706611633,1875
3,0.23794032633304596,1876
3,0.22744739055633545,1877
3,0.10267123579978943,1878
2,0.12014562636613846,1879
1,0.13251012563705444,1880
3,0.32647982239723206,1881
3,0.2104433923959732,1882
3,0.20747433602809906,1883
1,0.04511513561010361,1884
4,0.20731066167354584,1885
3,0.21170470118522644,1886
3,0.2261788249015808,1887
3,0.2851114571094513,1888
3,0.19789083302021027,1889
3,0.13027919828891754,1890
3,0.2123132199048996,1891
3,0.22692888975143433,1892
3,0.32352811098098755,1893
3,0.33237749338150024,1894
3,0.21154536306858063,1895
3,0.13057181239128113,1896
3,0.21312084794044495,1897
3,0.2518835663795471,1898
3,0.20469820499420166,1899
3,0.2150161862373352,1900
3,0.18824180960655212,1901
3,0.18503905832767487,1902
3,0.18865185976028442,1903
3,0.21483173966407776,1904
3,0.1504223644733429,1905
3,0.1645134836435318,1906
3,0.21649634838104248,1907
3,0.214299276471138,1908
3,0.2886711359024048,1909
3,0.25642210245132446,1910
4,0.1834041029214859,1911
2,0.1816702038049698,1912
3,0.2112712264060974,1913
3,0.21314246952533722,1914
3,0.21755485236644745,1915
3,0.24262502789497375,1916
3,0.3181612491607666,1917
2,0.39287465810775757,1918
3,0.18400037288665771,1919
4,0.33724015951156616,1920
3,0.2914266884326935,1921
3,0.20963120460510254,1922
3,0.12535828351974487,1923
3,0.339531272649765,1924
3,0.23392248153686523,1925
3,0.34667643904685974,1926
3,0.340910941362381,1927
3,0.29420626163482666,1928
3,0.22280004620552063,1929
3,0.22346192598342896,1930
3,0.3333272635936737,1931
3,0.2260141670703888,1932
1,0.11631736159324646,1933
3,0.1805005520582199,1934
3,0.21563461422920227,1935
3,0.23786889016628265,1936
3,0.21633106470108032,1937
3,0.31603312492370605,1938
3,0.34796562790870667,1939
3,0.12725618481636047,1940
3,0.23965802788734436,1941
3,0.3390204608440399,1942
2,0.3470856547355652,1943
3,0.2409835159778595,1944
3,0.2692587971687317,1945
3,0.2623990774154663,1946
1,0.1821357011795044,1947
3,0.125868022441864,1948
3,0.3652264475822449,1949
3,0.19532658159732819,1950
3,0.2570410966873169,1951
3,0.2564333379268646,1952
3,0.37218067049980164,1953
3,0.11246302723884583,1954
3,0.12102166563272476,1955
3,0.1721881926059723,1956
3,0.3424735367298126,1957
3,0.3753114640712738,1958
3,0.34380072355270386,1959
3,0.36232495307922363,1960
3,0.3197391927242279,1961
3,0.158925861120224,1962
3,0.3221248686313629,1963
3,0.11941051483154297,1964
2,0.3574680984020233,1965
3,0.1608297973871231,1966
3,0.13615766167640686,1967
1,0.13168708980083466,1968
3,0.211465984582901,1969
3,0.24937428534030914,1970
3,0.32750239968299866,1971
3,0.2817854881286621,1972
3,0.2432631254196167,1973
3,0.16697649657726288,1974
1,0.11291752010583878,1975
3,0.15261919796466827,1976
3,0.13748537003993988,1977
3,0.2169448882341385,1978
3,0.23194830119609833,1979
3,0.4021669924259186,1980
3,0.39865732192993164,1981
3,0.24095496535301208,1982
3,0.12540830671787262,1983
3,0.16397517919540405,1984
3,0.22463977336883545,1985
3,0.23145419359207153,1986
2,0.4089808464050293,1987
3,0.38784894347190857,1988
3,0.2875494360923767,1989
3,0.14092916250228882,1990
3,0.16337141394615173,1991
3,0.3393614590167999,1992
3,0.12917934358119965,1993
3,0.26326319575309753,1994
3,0.34159907698631287,1995
3,0.3370753824710846,1996
3,0.11451128870248795,1997
3,0.12637583911418915,1998
2,0.4110410213470459,1999
3,0.39442184567451477,2000
1,0.10583800822496414,2001
3,0.256570041179657,2002
3,0.3960840702056885,2003
3,0.3478448987007141,2004
3,0.24546001851558685,2005
3,0.2763059139251709,2006
3,0.2843073606491089,2007
3,0.24304264783859253,2008
3,0.35327431559562683,2009
3,0.13404232263565063,2010
3,0.2156631499528885,2011
3,0.21914808452129364,2012
3,0.2630637586116791,2013
3,0.32509616017341614,2014
3,0.22608959674835205,2015
3,0.13716712594032288,2016
3,0.27962827682495117,2017
3,0.1297467052936554,2018
3,0.3564121425151825,2019
2,0.4152241349220276,2020
3,0.356456458568573,2021
3,0.2654976546764374,2022
3,0.18723280727863312,2023
3,0.36030077934265137,2024
2,0.379731148481369,2025
3,0.2820534408092499,2026
3,0.2375432252883911,2027
3,0.19318608939647675,2028
3,0.1569374054670334,2029
3,0.17400342226028442,2030
3,0.18021899461746216,2031
3,0.1855461597442627,2032
3,0.4093727171421051,2033
3,0.21118780970573425,2034
3,0.4119301736354828,2035
3,0.39275988936424255,2036
3,0.16227486729621887,2037
3,0.17488959431648254,2038
3,0.17043522000312805,2039
3,0.20995907485485077,2040
3,0.23393429815769196,2041
3,0.2243231236934662,2042
2,0.4189043939113617,2043
3,0.29523223638534546,2044
3,0.23473934829235077,2045
3,0.31269386410713196,2046
1,0.10677272081375122,2047
2,0.419982373714447,2048
3,0.11792347580194473,2049
3,0.16450472176074982,2050
3,0.25340089201927185,2051
3,0.2808678448200226,2052
3,0.2692030668258667,2053
3,0.291229784488678,2054
3,0.2879680395126343,2055
3,0.3309400975704193,2056
2,0.42131224274635315,2057
3,0.2281961739063263,2058
1,0.11055377125740051,2059
3,0.11933895200490952,2060
3,0.2390865534543991,2061
3,0.2920515239238739,2062
3,0.1347803771495819,2063
3,0.291348397731781,2064
3,0.2306656688451767,2065
3,0.11214277893304825,2066
3,0.13997158408164978,2067
3,0.2231910079717636,2068
2,0.39618054032325745,2069
3,0.12668107450008392,2070
3,0.21972344815731049,2071
3,0.39431384205818176,2072
2,0.12094851583242416,2073
3,0.22875353693962097,2074
3,0.2980034351348877,2075
3,0.11426423490047455,2076
3,0.1751052439212799,2077
3,0.21863432228565216,2078
3,0.2194383591413498,2079
3,0.32724127173423767,2080
3,0.12254302203655243,2081
3,0.2308572381734848,2082
1,0.18007728457450867,2083
3,0.2361798882484436,2084
3,0.2942134141921997,2085
3,0.3052198588848114,2086
3,0.2406519204378128,2087
2,0.4281950294971466,2088
3,0.3061659038066864,2089
3,0.17912910878658295,2090
3,0.21286416053771973,2091
3,0.35615116357803345,2092
3,0.32866913080215454,2093
3,0.15699848532676697,2094
3,0.17446579039096832,2095
3,0.25075289607048035,2096
3,0.30187392234802246,2097
3,0.33144018054008484,2098
3,0.31266191601753235,2099
3,0.28027182817459106,2100
1,0.09484154731035233,2101
3,0.22630266845226288,2102
2,0.30192288756370544,2103
3,0.34036314487457275,2104
3,0.15566015243530273,2105
3,0.2562694251537323,2106
4,0.3046799600124359,2107
3,0.12130805104970932,2108
3,0.160812646150589,2109
3,0.26014894247055054,2110
3,0.1889069527387619,2111
3,0.16179785132408142,2112
3,0.308491975069046,2113
3,0.30708956718444824,2114
3,0.24293217062950134,2115
3,0.3018643856048584,2116
1,0.14813470840454102,2117
3,0.190916046500206,2118
3,0.19524437189102173,2119
3,0.30139634013175964,2120
3,0.24723723530769348,2121
3,0.3166089653968811,2122
3,0.13361550867557526,2123
3,0.3314768671989441,2124
3,0.1427396833896637,2125
3,0.25125569105148315,2126
3,0.31285950541496277,2127
2,0.40893134474754333,2128
3,0.28199347853660583,2129
3,0.17509208619594574,2130
3,0.3120838403701782,2131
3,0.22573094069957733,2132
3,0.12409800291061401,2133
3,0.2550884783267975,2134
3,0.277229368686676,2135
3,0.19943511486053467,2136
3,0.12826046347618103,2137
3,0.17641186714172363,2138
3,0.23615486919879913,2139
3,0.3852975070476532,2140
3,0.21279869973659515,2141
3,0.2501484453678131,2142
3,0.3703964948654175,2143
3,0.3892876207828522,2144
3,0.2870646119117737,2145
3,0.2289254367351532,2146
1,0.050898872315883636,2147
3,0.218825101852417,2148
3,0.22993534803390503,2149
3,0.1909267008304596,2150
3,0.14694666862487793,2151
3,0.19145850837230682,2152
3,0.19504359364509583,2153
3,0.20600393414497375,2154
3,0.292649507522583,2155
3,0.2903587520122528,2156
3,0.2699747085571289,2157
3,0.26024699211120605,2158
3,0.23231403529644012,2159
3,0.231305330991745,2160
3,0.22509026527404785,2161
3,0.24452847242355347,2162
2,0.4239795207977295,2163
3,0.2600803077220917,2164
3,0.2545571029186249,2165
3,0.29069578647613525,2166
3,0.22704190015792847,2167
3,0.272638201713562,2168
3,0.27183449268341064,2169
3,0.20938359200954437,2170
3,0.21052858233451843,2171
3,0.13722775876522064,2172
3,0.28909528255462646,2173
3,0.21638016402721405,2174
3,0.18021456897258759,2175
3,0.3007497191429138,2176
3,0.21741941571235657,2177
1,0.2860119342803955,2178
3,0.28703436255455017,2179
3,0.1500583440065384,2180
3,0.39264190196990967,2181
3,0.2858802378177643,2182
3,0.15039703249931335,2183
3,0.30443331599235535,2184
3,0.24253875017166138,2185
3,0.20126453042030334,2186
3,0.2677188217639923,2187
3,0.23380734026432037,2188
3,0.203721821308136,2189
3,0.254458487033844,2190
2,0.41011184453964233,2191
3,0.28131410479545593,2192
3,0.2563367187976837,2193
3,0.2580040693283081,2194
3,0.22788821160793304,2195
1,0.085625059902668,2196
3,0.21565279364585876,2197
3,0.1877932846546173,2198
2,0.14836786687374115,2199
3,0.30145320296287537,2200
3,0.09281989932060242,2201
3,0.140207439661026,2202
3,0.2397621124982834,2203
3,0.22093963623046875,2204
3,0.13946542143821716,2205
3,0.2250211089849472,2206
3,0.17085517942905426,2207
4,0.15175144374370575,2208
2,0.0929432362318039,2209
3,0.0990520790219307,2210
2,0.1519470363855362,2211
3,0.15497475862503052,2212
3,0.32625022530555725,2213
3,0.30725571513175964,2214
3,0.25882688164711,2215
3,0.24360765516757965,2216
3,0.14633548259735107,2217
3,0.15827341377735138,2218
3,0.15300042927265167,2219
3,0.17554797232151031,2220
3,0.25585734844207764,2221
3,0.25073346495628357,2222
3,0.23747441172599792,2223
3,0.13230283558368683,2224
3,0.1610606461763382,2225
3,0.2792205810546875,2226
3,0.1614132523536682,2227
3,0.17206452786922455,2228
3,0.17167149484157562,2229
3,0.3401716947555542,2230
2,0.4112992286682129,2231
3,0.24339893460273743,2232
3,0.19828803837299347,2233
3,0.13602833449840546,2234
2,0.17127637565135956,2235
3,0.26558437943458557,2236
3,0.19947311282157898,2237
3,0.14046050608158112,2238
3,0.17059776186943054,2239
3,0.21569156646728516,2240
3,0.2683839499950409,2241
3,0.3918774127960205,2242
3,0.2309100180864334,2243
3,0.230723574757576,2244
3,0.2495853304862976,2245
3,0.12611988186836243,2246
3,0.1423034369945526,2247
3,0.2481839656829834,2248
3,0.34346961975097656,2249
3,0.23455967009067535,2250
3,0.2210763543844223,2251
3,0.20416612923145294,2252
3,0.2398824244737625,2253
3,0.12204264104366302,2254
3,0.22396992146968842,2255
3,0.31544938683509827,2256
2,0.15085533261299133,2257
3,0.21045000851154327,2258
3,0.2317851334810257,2259
3,0.4041873514652252,2260
2,0.41149383783340454,2261
3,0.12436243146657944,2262
1,0.10837531834840775,2263
3,0.12332934886217117,2264
3,0.12312816828489304,2265
3,0.21431097388267517,2266
3,0.26165518164634705,2267
1,0.16389188170433044,2268
2,0.12292327731847763,2269
3,0.21308735013008118,2270
3,0.34423673152923584,2271
3,0.3530443012714386,2272
3,0.24931944906711578,2273
3,0.25169774889945984,2274
1,0.1346406787633896,2275
3,0.3990156948566437,2276
3,0.12257423251867294,2277
1,0.18665587902069092,2278
3,0.3770652711391449,2279
3,0.200542613863945,2280
3,0.38099730014801025,2281
3,0.26637932658195496,2282
3,0.1595352590084076,2283
3,0.14475131034851074,2284
3,0.3843686878681183,2285
3,0.40480977296829224,2286
3,0.21903079748153687,2287
2,0.4128277599811554,2288
3,0.2570522129535675,2289
3,0.15588636696338654,2290
3,0.2062678188085556,2291
3,0.22937259078025818,2292
3,0.2248826026916504,2293
1,0.1431770920753479,2294
3,0.2433040887117386,2295
3,0.24853196740150452,2296
3,0.2750396430492401,2297
3,0.21331670880317688,2298
3,0.23508203029632568,2299
3,0.2484174519777298,2300
3,0.23156096041202545,2301
1,0.06121382862329483,2302
3,0.2461933195590973,2303
3,0.3566374182701111,2304
1,0.16947993636131287,2305
3,0.16534815728664398,2306
3,0.2434568554162979,2307
3,0.3435180187225342,2308
3,0.35157158970832825,2309
3,0.3613567650318146,2310
2,0.41278719902038574,2311
3,0.2287093549966812,2312
3,0.2728586792945862,2313
3,0.28434044122695923,2314
3,0.20931564271450043,2315
3,0.2832345962524414,2316
3,0.3031533360481262,2317
3,0.2858704924583435,2318
3,0.16893142461776733,2319
3,0.22579479217529297,2320
3,0.1605568826198578,2321
3,0.18549519777297974,2322
3,0.39352449774742126,2323
3,0.2414943277835846,2324
3,0.1922157108783722,2325
3,0.11814174056053162,2326
3,0.3729170858860016,2327
3,0.15897570550441742,2328
3,0.35219475626945496,2329
2,0.4137931168079376,2330
3,0.19301959872245789,2331
3,0.12573570013046265,2332
3,0.2493903934955597,2333
3,0.11580651253461838,2334
3,0.16907437145709991,2335
3,0.24568934738636017,2336
3,0.2510671615600586,2337
3,0.16545625030994415,2338
3,0.24741454422473907,2339
3,0.25882065296173096,2340
3,0.2517269253730774,2341
3,0.24583356082439423,2342
3,0.25466659665107727,2343
3,0.3444967567920685,2344
2,0.15730512142181396,2345
3,0.2881496250629425,2346
3,0.2732996642589569,2347
1,0.07492060214281082,2348
1,0.03377814590930939,2349
3,0.30803635716438293,2350
3,0.289737343788147,2351
3,0.17160147428512573,2352
3,0.16540926694869995,2353
3,0.26124307513237,2354
3,0.29654350876808167,2355
2,0.41524121165275574,2356
2,0.31918004155158997,2357
1,0.08156261593103409,2358
1,0.04850108548998833,2359
1,0.14077983796596527,2360
3,0.303968608379364,2361
3,0.20605070888996124,2362
3,0.1743728518486023,2363
3,0.17488901317119598,2364
1,0.12122442573308945,2365
3,0.16820524632930756,2366
3,0.1572614312171936,2367
3,0.26327091455459595,2368
3,0.1165589913725853,2369
3,0.22140608727931976,2370
3,0.22510874271392822,2371
1,0.1167830377817154,2372
3,0.13071562349796295,2373
3,0.30226901173591614,2374
3,0.23968854546546936,2375
3,0.12531989812850952,2376
2,0.41577860713005066,2377
1,0.19095243513584137,2378
3,0.13230812549591064,2379
3,0.38972243666648865,2380
3,0.2128392904996872,2381
3,0.16637924313545227,2382
3,0.1213066354393959,2383
3,0.1287817656993866,2384
3,0.28832539916038513,2385
2,0.30788931250572205,2386
3,0.28719478845596313,2387
3,0.17141038179397583,2388
3,0.13593712449073792,2389
2,0.41529926657676697,2390
3,0.15439558029174805,2391
1,0.14357735216617584,2392
3,0.11975642293691635,2393
3,0.40098997950553894,2394
3,0.21612653136253357,2395
1,0.11220773309469223,2396
3,0.1836467981338501,2397
1,0.11246687173843384,2398
3,0.13731719553470612,2399
3,0.115848608314991,2400
3,0.27628666162490845,2401
3,0.12082076817750931,2402
3,0.21872244775295258,2403
3,0.1887778788805008,2404
3,0.41178324818611145,2405
2,0.41607701778411865,2406
1,0.12103496491909027,2407
3,0.12523066997528076,2408
3,0.3531213402748108,2409
3,0.2851904034614563,2410
3,0.3078860342502594,2411
3,0.29632776975631714,2412
3,0.4088267385959625,2413
3,0.11005035787820816,2414
3,0.23754897713661194,2415
1,0.10968231409788132,2416
1,0.2034062147140503,2417
3,0.3827005922794342,2418
1,0.1108042299747467,2419
3,0.1263337880373001,2420
2,0.4170990586280823,2421
2,0.2990346848964691,2422
3,0.3136523962020874,2423
3,0.18647736310958862,2424
3,0.17934328317642212,2425
3,0.20001567900180817,2426
1,0.11222386360168457,2427
3,0.2736247479915619,2428
3,0.2650361657142639,2429
3,0.3860984444618225,2430
3,0.3200626075267792,2431
3,0.3694598376750946,2432
3,0.20348553359508514,2433
2,0.41764140129089355,2434
3,0.19117020070552826,2435
1,0.09454695135354996,2436
3,0.20435981452465057,2437
3,0.25523608922958374,2438
3,0.23888583481311798,2439
1,0.11929240822792053,2440
3,0.3962287902832031,2441
3,0.12857477366924286,2442
3,0.27345606684684753,2443
3,0.23337802290916443,2444
3,0.2828523516654968,2445
3,0.2908288538455963,2446
3,0.2042534053325653,2447
3,0.2156931310892105,2448
3,0.27376678586006165,2449
2,0.418427973985672,2450
2,0.31339600682258606,2451
3,0.20537766814231873,2452
3,0.2771356999874115,2453
1,0.11071891337633133,2454
3,0.12950904667377472,2455
3,0.18604625761508942,2456
3,0.2571766674518585,2457
3,0.12966127693653107,2458
3,0.3487643003463745,2459
3,0.2596611976623535,2460
3,0.18575696647167206,2461
3,0.2538588345050812,2462
1,0.19568514823913574,2463
3,0.25213849544525146,2464
1,0.11319507658481598,2465
3,0.17505499720573425,2466
3,0.12215684354305267,2467
3,0.1152627095580101,2468
3,0.2509611248970032,2469
3,0.2259802371263504,2470
3,0.17426851391792297,2471
3,0.18565025925636292,2472
3,0.20662549138069153,2473
2,0.41931861639022827,2474
3,0.20162130892276764,2475
3,0.24953493475914001,2476
3,0.27270179986953735,2477
3,0.3869222104549408,2478
3,0.18097694218158722,2479
3,0.13588963449001312,2480
3,0.20704644918441772,2481
3,0.2690446674823761,2482
3,0.18712425231933594,2483
3,0.17110781371593475,2484
3,0.17018082737922668,2485
3,0.20331554114818573,2486
3,0.2182374894618988,2487
3,0.27176734805107117,2488
3,0.19366921484470367,2489
3,0.15341879427433014,2490
3,0.1564018279314041,2491
2,0.41962212324142456,2492
1,0.06897670775651932,2493
3,0.12553107738494873,2494
3,0.17643845081329346,2495
3,0.2080727517604828,2496
3,0.17611443996429443,2497
3,0.12465736269950867,2498
3,0.23057043552398682,2499
3,0.29813724756240845,2500
3,0.2990444600582123,2501
3,0.17358416318893433,2502
1,0.11853095144033432,2503
3,0.19683755934238434,2504
3,0.18613511323928833,2505
3,0.3159869909286499,2506
3,0.1411217302083969,2507
3,0.14313969016075134,2508
3,0.16491559147834778,2509
3,0.1843225210905075,2510
3,0.2517434060573578,2511
3,0.2351938635110855,2512
2,0.17087088525295258,2513
3,0.23828186094760895,2514
3,0.3316122591495514,2515
3,0.17405350506305695,2516
3,0.12879681587219238,2517
3,0.16773945093154907,2518
3,0.22469942271709442,2519
3,0.1297803670167923,2520
2,0.1292726695537567,2521
3,0.3382112979888916,2522
3,0.15229393541812897,2523
3,0.21514065563678741,2524
3,0.16991940140724182,2525
1,0.08147668838500977,2526
3,0.17547179758548737,2527
3,0.14195561408996582,2528
3,0.3705563247203827,2529
3,0.11945837736129761,2530
3,0.25778108835220337,2531
3,0.1740453839302063,2532
2,0.40852680802345276,2533
3,0.17511038482189178,2534
3,0.19912773370742798,2535
3,0.20055252313613892,2536
3,0.21731944382190704,2537
3,0.14431165158748627,2538
3,0.17339147627353668,2539
3,0.16527968645095825,2540
3,0.17266176640987396,2541
3,0.21710510551929474,2542
3,0.11839449405670166,2543
3,0.14442795515060425,2544
3,0.14498025178909302,2545
1,0.2298164963722229,2546
3,0.1317553073167801,2547
3,0.14866144955158234,2548
3,0.14839527010917664,2549
3,0.27006056904792786,2550
3,0.12085791677236557,2551
3,0.14812971651554108,2552
3,0.16595980525016785,2553
3,0.23263077437877655,2554
3,0.1829753816127777,2555
3,0.17535164952278137,2556
3,0.23349490761756897,2557
3,0.1408386379480362,2558
3,0.1894427090883255,2559
3,0.21385923027992249,2560
3,0.13907530903816223,2561
2,0.3944479525089264,2562
3,0.14669285714626312,2563
3,0.16185204684734344,2564
3,0.1475885957479477,2565
3,0.1171049252152443,2566
3,0.15615424513816833,2567
3,0.15525762736797333,2568
3,0.15931974351406097,2569
3,0.13647300004959106,2570
3,0.13410943746566772,2571
3,0.1316044181585312,2572
3,0.11929965764284134,2573
3,0.12113796174526215,2574
3,0.23135827481746674,2575
3,0.15220452845096588,2576
3,0.12508079409599304,2577
3,0.12560507655143738,2578
3,0.16757263243198395,2579
3,0.16807915270328522,2580
3,0.16879792511463165,2581
3,0.1749895066022873,2582
2,0.3844583332538605,2583
3,0.17578670382499695,2584
3,0.26565101742744446,2585
1,0.09761547297239304,2586
3,0.3147994875907898,2587
3,0.3270977735519409,2588
3,0.1352265179157257,2589
3,0.1433546543121338,2590
3,0.1431528627872467,2591
3,0.13349364697933197,2592
3,0.14803233742713928,2593
3,0.36908429861068726,2594
3,0.14709000289440155,2595
3,0.12437216192483902,2596
3,0.2348412424325943,2597
3,0.13136912882328033,2598
2,0.3770536184310913,2599
3,0.10419008880853653,2600
3,0.22725079953670502,2601
2,0.34029123187065125,2602
3,0.25088265538215637,2603
3,0.22655080258846283,2604
3,0.14854851365089417,2605
3,0.23228231072425842,2606
3,0.3336069881916046,2607
3,0.14585188031196594,2608
3,0.2677421569824219,2609
3,0.16225974261760712,2610
3,0.12884114682674408,2611
3,0.11960755288600922,2612
3,0.26891523599624634,2613
3,0.12364714592695236,2614
1,0.10070139169692993,2615
3,0.27307698130607605,2616
3,0.12488554418087006,2617
3,0.16725075244903564,2618
3,0.17120613157749176,2619
3,0.1750369518995285,2620
3,0.28978899121284485,2621
3,0.26081109046936035,2622
3,0.2983817756175995,2623
3,0.2622545659542084,2624
3,0.2890240550041199,2625
3,0.2773861289024353,2626
3,0.11974222958087921,2627
3,0.16038618981838226,2628
3,0.169457346200943,2629
3,0.21637581288814545,2630
3,0.1575045883655548,2631
3,0.2147795557975769,2632
2,0.3630680739879608,2633
3,0.13058443367481232,2634
3,0.11503512412309647,2635
3,0.13777486979961395,2636
3,0.14181581139564514,2637
3,0.21006496250629425,2638
3,0.12913481891155243,2639
3,0.12614290416240692,2640
3,0.14143240451812744,2641
3,0.19611893594264984,2642
3,0.3556425869464874,2643
3,0.13119526207447052,2644
3,0.1780829280614853,2645
3,0.19230660796165466,2646
2,0.36069202423095703,2647
1,0.06851036101579666,2648
3,0.27082663774490356,2649
3,0.25747165083885193,2650
3,0.20440055429935455,2651
3,0.19130554795265198,2652
3,0.24924670159816742,2653
3,0.2812712490558624,2654
3,0.2964947521686554,2655
3,0.3155236542224884,2656
3,0.3273273706436157,2657
3,0.20052722096443176,2658
3,0.1823660433292389,2659
3,0.15433615446090698,2660
3,0.1495441347360611,2661
3,0.18008075654506683,2662
3,0.24363116919994354,2663
3,0.14838485419750214,2664
3,0.1356274038553238,2665
3,0.13954044878482819,2666
3,0.18192675709724426,2667
3,0.18691138923168182,2668
3,0.1809442639350891,2669
3,0.19664940237998962,2670
3,0.15109527111053467,2671
3,0.11827430874109268,2672
3,0.16638636589050293,2673
3,0.13783472776412964,2674
3,0.12320362776517868,2675
3,0.13427288830280304,2676
2,0.33918577432632446,2677
3,0.14150194823741913,2678
3,0.1359548419713974,2679
3,0.1287028044462204,2680
3,0.1362340748310089,2681
3,0.12685181200504303,2682
3,0.16230915486812592,2683
3,0.1648717075586319,2684
3,0.21683074533939362,2685
3,0.16779747605323792,2686
3,0.1325870305299759,2687
3,0.12226659059524536,2688
3,0.1174827441573143,2689
2,0.16785113513469696,2690
3,0.13215117156505585,2691
3,0.2968694269657135,2692
3,0.272736519575119,2693
3,0.1594768911600113,2694
1,0.10929177701473236,2695
3,0.16842463612556458,2696
3,0.15510249137878418,2697
3,0.15045598149299622,2698
3,0.14938311278820038,2699
3,0.33139991760253906,2700
3,0.3203165829181671,2701
3,0.16882917284965515,2702
3,0.21276946365833282,2703
3,0.31415867805480957,2704
3,0.16353894770145416,2705
3,0.15284234285354614,2706
3,0.20199398696422577,2707
3,0.1469373255968094,2708
2,0.3390534818172455,2709
3,0.21291285753250122,2710
3,0.16131117939949036,2711
3,0.21745102107524872,2712
2,0.34179961681365967,2713
3,0.12966717779636383,2714
3,0.155950129032135,2715
3,0.14716865122318268,2716
3,0.14782503247261047,2717
3,0.16086117923259735,2718
3,0.12403793632984161,2719
3,0.164190411567688,2720
3,0.17665819823741913,2721
3,0.27731022238731384,2722
3,0.16220910847187042,2723
3,0.14571309089660645,2724
3,0.1453373283147812,2725
3,0.2519136667251587,2726
3,0.2517683207988739,2727
3,0.1772085428237915,2728
3,0.12826542556285858,2729
3,0.12686996161937714,2730
1,0.10683580487966537,2731
3,0.22112971544265747,2732
3,0.2254391461610794,2733
3,0.17655792832374573,2734
3,0.2500176429748535,2735
3,0.14417925477027893,2736
3,0.14355254173278809,2737
3,0.23205235600471497,2738
3,0.258864164352417,2739
3,0.2925821542739868,2740
3,0.17244231700897217,2741
3,0.1328304409980774,2742
3,0.21241243183612823,2743
3,0.18323247134685516,2744
3,0.13662171363830566,2745
3,0.22331085801124573,2746
3,0.13142241537570953,2747
2,0.3282998204231262,2748
2,0.33818045258522034,2749
3,0.14737729728221893,2750
3,0.14304202795028687,2751
3,0.17017404735088348,2752
3,0.18844826519489288,2753
3,0.14645425975322723,2754
3,0.13870595395565033,2755
3,0.21576759219169617,2756
3,0.20488673448562622,2757
3,0.20103959739208221,2758
3,0.18613040447235107,2759
3,0.21945199370384216,2760
3,0.22009722888469696,2761
3,0.24532096087932587,2762
3,0.25281426310539246,2763
3,0.20274938642978668,2764
3,0.2473503202199936,2765
3,0.1992473006248474,2766
3,0.31703105568885803,2767
2,0.3210045099258423,2768
3,0.16741739213466644,2769
3,0.1294041872024536,2770
3,0.1491977572441101,2771
3,0.1465543955564499,2772
3,0.14521685242652893,2773
3,0.13216780126094818,2774
3,0.20277747511863708,2775
3,0.18760915100574493,2776
3,0.1909991353750229,2777
3,0.2619086503982544,2778
3,0.1241094321012497,2779
3,0.1681685596704483,2780
3,0.12786100804805756,2781
3,0.15180033445358276,2782
3,0.12861788272857666,2783
3,0.17677165567874908,2784
3,0.18133221566677094,2785
3,0.18892885744571686,2786
3,0.15814796090126038,2787
3,0.12644851207733154,2788
3,0.31014928221702576,2789
3,0.2703065574169159,2790
3,0.1247766762971878,2791
3,0.18996532261371613,2792
3,0.16008171439170837,2793
3,0.19560393691062927,2794
3,0.19904106855392456,2795
2,0.275337278842926,2796
3,0.23954370617866516,2797
3,0.19225002825260162,2798
3,0.2812136709690094,2799
3,0.24001967906951904,2800
3,0.1698928326368332,2801
3,0.20048022270202637,2802
3,0.23188303411006927,2803
2,0.33731183409690857,2804
3,0.1665717512369156,2805
3,0.28899094462394714,2806
3,0.1548428237438202,2807
3,0.16783295571804047,2808
3,0.2588634192943573,2809
3,0.16856426000595093,2810
3,0.25799989700317383,2811
3,0.12723295390605927,2812
3,0.14335142076015472,2813
3,0.1670740246772766,2814
2,0.3125181794166565,2815
1,0.10786698013544083,2816
3,0.13606582581996918,2817
3,0.2582804262638092,2818
3,0.234562948346138,2819
3,0.3086642026901245,2820
3,0.16486109793186188,2821
3,0.1681540608406067,2822
3,0.12012621760368347,2823
3,0.1565934717655182,2824
3,0.16533000767230988,2825
3,0.2944139540195465,2826
3,0.14112985134124756,2827
2,0.31857115030288696,2828
3,0.15751434862613678,2829
3,0.17413084208965302,2830
3,0.19859082996845245,2831
3,0.1544927954673767,2832
1,0.10788547992706299,2833
3,0.20739254355430603,2834
3,0.31390777230262756,2835
3,0.25581252574920654,2836
3,0.2536454498767853,2837
2,0.19917628169059753,2838
4,0.19949795305728912,2839
1,0.11515823006629944,2840
3,0.15938173234462738,2841
2,0.33673521876335144,2842
3,0.18361730873584747,2843
3,0.2757485806941986,2844
3,0.16099466383457184,2845
3,0.13184432685375214,2846
3,0.251132994890213,2847
3,0.1605244129896164,2848
1,0.14092092216014862,2849
3,0.13076981902122498,2850
3,0.18279722332954407,2851
3,0.1817397028207779,2852
3,0.20621664822101593,2853
3,0.1511944681406021,2854
3,0.23836369812488556,2855
3,0.23762105405330658,2856
3,0.11984354257583618,2857
3,0.15618064999580383,2858
3,0.15979483723640442,2859
3,0.19390234351158142,2860
3,0.1876329481601715,2861
3,0.15577556192874908,2862
3,0.1967090368270874,2863
1,0.1524966061115265,2864
3,0.21731019020080566,2865
3,0.22288310527801514,2866
3,0.29565179347991943,2867
3,0.2430449277162552,2868
3,0.18719825148582458,2869
2,0.3374585807323456,2870
3,0.18554943799972534,2871
3,0.15525932610034943,2872
3,0.1774282157421112,2873
3,0.2408202439546585,2874
2,0.33578237891197205,2875
3,0.24558807909488678,2876
3,0.12332012504339218,2877
3,0.3317088484764099,2878
3,0.23796211183071136,2879
3,0.1263245791196823,2880
3,0.18877042829990387,2881
3,0.14696744084358215,2882
3,0.11611603945493698,2883
3,0.18159006536006927,2884
3,0.21851353347301483,2885
3,0.1875324249267578,2886
3,0.1892527937889099,2887
3,0.17630234360694885,2888
1,0.07281695306301117,2889
3,0.18551324307918549,2890
3,0.2607964277267456,2891
3,0.11514367163181305,2892
3,0.2769489884376526,2893
2,0.34776780009269714,2894
3,0.26253634691238403,2895
3,0.17822211980819702,2896
1,0.1455218493938446,2897
3,0.14483965933322906,2898
2,0.14434650540351868,2899
3,0.19656002521514893,2900
3,0.2852500081062317,2901
3,0.26012882590293884,2902
3,0.23278112709522247,2903
3,0.11937923729419708,2904
3,0.14877720177173615,2905
3,0.26298782229423523,2906
3,0.29005181789398193,2907
3,0.26012325286865234,2908
4,0.1786625236272812,2909
3,0.14639055728912354,2910
3,0.1936817169189453,2911
3,0.17788763344287872,2912
3,0.1751842349767685,2913
3,0.3363321125507355,2914
2,0.35485711693763733,2915
3,0.2569308280944824,2916
3,0.15092600882053375,2917
3,0.14783993363380432,2918
3,0.1790083795785904,2919
3,0.20448438823223114,2920
3,0.20367248356342316,2921
3,0.1497141271829605,2922
3,0.2556571066379547,2923
3,0.14932891726493835,2924
3,0.12605874240398407,2925
3,0.3345418870449066,2926
3,0.22820426523685455,2927
3,0.21848198771476746,2928
3,0.1133146733045578,2929
3,0.1709069013595581,2930
3,0.13810883462429047,2931
1,0.10373029857873917,2932
3,0.27536988258361816,2933
3,0.142713725566864,2934
3,0.17107518017292023,2935
3,0.2755867838859558,2936
3,0.2623366713523865,2937
2,0.33530235290527344,2938
3,0.1347687989473343,2939
3,0.21083249151706696,2940
3,0.2771978974342346,2941
3,0.20967817306518555,2942
3,0.11187532544136047,2943
3,0.27995505928993225,2944
3,0.3307265043258667,2945
3,0.26448822021484375,2946
3,0.14734606444835663,2947
3,0.1685023307800293,2948
3,0.3286133408546448,2949
3,0.26554158329963684,2950
3,0.1300160139799118,2951
3,0.13301318883895874,2952
3,0.2726144790649414,2953
2,0.3721674978733063,2954
3,0.3280339241027832,2955
3,0.2186480164527893,2956
3,0.22135165333747864,2957
3,0.1916789561510086,2958
3,0.1846015751361847,2959
3,0.15278582274913788,2960
3,0.24695000052452087,2961
3,0.21693742275238037,2962
3,0.1313038021326065,2963
3,0.1307050883769989,2964
2,0.33501723408699036,2965
3,0.32987722754478455,2966
3,0.19272339344024658,2967
3,0.1649133563041687,2968
3,0.1829497069120407,2969
3,0.18495312333106995,2970
3,0.23023979365825653,2971
3,0.12898129224777222,2972
3,0.22698234021663666,2973
3,0.16496318578720093,2974
3,0.128226175904274,2975
3,0.21614962816238403,2976
3,0.11656885594129562,2977
3,0.1641419380903244,2978
3,0.2907584607601166,2979
3,0.28012076020240784,2980
3,0.27685457468032837,2981
2,0.3854488432407379,2982
3,0.15782085061073303,2983
3,0.28700271248817444,2984
3,0.23504453897476196,2985
3,0.1277334839105606,2986
3,0.10876006633043289,2987
3,0.16120685636997223,2988
3,0.1630016714334488,2989
3,0.36443525552749634,2990
3,0.1880907416343689,2991
3,0.239645317196846,2992
3,0.3451206684112549,2993
3,0.21955503523349762,2994
3,0.1730775386095047,2995
3,0.14444568753242493,2996
3,0.16006983816623688,2997
3,0.13388176262378693,2998
3,0.3739761710166931,2999
3,0.13507775962352753,3000
3,0.16354207694530487,3001
3,0.23002707958221436,3002
3,0.1325034350156784,3003
3,0.37084537744522095,3004
3,0.12835542857646942,3005
2,0.3690222501754761,3006
3,0.3005009889602661,3007
3,0.15285971760749817,3008
3,0.36597082018852234,3009
3,0.2191854864358902,3010
3,0.22642040252685547,3011
3,0.13880938291549683,3012
3,0.13205234706401825,3013
3,0.1166565865278244,3014
1,0.1295786052942276,3015
3,0.222008615732193,3016
3,0.1628347784280777,3017
3,0.16204933822155,3018
3,0.11737256497144699,3019
2,0.4051792323589325,3020
2,0.33400988578796387,3021
3,0.26464661955833435,3022
3,0.12523457407951355,3023
3,0.15997028350830078,3024
3,0.22932909429073334,3025
3,0.3109568953514099,3026
3,0.17528487741947174,3027
3,0.13572104275226593,3028
3,0.28601863980293274,3029
3,0.31858575344085693,3030
3,0.16342368721961975,3031
3,0.2568647861480713,3032
3,0.3075159192085266,3033
3,0.3005788326263428,3034
3,0.1338161826133728,3035
3,0.1334889531135559,3036
3,0.1481374055147171,3037
3,0.14858338236808777,3038
3,0.19328196346759796,3039
3,0.19156517088413239,3040
3,0.17335392534732819,3041
3,0.14608335494995117,3042
3,0.1326974481344223,3043
3,0.11871246993541718,3044
2,0.27826228737831116,3045
4,0.27893075346946716,3046
3,0.16893017292022705,3047
3,0.17485834658145905,3048
3,0.2954976558685303,3049
3,0.19327868521213531,3050
3,0.19256457686424255,3051
3,0.15963464975357056,3052
3,0.1210218220949173,3053
3,0.2625596821308136,3054
2,0.40097174048423767,3055
3,0.20799075067043304,3056
2,0.10550007224082947,3057
3,0.1212262213230133,3058
3,0.13638444244861603,3059
3,0.14464612305164337,3060
3,0.25993481278419495,3061
3,0.19650638103485107,3062
3,0.16408194601535797,3063
3,0.11795114725828171,3064
3,0.19139769673347473,3065
3,0.16158398985862732,3066
3,0.26446670293807983,3067
3,0.19488532841205597,3068
3,0.1963699758052826,3069
3,0.22080360352993011,3070
3,0.13494834303855896,3071
3,0.17172150313854218,3072
3,0.38096311688423157,3073
3,0.15801513195037842,3074
3,0.12395423650741577,3075
3,0.2578677535057068,3076
3,0.11893987655639648,3077
3,0.2641628384590149,3078
3,0.2008025348186493,3079
3,0.14996404945850372,3080
3,0.2177632749080658,3081
3,0.25957629084587097,3082
2,0.33375346660614014,3083
3,0.14017640054225922,3084
3,0.2619537115097046,3085
3,0.20143747329711914,3086
3,0.1646777093410492,3087
3,0.12825867533683777,3088
3,0.25787538290023804,3089
3,0.35786882042884827,3090
3,0.16217447817325592,3091
3,0.15428905189037323,3092
3,0.1532989889383316,3093
2,0.39440813660621643,3094
3,0.3082278370857239,3095
3,0.2017110288143158,3096
3,0.18971200287342072,3097
3,0.15517087280750275,3098
3,0.16064497828483582,3099
3,0.25668638944625854,3100
3,0.2026909589767456,3101
3,0.1603269875049591,3102
3,0.17177258431911469,3103
3,0.29642751812934875,3104
3,0.15912248194217682,3105
3,0.34925952553749084,3106
3,0.21574397385120392,3107
3,0.12611767649650574,3108
3,0.1326146125793457,3109
3,0.1664777547121048,3110
3,0.16775040328502655,3111
3,0.25383761525154114,3112
3,0.18472164869308472,3113
1,0.250588595867157,3114
3,0.2443271428346634,3115
3,0.21718324720859528,3116
3,0.20628681778907776,3117
3,0.11185698211193085,3118
3,0.12072286754846573,3119
3,0.12638509273529053,3120
3,0.21328628063201904,3121
3,0.15798497200012207,3122
3,0.1326284259557724,3123
3,0.37957218289375305,3124
3,0.17756204307079315,3125
3,0.1320933997631073,3126
3,0.3781721591949463,3127
3,0.22689571976661682,3128
3,0.17799852788448334,3129
3,0.15732456743717194,3130
3,0.13816288113594055,3131
2,0.3904202878475189,3132
3,0.1790538877248764,3133
3,0.12910571694374084,3134
3,0.18445523083209991,3135
3,0.17478907108306885,3136
3,0.19303470849990845,3137
3,0.22498683631420135,3138
3,0.13903118669986725,3139
3,0.11663832515478134,3140
3,0.13697446882724762,3141
3,0.19023726880550385,3142
3,0.25925788283348083,3143
3,0.11273995786905289,3144
3,0.11362835764884949,3145
3,0.16634808480739594,3146
3,0.170141339302063,3147
3,0.239918515086174,3148
3,0.37740471959114075,3149
3,0.17290060222148895,3150
3,0.18668831884860992,3151
3,0.1594960242509842,3152
3,0.16859780251979828,3153
3,0.37467890977859497,3154
3,0.2051367312669754,3155
3,0.301861435174942,3156
3,0.16015516221523285,3157
3,0.18243125081062317,3158
3,0.3009602129459381,3159
2,0.38510146737098694,3160
2,0.33238303661346436,3161
3,0.21546979248523712,3162
3,0.31881850957870483,3163
3,0.27877968549728394,3164
3,0.1509152501821518,3165
3,0.18039020895957947,3166
3,0.2979246973991394,3167
3,0.15166498720645905,3168
3,0.1840258687734604,3169
3,0.29309141635894775,3170
3,0.2981674373149872,3171
3,0.3287055194377899,3172
3,0.20977149903774261,3173
1,0.10400208085775375,3174
3,0.1500370055437088,3175
3,0.1813088357448578,3176
3,0.17897190153598785,3177
2,0.3323194980621338,3178
3,0.2539341151714325,3179
3,0.2114536464214325,3180
3,0.1854448765516281,3181
3,0.1797415018081665,3182
3,0.3533976674079895,3183
3,0.20628362894058228,3184
3,0.1969318836927414,3185
3,0.1434353142976761,3186
3,0.16913771629333496,3187
3,0.3425298035144806,3188
2,0.381298691034317,3189
3,0.2502238154411316,3190
3,0.20431923866271973,3191
3,0.2672971189022064,3192
3,0.13693653047084808,3193
3,0.1401679664850235,3194
3,0.18222267925739288,3195
3,0.3347809910774231,3196
3,0.13992293179035187,3197
3,0.2809125781059265,3198
3,0.2948046028614044,3199
3,0.29017823934555054,3200
3,0.3572772145271301,3201
3,0.18565264344215393,3202
3,0.27930396795272827,3203
3,0.1974654346704483,3204
3,0.13503767549991608,3205
3,0.18117675185203552,3206
3,0.19219699501991272,3207
3,0.19291868805885315,3208
3,0.3664287328720093,3209
3,0.10658687353134155,3210
3,0.2508598566055298,3211
3,0.28952711820602417,3212
3,0.18338406085968018,3213
3,0.1601913720369339,3214
4,0.20989276468753815,3215
2,0.21041923761367798,3216
3,0.28508201241493225,3217
1,0.1060323417186737,3218
3,0.1330142468214035,3219
3,0.27358555793762207,3220
3,0.20556645095348358,3221
1,0.11524900048971176,3222
4,0.1892661452293396,3223
3,0.23415501415729523,3224
3,0.16953198611736298,3225
3,0.2813315987586975,3226
2,0.3766988217830658,3227
3,0.2932930290699005,3228
3,0.22248756885528564,3229
3,0.22853456437587738,3230
3,0.3316882848739624,3231
3,0.2976645827293396,3232
3,0.3180779814720154,3233
3,0.16884461045265198,3234
3,0.1770940124988556,3235
3,0.20086564123630524,3236
3,0.12514472007751465,3237
3,0.21667958796024323,3238
2,0.31642237305641174,3239
3,0.2106955498456955,3240
3,0.27776476740837097,3241
3,0.21114706993103027,3242
3,0.34091660380363464,3243
3,0.3483532667160034,3244
2,0.37259358167648315,3245
3,0.1760185956954956,3246
1,0.09140802174806595,3247
3,0.1620747298002243,3248
3,0.3250964283943176,3249
3,0.1513189673423767,3250
3,0.21392175555229187,3251
3,0.26319247484207153,3252
3,0.3082784116268158,3253
3,0.3221740424633026,3254
3,0.3417232930660248,3255
3,0.18021368980407715,3256
3,0.17125244438648224,3257
3,0.11915728449821472,3258
3,0.1658017337322235,3259
3,0.18930086493492126,3260
3,0.212582066655159,3261
3,0.21175244450569153,3262
3,0.18980398774147034,3263
3,0.1270703375339508,3264
3,0.30536937713623047,3265
3,0.21317370235919952,3266
3,0.3546501398086548,3267
3,0.2025245875120163,3268
3,0.15092937648296356,3269
3,0.25703948736190796,3270
3,0.3018231987953186,3271
3,0.22259661555290222,3272
3,0.22167238593101501,3273
3,0.20698605477809906,3274
3,0.19161489605903625,3275
3,0.13610771298408508,3276
3,0.15062633156776428,3277
3,0.28192853927612305,3278
3,0.3253614008426666,3279
3,0.2283267229795456,3280
3,0.12853343784809113,3281
3,0.13929477334022522,3282
3,0.2086000293493271,3283
3,0.12828963994979858,3284
3,0.13631172478199005,3285
3,0.1530396044254303,3286
3,0.16127409040927887,3287
3,0.3429592251777649,3288
2,0.36838841438293457,3289
3,0.24482184648513794,3290
3,0.15452682971954346,3291
3,0.16302332282066345,3292
3,0.17648671567440033,3293
2,0.30781039595603943,3294
3,0.24022452533245087,3295
3,0.15371473133563995,3296
3,0.16008129715919495,3297
3,0.17607375979423523,3298
3,0.20041273534297943,3299
3,0.3147166669368744,3300
3,0.29771125316619873,3301
3,0.16181956231594086,3302
3,0.19987742602825165,3303
3,0.2631572484970093,3304
3,0.2775927782058716,3305
3,0.30939218401908875,3306
3,0.3332596719264984,3307
3,0.16345982253551483,3308
3,0.15107937157154083,3309
3,0.29822206497192383,3310
3,0.3534785211086273,3311
3,0.14891158044338226,3312
3,0.15235012769699097,3313
3,0.27364489436149597,3314
3,0.30187639594078064,3315
3,0.3471805453300476,3316
3,0.2819216549396515,3317
3,0.123990997672081,3318
3,0.1612621396780014,3319
2,0.3640930652618408,3320
3,0.20233313739299774,3321
3,0.12564274668693542,3322
3,0.2951076924800873,3323
3,0.19109714031219482,3324
3,0.2550281882286072,3325
3,0.2835298776626587,3326
3,0.3474753201007843,3327
3,0.3497706949710846,3328
3,0.25915464758872986,3329
3,0.2025701254606247,3330
3,0.15603145956993103,3331
3,0.15747125446796417,3332
3,0.27124035358428955,3333
3,0.11071379482746124,3334
3,0.11786293983459473,3335
3,0.1675066500902176,3336
3,0.255302757024765,3337
3,0.15937887132167816,3338
3,0.28235042095184326,3339
3,0.1609518975019455,3340
3,0.16631260514259338,3341
3,0.15913449227809906,3342
3,0.2930881083011627,3343
1,0.12262792885303497,3344
3,0.32293128967285156,3345
2,0.36007651686668396,3346
3,0.2307327836751938,3347
3,0.27711984515190125,3348
1,0.10932613164186478,3349
3,0.1636660099029541,3350
3,0.3171458840370178,3351
3,0.3490082025527954,3352
3,0.12935827672481537,3353
3,0.14448925852775574,3354
3,0.2265278697013855,3355
3,0.2888587713241577,3356
1,0.27079880237579346,3357
3,0.24886050820350647,3358
3,0.3240286111831665,3359
3,0.2588947117328644,3360
3,0.22242574393749237,3361
3,0.14743666350841522,3362
3,0.15671736001968384,3363
3,0.18429270386695862,3364
3,0.28589048981666565,3365
1,0.20411157608032227,3366
3,0.22509793937206268,3367
3,0.1382930427789688,3368
3,0.27831557393074036,3369
3,0.30604085326194763,3370
3,0.21636098623275757,3371
2,0.35597166419029236,3372
3,0.3124038279056549,3373
3,0.20957918465137482,3374
3,0.16382159292697906,3375
3,0.1399070769548416,3376
3,0.22424957156181335,3377
3,0.2766818106174469,3378
3,0.14273691177368164,3379
3,0.22836554050445557,3380
3,0.22313657402992249,3381
3,0.24376735091209412,3382
3,0.25427448749542236,3383
3,0.20862428843975067,3384
3,0.15033791959285736,3385
3,0.14495472609996796,3386
3,0.26446640491485596,3387
3,0.20452260971069336,3388
3,0.2150692194700241,3389
3,0.2416587918996811,3390
3,0.2533845603466034,3391
3,0.2339005172252655,3392
3,0.2744382619857788,3393
3,0.2188856154680252,3394
3,0.2549760937690735,3395
3,0.15798607468605042,3396
3,0.19990108907222748,3397
3,0.14956767857074738,3398
3,0.20108288526535034,3399
3,0.20374611020088196,3400
3,0.2490076869726181,3401
3,0.3167458474636078,3402
3,0.2524225413799286,3403
2,0.35120198130607605,3404
3,0.15122728049755096,3405
1,0.11080121248960495,3406
1,0.07236585766077042,3407
3,0.2134484201669693,3408
3,0.26619037985801697,3409
3,0.11615020781755447,3410
3,0.1735699474811554,3411
3,0.19203786551952362,3412
3,0.2353813797235489,3413
3,0.2693418264389038,3414
3,0.21220268309116364,3415
3,0.20768415927886963,3416
3,0.15138942003250122,3417
3,0.13671454787254333,3418
3,0.23320931196212769,3419
3,0.20578539371490479,3420
3,0.15207919478416443,3421
3,0.15219490230083466,3422
3,0.21624428033828735,3423
3,0.24183708429336548,3424
3,0.2047276645898819,3425
3,0.15502817928791046,3426
3,0.21332207322120667,3427
3,0.1716250777244568,3428
3,0.15551131963729858,3429
3,0.22485020756721497,3430
3,0.26005667448043823,3431
2,0.15605217218399048,3432
3,0.24309289455413818,3433
3,0.22240588068962097,3434
3,0.1858111023902893,3435
3,0.23191985487937927,3436
3,0.2424669861793518,3437
3,0.2375129610300064,3438
3,0.17494717240333557,3439
3,0.17411454021930695,3440
4,0.15649859607219696,3441
2,0.23108308017253876,3442
3,0.25046175718307495,3443
3,0.2479754239320755,3444
3,0.2764502465724945,3445
3,0.2081475853919983,3446
3,0.20022322237491608,3447
3,0.2987023591995239,3448
3,0.21967189013957977,3449
3,0.23056501150131226,3450
3,0.21251285076141357,3451
3,0.2083342969417572,3452
2,0.34542372822761536,3453
3,0.19844424724578857,3454
3,0.19820445775985718,3455
3,0.2147783488035202,3456
3,0.2740049660205841,3457
3,0.15276378393173218,3458
3,0.17126907408237457,3459
3,0.14178359508514404,3460
3,0.24145521223545074,3461
3,0.2628132104873657,3462
3,0.2893686592578888,3463
3,0.2207779437303543,3464
3,0.2177988737821579,3465
3,0.17602992057800293,3466
3,0.18004736304283142,3467
3,0.23104296624660492,3468
3,0.23200349509716034,3469
3,0.25557589530944824,3470
3,0.262046754360199,3471
2,0.3391150236129761,3472
3,0.20550699532032013,3473
3,0.1722036600112915,3474
3,0.20703043043613434,3475
3,0.21301782131195068,3476
3,0.17966468632221222,3477
3,0.2505621314048767,3478
3,0.33641478419303894,3479
3,0.21497809886932373,3480
3,0.20734994113445282,3481
4,0.20279014110565186,3482
3,0.25288963317871094,3483
3,0.2843429446220398,3484
3,0.2031179815530777,3485
3,0.21032613515853882,3486
3,0.25842055678367615,3487
3,0.12770648300647736,3488
3,0.20171299576759338,3489
2,0.2377646267414093,3490
3,0.2073960155248642,3491
3,0.18296879529953003,3492
3,0.16415554285049438,3493
4,0.23855087161064148,3494
3,0.2874789535999298,3495
3,0.18089182674884796,3496
3,0.13869532942771912,3497
3,0.16404809057712555,3498
1,0.1357778161764145,3499
3,0.1382300704717636,3500
1,0.1604887992143631,3501
3,0.18542589247226715,3502
3,0.12228354066610336,3503
3,0.1922091692686081,3504
2,0.3219307065010071,3505
3,0.12265646457672119,3506
3,0.18320941925048828,3507
3,0.18832609057426453,3508
3,0.12212073057889938,3509
3,0.2281363159418106,3510
3,0.3176949918270111,3511
2,0.31807276606559753,3512
1,0.093915656208992,3513
3,0.19360047578811646,3514
3,0.3168126344680786,3515
3,0.20162957906723022,3516
3,0.20674395561218262,3517
2,0.3151074945926666,3518
3,0.19985057413578033,3519
3,0.199448823928833,3520
3,0.2663878798484802,3521
3,0.21858888864517212,3522
3,0.2404927909374237,3523
2,0.31141045689582825,3524
3,0.19437338411808014,3525
3,0.11938153207302094,3526
3,0.18833382427692413,3527
3,0.27028483152389526,3528
3,0.31372693181037903,3529
3,0.13060736656188965,3530
3,0.21430855989456177,3531
3,0.23729105293750763,3532
3,0.3098871409893036,3533
3,0.20992262661457062,3534
3,0.256457656621933,3535
3,0.29688379168510437,3536
3,0.3101649582386017,3537
3,0.3134743571281433,3538
1,0.10010704398155212,3539
3,0.2384263575077057,3540
3,0.3000014126300812,3541
3,0.3102320730686188,3542
3,0.2083413302898407,3543
3,0.1339999884366989,3544
3,0.18807561695575714,3545
3,0.20491716265678406,3546
3,0.17119233310222626,3547
3,0.15384773910045624,3548
3,0.15102413296699524,3549
3,0.2152104526758194,3550
3,0.23526759445667267,3551
3,0.26731976866722107,3552
3,0.2540997564792633,3553
3,0.12351105362176895,3554
3,0.15275029838085175,3555
3,0.18699757754802704,3556
3,0.2192840576171875,3557
3,0.23405666649341583,3558
3,0.1957101970911026,3559
3,0.15310920774936676,3560
3,0.18032535910606384,3561
3,0.22415350377559662,3562
3,0.27830785512924194,3563
3,0.18629495799541473,3564
3,0.18594668805599213,3565
3,0.23273321986198425,3566
3,0.24077406525611877,3567
3,0.2518919110298157,3568
3,0.22023047506809235,3569
3,0.20793356001377106,3570
3,0.2930552065372467,3571
1,0.14272953569889069,3572
3,0.16848334670066833,3573
3,0.11823972314596176,3574
3,0.21469485759735107,3575
3,0.1454918533563614,3576
3,0.11792558431625366,3577
3,0.16645747423171997,3578
3,0.17634113132953644,3579
3,0.2113684117794037,3580
3,0.26095378398895264,3581
3,0.13005778193473816,3582
3,0.11774319410324097,3583
3,0.2540222704410553,3584
3,0.2525840103626251,3585
3,0.15179543197155,3586
3,0.1769767552614212,3587
3,0.28309017419815063,3588
3,0.2839827835559845,3589
3,0.14626413583755493,3590
3,0.13196077942848206,3591
3,0.2963421046733856,3592
3,0.2837963402271271,3593
2,0.28979983925819397,3594
3,0.1986394077539444,3595
3,0.14683473110198975,3596
1,0.10773642361164093,3597
3,0.1375391036272049,3598
3,0.2568500339984894,3599
3,0.1891172081232071,3600
3,0.18802672624588013,3601
3,0.2524562180042267,3602
3,0.15559595823287964,3603
1,0.13031527400016785,3604
3,0.16336454451084137,3605
3,0.19702783226966858,3606
2,0.15644754469394684,3607
3,0.186903178691864,3608
3,0.15757450461387634,3609
3,0.16359436511993408,3610
3,0.1755209118127823,3611
3,0.2768309414386749,3612
3,0.17096631228923798,3613
3,0.17907042801380157,3614
3,0.26725536584854126,3615
3,0.27211445569992065,3616
3,0.27232155203819275,3617
3,0.2859566807746887,3618
3,0.2607554495334625,3619
2,0.28034472465515137,3620
3,0.15593941509723663,3621
3,0.24734923243522644,3622
3,0.27801573276519775,3623
3,0.2697937488555908,3624
3,0.1503642499446869,3625
3,0.1353338658809662,3626
3,0.27208399772644043,3627
3,0.17497438192367554,3628
3,0.175058975815773,3629
3,0.17381572723388672,3630
3,0.27036264538764954,3631
3,0.27497267723083496,3632
3,0.24550458788871765,3633
3,0.26132434606552124,3634
3,0.2733064293861389,3635
3,0.13473010063171387,3636
3,0.16728068888187408,3637
3,0.1839977651834488,3638
3,0.17287537455558777,3639
3,0.18352697789669037,3640
1,0.10264986753463745,3641
1,0.11122532933950424,3642
3,0.19135774672031403,3643
3,0.1833781599998474,3644
3,0.14516286551952362,3645
3,0.17299287021160126,3646
3,0.15957991778850555,3647
3,0.18042173981666565,3648
3,0.2580179274082184,3649
3,0.2584346532821655,3650
3,0.14793430268764496,3651
3,0.20614072680473328,3652
3,0.19657471776008606,3653
1,0.1056685671210289,3654
3,0.2500028610229492,3655
3,0.25431764125823975,3656
3,0.25302812457084656,3657
3,0.15489251911640167,3658
3,0.1665981411933899,3659
2,0.26932385563850403,3660
3,0.1731969565153122,3661
3,0.1704084724187851,3662
3,0.24854375422000885,3663
3,0.2406642585992813,3664
3,0.16811980307102203,3665
3,0.21079185605049133,3666
3,0.2125096619129181,3667
3,0.24179677665233612,3668
3,0.27286475896835327,3669
3,0.1673346757888794,3670
3,0.23897618055343628,3671
3,0.13218507170677185,3672
3,0.16970521211624146,3673
3,0.14251220226287842,3674
3,0.1791391670703888,3675
3,0.21744540333747864,3676
3,0.24613434076309204,3677
3,0.1610654592514038,3678
3,0.16756251454353333,3679
3,0.19642142951488495,3680
3,0.18917888402938843,3681
3,0.19997601211071014,3682
3,0.10947056114673615,3683
3,0.19414421916007996,3684
3,0.20420511066913605,3685
3,0.19839073717594147,3686
3,0.2063695788383484,3687
1,0.15426689386367798,3688
3,0.2638314664363861,3689
3,0.17278727889060974,3690
3,0.14876867830753326,3691
3,0.24273331463336945,3692
3,0.25302577018737793,3693
4,0.2566330134868622,3694
2,0.2560293674468994,3695
3,0.16034762561321259,3696
3,0.18530653417110443,3697
3,0.18622824549674988,3698
3,0.1814703643321991,3699
3,0.1711403727531433,3700
3,0.16513276100158691,3701
2,0.10688535124063492,3702
3,0.12484648078680038,3703
3,0.15435601770877838,3704
3,0.2100643515586853,3705
3,0.251718670129776,3706
3,0.146192729473114,3707
3,0.14381293952465057,3708
3,0.16416987776756287,3709
3,0.2499264031648636,3710
3,0.16358685493469238,3711
3,0.1818646490573883,3712
3,0.24903586506843567,3713
3,0.16568899154663086,3714
3,0.19643720984458923,3715
3,0.16087183356285095,3716
3,0.1936614066362381,3717
3,0.19933535158634186,3718
3,0.18050368130207062,3719
3,0.1822027713060379,3720
3,0.18581610918045044,3721
3,0.17719431221485138,3722
1,0.07945964485406876,3723
3,0.1392040252685547,3724
3,0.16402946412563324,3725
3,0.20651870965957642,3726
3,0.1512683779001236,3727
3,0.12103376537561417,3728
3,0.14834079146385193,3729
1,0.12810496985912323,3730
3,0.14413125813007355,3731
3,0.17108437418937683,3732
3,0.17826391756534576,3733
3,0.23456557095050812,3734
3,0.14528070390224457,3735
3,0.1256682574748993,3736
3,0.17069292068481445,3737
3,0.2249470204114914,3738
3,0.25016680359840393,3739
3,0.14492079615592957,3740
1,0.13690924644470215,3741
3,0.10606742650270462,3742
3,0.15054534375667572,3743
3,0.19028718769550323,3744
3,0.24923956394195557,3745
3,0.14350131154060364,3746
3,0.15032722055912018,3747
3,0.1378900557756424,3748
3,0.22318986058235168,3749
3,0.23918282985687256,3750
3,0.17190687358379364,3751
3,0.23274238407611847,3752
3,0.14763443171977997,3753
3,0.17118564248085022,3754
3,0.1460544764995575,3755
3,0.14798840880393982,3756
3,0.2351219356060028,3757
3,0.2437039017677307,3758
3,0.22729024291038513,3759
3,0.14272652566432953,3760
3,0.11908873915672302,3761
3,0.180411696434021,3762
3,0.23340275883674622,3763
3,0.22958344221115112,3764
1,0.18722279369831085,3765
3,0.14860089123249054,3766
3,0.13826638460159302,3767
3,0.19624099135398865,3768
3,0.11820986866950989,3769
3,0.14645974338054657,3770
3,0.1698092371225357,3771
3,0.17238132655620575,3772
3,0.14039239287376404,3773
3,0.11747680604457855,3774
3,0.1574854552745819,3775
3,0.15868820250034332,3776
1,0.08660700917243958,3777
1,0.13155914843082428,3778
3,0.22488656640052795,3779
3,0.2271278351545334,3780
3,0.19630388915538788,3781
3,0.23484812676906586,3782
1,0.2188882827758789,3783
3,0.11685098707675934,3784
3,0.16679291427135468,3785
3,0.14090445637702942,3786
3,0.11617736518383026,3787
3,0.17213018238544464,3788
3,0.21931953728199005,3789
3,0.17622074484825134,3790
3,0.17011941969394684,3791
3,0.2265973538160324,3792
3,0.12670284509658813,3793
3,0.1534348428249359,3794
3,0.23333920538425446,3795
3,0.15076272189617157,3796
3,0.12205451726913452,3797
3,0.18245764076709747,3798
3,0.19143229722976685,3799
3,0.1532137542963028,3800
1,0.1316271424293518,3801
3,0.14749586582183838,3802
3,0.2312803864479065,3803
3,0.1253661960363388,3804
3,0.2288268655538559,3805
3,0.15418921411037445,3806
3,0.1620839685201645,3807
3,0.20960217714309692,3808
3,0.21512870490550995,3809
3,0.22818683087825775,3810
3,0.17914703488349915,3811
3,0.17280694842338562,3812
3,0.22908757627010345,3813
3,0.16153056919574738,3814
3,0.2247983068227768,3815
3,0.14967575669288635,3816
3,0.1490193009376526,3817
3,0.16566918790340424,3818
3,0.1644243746995926,3819
1,0.08405932784080505,3820
3,0.1394856870174408,3821
3,0.20395223796367645,3822
3,0.2225767970085144,3823
3,0.11210058629512787,3824
3,0.10969025641679764,3825
3,0.11969881504774094,3826
3,0.10926240682601929,3827
3,0.11100280284881592,3828
3,0.157758429646492,3829
3,0.1090993732213974,3830
3,0.22221358120441437,3831
3,0.2204039990901947,3832
3,0.12115975469350815,3833
3,0.15788860619068146,3834
3,0.18387675285339355,3835
3,0.15748316049575806,3836
3,0.1721733659505844,3837
3,0.17192916572093964,3838
3,0.2113514244556427,3839
3,0.21499483287334442,3840
3,0.16136221587657928,3841
3,0.20072773098945618,3842
3,0.21062920987606049,3843
1,0.09539198875427246,3844
3,0.2142583578824997,3845
3,0.13700911402702332,3846
3,0.12007015198469162,3847
3,0.1449088603258133,3848
3,0.14520210027694702,3849
3,0.11058031022548676,3850
3,0.20901983976364136,3851
3,0.13972392678260803,3852
3,0.1774732768535614,3853
3,0.215523362159729,3854
3,0.1462918221950531,3855
3,0.20925351977348328,3856
3,0.11685024201869965,3857
3,0.13846518099308014,3858
3,0.12418434768915176,3859
3,0.16799867153167725,3860
3,0.17629630863666534,3861
3,0.20866237580776215,3862
3,0.20690450072288513,3863
3,0.12343421578407288,3864
3,0.10593622177839279,3865
3,0.17034323513507843,3866
3,0.20594294369220734,3867
3,0.10882304608821869,3868
3,0.10652469843626022,3869
3,0.11482444405555725,3870
3,0.1744561791419983,3871
3,0.1650291383266449,3872
3,0.1727864146232605,3873
3,0.1405113786458969,3874
3,0.1403658092021942,3875
3,0.11924569308757782,3876
3,0.15231996774673462,3877
3,0.1328597366809845,3878
3,0.17879880964756012,3879
3,0.21110428869724274,3880
3,0.14444345235824585,3881
3,0.12049230933189392,3882
3,0.14243222773075104,3883
3,0.17075160145759583,3884
3,0.14987565577030182,3885
3,0.1562764197587967,3886
3,0.16463185846805573,3887
1,0.10045914351940155,3888
3,0.14380638301372528,3889
3,0.16432733833789825,3890
3,0.20151157677173615,3891
3,0.20076528191566467,3892
3,0.11188020557165146,3893
3,0.197456955909729,3894
3,0.13756732642650604,3895
3,0.14027360081672668,3896
3,0.20572197437286377,3897
3,0.19656221568584442,3898
3,0.10982546955347061,3899
3,0.13611000776290894,3900
3,0.1530582159757614,3901
3,0.12390976399183273,3902
3,0.10957114398479462,3903
3,0.13571007549762726,3904
3,0.15966752171516418,3905
3,0.1621866524219513,3906
3,0.1987389326095581,3907
3,0.15916334092617035,3908
3,0.1959986537694931,3909
3,0.19355082511901855,3910
3,0.11174926906824112,3911
3,0.16012051701545715,3912
3,0.15283682942390442,3913
3,0.1651238054037094,3914
3,0.1975642442703247,3915
3,0.19100725650787354,3916
3,0.1362583190202713,3917
3,0.13599883019924164,3918
3,0.1580895036458969,3919
3,0.18985483050346375,3920
3,0.1948874443769455,3921
3,0.1932809054851532,3922
3,0.1452866494655609,3923
3,0.1355430781841278,3924
3,0.16268858313560486,3925
3,0.18391872942447662,3926
3,0.19839447736740112,3927
3,0.19343863427639008,3928
3,0.12984894216060638,3929
3,0.1614757776260376,3930
3,0.1551782488822937,3931
3,0.1972702294588089,3932
3,0.10577299445867538,3933
3,0.18544505536556244,3934
3,0.18567878007888794,3935
1,0.09040525555610657,3936
3,0.11918654292821884,3937
3,0.1815086454153061,3938
3,0.18526853621006012,3939
3,0.18555951118469238,3940
3,0.11834971606731415,3941
3,0.19009339809417725,3942
3,0.1862918734550476,3943
3,0.12805408239364624,3944
3,0.16927768290042877,3945
3,0.15018992125988007,3946
3,0.19414083659648895,3947
3,0.1928633600473404,3948
3,0.16842469573020935,3949
3,0.13436844944953918,3950
3,0.18803592026233673,3951
2,0.18823756277561188,3952
1,0.12121542543172836,3953
4,0.18906867504119873,3954
3,0.15760751068592072,3955
3,0.13939788937568665,3956
3,0.18669340014457703,3957
3,0.18704210221767426,3958
3,0.13408298790454865,3959
3,0.151950865983963,3960
3,0.1822289526462555,3961
3,0.1511252224445343,3962
3,0.16293220221996307,3963
3,0.187575563788414,3964
1,0.11049694567918777,3965
3,0.15142682194709778,3966
3,0.18414996564388275,3967
3,0.14774803817272186,3968
3,0.18642255663871765,3969
3,0.1343470811843872,3970
3,0.13225242495536804,3971
3,0.1472041755914688,3972
3,0.15271352231502533,3973
3,0.10317792743444443,3974
1,0.12251591682434082,3975
3,0.13148415088653564,3976
3,0.14568085968494415,3977
3,0.13228662312030792,3978
1,0.11719308793544769,3979
3,0.14834129810333252,3980
3,0.17411459982395172,3981
3,0.18483051657676697,3982
3,0.13974851369857788,3983
1,0.12728562951087952,3984
3,0.13151724636554718,3985
3,0.18624025583267212,3986
3,0.13787400722503662,3987
1,0.11163488775491714,3988
3,0.1488189697265625,3989
1,0.11245205998420715,3990
3,0.12977729737758636,3991
3,0.13693226873874664,3992
3,0.14286774396896362,3993
3,0.14832152426242828,3994
3,0.17158940434455872,3995
1,0.12989398837089539,3996
3,0.14245769381523132,3997
3,0.17093515396118164,3998
1,0.1189122423529625,3999
3,0.16928112506866455,4000
1,0.10009617358446121,4001
3,0.1354801505804062,4002
3,0.18166974186897278,4003
1,0.06331588327884674,4004
3,0.1475328952074051,4005
1,0.08755788952112198,4006
3,0.14137694239616394,4007
3,0.17688089609146118,4008
3,0.14395637810230255,4009
3,0.1446186751127243,4010
3,0.17687278985977173,4011
3,0.16502438485622406,4012
3,0.1667119711637497,4013
3,0.17647357285022736,4014
3,0.1394347995519638,4015
3,0.17674747109413147,4016
3,0.14592009782791138,4017
1,0.039537884294986725,4018
3,0.17539820075035095,4019
3,0.13894504308700562,4020
1,0.1043541356921196,4021
3,0.17459145188331604,4022
3,0.1418723165988922,4023
3,0.17047369480133057,4024
3,0.16943901777267456,4025
3,0.10197757184505463,4026
1,0.12966448068618774,4027
3,0.14135073125362396,4028
3,0.16290533542633057,4029
3,0.1688821017742157,4030
3,0.14638616144657135,4031
3,0.17454320192337036,4032
1,0.04131988435983658,4033
3,0.17132900655269623,4034
3,0.16089460253715515,4035
3,0.15721364319324493,4036
3,0.16922743618488312,4037
3,0.13940481841564178,4038
3,0.16547344624996185,4039
3,0.12995806336402893,4040
3,0.14468508958816528,4041
3,0.16616027057170868,4042
3,0.17227903008460999,4043
3,0.14338204264640808,4044
3,0.15951117873191833,4045
3,0.14057113230228424,4046
3,0.14469322562217712,4047
3,0.1652931272983551,4048
3,0.10515245795249939,4049
3,0.13851982355117798,4050
3,0.14518792927265167,4051
3,0.13993263244628906,4052
3,0.16035674512386322,4053
3,0.1381695419549942,4054
3,0.16910120844841003,4055
1,0.07097665220499039,4056
3,0.1640375256538391,4057
3,0.1555701643228531,4058
3,0.15277914702892303,4059
3,0.15977126359939575,4060
3,0.14149150252342224,4061
3,0.15215514600276947,4062
1,0.058432687073946,4063
3,0.13479530811309814,4064
3,0.13485302031040192,4065
3,0.15519635379314423,4066
3,0.14088311791419983,4067
3,0.15638282895088196,4068
3,0.1600419580936432,4069
3,0.158024400472641,4070
3,0.1559838503599167,4071
3,0.1546669751405716,4072
3,0.15772408246994019,4073
3,0.15367338061332703,4074
3,0.1550981104373932,4075
3,0.13338631391525269,4076
3,0.15398696064949036,4077
3,0.1562267243862152,4078
3,0.1481819450855255,4079
1,0.11005520820617676,4080
3,0.1236601248383522,4081
1,0.13109208643436432,4082
3,0.15502174198627472,4083
3,0.13702796399593353,4084
3,0.13596858084201813,4085
3,0.11624637246131897,4086
3,0.15399214625358582,4087
3,0.13556545972824097,4088
3,0.14760971069335938,4089
3,0.1515638530254364,4090
3,0.12166861444711685,4091
3,0.1362137347459793,4092
3,0.15091931819915771,4093
3,0.1449686884880066,4094
3,0.1522064059972763,4095
3,0.1429283767938614,4096
3,0.12968631088733673,4097
3,0.1387428194284439,4098
3,0.153249129652977,4099
3,0.12841854989528656,4100
3,0.11716918647289276,4101
3,0.1257266253232956,4102
3,0.14856508374214172,4103
3,0.12278106808662415,4104
3,0.13125339150428772,4105
3,0.14716674387454987,4106
3,0.14671233296394348,4107
3,0.14355838298797607,4108
1,0.10008618980646133,4109
3,0.11840425431728363,4110
1,0.11235935986042023,4111
3,0.131194069981575,4112
3,0.14570114016532898,4113
3,0.11965181678533554,4114
3,0.14464248716831207,4115
1,0.11425663530826569,4116
3,0.14791499078273773,4117
3,0.12422112375497818,4118
3,0.10592303425073624,4119
3,0.14061374962329865,4120
3,0.14284469187259674,4121
3,0.11652996391057968,4122
3,0.14221720397472382,4123
3,0.1365400105714798,4124
3,0.14031432569026947,4125
3,0.12396255880594254,4126
3,0.13054876029491425,4127
3,0.14479109644889832,4128
3,0.14188162982463837,4129
3,0.13907821476459503,4130
3,0.14343374967575073,4131
3,0.10844047367572784,4132
3,0.1396266371011734,4133
3,0.12677592039108276,4134
3,0.1281186193227768,4135
3,0.126324862241745,4136
3,0.12734654545783997,4137
3,0.1253589242696762,4138
3,0.1390179693698883,4139
1,0.09902042150497437,4140
3,0.1375499814748764,4141
3,0.12372195720672607,4142
3,0.13978177309036255,4143
3,0.14013832807540894,4144
2,0.1245775818824768,4145
4,0.12472032010555267,4146
3,0.1090625524520874,4147
3,0.13942568004131317,4148
3,0.12984834611415863,4149
1,0.09119221568107605,4150
3,0.13882599771022797,4151
1,0.09984806925058365,4152
3,0.13840128481388092,4153
3,0.13298796117305756,4154
3,0.13859356939792633,4155
1,0.053145088255405426,4156
3,0.1324940323829651,4157
3,0.13457173109054565,4158
3,0.06117444485425949,4159
3,0.1326729655265808,4160
3,0.1331726461648941,4161
3,0.12167670577764511,4162
3,0.1358981430530548,4163
3,0.1372355967760086,4164
3,0.12112942337989807,4165
3,0.1316060870885849,4166
1,0.10976362973451614,4167
3,0.13340052962303162,4168
3,0.12150450795888901,4169
3,0.12932522594928741,4170
3,0.13198019564151764,4171
3,0.13263966143131256,4172
3,0.13350792229175568,4173
3,0.13581988215446472,4174
3,0.12896110117435455,4175
3,0.1315731257200241,4176
1,0.11236879229545593,4177
3,0.12991319596767426,4178
3,0.12823623418807983,4179
3,0.1250317394733429,4180
3,0.11968088895082474,4181
3,0.128927081823349,4182
3,0.11884132772684097,4183
3,0.1322815716266632,4184
3,0.13282428681850433,4185
1,0.10845773667097092,4186
3,0.1276368796825409,4187
3,0.12802675366401672,4188
3,0.12788422405719757,4189
1,0.11800459772348404,4190
3,0.12759098410606384,4191
3,0.12228140234947205,4192
3,0.12681320309638977,4193
3,0.13032644987106323,4194
3,0.12593740224838257,4195
3,0.11556611955165863,4196
3,0.12972496449947357,4197
3,0.11463616788387299,4198
3,0.12247230112552643,4199
3,0.12538763880729675,4200
3,0.1270720511674881,4201
3,0.12908226251602173,4202
1,0.0,4203
1,0.1148049458861351,4204
3,0.12454300373792648,4205
3,0.12161187082529068,4206
3,0.12686491012573242,4207
3,0.1250271499156952,4208
3,0.12397973984479904,4209
1,0.1159968376159668,4210
3,0.12410293519496918,4211
3,0.12318688631057739,4212
3,0.1171843484044075,4213
3,0.12351911514997482,4214
3,0.12331405282020569,4215
3,0.12625449895858765,4216
3,0.12288985401391983,4217
3,0.12255949527025223,4218
3,0.12300243973731995,4219
3,0.12347802519798279,4220
3,0.12139525264501572,4221
3,0.12499922513961792,4222
3,0.12493183463811874,4223
2,0.12086023390293121,4224
3,0.12514294683933258,4225
3,0.11738226562738419,4226
3,0.12194602936506271,4227
3,0.12050695717334747,4228
3,0.12217232584953308,4229
3,0.12040294706821442,4230
3,0.12471340596675873,4231
3,0.12072514742612839,4232
3,0.12422420084476471,4233
1,0.09728904068470001,4234
3,0.12164296954870224,4235
3,0.12150618433952332,4236
3,0.11959648132324219,4237
3,0.12104242295026779,4238
3,0.12418049573898315,4239
1,0.08683714270591736,4240
3,0.12371911108493805,4241
3,0.10699283331632614,4242
3,0.12040829658508301,4243
3,0.12455102056264877,4244
3,0.12071321904659271,4245
3,0.11912241578102112,4246
3,0.0972798764705658,4247
3,0.0924159362912178,4248
3,0.10464566200971603,4249
3,0.10152607411146164,4250
3,0.09351089596748352,4251
1,0.10841076076030731,4252
3,0.11780037730932236,4253
1,0.0978827103972435,4254
3,0.11964491009712219,4255
3,0.11836911737918854,4256
2,0.12089797109365463,4257
4,0.12076592445373535,4258
3,0.09591227769851685,4259
3,0.1203727051615715,4260
3,0.11738206446170807,4261
3,0.11217780411243439,4262
3,0.11803071200847626,4263
1,0.0864887461066246,4264
3,0.11641939729452133,4265
3,0.11679529398679733,4266
1,0.0883190780878067,4267
3,0.10485366731882095,4268
3,0.11769158393144608,4269
3,0.11749409139156342,4270
3,0.0879322811961174,4271
3,0.11683666706085205,4272
3,0.11941659450531006,4273
3,0.11626870185136795,4274
3,0.11801055073738098,4275
3,0.11777829378843307,4276
3,0.11694148927927017,4277
3,0.114442840218544,4278
3,0.09889139235019684,4279
3,0.09456830471754074,4280
3,0.10211221873760223,4281
3,0.11424434930086136,4282
3,0.10155802220106125,4283
3,0.11632446944713593,4284
3,0.11326715350151062,4285
3,0.11494060605764389,4286
3,0.09680911153554916,4287
3,0.11659146100282669,4288
3,0.11478535085916519,4289
3,0.11625532060861588,4290
3,0.11553096026182175,4291
3,0.11265144497156143,4292
3,0.11485175788402557,4293
3,0.10180692374706268,4294
3,0.11466570198535919,4295
3,0.11607912182807922,4296
3,0.11342509835958481,4297
3,0.11334622651338577,4298
3,0.10417100042104721,4299
3,0.09485971182584763,4300
3,0.10879947990179062,4301
3,0.10431226342916489,4302
3,0.10393219441175461,4303
3,0.09530773758888245,4304
3,0.11147462576627731,4305
3,0.11225327104330063,4306
2,0.10392967611551285,4307
4,0.10402961075305939,4308
3,0.11490657180547714,4309
3,0.10593673586845398,4310
3,0.10392419248819351,4311
3,0.1139087826013565,4312
3,0.10648878663778305,4313
3,0.11041893810033798,4314
3,0.11195601522922516,4315
3,0.11243470758199692,4316
3,0.10666719824075699,4317
3,0.10796471685171127,4318
3,0.11242042481899261,4319
3,0.11288255453109741,4320
3,0.11175805330276489,4321
3,0.10460188239812851,4322
3,0.11032793670892715,4323
3,0.11195530742406845,4324
3,0.10971679538488388,4325
3,0.11109094321727753,4326
3,0.11135310679674149,4327
3,0.1103624477982521,4328
3,0.09830255806446075,4329
1,0.028536835685372353,4330
3,0.10327637940645218,4331
3,0.1101769208908081,4332
3,0.0286251213401556,4333
3,0.1125262975692749,4334
1,0.028553776443004608,4335
3,0.10265061259269714,4336
3,0.10739493370056152,4337
3,0.10715286433696747,4338
1,0.07731343805789948,4339
1,0.10225487500429153,4340
3,0.10730438679456711,4341
3,0.10926961153745651,4342
3,0.10047699511051178,4343
3,0.10567884147167206,4344
3,0.10708966851234436,4345
3,0.10956741869449615,4346
3,0.10530788451433182,4347
3,0.10891897976398468,4348
3,0.1046578511595726,4349
3,0.10238402336835861,4350
3,0.09776942431926727,4351
3,0.10383080691099167,4352
3,0.0987405851483345,4353
3,0.10477495193481445,4354
1,0.09775426983833313,4355
3,0.10641719400882721,4356
3,0.10759400576353073,4357
3,0.10891201347112656,4358
1,0.09816473722457886,4359
3,0.1071363165974617,4360
3,0.10850564390420914,4361
3,0.09478156268596649,4362
3,0.10553286224603653,4363
3,0.10392798483371735,4364
3,0.10662100464105606,4365
3,0.10477106273174286,4366
3,0.10467391461133957,4367
3,0.10565463453531265,4368
3,0.10413361340761185,4369
3,0.10709574818611145,4370
3,0.1044018417596817,4371
3,0.1050558015704155,4372
3,0.10055022686719894,4373
3,0.10475798696279526,4374
3,0.10030560940504074,4375
3,0.10300210863351822,4376
3,0.10424986481666565,4377
3,0.10016084462404251,4378
3,0.08791693300008774,4379
3,0.08783087879419327,4380
3,0.09998729825019836,4381
3,0.09905797988176346,4382
2,0.08733462542295456,4383
3,0.10227877646684647,4384
3,0.10421700775623322,4385
3,0.10411538928747177,4386
1,0.10175684839487076,4387
3,0.1028641015291214,4388
3,0.08671068400144577,4389
1,0.08818663656711578,4390
3,0.09718165546655655,4391
3,0.10578220337629318,4392
3,0.10035698860883713,4393
3,0.09992565214633942,4394
3,0.10306714475154877,4395
3,0.10403807461261749,4396
3,0.10284911841154099,4397
1,0.08539596199989319,4398
3,0.10383118689060211,4399
3,0.10262969136238098,4400
3,0.10126926749944687,4401
3,0.10117322206497192,4402
3,0.09818128496408463,4403
3,0.10305364429950714,4404
3,0.09783118963241577,4405
3,0.10155826807022095,4406
3,0.09772650897502899,4407
3,0.10060533136129379,4408
3,0.10264096409082413,4409
3,0.10147131234407425,4410
3,0.10068308562040329,4411
3,0.10361859202384949,4412
3,0.1029353216290474,4413
3,0.10261087119579315,4414
3,0.10151443630456924,4415
3,0.09822340309619904,4416
3,0.10112065821886063,4417
3,0.10273260623216629,4418
3,0.09975901991128922,4419
3,0.09997665137052536,4420
3,0.09945220500230789,4421
3,0.101431705057621,4422
1,0.08608240634202957,4423
3,0.1011921837925911,4424
3,0.10061972588300705,4425
3,0.0967300683259964,4426
3,0.0936305895447731,4427
3,0.08419318497180939,4428
3,0.09963351488113403,4429
3,0.08570169657468796,4430
3,0.09188145399093628,4431
3,0.09766237437725067,4432
3,0.0968618094921112,4433
1,0.08493205904960632,4434
1,0.09836841374635696,4435
3,0.09731623530387878,4436
3,0.0850522592663765,4437
3,0.09231611341238022,4438
1,0.09830057621002197,4439
3,0.09779302775859833,4440
3,0.0954597145318985,4441
3,0.09613669663667679,4442
1,0.08254536986351013,4443
3,0.08947579562664032,4444
3,0.09562008082866669,4445
3,0.09553594142198563,4446
3,0.09721547365188599,4447
3,0.09674322605133057,4448
3,0.0934281200170517,4449
1,0.07708106935024261,4450
3,0.09482355415821075,4451
3,0.09619283676147461,4452
3,0.09424130618572235,4453
3,0.09450799971818924,4454
3,0.09367399662733078,4455
3,0.0932280644774437,4456
1,0.09001310169696808,4457
1,0.07952505350112915,4458
1,0.08534915000200272,4459
3,0.09331225603818893,4460
3,0.08873861283063889,4461
3,0.09431790560483932,4462
3,0.08465754985809326,4463
1,0.09096864610910416,4464
3,0.09060931205749512,4465
1,0.07109756022691727,4466
1,0.0636707991361618,4467
3,0.08552911132574081,4468
3,0.08480430394411087,4469
1,0.08513475954532623,4470
2,0.08910282701253891,4471
3,0.089260034263134,4472
3,0.08891366422176361,4473
1,0.054455820471048355,4474
3,0.08545059710741043,4475
3,0.0844934731721878,4476
1,0.0782380998134613,4477
3,0.08650074899196625,4478
3,0.08258754760026932,4479
3,0.08612627536058426,4480
3,0.08384397625923157,4481
3,0.08396279811859131,4482
3,0.08519802242517471,4483
1,0.08246376365423203,4484
3,0.08410073071718216,4485
2,0.08330366015434265,4486
3,0.0826544463634491,4487
3,0.08139563351869583,4488
1,0.07853012531995773,4489
1,0.07795054465532303,4490
93,65535.0,4491
