node_Degree,node_Accessibility,node_ID
1,0.07853809744119644,1
1,0.07720118761062622,2
3,0.07792044430971146,3
1,0.05554074048995972,4
3,0.0792929157614708,5
1,0.06772007048130035,6
3,0.07885369658470154,7
1,0.06813155859708786,8
1,0.061603885143995285,9
1,0.03251330554485321,10
3,0.08155953884124756,11
3,0.08223141729831696,12
3,0.08500473201274872,13
1,0.08465199917554855,14
3,0.08723938465118408,15
3,0.08472838997840881,16
1,0.036144912242889404,17
3,0.08490876853466034,18
3,0.08588217198848724,19
1,0.08510807901620865,20
1,0.08178046345710754,21
3,0.08587391674518585,22
3,0.08965574949979782,23
1,0.06791336089372635,24
3,0.08836179971694946,25
1,0.08084221184253693,26
3,0.08891484141349792,27
1,0.08397594094276428,28
1,0.07273299992084503,29
3,0.09040922671556473,30
3,0.0890304446220398,31
3,0.08548977226018906,32
1,0.08124730736017227,33
3,0.0891936644911766,34
3,0.08682102710008621,35
3,0.08593283593654633,36
3,0.08563333004713058,37
3,0.0906560868024826,38
3,0.08645295351743698,39
3,0.08646903932094574,40
3,0.08938104659318924,41
3,0.09085097908973694,42
3,0.09257189929485321,43
3,0.08981946110725403,44
3,0.09303778409957886,45
3,0.09017616510391235,46
3,0.08874253928661346,47
1,0.07884079217910767,48
3,0.09022488445043564,49
3,0.0945299044251442,50
3,0.09171878546476364,51
1,0.09169407188892365,52
3,0.09390836209058762,53
3,0.09664648026227951,54
3,0.09153171628713608,55
3,0.09218461811542511,56
1,0.06353895366191864,57
3,0.0919269546866417,58
3,0.0967690497636795,59
1,0.08378929644823074,60
1,0.08497748523950577,61
3,0.0932198315858841,62
3,0.08465650677680969,63
3,0.09408622980117798,64
3,0.09425637871026993,65
1,0.04717974364757538,66
1,0.08203952759504318,67
3,0.09814268350601196,68
3,0.08516569435596466,69
3,0.08744893968105316,70
3,0.0983094722032547,71
3,0.09444507211446762,72
3,0.09469038993120193,73
3,0.08779731392860413,74
3,0.09529460221529007,75
3,0.09413469582796097,76
3,0.08890431374311447,77
3,0.09544636309146881,78
1,0.07134979218244553,79
3,0.1000676155090332,80
1,0.09306956082582474,81
1,0.06364473700523376,82
1,0.08972969651222229,83
3,0.09660468250513077,84
3,0.09577936679124832,85
3,0.10005786269903183,86
3,0.10121479630470276,87
3,0.10066034644842148,88
3,0.06753584742546082,89
3,0.09714818000793457,90
1,0.09711775183677673,91
2,0.10039032995700836,92
3,0.10110243409872055,93
3,0.09751104563474655,94
1,0.09656140953302383,95
3,0.09819955378770828,96
3,0.10207171738147736,97
1,0.0666557177901268,98
3,0.09832204878330231,99
3,0.09767644852399826,100
3,0.09978298842906952,101
3,0.10397820174694061,102
3,0.10339038819074631,103
3,0.0984925776720047,104
3,0.10059141367673874,105
3,0.09873992949724197,106
3,0.10091456770896912,107
3,0.10505250096321106,108
1,0.09544697403907776,109
2,0.08830782771110535,110
3,0.10497668385505676,111
3,0.10193252563476562,112
3,0.10230107605457306,113
3,0.10493289679288864,114
3,0.10090763866901398,115
3,0.10259515047073364,116
3,0.10621706396341324,117
3,0.09953177720308304,118
3,0.10449852049350739,119
3,0.10341028869152069,120
3,0.10121987760066986,121
3,0.10367315262556076,122
3,0.10370396822690964,123
3,0.10168120265007019,124
3,0.10208620131015778,125
1,0.09727403521537781,126
3,0.10268920660018921,127
3,0.10308285057544708,128
1,0.09825242310762405,129
3,0.10655626654624939,130
3,0.10415849089622498,131
1,0.0746392160654068,132
3,0.10478894412517548,133
3,0.10541442781686783,134
3,0.1028558537364006,135
3,0.10904472321271896,136
3,0.10747049748897552,137
3,0.10100942105054855,138
3,0.10407561808824539,139
1,0.08521515130996704,140
3,0.10985235869884491,141
3,0.10666371881961823,142
3,0.10805299878120422,143
3,0.10708341747522354,144
3,0.10683359205722809,145
3,0.1094634011387825,146
3,0.10898493230342865,147
3,0.10663795471191406,148
1,0.08688423037528992,149
3,0.10647016763687134,150
3,0.10833275318145752,151
3,0.10361064225435257,152
3,0.1084771379828453,153
1,0.10237717628479004,154
1,0.09554985910654068,155
3,0.10732372850179672,156
3,0.10569079220294952,157
3,0.1037212535738945,158
3,0.10989703983068466,159
3,0.11253394186496735,160
3,0.11020922660827637,161
3,0.09922008216381073,162
3,0.1130012720823288,163
3,0.11211257427930832,164
3,0.10646271705627441,165
3,0.10752038657665253,166
3,0.10651777684688568,167
3,0.10531849414110184,168
1,0.11124949902296066,169
3,0.10695904493331909,170
3,0.10875996947288513,171
3,0.10722758620977402,172
3,0.10714735090732574,173
3,0.11054648458957672,174
3,0.11141854524612427,175
3,0.11447650194168091,176
3,0.10938660800457001,177
3,0.10744960606098175,178
3,0.10862069576978683,179
3,0.10972284525632858,180
3,0.11318608373403549,181
3,0.11423294991254807,182
3,0.11637293547391891,183
3,0.11144879460334778,184
3,0.11231718957424164,185
3,0.11161543428897858,186
3,0.11461295187473297,187
3,0.11617521196603775,188
3,0.11550895869731903,189
3,0.11571326106786728,190
1,0.10989250242710114,191
3,0.10880749672651291,192
3,0.11440137773752213,193
3,0.11716844141483307,194
3,0.1126667931675911,195
3,0.11347527801990509,196
1,0.09485480189323425,197
3,0.11838723719120026,198
1,0.09453726559877396,199
3,0.1150694265961647,200
3,0.11271974444389343,201
3,0.10927756130695343,202
3,0.11085876077413559,203
2,0.10642316192388535,204
3,0.1069154217839241,205
3,0.11275133490562439,206
3,0.11243452876806259,207
3,0.1153406873345375,208
1,0.0839613601565361,209
3,0.11657755076885223,210
3,0.11401256918907166,211
3,0.1164308488368988,212
3,0.11652266979217529,213
3,0.1102854385972023,214
3,0.1127324253320694,215
3,0.11259754747152328,216
3,0.11434077471494675,217
3,0.10993096977472305,218
3,0.11229900270700455,219
1,0.0918407291173935,220
3,0.11860103905200958,221
3,0.11487968266010284,222
3,0.11352686583995819,223
3,0.11475103348493576,224
4,0.11255265772342682,225
3,0.11528042703866959,226
3,0.11779677122831345,227
3,0.11799340695142746,228
3,0.11911918222904205,229
3,0.11812060326337814,230
3,0.11289708316326141,231
3,0.11941533535718918,232
3,0.11897233873605728,233
1,0.11238273978233337,234
3,0.11505500227212906,235
3,0.11172906309366226,236
3,0.11928150057792664,237
3,0.11397144198417664,238
3,0.11836482584476471,239
3,0.11986173689365387,240
3,0.12016713619232178,241
3,0.12105705589056015,242
3,0.11983081698417664,243
3,0.11772502958774567,244
3,0.12005938589572906,245
1,0.09907663613557816,246
3,0.11794724315404892,247
3,0.10170865058898926,248
1,0.09626295417547226,249
1,0.10553919523954391,250
1,0.05707811936736107,251
3,0.11975982785224915,252
3,0.12180320173501968,253
3,0.12037099152803421,254
3,0.12062322348356247,255
3,0.11643153429031372,256
3,0.12038067728281021,257
3,0.11461585760116577,258
3,0.11299780011177063,259
3,0.11125116795301437,260
3,0.11360358446836472,261
3,0.110775887966156,262
3,0.12274953722953796,263
3,0.12167762219905853,264
3,0.11903642117977142,265
3,0.11336523294448853,266
3,0.11214443296194077,267
3,0.12087000161409378,268
3,0.12072189152240753,269
3,0.11499206721782684,270
2,0.11267954111099243,271
4,0.11254950612783432,272
3,0.12012223154306412,273
3,0.1130349338054657,274
3,0.11553406715393066,275
3,0.12217612564563751,276
3,0.1191168949007988,277
3,0.11394888907670975,278
3,0.1115163266658783,279
3,0.12325254827737808,280
3,0.11487148702144623,281
3,0.11692184209823608,282
3,0.11783847212791443,283
3,0.12548601627349854,284
3,0.12257685512304306,285
3,0.11806689947843552,286
3,0.1104501411318779,287
3,0.1129874438047409,288
3,0.12049927562475204,289
3,0.11946549266576767,290
3,0.11906848102807999,291
1,0.07932663708925247,292
3,0.11694393306970596,293
3,0.10985196381807327,294
3,0.12498050928115845,295
3,0.11764320731163025,296
3,0.10293710976839066,297
3,0.11793898046016693,298
3,0.12156540155410767,299
3,0.12256722897291183,300
3,0.12749969959259033,301
3,0.1062348410487175,302
3,0.12339088320732117,303
3,0.12071698904037476,304
3,0.1246073842048645,305
3,0.12368471175432205,306
3,0.11746583133935928,307
3,0.1222124919295311,308
3,0.12891361117362976,309
3,0.127810537815094,310
3,0.12505073845386505,311
3,0.12104524672031403,312
3,0.11956444382667542,313
3,0.11972729861736298,314
3,0.12006568163633347,315
1,0.10339880734682083,316
3,0.12569209933280945,317
3,0.10359795391559601,318
1,0.1100676879286766,319
3,0.11792390793561935,320
3,0.12063368409872055,321
3,0.12573203444480896,322
3,0.12586833536624908,323
3,0.12643779814243317,324
3,0.12150884419679642,325
3,0.11876504868268967,326
3,0.12823310494422913,327
3,0.12656722962856293,328
3,0.12341880053281784,329
3,0.12505313754081726,330
1,0.1145070418715477,331
3,0.13022813200950623,332
3,0.128401517868042,333
3,0.12157256156206131,334
3,0.12181330472230911,335
3,0.13053783774375916,336
3,0.12208326905965805,337
3,0.10680960863828659,338
1,0.12375831604003906,339
3,0.12810291349887848,340
3,0.10861695557832718,341
3,0.11495978385210037,342
3,0.12619748711585999,343
3,0.12238800525665283,344
3,0.11997700482606888,345
3,0.12657101452350616,346
3,0.10573355108499527,347
1,0.10457852482795715,348
3,0.1064051017165184,349
3,0.10889402031898499,350
3,0.12551282346248627,351
1,0.09199310839176178,352
3,0.126076340675354,353
3,0.12584593892097473,354
1,0.10605572164058685,355
1,0.0863652303814888,356
3,0.1265588253736496,357
3,0.12714160978794098,358
4,0.12767286598682404,359
3,0.12450747936964035,360
3,0.10684732347726822,361
1,0.07022293657064438,362
3,0.12692596018314362,363
2,0.12729179859161377,364
3,0.10627054423093796,365
3,0.12261401116847992,366
3,0.12618911266326904,367
3,0.12389858067035675,368
3,0.12640230357646942,369
3,0.13179133832454681,370
3,0.12513424456119537,371
3,0.12561139464378357,372
1,0.09376877546310425,373
3,0.13420256972312927,374
3,0.10434602946043015,375
3,0.13046298921108246,376
3,0.1301169991493225,377
3,0.12903721630573273,378
3,0.13376756012439728,379
3,0.11062122881412506,380
3,0.1253492385149002,381
3,0.11811979860067368,382
3,0.12583984434604645,383
3,0.10946831852197647,384
3,0.11830562353134155,385
3,0.123933345079422,386
3,0.12881909310817719,387
1,0.10018975287675858,388
3,0.12872067093849182,389
3,0.11152902990579605,390
3,0.12915737926959991,391
3,0.11476235091686249,392
1,0.10534892976284027,393
3,0.10568784922361374,394
3,0.10588840395212173,395
3,0.13112695515155792,396
3,0.12535975873470306,397
3,0.12738238275051117,398
3,0.109455905854702,399
3,0.12563954293727875,400
1,0.10412383824586868,401
3,0.13244855403900146,402
3,0.11040227860212326,403
3,0.1089690774679184,404
3,0.11667857319116592,405
1,0.1121007651090622,406
3,0.13078884780406952,407
3,0.13098251819610596,408
3,0.12041772902011871,409
1,0.10574384778738022,410
3,0.1331072449684143,411
3,0.13180474936962128,412
3,0.13897563517093658,413
3,0.12753479182720184,414
3,0.13106007874011993,415
3,0.11149684339761734,416
1,0.10147036612033844,417
3,0.127696231007576,418
3,0.12787368893623352,419
3,0.1321944296360016,420
3,0.13356396555900574,421
3,0.13411016762256622,422
3,0.13259314000606537,423
1,0.09990602731704712,424
3,0.12775489687919617,425
3,0.10657985508441925,426
3,0.11399126052856445,427
3,0.10707194358110428,428
1,0.10007042437791824,429
1,0.09652262926101685,430
3,0.12002424895763397,431
3,0.12012152373790741,432
3,0.1296655237674713,433
3,0.13355280458927155,434
3,0.11277136206626892,435
3,0.10702715814113617,436
3,0.13290436565876007,437
3,0.1416802704334259,438
3,0.1362287849187851,439
3,0.13069584965705872,440
3,0.1313859522342682,441
4,0.11625523120164871,442
3,0.1233072504401207,443
3,0.13604189455509186,444
3,0.10650444775819778,445
3,0.11233457922935486,446
3,0.11805061995983124,447
3,0.12355712801218033,448
3,0.1353161334991455,449
3,0.11359503120183945,450
1,0.09982217848300934,451
1,0.10553323477506638,452
1,0.12435725331306458,453
3,0.13784706592559814,454
3,0.13525238633155823,455
3,0.10208281874656677,456
1,0.08992604911327362,457
3,0.12128951400518417,458
1,0.10163889825344086,459
4,0.1438729614019394,460
3,0.14217402040958405,461
3,0.14008566737174988,462
3,0.13446354866027832,463
1,0.0957639068365097,464
3,0.1427927017211914,465
3,0.14122289419174194,466
3,0.13229770958423615,467
3,0.13951735198497772,468
3,0.13978195190429688,469
1,0.012372194789350033,470
3,0.1226402074098587,471
3,0.13952083885669708,472
3,0.1366087794303894,473
3,0.13868016004562378,474
3,0.13330195844173431,475
3,0.11523328721523285,476
3,0.1408134400844574,477
3,0.14041714370250702,478
3,0.13706304132938385,479
3,0.13553853332996368,480
3,0.11547719687223434,481
3,0.14077070355415344,482
3,0.13541129231452942,483
1,0.12552720308303833,484
3,0.14445707201957703,485
3,0.13355468213558197,486
3,0.13616719841957092,487
3,0.1391133964061737,488
1,0.10690023750066757,489
3,0.10356191545724869,490
3,0.13831990957260132,491
3,0.1373784989118576,492
3,0.13778826594352722,493
3,0.11249209195375443,494
3,0.12552616000175476,495
3,0.14290964603424072,496
1,0.09993217885494232,497
3,0.14489422738552094,498
3,0.1422315239906311,499
3,0.13430501520633698,500
3,0.11932557821273804,501
1,0.09822585433721542,502
3,0.14617057144641876,503
1,0.09173451364040375,504
3,0.14258277416229248,505
3,0.1376672238111496,506
3,0.14408865571022034,507
3,0.14003722369670868,508
1,0.10899660736322403,509
3,0.09854964166879654,510
3,0.13793933391571045,511
3,0.11100955307483673,512
1,0.09197534620761871,513
3,0.13998934626579285,514
3,0.137224480509758,515
3,0.09894893318414688,516
3,0.13861094415187836,517
3,0.14638866484165192,518
3,0.13294902443885803,519
3,0.14202524721622467,520
3,0.13787741959095,521
3,0.12298320978879929,522
3,0.14405609667301178,523
3,0.13868238031864166,524
3,0.14690566062927246,525
3,0.13918571174144745,526
3,0.1471208781003952,527
3,0.12554895877838135,528
3,0.10440998524427414,529
3,0.1409229338169098,530
1,0.12314359843730927,531
3,0.13790002465248108,532
3,0.12829095125198364,533
3,0.11123934388160706,534
3,0.11598630249500275,535
3,0.14523936808109283,536
3,0.13894033432006836,537
3,0.1382666975259781,538
3,0.13971762359142303,539
1,0.08029918372631073,540
1,0.09374937415122986,541
3,0.13937105238437653,542
3,0.14393118023872375,543
1,0.10177133977413177,544
3,0.1409870684146881,545
3,0.12468159943819046,546
3,0.10611074417829514,547
3,0.12312532216310501,548
3,0.10117915272712708,549
3,0.14203184843063354,550
3,0.14521044492721558,551
3,0.14371950924396515,552
3,0.11862847954034805,553
3,0.1404344141483307,554
1,0.09590696543455124,555
3,0.14368124306201935,556
3,0.1406552791595459,557
3,0.1467428058385849,558
3,0.1473456472158432,559
1,0.05538284778594971,560
3,0.11956948786973953,561
3,0.14757134020328522,562
3,0.14435416460037231,563
3,0.14586801826953888,564
3,0.15008237957954407,565
3,0.14092040061950684,566
3,0.13179567456245422,567
3,0.11312428116798401,568
3,0.10753962397575378,569
3,0.13368315994739532,570
3,0.14148995280265808,571
3,0.1482531875371933,572
3,0.14981739223003387,573
3,0.15132373571395874,574
3,0.1488800048828125,575
3,0.14862197637557983,576
3,0.10911325365304947,577
3,0.15469448268413544,578
3,0.1458875983953476,579
3,0.15279830992221832,580
3,0.14707614481449127,581
3,0.14691749215126038,582
3,0.12323617935180664,583
3,0.1034022644162178,584
1,0.09570398181676865,585
3,0.14731985330581665,586
1,0.10607186704874039,587
3,0.14339163899421692,588
3,0.14466387033462524,589
1,0.11169739812612534,590
3,0.1450606882572174,591
3,0.14932626485824585,592
3,0.14111019670963287,593
3,0.14480996131896973,594
3,0.12364164739847183,595
3,0.1240643784403801,596
3,0.1140226349234581,597
3,0.15077149868011475,598
3,0.1480664610862732,599
3,0.09632759541273117,600
3,0.1473306119441986,601
3,0.14502298831939697,602
3,0.1456325650215149,603
3,0.14450021088123322,604
3,0.1530698984861374,605
3,0.14339354634284973,606
3,0.11530301719903946,607
1,0.10024252533912659,608
3,0.1561269313097,609
3,0.15131482481956482,610
3,0.1449095904827118,611
2,0.14240990579128265,612
3,0.14633651077747345,613
3,0.14663898944854736,614
1,0.1392863392829895,615
3,0.15197668969631195,616
3,0.15117283165454865,617
3,0.14946146309375763,618
3,0.1464954912662506,619
3,0.15550029277801514,620
3,0.1489877998828888,621
3,0.1464032232761383,622
3,0.12492451071739197,623
3,0.12572422623634338,624
3,0.14687182009220123,625
3,0.1479373723268509,626
3,0.14760974049568176,627
3,0.1444585919380188,628
3,0.14162425696849823,629
3,0.14821255207061768,630
3,0.13619749248027802,631
3,0.1478988230228424,632
3,0.1502520740032196,633
3,0.1487063318490982,634
3,0.14596842229366302,635
3,0.14282965660095215,636
3,0.14846640825271606,637
3,0.10638850182294846,638
3,0.1054437905550003,639
3,0.12570221722126007,640
1,0.09269008040428162,641
1,0.12795326113700867,642
3,0.14659163355827332,643
3,0.1499709039926529,644
1,0.09487707167863846,645
3,0.15247006714344025,646
3,0.13681794703006744,647
3,0.1163090243935585,648
3,0.14955653250217438,649
3,0.12708856165409088,650
3,0.11786086857318878,651
3,0.15565437078475952,652
3,0.15465909242630005,653
1,0.0831376314163208,654
3,0.09907692670822144,655
3,0.15239880979061127,656
3,0.15044833719730377,657
3,0.14974983036518097,658
3,0.14668090641498566,659
1,0.1355445683002472,660
3,0.13944490253925323,661
3,0.1559164673089981,662
3,0.1173933818936348,663
1,0.09779484570026398,664
3,0.12804852426052094,665
3,0.1498347818851471,666
3,0.15314078330993652,667
3,0.1474636197090149,668
3,0.11932551115751266,669
3,0.14982178807258606,670
3,0.15696842968463898,671
3,0.14904195070266724,672
3,0.15731181204319,673
1,0.12885162234306335,674
3,0.15506698191165924,675
3,0.15460079908370972,676
3,0.10084058344364166,677
3,0.15463019907474518,678
1,0.13891467452049255,679
3,0.1575993448495865,680
3,0.1512303203344345,681
3,0.15528397262096405,682
1,0.07521099597215652,683
3,0.1295812875032425,684
3,0.12995299696922302,685
3,0.15413665771484375,686
3,0.15758873522281647,687
3,0.15472747385501862,688
3,0.15264979004859924,689
3,0.10816270858049393,690
3,0.1474868506193161,691
3,0.1593695878982544,692
3,0.15377646684646606,693
3,0.15903307497501373,694
3,0.13092578947544098,695
3,0.15760575234889984,696
3,0.1597135215997696,697
3,0.16010050475597382,698
3,0.10188986361026764,699
1,0.11067204177379608,700
3,0.14440275728702545,701
3,0.15781833231449127,702
3,0.1587129384279251,703
3,0.15673910081386566,704
1,0.1363537609577179,705
3,0.14505186676979065,706
3,0.15598449110984802,707
3,0.15863972902297974,708
1,0.08365444839000702,709
3,0.15445825457572937,710
3,0.16147248446941376,711
3,0.1676385998725891,712
3,0.1089382991194725,713
3,0.13774390518665314,714
3,0.140674889087677,715
1,0.12098932266235352,716
3,0.1680259108543396,717
1,0.08598677814006805,718
3,0.13414235413074493,719
3,0.14538931846618652,720
3,0.15502287447452545,721
3,0.1595488041639328,722
3,0.10411074757575989,723
3,0.14288467168807983,724
1,0.12010016292333603,725
3,0.16110356152057648,726
3,0.1331765353679657,727
3,0.15463118255138397,728
3,0.1626887023448944,729
3,0.13062185049057007,730
3,0.16180501878261566,731
3,0.1554383784532547,732
3,0.15702642500400543,733
3,0.15967708826065063,734
3,0.16024519503116608,735
1,0.12489388883113861,736
2,0.12999440729618073,737
3,0.13044998049736023,738
3,0.16262437403202057,739
3,0.16053789854049683,740
3,0.1117105782032013,741
3,0.10559646040201187,742
3,0.16033850610256195,743
4,0.13846389949321747,744
3,0.13959549367427826,745
1,0.1655750423669815,746
3,0.16574302315711975,747
2,0.13880735635757446,748
3,0.13850203156471252,749
3,0.16537877917289734,750
3,0.15807600319385529,751
3,0.1390380561351776,752
3,0.15906928479671478,753
3,0.1577620506286621,754
3,0.16318602859973907,755
3,0.16669076681137085,756
3,0.15841743350028992,757
3,0.16072575747966766,758
3,0.13990572094917297,759
3,0.1694515347480774,760
3,0.16536810994148254,761
3,0.15857115387916565,762
3,0.16075673699378967,763
3,0.16547821462154388,764
3,0.16765543818473816,765
3,0.16393175721168518,766
3,0.16191959381103516,767
3,0.1697833389043808,768
3,0.12571831047534943,769
3,0.1676870733499527,770
3,0.11132974177598953,771
4,0.17457515001296997,772
3,0.1708364337682724,773
3,0.14149418473243713,774
3,0.16005545854568481,775
3,0.13639800250530243,776
3,0.10469874739646912,777
2,0.16962069272994995,778
2,0.1613922417163849,779
3,0.16978436708450317,780
3,0.16552144289016724,781
3,0.13344314694404602,782
3,0.17021332681179047,783
3,0.1655384749174118,784
1,0.13050107657909393,785
3,0.1640356183052063,786
3,0.1618095487356186,787
3,0.16720551252365112,788
3,0.14623558521270752,789
3,0.16182632744312286,790
3,0.17023836076259613,791
3,0.1684083491563797,792
3,0.16234716773033142,793
3,0.17252054810523987,794
3,0.1768704652786255,795
3,0.1414071023464203,796
3,0.17655132710933685,797
3,0.16389459371566772,798
3,0.17247189581394196,799
3,0.11074551939964294,800
3,0.11332406103610992,801
3,0.12917116284370422,802
3,0.1720636487007141,803
4,0.17669028043746948,804
3,0.17537225782871246,805
3,0.15765541791915894,806
3,0.17499254643917084,807
1,0.10599326342344284,808
3,0.17032428085803986,809
3,0.16960100829601288,810
3,0.15202797949314117,811
3,0.14598770439624786,812
3,0.17336061596870422,813
3,0.16624324023723602,814
3,0.16403935849666595,815
3,0.13902810215950012,816
1,0.1006154865026474,817
1,0.09180115163326263,818
3,0.17942394316196442,819
3,0.17045043408870697,820
1,0.15696682035923004,821
3,0.17789441347122192,822
3,0.16885535418987274,823
3,0.16743823885917664,824
3,0.1677040010690689,825
3,0.11455973237752914,826
3,0.11440832912921906,827
3,0.17171232402324677,828
3,0.17033277451992035,829
3,0.1723565310239792,830
3,0.1639302521944046,831
3,0.15471172332763672,832
3,0.09844779968261719,833
1,0.09356484562158585,834
3,0.1456940621137619,835
3,0.1750488430261612,836
3,0.18058425188064575,837
3,0.10281213372945786,838
3,0.16706374287605286,839
3,0.1799655705690384,840
3,0.16484574973583221,841
1,0.09656627476215363,842
3,0.1154290959239006,843
3,0.10296784341335297,844
3,0.1271657943725586,845
3,0.18041595816612244,846
3,0.12730136513710022,847
3,0.1660371571779251,848
3,0.17758530378341675,849
3,0.10146922618150711,850
3,0.16487474739551544,851
3,0.1713929921388626,852
3,0.11604113131761551,853
3,0.17095467448234558,854
3,0.18480204045772552,855
3,0.15706513822078705,856
3,0.1328735649585724,857
3,0.16544441878795624,858
3,0.16861951351165771,859
3,0.1647864729166031,860
3,0.16708891093730927,861
1,0.07491178810596466,862
3,0.15108010172843933,863
3,0.17408253252506256,864
3,0.18571676313877106,865
3,0.17542968690395355,866
3,0.1759575754404068,867
3,0.1813543736934662,868
3,0.17707079648971558,869
3,0.175630122423172,870
1,0.0975075289607048,871
3,0.17403072118759155,872
3,0.16706117987632751,873
3,0.17614158987998962,874
3,0.15865881741046906,875
3,0.13580836355686188,876
3,0.13024747371673584,877
3,0.1771525889635086,878
3,0.16966599225997925,879
1,0.1035066619515419,880
3,0.1867615282535553,881
3,0.18185816705226898,882
3,0.1726987510919571,883
3,0.15156733989715576,884
3,0.12402042746543884,885
3,0.17641179263591766,886
3,0.17143703997135162,887
3,0.17811909317970276,888
3,0.17754213511943817,889
3,0.1786998212337494,890
3,0.17389340698719025,891
3,0.17116685211658478,892
3,0.1711457222700119,893
3,0.1885349601507187,894
3,0.18382984399795532,895
3,0.17174911499023438,896
3,0.15479448437690735,897
3,0.18054956197738647,898
3,0.13152694702148438,899
3,0.18700620532035828,900
3,0.17525191605091095,901
3,0.18094561994075775,902
3,0.12318535149097443,903
3,0.15529361367225647,904
3,0.1539762020111084,905
3,0.16494452953338623,906
3,0.14970166981220245,907
3,0.15572698414325714,908
3,0.1618926078081131,909
3,0.1774299591779709,910
3,0.13843560218811035,911
3,0.11998090147972107,912
3,0.1444922834634781,913
3,0.15014196932315826,914
3,0.15470869839191437,915
3,0.1464439034461975,916
1,0.0878308117389679,917
3,0.12372938543558121,918
3,0.1872357726097107,919
1,0.10092075914144516,920
3,0.12027580291032791,921
3,0.14333955943584442,922
3,0.20442186295986176,923
3,0.17998209595680237,924
3,0.128569558262825,925
3,0.13869842886924744,926
3,0.1857655644416809,927
3,0.17905820906162262,928
3,0.15098382532596588,929
1,0.10739757120609283,930
3,0.12776437401771545,931
3,0.13641077280044556,932
3,0.17640379071235657,933
3,0.17669402062892914,934
3,0.18532156944274902,935
3,0.17502616345882416,936
3,0.1942060887813568,937
3,0.19880332052707672,938
3,0.17782963812351227,939
3,0.11832721531391144,940
3,0.19465826451778412,941
3,0.12189223617315292,942
3,0.13416379690170288,943
3,0.1494644731283188,944
3,0.16448499262332916,945
1,0.0910443589091301,946
3,0.10212407261133194,947
3,0.1291818618774414,948
3,0.20060478150844574,949
3,0.18326960504055023,950
1,0.1047561839222908,951
3,0.12536406517028809,952
3,0.16565930843353271,953
3,0.14865753054618835,954
3,0.18427054584026337,955
3,0.1977115422487259,956
3,0.12598367035388947,957
3,0.13949507474899292,958
4,0.19211670756340027,959
3,0.1881265491247177,960
3,0.18863143026828766,961
3,0.18437393009662628,962
3,0.10925649851560593,963
3,0.17124885320663452,964
3,0.19743137061595917,965
3,0.20600968599319458,966
3,0.1584562212228775,967
3,0.1482023000717163,968
3,0.1454099863767624,969
3,0.12344993650913239,970
3,0.20811355113983154,971
3,0.18924981355667114,972
3,0.181585431098938,973
3,0.1910119205713272,974
3,0.1805700659751892,975
3,0.18985721468925476,976
1,0.10263866186141968,977
3,0.12560661137104034,978
3,0.16086483001708984,979
3,0.15200547873973846,980
3,0.1993277668952942,981
3,0.20062673091888428,982
3,0.18306408822536469,983
3,0.10592984408140182,984
3,0.14468099176883698,985
2,0.18310940265655518,986
3,0.10362233966588974,987
3,0.11148145794868469,988
3,0.14441505074501038,989
3,0.17376230657100677,990
3,0.16865414381027222,991
2,0.10311497002840042,992
3,0.10420529544353485,993
3,0.20299319922924042,994
3,0.18405739963054657,995
3,0.1685224175453186,996
3,0.1439235508441925,997
3,0.0998116061091423,998
3,0.12544509768486023,999
2,0.14751717448234558,1000
3,0.18167877197265625,1001
3,0.1267816573381424,1002
3,0.14298704266548157,1003
3,0.15315988659858704,1004
3,0.17511004209518433,1005
3,0.12680864334106445,1006
3,0.19010944664478302,1007
3,0.18144595623016357,1008
3,0.11834816634654999,1009
3,0.129701629281044,1010
3,0.19387252628803253,1011
3,0.19392354786396027,1012
3,0.1944907307624817,1013
3,0.1895519495010376,1014
3,0.16398127377033234,1015
3,0.18574374914169312,1016
3,0.21014538407325745,1017
3,0.18539732694625854,1018
3,0.16429759562015533,1019
3,0.1637885570526123,1020
3,0.11929451674222946,1021
3,0.19045791029930115,1022
3,0.19087788462638855,1023
3,0.12152858823537827,1024
1,0.10305844992399216,1025
3,0.14581342041492462,1026
3,0.18696962296962738,1027
3,0.1593381017446518,1028
3,0.17830544710159302,1029
3,0.19342288374900818,1030
3,0.12388993054628372,1031
3,0.1461828202009201,1032
3,0.20686489343643188,1033
3,0.19213412702083588,1034
1,0.1588115245103836,1035
3,0.18843534588813782,1036
3,0.18779143691062927,1037
3,0.10039728134870529,1038
3,0.13408689200878143,1039
3,0.1679401993751526,1040
3,0.16829758882522583,1041
3,0.20745275914669037,1042
3,0.18408077955245972,1043
3,0.10826331377029419,1044
3,0.11379748582839966,1045
3,0.12528394162654877,1046
3,0.12818820774555206,1047
3,0.1287718564271927,1048
2,0.12397078424692154,1049
3,0.20149801671504974,1050
3,0.189382404088974,1051
3,0.17128179967403412,1052
3,0.10865925997495651,1053
3,0.15513071417808533,1054
3,0.20307087898254395,1055
3,0.12702544033527374,1056
1,0.10958492755889893,1057
3,0.11195559799671173,1058
3,0.12759986519813538,1059
3,0.14112257957458496,1060
3,0.14825047552585602,1061
3,0.18996275961399078,1062
3,0.19859513640403748,1063
3,0.1720598191022873,1064
3,0.10697923600673676,1065
3,0.17764689028263092,1066
3,0.18068969249725342,1067
3,0.19930964708328247,1068
3,0.11056751757860184,1069
3,0.13157068192958832,1070
3,0.20882858335971832,1071
3,0.2076871544122696,1072
3,0.2013482004404068,1073
1,0.10566317290067673,1074
1,0.0986485481262207,1075
3,0.15707023441791534,1076
3,0.16986271739006042,1077
3,0.20957092940807343,1078
3,0.21380390226840973,1079
3,0.1760399490594864,1080
3,0.20461055636405945,1081
3,0.2078176736831665,1082
3,0.20288491249084473,1083
3,0.19365504384040833,1084
3,0.19224141538143158,1085
3,0.13295039534568787,1086
3,0.152163565158844,1087
3,0.16896668076515198,1088
3,0.200324147939682,1089
1,0.08521167933940887,1090
3,0.13226957619190216,1091
3,0.21940554678440094,1092
3,0.2065880298614502,1093
3,0.10847841203212738,1094
3,0.17129850387573242,1095
3,0.19345153868198395,1096
3,0.13514725863933563,1097
3,0.14984501898288727,1098
1,0.10788389295339584,1099
3,0.1671627312898636,1100
3,0.2224860042333603,1101
3,0.2250324934720993,1102
3,0.17442752420902252,1103
3,0.18491126596927643,1104
3,0.18524599075317383,1105
3,0.22100253403186798,1106
3,0.22627376019954681,1107
3,0.20740191638469696,1108
3,0.1368720531463623,1109
3,0.1361180543899536,1110
3,0.14618852734565735,1111
3,0.14906993508338928,1112
3,0.1947392076253891,1113
3,0.22154708206653595,1114
3,0.19878756999969482,1115
3,0.19986972212791443,1116
3,0.14691077172756195,1117
3,0.2080364227294922,1118
3,0.20038630068302155,1119
3,0.18534475564956665,1120
3,0.2075941264629364,1121
4,0.2219814509153366,1122
3,0.22020986676216125,1123
3,0.1990005075931549,1124
3,0.18232941627502441,1125
3,0.16617050766944885,1126
3,0.1574825644493103,1127
3,0.16020368039608002,1128
3,0.20020176470279694,1129
3,0.1598697006702423,1130
3,0.1884675920009613,1131
3,0.21854330599308014,1132
3,0.18324938416481018,1133
3,0.18125657737255096,1134
3,0.22334171831607819,1135
3,0.22900772094726562,1136
3,0.21149170398712158,1137
3,0.11549236625432968,1138
3,0.18997418880462646,1139
3,0.2128659337759018,1140
3,0.11182205379009247,1141
3,0.1581905633211136,1142
3,0.1293327659368515,1143
3,0.18366016447544098,1144
3,0.22035472095012665,1145
3,0.2181597650051117,1146
3,0.14569734036922455,1147
3,0.1585731953382492,1148
3,0.20420974493026733,1149
3,0.19707418978214264,1150
3,0.15889446437358856,1151
3,0.19407571852207184,1152
3,0.1560671627521515,1153
3,0.15847381949424744,1154
3,0.12623243033885956,1155
4,0.1594427227973938,1156
3,0.13053661584854126,1157
3,0.12449828535318375,1158
3,0.15922415256500244,1159
3,0.20571406185626984,1160
1,0.18011121451854706,1161
3,0.13071948289871216,1162
3,0.14821603894233704,1163
3,0.20519709587097168,1164
3,0.1510462462902069,1165
3,0.20056697726249695,1166
3,0.2069561630487442,1167
3,0.15755389630794525,1168
3,0.22661131620407104,1169
3,0.20319657027721405,1170
3,0.2048589438199997,1171
3,0.20110449194908142,1172
3,0.2035970538854599,1173
3,0.18941928446292877,1174
3,0.22916090488433838,1175
3,0.2227087914943695,1176
3,0.14141802489757538,1177
3,0.1511056125164032,1178
3,0.2304270714521408,1179
3,0.1266363561153412,1180
3,0.11508583277463913,1181
1,0.10579363256692886,1182
2,0.1513160616159439,1183
3,0.22101937234401703,1184
3,0.15160946547985077,1185
3,0.15572066605091095,1186
3,0.20158423483371735,1187
3,0.1251658946275711,1188
3,0.15190064907073975,1189
3,0.23002922534942627,1190
3,0.233710378408432,1191
3,0.19129613041877747,1192
3,0.22827591001987457,1193
3,0.15910354256629944,1194
3,0.22670511901378632,1195
3,0.20424345135688782,1196
3,0.1331591010093689,1197
1,0.12007351964712143,1198
3,0.23019260168075562,1199
3,0.21204905211925507,1200
3,0.11244197934865952,1201
2,0.1334586888551712,1202
3,0.14859291911125183,1203
3,0.20743001997470856,1204
3,0.21262528002262115,1205
3,0.2059684544801712,1206
3,0.14999589323997498,1207
3,0.1607283651828766,1208
3,0.19691790640354156,1209
3,0.21327659487724304,1210
3,0.20206786692142487,1211
3,0.16495129466056824,1212
3,0.15173155069351196,1213
3,0.1401810199022293,1214
3,0.133663609623909,1215
3,0.16247747838497162,1216
1,0.13512945175170898,1217
3,0.17709538340568542,1218
3,0.1169244721531868,1219
3,0.18767134845256805,1220
3,0.150956928730011,1221
3,0.11410468816757202,1222
3,0.1464618444442749,1223
3,0.19652429223060608,1224
3,0.19939960539340973,1225
3,0.24399591982364655,1226
3,0.14508651196956635,1227
3,0.24525612592697144,1228
3,0.23670539259910583,1229
3,0.23983433842658997,1230
3,0.21544212102890015,1231
3,0.19701820611953735,1232
3,0.23450163006782532,1233
3,0.20232918858528137,1234
3,0.2459990233182907,1235
3,0.14445365965366364,1236
3,0.21309544146060944,1237
3,0.21772000193595886,1238
3,0.13530299067497253,1239
3,0.16885095834732056,1240
3,0.24849218130111694,1241
3,0.1255606710910797,1242
3,0.11188381165266037,1243
3,0.16920962929725647,1244
3,0.20084863901138306,1245
3,0.20165130496025085,1246
3,0.21166880428791046,1247
4,0.15751412510871887,1248
3,0.17249800264835358,1249
3,0.22241494059562683,1250
3,0.2391234040260315,1251
3,0.18390819430351257,1252
3,0.13986214995384216,1253
3,0.22093462944030762,1254
3,0.2202012985944748,1255
3,0.18305164575576782,1256
3,0.14371085166931152,1257
3,0.14185428619384766,1258
3,0.2005927562713623,1259
3,0.21229414641857147,1260
3,0.24133917689323425,1261
3,0.14067518711090088,1262
3,0.2027597278356552,1263
3,0.23720358312129974,1264
3,0.24207040667533875,1265
3,0.10814373940229416,1266
3,0.12076089531183243,1267
3,0.14042674005031586,1268
3,0.19063884019851685,1269
3,0.19293273985385895,1270
3,0.1601988971233368,1271
3,0.14851467311382294,1272
3,0.15445706248283386,1273
3,0.1590225249528885,1274
3,0.22666554152965546,1275
3,0.22447343170642853,1276
3,0.14456845819950104,1277
3,0.12382063269615173,1278
3,0.1451561152935028,1279
3,0.17765574157238007,1280
3,0.22404292225837708,1281
3,0.22121289372444153,1282
3,0.1559365689754486,1283
3,0.14104057848453522,1284
3,0.1410909742116928,1285
3,0.14419128000736237,1286
3,0.22810542583465576,1287
3,0.12436061352491379,1288
3,0.2084369659423828,1289
3,0.21433846652507782,1290
3,0.16844624280929565,1291
3,0.22006526589393616,1292
3,0.2076513171195984,1293
3,0.25413012504577637,1294
3,0.2528804540634155,1295
3,0.12363792955875397,1296
2,0.1551331877708435,1297
3,0.22080467641353607,1298
4,0.1555081307888031,1299
3,0.22551682591438293,1300
3,0.16163738071918488,1301
1,0.10609778761863708,1302
3,0.13933850824832916,1303
3,0.1964847594499588,1304
3,0.15787804126739502,1305
1,0.09965158998966217,1306
3,0.15377818048000336,1307
3,0.15685740113258362,1308
3,0.23192329704761505,1309
3,0.14564155042171478,1310
3,0.2457827925682068,1311
3,0.20243878662586212,1312
3,0.12789654731750488,1313
1,0.10388893634080887,1314
3,0.19009535014629364,1315
3,0.2558706998825073,1316
3,0.14444386959075928,1317
3,0.1446337103843689,1318
3,0.23021376132965088,1319
3,0.24252556264400482,1320
3,0.11825999617576599,1321
3,0.2328367531299591,1322
3,0.23080752789974213,1323
3,0.14365187287330627,1324
3,0.1477043181657791,1325
3,0.21677273511886597,1326
3,0.22791488468647003,1327
3,0.20555007457733154,1328
3,0.17574504017829895,1329
3,0.17429348826408386,1330
3,0.1587044894695282,1331
3,0.19312041997909546,1332
3,0.26256200671195984,1333
3,0.24405010044574738,1334
3,0.22593149542808533,1335
3,0.14178156852722168,1336
2,0.14306926727294922,1337
3,0.22213421761989594,1338
3,0.22143034636974335,1339
3,0.1409372240304947,1340
4,0.14326521754264832,1341
3,0.1680181622505188,1342
3,0.2584531307220459,1343
3,0.23865264654159546,1344
3,0.18491141498088837,1345
3,0.17297223210334778,1346
1,0.11604870855808258,1347
2,0.14352674782276154,1348
3,0.17891931533813477,1349
3,0.25940629839897156,1350
3,0.20543242990970612,1351
1,0.03134537860751152,1352
3,0.1416207104921341,1353
3,0.22985941171646118,1354
2,0.10798027366399765,1355
3,0.14312681555747986,1356
3,0.14404568076133728,1357
4,0.10742761194705963,1358
3,0.15103329718112946,1359
3,0.2030503898859024,1360
3,0.21463727951049805,1361
3,0.235017329454422,1362
3,0.21888630092144012,1363
2,0.1814967691898346,1364
3,0.22212326526641846,1365
1,0.10305597633123398,1366
3,0.21012350916862488,1367
3,0.1799280047416687,1368
3,0.13505694270133972,1369
3,0.13318116962909698,1370
1,0.14403344690799713,1371
3,0.25956490635871887,1372
3,0.22449429333209991,1373
3,0.17545008659362793,1374
3,0.14608120918273926,1375
3,0.24442647397518158,1376
3,0.18597742915153503,1377
1,0.22206486761569977,1378
3,0.2421112358570099,1379
3,0.2147447168827057,1380
3,0.2688819468021393,1381
3,0.24970664083957672,1382
3,0.19264373183250427,1383
3,0.28148841857910156,1384
3,0.24534615874290466,1385
3,0.19059531390666962,1386
3,0.28222811222076416,1387
3,0.24621322751045227,1388
3,0.1869405061006546,1389
3,0.22515179216861725,1390
3,0.19498644769191742,1391
3,0.1310213804244995,1392
3,0.22938784956932068,1393
3,0.22692525386810303,1394
3,0.19861750304698944,1395
3,0.2360895723104477,1396
3,0.2544250786304474,1397
3,0.24996861815452576,1398
2,0.14943556487560272,1399
3,0.1801864355802536,1400
3,0.1792929619550705,1401
4,0.14965218305587769,1402
3,0.2665662467479706,1403
3,0.2519037425518036,1404
3,0.17032977938652039,1405
3,0.21426928043365479,1406
3,0.2155650556087494,1407
3,0.14826837182044983,1408
3,0.216792032122612,1409
3,0.22037722170352936,1410
3,0.21719133853912354,1411
3,0.12561094760894775,1412
3,0.12594951689243317,1413
3,0.2620267868041992,1414
3,0.23671576380729675,1415
3,0.25826913118362427,1416
3,0.20388269424438477,1417
3,0.2572993040084839,1418
3,0.2662961781024933,1419
3,0.17244994640350342,1420
3,0.1923464685678482,1421
3,0.24990026652812958,1422
3,0.12356577813625336,1423
2,0.18283790349960327,1424
3,0.18510176241397858,1425
3,0.2607434093952179,1426
3,0.23716503381729126,1427
3,0.26347509026527405,1428
3,0.18059298396110535,1429
3,0.2619211673736572,1430
3,0.21248383820056915,1431
1,0.1902129352092743,1432
3,0.29290226101875305,1433
3,0.2989431917667389,1434
3,0.28546908497810364,1435
3,0.26510030031204224,1436
3,0.2610872685909271,1437
3,0.2611640691757202,1438
3,0.30071473121643066,1439
3,0.27221375703811646,1440
3,0.2704375982284546,1441
3,0.2636050581932068,1442
3,0.2628229558467865,1443
3,0.27289852499961853,1444
3,0.26308420300483704,1445
2,0.33191928267478943,1446
3,0.2677820026874542,1447
3,0.12131562829017639,1448
3,0.12145374715328217,1449
3,0.1292664259672165,1450
4,0.14665499329566956,1451
3,0.23534730076789856,1452
3,0.28474152088165283,1453
3,0.12577249109745026,1454
3,0.19084928929805756,1455
3,0.12701375782489777,1456
3,0.20829883217811584,1457
2,0.12097637355327606,1458
3,0.2400643527507782,1459
3,0.3080270290374756,1460
3,0.3096931576728821,1461
3,0.2626817524433136,1462
3,0.31092947721481323,1463
3,0.2428511679172516,1464
3,0.31226617097854614,1465
3,0.31118273735046387,1466
3,0.13031898438930511,1467
3,0.13261833786964417,1468
3,0.1820126324892044,1469
3,0.1830190271139145,1470
3,0.13637059926986694,1471
3,0.1396932452917099,1472
3,0.15707260370254517,1473
3,0.27962905168533325,1474
3,0.13075923919677734,1475
3,0.2787289023399353,1476
3,0.17972737550735474,1477
3,0.323028564453125,1478
3,0.31302380561828613,1479
3,0.2818368971347809,1480
3,0.19077998399734497,1481
1,0.06899122893810272,1482
3,0.2868906557559967,1483
3,0.27118951082229614,1484
3,0.23892103135585785,1485
4,0.14472098648548126,1486
3,0.17739734053611755,1487
3,0.166853666305542,1488
3,0.2932259440422058,1489
3,0.24968259036540985,1490
3,0.33132848143577576,1491
3,0.3130691945552826,1492
3,0.27635160088539124,1493
3,0.2103063464164734,1494
3,0.1522599160671234,1495
3,0.17079037427902222,1496
3,0.2882276773452759,1497
3,0.27733656764030457,1498
3,0.14559203386306763,1499
3,0.17858000099658966,1500
3,0.17636792361736298,1501
3,0.3276231288909912,1502
3,0.2872611880302429,1503
3,0.2780393958091736,1504
3,0.2110675871372223,1505
3,0.1450181007385254,1506
3,0.16367988288402557,1507
3,0.17634546756744385,1508
3,0.1792697012424469,1509
3,0.3297063410282135,1510
4,0.34227368235588074,1511
3,0.24467283487319946,1512
3,0.1393163651227951,1513
3,0.14230000972747803,1514
3,0.17405414581298828,1515
3,0.30527085065841675,1516
3,0.28334471583366394,1517
3,0.13610103726387024,1518
3,0.2543436586856842,1519
2,0.31172701716423035,1520
1,0.29413604736328125,1521
3,0.27005213499069214,1522
3,0.3423954248428345,1523
3,0.30023762583732605,1524
3,0.2709631323814392,1525
3,0.13471294939517975,1526
3,0.13754233717918396,1527
2,0.31102225184440613,1528
3,0.34382736682891846,1529
3,0.2957279086112976,1530
3,0.15825706720352173,1531
3,0.18358241021633148,1532
3,0.28484150767326355,1533
3,0.29824525117874146,1534
3,0.28587543964385986,1535
3,0.13190066814422607,1536
1,0.10030907392501831,1537
3,0.28587302565574646,1538
3,0.22127187252044678,1539
3,0.35375145077705383,1540
3,0.27986741065979004,1541
3,0.22051642835140228,1542
3,0.17123816907405853,1543
3,0.22981828451156616,1544
3,0.2810770273208618,1545
3,0.287982702255249,1546
3,0.18349559605121613,1547
3,0.12950517237186432,1548
3,0.1303078979253769,1549
3,0.1650029420852661,1550
3,0.2186700701713562,1551
3,0.2793048322200775,1552
3,0.36057358980178833,1553
3,0.3273121118545532,1554
1,0.15224520862102509,1555
1,0.11841472238302231,1556
3,0.17275452613830566,1557
3,0.17913416028022766,1558
3,0.3067725896835327,1559
3,0.2673226296901703,1560
3,0.2219976931810379,1561
3,0.1825059950351715,1562
3,0.3045596480369568,1563
3,0.3074195086956024,1564
3,0.30518656969070435,1565
3,0.18840983510017395,1566
3,0.3091057538986206,1567
4,0.3052560091018677,1568
3,0.2967430651187897,1569
3,0.30003806948661804,1570
3,0.2027018964290619,1571
3,0.19991867244243622,1572
3,0.11831199377775192,1573
3,0.1892540007829666,1574
2,0.31742846965789795,1575
3,0.1704150289297104,1576
2,0.38167235255241394,1577
3,0.20350758731365204,1578
3,0.12204022705554962,1579
3,0.2866305112838745,1580
3,0.3212529718875885,1581
3,0.1719902604818344,1582
3,0.17224331200122833,1583
3,0.29837745428085327,1584
3,0.18761293590068817,1585
3,0.2747642993927002,1586
3,0.295596182346344,1587
3,0.2726665735244751,1588
3,0.23235027492046356,1589
3,0.2313048541545868,1590
3,0.20377279818058014,1591
3,0.18067802488803864,1592
3,0.19326740503311157,1593
3,0.20409612357616425,1594
3,0.2729841470718384,1595
3,0.27672135829925537,1596
3,0.3116060197353363,1597
3,0.30871346592903137,1598
3,0.3068528175354004,1599
1,0.1320301592350006,1600
3,0.19451726973056793,1601
3,0.2749272584915161,1602
2,0.3243706524372101,1603
3,0.2915366590023041,1604
3,0.21210095286369324,1605
3,0.22124285995960236,1606
3,0.2904880940914154,1607
3,0.323071151971817,1608
3,0.3085237741470337,1609
3,0.307506799697876,1610
3,0.3295186758041382,1611
3,0.32849785685539246,1612
3,0.1973820924758911,1613
2,0.38709795475006104,1614
3,0.20581017434597015,1615
3,0.19196723401546478,1616
3,0.33263441920280457,1617
3,0.3187294602394104,1618
3,0.3063754737377167,1619
3,0.2026073932647705,1620
3,0.31371602416038513,1621
3,0.2101336419582367,1622
3,0.1910904049873352,1623
3,0.20087067782878876,1624
3,0.30911242961883545,1625
3,0.30152371525764465,1626
3,0.2057575136423111,1627
3,0.31114065647125244,1628
3,0.20229803025722504,1629
3,0.24151402711868286,1630
3,0.23008202016353607,1631
3,0.21526028215885162,1632
3,0.20235107839107513,1633
3,0.3251846730709076,1634
3,0.20824041962623596,1635
2,0.3895711600780487,1636
3,0.23593991994857788,1637
3,0.32823416590690613,1638
1,0.11880401521921158,1639
3,0.20084163546562195,1640
3,0.20426416397094727,1641
3,0.28628551959991455,1642
3,0.30556976795196533,1643
3,0.2215903103351593,1644
3,0.31847062706947327,1645
3,0.24615360796451569,1646
3,0.20315539836883545,1647
3,0.20808108150959015,1648
3,0.22231772541999817,1649
3,0.3308693468570709,1650
3,0.21612082421779633,1651
3,0.19896607100963593,1652
3,0.286710262298584,1653
3,0.1658933162689209,1654
3,0.18364696204662323,1655
3,0.20971746742725372,1656
3,0.18392528593540192,1657
3,0.21070662140846252,1658
1,0.05067972466349602,1659
3,0.2060408741235733,1660
3,0.24247786402702332,1661
3,0.32049360871315,1662
2,0.3942716121673584,1663
3,0.1853683441877365,1664
3,0.185675710439682,1665
3,0.21127872169017792,1666
3,0.33567002415657043,1667
3,0.2556190490722656,1668
1,0.08011487126350403,1669
3,0.33660534024238586,1670
3,0.29242071509361267,1671
3,0.3366048038005829,1672
3,0.21705541014671326,1673
3,0.22907717525959015,1674
3,0.34763407707214355,1675
3,0.33991366624832153,1676
1,0.12420488148927689,1677
3,0.2184247374534607,1678
3,0.32899734377861023,1679
3,0.2973663806915283,1680
3,0.1818099170923233,1681
3,0.22135256230831146,1682
3,0.21044215559959412,1683
3,0.24234740436077118,1684
3,0.2111041098833084,1685
3,0.3147279620170593,1686
3,0.12577374279499054,1687
3,0.15408290922641754,1688
3,0.3469803035259247,1689
3,0.24478687345981598,1690
3,0.2349195033311844,1691
3,0.34183868765830994,1692
2,0.35067468881607056,1693
3,0.3636409640312195,1694
3,0.2652134597301483,1695
3,0.2585798501968384,1696
1,0.17440514266490936,1697
3,0.35954922437667847,1698
3,0.19331760704517365,1699
3,0.2568405270576477,1700
3,0.36744242906570435,1701
3,0.22960485517978668,1702
3,0.2562228739261627,1703
3,0.34303930401802063,1704
3,0.3457237184047699,1705
3,0.20946505665779114,1706
3,0.37238991260528564,1707
3,0.36143139004707336,1708
3,0.3228840231895447,1709
3,0.3519012928009033,1710
3,0.32394617795944214,1711
3,0.13527531921863556,1712
2,0.36126384139060974,1713
3,0.13370785117149353,1714
3,0.24371151626110077,1715
3,0.23733480274677277,1716
3,0.32946616411209106,1717
3,0.2792412340641022,1718
3,0.13660600781440735,1719
3,0.14738242328166962,1720
2,0.40819260478019714,1721
3,0.39648887515068054,1722
3,0.21214328706264496,1723
3,0.21851854026317596,1724
3,0.22538402676582336,1725
3,0.2422059327363968,1726
3,0.22605492174625397,1727
3,0.4036611020565033,1728
3,0.4001646041870117,1729
3,0.16206949949264526,1730
3,0.16257131099700928,1731
3,0.38759949803352356,1732
3,0.2845354974269867,1733
3,0.34171169996261597,1734
3,0.2569996416568756,1735
3,0.34505581855773926,1736
3,0.33925384283065796,1737
2,0.37429919838905334,1738
2,0.41254881024360657,1739
3,0.39424026012420654,1740
3,0.34748318791389465,1741
3,0.250480592250824,1742
3,0.39590200781822205,1743
3,0.24731697142124176,1744
3,0.1311270296573639,1745
3,0.3544699549674988,1746
3,0.21285009384155273,1747
3,0.2161284238100052,1748
3,0.25750213861465454,1749
3,0.28383007645606995,1750
3,0.13337372243404388,1751
3,0.3574731945991516,1752
3,0.35661888122558594,1753
2,0.41675806045532227,1754
3,0.3243713974952698,1755
3,0.2706996500492096,1756
3,0.18586084246635437,1757
3,0.3613942563533783,1758
3,0.28632041811943054,1759
2,0.38398975133895874,1760
3,0.18421337008476257,1761
3,0.191859632730484,1762
3,0.1559733897447586,1763
3,0.17910060286521912,1764
3,0.40977799892425537,1765
3,0.12972992658615112,1766
3,0.1606466919183731,1767
3,0.17427171766757965,1768
3,0.3938208222389221,1769
3,0.4139356017112732,1770
3,0.16943855583667755,1771
3,0.21018877625465393,1772
3,0.24439536035060883,1773
1,0.11670953780412674,1774
2,0.4204614460468292,1775
3,0.2452920377254486,1776
2,0.4215462803840637,1777
3,0.13231784105300903,1778
3,0.16347186267375946,1779
3,0.2157614827156067,1780
3,0.2971815764904022,1781
3,0.2538008391857147,1782
3,0.23294609785079956,1783
3,0.28167232871055603,1784
3,0.33803898096084595,1785
3,0.3807428181171417,1786
2,0.4239818751811981,1787
3,0.30061760544776917,1788
2,0.4250849783420563,1789
3,0.2608608305454254,1790
3,0.23638617992401123,1791
3,0.21802106499671936,1792
3,0.22242344915866852,1793
2,0.40079838037490845,1794
3,0.14005602896213531,1795
3,0.3978547751903534,1796
3,0.17376238107681274,1797
3,0.21917176246643066,1798
3,0.21958285570144653,1799
3,0.23225978016853333,1800
3,0.2557130455970764,1801
3,0.33256715536117554,1802
1,0.11400927603244781,1803
3,0.4152548611164093,1804
3,0.31270089745521545,1805
3,0.17793363332748413,1806
3,0.23974058032035828,1807
3,0.2913973331451416,1808
3,0.313698410987854,1809
3,0.24717627465724945,1810
2,0.4298112988471985,1811
3,0.3370550274848938,1812
3,0.17338411509990692,1813
3,0.2125246673822403,1814
3,0.25042033195495605,1815
3,0.3533157706260681,1816
1,0.13438680768013,1817
3,0.15543490648269653,1818
3,0.33988937735557556,1819
3,0.3204881250858307,1820
3,0.2880648672580719,1821
3,0.22743968665599823,1822
2,0.4320845901966095,1823
3,0.1584685891866684,1824
3,0.11964215338230133,1825
3,0.2682538330554962,1826
1,0.18731485307216644,1827
3,0.16164134442806244,1828
3,0.30909040570259094,1829
3,0.18822751939296722,1830
3,0.1621917337179184,1831
3,0.27037644386291504,1832
3,0.304516464471817,1833
3,0.31182369589805603,1834
3,0.16163858771324158,1835
3,0.31280484795570374,1836
3,0.19111131131649017,1837
3,0.31614136695861816,1838
3,0.24920183420181274,1839
3,0.3073556423187256,1840
3,0.13330791890621185,1841
3,0.2578572630882263,1842
3,0.14195537567138672,1843
3,0.3193090856075287,1844
3,0.12195855379104614,1845
2,0.41464993357658386,1846
3,0.2894257605075836,1847
3,0.19671544432640076,1848
3,0.17356804013252258,1849
3,0.3166944980621338,1850
3,0.3460470139980316,1851
1,0.28393906354904175,1852
3,0.17118506133556366,1853
3,0.39187878370285034,1854
3,0.2918964922428131,1855
3,0.23130793869495392,1856
1,0.16023874282836914,1857
3,0.1759612262248993,1858
3,0.23869654536247253,1859
3,0.24900846183300018,1860
3,0.3194660246372223,1861
3,0.21342313289642334,1862
3,0.3901374638080597,1863
3,0.2533920407295227,1864
3,0.37268587946891785,1865
3,0.29511719942092896,1866
3,0.21977926790714264,1867
3,0.23707304894924164,1868
3,0.23466719686985016,1869
3,0.19215738773345947,1870
3,0.30065926909446716,1871
3,0.14620555937290192,1872
3,0.2054985761642456,1873
3,0.24595174193382263,1874
3,0.2985784113407135,1875
3,0.27768611907958984,1876
3,0.2676750421524048,1877
4,0.2299642115831375,1878
3,0.25689053535461426,1879
2,0.42132487893104553,1880
3,0.27769771218299866,1881
3,0.2669103741645813,1882
3,0.2977365553379059,1883
3,0.2896110713481903,1884
3,0.2797206938266754,1885
3,0.1997179239988327,1886
3,0.1366792917251587,1887
4,0.2131929248571396,1888
3,0.2043781280517578,1889
3,0.3006015419960022,1890
3,0.14778903126716614,1891
3,0.15025682747364044,1892
3,0.3972880244255066,1893
3,0.2945162355899811,1894
3,0.2735000550746918,1895
3,0.15050633251667023,1896
3,0.26807889342308044,1897
3,0.24043717980384827,1898
3,0.2034870684146881,1899
3,0.2040667086839676,1900
3,0.2583153247833252,1901
2,0.4158622920513153,1902
2,0.40630409121513367,1903
3,0.2885405421257019,1904
3,0.27030500769615173,1905
3,0.25912439823150635,1906
3,0.26133379340171814,1907
3,0.23068436980247498,1908
3,0.15427501499652863,1909
3,0.35810375213623047,1910
3,0.13370446860790253,1911
3,0.21155154705047607,1912
3,0.10600670427083969,1913
2,0.10519426316022873,1914
3,0.1410544216632843,1915
2,0.08521613478660583,1916
3,0.10602682083845139,1917
3,0.20755258202552795,1918
3,0.20089778304100037,1919
3,0.09530140459537506,1920
3,0.15168645977973938,1921
2,0.08760959655046463,1922
3,0.1467275172472,1923
3,0.15011708438396454,1924
3,0.1518814116716385,1925
3,0.15543073415756226,1926
3,0.3256022334098816,1927
3,0.24539640545845032,1928
3,0.30868440866470337,1929
3,0.2583385109901428,1930
3,0.23982562124729156,1931
3,0.1529339998960495,1932
3,0.1614353507757187,1933
3,0.28283995389938354,1934
3,0.2524679899215698,1935
2,0.24073438346385956,1936
3,0.13157396018505096,1937
3,0.26161330938339233,1938
3,0.17417533695697784,1939
3,0.17349757254123688,1940
3,0.34174656867980957,1941
3,0.1971348375082016,1942
3,0.13505417108535767,1943
3,0.13775664567947388,1944
2,0.17309820652008057,1945
3,0.26233968138694763,1946
3,0.20000503957271576,1947
3,0.21483664214611053,1948
3,0.17240522801876068,1949
3,0.12872783839702606,1950
3,0.2651192545890808,1951
3,0.20762383937835693,1952
3,0.20228177309036255,1953
3,0.34664982557296753,1954
3,0.24976633489131927,1955
3,0.1962636113166809,1956
3,0.12625692784786224,1957
3,0.14175346493721008,1958
3,0.24588993191719055,1959
3,0.2388284057378769,1960
2,0.4169405996799469,1961
3,0.20384912192821503,1962
3,0.410136342048645,1963
3,0.12231782078742981,1964
3,0.220720574259758,1965
3,0.23001205921173096,1966
3,0.3220948874950409,1967
3,0.12470590323209763,1968
3,0.21086347103118896,1969
3,0.16255071759223938,1970
3,0.12364339828491211,1971
1,0.10114719718694687,1972
2,0.15222923457622528,1973
3,0.14982916414737701,1974
3,0.21334780752658844,1975
3,0.26053184270858765,1976
3,0.15180249512195587,1977
1,0.1132664829492569,1978
3,0.21407096087932587,1979
3,0.24579572677612305,1980
1,0.14874663949012756,1981
1,0.1172342523932457,1982
3,0.35000160336494446,1983
3,0.35690388083457947,1984
3,0.4047339856624603,1985
1,0.1254795789718628,1986
3,0.38232505321502686,1987
1,0.1789572387933731,1988
1,0.10622082650661469,1989
3,0.20094291865825653,1990
3,0.38705888390541077,1991
3,0.26124584674835205,1992
3,0.3887688219547272,1993
1,0.1647934466600418,1994
3,0.4106965661048889,1995
2,0.41865187883377075,1996
3,0.25462400913238525,1997
3,0.23699434101581573,1998
2,0.1424398124217987,1999
3,0.2076629102230072,2000
3,0.23189274966716766,2001
3,0.22860845923423767,2002
3,0.22551408410072327,2003
3,0.24863892793655396,2004
2,0.14767536520957947,2005
3,0.15210668742656708,2006
3,0.23451371490955353,2007
3,0.2713678479194641,2008
3,0.2168784737586975,2009
3,0.24697677791118622,2010
3,0.23067091405391693,2011
3,0.3643890917301178,2012
3,0.15902188420295715,2013
3,0.37093329429626465,2014
3,0.24321497976779938,2015
3,0.36180952191352844,2016
3,0.3569338619709015,2017
2,0.41861018538475037,2018
3,0.2782227098941803,2019
3,0.2752591371536255,2020
3,0.21256472170352936,2021
3,0.2862212061882019,2022
3,0.3058373034000397,2023
3,0.24763871729373932,2024
3,0.16378025710582733,2025
3,0.2832915186882019,2026
3,0.2270449995994568,2027
3,0.18149952590465546,2028
3,0.16012516617774963,2029
3,0.18958088755607605,2030
3,0.18403296172618866,2031
3,0.15563546121120453,2032
3,0.11753425747156143,2033
3,0.38096681237220764,2034
3,0.40253493189811707,2035
3,0.36764875054359436,2036
3,0.19077883660793304,2037
3,0.10958519577980042,2038
3,0.15830011665821075,2039
3,0.2489244043827057,2040
2,0.4196435511112213,2041
3,0.11048031598329544,2042
3,0.24566100537776947,2043
3,0.2498045265674591,2044
3,0.10754124820232391,2045
3,0.16437408328056335,2046
3,0.16821908950805664,2047
3,0.24973519146442413,2048
3,0.25042200088500977,2049
3,0.250853568315506,2050
1,0.0992467924952507,2051
3,0.26015639305114746,2052
3,0.25269344449043274,2053
3,0.24779868125915527,2054
3,0.26278266310691833,2055
3,0.2556283473968506,2056
3,0.3483597934246063,2057
3,0.19748640060424805,2058
3,0.2852323353290558,2059
3,0.2732771635055542,2060
3,0.11767125874757767,2061
3,0.28903672099113464,2062
3,0.1271635740995407,2063
3,0.3045591413974762,2064
3,0.13572441041469574,2065
3,0.26105204224586487,2066
3,0.16466279327869415,2067
1,0.10982870310544968,2068
2,0.3195438086986542,2069
3,0.30720284581184387,2070
1,0.13344398140907288,2071
3,0.3307618796825409,2072
2,0.42113110423088074,2073
1,0.0427074059844017,2074
3,0.15537989139556885,2075
3,0.14295095205307007,2076
3,0.37754514813423157,2077
3,0.3002031743526459,2078
2,0.3142569959163666,2079
1,0.11335757374763489,2080
3,0.1738034188747406,2081
3,0.17432011663913727,2082
3,0.1553773730993271,2083
3,0.16651944816112518,2084
3,0.1647510677576065,2085
3,0.16089913249015808,2086
3,0.16429688036441803,2087
3,0.16720356047153473,2088
2,0.421334832906723,2089
3,0.12938286364078522,2090
3,0.23524560034275055,2091
3,0.13043397665023804,2092
3,0.2285502851009369,2093
3,0.1588430255651474,2094
3,0.22635838389396667,2095
3,0.12731783092021942,2096
3,0.2888733744621277,2097
3,0.2832147777080536,2098
3,0.39782950282096863,2099
3,0.1654975563287735,2100
2,0.4211907386779785,2101
1,0.14767074584960938,2102
3,0.40658026933670044,2103
3,0.18284019827842712,2104
3,0.21415495872497559,2105
1,0.10610473155975342,2106
3,0.10836528986692429,2107
3,0.13672198355197906,2108
3,0.2539299726486206,2109
3,0.2434139996767044,2110
3,0.27301880717277527,2111
3,0.25699225068092346,2112
3,0.21772144734859467,2113
1,0.1244797557592392,2114
3,0.1876532882452011,2115
3,0.416422963142395,2116
2,0.4219897985458374,2117
3,0.3494790196418762,2118
3,0.2800188958644867,2119
3,0.304618775844574,2120
3,0.2937019467353821,2121
1,0.11992523074150085,2122
3,0.3057931065559387,2123
3,0.4125453531742096,2124
3,0.1772034764289856,2125
2,0.2975141406059265,2126
3,0.17260360717773438,2127
2,0.42303991317749023,2128
3,0.1888801008462906,2129
3,0.2796778380870819,2130
3,0.26929017901420593,2131
3,0.3729466199874878,2132
3,0.20253631472587585,2133
3,0.3220095634460449,2134
2,0.423597127199173,2135
3,0.18239940702915192,2136
3,0.20377521216869354,2137
3,0.2360547035932541,2138
1,0.07885544002056122,2139
3,0.4003635346889496,2140
3,0.25124847888946533,2141
3,0.2719719707965851,2142
3,0.12547442317008972,2143
3,0.22993749380111694,2144
3,0.22119896113872528,2145
3,0.2885856330394745,2146
3,0.1858346164226532,2147
3,0.2969382703304291,2148
3,0.2003149837255478,2149
3,0.27800342440605164,2150
3,0.2020420879125595,2151
3,0.21524357795715332,2152
2,0.42440536618232727,2153
2,0.31203487515449524,2154
3,0.2819978892803192,2155
3,0.12918028235435486,2156
3,0.26012346148490906,2157
3,0.34994742274284363,2158
3,0.12882418930530548,2159
3,0.26349249482154846,2160
3,0.18209755420684814,2161
1,0.10461434721946716,2162
3,0.25031378865242004,2163
1,0.10012748837471008,2164
3,0.17616410553455353,2165
3,0.24858343601226807,2166
3,0.2225915491580963,2167
3,0.2468511164188385,2168
3,0.22055961191654205,2169
3,0.1736339032649994,2170
3,0.20645947754383087,2171
3,0.12952861189842224,2172
1,0.11990664154291153,2173
3,0.2005806714296341,2174
3,0.24790900945663452,2175
2,0.42532050609588623,2176
3,0.2743622660636902,2177
3,0.3911316990852356,2178
1,0.13111568987369537,2179
1,0.11654932796955109,2180
3,0.1961742341518402,2181
3,0.13223157823085785,2182
3,0.20570094883441925,2183
3,0.26919037103652954,2184
3,0.17084191739559174,2185
2,0.18914666771888733,2186
1,0.11401565372943878,2187
3,0.19258739054203033,2188
3,0.20142872631549835,2189
3,0.21377553045749664,2190
3,0.2719227969646454,2191
3,0.1863117814064026,2192
3,0.1523592621088028,2193
3,0.11706653982400894,2194
3,0.15555359423160553,2195
3,0.1698874831199646,2196
2,0.42563241720199585,2197
3,0.12104738503694534,2198
3,0.14889772236347198,2199
3,0.12333428114652634,2200
3,0.2023063600063324,2201
3,0.1712847650051117,2202
3,0.29912444949150085,2203
3,0.22566191852092743,2204
3,0.2978760004043579,2205
1,0.11715403944253922,2206
3,0.185523122549057,2207
3,0.19508105516433716,2208
3,0.2263849973678589,2209
3,0.3166755139827728,2210
3,0.14041410386562347,2211
3,0.14277300238609314,2212
1,0.13726602494716644,2213
3,0.16959147155284882,2214
3,0.16349908709526062,2215
3,0.23225809633731842,2216
3,0.23245659470558167,2217
3,0.2481849044561386,2218
3,0.3340831995010376,2219
1,0.16678950190544128,2220
3,0.12647531926631927,2221
1,0.025643344968557358,2222
3,0.22077226638793945,2223
3,0.16512751579284668,2224
1,0.1604337990283966,2225
3,0.2027660608291626,2226
3,0.12756991386413574,2227
3,0.15110330283641815,2228
3,0.21031130850315094,2229
3,0.13802635669708252,2230
3,0.3740411400794983,2231
3,0.2587963938713074,2232
3,0.22239680588245392,2233
3,0.17150434851646423,2234
3,0.22340306639671326,2235
1,0.11398047208786011,2236
2,0.4119490683078766,2237
1,0.17652592062950134,2238
3,0.17343474924564362,2239
3,0.1974254697561264,2240
1,0.12904034554958344,2241
3,0.17187999188899994,2242
3,0.114963598549366,2243
3,0.21577376127243042,2244
3,0.16590681672096252,2245
3,0.17115700244903564,2246
3,0.132226824760437,2247
3,0.14398714900016785,2248
5,0.14766906201839447,2249
2,0.14722122251987457,2250
3,0.14499443769454956,2251
3,0.11776696890592575,2252
3,0.16686685383319855,2253
3,0.23199190199375153,2254
3,0.14703385531902313,2255
3,0.21135975420475006,2256
3,0.13828212022781372,2257
3,0.18555356562137604,2258
3,0.13800573348999023,2259
1,0.10593050718307495,2260
1,0.13366049528121948,2261
3,0.14233267307281494,2262
1,0.1199149638414383,2263
3,0.14641031622886658,2264
3,0.15271438658237457,2265
3,0.14337582886219025,2266
1,0.11879848688840866,2267
3,0.15544889867305756,2268
3,0.23655010759830475,2269
3,0.1327386498451233,2270
3,0.12803371250629425,2271
3,0.15174156427383423,2272
3,0.2312765121459961,2273
3,0.12208352237939835,2274
3,0.12164350599050522,2275
3,0.1647356003522873,2276
3,0.1637023389339447,2277
3,0.1666356772184372,2278
3,0.17124392092227936,2279
3,0.12313169986009598,2280
2,0.3875139355659485,2281
1,0.24765466153621674,2282
3,0.1723085343837738,2283
3,0.26628684997558594,2284
3,0.14955288171768188,2285
3,0.14687691628932953,2286
3,0.31200507283210754,2287
3,0.13400307297706604,2288
3,0.13159625232219696,2289
3,0.14249664545059204,2290
3,0.14290079474449158,2291
3,0.1242099329829216,2292
3,0.3725873827934265,2293
3,0.14363595843315125,2294
3,0.2319488227367401,2295
3,0.1276741474866867,2296
3,0.14445380866527557,2297
3,0.22333014011383057,2298
2,0.38000059127807617,2299
2,0.3371255695819855,2300
3,0.14449745416641235,2301
3,0.2245233952999115,2302
1,0.13326884806156158,2303
3,0.11948224157094955,2304
3,0.19074609875679016,2305
3,0.33019500970840454,2306
3,0.26314306259155273,2307
1,0.041234325617551804,2308
3,0.143030047416687,2309
3,0.2285696119070053,2310
3,0.1566840261220932,2311
3,0.1252129077911377,2312
3,0.26546114683151245,2313
3,0.11966764181852341,2314
3,0.25526300072669983,2315
3,0.1681910753250122,2316
3,0.17404724657535553,2317
3,0.16171661019325256,2318
3,0.11881835013628006,2319
3,0.28950950503349304,2320
3,0.301594078540802,2321
3,0.2922910153865814,2322
3,0.28792813420295715,2323
3,0.1648949533700943,2324
3,0.2772967517375946,2325
3,0.16639162600040436,2326
3,0.15446817874908447,2327
3,0.15204009413719177,2328
3,0.1987597942352295,2329
3,0.2015015184879303,2330
3,0.21291065216064453,2331
3,0.2138492316007614,2332
2,0.36581531167030334,2333
3,0.13647423684597015,2334
3,0.13906703889369965,2335
3,0.18875090777873993,2336
3,0.12530705332756042,2337
1,0.11319643259048462,2338
3,0.13868382573127747,2339
3,0.35980361700057983,2340
3,0.18462680280208588,2341
3,0.2715016007423401,2342
2,0.3634060025215149,2343
3,0.19754846394062042,2344
3,0.1790798455476761,2345
3,0.185102641582489,2346
3,0.24907279014587402,2347
3,0.32926952838897705,2348
3,0.2515900135040283,2349
3,0.14960648119449615,2350
1,0.007421878166496754,2351
1,0.07680116593837738,2352
3,0.28178882598876953,2353
3,0.29674655199050903,2354
3,0.30761614441871643,2355
3,0.19508786499500275,2356
3,0.19365276396274567,2357
3,0.17647685110569,2358
3,0.17156413197517395,2359
3,0.24317732453346252,2360
3,0.18098531663417816,2361
3,0.14414429664611816,2362
3,0.1342160850763321,2363
3,0.17263653874397278,2364
3,0.19039398431777954,2365
3,0.146050363779068,2366
3,0.1365717351436615,2367
3,0.16322429478168488,2368
3,0.1707298904657364,2369
3,0.16127674281597137,2370
3,0.13271880149841309,2371
3,0.13281214237213135,2372
2,0.3360418677330017,2373
3,0.1619550585746765,2374
3,0.13089248538017273,2375
3,0.13116507232189178,2376
3,0.11740182340145111,2377
3,0.16140961647033691,2378
3,0.21530644595623016,2379
3,0.28996047377586365,2380
3,0.16252681612968445,2381
3,0.12745001912117004,2382
3,0.2679993212223053,2383
3,0.16294501721858978,2384
3,0.29228463768959045,2385
3,0.15464475750923157,2386
3,0.1269756406545639,2387
3,0.1632363498210907,2388
3,0.15007390081882477,2389
3,0.14562518894672394,2390
3,0.14393174648284912,2391
3,0.3177681565284729,2392
3,0.3075466752052307,2393
3,0.16363486647605896,2394
3,0.20291247963905334,2395
3,0.21214747428894043,2396
3,0.14342106878757477,2397
3,0.14938223361968994,2398
3,0.20177945494651794,2399
3,0.21117840707302094,2400
3,0.21602365374565125,2401
1,0.1115715503692627,2402
2,0.3442564904689789,2403
3,0.12307807803153992,2404
3,0.15139950811862946,2405
3,0.14119286835193634,2406
3,0.1564359962940216,2407
3,0.2192525565624237,2408
3,0.1714557260274887,2409
2,0.2199101746082306,2410
2,0.33540570735931396,2411
3,0.15766386687755585,2412
3,0.24718384444713593,2413
3,0.14024890959262848,2414
3,0.22037465870380402,2415
3,0.17225652933120728,2416
3,0.22083480656147003,2417
3,0.22511297464370728,2418
3,0.24872058629989624,2419
3,0.17137260735034943,2420
3,0.2320975959300995,2421
3,0.25038135051727295,2422
3,0.25970399379730225,2423
3,0.1383240818977356,2424
2,0.33496513962745667,2425
3,0.2865265905857086,2426
3,0.16846595704555511,2427
3,0.21573953330516815,2428
3,0.3276527523994446,2429
3,0.12776385247707367,2430
3,0.13262973725795746,2431
3,0.22523237764835358,2432
3,0.1780695766210556,2433
3,0.13162538409233093,2434
3,0.12929581105709076,2435
3,0.1375897079706192,2436
3,0.11831418424844742,2437
2,0.33058077096939087,2438
3,0.14193396270275116,2439
3,0.11305218935012817,2440
3,0.14073681831359863,2441
3,0.13362810015678406,2442
1,0.11285677552223206,2443
1,0.1125190332531929,2444
3,0.21187858283519745,2445
3,0.20680132508277893,2446
3,0.1830262839794159,2447
3,0.19860337674617767,2448
3,0.21996529400348663,2449
3,0.24429859220981598,2450
3,0.19915829598903656,2451
3,0.22065865993499756,2452
3,0.25266775488853455,2453
3,0.27132606506347656,2454
1,0.10473134368658066,2455
3,0.24711006879806519,2456
3,0.31873783469200134,2457
2,0.32319313287734985,2458
3,0.1805371642112732,2459
3,0.16263654828071594,2460
3,0.12701605260372162,2461
3,0.14493219554424286,2462
3,0.14186957478523254,2463
3,0.12659995257854462,2464
1,0.12476924806833267,2465
3,0.11684884130954742,2466
3,0.20191486179828644,2467
3,0.1882658302783966,2468
3,0.19198627769947052,2469
3,0.26209673285484314,2470
3,0.14072269201278687,2471
3,0.12252367287874222,2472
3,0.1682516634464264,2473
3,0.14712126553058624,2474
3,0.1768069565296173,2475
3,0.18926341831684113,2476
3,0.18076607584953308,2477
3,0.3010883629322052,2478
3,0.1242622584104538,2479
3,0.15488342940807343,2480
3,0.2707367241382599,2481
3,0.15527896583080292,2482
3,0.1906810998916626,2483
3,0.19837157428264618,2484
3,0.23406840860843658,2485
3,0.2815348505973816,2486
3,0.1693807989358902,2487
3,0.23499181866645813,2488
3,0.23145893216133118,2489
2,0.3345789611339569,2490
3,0.12576374411582947,2491
3,0.1655586212873459,2492
3,0.20144881308078766,2493
3,0.29007095098495483,2494
3,0.16713102161884308,2495
3,0.2540566027164459,2496
3,0.15484045445919037,2497
3,0.16663335263729095,2498
3,0.2520362436771393,2499
3,0.166978657245636,2500
3,0.1408257633447647,2501
2,0.3146018385887146,2502
3,0.13469119369983673,2503
2,0.3158752918243408,2504
3,0.3140561878681183,2505
3,0.24941153824329376,2506
3,0.22969073057174683,2507
1,0.13754791021347046,2508
3,0.1636924147605896,2509
3,0.16476215422153473,2510
3,0.29422295093536377,2511
3,0.17124123871326447,2512
3,0.29649633169174194,2513
3,0.13837766647338867,2514
3,0.29288002848625183,2515
2,0.32072943449020386,2516
3,0.1754419505596161,2517
3,0.24821747839450836,2518
3,0.24805380403995514,2519
3,0.15818360447883606,2520
3,0.2086104154586792,2521
3,0.16191095113754272,2522
3,0.14990469813346863,2523
3,0.20053334534168243,2524
2,0.33401238918304443,2525
2,0.16166163980960846,2526
3,0.20007428526878357,2527
3,0.1613190770149231,2528
1,0.12938320636749268,2529
3,0.18379321694374084,2530
3,0.2797272801399231,2531
4,0.16064932942390442,2532
3,0.11909213662147522,2533
3,0.24018904566764832,2534
3,0.1845559924840927,2535
3,0.11726588010787964,2536
3,0.202427938580513,2537
3,0.18327923119068146,2538
3,0.24149197340011597,2539
3,0.1468321830034256,2540
3,0.24226900935173035,2541
3,0.15408246219158173,2542
3,0.18341508507728577,2543
1,0.12400906533002853,2544
3,0.1536702811717987,2545
3,0.19583196938037872,2546
3,0.18954060971736908,2547
3,0.15762850642204285,2548
3,0.22057577967643738,2549
3,0.2975916266441345,2550
3,0.23522444069385529,2551
3,0.1793161779642105,2552
3,0.18960754573345184,2553
2,0.33985838294029236,2554
3,0.18137414753437042,2555
3,0.23441144824028015,2556
3,0.154823899269104,2557
2,0.332705020904541,2558
3,0.2376309633255005,2559
3,0.12054947763681412,2560
3,0.13222162425518036,2561
3,0.33399078249931335,2562
3,0.2320180982351303,2563
1,0.06991232931613922,2564
3,0.11511539667844772,2565
3,0.1848864108324051,2566
3,0.1840522140264511,2567
3,0.1910189837217331,2568
3,0.2140517383813858,2569
3,0.18364408612251282,2570
3,0.17762291431427002,2571
3,0.18820683658123016,2572
3,0.2786100208759308,2573
2,0.3503047823905945,2574
3,0.26352885365486145,2575
3,0.2567674219608307,2576
3,0.17985904216766357,2577
3,0.26903897523880005,2578
3,0.19962024688720703,2579
3,0.285214364528656,2580
3,0.2732524573802948,2581
3,0.26420295238494873,2582
3,0.2903410494327545,2583
3,0.2273191660642624,2584
3,0.17468945682048798,2585
3,0.14612668752670288,2586
3,0.19569481909275055,2587
3,0.3399678170681,2588
3,0.2508241534233093,2589
3,0.2477269172668457,2590
3,0.173947274684906,2591
1,0.13649512827396393,2592
3,0.17686864733695984,2593
2,0.3574906587600708,2594
3,0.24855844676494598,2595
3,0.2041240781545639,2596
3,0.2026093453168869,2597
3,0.1515326350927353,2598
3,0.14705890417099,2599
1,0.06234868988394737,2600
3,0.2899969518184662,2601
3,0.139688178896904,2602
3,0.24974176287651062,2603
3,0.14927835762500763,2604
3,0.3386085033416748,2605
3,0.22064119577407837,2606
3,0.06648840010166168,2607
3,0.11355901509523392,2608
3,0.13488657772541046,2609
3,0.13840973377227783,2610
3,0.2585204541683197,2611
3,0.20877957344055176,2612
3,0.11738140881061554,2613
2,0.33223438262939453,2614
3,0.206101655960083,2615
3,0.14766621589660645,2616
3,0.2734653949737549,2617
3,0.2763378918170929,2618
3,0.20547795295715332,2619
3,0.276286244392395,2620
3,0.26058515906333923,2621
3,0.16921761631965637,2622
3,0.15224622189998627,2623
3,0.1691502034664154,2624
3,0.32386690378189087,2625
3,0.26158908009529114,2626
3,0.2702538073062897,2627
3,0.1900152862071991,2628
2,0.15345986187458038,2629
3,0.15198048949241638,2630
3,0.2173730731010437,2631
2,0.3757114112377167,2632
3,0.24081188440322876,2633
3,0.154004767537117,2634
2,0.33195480704307556,2635
3,0.3269312083721161,2636
3,0.19157783687114716,2637
3,0.12841680645942688,2638
3,0.1637086719274521,2639
3,0.2316596508026123,2640
3,0.16306473314762115,2641
3,0.18651241064071655,2642
3,0.22881798446178436,2643
2,0.16189531981945038,2644
3,0.11661680787801743,2645
3,0.13391846418380737,2646
3,0.16544730961322784,2647
1,0.11499648541212082,2648
3,0.16132909059524536,2649
3,0.2918274700641632,2650
3,0.15583233535289764,2651
3,0.16463109850883484,2652
3,0.27532529830932617,2653
2,0.3885197043418884,2654
3,0.27987977862358093,2655
3,0.1617956906557083,2656
3,0.16345059871673584,2657
3,0.3675166368484497,2658
3,0.18714545667171478,2659
3,0.2399279624223709,2660
3,0.22009463608264923,2661
3,0.3472759425640106,2662
1,0.12507382035255432,2663
1,0.1128988191485405,2664
3,0.16001088917255402,2665
3,0.37739354372024536,2666
3,0.3787895441055298,2667
3,0.164059579372406,2668
3,0.374627023935318,2669
2,0.1205449029803276,2670
3,0.3754469156265259,2671
3,0.3251083791255951,2672
3,0.15446168184280396,2673
3,0.3028296232223511,2674
3,0.3721447288990021,2675
2,0.3311818838119507,2676
3,0.15938706696033478,2677
3,0.1387714147567749,2678
3,0.23414871096611023,2679
3,0.12021719664335251,2680
3,0.1608971208333969,2681
1,0.1208772286772728,2682
2,0.40541359782218933,2683
3,0.2606385350227356,2684
3,0.3085800111293793,2685
3,0.17711178958415985,2686
3,0.1605602502822876,2687
3,0.13581068813800812,2688
3,0.1490010768175125,2689
3,0.31478962302207947,2690
3,0.2179512083530426,2691
3,0.22809983789920807,2692
3,0.24875232577323914,2693
3,0.3059377670288086,2694
3,0.29545778036117554,2695
3,0.13334815204143524,2696
3,0.11725558340549469,2697
3,0.14833267033100128,2698
3,0.19024135172367096,2699
3,0.1331111043691635,2700
3,0.1898823082447052,2701
3,0.17482303082942963,2702
2,0.2797660529613495,2703
4,0.28045472502708435,2704
3,0.16953358054161072,2705
3,0.17599770426750183,2706
3,0.28951209783554077,2707
3,0.18849514424800873,2708
3,0.12147007882595062,2709
2,0.40066787600517273,2710
3,0.12039091438055038,2711
3,0.13622066378593445,2712
3,0.14462655782699585,2713
3,0.2019752711057663,2714
3,0.2569046914577484,2715
3,0.15464742481708527,2716
3,0.1980283409357071,2717
3,0.17557786405086517,2718
3,0.16224344074726105,2719
3,0.17320393025875092,2720
3,0.1950685977935791,2721
3,0.38495564460754395,2722
3,0.13430102169513702,2723
3,0.14139780402183533,2724
3,0.22012698650360107,2725
3,0.25950172543525696,2726
3,0.11955542117357254,2727
3,0.26103872060775757,2728
3,0.2535751760005951,2729
3,0.19267603754997253,2730
3,0.1878434717655182,2731
3,0.14010365307331085,2732
3,0.14959004521369934,2733
3,0.26014506816864014,2734
2,0.33071550726890564,2735
3,0.2524905800819397,2736
3,0.3610767424106598,2737
3,0.15307316184043884,2738
2,0.39464202523231506,2739
3,0.18398919701576233,2740
3,0.12584128975868225,2741
3,0.2582826614379883,2742
3,0.30459094047546387,2743
3,0.19472041726112366,2744
3,0.1603448987007141,2745
3,0.19078309834003448,2746
3,0.29047641158103943,2747
2,0.18279361724853516,2748
3,0.1600278913974762,2749
3,0.1724640130996704,2750
3,0.1664574146270752,2751
3,0.21485571563243866,2752
3,0.2556939125061035,2753
3,0.20939134061336517,2754
3,0.18187038600444794,2755
3,0.16790971159934998,2756
3,0.21010947227478027,2757
1,0.09144967049360275,2758
3,0.11966600269079208,2759
3,0.12658573687076569,2760
3,0.18506750464439392,2761
3,0.206228107213974,2762
3,0.19836248457431793,2763
3,0.23185326159000397,2764
3,0.17494919896125793,2765
3,0.1311800479888916,2766
4,0.3788778483867645,2767
3,0.1760343313217163,2768
3,0.17539705336093903,2769
3,0.17362120747566223,2770
3,0.24797660112380981,2771
3,0.17410632967948914,2772
3,0.13321489095687866,2773
3,0.11658615618944168,2774
3,0.12917226552963257,2775
3,0.2511942684650421,2776
2,0.3899328410625458,2777
3,0.2192511260509491,2778
3,0.14322102069854736,2779
3,0.19465862214565277,2780
3,0.1338513344526291,2781
3,0.17541718482971191,2782
3,0.2179548740386963,2783
3,0.1476561576128006,2784
3,0.21666787564754486,2785
3,0.2569887638092041,2786
3,0.16659720242023468,2787
3,0.23780474066734314,2788
3,0.37703660130500793,2789
3,0.17089657485485077,2790
3,0.17351017892360687,2791
3,0.1880040019750595,2792
3,0.3741855025291443,2793
3,0.2571861743927002,2794
3,0.1591842770576477,2795
2,0.16867579519748688,2796
3,0.2991049289703369,2797
3,0.1597447544336319,2798
4,0.16894406080245972,2799
3,0.18270836770534515,2800
3,0.20635244250297546,2801
3,0.2982161343097687,2802
3,0.274565726518631,2803
3,0.3205353915691376,2804
2,0.3846330940723419,2805
2,0.32937145233154297,2806
3,0.20841529965400696,2807
3,0.14861120283603668,2808
2,0.1682896763086319,2809
3,0.18577052652835846,2810
3,0.23903518915176392,2811
3,0.16801060736179352,2812
3,0.2904148995876312,2813
3,0.151933953166008,2814
3,0.20005783438682556,2815
1,0.12032777070999146,2816
1,0.10925893485546112,2817
3,0.1811724454164505,2818
3,0.24331656098365784,2819
2,0.3293091654777527,2820
3,0.3257308900356293,2821
3,0.20406709611415863,2822
3,0.19900384545326233,2823
3,0.18652209639549255,2824
3,0.35376206040382385,2825
3,0.24969983100891113,2826
3,0.19864019751548767,2827
3,0.1700197458267212,2828
3,0.3439948558807373,2829
2,0.38084378838539124,2830
3,0.1986236572265625,2831
3,0.288390576839447,2832
3,0.13783033192157745,2833
3,0.14117269217967987,2834
3,0.18300695717334747,2835
3,0.2646610140800476,2836
3,0.14142759144306183,2837
3,0.28596535325050354,2838
3,0.18544180691242218,2839
3,0.2768825590610504,2840
3,0.28496891260147095,2841
3,0.28923431038856506,2842
3,0.3583788275718689,2843
3,0.1922919601202011,2844
3,0.1825413554906845,2845
3,0.19469378888607025,2846
3,0.2753412127494812,2847
3,0.22055266797542572,2848
3,0.13584010303020477,2849
3,0.3656667172908783,2850
3,0.1572098433971405,2851
3,0.21204322576522827,2852
3,0.2489032745361328,2853
3,0.281186580657959,2854
3,0.18084879219532013,2855
3,0.21149198710918427,2856
3,0.28013673424720764,2857
3,0.13370582461357117,2858
3,0.19189715385437012,2859
3,0.20263680815696716,2860
3,0.19238747656345367,2861
3,0.23234008252620697,2862
3,0.26825645565986633,2863
3,0.27782320976257324,2864
3,0.18549008667469025,2865
1,0.05482254922389984,2866
3,0.15377062559127808,2867
2,0.37625986337661743,2868
3,0.1651361733675003,2869
3,0.33119291067123413,2870
3,0.2972930073738098,2871
3,0.29165229201316833,2872
3,0.22413359582424164,2873
3,0.22681699693202972,2874
3,0.3183567523956299,2875
3,0.3688211441040039,2876
3,0.35218459367752075,2877
3,0.16640427708625793,2878
3,0.1780390441417694,2879
3,0.20263069868087769,2880
3,0.06370476633310318,2881
3,0.12451823055744171,2882
3,0.15923453867435455,2883
3,0.2788006067276001,2884
3,0.21465277671813965,2885
2,0.31417545676231384,2886
3,0.20831716060638428,2887
3,0.3402807116508484,2888
3,0.34703534841537476,2889
3,0.2087518572807312,2890
2,0.37216871976852417,2891
3,0.17323188483715057,2892
3,0.1625414490699768,2893
3,0.2126179039478302,2894
3,0.3221554458141327,2895
3,0.16873054206371307,2896
3,0.26040226221084595,2897
3,0.30682507157325745,2898
3,0.31665387749671936,2899
3,0.1768765151500702,2900
3,0.16585734486579895,2901
3,0.34296277165412903,2902
3,0.20976042747497559,2903
3,0.2093459963798523,2904
3,0.1868104487657547,2905
1,0.06231440603733063,2906
3,0.2103504091501236,2907
3,0.18730825185775757,2908
3,0.12772873044013977,2909
3,0.30325427651405334,2910
3,0.2000352293252945,2911
3,0.35479846596717834,2912
3,0.21974001824855804,2913
2,0.12943527102470398,2914
3,0.1505274474620819,2915
3,0.25435447692871094,2916
3,0.2832091748714447,2917
3,0.299356073141098,2918
3,0.2262946367263794,2919
3,0.21860995888710022,2920
3,0.20466503500938416,2921
3,0.18876945972442627,2922
4,0.1296609491109848,2923
3,0.1361265778541565,2924
3,0.13996560871601105,2925
3,0.15074199438095093,2926
3,0.32353475689888,2927
3,0.20612888038158417,2928
3,0.24389541149139404,2929
3,0.1367996335029602,2930
3,0.16120171546936035,2931
3,0.34215766191482544,2932
3,0.15587292611598969,2933
3,0.16290871798992157,2934
3,0.19867515563964844,2935
3,0.31307241320610046,2936
2,0.3677901029586792,2937
2,0.305693119764328,2938
3,0.23849062621593475,2939
1,0.12845507264137268,2940
3,0.15481750667095184,2941
3,0.15996690094470978,2942
3,0.1788468062877655,2943
3,0.26303422451019287,2944
3,0.2787664830684662,2945
3,0.12929567694664001,2946
3,0.16200952231884003,2947
3,0.17811010777950287,2948
3,0.19775399565696716,2949
3,0.3348650336265564,2950
3,0.30811235308647156,2951
2,0.29981905221939087,2952
3,0.15278775990009308,2953
4,0.3009164333343506,2954
3,0.29225075244903564,2955
3,0.16165772080421448,2956
3,0.14894992113113403,2957
3,0.27435556054115295,2958
3,0.3513001501560211,2959
3,0.3534572124481201,2960
3,0.28162071108818054,2961
3,0.15432649850845337,2962
3,0.2977827787399292,2963
2,0.2982732355594635,2964
3,0.2971864342689514,2965
2,0.36432385444641113,2966
3,0.2613227963447571,2967
3,0.19854684174060822,2968
1,0.10852410644292831,2969
3,0.29181501269340515,2970
3,0.2821241617202759,2971
3,0.3463861048221588,2972
3,0.35075005888938904,2973
3,0.27356263995170593,2974
3,0.20146818459033966,2975
3,0.1577405333518982,2976
3,0.188439279794693,2977
3,0.2540106177330017,2978
3,0.15874649584293365,2979
1,0.09464219212532043,2980
3,0.16925238072872162,2981
3,0.28082025051116943,2982
3,0.1628088653087616,2983
3,0.1609308123588562,2984
3,0.16761934757232666,2985
3,0.2914617657661438,2986
2,0.3596932291984558,2987
3,0.22865773737430573,2988
3,0.27563515305519104,2989
3,0.31684204936027527,2990
3,0.2254662960767746,2991
3,0.2744801938533783,2992
3,0.16563569009304047,2993
3,0.2881336212158203,2994
3,0.31430038809776306,2995
3,0.34515005350112915,2996
3,0.2225772738456726,2997
3,0.14496245980262756,2998
3,0.3229581415653229,2999
3,0.24889825284481049,3000
3,0.15846142172813416,3001
3,0.28648248314857483,3002
3,0.2577317953109741,3003
3,0.1482245773077011,3004
3,0.18188972771167755,3005
3,0.135272815823555,3006
3,0.13797661662101746,3007
3,0.30332040786743164,3008
3,0.216645747423172,3009
3,0.2705625593662262,3010
3,0.28021931648254395,3011
2,0.35560160875320435,3012
3,0.1629159301519394,3013
3,0.2779574692249298,3014
3,0.29774293303489685,3015
3,0.2093028724193573,3016
3,0.13961422443389893,3017
3,0.22178910672664642,3018
3,0.25238192081451416,3019
3,0.2974364161491394,3020
3,0.30674973130226135,3021
3,0.22638222575187683,3022
3,0.2207653671503067,3023
3,0.2427349090576172,3024
3,0.2083422839641571,3025
3,0.14875724911689758,3026
3,0.21279187500476837,3027
3,0.2530890107154846,3028
3,0.2585894763469696,3029
3,0.20243901014328003,3030
3,0.24063900113105774,3031
3,0.231981098651886,3032
3,0.2520156800746918,3033
3,0.216100811958313,3034
3,0.2536623477935791,3035
3,0.2723771333694458,3036
3,0.1468447595834732,3037
3,0.15966710448265076,3038
3,0.19785229861736298,3039
3,0.20420749485492706,3040
3,0.19867612421512604,3041
3,0.24859018623828888,3042
3,0.2446952909231186,3043
3,0.3195836544036865,3044
3,0.24696354568004608,3045
2,0.3514307141304016,3046
3,0.21161575615406036,3047
3,0.16855451464653015,3048
3,0.19056621193885803,3049
3,0.20870231091976166,3050
3,0.14666356146335602,3051
3,0.23434869945049286,3052
3,0.2647722065448761,3053
3,0.27591896057128906,3054
3,0.3105489909648895,3055
3,0.21035972237586975,3056
3,0.1470286101102829,3057
3,0.13654358685016632,3058
3,0.2264603078365326,3059
3,0.24193337559700012,3060
2,0.3090490698814392,3061
3,0.15450754761695862,3062
3,0.21169725060462952,3063
3,0.30622199177742004,3064
3,0.20671726763248444,3065
3,0.15665490925312042,3066
1,0.09979266673326492,3067
3,0.21092922985553741,3068
3,0.17126978933811188,3069
3,0.1689835488796234,3070
3,0.20294485986232758,3071
3,0.2601467967033386,3072
3,0.22405056655406952,3073
3,0.2396629899740219,3074
3,0.22286340594291687,3075
3,0.18363548815250397,3076
3,0.23906360566616058,3077
3,0.2358565777540207,3078
3,0.2736746072769165,3079
3,0.15631377696990967,3080
3,0.1741463989019394,3081
3,0.13215452432632446,3082
3,0.20711514353752136,3083
3,0.1986907571554184,3084
3,0.2080540955066681,3085
3,0.19389064610004425,3086
3,0.19538825750350952,3087
3,0.2108747959136963,3088
3,0.20295171439647675,3089
2,0.3442913293838501,3090
3,0.1947714388370514,3091
3,0.21772773563861847,3092
3,0.2152918577194214,3093
3,0.1514926552772522,3094
3,0.2769092321395874,3095
3,0.2629528343677521,3096
3,0.29178595542907715,3097
3,0.1727421134710312,3098
3,0.13225126266479492,3099
3,0.14246435463428497,3100
3,0.2585606276988983,3101
3,0.26406118273735046,3102
3,0.21742354333400726,3103
3,0.17323090136051178,3104
3,0.17159482836723328,3105
3,0.17793430387973785,3106
3,0.2051219493150711,3107
4,0.22627565264701843,3108
3,0.2440948337316513,3109
2,0.33650749921798706,3110
3,0.2179039716720581,3111
3,0.20391573011875153,3112
1,0.13567256927490234,3113
3,0.2522216737270355,3114
3,0.33684682846069336,3115
3,0.21214626729488373,3116
3,0.19117769598960876,3117
3,0.17866505682468414,3118
3,0.20107263326644897,3119
3,0.20174069702625275,3120
3,0.23376896977424622,3121
3,0.2020729035139084,3122
3,0.2058287411928177,3123
3,0.1997203379869461,3124
3,0.21394744515419006,3125
3,0.20976608991622925,3126
3,0.24033093452453613,3127
3,0.2539423108100891,3128
3,0.26024335622787476,3129
1,0.11348030716180801,3130
3,0.20630024373531342,3131
3,0.18328461050987244,3132
3,0.16152499616146088,3133
3,0.283868670463562,3134
3,0.23766964673995972,3135
3,0.1811748892068863,3136
3,0.13938307762145996,3137
3,0.16420772671699524,3138
1,0.1106247678399086,3139
3,0.13870471715927124,3140
3,0.19029025733470917,3141
2,0.31959816813468933,3142
3,0.20005391538143158,3143
3,0.22253485023975372,3144
3,0.31569984555244446,3145
2,0.31579986214637756,3146
1,0.08142716437578201,3147
3,0.1907881200313568,3148
3,0.19741040468215942,3149
3,0.20183666050434113,3150
3,0.21727506816387177,3151
3,0.314799427986145,3152
1,0.1695660948753357,3153
3,0.24420486390590668,3154
3,0.15607623755931854,3155
3,0.1982140839099884,3156
3,0.11639577150344849,3157
3,0.2621718943119049,3158
3,0.21200451254844666,3159
3,0.27163368463516235,3160
2,0.3092387318611145,3161
3,0.19308960437774658,3162
3,0.13347506523132324,3163
3,0.18452110886573792,3164
3,0.2389441579580307,3165
3,0.3089817464351654,3166
3,0.13177303969860077,3167
3,0.21803982555866241,3168
3,0.2577681839466095,3169
3,0.31206199526786804,3170
3,0.30849191546440125,3171
3,0.20754872262477875,3172
3,0.19588570296764374,3173
3,0.19029544293880463,3174
3,0.29517778754234314,3175
3,0.29911908507347107,3176
3,0.3107532262802124,3177
3,0.2403109073638916,3178
3,0.1345299780368805,3179
1,0.08835913240909576,3180
3,0.18516050279140472,3181
3,0.20924381911754608,3182
3,0.23691049218177795,3183
3,0.24931277334690094,3184
3,0.20280979573726654,3185
3,0.17269718647003174,3186
3,0.18423500657081604,3187
3,0.23569832742214203,3188
3,0.26824334263801575,3189
3,0.15278559923171997,3190
3,0.17697004973888397,3191
3,0.22691278159618378,3192
3,0.2399786412715912,3193
3,0.275676429271698,3194
3,0.185146301984787,3195
3,0.15350617468357086,3196
3,0.1829560250043869,3197
3,0.23431894183158875,3198
3,0.2524033784866333,3199
3,0.12150636315345764,3200
3,0.21611663699150085,3201
1,0.12943467497825623,3202
3,0.16995663940906525,3203
3,0.11859932541847229,3204
3,0.29133525490760803,3205
3,0.20780929923057556,3206
3,0.2087612897157669,3207
3,0.26171594858169556,3208
3,0.2548486888408661,3209
1,0.11089698225259781,3210
3,0.15182557702064514,3211
3,0.1718004196882248,3212
3,0.18912185728549957,3213
3,0.252328097820282,3214
3,0.14832040667533875,3215
3,0.1315983384847641,3216
3,0.1874861717224121,3217
3,0.18713390827178955,3218
3,0.2713519036769867,3219
3,0.2782415747642517,3220
3,0.2769882380962372,3221
2,0.2879408299922943,3222
3,0.18945300579071045,3223
3,0.13920430839061737,3224
3,0.29239821434020996,3225
3,0.17902569472789764,3226
1,0.12994912266731262,3227
3,0.26469045877456665,3228
3,0.27172136306762695,3229
3,0.19470107555389404,3230
3,0.17194107174873352,3231
3,0.10912864655256271,3232
3,0.1755962073802948,3233
2,0.11025341600179672,3234
3,0.2705705463886261,3235
3,0.11171851307153702,3236
3,0.2837747037410736,3237
3,0.262535959482193,3238
3,0.2445516288280487,3239
2,0.27861493825912476,3240
3,0.1455806940793991,3241
3,0.2766140401363373,3242
3,0.153059720993042,3243
3,0.13693208992481232,3244
3,0.17185483872890472,3245
3,0.1683717519044876,3246
3,0.26898878812789917,3247
3,0.17220044136047363,3248
3,0.2422320395708084,3249
3,0.13630640506744385,3250
3,0.16661779582500458,3251
3,0.2552017569541931,3252
3,0.2717045545578003,3253
3,0.18194404244422913,3254
1,0.10882315784692764,3255
3,0.18938764929771423,3256
3,0.18227553367614746,3257
3,0.14741164445877075,3258
1,0.14623811841011047,3259
3,0.170350581407547,3260
3,0.20112814009189606,3261
3,0.2578931450843811,3262
3,0.2574825584888458,3263
3,0.15058913826942444,3264
3,0.20292480289936066,3265
3,0.24822546541690826,3266
3,0.1692194938659668,3267
1,0.11218371242284775,3268
3,0.1773078739643097,3269
3,0.24741509556770325,3270
3,0.2483002096414566,3271
3,0.1561436802148819,3272
3,0.16384197771549225,3273
3,0.17035800218582153,3274
2,0.267738938331604,3275
3,0.16753773391246796,3276
3,0.2461957484483719,3277
3,0.21036438643932343,3278
3,0.21222303807735443,3279
3,0.23714296519756317,3280
3,0.1531801074743271,3281
3,0.23647144436836243,3282
3,0.1336892694234848,3283
3,0.1642783284187317,3284
3,0.21666169166564941,3285
3,0.24153557419776917,3286
3,0.14173580706119537,3287
3,0.16356360912322998,3288
3,0.17701013386249542,3289
3,0.19032056629657745,3290
3,0.18432025611400604,3291
3,0.19708511233329773,3292
1,0.14665131270885468,3293
1,0.11803532391786575,3294
3,0.18835659325122833,3295
3,0.1960884928703308,3296
3,0.2039344310760498,3297
3,0.20661936700344086,3298
1,0.09420167654752731,3299
3,0.14898726344108582,3300
3,0.2607642710208893,3301
3,0.25277194380760193,3302
3,0.170218363404274,3303
3,0.25508061051368713,3304
3,0.25571560859680176,3305
3,0.24163515865802765,3306
3,0.1600244641304016,3307
3,0.12716935575008392,3308
3,0.16355064511299133,3309
3,0.19051620364189148,3310
3,0.18018747866153717,3311
3,0.18637855350971222,3312
1,0.12688256800174713,3313
3,0.12588302791118622,3314
3,0.15234601497650146,3315
1,0.14767637848854065,3316
3,0.2093200385570526,3317
4,0.2482757270336151,3318
3,0.17258134484291077,3319
3,0.16364087164402008,3320
3,0.14573220908641815,3321
3,0.1618121713399887,3322
3,0.17801791429519653,3323
3,0.24622201919555664,3324
3,0.1957668513059616,3325
3,0.19897785782814026,3326
3,0.19095812737941742,3327
3,0.18646496534347534,3328
3,0.1418006420135498,3329
3,0.16193121671676636,3330
3,0.1761990487575531,3331
3,0.18905554711818695,3332
3,0.20583567023277283,3333
1,0.13953036069869995,3334
3,0.1218707263469696,3335
3,0.14599385857582092,3336
3,0.12699560821056366,3337
3,0.1696242392063141,3338
3,0.22244925796985626,3339
3,0.14536786079406738,3340
3,0.18160122632980347,3341
3,0.24960419535636902,3342
3,0.23080116510391235,3343
1,0.04911618307232857,3344
3,0.14822813868522644,3345
3,0.18774659931659698,3346
3,0.14383958280086517,3347
3,0.14800925552845,3348
3,0.2410622388124466,3349
3,0.14894205331802368,3350
3,0.24699324369430542,3351
3,0.13841810822486877,3352
3,0.17066648602485657,3353
3,0.22922948002815247,3354
3,0.17024889588356018,3355
3,0.146385058760643,3356
3,0.14177218079566956,3357
3,0.14521381258964539,3358
3,0.14556552469730377,3359
3,0.24309630692005157,3360
1,0.12963981926441193,3361
3,0.15425631403923035,3362
3,0.1853993982076645,3363
3,0.23560546338558197,3364
1,0.1406891644001007,3365
3,0.11861217767000198,3366
3,0.17635522782802582,3367
3,0.18162386119365692,3368
3,0.2346765697002411,3369
3,0.22611626982688904,3370
3,0.16894561052322388,3371
1,0.21938757598400116,3372
3,0.11772919446229935,3373
3,0.1182340458035469,3374
3,0.15511803328990936,3375
3,0.22631651163101196,3376
3,0.22897297143936157,3377
1,0.12631773948669434,3378
3,0.11657587438821793,3379
3,0.12839411199092865,3380
3,0.16395685076713562,3381
3,0.19333910942077637,3382
3,0.14147888123989105,3383
3,0.117063507437706,3384
3,0.22867032885551453,3385
3,0.1681884527206421,3386
3,0.15428344905376434,3387
3,0.16693243384361267,3388
3,0.17911125719547272,3389
3,0.23596954345703125,3390
3,0.2261216789484024,3391
1,0.11259407550096512,3392
3,0.12286317348480225,3393
3,0.15142326056957245,3394
3,0.18872341513633728,3395
3,0.15005291998386383,3396
3,0.12674885988235474,3397
3,0.15270443260669708,3398
3,0.18016879260540009,3399
3,0.1471111923456192,3400
3,0.23307891190052032,3401
3,0.23124955594539642,3402
3,0.1608775407075882,3403
3,0.17675040662288666,3404
3,0.17597515881061554,3405
3,0.2044181078672409,3406
3,0.20652225613594055,3407
3,0.23059223592281342,3408
3,0.2234075367450714,3409
3,0.15932339429855347,3410
3,0.14879529178142548,3411
3,0.16172394156455994,3412
3,0.13761800527572632,3413
3,0.16059629619121552,3414
3,0.12177072465419769,3415
3,0.13034796714782715,3416
3,0.19886018335819244,3417
3,0.2238568663597107,3418
3,0.11137603968381882,3419
3,0.10924297571182251,3420
1,0.11551394313573837,3421
3,0.15672756731510162,3422
3,0.12203434854745865,3423
3,0.22222617268562317,3424
3,0.18124262988567352,3425
3,0.15540076792240143,3426
3,0.15524454414844513,3427
3,0.1701381355524063,3428
3,0.21326091885566711,3429
3,0.1693236380815506,3430
3,0.21340960264205933,3431
3,0.1578885167837143,3432
3,0.20282424986362457,3433
3,0.21108822524547577,3434
3,0.13512732088565826,3435
3,0.11070647835731506,3436
3,0.10717156529426575,3437
3,0.21801403164863586,3438
3,0.14423500001430511,3439
3,0.14374928176403046,3440
3,0.176968052983284,3441
3,0.11797665059566498,3442
3,0.13603994250297546,3443
3,0.17739278078079224,3444
3,0.19953200221061707,3445
3,0.1191440299153328,3446
3,0.14417922496795654,3447
3,0.17709410190582275,3448
3,0.11712630838155746,3449
3,0.135200634598732,3450
3,0.16596080362796783,3451
3,0.19615042209625244,3452
3,0.176505908370018,3453
3,0.1970624327659607,3454
1,0.1241409182548523,3455
3,0.2114403396844864,3456
3,0.10543771833181381,3457
3,0.16836488246917725,3458
3,0.19579949975013733,3459
3,0.10810332745313644,3460
3,0.16453833878040314,3461
3,0.1714003086090088,3462
3,0.11697093397378922,3463
3,0.17298731207847595,3464
1,0.10453079640865326,3465
3,0.11389055848121643,3466
3,0.1757131963968277,3467
3,0.20284949243068695,3468
3,0.1408672034740448,3469
3,0.1423933357000351,3470
3,0.16854532063007355,3471
3,0.11786428838968277,3472
3,0.15324991941452026,3473
3,0.16403381526470184,3474
3,0.14906461536884308,3475
3,0.13020049035549164,3476
3,0.14184841513633728,3477
3,0.1618003249168396,3478
3,0.2036256492137909,3479
3,0.20287325978279114,3480
3,0.19143177568912506,3481
3,0.13555939495563507,3482
3,0.19273880124092102,3483
3,0.19220125675201416,3484
3,0.13836951553821564,3485
1,0.14000755548477173,3486
3,0.19772417843341827,3487
3,0.12719962000846863,3488
3,0.19827432930469513,3489
3,0.1341339498758316,3490
1,0.1251118928194046,3491
3,0.20386478304862976,3492
3,0.14979837834835052,3493
3,0.12157472223043442,3494
3,0.20274579524993896,3495
1,0.12538550794124603,3496
3,0.15875282883644104,3497
3,0.159690722823143,3498
3,0.20274820923805237,3499
2,0.14906154572963715,3500
3,0.15584878623485565,3501
3,0.16553793847560883,3502
3,0.20062172412872314,3503
3,0.19010916352272034,3504
2,0.1552101969718933,3505
3,0.20146967470645905,3506
3,0.15438741445541382,3507
3,0.1922014057636261,3508
1,0.07695726305246353,3509
3,0.1479296237230301,3510
3,0.1344720870256424,3511
3,0.1562141329050064,3512
3,0.19749921560287476,3513
3,0.1341971606016159,3514
1,0.1189250573515892,3515
3,0.19056639075279236,3516
3,0.1960599422454834,3517
1,0.10389532893896103,3518
3,0.1915966272354126,3519
3,0.14474599063396454,3520
3,0.13370423018932343,3521
3,0.16277314722537994,3522
3,0.1949664205312729,3523
3,0.15827162563800812,3524
3,0.17979368567466736,3525
3,0.12776802480220795,3526
3,0.15633055567741394,3527
3,0.19013454020023346,3528
3,0.18804949522018433,3529
3,0.17791110277175903,3530
1,0.11720845103263855,3531
3,0.1262666881084442,3532
1,0.1278950721025467,3533
3,0.177402526140213,3534
3,0.18604767322540283,3535
1,0.12608380615711212,3536
3,0.16495606303215027,3537
3,0.18293029069900513,3538
3,0.1962192952632904,3539
3,0.14758455753326416,3540
3,0.18647174537181854,3541
3,0.13160473108291626,3542
3,0.16414323449134827,3543
2,0.13121289014816284,3544
3,0.13280077278614044,3545
3,0.13064764440059662,3546
3,0.18138912320137024,3547
1,0.14532190561294556,3548
3,0.18740849196910858,3549
1,0.1120297834277153,3550
3,0.1497657150030136,3551
3,0.15857040882110596,3552
1,0.11150169372558594,3553
3,0.17995330691337585,3554
3,0.18518249690532684,3555
3,0.1462675929069519,3556
3,0.14985060691833496,3557
3,0.18966828286647797,3558
3,0.14578182995319366,3559
3,0.15005508065223694,3560
3,0.12223941087722778,3561
3,0.14411503076553345,3562
3,0.14483928680419922,3563
3,0.14745396375656128,3564
3,0.18048888444900513,3565
3,0.1782645583152771,3566
3,0.1703043133020401,3567
3,0.13685448467731476,3568
3,0.1470959633588791,3569
3,0.16368773579597473,3570
3,0.1409502625465393,3571
3,0.14659477770328522,3572
3,0.12751136720180511,3573
3,0.16719874739646912,3574
1,0.12340125441551208,3575
3,0.1654917448759079,3576
1,0.058679401874542236,3577
3,0.1747647076845169,3578
3,0.13412876427173615,3579
3,0.176214337348938,3580
3,0.14233368635177612,3581
3,0.17105187475681305,3582
3,0.14275607466697693,3583
3,0.15868492424488068,3584
3,0.16336669027805328,3585
3,0.17068947851657867,3586
3,0.1415264755487442,3587
3,0.13776308298110962,3588
3,0.17007485032081604,3589
3,0.14347486197948456,3590
3,0.13727301359176636,3591
3,0.17808394134044647,3592
3,0.13197575509548187,3593
3,0.15959036350250244,3594
3,0.1667930781841278,3595
3,0.16866762936115265,3596
3,0.14068388938903809,3597
3,0.16758164763450623,3598
1,0.0694921538233757,3599
3,0.13457590341567993,3600
3,0.16860432922840118,3601
3,0.1404900699853897,3602
3,0.17452120780944824,3603
3,0.17424149811267853,3604
3,0.16358385980129242,3605
3,0.1642414778470993,3606
3,0.13775856792926788,3607
3,0.1442064344882965,3608
3,0.16465674340724945,3609
3,0.15652424097061157,3610
3,0.16608749330043793,3611
3,0.16568611562252045,3612
1,0.119175486266613,3613
3,0.16353191435337067,3614
3,0.13632062077522278,3615
3,0.14247673749923706,3616
3,0.15471547842025757,3617
3,0.14202181994915009,3618
3,0.13578133285045624,3619
3,0.1473032683134079,3620
1,0.1141744926571846,3621
3,0.15245287120342255,3622
3,0.16631720960140228,3623
3,0.1594962626695633,3624
3,0.1391284167766571,3625
3,0.15405312180519104,3626
3,0.1524234414100647,3627
1,0.13087354600429535,3628
3,0.1386684626340866,3629
3,0.15298472344875336,3630
1,0.04492902010679245,3631
3,0.1580570936203003,3632
3,0.15834884345531464,3633
3,0.1619666963815689,3634
3,0.15578162670135498,3635
3,0.1609773486852646,3636
1,0.09805946052074432,3637
3,0.15528903901576996,3638
3,0.15491923689842224,3639
1,0.1160992681980133,3640
3,0.15281268954277039,3641
3,0.15625189244747162,3642
3,0.14762865006923676,3643
3,0.12284675240516663,3644
3,0.15733733773231506,3645
3,0.14927753806114197,3646
3,0.15368837118148804,3647
3,0.13403111696243286,3648
1,0.1094350814819336,3649
3,0.11006953567266464,3650
3,0.14712533354759216,3651
3,0.15392330288887024,3652
3,0.12076713889837265,3653
3,0.1285979449748993,3654
3,0.13145048916339874,3655
3,0.15003415942192078,3656
3,0.14108215272426605,3657
3,0.1542392075061798,3658
3,0.14452777802944183,3659
3,0.13871566951274872,3660
1,0.11573391407728195,3661
3,0.1482764184474945,3662
3,0.12387248128652573,3663
1,0.08951879292726517,3664
3,0.1501319855451584,3665
4,0.14866584539413452,3666
2,0.1481778472661972,3667
3,0.14317719638347626,3668
3,0.12541739642620087,3669
3,0.14583203196525574,3670
3,0.11742591857910156,3671
3,0.12882252037525177,3672
3,0.11884372681379318,3673
3,0.14683888852596283,3674
3,0.14358198642730713,3675
3,0.10563462972640991,3676
3,0.14338555932044983,3677
3,0.137846440076828,3678
3,0.13320067524909973,3679
3,0.14273376762866974,3680
3,0.1270708590745926,3681
3,0.14079616963863373,3682
3,0.14424675703048706,3683
3,0.14266474545001984,3684
3,0.13769640028476715,3685
3,0.1430378556251526,3686
3,0.10863713175058365,3687
3,0.140046164393425,3688
3,0.12454381585121155,3689
3,0.12733390927314758,3690
3,0.122123122215271,3691
3,0.13938763737678528,3692
3,0.12029664218425751,3693
3,0.13580629229545593,3694
3,0.14111974835395813,3695
3,0.1408584713935852,3696
3,0.10999935120344162,3697
1,0.10444968193769455,3698
1,0.0980888232588768,3699
3,0.12234105169773102,3700
3,0.12988194823265076,3701
3,0.13987095654010773,3702
3,0.13944487273693085,3703
1,0.08331473916769028,3704
3,0.13330085575580597,3705
3,0.1387309581041336,3706
3,0.13313162326812744,3707
3,0.13847918808460236,3708
3,0.13355563580989838,3709
1,0.05557188019156456,3710
3,0.13336196541786194,3711
3,0.1350223273038864,3712
3,0.136254221200943,3713
3,0.13340871036052704,3714
3,0.11975399404764175,3715
3,0.13506028056144714,3716
1,0.09191060811281204,3717
3,0.13480420410633087,3718
3,0.13151787221431732,3719
3,0.12880843877792358,3720
3,0.1297382116317749,3721
3,0.13343244791030884,3722
4,0.13381753861904144,3723
3,0.13198330998420715,3724
3,0.13364854454994202,3725
3,0.12227558344602585,3726
3,0.12717576324939728,3727
3,0.13148817420005798,3728
3,0.12990689277648926,3729
3,0.11893731355667114,3730
3,0.12890879809856415,3731
3,0.13248008489608765,3732
3,0.13177429139614105,3733
3,0.125686377286911,3734
3,0.12814128398895264,3735
3,0.12801682949066162,3736
3,0.12769781053066254,3737
3,0.11923164129257202,3738
3,0.12675797939300537,3739
3,0.1290777325630188,3740
3,0.12581446766853333,3741
3,0.11459875851869583,3742
3,0.12864376604557037,3743
3,0.11668432503938675,3744
3,0.12012887746095657,3745
3,0.12579037249088287,3746
1,0.07466933876276016,3747
3,0.1165691539645195,3748
3,0.12107357382774353,3749
3,0.12532782554626465,3750
3,0.12712836265563965,3751
3,0.12882985174655914,3752
3,0.12292688339948654,3753
3,0.1264142096042633,3754
3,0.1225607693195343,3755
3,0.1234997808933258,3756
3,0.12612172961235046,3757
3,0.12237267941236496,3758
3,0.12340579926967621,3759
3,0.1224503368139267,3760
1,0.11095430701971054,3761
1,0.053758587688207626,3762
3,0.12450017780065536,3763
3,0.1214895024895668,3764
3,0.11507347971200943,3765
3,0.12374895811080933,3766
3,0.12451246380805969,3767
3,0.12468919157981873,3768
3,0.1220281571149826,3769
3,0.12099084258079529,3770
3,0.12455667555332184,3771
3,0.12017630785703659,3772
3,0.12376780062913895,3773
3,0.12165609002113342,3774
3,0.12151665985584259,3775
3,0.11923795938491821,3776
3,0.12104575335979462,3777
3,0.12388357520103455,3778
3,0.12341688573360443,3779
3,0.11937996000051498,3780
3,0.12087833136320114,3781
3,0.11736288666725159,3782
3,0.12349869310855865,3783
3,0.1034463569521904,3784
3,0.11822139471769333,3785
3,0.11953101307153702,3786
1,0.1079227477312088,3787
3,0.09184353053569794,3788
1,0.08952534943819046,3789
3,0.12041255086660385,3790
3,0.12067529559135437,3791
1,0.04910260811448097,3792
3,0.09422557055950165,3793
3,0.1171490028500557,3794
3,0.10965638607740402,3795
3,0.11690829694271088,3796
3,0.11725477129220963,3797
3,0.1153106838464737,3798
3,0.1177210882306099,3799
3,0.11617278307676315,3800
3,0.1186908408999443,3801
3,0.11772994697093964,3802
1,0.1168278381228447,3803
3,0.11750011891126633,3804
3,0.11293051391839981,3805
1,0.11511597782373428,3806
3,0.11613781005144119,3807
3,0.11392480880022049,3808
3,0.10056687146425247,3809
3,0.09707124531269073,3810
3,0.09224891662597656,3811
3,0.11438515037298203,3812
3,0.11618684232234955,3813
3,0.11671008169651031,3814
3,0.0997554212808609,3815
3,0.1117023155093193,3816
3,0.0958113893866539,3817
3,0.11599937826395035,3818
3,0.11445459723472595,3819
3,0.11627750098705292,3820
3,0.1162276417016983,3821
3,0.09509294480085373,3822
3,0.11608202010393143,3823
3,0.11456827819347382,3824
3,0.1041984111070633,3825
3,0.11282505840063095,3826
3,0.11113951355218887,3827
3,0.11575297266244888,3828
3,0.11290217190980911,3829
3,0.1036360114812851,3830
3,0.11274968087673187,3831
3,0.103490449488163,3832
3,0.09272908419370651,3833
3,0.11105325818061829,3834
3,0.11259228736162186,3835
1,0.11292564868927002,3836
3,0.1146324872970581,3837
3,0.11287089437246323,3838
3,0.103473000228405,3839
3,0.11385952681303024,3840
3,0.10537135601043701,3841
3,0.11142030358314514,3842
3,0.11300508677959442,3843
3,0.11289244890213013,3844
3,0.10554146766662598,3845
3,0.09967963397502899,3846
1,0.09008143842220306,3847
3,0.10727191716432571,3848
3,0.09912515431642532,3849
3,0.1113831102848053,3850
3,0.11139971762895584,3851
3,0.11168387532234192,3852
3,0.10953625291585922,3853
3,0.11083449423313141,3854
3,0.10336538404226303,3855
3,0.10760475695133209,3856
1,0.09659793227910995,3857
3,0.11112659424543381,3858
1,0.10088357329368591,3859
3,0.10995734483003616,3860
3,0.11203963309526443,3861
3,0.09560732543468475,3862
3,0.10634573549032211,3863
3,0.1107100322842598,3864
3,0.10704264044761658,3865
3,0.1073935478925705,3866
3,0.10885622352361679,3867
3,0.09989834576845169,3868
3,0.10980865359306335,3869
3,0.10543376207351685,3870
3,0.10622082650661469,3871
3,0.10690824687480927,3872
1,0.10503990948200226,3873
3,0.10844916850328445,3874
3,0.10988037288188934,3875
3,0.10436241328716278,3876
3,0.09695176780223846,3877
3,0.10379683971405029,3878
1,0.0928482860326767,3879
3,0.1061091348528862,3880
3,0.1087440699338913,3881
3,0.10817917436361313,3882
3,0.1069081500172615,3883
3,0.10834365338087082,3884
3,0.10272172093391418,3885
3,0.10647182166576385,3886
3,0.09406817704439163,3887
3,0.10449518263339996,3888
3,0.10629922896623611,3889
1,0.10327447205781937,3890
3,0.10177257657051086,3891
3,0.10442714393138885,3892
3,0.10536313056945801,3893
3,0.0987645834684372,3894
3,0.1047254353761673,3895
1,0.0871705561876297,3896
3,0.09668437391519547,3897
3,0.07243913412094116,3898
3,0.10358991473913193,3899
3,0.10523403435945511,3900
3,0.1034516841173172,3901
3,0.10471555590629578,3902
1,0.06757225841283798,3903
3,0.10290707647800446,3904
3,0.09789217263460159,3905
3,0.10273177176713943,3906
3,0.10383673757314682,3907
3,0.10263579338788986,3908
3,0.10228955745697021,3909
3,0.10346957296133041,3910
3,0.1009625494480133,3911
3,0.09631361067295074,3912
3,0.10086240619421005,3913
3,0.10283499211072922,3914
3,0.09808412939310074,3915
3,0.10234413295984268,3916
3,0.10149357467889786,3917
3,0.10084405541419983,3918
1,0.08417165279388428,3919
1,0.10184090584516525,3920
1,0.09778286516666412,3921
3,0.10211537033319473,3922
3,0.10196714848279953,3923
3,0.10098292678594589,3924
1,0.07534173876047134,3925
1,0.08139919489622116,3926
1,0.06672713160514832,3927
1,0.08630333095788956,3928
3,0.09494220465421677,3929
3,0.10090117156505585,3930
1,0.07981257140636444,3931
3,0.09657452255487442,3932
3,0.09809253364801407,3933
3,0.09773276746273041,3934
1,0.09296945482492447,3935
3,0.09796293824911118,3936
3,0.09794668853282928,3937
3,0.09746676683425903,3938
1,0.0851602777838707,3939
3,0.09677419811487198,3940
3,0.089410699903965,3941
1,0.08394240587949753,3942
3,0.09790372103452682,3943
1,0.09277775883674622,3944
3,0.09727370738983154,3945
3,0.09636770933866501,3946
1,0.029395343735814095,3947
3,0.09615597128868103,3948
3,0.09555937349796295,3949
3,0.09409099817276001,3950
3,0.09439817816019058,3951
3,0.09605386108160019,3952
1,0.08757282793521881,3953
1,0.09427406638860703,3954
3,0.09465880692005157,3955
3,0.09397982060909271,3956
1,0.07419665902853012,3957
1,0.02558428794145584,3958
1,0.0852244570851326,3959
3,0.091038279235363,3960
1,0.06643080711364746,3961
3,0.09022212028503418,3962
1,0.006734146736562252,3963
1,0.0881151333451271,3964
3,0.08592073619365692,3965
1,0.08123180270195007,3966
3,0.08564911037683487,3967
3,0.08541450649499893,3968
2,0.08531548827886581,3969
3,0.08524370193481445,3970
1,0.08492984622716904,3971
3,0.08436474204063416,3972
2,0.08423962444067001,3973
3,0.08404630422592163,3974
3,0.0862215980887413,3975
1,0.06969505548477173,3976
3,0.08439763635396957,3977
1,0.08190041780471802,3978
1,0.08224380761384964,3979
1,0.03866943344473839,3980
96,65535.0,3981
