node_Degree,node_Accessibility,node_ID
1,0.051485806703567505,1
1,0.050726015120744705,2
1,0.05396316200494766,3
1,0.054880447685718536,4
1,0.052470698952674866,5
3,0.05619889125227928,6
3,0.0561317503452301,7
3,0.05651070922613144,8
3,0.052629370242357254,9
1,0.050959959626197815,10
3,0.05777902901172638,11
3,0.05815758928656578,12
3,0.05882325395941734,13
1,0.057067032903432846,14
3,0.0593130849301815,15
1,0.053079161792993546,16
1,0.0524657666683197,17
1,0.05480298772454262,18
1,0.05647245794534683,19
1,0.04190876707434654,20
3,0.05705377832055092,21
3,0.05997980758547783,22
1,0.0585901141166687,23
1,0.04934221878647804,24
1,0.058900583535432816,25
3,0.06060286611318588,26
3,0.05901350826025009,27
1,0.06064026057720184,28
1,0.05831395462155342,29
1,0.05698442459106445,30
3,0.061820898205041885,31
3,0.06294070184230804,32
3,0.060017138719558716,33
3,0.05843453109264374,34
2,0.05769779160618782,35
3,0.06017133593559265,36
3,0.056937504559755325,37
3,0.05548851564526558,38
3,0.06043983995914459,39
1,0.055848319083452225,40
1,0.06074453890323639,41
3,0.06260227411985397,42
1,0.045511286705732346,43
1,0.0460081584751606,44
3,0.06261111795902252,45
3,0.06210349500179291,46
1,0.0468958243727684,47
1,0.062332019209861755,48
3,0.06518904119729996,49
3,0.06550055742263794,50
3,0.061732787638902664,51
3,0.06305710226297379,52
3,0.0616845041513443,53
3,0.06449048966169357,54
3,0.06354645639657974,55
1,0.040631845593452454,56
3,0.059480518102645874,57
3,0.06014900282025337,58
3,0.06280426681041718,59
3,0.06261135637760162,60
1,0.057206206023693085,61
3,0.06279411166906357,62
1,0.0564599372446537,63
1,0.06158732250332832,64
3,0.061717454344034195,65
3,0.06321095675230026,66
3,0.06388320028781891,67
3,0.06139851361513138,68
3,0.062429290264844894,69
3,0.06302504241466522,70
3,0.0646011158823967,71
3,0.06262710690498352,72
3,0.06442348659038544,73
3,0.06197197735309601,74
3,0.06177638843655586,75
3,0.06235086917877197,76
3,0.06513673812150955,77
3,0.06488078087568283,78
3,0.06435155868530273,79
1,0.022569159045815468,80
3,0.05902926251292229,81
3,0.06847447156906128,82
3,0.06513815373182297,83
3,0.06318619847297668,84
4,0.06290996819734573,85
3,0.06534672528505325,86
1,0.046068646013736725,87
3,0.06582245975732803,88
3,0.06674263626337051,89
3,0.06770949065685272,90
3,0.06616462767124176,91
3,0.06655379384756088,92
3,0.06584404408931732,93
3,0.06830459088087082,94
3,0.06671192497015,95
3,0.06805448979139328,96
3,0.06724454462528229,97
1,0.06322752684354782,98
1,0.055246785283088684,99
3,0.06471820175647736,100
3,0.06757809966802597,101
3,0.06630226969718933,102
1,0.06234154850244522,103
1,0.02949097752571106,104
3,0.062457017600536346,105
3,0.06807713955640793,106
3,0.06638170778751373,107
3,0.06937123090028763,108
3,0.06742408871650696,109
3,0.07066603004932404,110
3,0.06964453309774399,111
3,0.06932773441076279,112
3,0.06900396943092346,113
3,0.07145638018846512,114
1,0.058609455823898315,115
3,0.07164055109024048,116
1,0.059768352657556534,117
3,0.06870042532682419,118
3,0.07125924527645111,119
1,0.06204303726553917,120
3,0.07144512981176376,121
3,0.06419557332992554,122
3,0.06814531236886978,123
3,0.06448360532522202,124
3,0.06482505053281784,125
3,0.07082901895046234,126
3,0.06483204662799835,127
3,0.06943660974502563,128
1,0.015282896347343922,129
3,0.0686788409948349,130
3,0.06993193924427032,131
3,0.06306546926498413,132
1,0.05715992674231529,133
3,0.07146640866994858,134
3,0.06438960880041122,135
3,0.06625843048095703,136
3,0.07166202366352081,137
3,0.07336580008268356,138
3,0.07201418280601501,139
1,0.06544840335845947,140
3,0.06363651901483536,141
3,0.06778739392757416,142
1,0.0649057999253273,143
3,0.06775932013988495,144
3,0.06581088155508041,145
3,0.06467967480421066,146
3,0.07289045304059982,147
3,0.07109732925891876,148
3,0.06574613600969315,149
3,0.07086338847875595,150
1,0.047255802899599075,151
3,0.07374309748411179,152
3,0.07382260262966156,153
3,0.06753449141979218,154
1,0.06197372078895569,155
3,0.06923630088567734,156
3,0.0688970685005188,157
3,0.06825539469718933,158
3,0.07019436359405518,159
1,0.0689888745546341,160
3,0.06929118186235428,161
3,0.06758680194616318,162
3,0.06961902230978012,163
3,0.056525494903326035,164
3,0.07450035214424133,165
3,0.07176674157381058,166
3,0.07268065959215164,167
3,0.07200828939676285,168
3,0.06950598955154419,169
1,0.03757711499929428,170
3,0.07277524471282959,171
3,0.07201950252056122,172
3,0.07160139083862305,173
3,0.07509947568178177,174
1,0.06574214994907379,175
3,0.07346464693546295,176
3,0.06992916762828827,177
3,0.07056418061256409,178
3,0.07265152037143707,179
3,0.06865623593330383,180
1,0.06190188601613045,181
3,0.07667825371026993,182
3,0.06797381490468979,183
3,0.0739598423242569,184
3,0.07215709239244461,185
3,0.07427849620580673,186
3,0.06753440946340561,187
3,0.07704591751098633,188
3,0.07376174628734589,189
3,0.07444657385349274,190
3,0.07088392972946167,191
3,0.07471948862075806,192
3,0.07432824373245239,193
1,0.06289992481470108,194
3,0.07506620138883591,195
3,0.0733933374285698,196
3,0.06802796572446823,197
3,0.07410306483507156,198
3,0.07542389631271362,199
3,0.07398286461830139,200
3,0.07252690941095352,201
1,0.06851480901241302,202
3,0.07208813726902008,203
3,0.07504638284444809,204
1,0.06425098329782486,205
3,0.07526861876249313,206
3,0.07314517349004745,207
3,0.07553469389677048,208
3,0.06779922544956207,209
3,0.06907469779253006,210
3,0.07100148499011993,211
3,0.06443318724632263,212
3,0.07360097020864487,213
3,0.07193926721811295,214
3,0.07597097009420395,215
3,0.07344619184732437,216
3,0.07375235110521317,217
3,0.06849634647369385,218
3,0.0785691887140274,219
3,0.07135798037052155,220
1,0.06701391190290451,221
1,0.05412941053509712,222
1,0.06502721458673477,223
1,0.07132363319396973,224
3,0.07949123531579971,225
3,0.07971525937318802,226
3,0.07968559116125107,227
3,0.05477481707930565,228
3,0.07390425354242325,229
1,0.05450056120753288,230
4,0.07231514900922775,231
3,0.0743340402841568,232
3,0.07714702188968658,233
3,0.0793367326259613,234
3,0.07440663874149323,235
3,0.06751425564289093,236
3,0.074587881565094,237
3,0.07355698943138123,238
3,0.0742064043879509,239
3,0.07340652495622635,240
3,0.07546661049127579,241
3,0.07073142379522324,242
3,0.07701825350522995,243
2,0.0748344212770462,244
1,0.06554128974676132,245
2,0.076388418674469,246
3,0.0736718475818634,247
3,0.07251561433076859,248
3,0.07485797256231308,249
3,0.0764755979180336,250
1,0.07495884597301483,251
3,0.07275409996509552,252
1,0.07129563391208649,253
1,0.06053903326392174,254
3,0.07637634873390198,255
3,0.07664228975772858,256
3,0.0762561708688736,257
3,0.07374738156795502,258
3,0.07679692655801773,259
3,0.07591255009174347,260
3,0.07849167287349701,261
3,0.07822921127080917,262
3,0.07551146298646927,263
3,0.07521015405654907,264
3,0.0741768479347229,265
3,0.06683417409658432,266
1,0.07472868263721466,267
3,0.07394065707921982,268
3,0.07622408121824265,269
3,0.07435566186904907,270
3,0.07597339153289795,271
3,0.07666801661252975,272
3,0.08251719921827316,273
3,0.07497666031122208,274
3,0.07666181027889252,275
3,0.07676278054714203,276
3,0.07693396508693695,277
3,0.08172640949487686,278
3,0.07772046327590942,279
3,0.08191308379173279,280
3,0.07721090316772461,281
3,0.0770002081990242,282
3,0.07305864989757538,283
3,0.07895776629447937,284
3,0.07815977185964584,285
3,0.07147810608148575,286
4,0.08057133108377457,287
3,0.07790195196866989,288
1,0.07463987171649933,289
3,0.08095527440309525,290
3,0.07825759798288345,291
1,0.06584607809782028,292
3,0.07935520261526108,293
3,0.08040372282266617,294
3,0.08116959035396576,295
3,0.07881704717874527,296
3,0.07769371569156647,297
1,0.06395033001899719,298
3,0.0779133141040802,299
3,0.08099060505628586,300
3,0.0795130655169487,301
3,0.06937326490879059,302
3,0.0797584056854248,303
3,0.07574589550495148,304
3,0.08452560007572174,305
3,0.084652379155159,306
3,0.0758836641907692,307
3,0.08193030208349228,308
3,0.07839518785476685,309
3,0.07346013188362122,310
3,0.0773857831954956,311
3,0.07808160781860352,312
3,0.07390614598989487,313
3,0.0807858258485794,314
3,0.07964276522397995,315
3,0.07804954051971436,316
3,0.07977853715419769,317
3,0.07543934136629105,318
3,0.07874013483524323,319
3,0.08197575807571411,320
3,0.07023422420024872,321
3,0.0812416821718216,322
3,0.0791214108467102,323
3,0.07364975661039352,324
3,0.08205834031105042,325
1,0.06511387974023819,326
3,0.08099056035280228,327
3,0.07733120024204254,328
3,0.075081467628479,329
3,0.08272715657949448,330
1,0.06052980571985245,331
3,0.08232029527425766,332
3,0.07315412908792496,333
3,0.07279771566390991,334
3,0.0860268697142601,335
3,0.08297084271907806,336
3,0.07910855859518051,337
1,0.05846745893359184,338
3,0.07824146747589111,339
3,0.08012145757675171,340
3,0.07583418488502502,341
3,0.08188174664974213,342
3,0.08347894996404648,343
1,0.05353505536913872,344
3,0.08203728497028351,345
3,0.08698944747447968,346
3,0.08581514656543732,347
3,0.07603472471237183,348
3,0.0738726258277893,349
1,0.07138925790786743,350
1,0.06504140794277191,351
3,0.0764649510383606,352
3,0.07253274321556091,353
3,0.08468396216630936,354
3,0.08363699913024902,355
3,0.07444494962692261,356
3,0.08287826180458069,357
3,0.08342166990041733,358
3,0.08652705699205399,359
3,0.08341804146766663,360
3,0.08405466377735138,361
3,0.07986175268888474,362
3,0.08678814768791199,363
3,0.08811157196760178,364
3,0.08556968718767166,365
3,0.07508140802383423,366
3,0.08634067326784134,367
3,0.08242097496986389,368
2,0.0825943648815155,369
3,0.08063197880983353,370
3,0.07714053243398666,371
3,0.07510179281234741,372
3,0.07529445737600327,373
1,0.04901053383946419,374
3,0.08494716882705688,375
3,0.08430852741003036,376
3,0.08315075933933258,377
3,0.07717233151197433,378
3,0.08108694851398468,379
3,0.08087316900491714,380
3,0.0867132693529129,381
3,0.08671700209379196,382
3,0.07780145853757858,383
3,0.08682356774806976,384
3,0.08276679366827011,385
3,0.08429987728595734,386
3,0.0766376405954361,387
3,0.08575331419706345,388
3,0.07805773615837097,389
3,0.0831095278263092,390
3,0.08347857743501663,391
3,0.08396390080451965,392
3,0.08119846135377884,393
3,0.08418326079845428,394
3,0.08190958201885223,395
3,0.08517459779977798,396
3,0.08601735532283783,397
3,0.07649513334035873,398
3,0.07640451192855835,399
3,0.0863696038722992,400
3,0.08602272719144821,401
3,0.07919801771640778,402
3,0.0786382257938385,403
3,0.08214292675256729,404
3,0.0847393199801445,405
3,0.08784099668264389,406
3,0.08431665599346161,407
3,0.08038754761219025,408
3,0.07713639736175537,409
3,0.0894608274102211,410
3,0.0796070322394371,411
1,0.07395108044147491,412
3,0.08061233907938004,413
3,0.08813535422086716,414
3,0.07656846195459366,415
3,0.08495476841926575,416
3,0.0823569968342781,417
3,0.08788260072469711,418
3,0.08849035203456879,419
3,0.08710777759552002,420
3,0.08910275995731354,421
3,0.08152081817388535,422
1,0.06422607600688934,423
3,0.08937130123376846,424
3,0.08084271848201752,425
3,0.07492993026971817,426
1,0.07643193006515503,427
3,0.07660216093063354,428
3,0.08142715692520142,429
1,0.06452520191669464,430
3,0.09047729521989822,431
1,0.06897896528244019,432
3,0.08084030449390411,433
3,0.08191625773906708,434
3,0.08050345629453659,435
3,0.08351856470108032,436
3,0.08728281408548355,437
3,0.07889309525489807,438
2,0.08646519482135773,439
3,0.07328976690769196,440
3,0.08043941855430603,441
3,0.0820634588599205,442
1,0.07413586974143982,443
3,0.09085254371166229,444
3,0.08113589882850647,445
3,0.08656018227338791,446
1,0.07075545936822891,447
3,0.08324246853590012,448
3,0.08226494491100311,449
3,0.08342476189136505,450
3,0.086294025182724,451
3,0.0817076787352562,452
3,0.08280638605356216,453
3,0.08566408604383469,454
3,0.08018069714307785,455
3,0.08268725126981735,456
3,0.08323526382446289,457
3,0.08202725648880005,458
1,0.0722806453704834,459
3,0.0844014436006546,460
3,0.07853744924068451,461
3,0.08288981020450592,462
3,0.08610022068023682,463
3,0.07629676908254623,464
3,0.09254717081785202,465
3,0.0840337947010994,466
3,0.09114868193864822,467
3,0.08418064564466476,468
3,0.09283214807510376,469
3,0.09286320954561234,470
3,0.08654773235321045,471
3,0.08560982346534729,472
3,0.08931722491979599,473
3,0.08984273672103882,474
3,0.0793510228395462,475
3,0.09177412837743759,476
3,0.08579903095960617,477
3,0.08926501125097275,478
3,0.08594270795583725,479
3,0.08689501881599426,480
3,0.08280172199010849,481
3,0.08411017060279846,482
3,0.08288278430700302,483
3,0.08271913230419159,484
3,0.08319737017154694,485
3,0.08177396655082703,486
3,0.09387169778347015,487
3,0.07735912501811981,488
3,0.08740721642971039,489
3,0.08972582966089249,490
1,0.06525097042322159,491
3,0.09165734052658081,492
3,0.08464880287647247,493
3,0.08658815920352936,494
3,0.08483996242284775,495
1,0.062042318284511566,496
3,0.08446532487869263,497
3,0.08417792618274689,498
3,0.0767410546541214,499
3,0.08958015590906143,500
3,0.09554982930421829,501
3,0.0776921957731247,502
3,0.07868633419275284,503
1,0.06093546375632286,504
3,0.08749841153621674,505
2,0.07593275606632233,506
3,0.08473024517297745,507
3,0.08120332658290863,508
3,0.07347992062568665,509
3,0.08564013242721558,510
3,0.09362275153398514,511
3,0.09606722742319107,512
3,0.08767131716012955,513
3,0.0894571989774704,514
3,0.0953008159995079,515
3,0.0857265368103981,516
3,0.08379849791526794,517
3,0.09153526276350021,518
3,0.08419907093048096,519
3,0.08849452435970306,520
3,0.08880871534347534,521
1,0.07295473664999008,522
3,0.08667123317718506,523
3,0.08862080425024033,524
1,0.08251434564590454,525
3,0.08840613812208176,526
3,0.09023815393447876,527
3,0.08280276507139206,528
3,0.07499293982982635,529
3,0.08566819131374359,530
3,0.07420976459980011,531
3,0.08324027806520462,532
3,0.08904551714658737,533
3,0.08890895545482635,534
3,0.0968044176697731,535
1,0.07717858999967575,536
1,0.08180499076843262,537
1,0.0764944925904274,538
3,0.07935775816440582,539
3,0.09266982972621918,540
3,0.09103725850582123,541
3,0.08988485485315323,542
1,0.06706614792346954,543
3,0.09089573472738266,544
3,0.08827131241559982,545
3,0.08388091623783112,546
3,0.09009844064712524,547
3,0.08665356785058975,548
1,0.07227813452482224,549
3,0.0681518167257309,550
3,0.09261927008628845,551
3,0.09254559874534607,552
3,0.07850620895624161,553
3,0.09390018880367279,554
3,0.09327299892902374,555
3,0.09508837014436722,556
3,0.09098534286022186,557
3,0.09889212995767593,558
3,0.0953441709280014,559
3,0.0685514509677887,560
1,0.05221233889460564,561
3,0.09079333394765854,562
3,0.09328930079936981,563
3,0.0887424573302269,564
3,0.0868389680981636,565
3,0.0945659726858139,566
3,0.09116682410240173,567
3,0.09096042811870575,568
3,0.08223222196102142,569
3,0.0924513190984726,570
1,0.0797303095459938,571
1,0.07184166461229324,572
3,0.09579883515834808,573
3,0.07207593321800232,574
3,0.07184908539056778,575
1,0.07800447940826416,576
1,0.05204138159751892,577
3,0.08850551396608353,578
3,0.08798538148403168,579
3,0.09271997213363647,580
3,0.09249243140220642,581
3,0.10030177235603333,582
2,0.07143346220254898,583
3,0.08808602392673492,584
3,0.09449196606874466,585
1,0.05171036347746849,586
3,0.08994151651859283,587
3,0.09384766966104507,588
3,0.07987717539072037,589
3,0.09700776636600494,590
3,0.08925165235996246,591
3,0.08697688579559326,592
3,0.07105333358049393,593
3,0.0875529944896698,594
1,0.05498383939266205,595
3,0.08714520931243896,596
3,0.09296722710132599,597
3,0.09276223927736282,598
3,0.09583717584609985,599
3,0.09278049319982529,600
3,0.09164049476385117,601
1,0.03631812706589699,602
1,0.07834243029356003,603
3,0.08935283124446869,604
2,0.059544309973716736,605
1,0.05996593087911606,606
1,0.0765649601817131,607
3,0.09703177958726883,608
3,0.091182179749012,609
3,0.08232152462005615,610
3,0.06427552551031113,611
3,0.09086053818464279,612
3,0.06606179475784302,613
3,0.09446465224027634,614
3,0.07019153982400894,615
2,0.06165864318609238,616
3,0.0925317108631134,617
3,0.09985119849443436,618
3,0.09259886294603348,619
3,0.07481979578733444,620
1,0.07671987265348434,621
3,0.0983336940407753,622
3,0.09965385496616364,623
3,0.09771651029586792,624
3,0.10261309891939163,625
3,0.08282656222581863,626
1,0.04509229212999344,627
3,0.08045708388090134,628
1,0.08212035149335861,629
3,0.08912963420152664,630
3,0.0918043702840805,631
1,0.0762140303850174,632
3,0.0984710082411766,633
1,0.07182013243436813,634
3,0.0759311094880104,635
3,0.09991342574357986,636
3,0.10300340503454208,637
3,0.09431841224431992,638
3,0.08766473084688187,639
3,0.10114133358001709,640
3,0.09514542669057846,641
1,0.08438625186681747,642
3,0.09308914840221405,643
3,0.08645586669445038,644
3,0.09862467646598816,645
3,0.09172797203063965,646
3,0.07747005671262741,647
3,0.09982680529356003,648
3,0.09521441161632538,649
3,0.0960456132888794,650
3,0.0965988039970398,651
3,0.09579645842313766,652
3,0.10014256089925766,653
3,0.09439880400896072,654
3,0.0920710414648056,655
3,0.09933081269264221,656
3,0.09833382815122604,657
3,0.0888834297657013,658
3,0.08415048569440842,659
3,0.09217198938131332,660
3,0.10082437098026276,661
3,0.09377910941839218,662
3,0.09620463848114014,663
3,0.09752492606639862,664
3,0.09500894695520401,665
3,0.09497754275798798,666
3,0.08516278117895126,667
3,0.1008538231253624,668
3,0.0950697734951973,669
1,0.0686538964509964,670
3,0.09041134268045425,671
3,0.10204415023326874,672
3,0.09752646088600159,673
3,0.08871347457170486,674
1,0.05483856052160263,675
3,0.10049941390752792,676
3,0.10226177424192429,677
3,0.10215979814529419,678
3,0.09813764691352844,679
3,0.07238003611564636,680
3,0.09410255402326584,681
3,0.10513590276241302,682
3,0.10093820095062256,683
3,0.0965995267033577,684
3,0.09081070125102997,685
3,0.10293885320425034,686
3,0.09682197868824005,687
3,0.10298154503107071,688
3,0.10309670865535736,689
3,0.09770113974809647,690
1,0.077777199447155,691
3,0.08406022936105728,692
3,0.10200460255146027,693
3,0.09341628849506378,694
3,0.09371837228536606,695
2,0.08455494046211243,696
3,0.10348089039325714,697
3,0.10618522018194199,698
3,0.08515762537717819,699
3,0.08381166309118271,700
3,0.09920769929885864,701
3,0.10637804120779037,702
1,0.06992457062005997,703
3,0.08551643788814545,704
3,0.09002519398927689,705
1,0.08925490081310272,706
3,0.10397803783416748,707
3,0.10117094963788986,708
3,0.100996233522892,709
3,0.09243717789649963,710
3,0.09143295884132385,711
3,0.08940150588750839,712
3,0.09162618964910507,713
3,0.09180764108896255,714
3,0.09362393617630005,715
3,0.09835484623908997,716
3,0.09301245957612991,717
3,0.09253630042076111,718
3,0.07423493266105652,719
3,0.08743416517972946,720
3,0.08898764103651047,721
3,0.09052754938602448,722
3,0.10061015188694,723
3,0.09295598417520523,724
3,0.0873824954032898,725
3,0.09164845943450928,726
3,0.09684249758720398,727
3,0.10380855202674866,728
3,0.10028567910194397,729
1,0.08140090107917786,730
3,0.1041000708937645,731
3,0.0971410796046257,732
3,0.09635480493307114,733
3,0.105306476354599,734
3,0.10103140771389008,735
3,0.10002270340919495,736
3,0.08526864647865295,737
3,0.08621007204055786,738
3,0.10221432894468307,739
3,0.09621093422174454,740
3,0.09469074010848999,741
3,0.0942896381020546,742
3,0.0954219251871109,743
3,0.08989547193050385,744
3,0.0962609127163887,745
3,0.0988926887512207,746
3,0.10516956448554993,747
3,0.0930105522274971,748
3,0.09863545745611191,749
3,0.08457986265420914,750
3,0.10516730695962906,751
3,0.106129489839077,752
3,0.1054065153002739,753
3,0.09424926340579987,754
3,0.10529442131519318,755
3,0.10053356736898422,756
1,0.07775631546974182,757
3,0.10079272091388702,758
3,0.10319902747869492,759
3,0.10194466263055801,760
3,0.1009841337800026,761
3,0.10609987378120422,762
3,0.1075354814529419,763
3,0.09760770201683044,764
3,0.09527860581874847,765
3,0.10430657118558884,766
3,0.09810496866703033,767
3,0.10392450541257858,768
3,0.10154516249895096,769
3,0.08319118618965149,770
3,0.09510446339845657,771
3,0.10190336406230927,772
3,0.08331124484539032,773
3,0.09540017694234848,774
3,0.09573372453451157,775
3,0.1030091941356659,776
3,0.07404191046953201,777
3,0.1066979467868805,778
3,0.10781336575746536,779
3,0.10708518326282501,780
3,0.08150359988212585,781
3,0.08602815121412277,782
1,0.04327584430575371,783
3,0.10720400512218475,784
1,0.08992426097393036,785
3,0.10733994096517563,786
3,0.10543287545442581,787
3,0.10953430831432343,788
3,0.07438353449106216,789
3,0.0981917604804039,790
3,0.10315753519535065,791
3,0.10880009084939957,792
3,0.08023130893707275,793
3,0.0739954337477684,794
3,0.08875120431184769,795
3,0.10985542088747025,796
1,0.06976210325956345,797
3,0.10775253176689148,798
3,0.11050079762935638,799
3,0.09686018526554108,800
3,0.10762924700975418,801
3,0.1090533658862114,802
3,0.10790611058473587,803
3,0.11013060063123703,804
3,0.0999477356672287,805
3,0.08936917036771774,806
3,0.09433901309967041,807
1,0.1038258895277977,808
3,0.10262295603752136,809
3,0.08027520775794983,810
3,0.08895227313041687,811
3,0.10375133156776428,812
3,0.10432248562574387,813
3,0.10825932770967484,814
3,0.10994815826416016,815
3,0.08737459033727646,816
3,0.10880020260810852,817
3,0.10075400024652481,818
3,0.10531967133283615,819
3,0.1041565015912056,820
3,0.09283629059791565,821
3,0.08762896060943604,822
3,0.110036201775074,823
3,0.0918676033616066,824
3,0.09296980500221252,825
3,0.10942073166370392,826
2,0.10178176313638687,827
3,0.09511416405439377,828
3,0.0894329622387886,829
4,0.10800928622484207,830
3,0.11217773705720901,831
1,0.06784605979919434,832
1,0.08379004150629044,833
3,0.107384093105793,834
3,0.10694433748722076,835
3,0.10677608102560043,836
1,0.07131882011890411,837
3,0.10830710828304291,838
1,0.09323035180568695,839
3,0.1110042855143547,840
3,0.10756979137659073,841
3,0.10547477751970291,842
3,0.09367512911558151,843
3,0.08537915349006653,844
3,0.09490670263767242,845
3,0.10636363178491592,846
1,0.08843355625867844,847
3,0.0964142233133316,848
3,0.11071782559156418,849
3,0.11017533391714096,850
3,0.10552247613668442,851
3,0.09396965056657791,852
3,0.08678212761878967,853
3,0.11158312857151031,854
3,0.10582591593265533,855
3,0.10958848148584366,856
3,0.1082305982708931,857
3,0.10821399837732315,858
3,0.10599304735660553,859
3,0.09338969737291336,860
3,0.09651437401771545,861
3,0.09711924195289612,862
3,0.10820891708135605,863
3,0.11107121407985687,864
3,0.09333808720111847,865
3,0.0872623547911644,866
1,0.07938390225172043,867
3,0.08585754781961441,868
3,0.0819154754281044,869
3,0.11277277022600174,870
3,0.10611402243375778,871
3,0.0946938619017601,872
3,0.11078260838985443,873
1,0.07555089145898819,874
3,0.09592679888010025,875
3,0.10951767861843109,876
3,0.09436958283185959,877
3,0.0825694277882576,878
3,0.10094728320837021,879
3,0.10173509269952774,880
3,0.1052149087190628,881
3,0.08807788789272308,882
3,0.0926159918308258,883
3,0.10716605186462402,884
3,0.08641008287668228,885
3,0.10211308300495148,886
3,0.1099180057644844,887
1,0.07055020332336426,888
3,0.09095293283462524,889
3,0.11193250864744186,890
3,0.11348335444927216,891
3,0.11272895336151123,892
3,0.11012434959411621,893
3,0.10324938595294952,894
3,0.09116993099451065,895
1,0.1008029356598854,896
3,0.1136750802397728,897
3,0.11117628216743469,898
1,0.05604565143585205,899
3,0.08599251508712769,900
3,0.09864542633295059,901
1,0.09254375845193863,902
3,0.10036524385213852,903
3,0.11214723438024521,904
3,0.1132831946015358,905
3,0.1090870127081871,906
3,0.10251909494400024,907
3,0.11176975816488266,908
3,0.11448471993207932,909
3,0.10582070797681808,910
3,0.07908815890550613,911
3,0.11461366713047028,912
3,0.11007443815469742,913
3,0.09958308190107346,914
3,0.1030968427658081,915
3,0.11408836394548416,916
3,0.11424319446086884,917
3,0.10884387791156769,918
1,0.07443302869796753,919
3,0.08211640268564224,920
3,0.09657225012779236,921
1,0.08638668805360794,922
3,0.10559190809726715,923
3,0.10956049710512161,924
3,0.1096203625202179,925
3,0.07803481072187424,926
1,0.09399177134037018,927
3,0.09661876410245895,928
3,0.0788239985704422,929
3,0.0834522396326065,930
1,0.09630279242992401,931
3,0.07779111713171005,932
3,0.082673579454422,933
3,0.08691135793924332,934
3,0.09202989190816879,935
3,0.10624940693378448,936
3,0.11146076768636703,937
1,0.07401057332754135,938
3,0.10633646696805954,939
3,0.08043725043535233,940
3,0.11186183989048004,941
3,0.11060585081577301,942
3,0.10647661983966827,943
3,0.11076187342405319,944
3,0.11511170119047165,945
3,0.11191659420728683,946
3,0.11118553578853607,947
3,0.11570506542921066,948
3,0.1120918020606041,949
3,0.10756868869066238,950
3,0.07840008288621902,951
3,0.08081924915313721,952
1,0.08946193754673004,953
3,0.09992659091949463,954
3,0.09148268401622772,955
3,0.07909629493951797,956
3,0.09290984272956848,957
3,0.0955691859126091,958
3,0.1055401936173439,959
1,0.05426673963665962,960
3,0.09182938933372498,961
3,0.11653493344783783,962
3,0.113614022731781,963
3,0.10597638040781021,964
3,0.11158386617898941,965
3,0.07510914653539658,966
3,0.1172027438879013,967
3,0.11253515630960464,968
3,0.10672104358673096,969
3,0.11130531877279282,970
3,0.07959667593240738,971
2,0.07535900175571442,972
3,0.11440201103687286,973
3,0.11408275365829468,974
3,0.10655807703733444,975
3,0.1159621849656105,976
3,0.10446061939001083,977
3,0.07562662661075592,978
3,0.08520390093326569,979
3,0.09660252928733826,980
3,0.1037931814789772,981
3,0.11524367332458496,982
3,0.11721561849117279,983
1,0.04990270361304283,984
3,0.09845387190580368,985
3,0.08468455076217651,986
3,0.10755991190671921,987
3,0.10903675854206085,988
3,0.11812945455312729,989
3,0.11765347421169281,990
1,0.048803478479385376,991
3,0.11463580280542374,992
3,0.11859866976737976,993
3,0.1022997573018074,994
3,0.08584616333246231,995
3,0.10812442749738693,996
3,0.11445851624011993,997
3,0.11419820040464401,998
3,0.11388321965932846,999
3,0.11583088338375092,1000
1,0.10155928134918213,1001
3,0.11040067672729492,1002
3,0.11377465724945068,1003
3,0.11205359548330307,1004
3,0.07633654028177261,1005
3,0.08677362650632858,1006
3,0.11506228893995285,1007
3,0.10389697551727295,1008
1,0.07204723358154297,1009
3,0.1152760311961174,1010
3,0.11572788655757904,1011
3,0.11865302920341492,1012
3,0.12070274353027344,1013
3,0.10512956976890564,1014
3,0.08921048790216446,1015
3,0.11523142457008362,1016
3,0.10301685333251953,1017
3,0.08786790072917938,1018
3,0.0957171842455864,1019
3,0.12024468928575516,1020
3,0.11377686262130737,1021
3,0.08559995889663696,1022
3,0.0959276631474495,1023
3,0.11640467494726181,1024
3,0.11703073978424072,1025
3,0.10131808370351791,1026
3,0.08315160870552063,1027
3,0.11780783534049988,1028
3,0.1131841167807579,1029
3,0.11485866457223892,1030
3,0.08347584307193756,1031
3,0.11773940920829773,1032
3,0.11491985619068146,1033
3,0.11561586707830429,1034
3,0.07422366738319397,1035
3,0.07267288863658905,1036
3,0.11265281587839127,1037
3,0.11565243452787399,1038
3,0.11589554697275162,1039
3,0.11367229372262955,1040
3,0.09989409148693085,1041
1,0.06509793549776077,1042
3,0.11804366856813431,1043
3,0.11913804709911346,1044
3,0.11960155516862869,1045
3,0.12093253433704376,1046
3,0.11860863119363785,1047
3,0.11770235002040863,1048
3,0.12199709564447403,1049
3,0.07219836115837097,1050
1,0.07160240411758423,1051
3,0.11297597736120224,1052
3,0.12188118696212769,1053
3,0.11915816366672516,1054
3,0.117484912276268,1055
3,0.12010183930397034,1056
3,0.11422491073608398,1057
3,0.08850408345460892,1058
3,0.09099512547254562,1059
3,0.11854524910449982,1060
3,0.10022687911987305,1061
3,0.11883027106523514,1062
3,0.07818016409873962,1063
3,0.12237702310085297,1064
3,0.1015244871377945,1065
1,0.07856736332178116,1066
3,0.11997529119253159,1067
3,0.11662598699331284,1068
3,0.1000957190990448,1069
3,0.10817603766918182,1070
3,0.1163095012307167,1071
3,0.09847371280193329,1072
3,0.12102201581001282,1073
3,0.10737587511539459,1074
1,0.07352972030639648,1075
3,0.09858041256666183,1076
3,0.09848591685295105,1077
3,0.1234106495976448,1078
3,0.10755056142807007,1079
3,0.0790662094950676,1080
3,0.09127479791641235,1081
1,0.08921245485544205,1082
3,0.08813373744487762,1083
3,0.12133707851171494,1084
3,0.12387129664421082,1085
3,0.10181795060634613,1086
3,0.11512597650289536,1087
3,0.07364767789840698,1088
3,0.10076240450143814,1089
1,0.029387464746832848,1090
1,0.08838941901922226,1091
3,0.09615793079137802,1092
3,0.10157688707113266,1093
3,0.10146801173686981,1094
3,0.11758328974246979,1095
3,0.07439642399549484,1096
3,0.08550811558961868,1097
3,0.12047360837459564,1098
3,0.11634638905525208,1099
3,0.12202762067317963,1100
3,0.1182209774851799,1101
3,0.08027072250843048,1102
3,0.10066806524991989,1103
3,0.11258547008037567,1104
3,0.12446922063827515,1105
3,0.12270690500736237,1106
3,0.09233570843935013,1107
3,0.12603521347045898,1108
3,0.08197494596242905,1109
3,0.11580260097980499,1110
3,0.07685501128435135,1111
3,0.08310561627149582,1112
3,0.11394765973091125,1113
3,0.11732479184865952,1114
3,0.10774025321006775,1115
3,0.08085393905639648,1116
3,0.12094981223344803,1117
3,0.08167149126529694,1118
3,0.10177066177129745,1119
3,0.12218356132507324,1120
3,0.08746730536222458,1121
3,0.11462605744600296,1122
3,0.11327099800109863,1123
3,0.12137620896100998,1124
3,0.09954408556222916,1125
3,0.10864180326461792,1126
3,0.1054924950003624,1127
3,0.10815003514289856,1128
3,0.11624248325824738,1129
3,0.12159392237663269,1130
3,0.12512722611427307,1131
3,0.11971932649612427,1132
3,0.08067093789577484,1133
3,0.08096041530370712,1134
3,0.07898169010877609,1135
3,0.11157835274934769,1136
3,0.11949922144412994,1137
3,0.12105561792850494,1138
3,0.12573428452014923,1139
3,0.1107124611735344,1140
3,0.12525574862957,1141
3,0.12323806434869766,1142
3,0.12269134074449539,1143
3,0.12554261088371277,1144
3,0.12175631523132324,1145
3,0.10226801037788391,1146
3,0.10366447269916534,1147
3,0.12839201092720032,1148
3,0.08521848917007446,1149
3,0.09446258842945099,1150
3,0.1064169630408287,1151
3,0.10430970042943954,1152
3,0.1242225393652916,1153
3,0.12557734549045563,1154
3,0.10513916611671448,1155
3,0.07922875136137009,1156
3,0.111550472676754,1157
3,0.1198449656367302,1158
3,0.1276421993970871,1159
1,0.10108266025781631,1160
3,0.09147859364748001,1161
3,0.11093274503946304,1162
3,0.08839549124240875,1163
3,0.09047181904315948,1164
3,0.10482022166252136,1165
3,0.10570025444030762,1166
3,0.11314407736063004,1167
3,0.12490420043468475,1168
3,0.1036008819937706,1169
1,0.05983441695570946,1170
3,0.08924583345651627,1171
3,0.09409152716398239,1172
3,0.09479445219039917,1173
3,0.1314758062362671,1174
3,0.12569719552993774,1175
3,0.10749627649784088,1176
3,0.07668986171483994,1177
3,0.09395762532949448,1178
3,0.12480638921260834,1179
3,0.07694973796606064,1180
3,0.08378426730632782,1181
3,0.09598703682422638,1182
3,0.10250107944011688,1183
3,0.11145786941051483,1184
3,0.12314867228269577,1185
3,0.12793783843517303,1186
3,0.1242888867855072,1187
3,0.1238267719745636,1188
3,0.12160149216651917,1189
3,0.12692603468894958,1190
3,0.09896846115589142,1191
3,0.09942714124917984,1192
3,0.09314402937889099,1193
3,0.12922318279743195,1194
3,0.10592656582593918,1195
3,0.08818347752094269,1196
3,0.13018329441547394,1197
3,0.12616637349128723,1198
3,0.12608684599399567,1199
3,0.10886374115943909,1200
3,0.10235976427793503,1201
1,0.07089192420244217,1202
3,0.12646426260471344,1203
3,0.13208059966564178,1204
3,0.12546230852603912,1205
3,0.10506419092416763,1206
3,0.12966196238994598,1207
3,0.1341513842344284,1208
3,0.11372072249650955,1209
3,0.08239017426967621,1210
3,0.08631730824708939,1211
3,0.09995698183774948,1212
3,0.11187264323234558,1213
1,0.020951487123966217,1214
3,0.11024601757526398,1215
3,0.12764616310596466,1216
3,0.09207452833652496,1217
3,0.11570778489112854,1218
3,0.12367323040962219,1219
3,0.1145266592502594,1220
3,0.0854477509856224,1221
3,0.12895405292510986,1222
3,0.09455030411481857,1223
3,0.11612844467163086,1224
3,0.1296532303094864,1225
3,0.12847387790679932,1226
3,0.12976716458797455,1227
3,0.1141766756772995,1228
3,0.13615500926971436,1229
3,0.13380642235279083,1230
3,0.12918192148208618,1231
3,0.13188984990119934,1232
3,0.11031059175729752,1233
3,0.08517567068338394,1234
3,0.08840075880289078,1235
3,0.13651561737060547,1236
3,0.1321529597043991,1237
3,0.13548456132411957,1238
3,0.1250099241733551,1239
3,0.13175319135189056,1240
3,0.132003054022789,1241
3,0.1278351992368698,1242
3,0.10876062512397766,1243
3,0.11563415080308914,1244
3,0.12998861074447632,1245
3,0.12641333043575287,1246
3,0.13159072399139404,1247
3,0.13173039257526398,1248
3,0.12970119714736938,1249
3,0.11128201335668564,1250
3,0.09245921671390533,1251
3,0.12953433394432068,1252
3,0.1330757439136505,1253
3,0.08650032430887222,1254
3,0.1257869303226471,1255
3,0.13217408955097198,1256
3,0.11152501404285431,1257
3,0.08982530236244202,1258
3,0.09526822715997696,1259
3,0.13197697699069977,1260
3,0.12884432077407837,1261
3,0.0816292017698288,1262
3,0.0926772728562355,1263
3,0.09424494951963425,1264
3,0.13385897874832153,1265
3,0.1366322785615921,1266
3,0.10977397114038467,1267
3,0.1378333866596222,1268
3,0.13040049374103546,1269
3,0.13127978146076202,1270
3,0.09314034879207611,1271
3,0.1269940882921219,1272
3,0.12954990565776825,1273
3,0.13059012591838837,1274
3,0.11709655821323395,1275
1,0.10611657798290253,1276
1,0.07782859355211258,1277
3,0.08725035190582275,1278
3,0.11793724447488785,1279
3,0.12581589818000793,1280
3,0.1363832652568817,1281
3,0.12979407608509064,1282
3,0.11744455248117447,1283
3,0.08446337282657623,1284
3,0.08672136813402176,1285
3,0.0966133251786232,1286
3,0.13452944159507751,1287
3,0.13463732600212097,1288
3,0.1318764090538025,1289
3,0.13910281658172607,1290
3,0.08036810159683228,1291
3,0.13208091259002686,1292
3,0.08701766282320023,1293
3,0.08590333163738251,1294
3,0.10994910448789597,1295
3,0.13283012807369232,1296
3,0.13667312264442444,1297
3,0.13113437592983246,1298
3,0.12965211272239685,1299
3,0.0780712142586708,1300
4,0.12447866052389145,1301
3,0.09158511459827423,1302
3,0.1288035362958908,1303
3,0.08609198778867722,1304
3,0.0937076210975647,1305
1,0.07937552779912949,1306
3,0.13276387751102448,1307
3,0.10161261260509491,1308
3,0.08540550619363785,1309
3,0.08899988234043121,1310
3,0.08933550119400024,1311
3,0.10631448030471802,1312
3,0.13322094082832336,1313
3,0.1362587958574295,1314
3,0.1312246173620224,1315
3,0.07759074866771698,1316
3,0.12158416211605072,1317
3,0.13504594564437866,1318
3,0.07751079648733139,1319
3,0.13778145611286163,1320
3,0.13183431327342987,1321
3,0.1342785656452179,1322
3,0.08818281441926956,1323
3,0.08832800388336182,1324
3,0.13300710916519165,1325
3,0.12716740369796753,1326
3,0.12204254418611526,1327
1,0.07689203321933746,1328
3,0.10154327005147934,1329
3,0.13799522817134857,1330
3,0.13460001349449158,1331
3,0.13461250066757202,1332
3,0.1202150359749794,1333
3,0.1382974088191986,1334
3,0.1212695837020874,1335
1,0.0719829797744751,1336
3,0.07788842171430588,1337
3,0.10192030668258667,1338
3,0.11850442737340927,1339
3,0.12294405698776245,1340
3,0.08625704795122147,1341
3,0.09684841334819794,1342
3,0.1317131370306015,1343
2,0.11595411598682404,1344
3,0.13397285342216492,1345
3,0.13348813354969025,1346
3,0.10488837212324142,1347
1,0.07222230732440948,1348
3,0.08639569580554962,1349
3,0.08887744694948196,1350
3,0.10073282569646835,1351
3,0.13542990386486053,1352
3,0.1367468684911728,1353
3,0.1349678486585617,1354
3,0.13520357012748718,1355
3,0.129611074924469,1356
3,0.13410542905330658,1357
3,0.12435442209243774,1358
3,0.11032748222351074,1359
1,0.10806481540203094,1360
1,0.1073765829205513,1361
1,0.11223860085010529,1362
3,0.11360993981361389,1363
3,0.12263727188110352,1364
3,0.07249470055103302,1365
3,0.13868798315525055,1366
3,0.09831463545560837,1367
3,0.08780472725629807,1368
3,0.09864576905965805,1369
3,0.11068393290042877,1370
3,0.14053785800933838,1371
3,0.1423051953315735,1372
3,0.12134241312742233,1373
3,0.08459445834159851,1374
3,0.07834577560424805,1375
3,0.13658544421195984,1376
3,0.13019633293151855,1377
3,0.07875622808933258,1378
1,0.07195205241441727,1379
3,0.09824761003255844,1380
3,0.1339537352323532,1381
3,0.1391609013080597,1382
1,0.07243598252534866,1383
3,0.0895749181509018,1384
3,0.1337314397096634,1385
2,0.08621692657470703,1386
3,0.10392411053180695,1387
3,0.11272364854812622,1388
1,0.12102560698986053,1389
3,0.1398731768131256,1390
3,0.09894855320453644,1391
3,0.1350121945142746,1392
3,0.138152614235878,1393
3,0.13968241214752197,1394
3,0.10258032381534576,1395
3,0.09973544627428055,1396
3,0.0901387631893158,1397
3,0.11946532875299454,1398
3,0.09834413230419159,1399
1,0.09309322386980057,1400
3,0.1327068954706192,1401
3,0.12155937403440475,1402
3,0.10645786672830582,1403
3,0.10173994302749634,1404
3,0.07974396646022797,1405
3,0.09085039049386978,1406
3,0.09888853877782822,1407
3,0.09898281842470169,1408
3,0.14118753373622894,1409
3,0.14403283596038818,1410
3,0.142634317278862,1411
3,0.133809894323349,1412
3,0.12765581905841827,1413
3,0.10686186701059341,1414
3,0.10222470760345459,1415
3,0.10568045824766159,1416
3,0.12491714209318161,1417
3,0.13354642689228058,1418
3,0.1474909484386444,1419
3,0.14261233806610107,1420
3,0.14440424740314484,1421
3,0.09595795720815659,1422
3,0.07629003375768661,1423
3,0.13714684545993805,1424
3,0.14556196331977844,1425
3,0.10418728739023209,1426
3,0.08136553317308426,1427
3,0.1406184583902359,1428
3,0.09810103476047516,1429
1,0.07704097032546997,1430
3,0.09259118139743805,1431
3,0.09966864436864853,1432
3,0.09977748990058899,1433
3,0.1071683019399643,1434
1,0.0888703390955925,1435
3,0.13953661918640137,1436
3,0.10391044616699219,1437
3,0.08041471242904663,1438
3,0.09134284406900406,1439
3,0.13510219752788544,1440
3,0.13609132170677185,1441
3,0.14387893676757812,1442
3,0.14809656143188477,1443
3,0.1466687023639679,1444
3,0.10469666123390198,1445
3,0.14227521419525146,1446
3,0.1407611072063446,1447
3,0.14868979156017303,1448
3,0.13974860310554504,1449
3,0.12991963326931,1450
3,0.101217120885849,1451
3,0.0992521345615387,1452
1,0.08778336644172668,1453
3,0.1267806887626648,1454
3,0.10841768980026245,1455
3,0.0813964381814003,1456
3,0.09010277688503265,1457
3,0.13265885412693024,1458
1,0.13195034861564636,1459
3,0.14944344758987427,1460
3,0.14614562690258026,1461
1,0.11579969525337219,1462
3,0.141025573015213,1463
3,0.10660425573587418,1464
3,0.1358354240655899,1465
3,0.1457124650478363,1466
3,0.13873538374900818,1467
3,0.13834868371486664,1468
3,0.08970325440168381,1469
3,0.10258567333221436,1470
3,0.10880819708108902,1471
3,0.1460624784231186,1472
3,0.14536316692829132,1473
3,0.1449524313211441,1474
3,0.13114777207374573,1475
3,0.10127737373113632,1476
3,0.1304933875799179,1477
3,0.14115768671035767,1478
3,0.13621366024017334,1479
3,0.12098099291324615,1480
3,0.08167371898889542,1481
3,0.10926685482263565,1482
3,0.14561827480793,1483
3,0.14525538682937622,1484
3,0.12085142731666565,1485
3,0.10576245933771133,1486
3,0.1415073126554489,1487
3,0.08806952089071274,1488
3,0.13829822838306427,1489
3,0.14142856001853943,1490
3,0.10425903648138046,1491
3,0.1055154800415039,1492
1,0.08172634989023209,1493
3,0.12075766175985336,1494
1,0.10295405983924866,1495
3,0.14363016188144684,1496
3,0.14143650233745575,1497
3,0.10376610606908798,1498
1,0.08618083596229553,1499
3,0.15319406986236572,1500
3,0.143961101770401,1501
3,0.1463986188173294,1502
3,0.10868331789970398,1503
3,0.08330122381448746,1504
3,0.10238946974277496,1505
3,0.11063794791698456,1506
3,0.14224819839000702,1507
3,0.14836357533931732,1508
3,0.13988222181797028,1509
3,0.13289818167686462,1510
3,0.1226700097322464,1511
3,0.11040165275335312,1512
3,0.09995455294847488,1513
3,0.09919760376214981,1514
3,0.08106951415538788,1515
3,0.08456123620271683,1516
3,0.12392676621675491,1517
3,0.14021709561347961,1518
3,0.0920209139585495,1519
3,0.08358792215585709,1520
3,0.0817197635769844,1521
3,0.08446579426527023,1522
3,0.10389841347932816,1523
1,0.10775100439786911,1524
3,0.12954188883304596,1525
3,0.1453597992658615,1526
3,0.14788873493671417,1527
2,0.14076654613018036,1528
3,0.08218922466039658,1529
3,0.1333482414484024,1530
1,0.0900154560804367,1531
3,0.0881657600402832,1532
3,0.08847453445196152,1533
3,0.0894356295466423,1534
3,0.13032427430152893,1535
3,0.14130769670009613,1536
3,0.11113759875297546,1537
3,0.10959958285093307,1538
1,0.08142413198947906,1539
3,0.08625684678554535,1540
3,0.1211719661951065,1541
3,0.14584387838840485,1542
3,0.08004225045442581,1543
3,0.11159563064575195,1544
3,0.10326165705919266,1545
3,0.14943695068359375,1546
3,0.15518584847450256,1547
1,0.07827243953943253,1548
3,0.09049452096223831,1549
3,0.14768852293491364,1550
3,0.09352722018957138,1551
3,0.08881056308746338,1552
3,0.08555082976818085,1553
3,0.08893981575965881,1554
3,0.1439937800168991,1555
3,0.15092222392559052,1556
3,0.14798858761787415,1557
1,0.08899836242198944,1558
3,0.12304092198610306,1559
1,0.10382186621427536,1560
3,0.1229085773229599,1561
3,0.14485986530780792,1562
1,0.1267126351594925,1563
3,0.15439701080322266,1564
3,0.15204167366027832,1565
3,0.1000346839427948,1566
3,0.0854722261428833,1567
3,0.08484239876270294,1568
3,0.09643528610467911,1569
4,0.14622914791107178,1570
3,0.12352163344621658,1571
3,0.12351442873477936,1572
3,0.14371012151241302,1573
3,0.1456340253353119,1574
3,0.14859884977340698,1575
2,0.08496005088090897,1576
3,0.10453765094280243,1577
3,0.10327151417732239,1578
3,0.1469496786594391,1579
3,0.14891165494918823,1580
3,0.1509242206811905,1581
3,0.15313147008419037,1582
3,0.08471694588661194,1583
3,0.08566935360431671,1584
3,0.14985941350460052,1585
1,0.13289500772953033,1586
3,0.1583269238471985,1587
3,0.15147079527378082,1588
1,0.08737276494503021,1589
3,0.08595860004425049,1590
3,0.08500052988529205,1591
1,0.0677889958024025,1592
3,0.12413153052330017,1593
3,0.14071038365364075,1594
3,0.1479353904724121,1595
3,0.1466728299856186,1596
3,0.08593115210533142,1597
2,0.08437571674585342,1598
3,0.09749582409858704,1599
3,0.13769812881946564,1600
3,0.1477329432964325,1601
3,0.09007406234741211,1602
3,0.15913662314414978,1603
3,0.15429505705833435,1604
3,0.1489141881465912,1605
3,0.09560973197221756,1606
3,0.10577920079231262,1607
3,0.12542618811130524,1608
3,0.130722314119339,1609
3,0.15051701664924622,1610
3,0.14838097989559174,1611
3,0.15471231937408447,1612
3,0.1008632630109787,1613
3,0.09915506094694138,1614
3,0.12915202975273132,1615
3,0.130957692861557,1616
3,0.13457798957824707,1617
3,0.15302042663097382,1618
3,0.1264549195766449,1619
3,0.16010138392448425,1620
3,0.15336717665195465,1621
1,0.06376197934150696,1622
3,0.15644571185112,1623
3,0.09650623053312302,1624
3,0.1318168342113495,1625
3,0.15454918146133423,1626
3,0.12404347956180573,1627
3,0.1270950585603714,1628
3,0.13571296632289886,1629
3,0.13210660219192505,1630
3,0.14980101585388184,1631
3,0.1038685217499733,1632
1,0.09412717819213867,1633
3,0.08664147555828094,1634
3,0.08905625343322754,1635
3,0.09427545219659805,1636
3,0.10441495478153229,1637
3,0.12719330191612244,1638
3,0.15060439705848694,1639
3,0.15312674641609192,1640
3,0.15791167318820953,1641
3,0.13399595022201538,1642
3,0.08839083462953568,1643
3,0.1512114256620407,1644
3,0.08665712922811508,1645
3,0.0897076204419136,1646
3,0.09481490403413773,1647
3,0.15227799117565155,1648
3,0.15435083210468292,1649
3,0.15316666662693024,1650
3,0.08729288727045059,1651
4,0.08618725836277008,1652
3,0.09589095413684845,1653
3,0.09764465689659119,1654
3,0.08885706961154938,1655
3,0.09599332511425018,1656
1,0.10983799397945404,1657
3,0.09560102969408035,1658
3,0.10374787449836731,1659
3,0.1288076639175415,1660
3,0.15277674794197083,1661
3,0.12114740908145905,1662
3,0.08471370488405228,1663
3,0.09149284660816193,1664
3,0.09820468723773956,1665
3,0.1312432438135147,1666
3,0.13854961097240448,1667
3,0.16588833928108215,1668
1,0.06903292238712311,1669
3,0.1517755538225174,1670
3,0.11980593204498291,1671
1,0.0969197228550911,1672
3,0.08754019439220428,1673
3,0.09445694833993912,1674
3,0.09796224534511566,1675
3,0.15421350300312042,1676
3,0.11738339066505432,1677
3,0.12728925049304962,1678
3,0.08971155434846878,1679
3,0.15649951994419098,1680
3,0.09696447849273682,1681
1,0.06916087865829468,1682
3,0.10693788528442383,1683
3,0.15603169798851013,1684
3,0.15696121752262115,1685
1,0.08536756038665771,1686
3,0.13245789706707,1687
3,0.158169686794281,1688
3,0.15485557913780212,1689
3,0.15729451179504395,1690
3,0.15772101283073425,1691
3,0.16245992481708527,1692
3,0.16577556729316711,1693
1,0.0985816940665245,1694
3,0.10887695848941803,1695
3,0.09819067269563675,1696
3,0.1295526623725891,1697
3,0.1629076451063156,1698
3,0.16842171549797058,1699
3,0.15046444535255432,1700
3,0.1176796555519104,1701
1,0.07285134494304657,1702
3,0.09458694607019424,1703
1,0.09789786487817764,1704
3,0.1658056378364563,1705
3,0.1303589940071106,1706
3,0.11717817187309265,1707
3,0.1178886815905571,1708
3,0.10759127885103226,1709
3,0.13011445105075836,1710
3,0.10291192680597305,1711
3,0.15753649175167084,1712
3,0.15967217087745667,1713
3,0.16602879762649536,1714
3,0.16071653366088867,1715
3,0.1593889594078064,1716
3,0.16637787222862244,1717
3,0.15702499449253082,1718
3,0.13449856638908386,1719
1,0.11676245182752609,1720
2,0.15343226492404938,1721
3,0.15996776521205902,1722
3,0.1583157628774643,1723
3,0.0997142568230629,1724
3,0.10425134003162384,1725
3,0.13428080081939697,1726
3,0.1412053108215332,1727
3,0.16147394478321075,1728
3,0.17107349634170532,1729
3,0.13519757986068726,1730
3,0.09109090268611908,1731
2,0.1589253842830658,1732
1,0.1062089204788208,1733
3,0.09894248098134995,1734
3,0.1577051430940628,1735
3,0.13707377016544342,1736
1,0.0702153742313385,1737
3,0.08094464242458344,1738
1,0.04658117517828941,1739
3,0.16010481119155884,1740
3,0.17080636322498322,1741
3,0.15423259139060974,1742
3,0.1679818332195282,1743
3,0.1602555364370346,1744
3,0.0945323184132576,1745
3,0.13165587186813354,1746
3,0.16871614754199982,1747
3,0.16111445426940918,1748
3,0.08835996687412262,1749
3,0.12025182694196701,1750
3,0.1413135975599289,1751
3,0.11996789276599884,1752
3,0.10205377638339996,1753
3,0.09053569287061691,1754
3,0.12332095205783844,1755
3,0.16784150898456573,1756
3,0.15704897046089172,1757
3,0.1644495725631714,1758
3,0.1626230776309967,1759
3,0.09225711226463318,1760
3,0.0999118983745575,1761
3,0.12096766382455826,1762
3,0.1224312037229538,1763
3,0.1649869829416275,1764
3,0.14244379103183746,1765
3,0.1015470027923584,1766
3,0.10575757920742035,1767
3,0.157356396317482,1768
3,0.16302268207073212,1769
3,0.16338039934635162,1770
3,0.10484462231397629,1771
3,0.16021382808685303,1772
3,0.1630367934703827,1773
3,0.13025246560573578,1774
3,0.09580419957637787,1775
3,0.1706855595111847,1776
3,0.17374184727668762,1777
3,0.1617896854877472,1778
3,0.16577324271202087,1779
1,0.1520243138074875,1780
3,0.10061624646186829,1781
3,0.10577253997325897,1782
3,0.14776237308979034,1783
3,0.1438997983932495,1784
3,0.10613875836133957,1785
3,0.11214859038591385,1786
3,0.16749124228954315,1787
3,0.12215179204940796,1788
3,0.08735828101634979,1789
3,0.16761593520641327,1790
3,0.16747276484966278,1791
3,0.15914441645145416,1792
3,0.14785492420196533,1793
3,0.0940551683306694,1794
3,0.13549062609672546,1795
3,0.10075140744447708,1796
3,0.10062748193740845,1797
3,0.09682556986808777,1798
3,0.16255728900432587,1799
3,0.16698241233825684,1800
3,0.16345559060573578,1801
3,0.17351405322551727,1802
3,0.14242655038833618,1803
1,0.08633363246917725,1804
3,0.12355570495128632,1805
3,0.12381599843502045,1806
3,0.15852303802967072,1807
3,0.1636171042919159,1808
3,0.17865075170993805,1809
3,0.1600225418806076,1810
3,0.12420566380023956,1811
3,0.1574266403913498,1812
3,0.17263992130756378,1813
3,0.13230542838573456,1814
3,0.10671785473823547,1815
1,0.10710340738296509,1816
3,0.16817086935043335,1817
3,0.10777147114276886,1818
3,0.16746018826961517,1819
3,0.0957404375076294,1820
3,0.16894371807575226,1821
3,0.1013658419251442,1822
3,0.16157223284244537,1823
3,0.1811191439628601,1824
3,0.16751164197921753,1825
3,0.15941765904426575,1826
3,0.14998316764831543,1827
3,0.1474408060312271,1828
3,0.10063762217760086,1829
3,0.17627406120300293,1830
3,0.14232291281223297,1831
1,0.10117905586957932,1832
3,0.1726692020893097,1833
3,0.16250939667224884,1834
3,0.12498342990875244,1835
3,0.16430975496768951,1836
3,0.13411357998847961,1837
3,0.16311787068843842,1838
3,0.1647297739982605,1839
3,0.17476467788219452,1840
3,0.13523606956005096,1841
3,0.1663241982460022,1842
3,0.1780865341424942,1843
3,0.11482890695333481,1844
3,0.17760485410690308,1845
3,0.1614791303873062,1846
3,0.10363000631332397,1847
3,0.17767317593097687,1848
3,0.17793698608875275,1849
3,0.10414688289165497,1850
3,0.1716294288635254,1851
3,0.1642240434885025,1852
3,0.1266893893480301,1853
1,0.08022744953632355,1854
1,0.08438318967819214,1855
3,0.12242908775806427,1856
3,0.1643306314945221,1857
3,0.12710414826869965,1858
3,0.1008211150765419,1859
3,0.17379310727119446,1860
3,0.18502816557884216,1861
3,0.16864337027072906,1862
3,0.16851454973220825,1863
3,0.16532054543495178,1864
1,0.14403124153614044,1865
3,0.0952029749751091,1866
3,0.10603360086679459,1867
3,0.1691141128540039,1868
3,0.18261805176734924,1869
3,0.1021965816617012,1870
3,0.10582499951124191,1871
3,0.15735091269016266,1872
3,0.18304133415222168,1873
3,0.18656828999519348,1874
3,0.10666215419769287,1875
3,0.17542050778865814,1876
3,0.17470720410346985,1877
3,0.19404378533363342,1878
3,0.18406766653060913,1879
3,0.18708527088165283,1880
3,0.17342518270015717,1881
3,0.16053709387779236,1882
3,0.12819825112819672,1883
3,0.14560744166374207,1884
3,0.15219224989414215,1885
3,0.1819152981042862,1886
3,0.09584712982177734,1887
3,0.09813184291124344,1888
3,0.10845896601676941,1889
3,0.10152410715818405,1890
3,0.1457904875278473,1891
3,0.1424793004989624,1892
3,0.16786491870880127,1893
3,0.18806196749210358,1894
3,0.17428654432296753,1895
3,0.10409034043550491,1896
1,0.07568702846765518,1897
3,0.1090504601597786,1898
3,0.1112857535481453,1899
3,0.1427648514509201,1900
3,0.14881190657615662,1901
3,0.1766849160194397,1902
3,0.12900495529174805,1903
3,0.11530880630016327,1904
3,0.14080901443958282,1905
3,0.14527304470539093,1906
3,0.18551574647426605,1907
3,0.17542167007923126,1908
3,0.16035646200180054,1909
3,0.14250706136226654,1910
3,0.08587297797203064,1911
3,0.0845978632569313,1912
3,0.09710186719894409,1913
3,0.11067206412553787,1914
3,0.1375434398651123,1915
3,0.1154087632894516,1916
3,0.11687266826629639,1917
3,0.134780615568161,1918
1,0.08253318816423416,1919
2,0.12618471682071686,1920
4,0.1263374239206314,1921
3,0.1289215385913849,1922
3,0.1306125968694687,1923
3,0.16125866770744324,1924
3,0.16828542947769165,1925
3,0.19542734324932098,1926
3,0.14339007437229156,1927
1,0.08048520237207413,1928
3,0.10704774409532547,1929
3,0.12973953783512115,1930
3,0.12861421704292297,1931
3,0.17193010449409485,1932
3,0.10476545989513397,1933
3,0.1078755259513855,1934
3,0.11925050616264343,1935
3,0.16269490122795105,1936
3,0.17421767115592957,1937
3,0.162401020526886,1938
3,0.18258647620677948,1939
3,0.19246484339237213,1940
3,0.17889298498630524,1941
3,0.18985207378864288,1942
3,0.0831252932548523,1943
3,0.09813264012336731,1944
3,0.10837764292955399,1945
3,0.18303140997886658,1946
3,0.10990039259195328,1947
3,0.11924764513969421,1948
3,0.12541528046131134,1949
3,0.14016443490982056,1950
3,0.147704616189003,1951
1,0.07893309742212296,1952
3,0.10625234991312027,1953
3,0.19337286055088043,1954
3,0.11888742446899414,1955
3,0.1304357796907425,1956
3,0.13082322478294373,1957
3,0.1732548028230667,1958
3,0.1892513930797577,1959
3,0.19775399565696716,1960
3,0.13138993084430695,1961
3,0.13958607614040375,1962
3,0.190133199095726,1963
3,0.16980580985546112,1964
3,0.15613950788974762,1965
3,0.11319517344236374,1966
3,0.13238124549388885,1967
3,0.17669302225112915,1968
3,0.17701539397239685,1969
3,0.18534168601036072,1970
3,0.13267631828784943,1971
3,0.15938270092010498,1972
3,0.20019777119159698,1973
3,0.19794876873493195,1974
3,0.18391619622707367,1975
3,0.1942819058895111,1976
3,0.1666935533285141,1977
3,0.1501268893480301,1978
3,0.1696353554725647,1979
3,0.17212000489234924,1980
3,0.18873491883277893,1981
3,0.08710644394159317,1982
3,0.1939612478017807,1983
3,0.19553014636039734,1984
3,0.12080250680446625,1985
3,0.13384371995925903,1986
3,0.17567822337150574,1987
3,0.1846010982990265,1988
3,0.11049432307481766,1989
3,0.09854988753795624,1990
3,0.13605551421642303,1991
3,0.1768026202917099,1992
3,0.18493521213531494,1993
3,0.18473407626152039,1994
2,0.18418924510478973,1995
3,0.1098661944270134,1996
1,0.0716506615281105,1997
3,0.15139353275299072,1998
3,0.1620040386915207,1999
3,0.18477368354797363,2000
3,0.18556302785873413,2001
3,0.16089648008346558,2002
1,0.0742315724492073,2003
3,0.10973545908927917,2004
2,0.13701830804347992,2005
3,0.19495756924152374,2006
3,0.18520796298980713,2007
3,0.13352282345294952,2008
3,0.11176624894142151,2009
3,0.08514072000980377,2010
1,0.08632063865661621,2011
1,0.08879584074020386,2012
3,0.1616399884223938,2013
3,0.1100812554359436,2014
3,0.12209171056747437,2015
3,0.17498120665550232,2016
1,0.15501731634140015,2017
1,0.12057886272668839,2018
3,0.15941479802131653,2019
3,0.11165515333414078,2020
3,0.12256471812725067,2021
3,0.12233760207891464,2022
3,0.1854773759841919,2023
3,0.11305002868175507,2024
3,0.11265508085489273,2025
3,0.12414713203907013,2026
3,0.16379837691783905,2027
3,0.18830089271068573,2028
3,0.18484818935394287,2029
3,0.0791284367442131,2030
3,0.07832720875740051,2031
3,0.12353135645389557,2032
3,0.14138078689575195,2033
3,0.07979104667901993,2034
3,0.17190885543823242,2035
3,0.19149444997310638,2036
3,0.20097607374191284,2037
3,0.1845240443944931,2038
3,0.17619657516479492,2039
3,0.15564090013504028,2040
3,0.15516877174377441,2041
3,0.0859387144446373,2042
3,0.1537635177373886,2043
3,0.17391499876976013,2044
3,0.17718824744224548,2045
3,0.11081823706626892,2046
2,0.08619409799575806,2047
3,0.1389208883047104,2048
3,0.16490282118320465,2049
3,0.1727319210767746,2050
3,0.20238560438156128,2051
3,0.0906611829996109,2052
3,0.1487051546573639,2053
3,0.14952099323272705,2054
3,0.16633784770965576,2055
3,0.18163208663463593,2056
3,0.1763451099395752,2057
3,0.08644610643386841,2058
3,0.10116590559482574,2059
3,0.11646178364753723,2060
3,0.1899334192276001,2061
3,0.183786541223526,2062
3,0.1932627111673355,2063
3,0.1750897318124771,2064
3,0.11145254969596863,2065
3,0.11450671404600143,2066
3,0.11533208191394806,2067
3,0.12448584288358688,2068
3,0.13840854167938232,2069
3,0.15926608443260193,2070
3,0.19042856991291046,2071
2,0.19329442083835602,2072
3,0.0904560536146164,2073
3,0.10521408915519714,2074
3,0.11433198302984238,2075
3,0.12232134491205215,2076
3,0.12413401156663895,2077
3,0.1302580088376999,2078
3,0.15970981121063232,2079
3,0.16164179146289825,2080
3,0.1028735488653183,2081
3,0.10262149572372437,2082
3,0.10223555564880371,2083
3,0.10957518219947815,2084
3,0.11306016147136688,2085
3,0.19549576938152313,2086
3,0.1958838552236557,2087
3,0.18913352489471436,2088
3,0.10313885658979416,2089
3,0.11075965315103531,2090
3,0.12372023612260818,2091
3,0.18902719020843506,2092
3,0.09432066977024078,2093
3,0.10925333201885223,2094
3,0.1376114934682846,2095
3,0.13780055940151215,2096
3,0.14545656740665436,2097
3,0.18961496651172638,2098
3,0.16264061629772186,2099
3,0.11564232409000397,2100
3,0.12727579474449158,2101
3,0.14027170836925507,2102
3,0.16358882188796997,2103
3,0.16586537659168243,2104
3,0.16851681470870972,2105
3,0.20774471759796143,2106
3,0.09576636552810669,2107
3,0.10897532850503922,2108
3,0.17596812546253204,2109
3,0.20291471481323242,2110
3,0.20459726452827454,2111
3,0.19319677352905273,2112
3,0.19715163111686707,2113
3,0.20481979846954346,2114
3,0.20656253397464752,2115
3,0.1020549088716507,2116
2,0.1160813421010971,2117
3,0.13576197624206543,2118
3,0.14725922048091888,2119
3,0.19238495826721191,2120
3,0.16789059340953827,2121
4,0.11650536209344864,2122
3,0.1580466479063034,2123
3,0.1912427544593811,2124
3,0.10386287420988083,2125
3,0.11699435114860535,2126
3,0.14311440289020538,2127
3,0.16046632826328278,2128
3,0.18894536793231964,2129
3,0.19300904870033264,2130
3,0.11967078596353531,2131
3,0.17797207832336426,2132
3,0.21287040412425995,2133
3,0.1961451768875122,2134
3,0.1950419396162033,2135
3,0.12198568135499954,2136
3,0.16022048890590668,2137
3,0.11096790432929993,2138
3,0.1566804200410843,2139
3,0.2115575224161148,2140
3,0.10462113469839096,2141
3,0.14188823103904724,2142
3,0.11026955395936966,2143
3,0.11858886480331421,2144
3,0.13227996230125427,2145
3,0.2170826643705368,2146
3,0.11059528589248657,2147
3,0.17242230474948883,2148
3,0.21779592335224152,2149
3,0.12395162880420685,2150
3,0.12339378893375397,2151
3,0.10637135058641434,2152
3,0.1105666309595108,2153
3,0.11138008534908295,2154
3,0.1358955204486847,2155
3,0.14218002557754517,2156
3,0.14256039261817932,2157
3,0.1442735195159912,2158
3,0.16350579261779785,2159
3,0.19022324681282043,2160
3,0.21548624336719513,2161
3,0.19410264492034912,2162
3,0.18627949059009552,2163
3,0.09262337535619736,2164
3,0.17301437258720398,2165
3,0.19426386058330536,2166
3,0.1801346093416214,2167
3,0.10679960995912552,2168
3,0.16969513893127441,2169
3,0.19478058815002441,2170
3,0.18707984685897827,2171
3,0.12271573394536972,2172
3,0.12252424657344818,2173
4,0.2179858684539795,2174
3,0.12068485468626022,2175
1,0.07678747922182083,2176
3,0.21272456645965576,2177
3,0.18533499538898468,2178
3,0.1571815311908722,2179
3,0.14954878389835358,2180
3,0.14979657530784607,2181
3,0.16748012602329254,2182
3,0.2053677886724472,2183
3,0.20200686156749725,2184
3,0.15009573101997375,2185
3,0.22241316735744476,2186
3,0.17245468497276306,2187
3,0.2097991555929184,2188
1,0.07902614772319794,2189
3,0.09854213893413544,2190
3,0.11003517359495163,2191
3,0.13977240025997162,2192
3,0.17666484415531158,2193
3,0.1876121461391449,2194
3,0.19848600029945374,2195
3,0.1738794445991516,2196
3,0.1403486132621765,2197
3,0.10609573870897293,2198
3,0.09015637636184692,2199
3,0.14990036189556122,2200
3,0.17120780050754547,2201
3,0.220660001039505,2202
3,0.22191810607910156,2203
3,0.13892805576324463,2204
3,0.12269129604101181,2205
3,0.12077800184488297,2206
3,0.14603514969348907,2207
3,0.15064431726932526,2208
3,0.0938417911529541,2209
3,0.110563263297081,2210
3,0.13158559799194336,2211
3,0.15094317495822906,2212
3,0.1921207457780838,2213
3,0.1100667417049408,2214
3,0.11416763067245483,2215
3,0.11666394770145416,2216
3,0.1509954184293747,2217
3,0.12336452305316925,2218
3,0.11903724819421768,2219
3,0.09045283496379852,2220
4,0.1514522135257721,2221
3,0.2070702165365219,2222
3,0.11783087253570557,2223
3,0.19498209655284882,2224
3,0.1562487781047821,2225
3,0.1236845999956131,2226
3,0.14290761947631836,2227
3,0.1848072111606598,2228
3,0.19115330278873444,2229
3,0.1435529887676239,2230
3,0.10720934718847275,2231
3,0.0867546796798706,2232
3,0.11495526880025864,2233
3,0.12303413450717926,2234
3,0.08566723018884659,2235
3,0.11459290981292725,2236
3,0.18149006366729736,2237
3,0.2134895622730255,2238
3,0.20243479311466217,2239
1,0.16913866996765137,2240
3,0.18993796408176422,2241
3,0.15287750959396362,2242
3,0.19044096767902374,2243
3,0.17771115899085999,2244
3,0.2167961746454239,2245
3,0.2265593707561493,2246
3,0.23027609288692474,2247
3,0.10318367183208466,2248
3,0.11941759288311005,2249
3,0.08479927480220795,2250
3,0.18471798300743103,2251
3,0.2076495885848999,2252
3,0.1946054846048355,2253
3,0.23201948404312134,2254
3,0.11817970126867294,2255
3,0.10469979792833328,2256
3,0.12289439141750336,2257
3,0.12575049698352814,2258
3,0.1465739905834198,2259
3,0.14738145470619202,2260
3,0.14986611902713776,2261
3,0.2229299247264862,2262
3,0.17964452505111694,2263
3,0.15077848732471466,2264
3,0.2127029150724411,2265
3,0.15327131748199463,2266
3,0.20378364622592926,2267
3,0.2163981795310974,2268
3,0.2066040337085724,2269
3,0.12193325161933899,2270
3,0.12388180941343307,2271
3,0.21034619212150574,2272
3,0.21441400051116943,2273
3,0.2065504789352417,2274
3,0.11657930910587311,2275
3,0.08251431584358215,2276
3,0.11635833978652954,2277
3,0.1226775273680687,2278
3,0.12623724341392517,2279
3,0.1424628645181656,2280
3,0.1542355865240097,2281
3,0.15611149370670319,2282
3,0.13656330108642578,2283
1,0.07971890270709991,2284
3,0.08130010962486267,2285
3,0.10613353550434113,2286
3,0.18260368704795837,2287
3,0.11045612394809723,2288
1,0.07691828161478043,2289
3,0.12385623157024384,2290
3,0.2328214794397354,2291
3,0.10877706855535507,2292
3,0.10836385190486908,2293
1,0.09201785176992416,2294
3,0.1405038982629776,2295
3,0.1304549127817154,2296
3,0.1828208565711975,2297
3,0.18365810811519623,2298
3,0.1854778528213501,2299
3,0.20855197310447693,2300
3,0.0797879546880722,2301
3,0.13910341262817383,2302
3,0.21797208487987518,2303
3,0.21029329299926758,2304
3,0.18613693118095398,2305
3,0.14293161034584045,2306
3,0.11136573553085327,2307
1,0.06787565350532532,2308
3,0.19591547548770905,2309
1,0.08122003823518753,2310
3,0.12637726962566376,2311
3,0.16023653745651245,2312
3,0.215333953499794,2313
3,0.13826985657215118,2314
3,0.11741267889738083,2315
3,0.11505094170570374,2316
3,0.13419713079929352,2317
3,0.13840945065021515,2318
3,0.16217228770256042,2319
3,0.24118290841579437,2320
3,0.11586147546768188,2321
3,0.16250711679458618,2322
3,0.20481732487678528,2323
3,0.19005514681339264,2324
3,0.1521669328212738,2325
3,0.15240170061588287,2326
3,0.18645164370536804,2327
3,0.15206798911094666,2328
3,0.16536560654640198,2329
3,0.2245623618364334,2330
3,0.17331533133983612,2331
1,0.07332327216863632,2332
3,0.10417044162750244,2333
3,0.12925972044467926,2334
3,0.21349656581878662,2335
3,0.20515142381191254,2336
3,0.20489659905433655,2337
3,0.13952459394931793,2338
3,0.11409614980220795,2339
3,0.1151430681347847,2340
3,0.19322708249092102,2341
3,0.13797178864479065,2342
3,0.20936182141304016,2343
3,0.20984013378620148,2344
3,0.17202268540859222,2345
3,0.1385820209980011,2346
3,0.20047824084758759,2347
3,0.22639791667461395,2348
3,0.1331951916217804,2349
3,0.11552362143993378,2350
3,0.1898917555809021,2351
3,0.19120997190475464,2352
3,0.19688177108764648,2353
3,0.22023223340511322,2354
3,0.2243141531944275,2355
3,0.23576152324676514,2356
3,0.14858722686767578,2357
3,0.20521019399166107,2358
3,0.21147842705249786,2359
3,0.232895627617836,2360
3,0.14471310377120972,2361
3,0.13289004564285278,2362
3,0.11640439182519913,2363
3,0.10320372879505157,2364
3,0.14275746047496796,2365
3,0.14917464554309845,2366
3,0.15193305909633636,2367
3,0.14118747413158417,2368
3,0.1339750438928604,2369
3,0.11718679964542389,2370
1,0.0593552365899086,2371
3,0.1393795758485794,2372
3,0.2133587896823883,2373
3,0.2092355340719223,2374
3,0.10257688164710999,2375
3,0.1332833468914032,2376
3,0.15780870616436005,2377
3,0.17079035937786102,2378
3,0.2457752227783203,2379
3,0.20625168085098267,2380
1,0.08107912540435791,2381
4,0.1394519805908203,2382
3,0.17871583998203278,2383
3,0.24652506411075592,2384
3,0.11807911843061447,2385
3,0.11921758204698563,2386
3,0.15837837755680084,2387
3,0.17824621498584747,2388
3,0.22838182747364044,2389
3,0.20298047363758087,2390
2,0.0642247349023819,2391
3,0.11803410202264786,2392
3,0.1486116647720337,2393
3,0.19331011176109314,2394
3,0.2044430673122406,2395
3,0.18247868120670319,2396
1,0.06606852263212204,2397
1,0.09061253815889359,2398
3,0.14964774250984192,2399
3,0.20977507531642914,2400
3,0.1048077717423439,2401
3,0.14795275032520294,2402
3,0.12196167558431625,2403
3,0.12059589475393295,2404
3,0.1507633477449417,2405
3,0.19898073375225067,2406
3,0.2246643453836441,2407
3,0.19664576649665833,2408
3,0.19972442090511322,2409
1,0.08787412196397781,2410
3,0.24130107462406158,2411
3,0.13320648670196533,2412
3,0.14224572479724884,2413
3,0.1426113247871399,2414
3,0.22470755875110626,2415
3,0.040986068546772,2416
3,0.10328953713178635,2417
3,0.2253619134426117,2418
3,0.21408013999462128,2419
3,0.11179369688034058,2420
3,0.18670430779457092,2421
3,0.20072101056575775,2422
3,0.25735267996788025,2423
3,0.25527670979499817,2424
1,0.038083285093307495,2425
1,0.08967185765504837,2426
3,0.10054980218410492,2427
3,0.19944067299365997,2428
3,0.22648559510707855,2429
3,0.09506341069936752,2430
3,0.10040470957756042,2431
3,0.14123748242855072,2432
3,0.22890953719615936,2433
3,0.2265699952840805,2434
3,0.2201203554868698,2435
3,0.1953362077474594,2436
1,0.08221755921840668,2437
3,0.18234135210514069,2438
3,0.2368112951517105,2439
3,0.2581247091293335,2440
3,0.13697227835655212,2441
3,0.09373973309993744,2442
3,0.10199273377656937,2443
4,0.1400042474269867,2444
3,0.15271274745464325,2445
3,0.1932734251022339,2446
3,0.17899899184703827,2447
3,0.19757632911205292,2448
2,0.10701926052570343,2449
3,0.16163240373134613,2450
3,0.24761228263378143,2451
3,0.21758554875850677,2452
3,0.2123153656721115,2453
3,0.20243699848651886,2454
3,0.1604955941438675,2455
3,0.12424364686012268,2456
3,0.13431093096733093,2457
3,0.2024228572845459,2458
3,0.24840468168258667,2459
3,0.2207024246454239,2460
3,0.16009780764579773,2461
3,0.13515132665634155,2462
3,0.2393607497215271,2463
3,0.1921476125717163,2464
3,0.1633942574262619,2465
3,0.21364235877990723,2466
3,0.20799578726291656,2467
3,0.18974769115447998,2468
3,0.25172173976898193,2469
3,0.17274239659309387,2470
1,0.034472376108169556,2471
3,0.1010674312710762,2472
3,0.10405398905277252,2473
3,0.1333940327167511,2474
3,0.13480351865291595,2475
3,0.09328040480613708,2476
3,0.10307499766349792,2477
3,0.15026025474071503,2478
3,0.15845361351966858,2479
3,0.19341310858726501,2480
3,0.22631143033504486,2481
3,0.209019735455513,2482
3,0.0854162722826004,2483
3,0.18801583349704742,2484
3,0.09757504612207413,2485
1,0.048400990664958954,2486
3,0.09673157334327698,2487
3,0.16366980969905853,2488
3,0.09041021019220352,2489
3,0.09046833962202072,2490
3,0.10046680271625519,2491
3,0.1279614269733429,2492
3,0.21290907263755798,2493
3,0.1634099781513214,2494
3,0.11391517519950867,2495
3,0.19848200678825378,2496
3,0.18726679682731628,2497
3,0.2031824141740799,2498
3,0.16250629723072052,2499
3,0.12602658569812775,2500
3,0.17235811054706573,2501
3,0.1486569195985794,2502
1,0.08979098498821259,2503
3,0.13933899998664856,2504
3,0.24009250104427338,2505
3,0.23179443180561066,2506
1,0.07346319407224655,2507
3,0.12543024122714996,2508
3,0.2014320194721222,2509
3,0.24195393919944763,2510
1,0.21129991114139557,2511
3,0.11141853779554367,2512
3,0.24833622574806213,2513
3,0.27221277356147766,2514
3,0.24747200310230255,2515
3,0.17946483194828033,2516
3,0.17774039506912231,2517
3,0.1439214050769806,2518
3,0.09854540973901749,2519
3,0.09703534096479416,2520
3,0.16587765514850616,2521
3,0.20581690967082977,2522
3,0.2728894352912903,2523
3,0.24241337180137634,2524
3,0.17378419637680054,2525
1,0.08224424719810486,2526
3,0.09810061007738113,2527
3,0.1602206826210022,2528
3,0.16047066450119019,2529
3,0.20080813765525818,2530
3,0.1762644350528717,2531
3,0.2384764403104782,2532
3,0.09747244417667389,2533
3,0.21023264527320862,2534
3,0.22027581930160522,2535
3,0.12206751853227615,2536
3,0.21455636620521545,2537
3,0.21089328825473785,2538
3,0.1824929565191269,2539
3,0.09745970368385315,2540
3,0.2200021892786026,2541
1,0.08325185626745224,2542
3,0.09944931417703629,2543
3,0.26691555976867676,2544
3,0.16582456231117249,2545
3,0.2420424371957779,2546
3,0.16460181772708893,2547
3,0.10378608107566833,2548
3,0.11123356223106384,2549
1,0.06963043659925461,2550
3,0.142825186252594,2551
3,0.25680726766586304,2552
3,0.23787061870098114,2553
3,0.2429811954498291,2554
3,0.16349603235721588,2555
2,0.10317286103963852,2556
3,0.20197437703609467,2557
3,0.20348156988620758,2558
3,0.14993515610694885,2559
1,0.11654087901115417,2560
3,0.14155657589435577,2561
3,0.2711089551448822,2562
3,0.10220754891633987,2563
3,0.0933559387922287,2564
3,0.11850947886705399,2565
3,0.1187923476099968,2566
3,0.14123354852199554,2567
3,0.20454749464988708,2568
3,0.22708173096179962,2569
3,0.23011091351509094,2570
3,0.2722122073173523,2571
3,0.19500812888145447,2572
3,0.19296351075172424,2573
3,0.09347518533468246,2574
3,0.28079643845558167,2575
3,0.2528284788131714,2576
3,0.23969626426696777,2577
1,0.09101024270057678,2578
3,0.23435662686824799,2579
3,0.2827490270137787,2580
3,0.2555348873138428,2581
3,0.15413504838943481,2582
3,0.11661192774772644,2583
3,0.24259433150291443,2584
3,0.22260431945323944,2585
3,0.2844395339488983,2586
3,0.21525529026985168,2587
3,0.26710668206214905,2588
3,0.25667473673820496,2589
3,0.18915513157844543,2590
3,0.2485712617635727,2591
3,0.12394344061613083,2592
2,0.30381879210472107,2593
3,0.29081639647483826,2594
3,0.2583022117614746,2595
3,0.2550685703754425,2596
4,0.2518113851547241,2597
1,0.08504801243543625,2598
3,0.11362826824188232,2599
3,0.11442016065120697,2600
3,0.1244138851761818,2601
3,0.2176397442817688,2602
3,0.24549369513988495,2603
3,0.09525293111801147,2604
3,0.12075279653072357,2605
3,0.12470127642154694,2606
3,0.1391666680574417,2607
3,0.28203821182250977,2608
3,0.27712109684944153,2609
3,0.10257391631603241,2610
3,0.10745500028133392,2611
3,0.13936200737953186,2612
3,0.28924697637557983,2613
3,0.18628160655498505,2614
3,0.10243513435125351,2615
3,0.17897914350032806,2616
3,0.16780270636081696,2617
3,0.2257337123155594,2618
3,0.23317663371562958,2619
3,0.2580014169216156,2620
3,0.3003014028072357,2621
3,0.2459758222103119,2622
3,0.10607428103685379,2623
3,0.106877401471138,2624
3,0.1239284798502922,2625
3,0.2912614643573761,2626
3,0.29252687096595764,2627
3,0.17507199943065643,2628
3,0.17604345083236694,2629
3,0.22902445495128632,2630
3,0.12585307657718658,2631
3,0.1301368921995163,2632
3,0.13603855669498444,2633
3,0.14991432428359985,2634
3,0.2947902977466583,2635
3,0.11305443942546844,2636
3,0.2853478789329529,2637
3,0.28189167380332947,2638
3,0.2552032470703125,2639
1,0.08254891633987427,2640
3,0.13831733167171478,2641
3,0.17387333512306213,2642
2,0.3209981322288513,2643
3,0.31235405802726746,2644
3,0.30878373980522156,2645
3,0.2564395070075989,2646
1,0.093917116522789,2647
3,0.2997347116470337,2648
3,0.29885828495025635,2649
3,0.21011137962341309,2650
1,0.08668988198041916,2651
3,0.10471030324697495,2652
3,0.2716076076030731,2653
3,0.1603585183620453,2654
1,0.07164829969406128,2655
3,0.23356299102306366,2656
3,0.30415287613868713,2657
3,0.2584981322288513,2658
4,0.259111225605011,2659
3,0.18643712997436523,2660
3,0.16685068607330322,2661
1,0.25631439685821533,2662
3,0.32002413272857666,2663
3,0.09517171233892441,2664
3,0.09832334518432617,2665
3,0.14556646347045898,2666
3,0.1543676108121872,2667
3,0.3154689073562622,2668
3,0.10897145420312881,2669
3,0.13948722183704376,2670
3,0.16932477056980133,2671
4,0.17454245686531067,2672
3,0.17013393342494965,2673
3,0.23674225807189941,2674
2,0.28913331031799316,2675
3,0.3072831332683563,2676
3,0.26097723841667175,2677
3,0.1873752772808075,2678
3,0.09872371703386307,2679
3,0.13685600459575653,2680
3,0.17547285556793213,2681
3,0.33289000391960144,2682
3,0.21458439528942108,2683
3,0.0986662358045578,2684
3,0.13267424702644348,2685
3,0.15543948113918304,2686
3,0.18000546097755432,2687
3,0.23535382747650146,2688
2,0.333873987197876,2689
3,0.26304692029953003,2690
3,0.10204203426837921,2691
3,0.10476963222026825,2692
2,0.287802129983902,2693
2,0.3291400074958801,2694
3,0.2943415343761444,2695
3,0.12987346947193146,2696
3,0.22426068782806396,2697
4,0.3304845988750458,2698
3,0.10414662957191467,2699
3,0.15074816346168518,2700
2,0.28664490580558777,2701
3,0.3024352788925171,2702
3,0.09558360278606415,2703
3,0.26792117953300476,2704
3,0.12770797312259674,2705
2,0.30632784962654114,2706
4,0.30529946088790894,2707
3,0.2688019871711731,2708
3,0.1985243409872055,2709
3,0.19624465703964233,2710
3,0.10782574117183685,2711
3,0.18164308369159698,2712
3,0.2797994017601013,2713
1,0.09022609889507294,2714
1,0.08556406944990158,2715
3,0.1910734325647354,2716
3,0.12634137272834778,2717
3,0.262082576751709,2718
3,0.3402434289455414,2719
2,0.10155221819877625,2720
3,0.0982142761349678,2721
3,0.09905435144901276,2722
3,0.15519292652606964,2723
3,0.169608011841774,2724
3,0.21197286248207092,2725
3,0.3164820373058319,2726
3,0.26979580521583557,2727
3,0.10264141857624054,2728
3,0.1091194897890091,2729
3,0.2195805311203003,2730
1,0.2202099710702896,2731
3,0.2649478018283844,2732
3,0.2871827781200409,2733
3,0.19816173613071442,2734
3,0.10031905770301819,2735
3,0.10298115760087967,2736
3,0.15674647688865662,2737
3,0.1766357421875,2738
2,0.21843752264976501,2739
3,0.3137170970439911,2740
3,0.1572086215019226,2741
3,0.16837021708488464,2742
3,0.2833288013935089,2743
3,0.11209237575531006,2744
3,0.2163695991039276,2745
3,0.3216819167137146,2746
3,0.27453070878982544,2747
3,0.2505490779876709,2748
3,0.17899756133556366,2749
3,0.31000277400016785,2750
3,0.3181503415107727,2751
1,0.09317035228013992,2752
3,0.11153900623321533,2753
3,0.185533806681633,2754
1,0.12594743072986603,2755
3,0.2876396179199219,2756
2,0.2928466200828552,2757
3,0.1154974177479744,2758
3,0.160964235663414,2759
3,0.1663423627614975,2760
2,0.3586917221546173,2761
3,0.30901482701301575,2762
3,0.0934535413980484,2763
3,0.11845141649246216,2764
3,0.11992496997117996,2765
3,0.2007317692041397,2766
3,0.13020803034305573,2767
3,0.17901058495044708,2768
1,0.11154390871524811,2769
3,0.1134607344865799,2770
3,0.16299287974834442,2771
3,0.16346058249473572,2772
3,0.25091689825057983,2773
3,0.13102486729621887,2774
3,0.1856459379196167,2775
3,0.18831618130207062,2776
3,0.2538444399833679,2777
3,0.292873740196228,2778
3,0.28122591972351074,2779
3,0.17492951452732086,2780
2,0.2969105541706085,2781
3,0.0987447127699852,2782
3,0.10973827540874481,2783
3,0.15630929172039032,2784
3,0.18656310439109802,2785
3,0.2540087401866913,2786
3,0.24194473028182983,2787
1,0.11812582612037659,2788
3,0.10260243713855743,2789
3,0.1850970834493637,2790
3,0.20556066930294037,2791
3,0.3081265091896057,2792
3,0.31933802366256714,2793
3,0.2838182747364044,2794
3,0.13249188661575317,2795
3,0.10787024348974228,2796
3,0.15568041801452637,2797
3,0.18563026189804077,2798
3,0.3037490248680115,2799
3,0.28457215428352356,2800
1,0.054580505937337875,2801
3,0.19167926907539368,2802
3,0.3410487174987793,2803
3,0.28349801898002625,2804
3,0.1952088624238968,2805
3,0.11250686645507812,2806
3,0.12237907946109772,2807
3,0.3384087383747101,2808
2,0.12006723880767822,2809
3,0.2156255543231964,2810
2,0.36350172758102417,2811
3,0.3436802327632904,2812
3,0.32862862944602966,2813
3,0.31163015961647034,2814
3,0.20913165807724,2815
3,0.11851385980844498,2816
3,0.16772665083408356,2817
3,0.19932188093662262,2818
3,0.19037336111068726,2819
3,0.19515007734298706,2820
3,0.19241805374622345,2821
3,0.3481249213218689,2822
3,0.2929879128932953,2823
3,0.10520375519990921,2824
3,0.11593803018331528,2825
3,0.1932830661535263,2826
3,0.28775784373283386,2827
3,0.19486474990844727,2828
3,0.2988298535346985,2829
2,0.3037512004375458,2830
3,0.31639525294303894,2831
3,0.29054954648017883,2832
3,0.20673517882823944,2833
3,0.21325261890888214,2834
3,0.1782417744398117,2835
3,0.10606208443641663,2836
3,0.11595800518989563,2837
3,0.15978606045246124,2838
3,0.19495075941085815,2839
3,0.20819653570652008,2840
3,0.30037492513656616,2841
3,0.17714112997055054,2842
3,0.1044711098074913,2843
3,0.12456401437520981,2844
1,0.1298186331987381,2845
3,0.20077693462371826,2846
3,0.19972972571849823,2847
3,0.18752291798591614,2848
3,0.1740303784608841,2849
4,0.19877667725086212,2850
3,0.1997591108083725,2851
3,0.267461359500885,2852
3,0.2996538281440735,2853
3,0.2964616119861603,2854
1,0.08379088342189789,2855
1,0.12405737489461899,2856
3,0.11738832294940948,2857
3,0.22137019038200378,2858
3,0.2714942991733551,2859
2,0.30767491459846497,2860
3,0.2929462790489197,2861
3,0.18072906136512756,2862
3,0.1038629487156868,2863
3,0.19717790186405182,2864
3,0.2220999300479889,2865
3,0.21745726466178894,2866
1,0.09604229032993317,2867
3,0.09696900099515915,2868
3,0.19833365082740784,2869
3,0.202006533741951,2870
3,0.30154091119766235,2871
2,0.3088984191417694,2872
3,0.10092310607433319,2873
3,0.11310398578643799,2874
3,0.203007310628891,2875
3,0.2936252951622009,2876
3,0.25132131576538086,2877
3,0.10121046006679535,2878
3,0.11242444813251495,2879
3,0.1191229522228241,2880
3,0.30157098174095154,2881
2,0.3690105974674225,2882
2,0.0997881069779396,2883
3,0.10058150440454483,2884
2,0.17952483892440796,2885
4,0.17979735136032104,2886
3,0.20340648293495178,2887
3,0.1974853128194809,2888
2,0.3109145164489746,2889
3,0.09896139055490494,2890
3,0.14033544063568115,2891
3,0.19941386580467224,2892
3,0.20428957045078278,2893
3,0.21034064888954163,2894
3,0.2320871204137802,2895
3,0.30082398653030396,2896
3,0.10737460106611252,2897
3,0.1081874668598175,2898
3,0.15658222138881683,2899
3,0.20934069156646729,2900
3,0.17502225935459137,2901
3,0.17557673156261444,2902
1,0.28661656379699707,2903
3,0.1075650230050087,2904
3,0.2024705410003662,2905
3,0.3127945065498352,2906
3,0.2561757564544678,2907
1,0.1362389326095581,2908
3,0.30588167905807495,2909
2,0.3142230808734894,2910
3,0.31368884444236755,2911
3,0.14742432534694672,2912
3,0.2086534947156906,2913
3,0.22812360525131226,2914
3,0.30661460757255554,2915
3,0.30937814712524414,2916
3,0.13778099417686462,2917
3,0.12698110938072205,2918
3,0.12128514051437378,2919
3,0.14245930314064026,2920
3,0.3071514368057251,2921
2,0.31630951166152954,2922
3,0.2590813934803009,2923
3,0.09965131431818008,2924
3,0.30219364166259766,2925
3,0.12826339900493622,2926
3,0.1716180145740509,2927
3,0.20751243829727173,2928
3,0.09988255798816681,2929
3,0.2089185267686844,2930
3,0.21290136873722076,2931
2,0.12072160094976425,2932
3,0.20955176651477814,2933
3,0.2854825258255005,2934
3,0.10966763645410538,2935
3,0.3152655065059662,2936
2,0.12976443767547607,2937
3,0.14638185501098633,2938
3,0.14707110822200775,2939
3,0.1187746673822403,2940
3,0.1227077767252922,2941
3,0.23424844443798065,2942
1,0.2685684561729431,2943
3,0.21038319170475006,2944
3,0.1169152557849884,2945
3,0.31229087710380554,2946
3,0.23488864302635193,2947
3,0.12065499275922775,2948
3,0.3212701380252838,2949
2,0.2797134816646576,2950
3,0.09833881258964539,2951
3,0.11467304825782776,2952
1,0.1775413155555725,2953
2,0.32408496737480164,2954
3,0.11507604271173477,2955
3,0.18622644245624542,2956
3,0.2222548872232437,2957
3,0.3269716799259186,2958
3,0.13247819244861603,2959
2,0.11855481564998627,2960
3,0.1136774942278862,2961
3,0.16431362926959991,2962
3,0.2418472170829773,2963
3,0.12327660620212555,2964
3,0.1042148545384407,2965
3,0.11061958968639374,2966
3,0.11136095970869064,2967
3,0.11206704378128052,2968
3,0.24258548021316528,2969
1,0.08306314051151276,2970
3,0.29591497778892517,2971
3,0.3129061460494995,2972
3,0.11132694035768509,2973
3,0.11140265315771103,2974
3,0.11693215370178223,2975
3,0.3319317400455475,2976
3,0.33215034008026123,2977
1,0.12343204766511917,2978
3,0.15474116802215576,2979
3,0.14770102500915527,2980
3,0.12041378766298294,2981
3,0.3192178010940552,2982
2,0.3299509882926941,2983
3,0.2842436134815216,2984
3,0.12464135140180588,2985
3,0.12090902030467987,2986
3,0.2850388288497925,2987
3,0.2460554838180542,2988
3,0.09251375496387482,2989
3,0.12597768008708954,2990
3,0.20341309905052185,2991
3,0.24352094531059265,2992
1,0.07012217491865158,2993
3,0.09273324906826019,2994
3,0.13093014061450958,2995
3,0.23267890512943268,2996
3,0.3122576177120209,2997
3,0.15739230811595917,2998
3,0.20909254252910614,2999
3,0.23562408983707428,3000
3,0.2515954077243805,3001
3,0.3598736524581909,3002
3,0.105155348777771,3003
3,0.11622971296310425,3004
3,0.12189579010009766,3005
3,0.24121293425559998,3006
3,0.36771339178085327,3007
1,0.053053345531225204,3008
3,0.11643742024898529,3009
3,0.11795546859502792,3010
3,0.13221094012260437,3011
3,0.2153007984161377,3012
4,0.22304914891719818,3013
2,0.3839346468448639,3014
3,0.12610256671905518,3015
3,0.3159765899181366,3016
3,0.20362094044685364,3017
1,0.0924839898943901,3018
3,0.12311910837888718,3019
3,0.1521415263414383,3020
3,0.152597114443779,3021
2,0.384843111038208,3022
3,0.3485180139541626,3023
3,0.29524731636047363,3024
3,0.11737744510173798,3025
1,0.128981813788414,3026
3,0.11560389399528503,3027
3,0.12733371555805206,3028
3,0.3578944206237793,3029
3,0.3563268780708313,3030
3,0.2934585213661194,3031
3,0.1930445283651352,3032
3,0.2573601007461548,3033
3,0.12479797005653381,3034
3,0.2436034381389618,3035
3,0.20609818398952484,3036
3,0.15450900793075562,3037
3,0.274425208568573,3038
3,0.30577343702316284,3039
3,0.20730765163898468,3040
3,0.11631110310554504,3041
3,0.1192784309387207,3042
3,0.3571041226387024,3043
1,0.10090939700603485,3044
3,0.062472160905599594,3045
2,0.34385955333709717,3046
1,0.3543851971626282,3047
2,0.06309942901134491,3048
3,0.12035736441612244,3049
3,0.12272277474403381,3050
3,0.23667170107364655,3051
3,0.1950657069683075,3052
3,0.16478614509105682,3053
3,0.06375718861818314,3054
3,0.12946557998657227,3055
3,0.30566316843032837,3056
3,0.23811043798923492,3057
3,0.2058083564043045,3058
3,0.20888228714466095,3059
3,0.12834690511226654,3060
3,0.1313631236553192,3061
3,0.2594638764858246,3062
2,0.3896620571613312,3063
3,0.3072945177555084,3064
3,0.11771440505981445,3065
3,0.3322032690048218,3066
3,0.2396390438079834,3067
3,0.22752788662910461,3068
3,0.14392806589603424,3069
3,0.33379796147346497,3070
3,0.24025890231132507,3071
3,0.06546234339475632,3072
3,0.18311655521392822,3073
3,0.2568473219871521,3074
3,0.2685386836528778,3075
3,0.3698202967643738,3076
1,0.06307151168584824,3077
3,0.1162099540233612,3078
3,0.11672715097665787,3079
3,0.17627231776714325,3080
3,0.37935033440589905,3081
3,0.06642652302980423,3082
3,0.1503053605556488,3083
3,0.1708916872739792,3084
2,0.39175179600715637,3085
3,0.38189730048179626,3086
3,0.36814701557159424,3087
3,0.1226830706000328,3088
3,0.16674727201461792,3089
3,0.19012826681137085,3090
2,0.3388248682022095,3091
3,0.15630972385406494,3092
3,0.06685912609100342,3093
3,0.09476274996995926,3094
3,0.09884295612573624,3095
3,0.15515942871570587,3096
3,0.162185400724411,3097
3,0.1956116408109665,3098
3,0.2009240686893463,3099
3,0.13136112689971924,3100
3,0.26218467950820923,3101
3,0.13171598315238953,3102
1,0.10137209296226501,3103
1,0.07792528718709946,3104
3,0.11948594450950623,3105
3,0.3446212112903595,3106
2,0.39386409521102905,3107
3,0.27386438846588135,3108
3,0.24887903034687042,3109
3,0.17342406511306763,3110
3,0.17270998656749725,3111
3,0.10865482687950134,3112
2,0.3940802812576294,3113
1,0.09390690922737122,3114
3,0.15655642747879028,3115
3,0.10381533205509186,3116
3,0.26886650919914246,3117
3,0.3077511489391327,3118
3,0.24822086095809937,3119
3,0.1501898169517517,3120
3,0.14689984917640686,3121
1,0.06876132637262344,3122
3,0.12946580350399017,3123
3,0.1497541218996048,3124
1,0.14645379781723022,3125
3,0.12055613100528717,3126
2,0.3959992825984955,3127
3,0.24930362403392792,3128
1,0.07823331654071808,3129
3,0.11964579671621323,3130
3,0.271453857421875,3131
3,0.32843562960624695,3132
3,0.09481511265039444,3133
3,0.13364045321941376,3134
3,0.17771992087364197,3135
1,0.1592230498790741,3136
3,0.15351328253746033,3137
3,0.1377565562725067,3138
3,0.15508966147899628,3139
2,0.3627835214138031,3140
3,0.19626210629940033,3141
3,0.11159741133451462,3142
3,0.12531441450119019,3143
3,0.2191379815340042,3144
3,0.16857750713825226,3145
3,0.0854126513004303,3146
3,0.13439781963825226,3147
3,0.2120538204908371,3148
3,0.20786693692207336,3149
3,0.10313759744167328,3150
1,0.09805972129106522,3151
2,0.10056382417678833,3152
4,0.10065773874521255,3153
3,0.20883002877235413,3154
3,0.20891258120536804,3155
3,0.28284314274787903,3156
3,0.16191530227661133,3157
3,0.1646869033575058,3158
4,0.2124984860420227,3159
3,0.26763588190078735,3160
3,0.13504789769649506,3161
3,0.36709028482437134,3162
3,0.21879342198371887,3163
2,0.40087953209877014,3164
3,0.09608971327543259,3165
3,0.12201011180877686,3166
3,0.26509472727775574,3167
3,0.2643553912639618,3168
3,0.20115236937999725,3169
1,0.08863331377506256,3170
3,0.2793690860271454,3171
2,0.4013276994228363,3172
3,0.26405036449432373,3173
3,0.16782569885253906,3174
3,0.2013700306415558,3175
3,0.23806308209896088,3176
3,0.27893587946891785,3177
3,0.0871581956744194,3178
3,0.14894261956214905,3179
3,0.16698887944221497,3180
3,0.1961934119462967,3181
3,0.2900782525539398,3182
3,0.2777174711227417,3183
3,0.1571972668170929,3184
3,0.1682501584291458,3185
1,0.09515044093132019,3186
3,0.15329362452030182,3187
3,0.26462748646736145,3188
3,0.23920173943042755,3189
3,0.21660977602005005,3190
1,0.10193698108196259,3191
1,0.10075051337480545,3192
3,0.21595726907253265,3193
1,0.08681043982505798,3194
3,0.15253916382789612,3195
1,0.153303325176239,3196
3,0.09731686860322952,3197
3,0.29455655813217163,3198
1,0.09005880355834961,3199
3,0.15393666923046112,3200
3,0.2931891083717346,3201
1,0.09029704332351685,3202
3,0.12078510969877243,3203
3,0.21982741355895996,3204
1,0.10393213480710983,3205
3,0.09889581054449081,3206
3,0.09090989828109741,3207
3,0.09729611873626709,3208
3,0.2120666205883026,3209
3,0.2942397892475128,3210
3,0.2605072259902954,3211
1,0.08986654132604599,3212
3,0.09645078331232071,3213
3,0.22165708243846893,3214
3,0.2894060015678406,3215
3,0.09200020879507065,3216
3,0.17957819998264313,3217
3,0.2979607582092285,3218
3,0.17450636625289917,3219
3,0.16442500054836273,3220
3,0.10550049692392349,3221
3,0.10496238619089127,3222
3,0.1047000139951706,3223
3,0.09617629647254944,3224
3,0.2246035635471344,3225
3,0.2565768361091614,3226
3,0.142273411154747,3227
3,0.14301465451717377,3228
3,0.1748485118150711,3229
3,0.13234032690525055,3230
3,0.14487870037555695,3231
3,0.20395874977111816,3232
3,0.17532333731651306,3233
3,0.0891949012875557,3234
3,0.23405686020851135,3235
3,0.09097146987915039,3236
3,0.08992019295692444,3237
3,0.09421557933092117,3238
2,0.38210785388946533,3239
3,0.2577980160713196,3240
1,0.0790986567735672,3241
3,0.16724802553653717,3242
3,0.29793649911880493,3243
3,0.21013741195201874,3244
3,0.20003879070281982,3245
1,0.09564737975597382,3246
3,0.10046720504760742,3247
3,0.12332301586866379,3248
3,0.3283523917198181,3249
3,0.11880022287368774,3250
3,0.09810344874858856,3251
3,0.12749196588993073,3252
3,0.168524831533432,3253
3,0.2270066887140274,3254
3,0.23558354377746582,3255
3,0.23391090333461761,3256
3,0.3562518358230591,3257
1,0.2527115046977997,3258
1,0.19322635233402252,3259
1,0.1007620096206665,3260
3,0.09151734411716461,3261
3,0.23819750547409058,3262
3,0.17526434361934662,3263
3,0.13344191014766693,3264
3,0.09602762013673782,3265
3,0.2023088037967682,3266
3,0.2308264970779419,3267
3,0.34242573380470276,3268
3,0.359671950340271,3269
3,0.20572350919246674,3270
3,0.17807415127754211,3271
3,0.09178408235311508,3272
3,0.09243619441986084,3273
3,0.13750995695590973,3274
3,0.1788475662469864,3275
3,0.2084035873413086,3276
3,0.24100913107395172,3277
3,0.14204856753349304,3278
3,0.0966324731707573,3279
3,0.18051205575466156,3280
3,0.19629201292991638,3281
3,0.237062469124794,3282
1,0.27632731199264526,3283
3,0.21549858152866364,3284
3,0.21456782519817352,3285
3,0.11980143934488297,3286
3,0.11736650764942169,3287
3,0.10719145834445953,3288
3,0.23283858597278595,3289
3,0.2782682776451111,3290
3,0.20967967808246613,3291
3,0.2107996940612793,3292
3,0.14650464057922363,3293
3,0.21380898356437683,3294
3,0.14968262612819672,3295
3,0.1378183513879776,3296
1,0.09766162931919098,3297
3,0.10751107335090637,3298
3,0.21447226405143738,3299
3,0.21108131110668182,3300
3,0.20867979526519775,3301
3,0.21495328843593597,3302
3,0.2074187844991684,3303
2,0.13716666400432587,3304
3,0.0940520390868187,3305
3,0.09706666320562363,3306
3,0.21275918185710907,3307
3,0.13581575453281403,3308
3,0.14402689039707184,3309
3,0.23214569687843323,3310
3,0.18221153318881989,3311
3,0.13668431341648102,3312
3,0.14673161506652832,3313
3,0.2816631495952606,3314
3,0.20890165865421295,3315
3,0.14572763442993164,3316
3,0.3635680675506592,3317
3,0.2302764505147934,3318
3,0.20671160519123077,3319
3,0.20334544777870178,3320
3,0.19521133601665497,3321
3,0.10287177562713623,3322
3,0.09219592809677124,3323
3,0.09539881348609924,3324
3,0.148529052734375,3325
3,0.22062213718891144,3326
3,0.21732915937900543,3327
3,0.21287313103675842,3328
3,0.2051199972629547,3329
3,0.10094332695007324,3330
1,0.08706419914960861,3331
3,0.14656773209571838,3332
3,0.23837286233901978,3333
3,0.22690273821353912,3334
1,0.07997074723243713,3335
3,0.20769472420215607,3336
3,0.2427862584590912,3337
2,0.3824450671672821,3338
3,0.2164679318666458,3339
1,0.10288813710212708,3340
3,0.25961679220199585,3341
3,0.10406222939491272,3342
3,0.17647065222263336,3343
3,0.20270633697509766,3344
3,0.22686104476451874,3345
3,0.2153445929288864,3346
1,0.08654210716485977,3347
3,0.13549605011940002,3348
3,0.10209763795137405,3349
3,0.08205800503492355,3350
3,0.2259576916694641,3351
3,0.21600741147994995,3352
3,0.16962972283363342,3353
3,0.15395168960094452,3354
3,0.14008040726184845,3355
3,0.2284066081047058,3356
3,0.2086251825094223,3357
3,0.1601497381925583,3358
3,0.0982162207365036,3359
3,0.2227332890033722,3360
3,0.21194306015968323,3361
3,0.19296476244926453,3362
3,0.14120995998382568,3363
3,0.14870814979076385,3364
3,0.1512557715177536,3365
3,0.15145708620548248,3366
3,0.08415255695581436,3367
3,0.1506461799144745,3368
3,0.21613053977489471,3369
3,0.22538788616657257,3370
3,0.22711946070194244,3371
3,0.14887067675590515,3372
3,0.3037937581539154,3373
3,0.2223261147737503,3374
3,0.236319899559021,3375
3,0.1526353508234024,3376
3,0.15204350650310516,3377
3,0.26339292526245117,3378
3,0.13175718486309052,3379
3,0.1626172661781311,3380
3,0.24083904922008514,3381
1,0.06366553157567978,3382
3,0.3152236342430115,3383
2,0.3836858868598938,3384
3,0.13543981313705444,3385
3,0.1349450945854187,3386
2,0.08346743136644363,3387
3,0.1871030330657959,3388
3,0.2563660442829132,3389
1,0.08803942799568176,3390
3,0.24827125668525696,3391
3,0.27995818853378296,3392
3,0.23281174898147583,3393
3,0.21561767160892487,3394
3,0.21731221675872803,3395
3,0.08851497620344162,3396
3,0.14159221947193146,3397
3,0.2304760217666626,3398
3,0.12578384578227997,3399
3,0.12693339586257935,3400
3,0.23415571451187134,3401
3,0.23663915693759918,3402
3,0.22971706092357635,3403
3,0.14106523990631104,3404
3,0.3202305734157562,3405
3,0.3732287883758545,3406
3,0.20572863519191742,3407
3,0.22753852605819702,3408
3,0.18087995052337646,3409
3,0.37654370069503784,3410
3,0.10461540520191193,3411
3,0.20906959474086761,3412
2,0.38385578989982605,3413
3,0.12269066274166107,3414
1,0.11786007881164551,3415
3,0.21627916395664215,3416
3,0.2533288300037384,3417
3,0.1065753698348999,3418
3,0.10523740947246552,3419
3,0.0880284309387207,3420
3,0.19855870306491852,3421
3,0.10907705128192902,3422
1,0.07260939478874207,3423
3,0.2406422197818756,3424
1,0.06789909303188324,3425
3,0.11153028905391693,3426
3,0.15917284786701202,3427
3,0.32322216033935547,3428
3,0.3688516616821289,3429
3,0.2140265554189682,3430
3,0.1033397689461708,3431
1,0.10559497028589249,3432
3,0.24815405905246735,3433
3,0.329294353723526,3434
3,0.10497377812862396,3435
3,0.10719571262598038,3436
1,0.12118373811244965,3437
3,0.11380424350500107,3438
3,0.19003579020500183,3439
3,0.19632592797279358,3440
3,0.3499195873737335,3441
3,0.12901104986667633,3442
1,0.1629074215888977,3443
3,0.16589510440826416,3444
3,0.3519037961959839,3445
3,0.27077555656433105,3446
3,0.09807737171649933,3447
3,0.22025538980960846,3448
3,0.12107744812965393,3449
3,0.3564228415489197,3450
3,0.2666238248348236,3451
3,0.2231602966785431,3452
3,0.10115861147642136,3453
3,0.217177152633667,3454
3,0.3744446039199829,3455
2,0.3848138451576233,3456
3,0.19457769393920898,3457
3,0.37080302834510803,3458
3,0.1589316874742508,3459
1,0.08692726492881775,3460
3,0.15928775072097778,3461
3,0.10375820100307465,3462
3,0.08714248239994049,3463
3,0.09749647229909897,3464
3,0.2083621323108673,3465
3,0.2498847246170044,3466
3,0.2307175099849701,3467
3,0.22734500467777252,3468
1,0.1033715307712555,3469
3,0.09804032742977142,3470
3,0.2801174223423004,3471
3,0.10499943047761917,3472
3,0.3654836416244507,3473
2,0.38539811968803406,3474
3,0.10050824284553528,3475
3,0.09042946249246597,3476
3,0.22931528091430664,3477
3,0.2332182079553604,3478
3,0.1414366513490677,3479
3,0.12323467433452606,3480
3,0.19687022268772125,3481
3,0.2612594962120056,3482
3,0.2401597499847412,3483
3,0.11521484702825546,3484
2,0.2558958828449249,3485
1,0.18014878034591675,3486
3,0.09408821910619736,3487
3,0.2248389720916748,3488
3,0.22592060267925262,3489
3,0.33668339252471924,3490
3,0.25061890482902527,3491
3,0.17818781733512878,3492
3,0.16907131671905518,3493
3,0.32360154390335083,3494
3,0.34221547842025757,3495
3,0.2867445945739746,3496
1,0.08823657780885696,3497
3,0.2893969416618347,3498
3,0.2904850244522095,3499
3,0.24917618930339813,3500
3,0.23784878849983215,3501
3,0.17653463780879974,3502
3,0.16256195306777954,3503
3,0.1156914159655571,3504
3,0.20005880296230316,3505
3,0.1826390027999878,3506
3,0.11549463123083115,3507
3,0.2753402888774872,3508
3,0.29301396012306213,3509
3,0.24016140401363373,3510
3,0.22762589156627655,3511
1,0.08397163450717926,3512
3,0.15939205884933472,3513
3,0.09058713912963867,3514
3,0.22051389515399933,3515
3,0.36433136463165283,3516
3,0.11697637289762497,3517
3,0.33526596426963806,3518
2,0.38586267828941345,3519
3,0.10186406224966049,3520
3,0.09748166054487228,3521
3,0.24995768070220947,3522
3,0.19278180599212646,3523
3,0.11365155875682831,3524
3,0.11338581144809723,3525
3,0.12577088177204132,3526
3,0.15540815889835358,3527
3,0.19319108128547668,3528
3,0.12797892093658447,3529
2,0.11341174691915512,3530
3,0.09244121611118317,3531
3,0.16828826069831848,3532
3,0.1079438105225563,3533
3,0.08875609934329987,3534
3,0.1654207855463028,3535
3,0.23204192519187927,3536
3,0.1796945333480835,3537
3,0.13653512299060822,3538
1,0.1083274707198143,3539
3,0.2508087754249573,3540
3,0.26047590374946594,3541
1,0.11173710972070694,3542
3,0.2388720065355301,3543
3,0.24010738730430603,3544
3,0.23762547969818115,3545
1,0.06519715487957001,3546
3,0.23343057930469513,3547
3,0.23059028387069702,3548
3,0.23482398688793182,3549
3,0.31768935918807983,3550
3,0.1291740983724594,3551
1,0.031170623376965523,3552
3,0.11056101322174072,3553
3,0.10488477349281311,3554
1,0.0874803438782692,3555
3,0.09171851724386215,3556
3,0.12036161869764328,3557
3,0.10186546295881271,3558
1,0.14569230377674103,3559
3,0.27492406964302063,3560
3,0.19875071942806244,3561
3,0.15674205124378204,3562
3,0.12809588015079498,3563
3,0.29195746779441833,3564
3,0.3110857903957367,3565
3,0.11417453736066818,3566
3,0.24224141240119934,3567
3,0.29709911346435547,3568
3,0.09514333307743073,3569
3,0.13900890946388245,3570
3,0.12311294674873352,3571
3,0.09498440474271774,3572
2,0.31799647212028503,3573
3,0.14065295457839966,3574
1,0.042428161948919296,3575
3,0.14197424054145813,3576
3,0.14377783238887787,3577
3,0.1244724690914154,3578
3,0.10833360254764557,3579
3,0.17421376705169678,3580
3,0.17472492158412933,3581
3,0.21645544469356537,3582
3,0.13096866011619568,3583
3,0.16021797060966492,3584
3,0.21629777550697327,3585
3,0.17020893096923828,3586
3,0.14306072890758514,3587
3,0.12520921230316162,3588
3,0.16295699775218964,3589
2,0.31010469794273376,3590
3,0.24258629977703094,3591
3,0.12522058188915253,3592
3,0.1302179992198944,3593
3,0.16363787651062012,3594
3,0.1307520717382431,3595
3,0.2637137770652771,3596
3,0.1632467359304428,3597
3,0.12373656034469604,3598
3,0.11102157086133957,3599
3,0.35995417833328247,3600
3,0.07286320626735687,3601
3,0.1210324615240097,3602
3,0.12842069566249847,3603
3,0.2659763991832733,3604
3,0.1686442643404007,3605
3,0.1625799536705017,3606
3,0.11495023965835571,3607
3,0.1225934773683548,3608
2,0.38717639446258545,3609
3,0.0932418629527092,3610
2,0.3054141104221344,3611
1,0.19128479063510895,3612
3,0.37000352144241333,3613
3,0.14854343235492706,3614
3,0.2128905951976776,3615
3,0.21243593096733093,3616
3,0.10523080825805664,3617
3,0.13780684769153595,3618
3,0.12884093821048737,3619
3,0.11568278819322586,3620
3,0.28714433312416077,3621
3,0.10149446129798889,3622
1,0.0653444230556488,3623
2,0.29855063557624817,3624
3,0.08772711455821991,3625
3,0.0853915736079216,3626
3,0.18853266537189484,3627
3,0.11327241361141205,3628
1,0.09152321517467499,3629
3,0.1207207515835762,3630
3,0.11616577953100204,3631
3,0.2838800251483917,3632
3,0.3805792033672333,3633
2,0.38844814896583557,3634
3,0.2888031303882599,3635
1,0.07598017901182175,3636
3,0.09815523028373718,3637
1,0.17937017977237701,3638
1,0.0835358127951622,3639
2,0.0930558294057846,3640
2,0.2987777888774872,3641
3,0.1794574111700058,3642
3,0.17540113627910614,3643
3,0.12977521121501923,3644
3,0.13757026195526123,3645
3,0.1123272031545639,3646
3,0.1018514335155487,3647
3,0.22268840670585632,3648
3,0.3611774742603302,3649
3,0.11531846225261688,3650
3,0.09929519891738892,3651
3,0.1342250406742096,3652
3,0.1047993004322052,3653
3,0.1340566724538803,3654
3,0.11364633589982986,3655
3,0.30733612179756165,3656
3,0.11464358866214752,3657
3,0.19318994879722595,3658
3,0.11481649428606033,3659
3,0.11628007143735886,3660
3,0.11606905609369278,3661
3,0.2614593803882599,3662
3,0.10606952756643295,3663
3,0.2524797022342682,3664
3,0.34823641180992126,3665
3,0.3015393316745758,3666
2,0.389218270778656,3667
3,0.20290066301822662,3668
3,0.36875757575035095,3669
3,0.11801359057426453,3670
3,0.1854114830493927,3671
3,0.1487351357936859,3672
3,0.11596417427062988,3673
3,0.20421594381332397,3674
3,0.25642743706703186,3675
3,0.23630589246749878,3676
3,0.10122224688529968,3677
3,0.11666164547204971,3678
1,0.0698513388633728,3679
3,0.36297163367271423,3680
3,0.1257602721452713,3681
3,0.20654718577861786,3682
3,0.14759264886379242,3683
3,0.10820794850587845,3684
3,0.10053195059299469,3685
1,0.1286604404449463,3686
3,0.10638057440519333,3687
3,0.11541319638490677,3688
3,0.2767179608345032,3689
3,0.2207033783197403,3690
3,0.10500901937484741,3691
3,0.09356049448251724,3692
3,0.2940160036087036,3693
3,0.22914840281009674,3694
3,0.11929690092802048,3695
3,0.10697714984416962,3696
3,0.1009177416563034,3697
3,0.1901084929704666,3698
3,0.27019768953323364,3699
3,0.27773526310920715,3700
3,0.38161346316337585,3701
3,0.20015031099319458,3702
3,0.11103866994380951,3703
2,0.3899036645889282,3704
2,0.3134955167770386,3705
3,0.090995654463768,3706
3,0.21701684594154358,3707
3,0.2619178295135498,3708
3,0.32269614934921265,3709
3,0.3093104362487793,3710
3,0.10113941133022308,3711
3,0.10636445134878159,3712
3,0.1290200650691986,3713
1,0.30796217918395996,3714
3,0.10092389583587646,3715
3,0.12179289013147354,3716
3,0.12917251884937286,3717
3,0.26388055086135864,3718
3,0.18086017668247223,3719
3,0.10666541010141373,3720
3,0.18156057596206665,3721
3,0.25189319252967834,3722
3,0.2549009323120117,3723
3,0.10315677523612976,3724
3,0.33345267176628113,3725
1,0.08523093909025192,3726
3,0.10055005550384521,3727
3,0.11367494612932205,3728
3,0.25246214866638184,3729
3,0.1827579289674759,3730
3,0.17399311065673828,3731
3,0.25148969888687134,3732
3,0.10629760473966599,3733
3,0.22158895432949066,3734
3,0.11425362527370453,3735
3,0.09303460270166397,3736
3,0.17320165038108826,3737
3,0.20915581285953522,3738
3,0.22027179598808289,3739
3,0.1313035935163498,3740
3,0.2027844935655594,3741
3,0.09822342544794083,3742
3,0.14309832453727722,3743
1,0.09496232867240906,3744
3,0.2029338926076889,3745
1,0.12250777333974838,3746
3,0.0942499041557312,3747
3,0.26577839255332947,3748
3,0.1409512460231781,3749
2,0.3904670476913452,3750
3,0.10929668694734573,3751
3,0.10556074231863022,3752
3,0.09641581773757935,3753
3,0.36139315366744995,3754
3,0.11023761332035065,3755
3,0.17771998047828674,3756
3,0.1448470950126648,3757
3,0.13725939393043518,3758
3,0.18671967089176178,3759
3,0.2079499363899231,3760
3,0.11797204613685608,3761
3,0.09549770504236221,3762
3,0.20723389089107513,3763
3,0.2076011300086975,3764
3,0.26624542474746704,3765
3,0.2590155005455017,3766
1,0.1392933577299118,3767
3,0.10708814859390259,3768
3,0.10677218437194824,3769
3,0.09054394066333771,3770
3,0.1096605435013771,3771
3,0.16995184123516083,3772
3,0.20456881821155548,3773
3,0.16875138878822327,3774
3,0.19448146224021912,3775
3,0.21421565115451813,3776
3,0.09095382690429688,3777
4,0.26947662234306335,3778
3,0.15286755561828613,3779
3,0.15632423758506775,3780
1,0.12118301540613174,3781
3,0.10892859101295471,3782
3,0.09373560547828674,3783
3,0.15575185418128967,3784
3,0.15438926219940186,3785
3,0.10948830097913742,3786
3,0.10923755913972855,3787
3,0.10956523567438126,3788
3,0.10875894874334335,3789
3,0.10543906688690186,3790
3,0.15028156340122223,3791
2,0.3912450969219208,3792
3,0.24676498770713806,3793
3,0.17831750214099884,3794
3,0.165359765291214,3795
3,0.12354423105716705,3796
3,0.0979011282324791,3797
3,0.20235127210617065,3798
3,0.29410916566848755,3799
3,0.29568397998809814,3800
3,0.12245386838912964,3801
3,0.08933715522289276,3802
3,0.22671079635620117,3803
3,0.17485427856445312,3804
3,0.1502452790737152,3805
3,0.1093844324350357,3806
3,0.11325591057538986,3807
3,0.1868184357881546,3808
3,0.19645315408706665,3809
3,0.14244139194488525,3810
3,0.16319285333156586,3811
3,0.31010523438453674,3812
3,0.10294447094202042,3813
3,0.23333846032619476,3814
3,0.23336046934127808,3815
3,0.20378459990024567,3816
3,0.18069078028202057,3817
3,0.1406428962945938,3818
3,0.12647826969623566,3819
3,0.24186497926712036,3820
1,0.1737247258424759,3821
3,0.10834623128175735,3822
3,0.1524469405412674,3823
3,0.3362014889717102,3824
3,0.11196545511484146,3825
3,0.18614453077316284,3826
3,0.2656954228878021,3827
3,0.18164251744747162,3828
3,0.1653120070695877,3829
1,0.09089314192533493,3830
3,0.2117658108472824,3831
3,0.08989337831735611,3832
3,0.35523855686187744,3833
3,0.14011681079864502,3834
3,0.10540476441383362,3835
3,0.13809596002101898,3836
3,0.25795093178749084,3837
3,0.17200812697410583,3838
3,0.17707204818725586,3839
3,0.3687952756881714,3840
3,0.1040443703532219,3841
3,0.1022762879729271,3842
3,0.10024628788232803,3843
3,0.09781888872385025,3844
3,0.1582154631614685,3845
3,0.2148154079914093,3846
3,0.1603623926639557,3847
3,0.09825382381677628,3848
3,0.19569091498851776,3849
3,0.09451581537723541,3850
3,0.19944138824939728,3851
3,0.10454929620027542,3852
1,0.08903662860393524,3853
3,0.1736748069524765,3854
2,0.3924180567264557,3855
3,0.2261161059141159,3856
3,0.1064486876130104,3857
3,0.11586757749319077,3858
3,0.20980919897556305,3859
3,0.11610915511846542,3860
3,0.10920120030641556,3861
3,0.2377833127975464,3862
3,0.15848934650421143,3863
3,0.10727206617593765,3864
3,0.11623936146497726,3865
3,0.14347974956035614,3866
3,0.14842288196086884,3867
3,0.10857425630092621,3868
3,0.14823125302791595,3869
3,0.18336264789104462,3870
3,0.09042039513587952,3871
3,0.14060260355472565,3872
3,0.14778035879135132,3873
3,0.21330729126930237,3874
1,0.2770118713378906,3875
3,0.20052628219127655,3876
3,0.11809990555047989,3877
3,0.11028211563825607,3878
3,0.10245421528816223,3879
3,0.1037982627749443,3880
1,0.08634807914495468,3881
3,0.171881303191185,3882
3,0.13803423941135406,3883
3,0.13632279634475708,3884
3,0.13779515027999878,3885
3,0.18822652101516724,3886
3,0.1401270627975464,3887
3,0.11485910415649414,3888
3,0.11715073138475418,3889
3,0.11731662601232529,3890
3,0.24660910665988922,3891
3,0.23237857222557068,3892
3,0.14435435831546783,3893
3,0.11392565071582794,3894
3,0.10737165063619614,3895
3,0.10451987385749817,3896
3,0.10296651721000671,3897
3,0.15744493901729584,3898
3,0.18757686018943787,3899
3,0.145470529794693,3900
3,0.0983775407075882,3901
3,0.16060680150985718,3902
1,0.2823261320590973,3903
3,0.14236558973789215,3904
3,0.12819962203502655,3905
3,0.11380257457494736,3906
3,0.15647734701633453,3907
3,0.13271035254001617,3908
3,0.2326745241880417,3909
3,0.10802263021469116,3910
3,0.1147577166557312,3911
3,0.11634505540132523,3912
3,0.11739584058523178,3913
3,0.11776947975158691,3914
3,0.2403363287448883,3915
3,0.14959053695201874,3916
3,0.09738321602344513,3917
3,0.11758212745189667,3918
3,0.2502197027206421,3919
3,0.12236504256725311,3920
3,0.10565148293972015,3921
3,0.1010727509856224,3922
3,0.1073828712105751,3923
3,0.13759295642375946,3924
3,0.1691838502883911,3925
3,0.17270256578922272,3926
3,0.178892582654953,3927
3,0.16461363434791565,3928
3,0.14998088777065277,3929
1,0.09146624803543091,3930
3,0.09587522596120834,3931
3,0.13433867692947388,3932
2,0.38139650225639343,3933
3,0.09165308624505997,3934
3,0.09569306671619415,3935
3,0.12924954295158386,3936
3,0.17552204430103302,3937
3,0.09895506501197815,3938
3,0.2681993246078491,3939
3,0.17451150715351105,3940
3,0.10371668636798859,3941
3,0.36697518825531006,3942
3,0.10047795623540878,3943
3,0.09449788928031921,3944
3,0.14344522356987,3945
3,0.1438363492488861,3946
3,0.31407204270362854,3947
3,0.1911446750164032,3948
3,0.1315344274044037,3949
3,0.1094948798418045,3950
3,0.15045492351055145,3951
3,0.2255980223417282,3952
3,0.1405249983072281,3953
3,0.13075552880764008,3954
4,0.10427416861057281,3955
2,0.10414308309555054,3956
3,0.09402438998222351,3957
3,0.3676033020019531,3958
3,0.11365076154470444,3959
3,0.12446456402540207,3960
3,0.17137791216373444,3961
3,0.09510740637779236,3962
3,0.23620522022247314,3963
2,0.37408360838890076,3964
3,0.14331910014152527,3965
3,0.12703494727611542,3966
3,0.10076042264699936,3967
3,0.15800811350345612,3968
2,0.09336893260478973,3969
3,0.2287779599428177,3970
3,0.26148006319999695,3971
3,0.14379049837589264,3972
3,0.10162375122308731,3973
3,0.23291215300559998,3974
3,0.276636004447937,3975
3,0.1249881386756897,3976
3,0.12605740129947662,3977
3,0.14731967449188232,3978
2,0.35980117321014404,3979
3,0.15998484194278717,3980
3,0.35136932134628296,3981
3,0.11593153327703476,3982
3,0.09786248952150345,3983
3,0.125220388174057,3984
3,0.2820914685726166,3985
3,0.093586266040802,3986
3,0.11406845599412918,3987
3,0.17788788676261902,3988
3,0.2698270380496979,3989
3,0.16558396816253662,3990
3,0.14054106175899506,3991
3,0.09737666696310043,3992
3,0.17723572254180908,3993
3,0.16602100431919098,3994
3,0.10590380430221558,3995
3,0.17057345807552338,3996
3,0.2959265410900116,3997
3,0.32211366295814514,3998
3,0.12445748597383499,3999
3,0.2947537899017334,4000
3,0.1688237190246582,4001
3,0.10244680196046829,4002
3,0.2855302691459656,4003
3,0.1399032026529312,4004
3,0.27418655157089233,4005
1,0.07456070929765701,4006
3,0.16922281682491302,4007
3,0.13694098591804504,4008
3,0.10130451619625092,4009
3,0.15661582350730896,4010
3,0.15851926803588867,4011
3,0.21908162534236908,4012
2,0.3602680563926697,4013
3,0.12725669145584106,4014
3,0.12407328933477402,4015
3,0.10299251228570938,4016
3,0.09725210815668106,4017
3,0.2175738364458084,4018
3,0.21684396266937256,4019
3,0.35445913672447205,4020
3,0.1260174661874771,4021
3,0.1402573436498642,4022
3,0.17691759765148163,4023
3,0.19834113121032715,4024
2,0.35792040824890137,4025
3,0.24756118655204773,4026
3,0.12755462527275085,4027
3,0.09540358930826187,4028
3,0.0949937179684639,4029
3,0.14245013892650604,4030
3,0.19555909931659698,4031
3,0.18352080881595612,4032
3,0.14825890958309174,4033
3,0.1950395256280899,4034
3,0.25151336193084717,4035
3,0.2706073224544525,4036
3,0.20949281752109528,4037
3,0.28014639019966125,4038
3,0.2922362983226776,4039
3,0.30163732171058655,4040
3,0.3096924424171448,4041
3,0.27568191289901733,4042
3,0.20478004217147827,4043
3,0.10464119166135788,4044
3,0.10089044272899628,4045
3,0.14599007368087769,4046
3,0.314767450094223,4047
3,0.1850937455892563,4048
3,0.15201866626739502,4049
3,0.14367607235908508,4050
3,0.1458844244480133,4051
3,0.10808608680963516,4052
3,0.14842316508293152,4053
3,0.14080961048603058,4054
1,0.09482710063457489,4055
1,0.08452412486076355,4056
3,0.20161448419094086,4057
3,0.11113554984331131,4058
3,0.12174247950315475,4059
3,0.14022034406661987,4060
3,0.16587701439857483,4061
3,0.18295833468437195,4062
3,0.16186091303825378,4063
3,0.1395837813615799,4064
3,0.13371510803699493,4065
3,0.13102127611637115,4066
3,0.09499439597129822,4067
3,0.0977511927485466,4068
3,0.13758376240730286,4069
3,0.14721328020095825,4070
2,0.35820361971855164,4071
3,0.13234369456768036,4072
3,0.12577581405639648,4073
3,0.12282226234674454,4074
3,0.11135932803153992,4075
3,0.10293582826852798,4076
3,0.11790488660335541,4077
3,0.21842814981937408,4078
3,0.35465380549430847,4079
3,0.321491539478302,4080
3,0.12819170951843262,4081
3,0.10632222890853882,4082
3,0.09081490337848663,4083
3,0.1643453687429428,4084
2,0.35337769985198975,4085
3,0.29499873518943787,4086
3,0.12775200605392456,4087
3,0.3528086245059967,4088
1,0.22522415220737457,4089
3,0.1184980496764183,4090
3,0.09065304696559906,4091
1,0.05507851764559746,4092
3,0.15355056524276733,4093
3,0.1167040690779686,4094
3,0.35159042477607727,4095
3,0.34262388944625854,4096
3,0.15628845989704132,4097
3,0.1496829092502594,4098
3,0.14632731676101685,4099
3,0.1079377681016922,4100
3,0.3378492295742035,4101
3,0.11531893163919449,4102
3,0.10719989985227585,4103
3,0.21088150143623352,4104
3,0.16508959233760834,4105
3,0.1478678584098816,4106
3,0.1150682345032692,4107
3,0.1060684323310852,4108
3,0.10539334267377853,4109
3,0.10417675971984863,4110
3,0.15292811393737793,4111
3,0.20483475923538208,4112
3,0.11230410635471344,4113
2,0.10438106209039688,4114
2,0.35805565118789673,4115
3,0.14375370740890503,4116
3,0.11472442746162415,4117
1,0.08658737689256668,4118
3,0.11056898534297943,4119
3,0.10876595228910446,4120
2,0.10980615764856339,4121
3,0.10309470444917679,4122
3,0.10596879571676254,4123
3,0.1252133995294571,4124
3,0.1253454089164734,4125
3,0.10477177798748016,4126
3,0.3095412254333496,4127
1,0.201948344707489,4128
3,0.1206594929099083,4129
3,0.17253682017326355,4130
3,0.11796838045120239,4131
3,0.10166005790233612,4132
3,0.09502911567687988,4133
3,0.17150162160396576,4134
3,0.15179525315761566,4135
3,0.14504215121269226,4136
3,0.1166566014289856,4137
3,0.11489804834127426,4138
3,0.11868901550769806,4139
3,0.14805442094802856,4140
2,0.33716678619384766,4141
3,0.20701105892658234,4142
3,0.10986296832561493,4143
1,0.11502687633037567,4144
3,0.1596769243478775,4145
3,0.15653157234191895,4146
3,0.14965684711933136,4147
3,0.11408482491970062,4148
3,0.1097409650683403,4149
3,0.16083362698554993,4150
3,0.10990740358829498,4151
3,0.10375318676233292,4152
3,0.1440984159708023,4153
3,0.1102871373295784,4154
3,0.27008336782455444,4155
3,0.26404669880867004,4156
3,0.17386198043823242,4157
3,0.1431528925895691,4158
3,0.11050885915756226,4159
3,0.0921769067645073,4160
3,0.08106959611177444,4161
3,0.1735413670539856,4162
3,0.12361051142215729,4163
3,0.10808753967285156,4164
3,0.223455548286438,4165
3,0.1724640130996704,4166
3,0.09918248653411865,4167
3,0.1088886484503746,4168
3,0.21904048323631287,4169
3,0.2343762218952179,4170
3,0.25433942675590515,4171
3,0.14203588664531708,4172
3,0.09263505786657333,4173
3,0.1435612440109253,4174
3,0.22537657618522644,4175
3,0.14275263249874115,4176
3,0.10709637403488159,4177
3,0.1764325052499771,4178
3,0.12904663383960724,4179
3,0.1262538880109787,4180
3,0.096639484167099,4181
2,0.32748669385910034,4182
3,0.23912405967712402,4183
3,0.14525316655635834,4184
3,0.22926682233810425,4185
3,0.09524551779031754,4186
3,0.09481044113636017,4187
3,0.13746266067028046,4188
3,0.13264679908752441,4189
3,0.12964238226413727,4190
3,0.22240406274795532,4191
3,0.1359197050333023,4192
3,0.13288021087646484,4193
1,0.07419949769973755,4194
3,0.2267294079065323,4195
3,0.14032068848609924,4196
3,0.12425103783607483,4197
3,0.09821851551532745,4198
1,0.07151828706264496,4199
3,0.21928930282592773,4200
3,0.1488516628742218,4201
4,0.14092595875263214,4202
3,0.11274097859859467,4203
3,0.13459375500679016,4204
3,0.21697808802127838,4205
3,0.09565682709217072,4206
2,0.3565772473812103,4207
3,0.18368521332740784,4208
3,0.17757947742938995,4209
3,0.20300133526325226,4210
3,0.20390358567237854,4211
3,0.1806247979402542,4212
3,0.1529773771762848,4213
3,0.10695599019527435,4214
3,0.09804081916809082,4215
3,0.2147657424211502,4216
3,0.21354223787784576,4217
3,0.20119869709014893,4218
3,0.09640885889530182,4219
3,0.10259648412466049,4220
3,0.24142888188362122,4221
3,0.31435543298721313,4222
3,0.1009875163435936,4223
3,0.23355944454669952,4224
2,0.3186880052089691,4225
3,0.1624261736869812,4226
1,0.07316578924655914,4227
3,0.17430657148361206,4228
3,0.14107847213745117,4229
3,0.13940566778182983,4230
3,0.13898274302482605,4231
3,0.13303910195827484,4232
3,0.13843479752540588,4233
3,0.13798470795154572,4234
3,0.0916220173239708,4235
3,0.1674652248620987,4236
3,0.19182555377483368,4237
3,0.25413262844085693,4238
3,0.12139090895652771,4239
3,0.12650348246097565,4240
3,0.13012632727622986,4241
3,0.18527786433696747,4242
3,0.1849161684513092,4243
3,0.3354012072086334,4244
3,0.14757655560970306,4245
3,0.1678440123796463,4246
3,0.14965063333511353,4247
3,0.14675286412239075,4248
3,0.1721249669790268,4249
3,0.17691321671009064,4250
3,0.24955227971076965,4251
3,0.13082340359687805,4252
3,0.26106125116348267,4253
3,0.1948360949754715,4254
3,0.15563546121120453,4255
3,0.11927483975887299,4256
3,0.18818074464797974,4257
3,0.19302797317504883,4258
3,0.2620721161365509,4259
3,0.09440146386623383,4260
3,0.09989162534475327,4261
2,0.10825268924236298,4262
3,0.11345386505126953,4263
3,0.18675948679447174,4264
3,0.2720108926296234,4265
3,0.09456050395965576,4266
3,0.16823889315128326,4267
3,0.25175535678863525,4268
3,0.16612665355205536,4269
3,0.13288885354995728,4270
1,0.09115594625473022,4271
4,0.09895998984575272,4272
2,0.35610735416412354,4273
3,0.13104777038097382,4274
3,0.16464297473430634,4275
3,0.19473595917224884,4276
3,0.22208695113658905,4277
3,0.10175683349370956,4278
1,0.10811636596918106,4279
3,0.09982127696275711,4280
3,0.10967005044221878,4281
3,0.15815454721450806,4282
3,0.2804107069969177,4283
3,0.16587822139263153,4284
2,0.3098370134830475,4285
3,0.2717384099960327,4286
3,0.10209842771291733,4287
3,0.08809143304824829,4288
3,0.10154543817043304,4289
3,0.13574980199337006,4290
3,0.14513885974884033,4291
3,0.27106332778930664,4292
3,0.09774903953075409,4293
3,0.1651339828968048,4294
3,0.13806656002998352,4295
3,0.3036597669124603,4296
3,0.11338085681200027,4297
3,0.2752479612827301,4298
3,0.24549870193004608,4299
3,0.10344655811786652,4300
3,0.1598813682794571,4301
3,0.09780189394950867,4302
3,0.19209401309490204,4303
3,0.28707993030548096,4304
2,0.3149987757205963,4305
3,0.15513689815998077,4306
3,0.11063523590564728,4307
3,0.09740202128887177,4308
3,0.15470154583454132,4309
3,0.09664994478225708,4310
3,0.1427820324897766,4311
3,0.16767814755439758,4312
3,0.11928316950798035,4313
3,0.10481655597686768,4314
3,0.09841601550579071,4315
3,0.15508510172367096,4316
3,0.16125011444091797,4317
3,0.14815670251846313,4318
3,0.10559312999248505,4319
3,0.09795935451984406,4320
3,0.10661842674016953,4321
3,0.0964217483997345,4322
3,0.12843050062656403,4323
3,0.19453205168247223,4324
3,0.20206761360168457,4325
3,0.17854438722133636,4326
3,0.19408126175403595,4327
3,0.26110243797302246,4328
3,0.15674978494644165,4329
3,0.2673608064651489,4330
3,0.15906165540218353,4331
2,0.3552139103412628,4332
3,0.268154501914978,4333
3,0.07752429693937302,4334
3,0.10824431478977203,4335
3,0.15852873027324677,4336
1,0.07551807165145874,4337
3,0.10789045691490173,4338
3,0.1771969050168991,4339
3,0.2993526756763458,4340
1,0.1360340565443039,4341
3,0.1236465573310852,4342
3,0.1047523245215416,4343
3,0.17616119980812073,4344
3,0.21572701632976532,4345
3,0.12421321123838425,4346
2,0.32773882150650024,4347
4,0.2320769727230072,4348
3,0.20900273323059082,4349
3,0.19952037930488586,4350
3,0.10936205834150314,4351
3,0.1537349969148636,4352
3,0.19020114839076996,4353
3,0.19231602549552917,4354
3,0.12371830642223358,4355
3,0.1730809509754181,4356
3,0.21716488897800446,4357
3,0.12229893356561661,4358
3,0.10375788807868958,4359
3,0.1029932051897049,4360
3,0.21187366545200348,4361
3,0.28929370641708374,4362
3,0.2721386253833771,4363
2,0.3349580764770508,4364
3,0.17454709112644196,4365
1,0.08316381275653839,4366
3,0.1828709840774536,4367
3,0.2500148415565491,4368
3,0.19078724086284637,4369
3,0.17684601247310638,4370
3,0.27597498893737793,4371
3,0.25614461302757263,4372
3,0.09283652901649475,4373
3,0.12542583048343658,4374
3,0.3157089054584503,4375
3,0.11908762902021408,4376
3,0.3279934525489807,4377
3,0.20746000111103058,4378
3,0.2011374533176422,4379
3,0.18946518003940582,4380
3,0.09829507768154144,4381
3,0.2015911042690277,4382
2,0.35474762320518494,4383
3,0.09955301880836487,4384
3,0.17740648984909058,4385
2,0.3415527939796448,4386
3,0.20320482552051544,4387
3,0.1470060497522354,4388
3,0.10686735063791275,4389
3,0.184823676943779,4390
2,0.34306126832962036,4391
3,0.15061141550540924,4392
2,0.08381009846925735,4393
3,0.18172886967658997,4394
3,0.27264612913131714,4395
3,0.2716156840324402,4396
2,0.3451487421989441,4397
3,0.14860711991786957,4398
3,0.1240750253200531,4399
1,0.09219484776258469,4400
3,0.12091290950775146,4401
3,0.17377367615699768,4402
2,0.14875943958759308,4403
3,0.1176903173327446,4404
3,0.1763376146554947,4405
3,0.33723151683807373,4406
3,0.10151059180498123,4407
3,0.1508801281452179,4408
3,0.10637269914150238,4409
3,0.19285298883914948,4410
3,0.27635014057159424,4411
3,0.287564754486084,4412
3,0.2438812553882599,4413
3,0.2611679434776306,4414
3,0.2748977243900299,4415
3,0.28240081667900085,4416
3,0.28646665811538696,4417
4,0.18499165773391724,4418
3,0.09702081233263016,4419
3,0.09784277528524399,4420
3,0.14022110402584076,4421
3,0.3337353467941284,4422
3,0.3310738503932953,4423
3,0.28569212555885315,4424
3,0.18409503996372223,4425
3,0.14177612960338593,4426
3,0.12088372558355331,4427
3,0.14562009274959564,4428
3,0.17234179377555847,4429
3,0.18979719281196594,4430
3,0.3327130377292633,4431
3,0.2706676721572876,4432
3,0.2846135199069977,4433
3,0.2163454294204712,4434
3,0.21549731492996216,4435
3,0.09658518433570862,4436
3,0.15607702732086182,4437
3,0.15357822179794312,4438
3,0.1255273073911667,4439
3,0.12379144132137299,4440
3,0.12027356773614883,4441
3,0.10934798419475555,4442
3,0.28279030323028564,4443
3,0.1821064054965973,4444
3,0.15436598658561707,4445
3,0.10445278137922287,4446
3,0.14271312952041626,4447
3,0.10982363671064377,4448
3,0.3021012842655182,4449
3,0.13785021007061005,4450
3,0.11945739388465881,4451
3,0.09253287315368652,4452
3,0.30423063039779663,4453
3,0.1551433950662613,4454
3,0.10944609344005585,4455
1,0.09151812642812729,4456
3,0.10508935153484344,4457
3,0.12583449482917786,4458
3,0.2790016233921051,4459
3,0.12814906239509583,4460
3,0.22354687750339508,4461
3,0.1541677564382553,4462
3,0.09932383894920349,4463
3,0.09559819102287292,4464
3,0.09591317921876907,4465
3,0.09104365110397339,4466
3,0.13140442967414856,4467
3,0.16784867644309998,4468
1,0.12403766810894012,4469
3,0.09906578809022903,4470
3,0.10631489008665085,4471
3,0.10679130256175995,4472
3,0.12059663236141205,4473
2,0.35361447930336,4474
3,0.328779399394989,4475
3,0.28141066431999207,4476
3,0.2579863369464874,4477
3,0.2770058810710907,4478
3,0.12229976058006287,4479
1,0.1164994090795517,4480
3,0.2568933963775635,4481
2,0.3686105012893677,4482
3,0.2830352485179901,4483
3,0.25104331970214844,4484
3,0.19058333337306976,4485
3,0.10763006657361984,4486
3,0.1446171998977661,4487
3,0.34451547265052795,4488
3,0.23334787786006927,4489
3,0.1323513388633728,4490
3,0.11709758639335632,4491
3,0.27467986941337585,4492
3,0.2474510371685028,4493
3,0.1756853610277176,4494
3,0.16070465743541718,4495
3,0.11456043273210526,4496
3,0.17995917797088623,4497
3,0.13057979941368103,4498
1,0.09321391582489014,4499
3,0.11555346101522446,4500
3,0.10387880355119705,4501
3,0.23896603286266327,4502
3,0.20239055156707764,4503
3,0.13597767055034637,4504
3,0.13010264933109283,4505
3,0.11578690260648727,4506
3,0.0934039056301117,4507
3,0.2288179248571396,4508
3,0.11557726562023163,4509
3,0.10930103808641434,4510
3,0.12777481973171234,4511
3,0.20142845809459686,4512
3,0.10278043895959854,4513
3,0.0932142361998558,4514
3,0.22552502155303955,4515
3,0.26833099126815796,4516
3,0.11736319959163666,4517
3,0.11630870401859283,4518
3,0.10303695499897003,4519
2,0.10936132073402405,4520
3,0.10964842140674591,4521
2,0.3530506491661072,4522
3,0.34673458337783813,4523
3,0.22888608276844025,4524
3,0.11259450763463974,4525
3,0.16389666497707367,4526
3,0.1283588409423828,4527
3,0.11063551902770996,4528
3,0.11654304713010788,4529
3,0.16332706809043884,4530
3,0.22303472459316254,4531
3,0.28391870856285095,4532
3,0.2992372512817383,4533
3,0.12729470431804657,4534
3,0.10257843136787415,4535
2,0.3823751211166382,4536
3,0.12661190330982208,4537
3,0.178932785987854,4538
3,0.1660943478345871,4539
3,0.10120395570993423,4540
3,0.11693103611469269,4541
3,0.13171136379241943,4542
3,0.16234666109085083,4543
3,0.26639524102211,4544
3,0.356398344039917,4545
3,0.19786229729652405,4546
3,0.10968177765607834,4547
3,0.11197612434625626,4548
3,0.16050179302692413,4549
1,0.08574441075325012,4550
1,0.07239264249801636,4551
3,0.22546230256557465,4552
3,0.18024210631847382,4553
3,0.15052251517772675,4554
3,0.12557044625282288,4555
3,0.09365663677453995,4556
3,0.15956930816173553,4557
3,0.33663618564605713,4558
3,0.3700812757015228,4559
3,0.1351046860218048,4560
3,0.13476748764514923,4561
3,0.12480492144823074,4562
3,0.10447800904512405,4563
3,0.08925781399011612,4564
3,0.10401755571365356,4565
3,0.16909533739089966,4566
3,0.16870108246803284,4567
3,0.12458173930644989,4568
3,0.10309042036533356,4569
3,0.11360301077365875,4570
3,0.3668414354324341,4571
1,0.1824551671743393,4572
3,0.172234907746315,4573
3,0.1351587325334549,4574
3,0.1294306367635727,4575
3,0.13367412984371185,4576
2,0.3636363446712494,4577
3,0.14565962553024292,4578
3,0.1287125200033188,4579
3,0.10146171599626541,4580
3,0.2546645998954773,4581
3,0.10688871890306473,4582
3,0.2276322990655899,4583
3,0.3623216152191162,4584
3,0.18733225762844086,4585
3,0.13080498576164246,4586
3,0.12092975527048111,4587
3,0.15266327559947968,4588
3,0.2931860089302063,4589
2,0.3997858762741089,4590
2,0.35241690278053284,4591
3,0.09803678095340729,4592
3,0.11596588045358658,4593
1,0.15432798862457275,4594
3,0.21959903836250305,4595
3,0.16315299272537231,4596
3,0.10320266336202621,4597
3,0.11628448218107224,4598
3,0.15882648527622223,4599
3,0.22340351343154907,4600
3,0.22845156490802765,4601
3,0.3396359384059906,4602
3,0.3336469233036041,4603
3,0.18334345519542694,4604
3,0.16577023267745972,4605
3,0.10145056247711182,4606
3,0.14886873960494995,4607
3,0.23867255449295044,4608
3,0.31994590163230896,4609
3,0.1713310331106186,4610
3,0.14096535742282867,4611
3,0.3307574391365051,4612
3,0.24676235020160675,4613
3,0.17088526487350464,4614
3,0.13843539357185364,4615
3,0.1111098974943161,4616
3,0.11742924898862839,4617
3,0.1816697120666504,4618
3,0.13869908452033997,4619
3,0.10081475973129272,4620
3,0.10520128905773163,4621
3,0.27346399426460266,4622
3,0.1983950138092041,4623
3,0.2028902918100357,4624
3,0.2052813470363617,4625
3,0.16631446778774261,4626
3,0.2718697488307953,4627
2,0.41438886523246765,4628
3,0.3139837682247162,4629
3,0.20473329722881317,4630
3,0.1627822369337082,4631
3,0.1659669131040573,4632
3,0.11512518674135208,4633
3,0.12082253396511078,4634
3,0.21556907892227173,4635
3,0.16721248626708984,4636
3,0.14568723738193512,4637
1,0.0826309397816658,4638
3,0.10608992725610733,4639
3,0.11052316427230835,4640
3,0.11990470439195633,4641
3,0.23514339327812195,4642
3,0.41188159584999084,4643
3,0.17723260819911957,4644
3,0.1653803586959839,4645
3,0.13356107473373413,4646
3,0.2460860311985016,4647
2,0.41826874017715454,4648
3,0.15640835464000702,4649
3,0.10839278995990753,4650
3,0.12989561259746552,4651
3,0.12916870415210724,4652
3,0.1443248838186264,4653
3,0.17452149093151093,4654
3,0.1423097401857376,4655
1,0.08463676273822784,4656
3,0.11703913658857346,4657
3,0.19595177471637726,4658
3,0.19912075996398926,4659
3,0.12126825004816055,4660
3,0.19352072477340698,4661
3,0.1019505113363266,4662
3,0.16894693672657013,4663
3,0.21536991000175476,4664
3,0.1674390733242035,4665
3,0.1411992907524109,4666
3,0.13020814955234528,4667
1,0.09987588226795197,4668
3,0.1090899258852005,4669
3,0.11864924430847168,4670
2,0.35195794701576233,4671
3,0.1838926076889038,4672
3,0.20657509565353394,4673
3,0.16287845373153687,4674
3,0.11261440068483353,4675
2,0.4195501506328583,4676
3,0.14304393529891968,4677
3,0.13994941115379333,4678
3,0.27510565519332886,4679
3,0.2717410922050476,4680
3,0.17531201243400574,4681
3,0.15346038341522217,4682
3,0.249812051653862,4683
3,0.19531844556331635,4684
3,0.14851850271224976,4685
3,0.36869287490844727,4686
3,0.17867392301559448,4687
3,0.16204172372817993,4688
3,0.12680083513259888,4689
3,0.0935569778084755,4690
3,0.10657486319541931,4691
3,0.14365574717521667,4692
3,0.1231694221496582,4693
3,0.10785828530788422,4694
3,0.15270516276359558,4695
3,0.157171830534935,4696
3,0.17000029981136322,4697
3,0.24789780378341675,4698
3,0.2084246277809143,4699
3,0.12190070748329163,4700
3,0.1566382348537445,4701
3,0.33434298634529114,4702
3,0.1681332141160965,4703
3,0.24632969498634338,4704
3,0.3596777021884918,4705
3,0.2906666398048401,4706
1,0.08376683294773102,4707
3,0.13206250965595245,4708
3,0.1349577158689499,4709
3,0.162531778216362,4710
3,0.1653744876384735,4711
3,0.18496988713741302,4712
3,0.3312581777572632,4713
3,0.25749921798706055,4714
3,0.22485633194446564,4715
3,0.10903257876634598,4716
3,0.11227326095104218,4717
1,0.23676791787147522,4718
2,0.4144468307495117,4719
3,0.2157164365053177,4720
3,0.128048375248909,4721
3,0.13125725090503693,4722
3,0.4070016145706177,4723
3,0.22288088500499725,4724
3,0.12061543017625809,4725
3,0.2272903323173523,4726
3,0.1885116696357727,4727
3,0.14255113899707794,4728
3,0.12829801440238953,4729
3,0.12646892666816711,4730
3,0.2390328198671341,4731
3,0.18896126747131348,4732
3,0.16469329595565796,4733
3,0.11938799172639847,4734
3,0.1376660019159317,4735
3,0.17910286784172058,4736
3,0.242314413189888,4737
3,0.1903720647096634,4738
3,0.14071565866470337,4739
3,0.11641634255647659,4740
3,0.189533531665802,4741
3,0.2378365397453308,4742
3,0.14373788237571716,4743
3,0.11694353818893433,4744
3,0.1277576982975006,4745
3,0.14841385185718536,4746
3,0.17380326986312866,4747
3,0.18668067455291748,4748
3,0.12219144403934479,4749
3,0.11318536102771759,4750
2,0.4100308120250702,4751
3,0.23499944806098938,4752
3,0.16387422382831573,4753
3,0.3957725763320923,4754
3,0.23273369669914246,4755
3,0.16781039535999298,4756
3,0.27812549471855164,4757
3,0.11536280065774918,4758
3,0.16596733033657074,4759
3,0.17243888974189758,4760
3,0.20189836621284485,4761
3,0.3921564519405365,4762
3,0.12251663208007812,4763
3,0.10121732205152512,4764
3,0.10197030752897263,4765
3,0.15723323822021484,4766
3,0.18364746868610382,4767
3,0.2931033670902252,4768
3,0.29394736886024475,4769
3,0.12053938955068588,4770
3,0.13167206943035126,4771
3,0.11020452529191971,4772
3,0.09988445043563843,4773
3,0.15810391306877136,4774
3,0.3282213509082794,4775
3,0.11115327477455139,4776
3,0.15261587500572205,4777
3,0.22511278092861176,4778
3,0.1611098051071167,4779
3,0.1032322570681572,4780
3,0.11904527246952057,4781
3,0.2841280698776245,4782
3,0.22250515222549438,4783
3,0.21981379389762878,4784
3,0.11951971799135208,4785
3,0.11237313598394394,4786
3,0.1478816568851471,4787
3,0.21571068465709686,4788
3,0.36840173602104187,4789
2,0.403920978307724,4790
2,0.35070058703422546,4791
3,0.10831320285797119,4792
3,0.14457398653030396,4793
3,0.1834258735179901,4794
3,0.2267250120639801,4795
3,0.11567211896181107,4796
3,0.09961079806089401,4797
3,0.21378935873508453,4798
3,0.12817950546741486,4799
3,0.0964178815484047,4800
3,0.1413836032152176,4801
3,0.2917928397655487,4802
3,0.09578976035118103,4803
3,0.18031202256679535,4804
3,0.36019811034202576,4805
3,0.32385310530662537,4806
3,0.10523014515638351,4807
3,0.09724105149507523,4808
3,0.09323732554912567,4809
3,0.13788196444511414,4810
3,0.26412704586982727,4811
3,0.09592561423778534,4812
3,0.09931327402591705,4813
3,0.1352343112230301,4814
3,0.13812598586082458,4815
3,0.2600840628147125,4816
3,0.2946936786174774,4817
3,0.30167248845100403,4818
3,0.3820818364620209,4819
3,0.3875395655632019,4820
3,0.16889089345932007,4821
3,0.1830303817987442,4822
3,0.2732108235359192,4823
3,0.29230666160583496,4824
3,0.20611053705215454,4825
3,0.09557800740003586,4826
2,0.27031195163726807,4827
3,0.32397395372390747,4828
3,0.11062458157539368,4829
3,0.10928874462842941,4830
3,0.10258141905069351,4831
3,0.10653358697891235,4832
3,0.11185463517904282,4833
3,0.13329853117465973,4834
3,0.18001127243041992,4835
4,0.27090850472450256,4836
3,0.17032559216022491,4837
3,0.09516186267137527,4838
3,0.28818807005882263,4839
3,0.19102510809898376,4840
3,0.10583578795194626,4841
2,0.2064409703016281,4842
4,0.20696468651294708,4843
3,0.24644240736961365,4844
2,0.26946234703063965,4845
3,0.2840719521045685,4846
3,0.11934083700180054,4847
3,0.20770052075386047,4848
2,0.39799049496650696,4849
3,0.3225541114807129,4850
3,0.20901288092136383,4851
3,0.12696436047554016,4852
3,0.12183882296085358,4853
3,0.11538826674222946,4854
3,0.23013634979724884,4855
3,0.26885589957237244,4856
3,0.26847344636917114,4857
3,0.2818700671195984,4858
3,0.3688525855541229,4859
1,0.05259256437420845,4860
3,0.34515661001205444,4861
3,0.309086412191391,4862
3,0.2277241051197052,4863
3,0.17682626843452454,4864
3,0.09257248044013977,4865
1,0.09032390266656876,4866
3,0.18696123361587524,4867
3,0.22540241479873657,4868
3,0.27968424558639526,4869
3,0.22843493521213531,4870
1,0.08546442538499832,4871
3,0.11602018028497696,4872
3,0.22474625706672668,4873
3,0.3152993619441986,4874
3,0.10455016791820526,4875
1,0.0919041708111763,4876
3,0.21522434055805206,4877
3,0.19191458821296692,4878
3,0.0578649528324604,4879
3,0.12477756291627884,4880
3,0.28850746154785156,4881
2,0.3946557939052582,4882
3,0.21345023810863495,4883
3,0.1767682284116745,4884
1,0.057530853897333145,4885
3,0.09957718849182129,4886
3,0.34178784489631653,4887
3,0.3633885979652405,4888
3,0.3587005138397217,4889
3,0.10107020288705826,4890
3,0.1627492904663086,4891
3,0.21094980835914612,4892
3,0.2647715210914612,4893
3,0.3301985263824463,4894
3,0.33501654863357544,4895
2,0.33633700013160706,4896
3,0.18023493885993958,4897
3,0.17814473807811737,4898
3,0.11873392760753632,4899
3,0.1672310084104538,4900
2,0.3920176029205322,4901
3,0.11243923008441925,4902
3,0.20695926249027252,4903
3,0.35650572180747986,4904
3,0.12569992244243622,4905
3,0.3272154927253723,4906
3,0.21732163429260254,4907
3,0.1937231421470642,4908
3,0.22296014428138733,4909
3,0.21844276785850525,4910
3,0.20478254556655884,4911
1,0.06914574652910233,4912
3,0.32222625613212585,4913
3,0.331777423620224,4914
3,0.36308950185775757,4915
3,0.2285972386598587,4916
3,0.13565130531787872,4917
3,0.15035326778888702,4918
2,0.33165380358695984,4919
3,0.21016836166381836,4920
3,0.20606882870197296,4921
3,0.19569618999958038,4922
3,0.1502399891614914,4923
3,0.2937254309654236,4924
3,0.3247697055339813,4925
3,0.23688235878944397,4926
3,0.22988392412662506,4927
3,0.21175411343574524,4928
3,0.12839283049106598,4929
3,0.13628335297107697,4930
3,0.13855542242527008,4931
2,0.38848429918289185,4932
3,0.256134957075119,4933
3,0.16104216873645782,4934
3,0.29155388474464417,4935
2,0.3293607831001282,4936
1,0.09009747207164764,4937
3,0.1530158370733261,4938
3,0.1537012755870819,4939
3,0.16044919192790985,4940
3,0.324657678604126,4941
3,0.3258022964000702,4942
3,0.24928270280361176,4943
3,0.16362307965755463,4944
3,0.17497482895851135,4945
3,0.19781707227230072,4946
3,0.19857005774974823,4947
3,0.3394106328487396,4948
3,0.35329321026802063,4949
1,0.10953983664512634,4950
3,0.12157952785491943,4951
3,0.11671634018421173,4952
3,0.16254277527332306,4953
3,0.14856187999248505,4954
3,0.2694114148616791,4955
3,0.17245084047317505,4956
3,0.12196443974971771,4957
3,0.32941901683807373,4958
2,0.32572758197784424,4959
3,0.32245612144470215,4960
3,0.10282960534095764,4961
3,0.14775614440441132,4962
3,0.15200774371623993,4963
2,0.38551318645477295,4964
1,0.09201957285404205,4965
3,0.10513371229171753,4966
3,0.12295648455619812,4967
3,0.28524282574653625,4968
3,0.3704081177711487,4969
3,0.30388927459716797,4970
3,0.11184493452310562,4971
3,0.09694243967533112,4972
3,0.30948469042778015,4973
3,0.3156246244907379,4974
3,0.37529972195625305,4975
3,0.11388762295246124,4976
3,0.16895078122615814,4977
2,0.32217368483543396,4978
3,0.20202645659446716,4979
3,0.11896277964115143,4980
1,0.08893407881259918,4981
3,0.15487967431545258,4982
3,0.19045108556747437,4983
3,0.31756043434143066,4984
3,0.11336474120616913,4985
3,0.30492791533470154,4986
3,0.21008609235286713,4987
3,0.1445372998714447,4988
3,0.2628234028816223,4989
3,0.36242032051086426,4990
3,0.36435770988464355,4991
3,0.2764887511730194,4992
3,0.20471885800361633,4993
3,0.2056918740272522,4994
3,0.1445763111114502,4995
3,0.15323176980018616,4996
2,0.3191802501678467,4997
3,0.294727623462677,4998
3,0.11723193526268005,4999
3,0.2974410653114319,5000
3,0.3135620057582855,5001
3,0.116339311003685,5002
3,0.14964351058006287,5003
3,0.15505361557006836,5004
2,0.38099777698516846,5005
3,0.27329424023628235,5006
3,0.16584041714668274,5007
3,0.19362494349479675,5008
3,0.2534860372543335,5009
1,0.15335990488529205,5010
3,0.15858528017997742,5011
3,0.29670193791389465,5012
2,0.31657856702804565,5013
3,0.11463333666324615,5014
3,0.1887866109609604,5015
3,0.30887532234191895,5016
3,0.15694215893745422,5017
3,0.16424638032913208,5018
3,0.274116575717926,5019
3,0.29462164640426636,5020
3,0.3138432800769806,5021
3,0.3073958158493042,5022
3,0.23863326013088226,5023
3,0.206680566072464,5024
3,0.36414527893066406,5025
3,0.1154576912522316,5026
3,0.29138821363449097,5027
3,0.1151454821228981,5028
3,0.10381831973791122,5029
3,0.16242465376853943,5030
3,0.24264894425868988,5031
3,0.11800000071525574,5032
3,0.10366373509168625,5033
3,0.09627106785774231,5034
3,0.30934134125709534,5035
3,0.3357163369655609,5036
2,0.24561624228954315,5037
3,0.308502733707428,5038
3,0.3121047616004944,5039
3,0.10339223593473434,5040
3,0.14293795824050903,5041
3,0.33905622363090515,5042
3,0.1925981193780899,5043
3,0.11187177151441574,5044
3,0.12993955612182617,5045
3,0.14670707285404205,5046
3,0.15430985391139984,5047
3,0.23212984204292297,5048
3,0.2284620851278305,5049
3,0.1220448911190033,5050
3,0.12929731607437134,5051
3,0.18206435441970825,5052
3,0.22535733878612518,5053
3,0.21111951768398285,5054
3,0.22419771552085876,5055
3,0.11915094405412674,5056
3,0.13469664752483368,5057
3,0.28318649530410767,5058
3,0.13801126182079315,5059
2,0.3748510479927063,5060
3,0.22285616397857666,5061
1,0.09810692816972733,5062
3,0.09534233808517456,5063
3,0.13732844591140747,5064
3,0.28496456146240234,5065
3,0.32422634959220886,5066
3,0.32846108078956604,5067
1,0.20088665187358856,5068
3,0.15768550336360931,5069
3,0.11342836916446686,5070
3,0.1396239846944809,5071
3,0.2321503758430481,5072
3,0.15737488865852356,5073
3,0.10177994519472122,5074
3,0.22141875326633453,5075
3,0.22476541996002197,5076
3,0.21669411659240723,5077
3,0.21553653478622437,5078
3,0.12404800206422806,5079
3,0.21600787341594696,5080
3,0.2140270471572876,5081
1,0.10148389637470245,5082
3,0.12602117657661438,5083
3,0.24973081052303314,5084
3,0.2774704694747925,5085
3,0.11267969757318497,5086
3,0.13468901813030243,5087
3,0.2128523737192154,5088
3,0.2030513435602188,5089
3,0.26406368613243103,5090
3,0.12728457152843475,5091
3,0.21735286712646484,5092
3,0.2375752180814743,5093
3,0.247770756483078,5094
3,0.10274320840835571,5095
3,0.11934991180896759,5096
3,0.2713739573955536,5097
3,0.2975802719593048,5098
3,0.20984798669815063,5099
3,0.15428577363491058,5100
3,0.1069314032793045,5101
3,0.11868925392627716,5102
3,0.15810169279575348,5103
3,0.19892840087413788,5104
3,0.2615702152252197,5105
3,0.2760639786720276,5106
3,0.1068238615989685,5107
3,0.1993987262248993,5108
3,0.24606044590473175,5109
2,0.3701983690261841,5110
3,0.10667233169078827,5111
3,0.3027743399143219,5112
3,0.15507471561431885,5113
1,0.08774183690547943,5114
1,0.09230507165193558,5115
3,0.2623295485973358,5116
3,0.2673055827617645,5117
3,0.10629990696907043,5118
3,0.11624476313591003,5119
3,0.2915072739124298,5120
3,0.22124207019805908,5121
3,0.10072889178991318,5122
3,0.19155818223953247,5123
3,0.22041653096675873,5124
3,0.2149103581905365,5125
3,0.20289330184459686,5126
3,0.17816601693630219,5127
3,0.15387754142284393,5128
3,0.11464478820562363,5129
3,0.21381913125514984,5130
3,0.12079359591007233,5131
3,0.1362321376800537,5132
3,0.2800750732421875,5133
3,0.2446185201406479,5134
3,0.1531672179698944,5135
3,0.09153592586517334,5136
3,0.15264907479286194,5137
3,0.15564721822738647,5138
3,0.254038542509079,5139
3,0.21337956190109253,5140
3,0.09417159110307693,5141
3,0.10546625405550003,5142
3,0.2190001904964447,5143
3,0.12469467520713806,5144
3,0.2095932960510254,5145
3,0.24220621585845947,5146
3,0.17576101422309875,5147
1,0.0690370723605156,5148
3,0.11605621129274368,5149
3,0.2852991223335266,5150
3,0.18651145696640015,5151
3,0.22925810515880585,5152
3,0.24067069590091705,5153
3,0.2581585645675659,5154
3,0.23974718153476715,5155
3,0.25752097368240356,5156
2,0.36439254879951477,5157
3,0.11375490576028824,5158
3,0.10511565953493118,5159
3,0.289153516292572,5160
3,0.17963220179080963,5161
3,0.17880642414093018,5162
3,0.15967443585395813,5163
3,0.2239784598350525,5164
3,0.20575806498527527,5165
3,0.09651625156402588,5166
3,0.10438702255487442,5167
3,0.22291891276836395,5168
3,0.24650996923446655,5169
3,0.20336346328258514,5170
3,0.1035083755850792,5171
3,0.21595576405525208,5172
3,0.2060926854610443,5173
1,0.08867409825325012,5174
3,0.10337045043706894,5175
3,0.10398127883672714,5176
3,0.2098156362771988,5177
1,0.18727333843708038,5178
3,0.2339027374982834,5179
3,0.1538759171962738,5180
3,0.1505996584892273,5181
3,0.11852947622537613,5182
3,0.2841728925704956,5183
3,0.23483914136886597,5184
3,0.1541476547718048,5185
3,0.14523178339004517,5186
3,0.13475218415260315,5187
3,0.1160503402352333,5188
3,0.2713814973831177,5189
3,0.27808550000190735,5190
3,0.27452439069747925,5191
3,0.17614206671714783,5192
3,0.08822675049304962,5193
3,0.08557692915201187,5194
3,0.10749480128288269,5195
3,0.14008305966854095,5196
3,0.18038694560527802,5197
3,0.21115489304065704,5198
3,0.25127673149108887,5199
3,0.27156969904899597,5200
3,0.2724207937717438,5201
3,0.27800822257995605,5202
2,0.3611559271812439,5203
2,0.2877660095691681,5204
3,0.24239471554756165,5205
3,0.19965629279613495,5206
3,0.1064441055059433,5207
3,0.10452920943498611,5208
3,0.24942657351493835,5209
3,0.1971314400434494,5210
3,0.1918887048959732,5211
3,0.1770302653312683,5212
3,0.25370657444000244,5213
3,0.3435044586658478,5214
3,0.23018987476825714,5215
3,0.22049346566200256,5216
3,0.11354674398899078,5217
3,0.274380624294281,5218
3,0.2316974550485611,5219
3,0.18483340740203857,5220
3,0.2687176764011383,5221
3,0.12331036478281021,5222
3,0.12085768580436707,5223
3,0.12746407091617584,5224
3,0.19897687435150146,5225
3,0.20657853782176971,5226
3,0.2182600200176239,5227
3,0.1960967481136322,5228
3,0.10646286606788635,5229
3,0.1194763258099556,5230
3,0.16305610537528992,5231
3,0.1924731433391571,5232
3,0.21273399889469147,5233
3,0.25891003012657166,5234
2,0.3553365468978882,5235
3,0.22281090915203094,5236
3,0.12223035842180252,5237
1,0.09936977177858353,5238
3,0.10356368869543076,5239
3,0.28229066729545593,5240
3,0.1924877017736435,5241
3,0.0950186550617218,5242
3,0.25706812739372253,5243
3,0.1408924013376236,5244
3,0.1403539478778839,5245
3,0.1959432065486908,5246
3,0.27258116006851196,5247
3,0.27098017930984497,5248
4,0.18653623759746552,5249
2,0.18621942400932312,5250
3,0.13742117583751678,5251
3,0.14552031457424164,5252
3,0.16021330654621124,5253
2,0.3456372022628784,5254
3,0.19158723950386047,5255
3,0.13645204901695251,5256
3,0.18834903836250305,5257
2,0.34387296438217163,5258
1,0.10240545123815536,5259
3,0.12139980494976044,5260
3,0.24345646798610687,5261
3,0.19010478258132935,5262
2,0.3411790728569031,5263
3,0.21607008576393127,5264
3,0.18913263082504272,5265
3,0.1938629150390625,5266
1,0.06948181241750717,5267
3,0.26195311546325684,5268
3,0.1908971220254898,5269
3,0.20781663060188293,5270
3,0.2139219492673874,5271
3,0.2402632236480713,5272
3,0.3196433186531067,5273
3,0.09864349663257599,5274
3,0.2630348801612854,5275
3,0.3173879086971283,5276
3,0.21482129395008087,5277
3,0.14587733149528503,5278
3,0.23399224877357483,5279
3,0.24820958077907562,5280
3,0.2616775333881378,5281
3,0.099563829600811,5282
3,0.11723628640174866,5283
3,0.2036283016204834,5284
3,0.26269927620887756,5285
2,0.33349958062171936,5286
1,0.08481670171022415,5287
3,0.24850642681121826,5288
3,0.32714319229125977,5289
3,0.09618542343378067,5290
3,0.09934412688016891,5291
3,0.10075823962688446,5292
3,0.1292811930179596,5293
3,0.17978350818157196,5294
3,0.3126218616962433,5295
3,0.33060985803604126,5296
3,0.3331606090068817,5297
3,0.11806933581829071,5298
3,0.13341856002807617,5299
3,0.20196400582790375,5300
3,0.20191918313503265,5301
3,0.2547953426837921,5302
3,0.3013153374195099,5303
3,0.32243090867996216,5304
3,0.3357737362384796,5305
3,0.2295883148908615,5306
3,0.14694464206695557,5307
3,0.10374327003955841,5308
2,0.2536308765411377,5309
3,0.2585713863372803,5310
3,0.3127398192882538,5311
3,0.22060813009738922,5312
3,0.22589704394340515,5313
3,0.17701251804828644,5314
3,0.12709446251392365,5315
4,0.25308191776275635,5316
3,0.329572468996048,5317
3,0.22751420736312866,5318
3,0.18574589490890503,5319
3,0.2295219600200653,5320
3,0.24930024147033691,5321
3,0.2453841120004654,5322
3,0.22309069335460663,5323
3,0.13985104858875275,5324
3,0.2515352666378021,5325
3,0.2526656687259674,5326
3,0.2561604678630829,5327
1,0.16977743804454803,5328
3,0.09364137798547745,5329
3,0.15414977073669434,5330
3,0.18436098098754883,5331
3,0.17516541481018066,5332
3,0.1964324712753296,5333
3,0.2509348392486572,5334
3,0.2543978691101074,5335
3,0.15541084110736847,5336
3,0.2505289912223816,5337
3,0.24253354966640472,5338
3,0.2081606090068817,5339
3,0.20042406022548676,5340
3,0.11440202593803406,5341
3,0.18351151049137115,5342
3,0.2494061142206192,5343
3,0.27926135063171387,5344
2,0.319475919008255,5345
3,0.14501577615737915,5346
3,0.2356286197900772,5347
3,0.13252970576286316,5348
3,0.14240528643131256,5349
3,0.18100877106189728,5350
3,0.2940632700920105,5351
3,0.14454558491706848,5352
3,0.09281927347183228,5353
3,0.1205487996339798,5354
3,0.15274721384048462,5355
3,0.1813497245311737,5356
3,0.22895172238349915,5357
3,0.17274202406406403,5358
3,0.1341809183359146,5359
3,0.09835313260555267,5360
3,0.16744868457317352,5361
3,0.17137819528579712,5362
3,0.2509526014328003,5363
3,0.1929301619529724,5364
3,0.22910794615745544,5365
3,0.24602222442626953,5366
3,0.24475915729999542,5367
2,0.1916629821062088,5368
3,0.11731214821338654,5369
1,0.18564459681510925,5370
1,0.09188656508922577,5371
3,0.19484290480613708,5372
2,0.3101791441440582,5373
3,0.19079409539699554,5374
3,0.19437840580940247,5375
3,0.07926081866025925,5376
3,0.27217236161231995,5377
3,0.2819223999977112,5378
3,0.18275292217731476,5379
3,0.09738677740097046,5380
3,0.11675937473773956,5381
3,0.1307082623243332,5382
3,0.29095229506492615,5383
3,0.2018483281135559,5384
3,0.15225310623645782,5385
3,0.1507006287574768,5386
3,0.24351555109024048,5387
3,0.2464541494846344,5388
3,0.15368351340293884,5389
1,0.06721549481153488,5390
3,0.10812859982252121,5391
3,0.10570540279150009,5392
3,0.12984566390514374,5393
3,0.2574935853481293,5394
3,0.2859940528869629,5395
3,0.20719695091247559,5396
3,0.21285566687583923,5397
1,0.11075031757354736,5398
3,0.11209394782781601,5399
3,0.17096926271915436,5400
3,0.19169029593467712,5401
3,0.2114403247833252,5402
3,0.1138562262058258,5403
3,0.1755225509405136,5404
3,0.16434915363788605,5405
3,0.16300630569458008,5406
3,0.2875463366508484,5407
2,0.29903551936149597,5408
3,0.18878896534442902,5409
3,0.13825872540473938,5410
3,0.23891092836856842,5411
3,0.28805673122406006,5412
3,0.261120080947876,5413
3,0.17654037475585938,5414
3,0.1702153980731964,5415
3,0.12388207018375397,5416
3,0.27738523483276367,5417
3,0.28366973996162415,5418
3,0.1569032520055771,5419
1,0.08055093139410019,5420
3,0.13572441041469574,5421
3,0.16673022508621216,5422
3,0.26770031452178955,5423
2,0.2828933894634247,5424
1,0.19274429976940155,5425
3,0.12715432047843933,5426
3,0.1473059058189392,5427
3,0.1466800719499588,5428
3,0.17209891974925995,5429
3,0.2814805805683136,5430
3,0.18505024909973145,5431
3,0.29133978486061096,5432
3,0.20440079271793365,5433
3,0.12624892592430115,5434
3,0.18587934970855713,5435
3,0.20669716596603394,5436
1,0.10252180695533752,5437
3,0.258456289768219,5438
3,0.27876022458076477,5439
3,0.19796009361743927,5440
3,0.1442309021949768,5441
3,0.10916674137115479,5442
3,0.13463500142097473,5443
3,0.18484020233154297,5444
3,0.18687716126441956,5445
2,0.2889452576637268,5446
3,0.13921669125556946,5447
3,0.13751940429210663,5448
3,0.13390664756298065,5449
3,0.17134304344654083,5450
3,0.22845850884914398,5451
3,0.14955317974090576,5452
3,0.1593969613313675,5453
3,0.1356983780860901,5454
1,0.07371591776609421,5455
2,0.09091463685035706,5456
3,0.16962367296218872,5457
3,0.2200768142938614,5458
3,0.26273664832115173,5459
1,0.14492374658584595,5460
3,0.16555117070674896,5461
3,0.24454598128795624,5462
3,0.26505038142204285,5463
1,0.18609610199928284,5464
3,0.17897726595401764,5465
3,0.1670379340648651,5466
3,0.230986088514328,5467
3,0.10571741312742233,5468
3,0.23405463993549347,5469
3,0.23226486146450043,5470
3,0.09849389642477036,5471
1,0.08374159783124924,5472
3,0.13265952467918396,5473
3,0.22947941720485687,5474
2,0.2792513072490692,5475
3,0.17597945034503937,5476
3,0.11194165796041489,5477
3,0.1435970813035965,5478
3,0.17619076371192932,5479
3,0.16022387146949768,5480
3,0.1640963852405548,5481
3,0.21044404804706573,5482
4,0.25793418288230896,5483
3,0.18000240623950958,5484
3,0.2151309698820114,5485
3,0.10347854346036911,5486
3,0.20433953404426575,5487
3,0.10820728540420532,5488
3,0.2262168824672699,5489
3,0.2643658518791199,5490
3,0.20762020349502563,5491
1,0.10287847369909286,5492
3,0.10639697313308716,5493
3,0.11365683376789093,5494
3,0.2124907374382019,5495
3,0.26700735092163086,5496
3,0.1762072890996933,5497
3,0.1823170930147171,5498
3,0.2696925103664398,5499
3,0.10017325729131699,5500
3,0.2484767884016037,5501
3,0.1707422137260437,5502
3,0.2087830901145935,5503
3,0.2151816040277481,5504
3,0.2531120777130127,5505
3,0.1003938764333725,5506
3,0.2002052664756775,5507
3,0.2578393220901489,5508
3,0.12026869505643845,5509
3,0.10017760097980499,5510
3,0.12626393139362335,5511
3,0.1496402472257614,5512
3,0.14800076186656952,5513
1,0.08618152141571045,5514
3,0.10431665927171707,5515
3,0.15418976545333862,5516
3,0.2215735763311386,5517
3,0.25537097454071045,5518
3,0.16247627139091492,5519
1,0.15838086605072021,5520
3,0.26047876477241516,5521
3,0.2544751763343811,5522
3,0.18001337349414825,5523
3,0.09543176740407944,5524
3,0.25239986181259155,5525
3,0.2374550849199295,5526
3,0.24812152981758118,5527
3,0.2461961805820465,5528
3,0.21919307112693787,5529
3,0.21987564861774445,5530
3,0.18174795806407928,5531
3,0.1037372499704361,5532
3,0.2512071132659912,5533
3,0.20699858665466309,5534
3,0.1613108515739441,5535
3,0.22702959179878235,5536
1,0.2242279052734375,5537
3,0.19113710522651672,5538
3,0.14360903203487396,5539
3,0.1951247602701187,5540
3,0.2180820256471634,5541
3,0.24207085371017456,5542
3,0.09349801391363144,5543
3,0.12293927371501923,5544
3,0.21596425771713257,5545
1,0.10439412295818329,5546
3,0.09070965647697449,5547
3,0.0960652306675911,5548
3,0.12720634043216705,5549
3,0.1472632735967636,5550
3,0.09128635376691818,5551
3,0.14850066602230072,5552
3,0.15086248517036438,5553
3,0.17189669609069824,5554
1,0.17597487568855286,5555
4,0.14872245490550995,5556
3,0.20383049547672272,5557
3,0.21423675119876862,5558
3,0.2519918978214264,5559
3,0.14475780725479126,5560
3,0.1461663544178009,5561
3,0.15034517645835876,5562
3,0.17110180854797363,5563
3,0.2510755956172943,5564
3,0.15884056687355042,5565
3,0.0907566249370575,5566
3,0.10598232597112656,5567
3,0.2389533966779709,5568
3,0.22920076549053192,5569
3,0.14548541605472565,5570
3,0.10583660006523132,5571
3,0.20491932332515717,5572
3,0.1214636042714119,5573
3,0.1146717444062233,5574
3,0.18436582386493683,5575
3,0.1321629285812378,5576
3,0.11635257303714752,5577
1,0.08986000716686249,5578
3,0.18556170165538788,5579
3,0.14759710431098938,5580
3,0.24293270707130432,5581
3,0.15590618550777435,5582
3,0.14468452334403992,5583
3,0.1386217325925827,5584
3,0.12622343003749847,5585
3,0.09975168853998184,5586
3,0.14785689115524292,5587
3,0.24552246928215027,5588
3,0.1459318995475769,5589
3,0.13459670543670654,5590
3,0.10858926922082901,5591
3,0.0922292172908783,5592
3,0.2328074723482132,5593
3,0.24111567437648773,5594
3,0.16403283178806305,5595
3,0.09187974780797958,5596
3,0.10056475549936295,5597
3,0.11905752867460251,5598
3,0.11935161054134369,5599
3,0.19199535250663757,5600
3,0.2081310898065567,5601
3,0.2321002185344696,5602
3,0.11536848545074463,5603
3,0.09349744021892548,5604
3,0.09544862061738968,5605
3,0.1468384563922882,5606
3,0.14701257646083832,5607
3,0.1189635768532753,5608
3,0.1613006293773651,5609
3,0.09501779824495316,5610
3,0.11983184516429901,5611
3,0.1849885880947113,5612
3,0.14346648752689362,5613
3,0.13993798196315765,5614
3,0.13975152373313904,5615
3,0.15691275894641876,5616
3,0.20547965168952942,5617
3,0.22172749042510986,5618
3,0.2256314754486084,5619
3,0.13434334099292755,5620
3,0.20148730278015137,5621
3,0.19955025613307953,5622
3,0.2235153466463089,5623
3,0.1511639654636383,5624
3,0.11718074977397919,5625
3,0.17985694110393524,5626
3,0.11802413314580917,5627
3,0.1305321455001831,5628
3,0.20059314370155334,5629
1,0.09300960600376129,5630
3,0.1812504380941391,5631
3,0.18272756040096283,5632
3,0.2131226509809494,5633
3,0.22601592540740967,5634
3,0.1387862265110016,5635
3,0.11348797380924225,5636
3,0.14046771824359894,5637
3,0.1925262212753296,5638
3,0.19962598383426666,5639
3,0.1258542239665985,5640
3,0.2337525337934494,5641
3,0.16298463940620422,5642
3,0.1592174917459488,5643
3,0.13124296069145203,5644
3,0.12819482386112213,5645
3,0.12909837067127228,5646
3,0.15195946395397186,5647
3,0.15261045098304749,5648
3,0.1569604128599167,5649
3,0.11323250085115433,5650
3,0.22669699788093567,5651
3,0.23913955688476562,5652
1,0.10956835001707077,5653
3,0.0897921770811081,5654
3,0.10062368959188461,5655
3,0.12346858531236649,5656
3,0.21801310777664185,5657
3,0.23162978887557983,5658
3,0.1610802561044693,5659
3,0.13774313032627106,5660
1,0.09929472208023071,5661
3,0.10014452785253525,5662
3,0.1970873773097992,5663
3,0.1944923996925354,5664
3,0.19861425459384918,5665
3,0.22495760023593903,5666
3,0.08959855139255524,5667
3,0.16874495148658752,5668
3,0.12116630375385284,5669
3,0.18910928070545197,5670
3,0.1680569350719452,5671
3,0.17416320741176605,5672
1,0.07312288135290146,5673
3,0.1359831541776657,5674
3,0.12672358751296997,5675
3,0.17749875783920288,5676
3,0.20889967679977417,5677
3,0.16008324921131134,5678
3,0.17542442679405212,5679
3,0.15949513018131256,5680
3,0.1397768259048462,5681
3,0.1593802124261856,5682
3,0.22389762103557587,5683
3,0.2244502156972885,5684
1,0.14123231172561646,5685
3,0.09877172857522964,5686
3,0.18925155699253082,5687
3,0.2089303880929947,5688
3,0.1105823740363121,5689
3,0.11313178390264511,5690
3,0.21846573054790497,5691
3,0.1103091761469841,5692
3,0.10132265836000443,5693
3,0.22415094077587128,5694
3,0.11360682547092438,5695
3,0.12338323146104813,5696
3,0.1270381659269333,5697
1,0.07160290330648422,5698
3,0.09621669352054596,5699
3,0.10109253972768784,5700
3,0.11234167963266373,5701
3,0.11320368945598602,5702
3,0.16765674948692322,5703
3,0.16974285244941711,5704
3,0.22261583805084229,5705
3,0.12416969984769821,5706
3,0.11550673097372055,5707
3,0.1686587780714035,5708
3,0.16911277174949646,5709
3,0.1900210678577423,5710
3,0.20954689383506775,5711
3,0.22959062457084656,5712
3,0.183850958943367,5713
3,0.18474584817886353,5714
3,0.08444005995988846,5715
3,0.1717107594013214,5716
3,0.19951064884662628,5717
3,0.1555275321006775,5718
3,0.12826316058635712,5719
3,0.13842248916625977,5720
3,0.15248925983905792,5721
3,0.09718722105026245,5722
3,0.12103373557329178,5723
1,0.11035621166229248,5724
3,0.13841991126537323,5725
3,0.14636124670505524,5726
3,0.1850959211587906,5727
3,0.12102267146110535,5728
3,0.19990597665309906,5729
3,0.21733251214027405,5730
3,0.21658749878406525,5731
3,0.12472401559352875,5732
3,0.13568468391895294,5733
3,0.18701638281345367,5734
1,0.10553153604269028,5735
3,0.12591688334941864,5736
3,0.1808721125125885,5737
1,0.08719323575496674,5738
3,0.11991855502128601,5739
3,0.13725104928016663,5740
3,0.18628700077533722,5741
3,0.214618518948555,5742
3,0.12492024153470993,5743
3,0.12209147214889526,5744
3,0.17086152732372284,5745
3,0.18044202029705048,5746
3,0.16443109512329102,5747
3,0.2028682678937912,5748
3,0.1215624287724495,5749
3,0.09499756246805191,5750
3,0.20919854938983917,5751
3,0.21341274678707123,5752
3,0.134865403175354,5753
3,0.107101671397686,5754
1,0.10699298977851868,5755
3,0.09925515949726105,5756
3,0.15212059020996094,5757
3,0.11002590507268906,5758
3,0.13147415220737457,5759
3,0.12011899799108505,5760
3,0.0920850932598114,5761
3,0.18000459671020508,5762
3,0.16583198308944702,5763
3,0.12404142320156097,5764
3,0.21523267030715942,5765
3,0.10583824664354324,5766
3,0.1807308942079544,5767
3,0.18209631741046906,5768
3,0.1651703119277954,5769
3,0.12220417708158493,5770
3,0.12244611233472824,5771
3,0.12274099886417389,5772
3,0.16738586127758026,5773
3,0.11729125678539276,5774
3,0.14324720203876495,5775
3,0.17542177438735962,5776
3,0.17938129603862762,5777
3,0.12075214087963104,5778
3,0.10919621586799622,5779
3,0.1339382380247116,5780
3,0.19761952757835388,5781
3,0.14700652658939362,5782
3,0.11866768449544907,5783
3,0.12372201681137085,5784
3,0.14280232787132263,5785
3,0.17906014621257782,5786
3,0.16019369661808014,5787
3,0.1781230866909027,5788
3,0.10443991422653198,5789
3,0.17432177066802979,5790
4,0.2029915302991867,5791
3,0.1316535621881485,5792
3,0.11929083615541458,5793
3,0.13473516702651978,5794
3,0.20777752995491028,5795
3,0.13782671093940735,5796
3,0.140717014670372,5797
3,0.1352035403251648,5798
3,0.14046573638916016,5799
3,0.20725831389427185,5800
3,0.19306868314743042,5801
3,0.19916673004627228,5802
3,0.20670440793037415,5803
3,0.12052462249994278,5804
3,0.11976790428161621,5805
3,0.19856421649456024,5806
3,0.18328963220119476,5807
1,0.07787737250328064,5808
3,0.13645455241203308,5809
3,0.16278624534606934,5810
3,0.19743554294109344,5811
3,0.11314228177070618,5812
3,0.1260298639535904,5813
3,0.13625943660736084,5814
3,0.19200003147125244,5815
3,0.20156371593475342,5816
3,0.11369892954826355,5817
3,0.1130225658416748,5818
3,0.13023924827575684,5819
3,0.1651116907596588,5820
3,0.16785869002342224,5821
2,0.1795087456703186,5822
3,0.13578128814697266,5823
3,0.17214511334896088,5824
3,0.1725803166627884,5825
3,0.19025804102420807,5826
3,0.20039983093738556,5827
3,0.19853922724723816,5828
3,0.2051209956407547,5829
3,0.1701209992170334,5830
3,0.1640406847000122,5831
3,0.1722341775894165,5832
3,0.2003990262746811,5833
3,0.19972041249275208,5834
3,0.10236189514398575,5835
3,0.11249970644712448,5836
3,0.1182965636253357,5837
3,0.17935751378536224,5838
3,0.10751060396432877,5839
3,0.14254239201545715,5840
3,0.12093586474657059,5841
3,0.10898131877183914,5842
3,0.1086631566286087,5843
3,0.2088843435049057,5844
3,0.15775181353092194,5845
3,0.1968289315700531,5846
3,0.10870768129825592,5847
3,0.12404444813728333,5848
3,0.16313262283802032,5849
3,0.1838252693414688,5850
3,0.1956956833600998,5851
3,0.12034919857978821,5852
3,0.10177264362573624,5853
3,0.12863022089004517,5854
3,0.09165381640195847,5855
3,0.19448307156562805,5856
3,0.19764666259288788,5857
3,0.16818715631961823,5858
3,0.16854462027549744,5859
3,0.186288520693779,5860
3,0.13363198935985565,5861
3,0.1184004470705986,5862
3,0.0988517552614212,5863
3,0.16737470030784607,5864
3,0.18879708647727966,5865
3,0.12972776591777802,5866
3,0.16748154163360596,5867
3,0.1199936494231224,5868
3,0.12212125957012177,5869
2,0.11895642429590225,5870
3,0.11043886095285416,5871
3,0.12188027799129486,5872
3,0.12620826065540314,5873
3,0.12653163075447083,5874
1,0.07814596593379974,5875
3,0.18224674463272095,5876
3,0.11830958724021912,5877
3,0.17134010791778564,5878
3,0.10714863985776901,5879
3,0.10993267595767975,5880
3,0.18199077248573303,5881
3,0.159095898270607,5882
4,0.1312723606824875,5883
3,0.09625571221113205,5884
3,0.09734949469566345,5885
3,0.1397913247346878,5886
3,0.19315798580646515,5887
3,0.13164947926998138,5888
3,0.11498714983463287,5889
3,0.1267767995595932,5890
3,0.13485249876976013,5891
3,0.16254320740699768,5892
3,0.16363425552845,5893
3,0.16204668581485748,5894
3,0.10619477182626724,5895
3,0.10932645201683044,5896
3,0.13397926092147827,5897
3,0.14583948254585266,5898
3,0.15777938067913055,5899
3,0.13553304970264435,5900
3,0.13470645248889923,5901
3,0.16126607358455658,5902
3,0.18752656877040863,5903
3,0.19436879456043243,5904
3,0.20017865300178528,5905
3,0.11495140194892883,5906
3,0.162404403090477,5907
1,0.10034522414207458,5908
3,0.15680855512619019,5909
4,0.17796118557453156,5910
3,0.1545080691576004,5911
3,0.15827743709087372,5912
3,0.1855495721101761,5913
3,0.09605682641267776,5914
3,0.11921472102403641,5915
3,0.18805207312107086,5916
3,0.11964817345142365,5917
3,0.1124267429113388,5918
3,0.11196718364953995,5919
3,0.13303972780704498,5920
3,0.09569087624549866,5921
3,0.15421801805496216,5922
3,0.15399430692195892,5923
3,0.0954119935631752,5924
3,0.10550101101398468,5925
3,0.16077978909015656,5926
3,0.1598276048898697,5927
3,0.1514599323272705,5928
3,0.1331116408109665,5929
3,0.1592869907617569,5930
3,0.131804957985878,5931
3,0.15242473781108856,5932
3,0.1106732115149498,5933
3,0.15855281054973602,5934
3,0.18580402433872223,5935
3,0.13301149010658264,5936
3,0.1274145096540451,5937
3,0.14779604971408844,5938
3,0.15892928838729858,5939
3,0.1116219311952591,5940
3,0.15631768107414246,5941
1,0.08865949511528015,5942
3,0.08855445683002472,5943
3,0.11119520664215088,5944
3,0.09781649708747864,5945
3,0.14250753819942474,5946
3,0.11010292172431946,5947
3,0.1102718636393547,5948
3,0.1453983336687088,5949
3,0.15383566915988922,5950
3,0.14973464608192444,5951
3,0.15640351176261902,5952
3,0.15902918577194214,5953
3,0.10889991372823715,5954
3,0.14916767179965973,5955
3,0.14954215288162231,5956
3,0.1577315330505371,5957
3,0.12054910510778427,5958
1,0.06338056176900864,5959
3,0.15296486020088196,5960
3,0.11030402779579163,5961
3,0.14580969512462616,5962
3,0.1451803594827652,5963
3,0.11994186043739319,5964
3,0.15127338469028473,5965
3,0.1544550508260727,5966
3,0.14773444831371307,5967
3,0.10954076051712036,5968
3,0.09753382951021194,5969
3,0.14436908066272736,5970
3,0.1553356945514679,5971
3,0.1702958047389984,5972
3,0.19044144451618195,5973
3,0.13273829221725464,5974
3,0.12584425508975983,5975
3,0.13924376666545868,5976
3,0.13749603927135468,5977
3,0.14873985946178436,5978
3,0.1707189977169037,5979
3,0.10631156712770462,5980
3,0.15187367796897888,5981
3,0.13755086064338684,5982
3,0.11783712357282639,5983
3,0.10869697481393814,5984
3,0.10917561501264572,5985
3,0.14529556035995483,5986
3,0.16967017948627472,5987
1,0.112735815346241,5988
1,0.08723963797092438,5989
3,0.13661827147006989,5990
3,0.10575783997774124,5991
3,0.14466015994548798,5992
3,0.1254287213087082,5993
3,0.10740238428115845,5994
1,0.11115161329507828,5995
3,0.11477244645357132,5996
3,0.14478492736816406,5997
3,0.14520913362503052,5998
3,0.17618687450885773,5999
3,0.11988697946071625,6000
3,0.1811598837375641,6001
3,0.12995003163814545,6002
3,0.12203817069530487,6003
3,0.11992437392473221,6004
3,0.131630077958107,6005
3,0.1237637922167778,6006
3,0.10611871629953384,6007
3,0.15031829476356506,6008
1,0.09097889065742493,6009
3,0.13754376769065857,6010
3,0.13942395150661469,6011
3,0.11822560429573059,6012
3,0.15370367467403412,6013
3,0.15058724582195282,6014
3,0.11495759338140488,6015
3,0.13471858203411102,6016
3,0.1261104941368103,6017
3,0.14779026806354523,6018
1,0.1238865926861763,6019
3,0.1345054656267166,6020
3,0.14027778804302216,6021
3,0.11949325352907181,6022
3,0.1419195532798767,6023
3,0.11620612442493439,6024
3,0.16438448429107666,6025
3,0.09949175268411636,6026
3,0.13538697361946106,6027
3,0.17340649664402008,6028
3,0.11564832925796509,6029
3,0.10530052334070206,6030
1,0.05952011048793793,6031
3,0.09840284287929535,6032
3,0.14315484464168549,6033
3,0.16378365457057953,6034
3,0.16256844997406006,6035
3,0.142360121011734,6036
3,0.1508096307516098,6037
4,0.17807237803936005,6038
3,0.1610064059495926,6039
3,0.13979509472846985,6040
3,0.13997387886047363,6041
3,0.12698164582252502,6042
3,0.10952635854482651,6043
3,0.09364877641201019,6044
3,0.14608320593833923,6045
3,0.14325523376464844,6046
3,0.16879521310329437,6047
3,0.16961996257305145,6048
3,0.12367410957813263,6049
3,0.15446144342422485,6050
3,0.10909605026245117,6051
3,0.11361522227525711,6052
3,0.13673721253871918,6053
3,0.11388829350471497,6054
3,0.11769397556781769,6055
3,0.10848089307546616,6056
3,0.10406529903411865,6057
3,0.11463695764541626,6058
3,0.13352178037166595,6059
3,0.12775637209415436,6060
3,0.12708646059036255,6061
3,0.10847116261720657,6062
3,0.10753922164440155,6063
1,0.09449422359466553,6064
3,0.11740940809249878,6065
3,0.11493995040655136,6066
3,0.13169078528881073,6067
3,0.1176735982298851,6068
3,0.16613222658634186,6069
3,0.17165225744247437,6070
3,0.11837185174226761,6071
3,0.1174372062087059,6072
3,0.11710509657859802,6073
3,0.11645977944135666,6074
3,0.11669846624135971,6075
1,0.07195164263248444,6076
3,0.10930697619915009,6077
3,0.11372364312410355,6078
3,0.12714111804962158,6079
3,0.11805974692106247,6080
3,0.14138834178447723,6081
3,0.1252691000699997,6082
3,0.14185692369937897,6083
3,0.11325696110725403,6084
3,0.10128962248563766,6085
1,0.11473001539707184,6086
3,0.11651699990034103,6087
3,0.1463063657283783,6088
3,0.16854648292064667,6089
3,0.17337918281555176,6090
3,0.10172386467456818,6091
1,0.05812965705990791,6092
3,0.1410597860813141,6093
3,0.1377210170030594,6094
3,0.14011932909488678,6095
3,0.16770003736019135,6096
3,0.16523578763008118,6097
3,0.12096240371465683,6098
3,0.1143537163734436,6099
3,0.12242568284273148,6100
1,0.05861948803067207,6101
3,0.1450492888689041,6102
3,0.16213473677635193,6103
3,0.11976764351129532,6104
1,0.10078416764736176,6105
3,0.1616949439048767,6106
3,0.16564923524856567,6107
3,0.13441047072410583,6108
3,0.09916335344314575,6109
3,0.16634730994701385,6110
3,0.10504474490880966,6111
1,0.03511948511004448,6112
3,0.12223805487155914,6113
3,0.13197746872901917,6114
3,0.10715077817440033,6115
3,0.16975615918636322,6116
3,0.15172387659549713,6117
3,0.1586134433746338,6118
3,0.1643722504377365,6119
3,0.13106539845466614,6120
3,0.16125023365020752,6121
3,0.11353576183319092,6122
3,0.15741406381130219,6123
3,0.12025049328804016,6124
3,0.11209654808044434,6125
3,0.1064075231552124,6126
3,0.1001337468624115,6127
3,0.12596474587917328,6128
3,0.12097274512052536,6129
3,0.10757987946271896,6130
3,0.09924064576625824,6131
3,0.09899967908859253,6132
3,0.13404621183872223,6133
3,0.10818304121494293,6134
3,0.13267174363136292,6135
3,0.10197533667087555,6136
3,0.11030969768762589,6137
3,0.13927777111530304,6138
3,0.16698342561721802,6139
3,0.1032814010977745,6140
3,0.13899321854114532,6141
3,0.14837679266929626,6142
3,0.10530128329992294,6143
1,0.1361972987651825,6144
3,0.11363878846168518,6145
1,0.09826160967350006,6146
3,0.12737110257148743,6147
3,0.10876559466123581,6148
3,0.11020994931459427,6149
1,0.08977241069078445,6150
3,0.12671439349651337,6151
3,0.10731736570596695,6152
3,0.10515324026346207,6153
1,0.09208537638187408,6154
3,0.13100731372833252,6155
3,0.13152621686458588,6156
3,0.1312534064054489,6157
3,0.13280269503593445,6158
3,0.15421321988105774,6159
3,0.16214080154895782,6160
3,0.12548768520355225,6161
3,0.10340647399425507,6162
3,0.09281119704246521,6163
3,0.09718941897153854,6164
3,0.12261415272951126,6165
3,0.10929460823535919,6166
3,0.13279546797275543,6167
3,0.12689314782619476,6168
3,0.1255255937576294,6169
3,0.10281188786029816,6170
3,0.10890781879425049,6171
1,0.05546535179018974,6172
3,0.1265597641468048,6173
3,0.1319870948791504,6174
3,0.13020411133766174,6175
1,0.10203003138303757,6176
3,0.09506459534168243,6177
3,0.12982584536075592,6178
1,0.006489618681371212,6179
3,0.15101486444473267,6180
3,0.12801826000213623,6181
3,0.12086901068687439,6182
3,0.096521757543087,6183
3,0.1296910047531128,6184
3,0.12730611860752106,6185
3,0.1431978940963745,6186
1,0.11668004095554352,6187
3,0.11985404789447784,6188
3,0.1504439264535904,6189
3,0.11083097010850906,6190
1,0.09083187580108643,6191
1,0.10167703777551651,6192
3,0.09518568962812424,6193
3,0.09742758423089981,6194
3,0.13261562585830688,6195
3,0.14960500597953796,6196
3,0.14575302600860596,6197
3,0.15934723615646362,6198
1,0.09384895116090775,6199
3,0.15783032774925232,6200
3,0.11711741238832474,6201
3,0.12600451707839966,6202
3,0.12757837772369385,6203
2,0.11754225194454193,6204
1,0.08234907686710358,6205
3,0.1343505084514618,6206
3,0.13453984260559082,6207
3,0.1269841492176056,6208
3,0.12876258790493011,6209
3,0.11784795671701431,6210
3,0.11371724307537079,6211
3,0.1292906105518341,6212
3,0.1175338476896286,6213
3,0.11899612098932266,6214
3,0.10534314066171646,6215
2,0.09222777187824249,6216
3,0.11882420629262924,6217
2,0.11715804785490036,6218
3,0.10164617002010345,6219
3,0.12122441083192825,6220
3,0.1166936606168747,6221
3,0.12416701018810272,6222
3,0.14431138336658478,6223
3,0.14941734075546265,6224
3,0.10754819959402084,6225
3,0.11287115514278412,6226
3,0.12123988568782806,6227
3,0.12244416773319244,6228
3,0.12633465230464935,6229
3,0.1436842978000641,6230
3,0.10784780234098434,6231
3,0.11898542940616608,6232
3,0.10708770155906677,6233
3,0.14146552979946136,6234
3,0.1233106404542923,6235
3,0.11938238888978958,6236
3,0.15552441775798798,6237
3,0.09137594699859619,6238
3,0.12391453981399536,6239
3,0.1424901783466339,6240
3,0.14558196067810059,6241
3,0.14789356291294098,6242
3,0.10674162954092026,6243
3,0.11176666617393494,6244
3,0.12297970801591873,6245
2,0.10640999674797058,6246
1,0.1059861108660698,6247
3,0.12812918424606323,6248
3,0.11693854629993439,6249
3,0.12951357662677765,6250
3,0.14076051115989685,6251
3,0.10581164807081223,6252
3,0.11387243866920471,6253
3,0.11669480800628662,6254
3,0.11556534469127655,6255
3,0.12904880940914154,6256
3,0.1308504194021225,6257
3,0.1395857334136963,6258
3,0.1385621726512909,6259
1,0.09818965941667557,6260
3,0.12390114367008209,6261
3,0.1152680292725563,6262
3,0.14620333909988403,6263
3,0.15256990492343903,6264
3,0.109207384288311,6265
3,0.11482221633195877,6266
3,0.12273336946964264,6267
3,0.1520342379808426,6268
3,0.11117871850728989,6269
3,0.09944067150354385,6270
3,0.09960605204105377,6271
3,0.12128422409296036,6272
3,0.12541069090366364,6273
3,0.10469793528318405,6274
3,0.1208842396736145,6275
3,0.11811370402574539,6276
3,0.10021892935037613,6277
3,0.12641564011573792,6278
3,0.1423271745443344,6279
3,0.14029628038406372,6280
3,0.14258892834186554,6281
3,0.11425485461950302,6282
3,0.1118762195110321,6283
3,0.11940258741378784,6284
3,0.14221981167793274,6285
3,0.1133425235748291,6286
3,0.11397028714418411,6287
3,0.11722273379564285,6288
3,0.13443078100681305,6289
3,0.14432017505168915,6290
3,0.09232573211193085,6291
3,0.09841284155845642,6292
3,0.10699841380119324,6293
3,0.11126099526882172,6294
3,0.1502930074930191,6295
3,0.11183810979127884,6296
3,0.08496043086051941,6297
3,0.13917997479438782,6298
3,0.13532273471355438,6299
3,0.12653233110904694,6300
3,0.11025892198085785,6301
3,0.10560396313667297,6302
1,0.1143408939242363,6303
3,0.13959901034832,6304
3,0.1341744214296341,6305
3,0.14672797918319702,6306
3,0.10954959690570831,6307
1,0.06874743103981018,6308
3,0.12077990919351578,6309
3,0.12353665381669998,6310
3,0.14530536532402039,6311
3,0.13042452931404114,6312
1,0.10374916344881058,6313
3,0.10573215037584305,6314
3,0.13574925065040588,6315
3,0.13946792483329773,6316
3,0.11436767131090164,6317
3,0.13901343941688538,6318
3,0.10654859244823456,6319
3,0.13611489534378052,6320
3,0.14197081327438354,6321
3,0.14462429285049438,6322
3,0.10440666973590851,6323
3,0.12439965456724167,6324
3,0.12133024632930756,6325
1,0.10270077735185623,6326
3,0.14268717169761658,6327
3,0.11627903580665588,6328
3,0.14501599967479706,6329
3,0.11434522271156311,6330
3,0.12844742834568024,6331
3,0.13502676784992218,6332
3,0.1330031007528305,6333
3,0.11988519877195358,6334
3,0.13420641422271729,6335
3,0.1371443271636963,6336
3,0.12889231741428375,6337
3,0.10965397208929062,6338
3,0.14281460642814636,6339
3,0.10040362179279327,6340
3,0.10075335949659348,6341
3,0.11931028962135315,6342
3,0.11527126282453537,6343
3,0.10606823116540909,6344
1,0.09851246327161789,6345
1,0.09298229962587357,6346
3,0.10328696668148041,6347
3,0.08716591447591782,6348
3,0.11815333366394043,6349
3,0.12273036688566208,6350
3,0.10327855497598648,6351
3,0.12938721477985382,6352
3,0.13340520858764648,6353
3,0.12894214689731598,6354
3,0.11767512559890747,6355
3,0.09061313420534134,6356
3,0.11237262189388275,6357
3,0.11372868716716766,6358
3,0.10175707191228867,6359
3,0.13538406789302826,6360
3,0.10097575932741165,6361
3,0.1143421083688736,6362
3,0.124456487596035,6363
3,0.13467127084732056,6364
3,0.10012877732515335,6365
3,0.10154308378696442,6366
3,0.12491591274738312,6367
3,0.09771808236837387,6368
3,0.12704598903656006,6369
3,0.09813768416643143,6370
3,0.11593009531497955,6371
3,0.12359371781349182,6372
1,0.10054992884397507,6373
3,0.13815757632255554,6374
1,0.07572875171899796,6375
3,0.12223996222019196,6376
3,0.13347594439983368,6377
3,0.13265685737133026,6378
3,0.12779603898525238,6379
1,0.09037774056196213,6380
1,0.08585378527641296,6381
3,0.1370849609375,6382
3,0.12041167169809341,6383
3,0.1254279464483261,6384
3,0.1040780246257782,6385
1,0.07961960136890411,6386
3,0.13509617745876312,6387
3,0.11540959030389786,6388
3,0.13622303307056427,6389
3,0.11849209666252136,6390
3,0.11767170578241348,6391
3,0.10081598162651062,6392
3,0.13522228598594666,6393
3,0.11138437688350677,6394
3,0.11392495781183243,6395
3,0.1171470507979393,6396
3,0.12709923088550568,6397
3,0.13129432499408722,6398
3,0.12639309465885162,6399
3,0.13422878086566925,6400
3,0.12712915241718292,6401
1,0.08542851358652115,6402
3,0.11855906993150711,6403
3,0.12788188457489014,6404
1,0.08153586089611053,6405
3,0.13446161150932312,6406
3,0.10657595843076706,6407
1,0.050321027636528015,6408
3,0.12479933351278305,6409
3,0.1258413940668106,6410
3,0.1338353306055069,6411
3,0.1336691826581955,6412
3,0.11655820161104202,6413
3,0.11230918020009995,6414
3,0.11558731645345688,6415
3,0.13004261255264282,6416
3,0.13020490109920502,6417
3,0.10992202907800674,6418
3,0.11539875715970993,6419
3,0.13329976797103882,6420
3,0.10327953845262527,6421
3,0.12974593043327332,6422
3,0.10680461674928665,6423
3,0.11507866531610489,6424
3,0.1208721324801445,6425
3,0.1286800503730774,6426
3,0.13284236192703247,6427
3,0.10532620549201965,6428
3,0.09683755040168762,6429
3,0.10634288191795349,6430
3,0.1301281452178955,6431
3,0.10594560950994492,6432
3,0.10659225285053253,6433
3,0.11570338159799576,6434
3,0.08856965601444244,6435
3,0.1293979436159134,6436
3,0.11349712312221527,6437
3,0.10843802988529205,6438
3,0.11057602614164352,6439
3,0.12657198309898376,6440
3,0.09207001328468323,6441
3,0.09062694013118744,6442
3,0.08830616623163223,6443
3,0.12788838148117065,6444
4,0.12965883314609528,6445
2,0.12950968742370605,6446
3,0.10476747155189514,6447
3,0.09375696629285812,6448
3,0.0952514261007309,6449
1,0.025002801790833473,6450
3,0.10834795236587524,6451
3,0.12468932569026947,6452
3,0.12441472709178925,6453
3,0.12742437422275543,6454
3,0.10677928477525711,6455
3,0.106631800532341,6456
3,0.10623518377542496,6457
3,0.11971599608659744,6458
3,0.1268731951713562,6459
3,0.1053638607263565,6460
3,0.12088645249605179,6461
3,0.09369028359651566,6462
3,0.11387300491333008,6463
3,0.11193926632404327,6464
3,0.09661117941141129,6465
3,0.11435914039611816,6466
3,0.1264844536781311,6467
3,0.11865343153476715,6468
3,0.12615787982940674,6469
3,0.1128426119685173,6470
3,0.10711454600095749,6471
3,0.09942111372947693,6472
3,0.12038121372461319,6473
3,0.1226336807012558,6474
3,0.10236722975969315,6475
3,0.12196723371744156,6476
3,0.11065933853387833,6477
3,0.10872908681631088,6478
3,0.09084608405828476,6479
3,0.10751509666442871,6480
3,0.08569182455539703,6481
3,0.08914697915315628,6482
3,0.12202127277851105,6483
3,0.10979443043470383,6484
3,0.10698816180229187,6485
3,0.12520071864128113,6486
3,0.1100921779870987,6487
3,0.09535937756299973,6488
3,0.10487183183431625,6489
3,0.11900798231363297,6490
3,0.10930431634187698,6491
3,0.10462047904729843,6492
1,0.00484613748267293,6493
3,0.12523257732391357,6494
3,0.10464314371347427,6495
3,0.11876580119132996,6496
3,0.12109454721212387,6497
3,0.10796160250902176,6498
3,0.12221275269985199,6499
3,0.12295717746019363,6500
3,0.12048245221376419,6501
3,0.11983437091112137,6502
3,0.12047896534204483,6503
3,0.12176341563463211,6504
3,0.12257460504770279,6505
3,0.08162367343902588,6506
3,0.11184757202863693,6507
3,0.12424755096435547,6508
3,0.11323966830968857,6509
3,0.10261082649230957,6510
3,0.11908518522977829,6511
3,0.11307872831821442,6512
3,0.10287656635046005,6513
3,0.10539215803146362,6514
3,0.11525507271289825,6515
3,0.12200426310300827,6516
3,0.12163513898849487,6517
3,0.12145544588565826,6518
3,0.11307527869939804,6519
3,0.08987286686897278,6520
3,0.10289518535137177,6521
3,0.11335332691669464,6522
3,0.10169468075037003,6523
3,0.08967016637325287,6524
3,0.10274963080883026,6525
3,0.10545194894075394,6526
3,0.11580613255500793,6527
4,0.11950364708900452,6528
3,0.10281399637460709,6529
3,0.12116294354200363,6530
3,0.11549460887908936,6531
3,0.08366146683692932,6532
3,0.10632931441068649,6533
3,0.12031172215938568,6534
4,0.1064566969871521,6535
3,0.11402897536754608,6536
3,0.12122233957052231,6537
3,0.10537772625684738,6538
1,0.10617288947105408,6539
3,0.11594972014427185,6540
3,0.10468495637178421,6541
3,0.10647407919168472,6542
3,0.08508387207984924,6543
3,0.09609916061162949,6544
3,0.11719518154859543,6545
3,0.1208215281367302,6546
3,0.1013002023100853,6547
3,0.08912989497184753,6548
3,0.09755442291498184,6549
3,0.11661150306463242,6550
3,0.10153611749410629,6551
3,0.11314566433429718,6552
3,0.08679897338151932,6553
3,0.09786336123943329,6554
3,0.11843270063400269,6555
3,0.12031107395887375,6556
3,0.12028177827596664,6557
3,0.10161179304122925,6558
3,0.11778596043586731,6559
3,0.11956211179494858,6560
3,0.09528438746929169,6561
3,0.10501087456941605,6562
3,0.11903245002031326,6563
3,0.0961930900812149,6564
3,0.0886082872748375,6565
3,0.10064905881881714,6566
3,0.09402894973754883,6567
3,0.0809822753071785,6568
1,0.09506141394376755,6569
3,0.11911729723215103,6570
3,0.08990244567394257,6571
3,0.10869841277599335,6572
3,0.11064168065786362,6573
3,0.10505200922489166,6574
3,0.11082851141691208,6575
3,0.1181018054485321,6576
3,0.11561522632837296,6577
3,0.1105099618434906,6578
4,0.11451933532953262,6579
3,0.09494522958993912,6580
3,0.09941798448562622,6581
3,0.10993786156177521,6582
3,0.09464814513921738,6583
3,0.0945608988404274,6584
3,0.10980790853500366,6585
3,0.11508065462112427,6586
3,0.0944489911198616,6587
3,0.11117852479219437,6588
3,0.10807535797357559,6589
3,0.08118314296007156,6590
3,0.11095377802848816,6591
3,0.11735211312770844,6592
3,0.10681483149528503,6593
3,0.11706461757421494,6594
3,0.11147816479206085,6595
3,0.11542219668626785,6596
3,0.10611346364021301,6597
3,0.09364168345928192,6598
3,0.09381555020809174,6599
3,0.10194249451160431,6600
3,0.10925887525081635,6601
3,0.1057431548833847,6602
3,0.0979350134730339,6603
3,0.09360542893409729,6604
3,0.09272902458906174,6605
3,0.0823177769780159,6606
3,0.11168111860752106,6607
3,0.09256259351968765,6608
1,0.07985235005617142,6609
1,0.026982445269823074,6610
3,0.0966242104768753,6611
1,0.10142719000577927,6612
3,0.11597436666488647,6613
3,0.09213943034410477,6614
3,0.09986093640327454,6615
3,0.10874321311712265,6616
3,0.11603589355945587,6617
1,0.09114329516887665,6618
3,0.10199129581451416,6619
3,0.10728845745325089,6620
3,0.09957599639892578,6621
3,0.11553218215703964,6622
3,0.11136778444051743,6623
1,0.08069279789924622,6624
3,0.11484678834676743,6625
3,0.11539116501808167,6626
3,0.10843086242675781,6627
3,0.09939190000295639,6628
3,0.10081635415554047,6629
3,0.1014973595738411,6630
3,0.10762638598680496,6631
3,0.1154211238026619,6632
3,0.11023878306150436,6633
3,0.10304027050733566,6634
3,0.10566343367099762,6635
3,0.11032922565937042,6636
3,0.1145378053188324,6637
3,0.11589083820581436,6638
3,0.08843158185482025,6639
3,0.099907286465168,6640
3,0.10551296919584274,6641
3,0.11387579143047333,6642
3,0.11556556075811386,6643
3,0.09959586709737778,6644
3,0.10684163868427277,6645
3,0.10716590285301208,6646
3,0.09683860838413239,6647
3,0.10779733210802078,6648
3,0.11512641608715057,6649
3,0.1075209453701973,6650
3,0.1138383001089096,6651
3,0.09641021490097046,6652
3,0.10927288979291916,6653
3,0.11298253387212753,6654
3,0.10721614211797714,6655
3,0.09026168286800385,6656
1,0.0501428097486496,6657
3,0.10906322300434113,6658
3,0.10265006870031357,6659
3,0.09730186313390732,6660
3,0.11453115195035934,6661
3,0.08446857333183289,6662
3,0.09598442167043686,6663
3,0.11383555829524994,6664
3,0.1041431650519371,6665
3,0.1058875247836113,6666
3,0.10094302147626877,6667
3,0.09471650421619415,6668
3,0.08516432344913483,6669
3,0.09868417680263519,6670
3,0.09505161643028259,6671
3,0.11223997920751572,6672
3,0.09998058527708054,6673
3,0.11186143755912781,6674
3,0.11252442747354507,6675
3,0.09521085023880005,6676
3,0.10375607013702393,6677
3,0.10444732755422592,6678
3,0.1036294549703598,6679
3,0.09217096865177155,6680
3,0.09557326883077621,6681
3,0.09853693097829819,6682
3,0.10141777992248535,6683
3,0.10640858858823776,6684
3,0.09679921716451645,6685
3,0.09775184839963913,6686
3,0.10171192139387131,6687
1,0.04904347285628319,6688
3,0.0959511548280716,6689
3,0.10653997212648392,6690
3,0.09695073962211609,6691
3,0.10417340695858002,6692
3,0.09665409475564957,6693
3,0.11191730946302414,6694
3,0.09897103905677795,6695
3,0.11146477609872818,6696
3,0.10789076238870621,6697
3,0.09034424275159836,6698
3,0.11089213937520981,6699
3,0.09422384202480316,6700
3,0.1102164089679718,6701
3,0.09784197807312012,6702
3,0.08921541273593903,6703
3,0.10993751883506775,6704
3,0.10548509657382965,6705
3,0.10733945667743683,6706
3,0.10682453960180283,6707
3,0.08721231669187546,6708
3,0.10183830559253693,6709
3,0.10864638537168503,6710
3,0.08704057335853577,6711
3,0.09314970672130585,6712
3,0.11026318371295929,6713
3,0.09284476190805435,6714
3,0.09672677516937256,6715
3,0.10176072269678116,6716
3,0.10669538378715515,6717
3,0.10682014375925064,6718
3,0.10331318527460098,6719
3,0.10380418598651886,6720
3,0.1082480177283287,6721
3,0.1086626648902893,6722
3,0.10913120210170746,6723
3,0.10592199862003326,6724
3,0.10884027183055878,6725
3,0.10611995309591293,6726
3,0.11014596372842789,6727
3,0.10556884109973907,6728
3,0.09681803733110428,6729
3,0.10923486202955246,6730
3,0.10669165849685669,6731
3,0.10139699280261993,6732
3,0.10109952837228775,6733
3,0.091919906437397,6734
3,0.10106994211673737,6735
3,0.10827360302209854,6736
3,0.10746308416128159,6737
3,0.09165362268686295,6738
3,0.10883808135986328,6739
3,0.09367550164461136,6740
3,0.10670851171016693,6741
3,0.10298850387334824,6742
3,0.10297854244709015,6743
3,0.10704721510410309,6744
3,0.10267685353755951,6745
3,0.090580053627491,6746
3,0.10637390613555908,6747
3,0.10915709286928177,6748
3,0.09530675411224365,6749
3,0.09569404274225235,6750
3,0.10017674416303635,6751
3,0.09903382509946823,6752
3,0.1041799858212471,6753
3,0.10839814692735672,6754
3,0.10758751630783081,6755
3,0.09962446987628937,6756
2,0.09537704288959503,6757
3,0.10458872467279434,6758
3,0.09543013572692871,6759
3,0.08721131831407547,6760
3,0.08402377367019653,6761
3,0.09338679164648056,6762
3,0.09498710930347443,6763
3,0.09212273359298706,6764
3,0.09931715577840805,6765
3,0.09838782250881195,6766
3,0.09996681660413742,6767
3,0.09008386731147766,6768
3,0.09122936427593231,6769
3,0.09426599740982056,6770
3,0.09867328405380249,6771
3,0.10715042799711227,6772
3,0.10678432136774063,6773
3,0.09721963852643967,6774
3,0.08997662365436554,6775
3,0.09754756838083267,6776
3,0.0940435454249382,6777
3,0.08998376131057739,6778
3,0.10469518601894379,6779
3,0.09378857910633087,6780
3,0.09866487979888916,6781
3,0.09751690179109573,6782
3,0.10152949392795563,6783
3,0.09280409663915634,6784
3,0.09031137824058533,6785
3,0.08181197941303253,6786
3,0.10561682283878326,6787
3,0.10485399514436722,6788
3,0.10617654770612717,6789
3,0.09353408217430115,6790
3,0.08205065131187439,6791
3,0.10205788910388947,6792
3,0.10595504939556122,6793
3,0.08144394308328629,6794
3,0.08793739974498749,6795
3,0.09827830642461777,6796
3,0.1056552305817604,6797
3,0.09333491325378418,6798
3,0.08031002432107925,6799
3,0.09656213968992233,6800
3,0.09742922335863113,6801
3,0.09967327117919922,6802
1,0.05461394786834717,6803
3,0.08360591530799866,6804
2,0.10519540309906006,6805
3,0.10613790899515152,6806
3,0.1050659567117691,6807
3,0.08447873592376709,6808
3,0.09672371298074722,6809
3,0.10532194375991821,6810
3,0.08538132905960083,6811
3,0.09467893838882446,6812
3,0.09304282069206238,6813
3,0.08897215873003006,6814
3,0.10572649538516998,6815
3,0.07173941284418106,6816
3,0.10117525607347488,6817
3,0.0944768488407135,6818
3,0.09430266916751862,6819
3,0.09237295389175415,6820
2,0.07152391225099564,6821
3,0.09954675287008286,6822
3,0.10456283390522003,6823
3,0.10444768518209457,6824
3,0.10077035427093506,6825
3,0.10405543446540833,6826
3,0.1038777083158493,6827
3,0.07103027403354645,6828
3,0.10105389356613159,6829
3,0.09841659665107727,6830
3,0.0842335894703865,6831
3,0.06853944808244705,6832
3,0.09857314079999924,6833
3,0.10040169209241867,6834
3,0.10359177738428116,6835
1,0.07177681475877762,6836
3,0.08329828828573227,6837
3,0.09835544973611832,6838
3,0.0800815299153328,6839
3,0.0777699202299118,6840
3,0.09550167620182037,6841
3,0.10286222398281097,6842
3,0.07988028228282928,6843
3,0.09184346348047256,6844
3,0.10485922545194626,6845
3,0.09092032164335251,6846
3,0.09790734946727753,6847
3,0.1023549884557724,6848
3,0.10234138369560242,6849
3,0.06386727839708328,6850
3,0.10205140709877014,6851
3,0.09441936761140823,6852
3,0.10013234615325928,6853
2,0.06355830281972885,6854
3,0.08897397667169571,6855
3,0.10140765458345413,6856
3,0.0945790484547615,6857
3,0.06322260946035385,6858
3,0.0909508615732193,6859
1,0.06411182880401611,6860
1,0.074981689453125,6861
3,0.09088189154863358,6862
3,0.0936027467250824,6863
3,0.09749495983123779,6864
3,0.10131525248289108,6865
3,0.0906560942530632,6866
3,0.1017472967505455,6867
3,0.08529805392026901,6868
3,0.062267184257507324,6869
3,0.09557431936264038,6870
3,0.10003111511468887,6871
3,0.09989466518163681,6872
3,0.09700147062540054,6873
3,0.10308608412742615,6874
3,0.09705816209316254,6875
3,0.09602675586938858,6876
3,0.09379242360591888,6877
3,0.09867241233587265,6878
3,0.1012919545173645,6879
1,0.05675440654158592,6880
3,0.1005125492811203,6881
3,0.10018659383058548,6882
3,0.08798832446336746,6883
3,0.08421701937913895,6884
3,0.09602053463459015,6885
1,0.08333087712526321,6886
3,0.09164337813854218,6887
3,0.08911269158124924,6888
3,0.09943316131830215,6889
3,0.09888400137424469,6890
3,0.1004265770316124,6891
3,0.10179102420806885,6892
1,0.06542753428220749,6893
1,0.07123014330863953,6894
3,0.08819545060396194,6895
3,0.08647093176841736,6896
3,0.10000277310609818,6897
3,0.09990563988685608,6898
3,0.0956093817949295,6899
1,0.044861312955617905,6900
3,0.08480336517095566,6901
3,0.09840834140777588,6902
3,0.08623135089874268,6903
3,0.08805221319198608,6904
3,0.0900094136595726,6905
3,0.09334718436002731,6906
3,0.05070634186267853,6907
2,0.09001470357179642,6908
3,0.09239842742681503,6909
3,0.08724662661552429,6910
3,0.08394224941730499,6911
1,0.050384487956762314,6912
3,0.09022252261638641,6913
3,0.0903092697262764,6914
3,0.09486984461545944,6915
3,0.0874880850315094,6916
3,0.09134993702173233,6917
3,0.08272204548120499,6918
3,0.08702497184276581,6919
3,0.0940854549407959,6920
3,0.08938715606927872,6921
3,0.08672283589839935,6922
3,0.08957474678754807,6923
3,0.08986685425043106,6924
3,0.0956927016377449,6925
3,0.08677185326814651,6926
3,0.08463486284017563,6927
3,0.07751759141683578,6928
3,0.09573391079902649,6929
3,0.08752374351024628,6930
3,0.08182734251022339,6931
3,0.07514747232198715,6932
3,0.0865832045674324,6933
3,0.07418029755353928,6934
1,0.07293615490198135,6935
2,0.0746513083577156,6936
1,0.05871398374438286,6937
3,0.09241701662540436,6938
3,0.09559015929698944,6939
3,0.09842707961797714,6940
3,0.09285973757505417,6941
3,0.08362496644258499,6942
3,0.09515615552663803,6943
3,0.09492775797843933,6944
3,0.09132341295480728,6945
3,0.08160656690597534,6946
3,0.08524579554796219,6947
3,0.07676582038402557,6948
3,0.08405674248933792,6949
3,0.09485895186662674,6950
3,0.09474505484104156,6951
3,0.08650027215480804,6952
3,0.0862642228603363,6953
3,0.09766856580972672,6954
3,0.0971808061003685,6955
3,0.08770759403705597,6956
3,0.09394407272338867,6957
3,0.09593816101551056,6958
4,0.09269142895936966,6959
3,0.09580674022436142,6960
3,0.09545469284057617,6961
3,0.08838754892349243,6962
3,0.08912007510662079,6963
3,0.09164918959140778,6964
3,0.09198346734046936,6965
3,0.09546447545289993,6966
3,0.0808100700378418,6967
3,0.08010657131671906,6968
3,0.08278527855873108,6969
3,0.0852009654045105,6970
3,0.08359400182962418,6971
3,0.08476921916007996,6972
3,0.0844590812921524,6973
3,0.08266317844390869,6974
3,0.07796362787485123,6975
1,0.05770653486251831,6976
3,0.09123779088258743,6977
3,0.0844370424747467,6978
3,0.08257865160703659,6979
3,0.09237073361873627,6980
1,0.0,6981
3,0.09219293296337128,6982
3,0.08880086988210678,6983
3,0.09143026173114777,6984
3,0.08814021944999695,6985
3,0.07360265403985977,6986
3,0.07244385778903961,6987
3,0.08820339292287827,6988
3,0.08816847950220108,6989
3,0.08513607084751129,6990
3,0.08758625388145447,6991
3,0.07652252167463303,6992
3,0.07629209011793137,6993
3,0.08396264910697937,6994
3,0.09170980006456375,6995
3,0.0903383269906044,6996
3,0.09253232181072235,6997
3,0.09177829325199127,6998
3,0.07564294338226318,6999
3,0.08721421658992767,7000
3,0.08634943515062332,7001
3,0.08549749106168747,7002
3,0.08682656288146973,7003
3,0.08517269790172577,7004
3,0.08426906168460846,7005
1,0.016107676550745964,7006
3,0.08282655477523804,7007
3,0.0931207686662674,7008
3,0.08074024319648743,7009
3,0.09061249345541,7010
3,0.09121266007423401,7011
3,0.08957180380821228,7012
3,0.09097041189670563,7013
3,0.08184465020895004,7014
3,0.08086884766817093,7015
3,0.0840301662683487,7016
3,0.090889111161232,7017
3,0.0923675149679184,7018
3,0.08168775588274002,7019
3,0.08550544083118439,7020
3,0.08496926724910736,7021
3,0.09193165600299835,7022
3,0.08868995308876038,7023
3,0.08992117643356323,7024
3,0.08491221815347672,7025
3,0.09021218866109848,7026
3,0.08750252425670624,7027
3,0.0832001268863678,7028
3,0.08438441157341003,7029
3,0.08330496400594711,7030
3,0.0919283926486969,7031
3,0.08456742018461227,7032
3,0.09261738508939743,7033
3,0.07837820798158646,7034
3,0.09244155883789062,7035
3,0.08523955941200256,7036
3,0.07929660379886627,7037
3,0.07852862030267715,7038
3,0.07272852212190628,7039
3,0.07924285531044006,7040
3,0.0772552415728569,7041
3,0.08274688571691513,7042
3,0.08894971013069153,7043
3,0.07876753807067871,7044
3,0.08678805828094482,7045
3,0.09014583379030228,7046
2,0.09236592799425125,7047
3,0.09059421718120575,7048
3,0.08831491321325302,7049
3,0.09002412855625153,7050
4,0.09243620187044144,7051
1,0.08079581707715988,7052
3,0.08886794000864029,7053
3,0.09233696758747101,7054
3,0.0815318375825882,7055
3,0.08186719566583633,7056
3,0.0838516429066658,7057
1,0.07623374462127686,7058
3,0.07779280096292496,7059
1,0.080287866294384,7060
3,0.08282730728387833,7061
3,0.08717183768749237,7062
3,0.09083874523639679,7063
1,0.06382261961698532,7064
3,0.07951441407203674,7065
3,0.07675408571958542,7066
3,0.09028839319944382,7067
2,0.07727768272161484,7068
3,0.08366856724023819,7069
3,0.07781150192022324,7070
3,0.0826302096247673,7071
3,0.08464395999908447,7072
3,0.08825485408306122,7073
3,0.07744516432285309,7074
1,0.08506062626838684,7075
3,0.07710327953100204,7076
3,0.09010329097509384,7077
3,0.08970309793949127,7078
3,0.07645905762910843,7079
1,0.07049766182899475,7080
3,0.0827237144112587,7081
3,0.07853798568248749,7082
3,0.08211302012205124,7083
3,0.08035605400800705,7084
3,0.08208947628736496,7085
3,0.08930470049381256,7086
3,0.08908446133136749,7087
3,0.08846017718315125,7088
3,0.08422832190990448,7089
3,0.08874677121639252,7090
3,0.08526763319969177,7091
3,0.07607100903987885,7092
1,0.08139985799789429,7093
3,0.0879499614238739,7094
3,0.08188601583242416,7095
3,0.08746146410703659,7096
3,0.07934178411960602,7097
3,0.08735517412424088,7098
3,0.08650552481412888,7099
3,0.0865248367190361,7100
3,0.08516745269298553,7101
1,0.08252871036529541,7102
3,0.07464569807052612,7103
3,0.08343842625617981,7104
3,0.07665611803531647,7105
3,0.08323022723197937,7106
1,0.07423819601535797,7107
3,0.08491725474596024,7108
3,0.08334244042634964,7109
3,0.07979068160057068,7110
3,0.08546978235244751,7111
3,0.08460897952318192,7112
3,0.08623270690441132,7113
1,0.07423564046621323,7114
3,0.08466850966215134,7115
3,0.08393069356679916,7116
1,0.07961369305849075,7117
1,0.052947867661714554,7118
3,0.08445072174072266,7119
3,0.08222465217113495,7120
3,0.08441435545682907,7121
3,0.08358021825551987,7122
3,0.08427756279706955,7123
3,0.08536052703857422,7124
3,0.08321400731801987,7125
3,0.07497537136077881,7126
1,0.06950176507234573,7127
1,0.06927631795406342,7128
3,0.08229783177375793,7129
3,0.08518025279045105,7130
3,0.08286736160516739,7131
3,0.07155025750398636,7132
2,0.07159449905157089,7133
3,0.08499489724636078,7134
3,0.07178059965372086,7135
3,0.0822945237159729,7136
3,0.08101476728916168,7137
3,0.0805586650967598,7138
3,0.0804479569196701,7139
3,0.08448190242052078,7140
3,0.07951804250478745,7141
3,0.07261709123849869,7142
3,0.08064866065979004,7143
3,0.08118054270744324,7144
3,0.07868001610040665,7145
3,0.0783216655254364,7146
3,0.0777905061841011,7147
3,0.08102152496576309,7148
3,0.07961831241846085,7149
3,0.0795586034655571,7150
3,0.07928811013698578,7151
3,0.07875177264213562,7152
3,0.07451284676790237,7153
2,0.07941433042287827,7154
3,0.08229187875986099,7155
3,0.0792708620429039,7156
3,0.08131644874811172,7157
3,0.07506124675273895,7158
1,0.07578802853822708,7159
3,0.08003497868776321,7160
3,0.08088387548923492,7161
3,0.08297177404165268,7162
3,0.07852499186992645,7163
3,0.08125128597021103,7164
3,0.07780402898788452,7165
3,0.08238775283098221,7166
3,0.08033818751573563,7167
3,0.07897675782442093,7168
3,0.07247455418109894,7169
3,0.07761672139167786,7170
3,0.07957790046930313,7171
1,0.08012853562831879,7172
3,0.07749441266059875,7173
3,0.0789669007062912,7174
3,0.08142448216676712,7175
3,0.07722263038158417,7176
3,0.0767102837562561,7177
3,0.07852758467197418,7178
1,0.07484778761863708,7179
3,0.07604675740003586,7180
3,0.08068855106830597,7181
3,0.07671936601400375,7182
3,0.0754074826836586,7183
3,0.07653838396072388,7184
3,0.077131487429142,7185
3,0.07639797776937485,7186
3,0.07633592933416367,7187
3,0.07636764645576477,7188
3,0.07710123062133789,7189
3,0.07611360400915146,7190
3,0.07629265636205673,7191
1,0.06777685135602951,7192
3,0.07965771853923798,7193
3,0.08017144352197647,7194
3,0.07521054148674011,7195
3,0.07959198206663132,7196
3,0.07494541257619858,7197
3,0.07332329452037811,7198
3,0.07396268844604492,7199
3,0.07405837625265121,7200
3,0.07449628412723541,7201
3,0.07535941898822784,7202
3,0.07380709797143936,7203
1,0.06718524545431137,7204
3,0.07551243156194687,7205
1,0.06609974056482315,7206
3,0.0733625665307045,7207
3,0.07299487292766571,7208
3,0.07303448021411896,7209
3,0.07282955199480057,7210
3,0.06876596063375473,7211
1,0.06867557018995285,7212
1,0.06522965431213379,7213
3,0.07308603078126907,7214
3,0.07119611650705338,7215
3,0.07234759628772736,7216
3,0.07737558335065842,7217
3,0.07272526621818542,7218
3,0.0714106336236,7219
2,0.07120545953512192,7220
3,0.07569164037704468,7221
3,0.0720101073384285,7222
3,0.07103796303272247,7223
3,0.07003200799226761,7224
3,0.07209786027669907,7225
3,0.07073695957660675,7226
3,0.07154469192028046,7227
3,0.07582033425569534,7228
3,0.06916532665491104,7229
3,0.07451071590185165,7230
1,0.06454525142908096,7231
3,0.07082134485244751,7232
3,0.07423423230648041,7233
1,0.06212277337908745,7234
3,0.07483519613742828,7235
1,0.0703391507267952,7236
3,0.07438197731971741,7237
3,0.07236995548009872,7238
3,0.06875226646661758,7239
3,0.0741453543305397,7240
3,0.07413288950920105,7241
3,0.06930683553218842,7242
3,0.07364829629659653,7243
3,0.07246794551610947,7244
3,0.07266967743635178,7245
3,0.0734776109457016,7246
3,0.0674000009894371,7247
3,0.07182899862527847,7248
3,0.07313624769449234,7249
3,0.0672200545668602,7250
3,0.07286353409290314,7251
3,0.071962870657444,7252
3,0.07238255441188812,7253
3,0.07240337878465652,7254
3,0.07350839674472809,7255
3,0.06822530180215836,7256
3,0.07213713228702545,7257
1,0.06665333360433578,7258
1,0.06653175503015518,7259
3,0.07281844317913055,7260
3,0.0716056302189827,7261
1,0.06876377761363983,7262
3,0.07053183764219284,7263
3,0.0684991106390953,7264
3,0.07189537584781647,7265
1,0.05973396450281143,7266
3,0.06765137612819672,7267
1,0.06816264241933823,7268
1,0.05096879228949547,7269
1,0.0629996508359909,7270
3,0.06832177937030792,7271
3,0.07007065415382385,7272
3,0.06950519979000092,7273
1,0.06818458437919617,7274
3,0.06858599931001663,7275
3,0.06753106415271759,7276
3,0.05074669048190117,7277
1,0.049783095717430115,7278
1,0.06711505353450775,7279
1,0.06768908351659775,7280
1,0.058206770569086075,7281
113,65535.0,7282
