node_Degree,node_Accessibility,node_ID
1,0.05214831605553627,1
1,0.044192757457494736,2
1,0.05355336144566536,3
3,0.0542416088283062,4
1,0.03566030040383339,5
1,0.05520030856132507,6
1,0.05109903961420059,7
3,0.05575643852353096,8
3,0.05519971624016762,9
3,0.052029721438884735,10
1,0.045563772320747375,11
1,0.05101535841822624,12
3,0.057746004313230515,13
3,0.05896694213151932,14
3,0.05931048095226288,15
1,0.05337466299533844,16
1,0.052526216953992844,17
1,0.04535917937755585,18
1,0.05481407791376114,19
1,0.03930714726448059,20
1,0.05773581191897392,21
3,0.05979181453585625,22
3,0.05828835442662239,23
1,0.05984128639101982,24
1,0.06138663738965988,25
1,0.055323339998722076,26
1,0.05157187581062317,27
3,0.061141323298215866,28
3,0.06305187195539474,29
3,0.059336017817258835,30
1,0.06193498522043228,31
3,0.05473095923662186,32
3,0.06222337484359741,33
1,0.044287919998168945,34
1,0.04749979078769684,35
3,0.06270282715559006,36
1,0.05309116095304489,37
1,0.060699213296175,38
3,0.06261364370584488,39
3,0.06214554235339165,40
1,0.061274584382772446,41
3,0.0656018853187561,42
3,0.06534706801176071,43
3,0.062032461166381836,44
3,0.0618743896484375,45
3,0.06108760088682175,46
3,0.06563092023134232,47
3,0.06614899635314941,48
3,0.058852944523096085,49
3,0.06579196453094482,50
3,0.0639757364988327,51
3,0.05981173366308212,52
3,0.06200553476810455,53
3,0.06238700821995735,54
1,0.04863959923386574,55
3,0.06321248412132263,56
1,0.06113728508353233,57
1,0.05587753280997276,58
3,0.061079829931259155,59
3,0.06234923005104065,60
3,0.06302151829004288,61
3,0.060803864151239395,62
3,0.06216561421751976,63
3,0.06378288567066193,64
3,0.06498481333255768,65
3,0.060759562999010086,66
3,0.06093289330601692,67
1,0.05870916694402695,68
3,0.06443898379802704,69
3,0.06460066884756088,70
3,0.06325368583202362,71
1,0.051516640931367874,72
3,0.06048957258462906,73
3,0.05830419063568115,74
3,0.06394940614700317,75
3,0.06265226751565933,76
3,0.06488476693630219,77
3,0.06034752354025841,78
3,0.0655067041516304,79
3,0.06598461419343948,80
3,0.0656128078699112,81
3,0.06474252045154572,82
3,0.06677395105361938,83
3,0.06746165454387665,84
3,0.06529363244771957,85
3,0.0678439810872078,86
1,0.06074501946568489,87
3,0.0677628293633461,88
3,0.06759927421808243,89
3,0.06638732552528381,90
1,0.0611579455435276,91
3,0.06691233068704605,92
3,0.06602813303470612,93
1,0.04720347002148628,94
3,0.06697752326726913,95
3,0.0683380588889122,96
3,0.06556881964206696,97
3,0.06867676228284836,98
3,0.0644536018371582,99
3,0.06884625554084778,100
3,0.06783430278301239,101
3,0.06961237639188766,102
1,0.05719191953539848,103
3,0.06811781972646713,104
3,0.07168851792812347,105
3,0.07179971039295197,106
3,0.06376200169324875,107
3,0.06752272695302963,108
3,0.07025175541639328,109
3,0.07046455889940262,110
1,0.0543019101023674,111
1,0.06483391672372818,112
3,0.06455401331186295,113
3,0.06944781541824341,114
3,0.06905773282051086,115
3,0.06436797976493835,116
3,0.06971163302659988,117
3,0.06773734837770462,118
3,0.07048196345567703,119
1,0.05809443071484566,120
3,0.07023149728775024,121
3,0.06330565363168716,122
3,0.07040973752737045,123
3,0.06587044149637222,124
3,0.07356338202953339,125
3,0.06362967938184738,126
3,0.07082546502351761,127
3,0.06427505612373352,128
3,0.0717572569847107,129
3,0.06793432682752609,130
1,0.06648723036050797,131
3,0.07177805155515671,132
3,0.07256120443344116,133
1,0.047117624431848526,134
3,0.0726698562502861,135
3,0.07095175981521606,136
3,0.06790487468242645,137
3,0.0688367411494255,138
3,0.07034847140312195,139
3,0.0684472993016243,140
1,0.06557957082986832,141
3,0.06989626586437225,142
1,0.05571604147553444,143
3,0.06882333010435104,144
3,0.06690344214439392,145
3,0.07125422358512878,146
3,0.05734339728951454,147
3,0.07322362810373306,148
3,0.07213453203439713,149
3,0.0709175392985344,150
3,0.07222358882427216,151
3,0.07279836386442184,152
3,0.07121661305427551,153
3,0.06675446033477783,154
3,0.07120464742183685,155
3,0.07382477074861526,156
3,0.07424353063106537,157
3,0.07044501602649689,158
3,0.07140488177537918,159
3,0.06978144496679306,160
1,0.06618896126747131,161
3,0.07581210136413574,162
3,0.06806904077529907,163
3,0.07273046672344208,164
3,0.07285705208778381,165
3,0.07470634579658508,166
3,0.07141635566949844,167
3,0.07597728073596954,168
4,0.07491552829742432,169
3,0.07349616289138794,170
3,0.0736396387219429,171
3,0.07348672300577164,172
3,0.06796809285879135,173
3,0.0742061510682106,174
3,0.07382886111736298,175
3,0.07399061322212219,176
1,0.07159432768821716,177
3,0.0761570930480957,178
1,0.0687820240855217,179
3,0.07429966330528259,180
3,0.0721558928489685,181
3,0.07179607450962067,182
3,0.0748797282576561,183
3,0.07506811618804932,184
1,0.06462202221155167,185
3,0.0730953961610794,186
3,0.0758470743894577,187
3,0.069193534553051,188
3,0.07641679793596268,189
3,0.0741286501288414,190
3,0.07139527797698975,191
3,0.07268761843442917,192
3,0.07216797769069672,193
3,0.07519613951444626,194
1,0.06393671035766602,195
3,0.07390124350786209,196
3,0.07428138703107834,197
3,0.07141739130020142,198
3,0.06969884783029556,199
3,0.07751183956861496,200
3,0.07155218720436096,201
1,0.04347260296344757,202
1,0.06496547907590866,203
3,0.07304184138774872,204
3,0.07837601751089096,205
3,0.07838448882102966,206
3,0.07245860993862152,207
3,0.0756751149892807,208
3,0.04397757723927498,209
3,0.0786937028169632,210
3,0.07316969335079193,211
1,0.043800897896289825,212
3,0.07252636551856995,213
3,0.07332204282283783,214
3,0.0709083154797554,215
3,0.07372099906206131,216
3,0.07593408226966858,217
3,0.07941429316997528,218
3,0.07511218637228012,219
3,0.07177866995334625,220
3,0.07073710113763809,221
3,0.0750705748796463,222
3,0.07021594047546387,223
3,0.06834803521633148,224
1,0.06612471491098404,225
3,0.07514533400535583,226
2,0.0744321346282959,227
3,0.07554937899112701,228
1,0.07530263811349869,229
3,0.07171674817800522,230
1,0.0717073529958725,231
1,0.05874769762158394,232
3,0.07366733998060226,233
3,0.07373875379562378,234
3,0.07687307149171829,235
3,0.07209623605012894,236
3,0.076877161860466,237
3,0.07715575397014618,238
4,0.07469934225082397,239
3,0.07677456736564636,240
3,0.0792505070567131,241
3,0.0745210275053978,242
3,0.06715403497219086,243
3,0.07663780450820923,244
3,0.07453472167253494,245
3,0.06732736527919769,246
3,0.07673993706703186,247
3,0.07504168897867203,248
3,0.07722076773643494,249
3,0.07566051185131073,250
3,0.07584243267774582,251
3,0.07462511956691742,252
3,0.08130942285060883,253
1,0.05506890267133713,254
3,0.08184676617383957,255
3,0.08200415968894958,256
3,0.0765320360660553,257
3,0.07794351875782013,258
3,0.07242219895124435,259
1,0.060515910387039185,260
3,0.07788210362195969,261
3,0.07953046262264252,262
3,0.07261531054973602,263
3,0.07964874804019928,264
3,0.07869408279657364,265
3,0.07767695933580399,266
3,0.07955076545476913,267
3,0.08183528482913971,268
3,0.07905906438827515,269
3,0.08016711473464966,270
3,0.08061078935861588,271
3,0.07958302646875381,272
3,0.07851303368806839,273
3,0.07675260305404663,274
3,0.0798196941614151,275
3,0.08201957494020462,276
3,0.06994853913784027,277
3,0.08056867867708206,278
3,0.07573907822370529,279
3,0.08315971493721008,280
3,0.06902386993169785,281
3,0.07613267004489899,282
3,0.08340989053249359,283
3,0.07896324247121811,284
3,0.07998182624578476,285
3,0.0761764720082283,286
3,0.07845652848482132,287
3,0.08253419399261475,288
3,0.07885092496871948,289
3,0.07716845721006393,290
3,0.08059363812208176,291
1,0.07528729736804962,292
3,0.0772976204752922,293
3,0.08094850182533264,294
3,0.07394367456436157,295
3,0.07819446176290512,296
3,0.07729209959506989,297
3,0.07554513961076736,298
3,0.07242054492235184,299
1,0.06636033952236176,300
3,0.07477403432130814,301
3,0.08220559358596802,302
3,0.08352970331907272,303
3,0.08023296296596527,304
3,0.08098369836807251,305
3,0.0773996040225029,306
3,0.0717066079378128,307
3,0.08457588404417038,308
3,0.08149702101945877,309
3,0.08129534870386124,310
3,0.07379455864429474,311
3,0.07801447063684464,312
3,0.07639793306589127,313
3,0.08071128278970718,314
3,0.07951974868774414,315
3,0.0821148231625557,316
3,0.0829465314745903,317
3,0.07449769228696823,318
1,0.06413519382476807,319
3,0.08555877208709717,320
1,0.06519907712936401,321
3,0.08081356436014175,322
3,0.0858980342745781,323
3,0.07446830719709396,324
3,0.07588029652833939,325
3,0.07493076473474503,326
1,0.07265302538871765,327
3,0.08435966074466705,328
3,0.08183665573596954,329
3,0.08532124012708664,330
3,0.07385154068470001,331
3,0.08356913924217224,332
3,0.0835922583937645,333
3,0.08263442665338516,334
3,0.08672958612442017,335
4,0.08528988063335419,336
3,0.07986007630825043,337
3,0.08656015247106552,338
3,0.08681751042604446,339
3,0.08604023605585098,340
2,0.0748722031712532,341
1,0.06928510963916779,342
3,0.08169559389352798,343
3,0.08071700483560562,344
3,0.07589590549468994,345
3,0.078400619328022,346
1,0.045331403613090515,347
3,0.0857086330652237,348
3,0.08572269231081009,349
3,0.08177872002124786,350
3,0.08368919044733047,351
3,0.08216779679059982,352
3,0.07829370349645615,353
3,0.08475512266159058,354
3,0.08710736036300659,355
3,0.08210423588752747,356
3,0.0822603702545166,357
3,0.08499220013618469,358
3,0.08511966466903687,359
3,0.07514649629592896,360
3,0.08705303072929382,361
3,0.08237235993146896,362
3,0.08458582311868668,363
3,0.0822317823767662,364
3,0.07968644797801971,365
3,0.08293450623750687,366
3,0.08244946599006653,367
3,0.08630363643169403,368
3,0.0798359140753746,369
3,0.0771244540810585,370
3,0.07734187692403793,371
3,0.08334723860025406,372
3,0.08072947710752487,373
3,0.08456409722566605,374
3,0.08207771927118301,375
3,0.08504139631986618,376
3,0.08950238674879074,377
3,0.07963953912258148,378
3,0.08620193600654602,379
3,0.08894652873277664,380
3,0.08117924630641937,381
3,0.0779002383351326,382
3,0.0857202410697937,383
1,0.07337337732315063,384
3,0.08995496481657028,385
3,0.08285005390644073,386
3,0.08126278966665268,387
3,0.0820309966802597,388
3,0.07728081196546555,389
3,0.08669554442167282,390
1,0.056272171437740326,391
3,0.08633644133806229,392
3,0.08341382443904877,393
3,0.08695691078901291,394
3,0.08910556137561798,395
3,0.08627581596374512,396
3,0.08736102283000946,397
3,0.08761849254369736,398
3,0.07499366998672485,399
3,0.0819212943315506,400
1,0.06580229848623276,401
3,0.09098576009273529,402
3,0.08246243000030518,403
1,0.06967003643512726,404
3,0.08203720301389694,405
3,0.08375295251607895,406
3,0.07121054083108902,407
3,0.08240654319524765,408
3,0.08116866648197174,409
3,0.07980910688638687,410
3,0.07382364571094513,411
3,0.08903278410434723,412
1,0.07507985830307007,413
3,0.0838862881064415,414
3,0.07420643419027328,415
3,0.08498534560203552,416
2,0.07492607086896896,417
3,0.08421749621629715,418
3,0.08387618511915207,419
3,0.08065784722566605,420
3,0.08055518567562103,421
3,0.0843072310090065,422
3,0.08511961251497269,423
3,0.08611753582954407,424
3,0.07570960372686386,425
3,0.08352067321538925,426
3,0.08447446674108505,427
3,0.08391539752483368,428
3,0.0866864025592804,429
3,0.0764772817492485,430
3,0.08293271064758301,431
3,0.076343834400177,432
3,0.09069781005382538,433
1,0.0720750018954277,434
3,0.08494879305362701,435
1,0.08035918325185776,436
3,0.0856444388628006,437
3,0.09318599104881287,438
3,0.08063708990812302,439
3,0.09250444173812866,440
3,0.08584192395210266,441
3,0.09004350006580353,442
3,0.09342842549085617,443
3,0.08733303099870682,444
3,0.08340739458799362,445
1,0.06467264890670776,446
3,0.08615119755268097,447
3,0.08962821960449219,448
3,0.08381214737892151,449
3,0.09288476407527924,450
3,0.0898025780916214,451
3,0.08241923153400421,452
3,0.08702939003705978,453
3,0.08900835365056992,454
3,0.08780913054943085,455
3,0.08478879928588867,456
3,0.08298131078481674,457
3,0.08761051297187805,458
3,0.08592899143695831,459
1,0.0684298500418663,460
3,0.09205594658851624,461
3,0.07962282001972198,462
3,0.09135330468416214,463
3,0.09038157016038895,464
3,0.08493641763925552,465
3,0.08732956647872925,466
3,0.08513584733009338,467
1,0.0652780532836914,468
3,0.08422466367483139,469
3,0.08643123507499695,470
3,0.09078004211187363,471
3,0.08806345611810684,472
3,0.09375334531068802,473
3,0.07895206660032272,474
3,0.07668551057577133,475
3,0.07907302677631378,476
3,0.08792112022638321,477
2,0.0771038606762886,478
3,0.08801538497209549,479
1,0.06568747013807297,480
3,0.08701082319021225,481
3,0.0942981168627739,482
3,0.09553492069244385,483
3,0.08450191468000412,484
3,0.08332454413175583,485
3,0.08742713928222656,486
3,0.09470099210739136,487
3,0.08977218717336655,488
3,0.09624598920345306,489
3,0.09283901751041412,490
3,0.0959315150976181,491
3,0.07401205599308014,492
3,0.08851680159568787,493
3,0.08899287134408951,494
3,0.0895833671092987,495
3,0.088376484811306,496
3,0.08570370078086853,497
3,0.09022718667984009,498
3,0.08925413340330124,499
3,0.08483216911554337,500
3,0.08912258595228195,501
3,0.0864790603518486,502
3,0.09058941900730133,503
3,0.09088345617055893,504
3,0.0971718430519104,505
3,0.08571816235780716,506
1,0.08100184053182602,507
1,0.07578637450933456,508
3,0.07510039210319519,509
3,0.0748298168182373,510
2,0.07695308327674866,511
3,0.09047775715589523,512
3,0.08098295331001282,513
3,0.07701198011636734,514
3,0.09202414751052856,515
3,0.07715354114770889,516
3,0.07625268399715424,517
3,0.09374871850013733,518
3,0.0871547982096672,519
3,0.08180566132068634,520
1,0.06849157065153122,521
3,0.09173209965229034,522
3,0.0913076102733612,523
3,0.0931149497628212,524
3,0.08926871418952942,525
3,0.0860157310962677,526
3,0.06888854503631592,527
1,0.0730346292257309,528
3,0.09232603758573532,529
3,0.06967253237962723,530
3,0.09455470740795135,531
3,0.09377699345350266,532
3,0.09155327826738358,533
2,0.06908399611711502,534
3,0.09393829852342606,535
3,0.09367422014474869,536
3,0.09551750123500824,537
3,0.09381815791130066,538
3,0.0911630317568779,539
3,0.09044299274682999,540
3,0.07767236232757568,541
3,0.0701160728931427,542
1,0.07446111738681793,543
3,0.0950905978679657,544
3,0.09478762000799179,545
1,0.07272779941558838,546
1,0.055434826761484146,547
3,0.08929478377103806,548
3,0.08465369045734406,549
3,0.09795861691236496,550
3,0.09189510345458984,551
3,0.08312691748142242,552
3,0.09762346744537354,553
3,0.079986073076725,554
3,0.09382037073373795,555
3,0.09010220319032669,556
3,0.09858804196119308,557
3,0.09239097684621811,558
3,0.09048807621002197,559
3,0.09424302726984024,560
3,0.09400282800197601,561
1,0.07884581387042999,562
3,0.09542103111743927,563
3,0.08281316608190536,564
3,0.09430620819330215,565
3,0.09169940650463104,566
1,0.047382719814777374,567
3,0.09060153365135193,568
3,0.07953689247369766,569
3,0.08962439745664597,570
3,0.08947744965553284,571
3,0.08964858204126358,572
3,0.09153000265359879,573
3,0.09414581209421158,574
1,0.06752979010343552,575
3,0.09168410301208496,576
3,0.09689845889806747,577
1,0.06964077800512314,578
3,0.09369964897632599,579
3,0.06984152644872665,580
1,0.040120165795087814,581
3,0.09401022642850876,582
3,0.09397617727518082,583
3,0.0946672111749649,584
2,0.05819639936089516,585
1,0.06972584873437881,586
3,0.09795776754617691,587
3,0.0926666110754013,588
3,0.08190017938613892,589
3,0.0930984765291214,590
3,0.0617653913795948,591
1,0.07930967956781387,592
3,0.06330326199531555,593
3,0.09159334003925323,594
3,0.09810611605644226,595
2,0.059180207550525665,596
3,0.10076669603586197,597
3,0.10079468786716461,598
3,0.09932450205087662,599
1,0.07106837630271912,600
3,0.0987326055765152,601
3,0.07957543432712555,602
1,0.04663792625069618,603
1,0.08029984682798386,604
3,0.09978572279214859,605
2,0.08033064752817154,606
3,0.09405182301998138,607
3,0.07634518295526505,608
3,0.08114907145500183,609
1,0.08510129898786545,610
3,0.09141584485769272,611
3,0.09664861112833023,612
3,0.09507008641958237,613
3,0.0965113639831543,614
3,0.08815749734640121,615
3,0.10077565908432007,616
3,0.09952257573604584,617
3,0.08370812237262726,618
1,0.07619960606098175,619
1,0.08187112957239151,620
1,0.08658439666032791,621
3,0.08621970564126968,622
3,0.08134789019823074,623
3,0.09855423867702484,624
3,0.09736964106559753,625
3,0.09614552557468414,626
3,0.09709377586841583,627
3,0.09349924325942993,628
3,0.10104241222143173,629
3,0.09877201169729233,630
3,0.08570936322212219,631
1,0.08212538063526154,632
3,0.09898453950881958,633
3,0.10137620568275452,634
1,0.06412237137556076,635
3,0.09435900300741196,636
3,0.09405983984470367,637
3,0.08843699097633362,638
3,0.09623044729232788,639
3,0.08922848850488663,640
3,0.1018434688448906,641
2,0.08930768817663193,642
3,0.09523957967758179,643
3,0.09656889736652374,644
3,0.09842507541179657,645
3,0.09664423763751984,646
3,0.08960132300853729,647
3,0.08471696823835373,648
3,0.07302221655845642,649
3,0.09663059562444687,650
3,0.10242399573326111,651
3,0.0953388437628746,652
3,0.09265384823083878,653
1,0.05936335399746895,654
3,0.09952981770038605,655
3,0.08112749457359314,656
3,0.09582290798425674,657
3,0.10347535461187363,658
3,0.10133843123912811,659
3,0.1030738428235054,660
3,0.09815796464681625,661
3,0.07408454269170761,662
3,0.10051537305116653,663
3,0.09028325229883194,664
3,0.10369260609149933,665
1,0.06413137912750244,666
3,0.09369056671857834,667
3,0.10340835154056549,668
3,0.09816702455282211,669
3,0.10237476974725723,670
3,0.10396683216094971,671
1,0.07194642722606659,672
3,0.10547077655792236,673
3,0.10390739142894745,674
1,0.08465810120105743,675
1,0.08295433968305588,676
3,0.09803441166877747,677
3,0.09588691592216492,678
3,0.08703301846981049,679
3,0.10634773224592209,680
3,0.10453721135854721,681
3,0.09932098537683487,682
3,0.10653794556856155,683
1,0.07806689292192459,684
3,0.08888347446918488,685
1,0.0841718316078186,686
3,0.10126443207263947,687
3,0.1009284034371376,688
3,0.09147023409605026,689
3,0.0915839746594429,690
3,0.09171172976493835,691
3,0.0939054861664772,692
3,0.0942428857088089,693
3,0.09552755951881409,694
3,0.09758622944355011,695
3,0.09173902869224548,696
3,0.09377452731132507,697
3,0.08094466477632523,698
3,0.09807248413562775,699
3,0.10033594071865082,700
3,0.08977856487035751,701
3,0.10542468726634979,702
3,0.10066129267215729,703
3,0.10470329970121384,704
3,0.09229213744401932,705
3,0.08762089908123016,706
3,0.08709636330604553,707
3,0.09889357537031174,708
3,0.106216661632061,709
3,0.10549034178256989,710
3,0.09834980219602585,711
1,0.0791526511311531,712
1,0.09412750601768494,713
3,0.10160784423351288,714
3,0.10148316621780396,715
3,0.09887716919183731,716
3,0.08593463152647018,717
3,0.09944786131381989,718
3,0.10300519317388535,719
3,0.09065057337284088,720
3,0.09868833422660828,721
3,0.09671517461538315,722
3,0.09819567948579788,723
1,0.07980391383171082,724
3,0.09856843203306198,725
3,0.10571300983428955,726
3,0.0949263945221901,727
3,0.10763178765773773,728
3,0.08513505011796951,729
3,0.08827058225870132,730
3,0.10680416226387024,731
3,0.10690602660179138,732
3,0.10020215064287186,733
3,0.10717795789241791,734
3,0.10826530307531357,735
3,0.10685142874717712,736
3,0.10288486629724503,737
3,0.10404504835605621,738
3,0.10294456779956818,739
3,0.10171033442020416,740
3,0.10409486293792725,741
1,0.07226768136024475,742
3,0.10420580208301544,743
3,0.104366235435009,744
3,0.10096550732851028,745
3,0.08905860781669617,746
3,0.09793254733085632,747
3,0.10448384284973145,748
3,0.10235228389501572,749
3,0.10548020899295807,750
3,0.0840563103556633,751
3,0.09739595651626587,752
3,0.09996675699949265,753
3,0.10106214135885239,754
3,0.0842684954404831,755
3,0.09815182536840439,756
3,0.10476513206958771,757
3,0.10524652898311615,758
3,0.10646094381809235,759
3,0.10705767571926117,760
3,0.08183829486370087,761
1,0.07919938117265701,762
3,0.1088145300745964,763
3,0.10262493044137955,764
3,0.0742902159690857,765
3,0.10769340395927429,766
3,0.10772746056318283,767
3,0.10839184373617172,768
3,0.1018882766366005,769
3,0.103955939412117,770
3,0.08678058534860611,771
3,0.1075938269495964,772
3,0.10061068087816238,773
3,0.10775087028741837,774
3,0.11034666001796722,775
3,0.10313516855239868,776
3,0.08087602257728577,777
3,0.07709085941314697,778
3,0.09067292511463165,779
3,0.07579809427261353,780
3,0.10904071480035782,781
3,0.1088300496339798,782
3,0.11062176525592804,783
3,0.08430428802967072,784
3,0.11034343391656876,785
3,0.1098170280456543,786
1,0.07145094126462936,787
3,0.0991847887635231,788
3,0.1082439050078392,789
3,0.10121964663267136,790
3,0.09537038207054138,791
3,0.10608336329460144,792
3,0.09953943639993668,793
3,0.11156706511974335,794
3,0.08006003499031067,795
3,0.08815552294254303,796
3,0.11067093163728714,797
3,0.10711792856454849,798
3,0.09447699040174484,799
3,0.1058981642127037,800
3,0.09298478811979294,801
1,0.07222376018762589,802
3,0.10985521227121353,803
2,0.10343889147043228,804
3,0.09205564856529236,805
3,0.0901952013373375,806
3,0.09615316987037659,807
3,0.1078672781586647,808
3,0.10859884321689606,809
3,0.10594678670167923,810
3,0.10814210027456284,811
3,0.11239956319332123,812
3,0.09657490253448486,813
3,0.10852208733558655,814
1,0.09131466597318649,815
3,0.09438198804855347,816
3,0.09508082270622253,817
1,0.09105519205331802,818
3,0.11141640692949295,819
3,0.11212906986474991,820
3,0.10844974964857101,821
3,0.10711497068405151,822
3,0.0937776044011116,823
1,0.06714789569377899,824
3,0.10836020112037659,825
3,0.10649027675390244,826
1,0.08882416784763336,827
3,0.11230066418647766,828
3,0.11118176579475403,829
3,0.11256512254476547,830
3,0.08670452982187271,831
3,0.10726994276046753,832
3,0.10757344216108322,833
3,0.09334452450275421,834
3,0.10938984900712967,835
3,0.10942424833774567,836
3,0.09301785379648209,837
1,0.041162341833114624,838
3,0.11278486251831055,839
3,0.10994406044483185,840
3,0.11017157137393951,841
3,0.0944785550236702,842
3,0.08715294301509857,843
3,0.11074480414390564,844
3,0.11060924828052521,845
3,0.10634199529886246,846
3,0.10769890248775482,847
1,0.07258141785860062,848
3,0.11043743044137955,849
3,0.09682689607143402,850
3,0.10986611992120743,851
3,0.10639672726392746,852
3,0.10846363753080368,853
3,0.09395809471607208,854
3,0.0879530981183052,855
3,0.08322016149759293,856
3,0.09436958283185959,857
3,0.10334808379411697,858
3,0.11149493604898453,859
3,0.10889258235692978,860
3,0.08738302439451218,861
3,0.11267443746328354,862
3,0.11408836394548416,863
3,0.1121194064617157,864
3,0.09289111196994781,865
3,0.10290505737066269,866
3,0.11120215058326721,867
3,0.1096009910106659,868
3,0.11102718114852905,869
3,0.10613781213760376,870
3,0.09207653999328613,871
3,0.11447657644748688,872
3,0.11123552173376083,873
3,0.09947672486305237,874
1,0.07273904234170914,875
3,0.08722139149904251,876
3,0.09968283772468567,877
1,0.1011299416422844,878
3,0.10933082550764084,879
3,0.11054631322622299,880
3,0.11282222718000412,881
3,0.11070803552865982,882
3,0.11181903630495071,883
3,0.10951942950487137,884
3,0.11039841920137405,885
1,0.10335350781679153,886
3,0.10485207289457321,887
3,0.11141684651374817,888
3,0.11243981868028641,889
3,0.11103903502225876,890
3,0.1097472682595253,891
3,0.10608327388763428,892
1,0.0929829329252243,893
3,0.08210839331150055,894
3,0.11488771438598633,895
3,0.11556801944971085,896
3,0.11371953785419464,897
3,0.11195498704910278,898
3,0.10931431502103806,899
3,0.09817611426115036,900
3,0.10076633840799332,901
1,0.0804675817489624,902
1,0.0858263447880745,903
3,0.11057336628437042,904
3,0.11173322796821594,905
3,0.11153540015220642,906
3,0.08087848126888275,907
3,0.0855727270245552,908
3,0.10606956481933594,909
3,0.10632830858230591,910
1,0.10335858911275864,911
3,0.11216849833726883,912
3,0.11230963468551636,913
3,0.09629052877426147,914
3,0.08528495579957962,915
3,0.09265422075986862,916
3,0.10650945454835892,917
3,0.07991711050271988,918
3,0.08827641606330872,919
1,0.09950864315032959,920
3,0.10771641880273819,921
3,0.11300623416900635,922
3,0.11274438351392746,923
3,0.10785050690174103,924
1,0.07715530693531036,925
1,0.08058707416057587,926
3,0.0969548299908638,927
3,0.11290217190980911,928
3,0.11244182288646698,929
3,0.0809667780995369,930
3,0.11590993404388428,931
3,0.11251751333475113,932
3,0.11140334606170654,933
3,0.08365985751152039,934
3,0.08640970289707184,935
3,0.11370085179805756,936
3,0.1169152557849884,937
3,0.10877999663352966,938
3,0.09127689152956009,939
3,0.08048143982887268,940
3,0.08617885410785675,941
3,0.1088862419128418,942
3,0.09994529187679291,943
3,0.08202031254768372,944
3,0.10693236440420151,945
3,0.09793873876333237,946
3,0.09750539809465408,947
1,0.06345947831869125,948
3,0.11733733117580414,949
3,0.07646292448043823,950
3,0.1164831817150116,951
3,0.1134646087884903,952
3,0.09379509836435318,953
3,0.10980863869190216,954
3,0.11486368626356125,955
3,0.10955798625946045,956
3,0.11268110573291779,957
3,0.10603975504636765,958
3,0.08229184150695801,959
3,0.09437710791826248,960
3,0.11521891504526138,961
3,0.10777530074119568,962
3,0.11528990417718887,963
3,0.11607455462217331,964
3,0.07712426036596298,965
3,0.08481623232364655,966
3,0.08750781416893005,967
1,0.07138734310865402,968
3,0.11705166846513748,969
3,0.11750471591949463,970
3,0.09853822737932205,971
3,0.08755679428577423,972
1,0.08584161102771759,973
3,0.11897723376750946,974
3,0.11308026313781738,975
3,0.11306378990411758,976
3,0.07573395222425461,977
1,0.09960596263408661,978
3,0.11163973808288574,979
3,0.11553090810775757,980
3,0.11674942821264267,981
3,0.10182856768369675,982
1,0.050137344747781754,983
3,0.08824866265058517,984
3,0.0992625281214714,985
3,0.1159842312335968,986
3,0.11719559133052826,987
3,0.0958825871348381,988
3,0.11571937799453735,989
3,0.10392540693283081,990
3,0.07772855460643768,991
3,0.11111210286617279,992
3,0.11392400413751602,993
3,0.08804836124181747,994
3,0.11511857807636261,995
3,0.10337255150079727,996
3,0.1153336837887764,997
3,0.11790597438812256,998
3,0.11680861562490463,999
3,0.11243683099746704,1000
3,0.10247095674276352,1001
3,0.09051048010587692,1002
3,0.09648312628269196,1003
3,0.11982929706573486,1004
3,0.12085677683353424,1005
3,0.10453299432992935,1006
3,0.07631993293762207,1007
3,0.08917293697595596,1008
3,0.09723401814699173,1009
3,0.1198517382144928,1010
3,0.11335767060518265,1011
3,0.08618120104074478,1012
3,0.08875805884599686,1013
3,0.0973844975233078,1014
3,0.11870481073856354,1015
3,0.1185801699757576,1016
3,0.11883482336997986,1017
3,0.11305996775627136,1018
3,0.11665572971105576,1019
3,0.08409595489501953,1020
3,0.11490856111049652,1021
3,0.1161683201789856,1022
3,0.07590493559837341,1023
3,0.11922816932201385,1024
3,0.1165647804737091,1025
3,0.1199878677725792,1026
3,0.11903167515993118,1027
3,0.11654286086559296,1028
3,0.11410889774560928,1029
3,0.0995241329073906,1030
3,0.08406291902065277,1031
1,0.07683750241994858,1032
3,0.11297667771577835,1033
3,0.1202724501490593,1034
3,0.11541805416345596,1035
3,0.11643631756305695,1036
3,0.11934157460927963,1037
3,0.12095370888710022,1038
3,0.07458528131246567,1039
1,0.07404205203056335,1040
4,0.0899612233042717,1041
3,0.11310746520757675,1042
3,0.1196182370185852,1043
3,0.12215520441532135,1044
3,0.10184258222579956,1045
3,0.12040411680936813,1046
3,0.11492067575454712,1047
3,0.09225349128246307,1048
3,0.12091951072216034,1049
3,0.12068188190460205,1050
3,0.07969706505537033,1051
3,0.12233953922986984,1052
1,0.07471101731061935,1053
3,0.1225791946053505,1054
3,0.12063270062208176,1055
3,0.11844489723443985,1056
3,0.11861821264028549,1057
3,0.09899257123470306,1058
3,0.1108953207731247,1059
3,0.11657203733921051,1060
3,0.09846807271242142,1061
1,0.06767314672470093,1062
3,0.0997835174202919,1063
3,0.11919000744819641,1064
4,0.10650607943534851,1065
3,0.09257947653532028,1066
3,0.09916914999485016,1067
3,0.09931265562772751,1068
3,0.12334772199392319,1069
3,0.11874199658632278,1070
3,0.12246517837047577,1071
3,0.08881469815969467,1072
3,0.12374456971883774,1073
1,0.08207174390554428,1074
1,0.038207292556762695,1075
3,0.1193450391292572,1076
1,0.08920609951019287,1077
3,0.1011810377240181,1078
3,0.10201513022184372,1079
3,0.07575279474258423,1080
3,0.08224418014287949,1081
1,0.09324121475219727,1082
1,0.08344626426696777,1083
3,0.10320988297462463,1084
3,0.10899242013692856,1085
3,0.09612426906824112,1086
3,0.10305079072713852,1087
3,0.1217893660068512,1088
3,0.1197056770324707,1089
3,0.07655241340398788,1090
3,0.08935118466615677,1091
3,0.12039795517921448,1092
3,0.12114138901233673,1093
3,0.12310803681612015,1094
4,0.1237093135714531,1095
3,0.11727656424045563,1096
3,0.12012673169374466,1097
3,0.0817677304148674,1098
3,0.11669979244470596,1099
3,0.12536035478115082,1100
3,0.08600711822509766,1101
3,0.1016824021935463,1102
3,0.11988259106874466,1103
3,0.10603976249694824,1104
3,0.11522845178842545,1105
3,0.07930827140808105,1106
3,0.09401775896549225,1107
3,0.12664850056171417,1108
3,0.11797751486301422,1109
3,0.12094412744045258,1110
3,0.10678088665008545,1111
3,0.12323114275932312,1112
3,0.12190631777048111,1113
3,0.08364654332399368,1114
3,0.1255825310945511,1115
3,0.1048026755452156,1116
3,0.08326634764671326,1117
3,0.09154481440782547,1118
3,0.11628101021051407,1119
3,0.11475987732410431,1120
3,0.1094287782907486,1121
3,0.12202107161283493,1122
3,0.10021510720252991,1123
3,0.10548429191112518,1124
3,0.08099278807640076,1125
3,0.11410962045192719,1126
3,0.11682707071304321,1127
3,0.12628597021102905,1128
3,0.11998576670885086,1129
3,0.11428972333669662,1130
4,0.08232139050960541,1131
3,0.12664896249771118,1132
3,0.10073274374008179,1133
3,0.11916883289813995,1134
3,0.12191852182149887,1135
3,0.10974453389644623,1136
3,0.12271177023649216,1137
3,0.10230409353971481,1138
3,0.12651526927947998,1139
3,0.12834922969341278,1140
3,0.11937358230352402,1141
3,0.12353325635194778,1142
3,0.12324433773756027,1143
3,0.08790653198957443,1144
3,0.08126983791589737,1145
3,0.09594769030809402,1146
3,0.1306445151567459,1147
3,0.1303880661725998,1148
3,0.12332887202501297,1149
3,0.10518031567335129,1150
3,0.12550997734069824,1151
3,0.10648108273744583,1152
3,0.10530127584934235,1153
3,0.12421976029872894,1154
3,0.11194412410259247,1155
3,0.11299344152212143,1156
3,0.12013940513134003,1157
1,0.10107525438070297,1158
3,0.09380370378494263,1159
3,0.1159401684999466,1160
3,0.1289353370666504,1161
3,0.09495134651660919,1162
3,0.10575549304485321,1163
3,0.10891954600811005,1164
3,0.12928646802902222,1165
3,0.1257256418466568,1166
3,0.12594746053218842,1167
3,0.08659091591835022,1168
3,0.09281241148710251,1169
3,0.09379313141107559,1170
3,0.09583505243062973,1171
3,0.09656145423650742,1172
3,0.10742795467376709,1173
1,0.06445935368537903,1174
3,0.09569310396909714,1175
3,0.1252385377883911,1176
3,0.13229674100875854,1177
3,0.12520934641361237,1178
3,0.1258353888988495,1179
3,0.09409145265817642,1180
3,0.07932019978761673,1181
3,0.07907435297966003,1182
3,0.11449533700942993,1183
3,0.12156610935926437,1184
3,0.12399858981370926,1185
3,0.09792157262563705,1186
3,0.10545290261507034,1187
1,0.0773061215877533,1188
3,0.12743696570396423,1189
2,0.1263401210308075,1190
3,0.13338232040405273,1191
3,0.10596133768558502,1192
3,0.09935604780912399,1193
3,0.0917513370513916,1194
3,0.12562347948551178,1195
3,0.10875074565410614,1196
3,0.11474013328552246,1197
3,0.1274806261062622,1198
3,0.13168783485889435,1199
3,0.10238425433635712,1200
3,0.12828129529953003,1201
3,0.12966717779636383,1202
3,0.11248349398374557,1203
3,0.10167186707258224,1204
3,0.13103510439395905,1205
3,0.12780550122261047,1206
3,0.12851989269256592,1207
3,0.11105416715145111,1208
3,0.08504989743232727,1209
3,0.11189020425081253,1210
3,0.1279209852218628,1211
3,0.11857303977012634,1212
3,0.11874697357416153,1213
3,0.12394317239522934,1214
3,0.1291382610797882,1215
2,0.089163638651371,1216
3,0.09680570662021637,1217
3,0.13337992131710052,1218
3,0.1309647411108017,1219
3,0.11368144303560257,1220
4,0.08924183249473572,1221
3,0.13036713004112244,1222
3,0.13004764914512634,1223
3,0.09574738144874573,1224
3,0.1158696711063385,1225
3,0.13488392531871796,1226
3,0.1333513706922531,1227
1,0.06661448627710342,1228
3,0.08901828527450562,1229
3,0.09201723337173462,1230
4,0.13699936866760254,1231
3,0.13338978588581085,1232
3,0.11170366406440735,1233
3,0.1364460587501526,1234
3,0.1317313015460968,1235
1,0.030714580789208412,1236
4,0.08886174857616425,1237
3,0.1254316121339798,1238
3,0.13159030675888062,1239
3,0.1284102499485016,1240
3,0.12824149429798126,1241
3,0.1317487359046936,1242
3,0.11752104759216309,1243
3,0.13090038299560547,1244
3,0.12829959392547607,1245
3,0.13175447285175323,1246
3,0.11118654906749725,1247
1,0.0954560860991478,1248
3,0.13287942111492157,1249
3,0.13119067251682281,1250
3,0.08990377932786942,1251
3,0.09775950759649277,1252
3,0.12615486979484558,1253
3,0.13199591636657715,1254
3,0.11142882704734802,1255
3,0.09252215176820755,1256
3,0.1292458325624466,1257
3,0.0843367725610733,1258
3,0.13515397906303406,1259
3,0.09674720466136932,1260
3,0.11235831677913666,1261
3,0.1287183314561844,1262
3,0.13250352442264557,1263
3,0.13627591729164124,1264
3,0.07713039219379425,1265
3,0.13823965191841125,1266
3,0.1302541047334671,1267
3,0.09786626696586609,1268
3,0.12756691873073578,1269
3,0.12754234671592712,1270
3,0.12940669059753418,1271
3,0.11606110632419586,1272
1,0.10620924085378647,1273
3,0.08847902715206146,1274
3,0.1005154401063919,1275
3,0.10937053710222244,1276
3,0.11625753343105316,1277
3,0.12007298320531845,1278
3,0.1347603052854538,1279
3,0.1343599110841751,1280
3,0.12946239113807678,1281
3,0.08327926695346832,1282
3,0.13831186294555664,1283
3,0.13950851559638977,1284
3,0.09849964827299118,1285
3,0.11069270223379135,1286
3,0.13484498858451843,1287
3,0.13390851020812988,1288
1,0.12388096004724503,1289
3,0.08951570093631744,1290
3,0.12585969269275665,1291
3,0.12604749202728271,1292
3,0.13641579449176788,1293
3,0.13151882588863373,1294
3,0.0883089229464531,1295
3,0.130072221159935,1296
3,0.09436795115470886,1297
3,0.08185746520757675,1298
3,0.08982117474079132,1299
3,0.12926693260669708,1300
3,0.1324910819530487,1301
3,0.10249093174934387,1302
3,0.09460446238517761,1303
3,0.08806616812944412,1304
3,0.08922561258077621,1305
3,0.09163203835487366,1306
3,0.09186030924320221,1307
3,0.10853224992752075,1308
3,0.1348910927772522,1309
3,0.080250084400177,1310
3,0.091461181640625,1311
3,0.13783350586891174,1312
3,0.1343369334936142,1313
3,0.07937159389257431,1314
3,0.13198469579219818,1315
1,0.07613968849182129,1316
3,0.07970908284187317,1317
3,0.0907420739531517,1318
3,0.12917421758174896,1319
3,0.13338109850883484,1320
3,0.1220783218741417,1321
3,0.10502546280622482,1322
3,0.13521142303943634,1323
3,0.13068081438541412,1324
1,0.0916057899594307,1325
3,0.09883661568164825,1326
3,0.13627323508262634,1327
3,0.12214478850364685,1328
3,0.13984504342079163,1329
3,0.1357906460762024,1330
3,0.12147589027881622,1331
3,0.10542479902505875,1332
3,0.11205766350030899,1333
1,0.11767898499965668,1334
3,0.13195930421352386,1335
3,0.13651220500469208,1336
3,0.13355326652526855,1337
3,0.12310661375522614,1338
3,0.12264223396778107,1339
3,0.10533338040113449,1340
1,0.07662582397460938,1341
3,0.0886358916759491,1342
3,0.10036297142505646,1343
3,0.13487394154071808,1344
3,0.12326328456401825,1345
1,0.07816067337989807,1346
3,0.08878124505281448,1347
3,0.10403133183717728,1348
3,0.1122540682554245,1349
3,0.13360506296157837,1350
3,0.13482138514518738,1351
3,0.129800945520401,1352
3,0.13437984883785248,1353
3,0.09156224131584167,1354
3,0.1124482974410057,1355
1,0.07443670183420181,1356
3,0.12363957613706589,1357
3,0.12248919904232025,1358
3,0.0993313118815422,1359
1,0.0895419493317604,1360
1,0.0745059922337532,1361
3,0.14004330337047577,1362
3,0.13609738647937775,1363
3,0.09019872546195984,1364
3,0.10176968574523926,1365
3,0.12005342543125153,1366
3,0.0873948484659195,1367
3,0.14205233752727509,1368
3,0.08076802641153336,1369
3,0.09724728018045425,1370
3,0.10117501020431519,1371
1,0.11033471673727036,1372
3,0.13208243250846863,1373
3,0.1344069093465805,1374
3,0.14130839705467224,1375
3,0.12432008236646652,1376
3,0.08094067871570587,1377
3,0.09210146963596344,1378
3,0.1358783096075058,1379
2,0.12446961551904678,1380
1,0.073056660592556,1381
2,0.08867889642715454,1382
3,0.11475992202758789,1383
3,0.13526196777820587,1384
3,0.14336082339286804,1385
3,0.14003676176071167,1386
3,0.13617010414600372,1387
3,0.12517333030700684,1388
3,0.10238867253065109,1389
3,0.10579252988100052,1390
3,0.10732748359441757,1391
3,0.11553280800580978,1392
3,0.14079293608665466,1393
3,0.08150815218687057,1394
3,0.08125331997871399,1395
3,0.1372167319059372,1396
3,0.09273243695497513,1397
3,0.1009025052189827,1398
3,0.10122188925743103,1399
3,0.1018400490283966,1400
3,0.13433124125003815,1401
3,0.12130115926265717,1402
3,0.1181163340806961,1403
3,0.10281867533922195,1404
3,0.10175517946481705,1405
3,0.1347869634628296,1406
3,0.12663276493549347,1407
3,0.10752144455909729,1408
3,0.08198665082454681,1409
3,0.12701067328453064,1410
3,0.14763620495796204,1411
3,0.13953591883182526,1412
3,0.14252394437789917,1413
3,0.14387010037899017,1414
3,0.10771628469228745,1415
3,0.1032174825668335,1416
3,0.1021098718047142,1417
3,0.10884778201580048,1418
3,0.13527865707874298,1419
3,0.14500504732131958,1420
3,0.14426279067993164,1421
3,0.1457822620868683,1422
3,0.14357970654964447,1423
3,0.1383843719959259,1424
3,0.10529474169015884,1425
3,0.0989510715007782,1426
3,0.07822062820196152,1427
3,0.1375330686569214,1428
1,0.14550013840198517,1429
2,0.1449529379606247,1430
3,0.14402173459529877,1431
3,0.08391562104225159,1432
3,0.1383994072675705,1433
3,0.14476802945137024,1434
3,0.10277917236089706,1435
1,0.1065637469291687,1436
3,0.13946160674095154,1437
1,0.10890073329210281,1438
3,0.0939815565943718,1439
3,0.09515975415706635,1440
3,0.10294944047927856,1441
3,0.11892151832580566,1442
3,0.14262160658836365,1443
3,0.1368880420923233,1444
3,0.10417116433382034,1445
3,0.08261047303676605,1446
3,0.09377676993608475,1447
3,0.13684289157390594,1448
3,0.14604482054710388,1449
1,0.11804168671369553,1450
3,0.145785853266716,1451
3,0.129104346036911,1452
3,0.10718989372253418,1453
3,0.10789139568805695,1454
3,0.14797678589820862,1455
3,0.14071203768253326,1456
3,0.10930140316486359,1457
3,0.10218784958124161,1458
1,0.08044220507144928,1459
3,0.13852587342262268,1460
3,0.14967194199562073,1461
3,0.10670753568410873,1462
3,0.0837763324379921,1463
3,0.09248656034469604,1464
1,0.08997711539268494,1465
3,0.12918709218502045,1466
3,0.13429105281829834,1467
3,0.14861001074314117,1468
3,0.143930122256279,1469
3,0.107900470495224,1470
3,0.14159956574440002,1471
3,0.14698433876037598,1472
4,0.13938045501708984,1473
3,0.14141146838665009,1474
3,0.09207064658403397,1475
1,0.1146872341632843,1476
3,0.14843274652957916,1477
3,0.14092260599136353,1478
3,0.1366959661245346,1479
3,0.08457926660776138,1480
3,0.10599600523710251,1481
3,0.11234993487596512,1482
1,0.09745077788829803,1483
3,0.13208332657814026,1484
3,0.14323550462722778,1485
3,0.13062244653701782,1486
3,0.10453202575445175,1487
3,0.1125277504324913,1488
3,0.12079814821481705,1489
3,0.14358311891555786,1490
3,0.1365802139043808,1491
3,0.0841527059674263,1492
3,0.12132780253887177,1493
3,0.09036822617053986,1494
3,0.12248672544956207,1495
3,0.13888508081436157,1496
3,0.10137778520584106,1497
3,0.10214131325483322,1498
3,0.08486229181289673,1499
3,0.10804998874664307,1500
3,0.1087864562869072,1501
1,0.10529981553554535,1502
3,0.14159034192562103,1503
3,0.10947531461715698,1504
3,0.10779935866594315,1505
3,0.1437055766582489,1506
3,0.11131411045789719,1507
3,0.085725799202919,1508
3,0.08728743344545364,1509
3,0.10590329766273499,1510
3,0.1140829399228096,1511
3,0.12608087062835693,1512
3,0.1402384340763092,1513
3,0.13168418407440186,1514
3,0.12247135490179062,1515
3,0.08323319256305695,1516
3,0.13176576793193817,1517
3,0.14414726197719574,1518
3,0.14291509985923767,1519
3,0.14341244101524353,1520
3,0.08396977931261063,1521
3,0.08673077821731567,1522
3,0.1071733683347702,1523
3,0.14671702682971954,1524
3,0.1545790433883667,1525
3,0.09516500681638718,1526
3,0.08600301295518875,1527
3,0.09203926473855972,1528
3,0.08405938744544983,1529
3,0.13271158933639526,1530
3,0.14502903819084167,1531
3,0.14829635620117188,1532
3,0.1327013224363327,1533
1,0.09322135895490646,1534
3,0.11215690523386002,1535
3,0.11049126088619232,1536
1,0.07775011658668518,1537
3,0.11239314079284668,1538
3,0.08931923657655716,1539
3,0.10676739364862442,1540
3,0.145613893866539,1541
3,0.1405298113822937,1542
3,0.09363818913698196,1543
3,0.1547078788280487,1544
1,0.0717138722538948,1545
3,0.09149512648582458,1546
3,0.1452910453081131,1547
3,0.14138765633106232,1548
3,0.15007734298706055,1549
3,0.14746320247650146,1550
3,0.09184738993644714,1551
3,0.08805744349956512,1552
1,0.08240732550621033,1553
3,0.14613138139247894,1554
3,0.14788690209388733,1555
1,0.09211069345474243,1556
3,0.12527063488960266,1557
3,0.12525531649589539,1558
1,0.11375674605369568,1559
3,0.15304607152938843,1560
3,0.08868304640054703,1561
3,0.14648722112178802,1562
3,0.08734574913978577,1563
3,0.10017406940460205,1564
3,0.14723050594329834,1565
3,0.15323147177696228,1566
3,0.14746572077274323,1567
3,0.12597103416919708,1568
3,0.14677320420742035,1569
3,0.15007424354553223,1570
3,0.10348781198263168,1571
3,0.1080164983868599,1572
3,0.10688269883394241,1573
1,0.1031387597322464,1574
3,0.14882348477840424,1575
3,0.15029476583003998,1576
3,0.15208996832370758,1577
3,0.15559031069278717,1578
3,0.15231943130493164,1579
3,0.08847741782665253,1580
3,0.08804742246866226,1581
3,0.1507110744714737,1582
1,0.12213828414678574,1583
3,0.14789701998233795,1584
3,0.15765200555324554,1585
3,0.12951363623142242,1586
1,0.0896417573094368,1587
1,0.08799727261066437,1588
3,0.08926297724246979,1589
3,0.08820807188749313,1590
3,0.11736603826284409,1591
3,0.1419227421283722,1592
3,0.14886875450611115,1593
3,0.15151219069957733,1594
1,0.06501487642526627,1595
3,0.1473122090101242,1596
3,0.10127899050712585,1597
3,0.12844045460224152,1598
3,0.1388869434595108,1599
3,0.1489408016204834,1600
1,0.12848307192325592,1601
3,0.09276705980300903,1602
3,0.1518545299768448,1603
3,0.15263047814369202,1604
3,0.14826786518096924,1605
3,0.09903132915496826,1606
3,0.1275913268327713,1607
3,0.13283097743988037,1608
3,0.15985697507858276,1609
3,0.10307612270116806,1610
3,0.10933351516723633,1611
3,0.13306601345539093,1612
3,0.1369837075471878,1613
3,0.15055648982524872,1614
3,0.1496465504169464,1615
3,0.1048172265291214,1616
3,0.12655332684516907,1617
3,0.15437595546245575,1618
3,0.13403797149658203,1619
3,0.16071774065494537,1620
3,0.15011870861053467,1621
3,0.1266608089208603,1622
3,0.135911762714386,1623
3,0.12279660999774933,1624
1,0.0974421352148056,1625
3,0.15104511380195618,1626
3,0.08971825242042542,1627
3,0.09711632877588272,1628
3,0.13328102231025696,1629
3,0.09077426791191101,1630
3,0.09204497933387756,1631
3,0.1384776383638382,1632
3,0.1543256938457489,1633
3,0.13010793924331665,1634
3,0.15302486717700958,1635
3,0.15775814652442932,1636
3,0.0884922444820404,1637
3,0.09846725314855576,1638
3,0.15187013149261475,1639
3,0.15438275039196014,1640
3,0.08920551091432571,1641
3,0.09784107655286789,1642
3,0.10118354111909866,1643
3,0.09155099838972092,1644
3,0.09877115488052368,1645
3,0.10541639477014542,1646
3,0.15295766294002533,1647
3,0.1538340151309967,1648
3,0.09850849956274033,1649
3,0.10516538470983505,1650
3,0.13154210150241852,1651
3,0.16460734605789185,1652
3,0.15272274613380432,1653
3,0.12004528194665909,1654
1,0.08691544085741043,1655
3,0.09419315308332443,1656
3,0.10187283158302307,1657
3,0.14082853496074677,1658
3,0.15200969576835632,1659
3,0.1185508668422699,1660
3,0.15296487510204315,1661
1,0.08804739266633987,1662
1,0.08976636826992035,1663
3,0.09003850817680359,1664
3,0.09742274135351181,1665
3,0.10093873739242554,1666
1,0.0945175364613533,1667
3,0.09096348285675049,1668
3,0.12104759365320206,1669
3,0.12841017544269562,1670
3,0.09821829944849014,1671
3,0.09244488179683685,1672
3,0.11064965277910233,1673
1,0.14919227361679077,1674
3,0.15629880130290985,1675
1,0.09940280765295029,1676
3,0.1553451418876648,1677
3,0.15675830841064453,1678
3,0.13411271572113037,1679
3,0.16043804585933685,1680
3,0.15614792704582214,1681
3,0.1571081280708313,1682
3,0.16299015283584595,1683
3,0.11251615732908249,1684
3,0.15702520310878754,1685
3,0.1634225845336914,1686
3,0.16480432450771332,1687
3,0.167386993765831,1688
3,0.1508125364780426,1689
1,0.12918372452259064,1690
3,0.11790725588798523,1691
3,0.13004286587238312,1692
3,0.11893155425786972,1693
3,0.10654862225055695,1694
3,0.10083449631929398,1695
3,0.11149647831916809,1696
1,0.11391681432723999,1697
3,0.16136710345745087,1698
3,0.16595450043678284,1699
3,0.15401455760002136,1700
3,0.1592254787683487,1701
3,0.159885436296463,1702
3,0.16630494594573975,1703
3,0.16076631844043732,1704
3,0.13440942764282227,1705
3,0.10628313571214676,1706
3,0.12257539480924606,1707
3,0.1543307602405548,1708
3,0.1571563184261322,1709
1,0.10594287514686584,1710
3,0.1293773055076599,1711
3,0.09847953170537949,1712
3,0.14464981853961945,1713
2,0.15368852019309998,1714
3,0.16942065954208374,1715
3,0.13596253097057343,1716
2,0.1604907065629959,1717
3,0.16083256900310516,1718
3,0.1577925682067871,1719
3,0.13542744517326355,1720
3,0.09388020634651184,1721
3,0.10182424634695053,1722
3,0.10881426930427551,1723
3,0.137270987033844,1724
1,0.018472962081432343,1725
1,0.09289687871932983,1726
3,0.15542739629745483,1727
3,0.1596822291612625,1728
3,0.1620187759399414,1729
3,0.1717381626367569,1730
3,0.1593778133392334,1731
1,0.06954523175954819,1732
3,0.1681651920080185,1733
3,0.12394610792398453,1734
3,0.1346043050289154,1735
3,0.16888931393623352,1736
3,0.1580054759979248,1737
3,0.09118226170539856,1738
3,0.09334790706634521,1739
3,0.12599626183509827,1740
3,0.15736877918243408,1741
3,0.14079388976097107,1742
3,0.10587092489004135,1743
3,0.09302814304828644,1744
3,0.09782201796770096,1745
3,0.16627298295497894,1746
3,0.16691403090953827,1747
3,0.168030247092247,1748
3,0.12123247236013412,1749
3,0.1264299899339676,1750
3,0.16470283269882202,1751
3,0.16665881872177124,1752
3,0.09508469700813293,1753
3,0.16455644369125366,1754
3,0.16702920198440552,1755
3,0.14214171469211578,1756
3,0.10531394928693771,1757
3,0.10309948772192001,1758
3,0.10888037830591202,1759
3,0.11024472862482071,1760
3,0.12565019726753235,1761
3,0.15867745876312256,1762
3,0.16008217632770538,1763
3,0.16203594207763672,1764
3,0.16272176802158356,1765
3,0.13028007745742798,1766
1,0.0726805329322815,1767
3,0.1708703190088272,1768
3,0.1742405891418457,1769
3,0.16116589307785034,1770
3,0.16222840547561646,1771
3,0.16516467928886414,1772
1,0.15279115736484528,1773
3,0.10980535298585892,1774
3,0.1041274443268776,1775
3,0.09893070161342621,1776
3,0.1155882477760315,1777
3,0.1498926281929016,1778
3,0.16287018358707428,1779
3,0.14404380321502686,1780
3,0.11016732454299927,1781
3,0.15935108065605164,1782
3,0.12330323457717896,1783
3,0.08792249858379364,1784
3,0.13828232884407043,1785
3,0.16375632584095,1786
3,0.1672588735818863,1787
3,0.16693417727947235,1788
3,0.14662565290927887,1789
3,0.09685118496417999,1790
3,0.165291428565979,1791
3,0.1038578450679779,1792
3,0.14223459362983704,1793
3,0.10416990518569946,1794
3,0.12694813311100006,1795
3,0.15982821583747864,1796
3,0.16937144100666046,1797
3,0.1604786515235901,1798
3,0.13221770524978638,1799
1,0.08612215518951416,1800
3,0.1009928286075592,1801
3,0.1266183853149414,1802
3,0.15897977352142334,1803
3,0.17004573345184326,1804
3,0.174205020070076,1805
3,0.17742659151554108,1806
3,0.13094238936901093,1807
3,0.11085685342550278,1808
3,0.12834085524082184,1809
3,0.17371605336666107,1810
3,0.16478003561496735,1811
3,0.11255405843257904,1812
3,0.16560745239257812,1813
3,0.16719381511211395,1814
3,0.13294777274131775,1815
1,0.10190393775701523,1816
3,0.17099127173423767,1817
3,0.1612144112586975,1818
3,0.18171223998069763,1819
3,0.16621540486812592,1820
3,0.14862863719463348,1821
3,0.14762051403522491,1822
3,0.10483648627996445,1823
3,0.1657315194606781,1824
3,0.1420527547597885,1825
3,0.13457411527633667,1826
3,0.10518401861190796,1827
3,0.1626814901828766,1828
3,0.14247658848762512,1829
3,0.1684979945421219,1830
3,0.12614740431308746,1831
3,0.17684058845043182,1832
3,0.14430810511112213,1833
3,0.15654964745044708,1834
3,0.1643890142440796,1835
1,0.09692061692476273,1836
3,0.17476467788219452,1837
3,0.17647993564605713,1838
3,0.11872478574514389,1839
3,0.16079343855381012,1840
3,0.16454750299453735,1841
3,0.10774212330579758,1842
3,0.13040925562381744,1843
3,0.16630275547504425,1844
3,0.17414839565753937,1845
3,0.1351100355386734,1846
3,0.1279802918434143,1847
1,0.0515858456492424,1848
1,0.08410520851612091,1849
3,0.12663070857524872,1850
3,0.17844386398792267,1851
3,0.13852378726005554,1852
3,0.1541937291622162,1853
3,0.16594260931015015,1854
3,0.16833625733852386,1855
3,0.17565937340259552,1856
3,0.1656162142753601,1857
2,0.15609043836593628,1858
3,0.1832405924797058,1859
3,0.1657126098871231,1860
3,0.16722452640533447,1861
1,0.13022595643997192,1862
3,0.15161478519439697,1863
3,0.0979958176612854,1864
3,0.10425317287445068,1865
3,0.1592901349067688,1866
3,0.180235356092453,1867
3,0.16778454184532166,1868
3,0.10539150983095169,1869
3,0.10964739322662354,1870
3,0.10933361947536469,1871
3,0.15894462168216705,1872
3,0.1935916244983673,1873
3,0.18107230961322784,1874
3,0.15158003568649292,1875
3,0.11011793464422226,1876
3,0.14739584922790527,1877
3,0.17765973508358002,1878
3,0.17711368203163147,1879
3,0.18166689574718475,1880
3,0.18511797487735748,1881
3,0.17205442488193512,1882
3,0.16072337329387665,1883
3,0.11181525141000748,1884
3,0.1148705929517746,1885
3,0.13180601596832275,1886
3,0.1557552069425583,1887
3,0.1570204347372055,1888
3,0.16885972023010254,1889
3,0.18108390271663666,1890
3,0.1724747121334076,1891
1,0.09235590696334839,1892
3,0.10141845047473907,1893
3,0.1477702558040619,1894
3,0.14685851335525513,1895
3,0.1457633227109909,1896
3,0.0987367108464241,1897
3,0.0932595506310463,1898
3,0.11251436173915863,1899
3,0.11470373719930649,1900
3,0.11504697799682617,1901
4,0.14338453114032745,1902
3,0.14605920016765594,1903
3,0.152217835187912,1904
3,0.13028810918331146,1905
3,0.147241473197937,1906
3,0.17773564159870148,1907
3,0.10969683527946472,1908
3,0.08885815739631653,1909
3,0.09807489067316055,1910
3,0.1140277311205864,1911
3,0.18595731258392334,1912
3,0.14241169393062592,1913
3,0.13745635747909546,1914
1,0.07644291967153549,1915
3,0.11926592886447906,1916
3,0.12063131481409073,1917
3,0.13737492263317108,1918
3,0.16125231981277466,1919
1,0.08115210384130478,1920
3,0.08574250340461731,1921
3,0.12359126657247543,1922
2,0.12998126447200775,1923
4,0.13013993203639984,1924
3,0.13259857892990112,1925
3,0.13401369750499725,1926
3,0.1631210893392563,1927
3,0.17330308258533478,1928
3,0.19686958193778992,1929
3,0.14302527904510498,1930
1,0.08505894988775253,1931
3,0.11068455874919891,1932
3,0.1333928406238556,1933
3,0.13255079090595245,1934
3,0.16207915544509888,1935
3,0.11140115559101105,1936
3,0.16430909931659698,1937
3,0.17689378559589386,1938
3,0.10145922005176544,1939
3,0.1784932017326355,1940
3,0.1889566332101822,1941
3,0.10463036596775055,1942
3,0.1121029257774353,1943
3,0.18560422956943512,1944
3,0.1918252855539322,1945
1,0.08545354008674622,1946
3,0.09926488995552063,1947
3,0.11336073279380798,1948
3,0.12918917834758759,1949
3,0.14215140044689178,1950
3,0.14970959722995758,1951
3,0.18606062233448029,1952
3,0.15508399903774261,1953
3,0.12286774814128876,1954
3,0.1502196490764618,1955
3,0.10978041589260101,1956
3,0.13411815464496613,1957
3,0.08630677312612534,1958
3,0.12285934388637543,1959
3,0.13490673899650574,1960
3,0.18977083265781403,1961
3,0.19789595901966095,1962
3,0.18746306002140045,1963
3,0.1352578103542328,1964
3,0.1415671855211258,1965
3,0.12360309809446335,1966
3,0.13635292649269104,1967
3,0.16181209683418274,1968
3,0.17762888967990875,1969
3,0.1811112016439438,1970
3,0.16926142573356628,1971
3,0.14956332743167877,1972
3,0.10086981952190399,1973
3,0.13664460182189941,1974
3,0.17794623970985413,1975
3,0.1990976780653,1976
3,0.18054647743701935,1977
3,0.1819559782743454,1978
3,0.1240045502781868,1979
3,0.17111535370349884,1980
3,0.17563405632972717,1981
3,0.20088347792625427,1982
3,0.19506481289863586,1983
3,0.16714203357696533,1984
1,0.09080944210290909,1985
3,0.17889857292175293,1986
3,0.19467349350452423,1987
3,0.1956879049539566,1988
3,0.11571502685546875,1989
3,0.1267084926366806,1990
3,0.17819634079933167,1991
3,0.18988579511642456,1992
3,0.15906772017478943,1993
3,0.13904324173927307,1994
3,0.15614765882492065,1995
3,0.1861754059791565,1996
3,0.13543027639389038,1997
3,0.1536959409713745,1998
3,0.16432933509349823,1999
3,0.13501346111297607,2000
3,0.11341578513383865,2001
3,0.185408815741539,2002
3,0.15888644754886627,2003
3,0.08803834021091461,2004
1,0.08900558203458786,2005
3,0.14668981730937958,2006
3,0.17643848061561584,2007
3,0.18883982300758362,2008
3,0.13508547842502594,2009
3,0.11493286490440369,2010
3,0.1160072535276413,2011
3,0.12592889368534088,2012
3,0.12553094327449799,2013
3,0.18147525191307068,2014
1,0.1451636403799057,2015
3,0.1163024753332138,2016
3,0.12563841044902802,2017
3,0.17589271068572998,2018
3,0.15313535928726196,2019
3,0.1866801232099533,2020
3,0.11670905351638794,2021
3,0.1661635786294937,2022
3,0.189383864402771,2023
3,0.12848086655139923,2024
3,0.12926681339740753,2025
3,0.18537692725658417,2026
3,0.1748277246952057,2027
3,0.15532903373241425,2028
3,0.1550961136817932,2029
3,0.11855078488588333,2030
3,0.15602019429206848,2031
3,0.17366379499435425,2032
3,0.18245135247707367,2033
3,0.18241028487682343,2034
3,0.1735559105873108,2035
3,0.08893657475709915,2036
1,0.14341813325881958,2037
3,0.18293675780296326,2038
3,0.17607352137565613,2039
3,0.12276522815227509,2040
3,0.12987098097801208,2041
3,0.14179092645645142,2042
3,0.17422141134738922,2043
3,0.1895003467798233,2044
3,0.11674077063798904,2045
1,0.08224211633205414,2046
3,0.09150935709476471,2047
3,0.15095163881778717,2048
3,0.15177907049655914,2049
3,0.168818861246109,2050
3,0.19080281257629395,2051
3,0.18524275720119476,2052
3,0.1836816817522049,2053
3,0.18364019691944122,2054
3,0.17594042420387268,2055
3,0.10209794342517853,2056
3,0.11851876974105835,2057
3,0.12052623927593231,2058
3,0.12641333043575287,2059
3,0.18425382673740387,2060
3,0.19117248058319092,2061
3,0.17471793293952942,2062
3,0.09352166950702667,2063
3,0.11508672684431076,2064
3,0.11944930255413055,2065
3,0.12605160474777222,2066
3,0.12664341926574707,2067
3,0.12777312099933624,2068
3,0.14253048598766327,2069
3,0.16248168051242828,2070
3,0.1628025323152542,2071
3,0.19149868190288544,2072
2,0.19106535613536835,2073
3,0.1060110554099083,2074
3,0.10556835681200027,2075
1,0.09226509928703308,2076
3,0.11815155297517776,2077
3,0.12711261212825775,2078
3,0.13428176939487457,2079
3,0.10649192333221436,2080
3,0.1168014332652092,2081
3,0.12689758837223053,2082
3,0.19284500181674957,2083
3,0.19350586831569672,2084
3,0.1862877607345581,2085
3,0.16193826496601105,2086
3,0.10348349809646606,2087
3,0.1145019382238388,2088
3,0.20004861056804657,2089
3,0.12063643336296082,2090
3,0.09529262781143188,2091
3,0.11290796101093292,2092
4,0.141695037484169,2093
3,0.14763565361499786,2094
3,0.19367243349552155,2095
3,0.16267907619476318,2096
3,0.120713971555233,2097
3,0.10703837126493454,2098
3,0.1303728222846985,2099
3,0.14446426928043365,2100
3,0.16850975155830383,2101
3,0.1711103469133377,2102
3,0.17714057862758636,2103
3,0.19949018955230713,2104
3,0.2051990032196045,2105
3,0.09658219665288925,2106
3,0.11171121895313263,2107
3,0.2019660770893097,2108
3,0.20015646517276764,2109
3,0.13979318737983704,2110
3,0.1947709172964096,2111
3,0.19392862915992737,2112
3,0.2035365253686905,2113
3,0.16668830811977386,2114
3,0.10534755885601044,2115
3,0.11802684515714645,2116
3,0.1517387479543686,2117
3,0.16038133203983307,2118
3,0.19004610180854797,2119
3,0.18976007401943207,2120
3,0.1883649080991745,2121
3,0.12452206015586853,2122
3,0.10701330006122589,2123
3,0.1328878104686737,2124
3,0.14560170471668243,2125
3,0.1638311743736267,2126
3,0.19432410597801208,2127
3,0.18516023457050323,2128
3,0.2165844738483429,2129
3,0.2052588015794754,2130
3,0.12532153725624084,2131
3,0.1794285923242569,2132
3,0.20476648211479187,2133
3,0.16280978918075562,2134
3,0.20941226184368134,2135
3,0.1278330385684967,2136
3,0.1142493262887001,2137
3,0.10779696702957153,2138
3,0.1461324840784073,2139
3,0.15864792466163635,2140
3,0.1964050531387329,2141
3,0.21640023589134216,2142
3,0.1201949417591095,2143
3,0.1982412040233612,2144
3,0.217583566904068,2145
3,0.11208003759384155,2146
3,0.1357915997505188,2147
3,0.13935092091560364,2148
3,0.17508627474308014,2149
3,0.19151052832603455,2150
3,0.2118035852909088,2151
3,0.12875546514987946,2152
3,0.129120334982872,2153
3,0.1100374385714531,2154
3,0.11081082373857498,2155
3,0.11219215393066406,2156
3,0.1137600913643837,2157
3,0.14632906019687653,2158
3,0.14653030037879944,2159
3,0.1486014723777771,2160
3,0.16570036113262177,2161
3,0.17551495134830475,2162
3,0.21777284145355225,2163
3,0.19177228212356567,2164
3,0.18451637029647827,2165
1,0.062162384390830994,2166
3,0.19879113137722015,2167
3,0.21879510581493378,2168
3,0.1849784404039383,2169
3,0.11050515621900558,2170
3,0.09348298609256744,2171
3,0.1717471331357956,2172
3,0.19970421493053436,2173
3,0.21955318748950958,2174
3,0.18760555982589722,2175
4,0.12590526044368744,2176
3,0.2202785313129425,2177
3,0.21499751508235931,2178
3,0.196184903383255,2179
3,0.18720075488090515,2180
1,0.07424554228782654,2181
3,0.1543065756559372,2182
3,0.18855588138103485,2183
2,0.15198710560798645,2184
4,0.1522091031074524,2185
3,0.1704474687576294,2186
2,0.18814751505851746,2187
3,0.20922699570655823,2188
3,0.22087490558624268,2189
3,0.18762759864330292,2190
3,0.21201348304748535,2191
3,0.1843871921300888,2192
3,0.17176178097724915,2193
3,0.09703242778778076,2194
3,0.17902763187885284,2195
3,0.11396560817956924,2196
3,0.14348642528057098,2197
3,0.18787294626235962,2198
3,0.19598062336444855,2199
3,0.12705254554748535,2200
3,0.10935184359550476,2201
3,0.14959722757339478,2202
3,0.15429340302944183,2203
3,0.17357657849788666,2204
3,0.2180083692073822,2205
3,0.2186228185892105,2206
3,0.09329861402511597,2207
3,0.10955552756786346,2208
3,0.15542234480381012,2209
3,0.19191762804985046,2210
3,0.1425396203994751,2211
3,0.14108069241046906,2212
3,0.09715553373098373,2213
3,0.1153237596154213,2214
3,0.13520555198192596,2215
3,0.15496084094047546,2216
3,0.15357500314712524,2217
3,0.21311746537685394,2218
3,0.1089189276099205,2219
3,0.11778049916028976,2220
3,0.15604759752750397,2221
3,0.20798951387405396,2222
3,0.12394256144762039,2223
3,0.11618856340646744,2224
3,0.15613995492458344,2225
3,0.15636061131954193,2226
3,0.12817677855491638,2227
3,0.12246609479188919,2228
1,0.10301540791988373,2229
3,0.15541334450244904,2230
3,0.20203083753585815,2231
3,0.18800823390483856,2232
3,0.12834656238555908,2233
3,0.09950398653745651,2234
3,0.14695602655410767,2235
3,0.19088827073574066,2236
3,0.18968768417835236,2237
3,0.14371389150619507,2238
3,0.11606039851903915,2239
3,0.1247270256280899,2240
3,0.1874258667230606,2241
3,0.16318075358867645,2242
3,0.08865159749984741,2243
3,0.1144605204463005,2244
3,0.1832716464996338,2245
3,0.21681387722492218,2246
3,0.1997707337141037,2247
1,0.16594499349594116,2248
3,0.15720760822296143,2249
3,0.22467654943466187,2250
3,0.189660906791687,2251
3,0.1769164800643921,2252
3,0.20818834006786346,2253
3,0.2167222648859024,2254
3,0.22645649313926697,2255
3,0.12402144074440002,2256
3,0.10454638302326202,2257
3,0.08774343878030777,2258
3,0.09042463451623917,2259
3,0.19628027081489563,2260
3,0.12701673805713654,2261
3,0.1874389499425888,2262
3,0.22865423560142517,2263
3,0.12251965701580048,2264
3,0.10282351076602936,2265
3,0.15053869783878326,2266
3,0.15137045085430145,2267
3,0.15416072309017181,2268
3,0.22318165004253387,2269
1,0.09594590961933136,2270
3,0.1548922210931778,2271
3,0.17900605499744415,2272
3,0.12479469925165176,2273
3,0.15745818614959717,2274
3,0.21998998522758484,2275
3,0.2076159119606018,2276
3,0.19022411108016968,2277
3,0.11610905826091766,2278
3,0.21171285212039948,2279
3,0.2154463678598404,2280
3,0.1208532527089119,2281
3,0.08524519205093384,2282
1,0.0895276591181755,2283
3,0.12366431951522827,2284
3,0.12790130078792572,2285
3,0.1464853435754776,2286
3,0.1586822271347046,2287
3,0.20931385457515717,2288
3,0.16037432849407196,2289
3,0.18514110147953033,2290
3,0.22280776500701904,2291
3,0.18230226635932922,2292
3,0.1429983675479889,2293
3,0.14229877293109894,2294
3,0.1360805183649063,2295
3,0.08403778821229935,2296
3,0.10513199120759964,2297
3,0.21831068396568298,2298
2,0.1827235370874405,2299
3,0.1426069438457489,2300
3,0.11392287909984589,2301
3,0.12497860193252563,2302
3,0.1447228044271469,2303
3,0.2315606027841568,2304
3,0.18381664156913757,2305
3,0.11285008490085602,2306
3,0.18634745478630066,2307
3,0.18647493422031403,2308
3,0.1886654496192932,2309
3,0.1186319962143898,2310
1,0.07286027818918228,2311
3,0.08237069100141525,2312
3,0.13306637108325958,2313
3,0.1428280621767044,2314
3,0.19640162587165833,2315
3,0.21606339514255524,2316
3,0.18958233296871185,2317
3,0.20710770785808563,2318
3,0.1853608787059784,2319
3,0.12698067724704742,2320
3,0.1974475085735321,2321
1,0.08273881673812866,2322
3,0.21212126314640045,2323
3,0.12254364043474197,2324
3,0.1421138495206833,2325
3,0.16668562591075897,2326
3,0.23899433016777039,2327
3,0.11974409222602844,2328
3,0.16703389585018158,2329
3,0.189175546169281,2330
3,0.15435995161533356,2331
4,0.15483130514621735,2332
3,0.16997398436069489,2333
3,0.152440145611763,2334
3,0.20979122817516327,2335
3,0.20608553290367126,2336
3,0.17273786664009094,2337
3,0.14511963725090027,2338
3,0.22797895967960358,2339
3,0.2063390463590622,2340
3,0.20593087375164032,2341
3,0.1176924929022789,2342
3,0.11509553343057632,2343
3,0.13115449249744415,2344
3,0.21054188907146454,2345
3,0.19596390426158905,2346
3,0.2012781798839569,2347
3,0.2160646915435791,2348
3,0.21122890710830688,2349
3,0.22892290353775024,2350
3,0.17171034216880798,2351
3,0.10764079540967941,2352
3,0.1933811455965042,2353
3,0.19383171200752258,2354
3,0.20335589349269867,2355
3,0.11919063329696655,2356
3,0.1157691702246666,2357
3,0.14013762772083282,2358
3,0.21798409521579742,2359
3,0.2270839363336563,2360
3,0.13983167707920074,2361
3,0.13381682336330414,2362
3,0.1521414816379547,2363
3,0.19263052940368652,2364
3,0.21287846565246582,2365
3,0.14510098099708557,2366
3,0.156129851937294,2367
3,0.20552197098731995,2368
3,0.14840108156204224,2369
3,0.1404561549425125,2370
3,0.12110389024019241,2371
3,0.14145098626613617,2372
3,0.1755618453025818,2373
3,0.22019213438034058,2374
3,0.21017032861709595,2375
3,0.14735452830791473,2376
3,0.14113938808441162,2377
3,0.1547950655221939,2378
3,0.19949594140052795,2379
3,0.21549107134342194,2380
3,0.2433600127696991,2381
3,0.20524822175502777,2382
1,0.07371558248996735,2383
1,0.0874064639210701,2384
3,0.14131654798984528,2385
3,0.18003636598587036,2386
3,0.12194188684225082,2387
3,0.11906963586807251,2388
3,0.16260750591754913,2389
3,0.1951364427804947,2390
3,0.18103347718715668,2391
3,0.24441729485988617,2392
3,0.20167416334152222,2393
3,0.11816229671239853,2394
2,0.15077875554561615,2395
3,0.20150022208690643,2396
2,0.06676004827022552,2397
4,0.1511862576007843,2398
3,0.20620262622833252,2399
3,0.20821364223957062,2400
3,0.15077157318592072,2401
3,0.19043263792991638,2402
3,0.149031400680542,2403
3,0.1501314789056778,2404
3,0.15259794890880585,2405
3,0.20177513360977173,2406
3,0.22581326961517334,2407
3,0.1265222132205963,2408
3,0.12489430606365204,2409
1,0.10720125585794449,2410
3,0.16671797633171082,2411
3,0.15935011208057404,2412
3,0.20038530230522156,2413
3,0.22602814435958862,2414
3,0.24794892966747284,2415
1,0.0875740721821785,2416
3,0.14455145597457886,2417
3,0.21305851638317108,2418
3,0.11307164281606674,2419
3,0.2278335988521576,2420
3,0.22066548466682434,2421
3,0.10175742954015732,2422
3,0.10185839235782623,2423
3,0.14358612895011902,2424
3,0.22831176221370697,2425
3,0.22461731731891632,2426
3,0.19010747969150543,2427
3,0.2522502839565277,2428
3,0.22001345455646515,2429
3,0.19441542029380798,2430
3,0.14240169525146484,2431
3,0.10288398712873459,2432
3,0.19433964788913727,2433
3,0.1924505978822708,2434
3,0.16189095377922058,2435
3,0.14207351207733154,2436
3,0.15475508570671082,2437
3,0.1821289211511612,2438
3,0.24031518399715424,2439
3,0.2515193223953247,2440
3,0.2105558067560196,2441
3,0.12383990734815598,2442
3,0.14180999994277954,2443
3,0.16347824037075043,2444
3,0.21300290524959564,2445
3,0.2058880478143692,2446
3,0.2328515350818634,2447
3,0.18313810229301453,2448
3,0.2180834710597992,2449
3,0.21294793486595154,2450
3,0.16398051381111145,2451
3,0.09397269785404205,2452
3,0.1361181139945984,2453
3,0.24171778559684753,2454
3,0.25269460678100586,2455
3,0.2215392142534256,2456
3,0.1720121204853058,2457
3,0.16079339385032654,2458
3,0.136813223361969,2459
3,0.19697695970535278,2460
3,0.18056730926036835,2461
3,0.19129258394241333,2462
1,0.021548785269260406,2463
3,0.24715538322925568,2464
3,0.0984513983130455,2465
2,0.10583049803972244,2466
3,0.13437321782112122,2467
3,0.1358349472284317,2468
3,0.15219031274318695,2469
3,0.20096199214458466,2470
3,0.09287319332361221,2471
4,0.1061713770031929,2472
3,0.1557408571243286,2473
3,0.2127411663532257,2474
3,0.1995944380760193,2475
3,0.22602471709251404,2476
3,0.21345023810863495,2477
1,0.08554855734109879,2478
3,0.19966740906238556,2479
3,0.2027081996202469,2480
3,0.09766916185617447,2481
3,0.09731139242649078,2482
3,0.25972530245780945,2483
3,0.1638718843460083,2484
3,0.0882098525762558,2485
3,0.10113896429538727,2486
1,0.0997987687587738,2487
3,0.12876157462596893,2488
3,0.20314675569534302,2489
3,0.25048574805259705,2490
3,0.21554391086101532,2491
3,0.21186181902885437,2492
3,0.11755291372537613,2493
1,0.09311197698116302,2494
3,0.09337390959262848,2495
3,0.15884391963481903,2496
3,0.24021382629871368,2497
3,0.16392824053764343,2498
3,0.08850952982902527,2499
3,0.1269778311252594,2500
3,0.18734554946422577,2501
3,0.172767773270607,2502
3,0.16305159032344818,2503
3,0.2129603922367096,2504
3,0.1849479079246521,2505
3,0.23157399892807007,2506
3,0.14040715992450714,2507
3,0.20470693707466125,2508
3,0.2358798384666443,2509
3,0.22574226558208466,2510
3,0.12631280720233917,2511
3,0.20956574380397797,2512
3,0.17990319430828094,2513
3,0.11493787914514542,2514
1,0.08936969190835953,2515
3,0.09756410866975784,2516
3,0.26865050196647644,2517
3,0.2341645509004593,2518
3,0.21554985642433167,2519
3,0.1774035543203354,2520
3,0.15012961626052856,2521
3,0.0981011688709259,2522
3,0.1680487096309662,2523
3,0.20602862536907196,2524
3,0.2168707698583603,2525
3,0.2521649897098541,2526
3,0.2693024277687073,2527
3,0.25576668977737427,2528
3,0.23492956161499023,2529
3,0.09751636534929276,2530
3,0.24584093689918518,2531
3,0.17896591126918793,2532
3,0.17400161921977997,2533
3,0.09731145948171616,2534
3,0.16252751648426056,2535
3,0.21322107315063477,2536
3,0.12280455231666565,2537
3,0.21654069423675537,2538
3,0.21387816965579987,2539
1,0.0697786808013916,2540
1,0.07533527165651321,2541
3,0.0980139672756195,2542
3,0.16377197206020355,2543
3,0.18284305930137634,2544
3,0.09890171140432358,2545
3,0.2216474860906601,2546
3,0.26141899824142456,2547
3,0.16642768681049347,2548
3,0.23825524747371674,2549
3,0.09532932937145233,2550
2,0.2037813365459442,2551
3,0.23911021649837494,2552
3,0.16689006984233856,2553
3,0.16586770117282867,2554
3,0.11479046195745468,2555
4,0.14364120364189148,2556
3,0.21250589191913605,2557
3,0.2650846242904663,2558
1,0.0724930465221405,2559
1,0.08789396286010742,2560
3,0.2076062113046646,2561
3,0.20877934992313385,2562
1,0.13214586675167084,2563
3,0.2093336284160614,2564
3,0.2763463854789734,2565
3,0.27768877148628235,2566
3,0.20483750104904175,2567
3,0.09599918872117996,2568
3,0.11916413903236389,2569
3,0.1420455127954483,2570
3,0.22849039733409882,2571
3,0.2315039336681366,2572
3,0.20105792582035065,2573
3,0.11950041353702545,2574
3,0.27860110998153687,2575
3,0.16667932271957397,2576
3,0.23972854018211365,2577
3,0.21492524445056915,2578
3,0.24881158769130707,2579
3,0.2150721698999405,2580
3,0.23268002271652222,2581
3,0.2367779016494751,2582
3,0.23763835430145264,2583
3,0.18155820667743683,2584
3,0.27684274315834045,2585
3,0.21860168874263763,2586
3,0.16100351512432098,2587
3,0.11726979911327362,2588
3,0.2433801293373108,2589
2,0.18218034505844116,2590
3,0.2508794963359833,2591
3,0.2241547852754593,2592
3,0.19707752764225006,2593
3,0.25964030623435974,2594
3,0.18319064378738403,2595
3,0.28824806213378906,2596
3,0.2813816964626312,2597
3,0.2522008419036865,2598
3,0.2789286971092224,2599
3,0.24776341021060944,2600
2,0.30378222465515137,2601
3,0.2763652205467224,2602
3,0.28001004457473755,2603
3,0.2909800410270691,2604
3,0.253766804933548,2605
3,0.25065818428993225,2606
3,0.24918332695960999,2607
3,0.24894358217716217,2608
1,0.0875760018825531,2609
3,0.11505086719989777,2610
4,0.12471633404493332,2611
3,0.26354026794433594,2612
3,0.2811940610408783,2613
3,0.24290157854557037,2614
3,0.11431682854890823,2615
3,0.11523546278476715,2616
3,0.2197469174861908,2617
3,0.12112829089164734,2618
3,0.1252964586019516,2619
3,0.13944898545742035,2620
3,0.10314616560935974,2621
3,0.10813460499048233,2622
3,0.13925127685070038,2623
3,0.17202305793762207,2624
3,0.0980604887008667,2625
3,0.1030067726969719,2626
3,0.18321828544139862,2627
3,0.2276025265455246,2628
3,0.1930137425661087,2629
3,0.23282255232334137,2630
3,0.25801777839660645,2631
3,0.29515236616134644,2632
3,0.2845028340816498,2633
3,0.29915061593055725,2634
3,0.24400413036346436,2635
3,0.10932252556085587,2636
3,0.09900563210248947,2637
3,0.12488725781440735,2638
3,0.296882301568985,2639
3,0.2981528341770172,2640
3,0.2916276454925537,2641
1,0.19131219387054443,2642
3,0.2303161770105362,2643
1,0.10854682326316833,2644
3,0.12650682032108307,2645
3,0.13060879707336426,2646
3,0.13608606159687042,2647
3,0.17792771756649017,2648
3,0.17857851088047028,2649
3,0.2907918393611908,2650
3,0.2535618245601654,2651
3,0.11361849308013916,2652
3,0.13868574798107147,2653
2,0.3209780156612396,2654
3,0.3106527030467987,2655
3,0.30584701895713806,2656
3,0.2199036031961441,2657
3,0.17640259861946106,2658
3,0.2867377996444702,2659
3,0.2927715480327606,2660
3,0.2786831259727478,2661
3,0.25540196895599365,2662
3,0.09716976433992386,2663
3,0.2714095711708069,2664
1,0.24208544194698334,2665
3,0.2562430500984192,2666
3,0.16752000153064728,2667
3,0.23462876677513123,2668
3,0.3168174922466278,2669
3,0.19013753533363342,2670
1,0.06465867906808853,2671
3,0.09792672842741013,2672
3,0.1547522395849228,2673
3,0.3011156916618347,2674
3,0.2574440836906433,2675
3,0.09588778764009476,2676
3,0.14590291678905487,2677
3,0.1696416586637497,2678
3,0.238087460398674,2679
3,0.3277450501918793,2680
3,0.29732203483581543,2681
3,0.25830596685409546,2682
3,0.099124476313591,2683
3,0.13985711336135864,2684
3,0.1723185032606125,2685
3,0.17539939284324646,2686
3,0.1782076060771942,2687
3,0.1739538162946701,2688
2,0.28908422589302063,2689
3,0.2589207589626312,2690
3,0.22485142946243286,2691
3,0.21212470531463623,2692
3,0.19125083088874817,2693
3,0.09894514083862305,2694
3,0.13721691071987152,2695
3,0.17882956564426422,2696
3,0.17861129343509674,2697
3,0.1814599484205246,2698
3,0.3323262631893158,2699
3,0.2006228268146515,2700
3,0.10091915726661682,2701
3,0.09987911581993103,2702
3,0.1330035924911499,2703
3,0.1571137011051178,2704
3,0.21424555778503418,2705
1,0.09355478733778,2706
3,0.10150494426488876,2707
2,0.2877519726753235,2708
3,0.29187390208244324,2709
3,0.2618227005004883,2710
3,0.10420279949903488,2711
3,0.1305210441350937,2712
3,0.22590558230876923,2713
3,0.23929855227470398,2714
4,0.3288695216178894,2715
3,0.10374367237091064,2716
2,0.28659379482269287,2717
3,0.2660587728023529,2718
3,0.10153112560510635,2719
3,0.2955903112888336,2720
3,0.29551687836647034,2721
3,0.09593565762042999,2722
3,0.1283867061138153,2723
3,0.18221227824687958,2724
3,0.24344591796398163,2725
3,0.2978627681732178,2726
3,0.2677856981754303,2727
1,0.07953939586877823,2728
1,0.09420307725667953,2729
3,0.10733836144208908,2730
3,0.28028538823127747,2731
1,0.13694007694721222,2732
2,0.09461420029401779,2733
3,0.12701891362667084,2734
3,0.15549498796463013,2735
3,0.21386423707008362,2736
3,0.3383215367794037,2737
3,0.09914607554674149,2738
3,0.1752813160419464,2739
3,0.2675435245037079,2740
3,0.17251154780387878,2741
3,0.13789913058280945,2742
3,0.1027819886803627,2743
3,0.09855341166257858,2744
3,0.10850070416927338,2745
3,0.17259296774864197,2746
3,0.26352375745773315,2747
3,0.20229381322860718,2748
1,0.13531740009784698,2749
1,0.08531342446804047,2750
3,0.10040955990552902,2751
3,0.10191866010427475,2752
3,0.10261406749486923,2753
3,0.1575097292661667,2754
3,0.17993681132793427,2755
3,0.3120325803756714,2756
3,0.15798191726207733,2757
3,0.17171958088874817,2758
3,0.28185802698135376,2759
3,0.3105541169643402,2760
3,0.31159114837646484,2761
3,0.3121693730354309,2762
3,0.24967458844184875,2763
3,0.1860276460647583,2764
3,0.2483779639005661,2765
1,0.1324755996465683,2766
3,0.30213117599487305,2767
3,0.3083644509315491,2768
3,0.2731381058692932,2769
3,0.1806257665157318,2770
1,0.09294208139181137,2771
3,0.11231417208909988,2772
3,0.16754615306854248,2773
3,0.2514336109161377,2774
3,0.28622013330459595,2775
2,0.29280054569244385,2776
3,0.18385174870491028,2777
3,0.09321777522563934,2778
3,0.11618348956108093,2779
3,0.16170182824134827,2780
2,0.3578506112098694,2781
3,0.11896180361509323,2782
3,0.12041541934013367,2783
3,0.22404249012470245,2784
3,0.3060864806175232,2785
1,0.0981498435139656,2786
1,0.10080413520336151,2787
3,0.1299338936805725,2788
3,0.20518328249454498,2789
3,0.18265597522258759,2790
3,0.11364399641752243,2791
3,0.1324276477098465,2792
3,0.16361622512340546,2793
3,0.1640791893005371,2794
3,0.18860045075416565,2795
3,0.18910561501979828,2796
3,0.09223993867635727,2797
3,0.10872625559568405,2798
3,0.1572350561618805,2799
3,0.25595107674598694,2800
3,0.27972978353500366,2801
3,0.18017855286598206,2802
3,0.1903316229581833,2803
3,0.19157184660434723,2804
3,0.30852919816970825,2805
3,0.24612227082252502,2806
1,0.11102294921875,2807
3,0.10270499438047409,2808
3,0.20688529312610626,2809
3,0.31548798084259033,2810
3,0.2801412343978882,2811
3,0.10697909444570541,2812
3,0.18994519114494324,2813
3,0.19165222346782684,2814
3,0.3019863963127136,2815
3,0.3289337754249573,2816
3,0.11137054115533829,2817
3,0.27811360359191895,2818
3,0.2955076992511749,2819
3,0.3278506100177765,2820
3,0.21702907979488373,2821
2,0.3006190359592438,2822
2,0.36264345049858093,2823
3,0.3328397870063782,2824
3,0.3198830187320709,2825
3,0.30920419096946716,2826
3,0.28625497221946716,2827
3,0.11379275470972061,2828
3,0.16855069994926453,2829
1,0.07894571125507355,2830
3,0.3358496129512787,2831
3,0.20670641958713531,2832
3,0.19379693269729614,2833
3,0.19587662816047668,2834
3,0.1934337615966797,2835
3,0.28980833292007446,2836
3,0.1048416867852211,2837
3,0.19484929740428925,2838
3,0.11504080146551132,2839
3,0.12361035495996475,2840
1,0.11920187622308731,2841
3,0.19658736884593964,2842
3,0.30907508730888367,2843
3,0.28657984733581543,2844
3,0.1143878623843193,2845
3,0.20810720324516296,2846
3,0.18523256480693817,2847
3,0.1821155846118927,2848
3,0.10371647775173187,2849
3,0.1053522601723671,2850
3,0.1958843171596527,2851
3,0.2096169888973236,2852
3,0.29584091901779175,2853
1,0.09037937968969345,2854
3,0.12418200820684433,2855
1,0.1310330033302307,2856
3,0.18153850734233856,2857
3,0.12035366147756577,2858
3,0.19119884073734283,2859
3,0.19984844326972961,2860
3,0.2040785849094391,2861
3,0.14569775760173798,2862
1,0.12088438123464584,2863
3,0.1165667176246643,2864
4,0.19963835179805756,2865
3,0.27267372608184814,2866
3,0.29207855463027954,2867
3,0.18271222710609436,2868
3,0.11628884077072144,2869
3,0.11743859946727753,2870
3,0.1996016502380371,2871
3,0.22268417477607727,2872
3,0.27001506090164185,2873
3,0.2914208769798279,2874
3,0.303521066904068,2875
1,0.08886305242776871,2876
3,0.1028047651052475,2877
3,0.223404198884964,2878
3,0.29776492714881897,2879
3,0.22139553725719452,2880
3,0.09683835506439209,2881
3,0.20188482105731964,2882
3,0.25973549485206604,2883
3,0.18825562298297882,2884
3,0.10083462297916412,2885
3,0.11115465313196182,2886
3,0.11145403981208801,2887
3,0.2900443375110626,2888
3,0.1011117622256279,2889
3,0.11765304207801819,2890
3,0.13928017020225525,2891
3,0.2052483856678009,2892
3,0.27090415358543396,2893
3,0.27339106798171997,2894
2,0.36813250184059143,2895
3,0.18854717910289764,2896
2,0.09979524463415146,2897
3,0.10038696974515915,2898
3,0.1847533881664276,2899
3,0.30128562450408936,2900
2,0.3108845055103302,2901
3,0.09894749522209167,2902
3,0.1184091717004776,2903
3,0.15754856169223785,2904
3,0.18516017496585846,2905
3,0.20319153368473053,2906
3,0.20672951638698578,2907
3,0.20301389694213867,2908
3,0.21022075414657593,2909
3,0.21163615584373474,2910
3,0.2406768649816513,2911
3,0.3027673065662384,2912
3,0.10647054016590118,2913
3,0.10668882727622986,2914
3,0.1256515234708786,2915
3,0.14046400785446167,2916
3,0.10977776348590851,2917
3,0.17599928379058838,2918
3,0.17627985775470734,2919
3,0.20553267002105713,2920
1,0.2838648855686188,2921
1,0.13252981007099152,2922
3,0.10845314711332321,2923
3,0.11038297414779663,2924
3,0.3066432774066925,2925
3,0.3099323511123657,2926
3,0.26545628905296326,2927
3,0.14875592291355133,2928
1,0.11170682311058044,2929
3,0.14453519880771637,2930
2,0.31419625878334045,2931
3,0.30542099475860596,2932
3,0.310783326625824,2933
3,0.1483713984489441,2934
3,0.22910918295383453,2935
3,0.141165629029274,2936
3,0.12001725286245346,2937
3,0.21259330213069916,2938
3,0.30667755007743835,2939
3,0.13725461065769196,2940
3,0.1208791509270668,2941
3,0.14224427938461304,2942
3,0.3083239197731018,2943
2,0.31628474593162537,2944
3,0.2685193121433258,2945
3,0.1279773712158203,2946
3,0.12763255834579468,2947
3,0.29879242181777954,2948
3,0.09945511817932129,2949
3,0.17220677435398102,2950
3,0.21202582120895386,2951
3,0.2149118036031723,2952
3,0.21180692315101624,2953
3,0.21331389248371124,2954
3,0.2845041751861572,2955
2,0.12973682582378387,2956
3,0.12061459571123123,2957
3,0.10013564676046371,2958
3,0.10952317714691162,2959
3,0.3149479925632477,2960
3,0.14881713688373566,2961
3,0.1108260378241539,2962
3,0.14949528872966766,2963
3,0.11962330341339111,2964
3,0.12227632850408554,2965
1,0.239826500415802,2966
3,0.21433670818805695,2967
3,0.12032569944858551,2968
3,0.3129712641239166,2969
3,0.11740946024656296,2970
1,0.10778860747814178,2971
3,0.23583069443702698,2972
2,0.27964943647384644,2973
3,0.23916390538215637,2974
3,0.12116274982690811,2975
3,0.09786857664585114,2976
3,0.1148720309138298,2977
2,0.3240680694580078,2978
3,0.3202206790447235,2979
3,0.09652110189199448,2980
3,0.11540014296770096,2981
3,0.19148513674736023,2982
3,0.2246551215648651,2983
3,0.2510206997394562,2984
3,0.32661890983581543,2985
3,0.12434517592191696,2986
2,0.12038085609674454,2987
3,0.11421096324920654,2988
3,0.16498853266239166,2989
1,0.1106300801038742,2990
3,0.13463418185710907,2991
3,0.11018679291009903,2992
3,0.1117786392569542,2993
3,0.11269936710596085,2994
3,0.24967879056930542,2995
1,0.09485859423875809,2996
3,0.3305116891860962,2997
3,0.326985627412796,2998
1,0.1331484317779541,2999
1,0.08459876477718353,3000
3,0.1105688214302063,3001
3,0.11079078912734985,3002
3,0.11762603372335434,3003
3,0.2983554005622864,3004
3,0.3166278600692749,3005
3,0.15486359596252441,3006
3,0.1222231388092041,3007
3,0.14735884964466095,3008
1,0.08474868535995483,3009
3,0.12261868268251419,3010
3,0.2895238697528839,3011
3,0.2092936784029007,3012
3,0.3243394196033478,3013
2,0.33134934306144714,3014
3,0.29068177938461304,3015
3,0.19722607731819153,3016
3,0.14835959672927856,3017
3,0.1261509656906128,3018
3,0.09660998731851578,3019
3,0.2501676082611084,3020
3,0.12700241804122925,3021
3,0.20670686662197113,3022
1,0.16113069653511047,3023
3,0.13041692972183228,3024
3,0.2355632483959198,3025
3,0.25535961985588074,3026
3,0.31859323382377625,3027
3,0.3566412925720215,3028
3,0.12200170755386353,3029
3,0.21214412152767181,3030
3,0.2378789484500885,3031
3,0.3617619276046753,3032
3,0.09314249455928802,3033
3,0.10474973917007446,3034
3,0.09367040544748306,3035
4,0.1170300841331482,3036
3,0.11807967722415924,3037
3,0.13165324926376343,3038
3,0.2183702141046524,3039
3,0.2269933670759201,3040
2,0.3830018639564514,3041
1,0.05224749073386192,3042
3,0.22651925683021545,3043
3,0.31626489758491516,3044
3,0.34283313155174255,3045
3,0.12362606078386307,3046
3,0.12669120728969574,3047
3,0.15128090977668762,3048
3,0.1517258584499359,3049
3,0.21293996274471283,3050
2,0.23928667604923248,3051
1,0.13601021468639374,3052
3,0.15872088074684143,3053
3,0.11543971300125122,3054
2,0.3848162889480591,3055
4,0.35191822052001953,3056
3,0.11986036598682404,3057
3,0.15619882941246033,3058
3,0.2580275535583496,3059
3,0.2441057413816452,3060
3,0.3080773949623108,3061
3,0.15320342779159546,3062
2,0.34234729409217834,3063
3,0.2164161205291748,3064
3,0.2158498913049698,3065
1,0.14633801579475403,3066
3,0.11977466195821762,3067
3,0.12092208862304688,3068
1,0.09278428554534912,3069
3,0.12059198319911957,3070
3,0.20312310755252838,3071
3,0.12943197786808014,3072
3,0.15453766286373138,3073
3,0.3123917281627655,3074
1,0.06352220475673676,3075
3,0.16527312994003296,3076
3,0.12805728614330292,3077
3,0.2590361535549164,3078
3,0.24479123950004578,3079
3,0.11781130731105804,3080
3,0.1320774108171463,3081
2,0.38870781660079956,3082
3,0.31408029794692993,3083
3,0.33232995867729187,3084
3,0.2351912558078766,3085
3,0.25646597146987915,3086
3,0.24698586761951447,3087
3,0.15658535063266754,3088
1,0.04782954603433609,3089
3,0.1797439455986023,3090
3,0.3354911804199219,3091
3,0.11543381959199905,3092
3,0.12265384942293167,3093
3,0.1747208684682846,3094
3,0.3789061903953552,3095
3,0.06592860817909241,3096
3,0.1154494360089302,3097
3,0.14899280667304993,3098
3,0.16950692236423492,3099
2,0.39078983664512634,3100
3,0.3779507577419281,3101
3,0.38159623742103577,3102
3,0.3705792725086212,3103
3,0.1229800209403038,3104
3,0.16286295652389526,3105
3,0.16551268100738525,3106
3,0.1878056675195694,3107
3,0.19592957198619843,3108
3,0.2032937854528427,3109
3,0.20926900207996368,3110
3,0.14854861795902252,3111
3,0.15343022346496582,3112
2,0.3530842065811157,3113
3,0.09872844815254211,3114
3,0.15947642922401428,3115
3,0.16083328425884247,3116
3,0.19810672104358673,3117
3,0.09440939128398895,3118
3,0.11858692020177841,3119
3,0.2616271376609802,3120
2,0.39289402961730957,3121
3,0.21184463798999786,3122
3,0.17217490077018738,3123
3,0.13320568203926086,3124
3,0.10831581056118011,3125
2,0.39310938119888306,3126
1,0.09407021105289459,3127
3,0.15541402995586395,3128
3,0.10378193855285645,3129
3,0.2555638551712036,3130
3,0.15190623700618744,3131
1,0.14627394080162048,3132
1,0.06008756160736084,3133
3,0.11954239010810852,3134
3,0.2671242654323578,3135
3,0.31194910407066345,3136
3,0.17498697340488434,3137
3,0.14920252561569214,3138
3,0.13290129601955414,3139
3,0.31304171681404114,3140
2,0.39502111077308655,3141
3,0.3324948847293854,3142
3,0.16242842376232147,3143
3,0.15102873742580414,3144
3,0.1181722953915596,3145
3,0.20317411422729492,3146
3,0.26922765374183655,3147
3,0.13378164172172546,3148
3,0.2581216096878052,3149
1,0.15730823576450348,3150
2,0.3628118634223938,3151
3,0.20160160958766937,3152
3,0.16743439435958862,3153
3,0.11121972650289536,3154
3,0.12895143032073975,3155
3,0.1388731300830841,3156
3,0.2907298803329468,3157
3,0.15567032992839813,3158
3,0.12595269083976746,3159
3,0.1345263421535492,3160
3,0.20818187296390533,3161
3,0.09563909471035004,3162
1,0.08617642521858215,3163
3,0.10051921010017395,3164
3,0.20878326892852783,3165
3,0.2164667844772339,3166
3,0.16267332434654236,3167
3,0.16201341152191162,3168
1,0.10874422639608383,3169
3,0.10038649290800095,3170
3,0.20577020943164825,3171
3,0.2061414122581482,3172
3,0.2773536145687103,3173
3,0.20537826418876648,3174
3,0.153658926486969,3175
3,0.1676080822944641,3176
4,0.21567308902740479,3177
3,0.15846695005893707,3178
3,0.08253401517868042,3179
3,0.20758527517318726,3180
3,0.36817431449890137,3181
3,0.2667563259601593,3182
3,0.12090100347995758,3183
3,0.221968874335289,3184
2,0.3998827636241913,3185
3,0.26630648970603943,3186
1,0.08801593631505966,3187
3,0.27453818917274475,3188
3,0.2086603343486786,3189
1,0.07610912621021271,3190
1,0.08907422423362732,3191
3,0.1999029964208603,3192
2,0.40032920241355896,3193
3,0.28540703654289246,3194
3,0.26930609345436096,3195
3,0.26779425144195557,3196
3,0.17079009115695953,3197
3,0.239850714802742,3198
3,0.25414252281188965,3199
3,0.13777270913124084,3200
3,0.0878828912973404,3201
3,0.17014148831367493,3202
3,0.1951501965522766,3203
3,0.28323855996131897,3204
3,0.26561200618743896,3205
3,0.2532099187374115,3206
3,0.15699240565299988,3207
3,0.14852666854858398,3208
3,0.21132242679595947,3209
3,0.272646427154541,3210
1,0.09870172291994095,3211
1,0.1315193772315979,3212
3,0.09732367843389511,3213
1,0.08801400661468506,3214
3,0.15101023018360138,3215
3,0.2914527654647827,3216
1,0.15305033326148987,3217
1,0.08899636566638947,3218
1,0.08808036148548126,3219
3,0.12017799913883209,3220
3,0.156291663646698,3221
3,0.2270812839269638,3222
1,0.06806138157844543,3223
3,0.09809941053390503,3224
3,0.1765788346529007,3225
3,0.09651854634284973,3226
3,0.08822580426931381,3227
3,0.09150851517915726,3228
3,0.09723571687936783,3229
3,0.294759601354599,3230
3,0.26790717244148254,3231
3,0.09630933403968811,3232
3,0.21862441301345825,3233
3,0.22210507094860077,3234
3,0.10370834916830063,3235
1,0.10311879962682724,3236
1,0.09054654091596603,3237
3,0.09263879060745239,3238
3,0.2219381332397461,3239
3,0.289608359336853,3240
3,0.29947882890701294,3241
1,0.08879905939102173,3242
1,0.0878610834479332,3243
3,0.09603215008974075,3244
3,0.225768581032753,3245
3,0.2639913260936737,3246
3,0.10343275219202042,3247
3,0.14230959117412567,3248
3,0.201993927359581,3249
3,0.17703954875469208,3250
3,0.09900884330272675,3251
3,0.13255658745765686,3252
1,0.1582002192735672,3253
3,0.19760669767856598,3254
3,0.14710760116577148,3255
3,0.09119968861341476,3256
3,0.09495796263217926,3257
3,0.2977854907512665,3258
2,0.38285911083221436,3259
3,0.24278806149959564,3260
3,0.19821541011333466,3261
3,0.09064005315303802,3262
3,0.12267076969146729,3263
3,0.16942258179187775,3264
3,0.2651031017303467,3265
3,0.21035775542259216,3266
3,0.0971890538930893,3267
3,0.12624862790107727,3268
3,0.17781224846839905,3269
3,0.23371876776218414,3270
3,0.32981255650520325,3271
3,0.11942369490861893,3272
3,0.1451493352651596,3273
3,0.17070560157299042,3274
3,0.21561935544013977,3275
3,0.22729922831058502,3276
3,0.23023897409439087,3277
3,0.35737913846969604,3278
1,0.26116645336151123,3279
1,0.1943846046924591,3280
1,0.1031791940331459,3281
1,0.09125115722417831,3282
3,0.09211280196905136,3283
3,0.09611634165048599,3284
3,0.24378781020641327,3285
3,0.17838601768016815,3286
3,0.13503924012184143,3287
3,0.14309130609035492,3288
3,0.15182560682296753,3289
3,0.20575100183486938,3290
3,0.23667964339256287,3291
3,0.344981849193573,3292
3,0.36102840304374695,3293
3,0.12004312872886658,3294
3,0.09247449040412903,3295
3,0.09303057938814163,3296
3,0.13781285285949707,3297
3,0.2114829421043396,3298
3,0.09715546667575836,3299
3,0.14395195245742798,3300
3,0.19921226799488068,3301
3,0.24699757993221283,3302
3,0.20743651688098907,3303
3,0.21580258011817932,3304
3,0.21493564546108246,3305
3,0.1170760840177536,3306
3,0.10552283376455307,3307
3,0.14640800654888153,3308
2,0.14421862363815308,3309
3,0.2336377650499344,3310
3,0.2395980954170227,3311
3,0.20819221436977386,3312
3,0.10095834732055664,3313
3,0.22195051610469818,3314
1,0.20124849677085876,3315
3,0.20932693779468536,3316
3,0.144814133644104,3317
2,0.2212563008069992,3318
3,0.20881932973861694,3319
3,0.20998618006706238,3320
3,0.14880089461803436,3321
1,0.09227625280618668,3322
3,0.10590829700231552,3323
3,0.09865785390138626,3324
3,0.2200702279806137,3325
3,0.20829083025455475,3326
3,0.09472404420375824,3327
3,0.0975334420800209,3328
3,0.13590721786022186,3329
3,0.21362364292144775,3330
3,0.23976850509643555,3331
3,0.2834801971912384,3332
3,0.14513368904590607,3333
3,0.28467410802841187,3334
3,0.36475375294685364,3335
3,0.23787155747413635,3336
3,0.21143946051597595,3337
3,0.2063748985528946,3338
3,0.19824925065040588,3339
3,0.09230948984622955,3340
3,0.09591178596019745,3341
3,0.11271139979362488,3342
3,0.1484118103981018,3343
3,0.14561089873313904,3344
3,0.20732314884662628,3345
3,0.22152066230773926,3346
3,0.21729961037635803,3347
3,0.21487270295619965,3348
3,0.09616439789533615,3349
3,0.2396634817123413,3350
3,0.2337704598903656,3351
3,0.20842500030994415,3352
1,0.061002444475889206,3353
1,0.08008604496717453,3354
3,0.24406129121780396,3355
2,0.3831980526447296,3356
3,0.2153504490852356,3357
3,0.21738705039024353,3358
1,0.09658907353878021,3359
1,0.10801518708467484,3360
1,0.1010131686925888,3361
3,0.25992417335510254,3362
3,0.2275567352771759,3363
3,0.21611054241657257,3364
1,0.09356653690338135,3365
3,0.10946090519428253,3366
3,0.26715087890625,3367
3,0.13640165328979492,3368
3,0.1004839837551117,3369
3,0.08142036944627762,3370
3,0.09730503708124161,3371
2,0.11031416058540344,3372
3,0.13999612629413605,3373
3,0.22601519525051117,3374
3,0.11130637675523758,3375
3,0.23813515901565552,3376
3,0.21670882403850555,3377
3,0.21181204915046692,3378
3,0.09864295274019241,3379
2,0.1000138372182846,3380
3,0.22292117774486542,3381
3,0.20991401374340057,3382
3,0.10218529403209686,3383
3,0.14888685941696167,3384
3,0.15011975169181824,3385
3,0.15031664073467255,3386
3,0.19630253314971924,3387
3,0.14015376567840576,3388
3,0.14950579404830933,3389
3,0.2208755761384964,3390
3,0.23023667931556702,3391
3,0.23257091641426086,3392
1,0.0674901083111763,3393
3,0.1480642557144165,3394
3,0.3054030239582062,3395
3,0.0876883938908577,3396
3,0.08993783593177795,3397
3,0.22848141193389893,3398
3,0.24158786237239838,3399
3,0.15146583318710327,3400
3,0.1524547040462494,3401
3,0.26314374804496765,3402
1,0.05470358952879906,3403
3,0.16099469363689423,3404
3,0.05999327450990677,3405
3,0.13120177388191223,3406
3,0.16300539672374725,3407
3,0.15506643056869507,3408
3,0.3167320191860199,3409
2,0.3844451904296875,3410
1,0.059503890573978424,3411
3,0.13464343547821045,3412
3,0.24890141189098358,3413
3,0.13380394876003265,3414
3,0.09522277861833572,3415
3,0.1887560337781906,3416
1,0.08358848839998245,3417
3,0.24843333661556244,3418
3,0.280038446187973,3419
3,0.23217646777629852,3420
3,0.229120135307312,3421
3,0.21521495282649994,3422
3,0.22000595927238464,3423
3,0.12634700536727905,3424
3,0.14074335992336273,3425
3,0.12512700259685516,3426
3,0.14012834429740906,3427
3,0.2351362705230713,3428
3,0.3212459683418274,3429
3,0.23594002425670624,3430
3,0.37376153469085693,3431
3,0.2087145745754242,3432
3,0.2286112755537033,3433
3,0.12071415036916733,3434
3,0.18096062541007996,3435
3,0.3771444261074066,3436
3,0.10275097191333771,3437
3,0.21000182628631592,3438
2,0.38461604714393616,3439
3,0.12252011150121689,3440
3,0.21704354882240295,3441
1,0.1029856875538826,3442
3,0.19953186810016632,3443
3,0.10334726423025131,3444
3,0.08820551633834839,3445
3,0.252675861120224,3446
3,0.10747277736663818,3447
3,0.10472910106182098,3448
3,0.25169533491134644,3449
3,0.2409128099679947,3450
3,0.2166248857975006,3451
3,0.11124227195978165,3452
3,0.1869753748178482,3453
3,0.3219660222530365,3454
3,0.3283752202987671,3455
3,0.36939600110054016,3456
3,0.10307474434375763,3457
3,0.1585312783718109,3458
3,0.19741062819957733,3459
3,0.11161981523036957,3460
3,0.10308898240327835,3461
3,0.10698072612285614,3462
1,0.11993522197008133,3463
3,0.3489239513874054,3464
3,0.1297987997531891,3465
1,0.11086724698543549,3466
3,0.19102375209331512,3467
3,0.26635128259658813,3468
3,0.09829714894294739,3469
3,0.3543173372745514,3470
3,0.12095319479703903,3471
3,0.35784393548965454,3472
3,0.26024749875068665,3473
3,0.2261633574962616,3474
1,0.08620788156986237,3475
1,0.087447889149189,3476
3,0.2181549221277237,3477
3,0.37521466612815857,3478
2,0.38557904958724976,3479
3,0.37178751826286316,3480
3,0.16084931790828705,3481
3,0.19523248076438904,3482
3,0.1612074375152588,3483
3,0.10184381902217865,3484
3,0.09683991968631744,3485
3,0.09905574470758438,3486
3,0.24517002701759338,3487
3,0.23037990927696228,3488
3,0.10316328704357147,3489
1,0.10348930209875107,3490
3,0.21207404136657715,3491
3,0.23368817567825317,3492
3,0.10271064192056656,3493
3,0.08691132068634033,3494
3,0.09745705127716064,3495
3,0.16681945323944092,3496
3,0.21337474882602692,3497
3,0.23023605346679688,3498
3,0.1549079865217209,3499
3,0.14001786708831787,3500
3,0.08996012806892395,3501
3,0.2751709222793579,3502
3,0.2352595329284668,3503
2,0.15757118165493011,3504
3,0.12233894318342209,3505
3,0.19962069392204285,3506
3,0.25873252749443054,3507
3,0.0936698317527771,3508
3,0.22792990505695343,3509
3,0.15950682759284973,3510
3,0.10075685381889343,3511
3,0.22556369006633759,3512
3,0.34047627449035645,3513
3,0.1772552728652954,3514
3,0.17097140848636627,3515
3,0.1134568452835083,3516
3,0.10039745271205902,3517
3,0.3455461263656616,3518
3,0.28030160069465637,3519
3,0.27874845266342163,3520
3,0.2508702874183655,3521
3,0.24629119038581848,3522
3,0.23975354433059692,3523
3,0.17565909028053284,3524
3,0.16449515521526337,3525
3,0.11377992480993271,3526
3,0.199930801987648,3527
3,0.25917741656303406,3528
3,0.27712416648864746,3529
3,0.18159039318561554,3530
3,0.11396943032741547,3531
3,0.28464221954345703,3532
3,0.241985484957695,3533
3,0.2297022044658661,3534
1,0.0858198031783104,3535
3,0.15791283547878265,3536
3,0.17413869500160217,3537
3,0.08999429643154144,3538
3,0.22213712334632874,3539
1,0.09016891568899155,3540
3,0.11670944094657898,3541
3,0.1598186194896698,3542
3,0.36641454696655273,3543
2,0.3866331875324249,3544
3,0.19200561940670013,3545
3,0.1915895640850067,3546
3,0.10005101561546326,3547
3,0.12461023032665253,3548
3,0.2515244483947754,3549
3,0.12406826764345169,3550
3,0.09685727953910828,3551
3,0.1540721207857132,3552
3,0.09172175824642181,3553
3,0.16612356901168823,3554
3,0.22973127663135529,3555
3,0.2549234926700592,3556
3,0.1636146903038025,3557
3,0.08819524943828583,3558
3,0.10720847547054291,3559
3,0.23398756980895996,3560
3,0.17800702154636383,3561
3,0.23749235272407532,3562
3,0.2618097960948944,3563
3,0.2342262715101242,3564
3,0.2348019778728485,3565
3,0.2252393662929535,3566
1,0.1487080603837967,3567
1,0.06794478744268417,3568
3,0.23644255101680756,3569
3,0.3192277252674103,3570
3,0.24129058420658112,3571
3,0.125376895070076,3572
1,0.05565217509865761,3573
3,0.15273378789424896,3574
3,0.10889233648777008,3575
1,0.1285920888185501,3576
3,0.2825518250465393,3577
3,0.24339552223682404,3578
3,0.2315160036087036,3579
3,0.11841145902872086,3580
1,0.14409242570400238,3581
1,0.1294936090707779,3582
3,0.15526266396045685,3583
1,0.08831827342510223,3584
3,0.27630624175071716,3585
3,0.12718108296394348,3586
1,0.09470899403095245,3587
3,0.2927970290184021,3588
3,0.31029966473579407,3589
1,0.0567573681473732,3590
3,0.24251434206962585,3591
1,0.1499599814414978,3592
3,0.2988012433052063,3593
3,0.09452395886182785,3594
3,0.11375696957111359,3595
3,0.25093480944633484,3596
3,0.1208977997303009,3597
3,0.09452347457408905,3598
2,0.2117093801498413,3599
2,0.31681549549102783,3600
3,0.13984186947345734,3601
1,0.0853739008307457,3602
3,0.2860191762447357,3603
3,0.3443957269191742,3604
3,0.14095726609230042,3605
3,0.10573560744524002,3606
1,0.0939834788441658,3607
3,0.17206498980522156,3608
2,0.21496061980724335,3609
3,0.12797948718070984,3610
3,0.12200619280338287,3611
3,0.1422959566116333,3612
3,0.17291492223739624,3613
3,0.2184000313282013,3614
1,0.17138873040676117,3615
3,0.17424547672271729,3616
3,0.17289279401302338,3617
3,0.169051855802536,3618
3,0.16381679475307465,3619
3,0.2157442420721054,3620
3,0.22022691369056702,3621
3,0.12250211834907532,3622
3,0.14195211231708527,3623
3,0.12445487082004547,3624
3,0.12949617207050323,3625
3,0.1618403196334839,3626
3,0.12116143107414246,3627
3,0.24339145421981812,3628
3,0.20437976717948914,3629
3,0.11026298999786377,3630
3,0.07015763223171234,3631
3,0.130855992436409,3632
3,0.265925794839859,3633
3,0.36105969548225403,3634
2,0.30684804916381836,3635
3,0.1202884167432785,3636
3,0.1275777965784073,3637
3,0.2681947946548462,3638
3,0.16079984605312347,3639
3,0.11642332375049591,3640
3,0.12071873992681503,3641
2,0.3879537582397461,3642
3,0.16671282052993774,3643
3,0.09253508597612381,3644
1,0.06510482728481293,3645
3,0.37112608551979065,3646
3,0.14715714752674103,3647
2,0.3026851713657379,3648
3,0.1260252445936203,3649
3,0.10417384654283524,3650
3,0.1369350403547287,3651
4,0.21324139833450317,3652
3,0.11754684150218964,3653
3,0.08766588568687439,3654
1,0.08744083344936371,3655
3,0.28430312871932983,3656
3,0.10061716288328171,3657
3,0.2350008636713028,3658
1,0.059608738869428635,3659
3,0.12124297022819519,3660
3,0.18574492633342743,3661
2,0.2974886894226074,3662
3,0.09098798781633377,3663
3,0.17762070894241333,3664
1,0.09055005759000778,3665
3,0.08712522685527802,3666
3,0.11640358716249466,3667
3,0.17125606536865234,3668
3,0.11244969815015793,3669
3,0.2843884527683258,3670
3,0.382491797208786,3671
3,0.28607481718063354,3672
2,0.3892321288585663,3673
1,0.08478257060050964,3674
3,0.27682986855506897,3675
3,0.13032937049865723,3676
1,0.08993370085954666,3677
2,0.2977144718170166,3678
1,0.09380723536014557,3679
3,0.1520025134086609,3680
3,0.11191653460264206,3681
3,0.13639889657497406,3682
3,0.3612353205680847,3683
3,0.103169284760952,3684
3,0.1156996488571167,3685
3,0.13339318335056305,3686
3,0.29336273670196533,3687
3,0.09455107897520065,3688
3,0.09272848069667816,3689
3,0.11377140879631042,3690
3,0.11375463753938675,3691
3,0.116452157497406,3692
1,0.09291620552539825,3693
3,0.19327130913734436,3694
3,0.11410824209451675,3695
3,0.11602753400802612,3696
3,0.10516416281461716,3697
3,0.26220273971557617,3698
3,0.25505468249320984,3699
3,0.35048291087150574,3700
3,0.23816503584384918,3701
3,0.3027687668800354,3702
2,0.3900062143802643,3703
3,0.37423625588417053,3704
3,0.11922219395637512,3705
3,0.185768723487854,3706
3,0.20157937705516815,3707
3,0.2019556611776352,3708
3,0.23451261222362518,3709
3,0.14666347205638885,3710
3,0.10028883814811707,3711
3,0.25171974301338196,3712
3,0.10711218416690826,3713
3,0.12780308723449707,3714
3,0.20436795055866241,3715
3,0.36580419540405273,3716
3,0.09951511025428772,3717
1,0.12506304681301117,3718
3,0.10523820668458939,3719
3,0.11421571671962738,3720
2,0.3903944194316864,3721
3,0.21921831369400024,3722
3,0.1451634168624878,3723
3,0.10396811366081238,3724
3,0.10139364749193192,3725
3,0.28915122151374817,3726
3,0.2274681031703949,3727
3,0.1057787612080574,3728
3,0.09285314381122589,3729
3,0.18920361995697021,3730
3,0.27152585983276367,3731
3,0.27987271547317505,3732
3,0.19826287031173706,3733
3,0.1097976341843605,3734
3,0.10553710907697678,3735
3,0.21368055045604706,3736
2,0.390695184469223,3737
2,0.3123425841331482,3738
3,0.11819980293512344,3739
3,0.09030449390411377,3740
3,0.2637788653373718,3741
3,0.3073273301124573,3742
3,0.10162033885717392,3743
2,0.12914684414863586,3744
3,0.26617926359176636,3745
3,0.10140367597341537,3746
3,0.12300980091094971,3747
4,0.12929895520210266,3748
3,0.18091297149658203,3749
3,0.10547929257154465,3750
1,0.08535875380039215,3751
3,0.18080440163612366,3752
3,0.2501223385334015,3753
3,0.33166414499282837,3754
3,0.10372868180274963,3755
3,0.25013232231140137,3756
3,0.24917645752429962,3757
3,0.18249572813510895,3758
3,0.09893093258142471,3759
3,0.11256646364927292,3760
1,0.12191624194383621,3761
3,0.17336487770080566,3762
3,0.24851371347904205,3763
3,0.2208445519208908,3764
3,0.2362067848443985,3765
3,0.21952272951602936,3766
3,0.11306004971265793,3767
3,0.10681350529193878,3768
3,0.17258787155151367,3769
3,0.20628012716770172,3770
3,0.12995272874832153,3771
3,0.09154965728521347,3772
3,0.20032161474227905,3773
3,0.09680870920419693,3774
1,0.09625925868749619,3775
3,0.1435602456331253,3776
3,0.17980264127254486,3777
3,0.20095768570899963,3778
2,0.3914751708507538,3779
3,0.09296710044145584,3780
1,0.07626165449619293,3781
3,0.2705897390842438,3782
3,0.38596224784851074,3783
3,0.14120249450206757,3784
1,0.11946971714496613,3785
2,0.3912615180015564,3786
1,0.14842823147773743,3787
3,0.10815262049436569,3788
3,0.10382509976625443,3789
3,0.36246418952941895,3790
3,0.1450524479150772,3791
3,0.10924017429351807,3792
3,0.09494104236364365,3793
3,0.17727059125900269,3794
3,0.20083732903003693,3795
3,0.13896293938159943,3796
3,0.1360318511724472,3797
3,0.20652364194393158,3798
3,0.10476654767990112,3799
3,0.094017893075943,3800
4,0.18593013286590576,3801
3,0.2640448212623596,3802
3,0.2529565691947937,3803
3,0.11699660867452621,3804
3,0.10520903766155243,3805
3,0.10924644768238068,3806
1,0.1319919228553772,3807
3,0.16935127973556519,3808
3,0.19300764799118042,3809
3,0.2024906575679779,3810
3,0.1962340772151947,3811
3,0.16817700862884521,3812
3,0.21809080243110657,3813
3,0.19259847700595856,3814
4,0.08965998142957687,3815
3,0.2671760320663452,3816
3,0.26783424615859985,3817
3,0.1527918130159378,3818
3,0.15561345219612122,3819
3,0.23509228229522705,3820
3,0.10687828063964844,3821
3,0.09244733303785324,3822
3,0.24572332203388214,3823
3,0.20783783495426178,3824
3,0.10890361666679382,3825
3,0.10953257232904434,3826
3,0.15747785568237305,3827
3,0.11001540720462799,3828
3,0.10812179744243622,3829
3,0.10341597348451614,3830
2,0.39204370975494385,3831
3,0.17799310386180878,3832
3,0.1659037321805954,3833
3,0.11951009929180145,3834
3,0.1361253708600998,3835
3,0.1220472902059555,3836
3,0.29617300629615784,3837
3,0.13467960059642792,3838
3,0.09742996096611023,3839
3,0.20627683401107788,3840
3,0.2972896695137024,3841
3,0.15273906290531158,3842
3,0.12106428295373917,3843
3,0.18592384457588196,3844
3,0.2305787056684494,3845
3,0.17450398206710815,3846
3,0.11364146322011948,3847
3,0.19505253434181213,3848
3,0.10884164273738861,3849
3,0.10157233476638794,3850
3,0.14276409149169922,3851
3,0.16252641379833221,3852
3,0.3116822838783264,3853
3,0.1825079321861267,3854
3,0.23771773278713226,3855
3,0.22946776449680328,3856
3,0.18035650253295898,3857
3,0.14064212143421173,3858
1,0.11070043593645096,3859
3,0.24632254242897034,3860
3,0.10771389305591583,3861
3,0.1521134376525879,3862
3,0.33878105878829956,3863
3,0.11229629814624786,3864
3,0.18520677089691162,3865
3,0.08911581337451935,3866
3,0.2718220353126526,3867
3,0.1652064472436905,3868
1,0.09119266271591187,3869
3,0.21594859659671783,3870
3,0.18192577362060547,3871
3,0.13848908245563507,3872
3,0.3577425479888916,3873
3,0.10473993420600891,3874
3,0.13814115524291992,3875
3,0.2645273506641388,3876
3,0.17186130583286285,3877
3,0.21554522216320038,3878
3,0.15776558220386505,3879
3,0.10323179513216019,3880
3,0.1020035594701767,3881
3,0.09972602128982544,3882
3,0.1748950183391571,3883
3,0.09716920554637909,3884
3,0.15997599065303802,3885
3,0.1536439210176468,3886
3,0.09413865208625793,3887
3,0.1949075609445572,3888
1,0.13971559703350067,3889
3,0.20301438868045807,3890
3,0.10580267012119293,3891
3,0.10399307310581207,3892
3,0.17238610982894897,3893
2,0.3932228684425354,3894
3,0.1160774752497673,3895
3,0.16771452128887177,3896
3,0.2397157996892929,3897
3,0.21288177371025085,3898
3,0.1584181785583496,3899
3,0.11531808227300644,3900
3,0.10696712136268616,3901
3,0.09659253060817719,3902
3,0.11256218701601028,3903
3,0.11644524335861206,3904
3,0.1433134526014328,3905
3,0.1483170986175537,3906
3,0.10822667181491852,3907
3,0.08986181765794754,3908
3,0.11579915881156921,3909
3,0.1481269896030426,3910
3,0.18192264437675476,3911
3,0.15138199925422668,3912
3,0.21994107961654663,3913
3,0.2029847502708435,3914
3,0.11728852987289429,3915
3,0.10992997884750366,3916
3,0.10344471037387848,3917
3,0.1017487496137619,3918
3,0.13627907633781433,3919
3,0.11712917685508728,3920
3,0.13620448112487793,3921
3,0.13746455311775208,3922
3,0.17454272508621216,3923
3,0.19197745621204376,3924
3,0.14283765852451324,3925
3,0.09765520691871643,3926
3,0.1133313775062561,3927
3,0.19084961712360382,3928
3,0.10702525824308395,3929
3,0.09792231023311615,3930
3,0.09783408045768738,3931
3,0.14384081959724426,3932
3,0.16070884466171265,3933
3,0.16361567378044128,3934
3,0.14086580276489258,3935
3,0.13140477240085602,3936
3,0.12713029980659485,3937
3,0.10487394034862518,3938
3,0.11425917595624924,3939
3,0.23996971547603607,3940
3,0.15169821679592133,3941
3,0.10331820696592331,3942
3,0.10829340666532516,3943
3,0.11507438868284225,3944
4,0.11662992089986801,3945
3,0.1177920401096344,3946
3,0.15917767584323883,3947
3,0.14797808229923248,3948
3,0.12131524831056595,3949
3,0.10563241690397263,3950
3,0.09721824526786804,3951
3,0.11797524243593216,3952
3,0.24421700835227966,3953
3,0.09549576044082642,3954
3,0.10133127868175507,3955
3,0.10753819346427917,3956
3,0.1723347157239914,3957
3,0.1731305569410324,3958
3,0.17621135711669922,3959
3,0.18227121233940125,3960
3,0.2561386227607727,3961
3,0.13747373223304749,3962
2,0.38214439153671265,3963
3,0.09566255658864975,3964
3,0.1292966902256012,3965
3,0.17907428741455078,3966
3,0.1739516258239746,3967
3,0.0978093147277832,3968
3,0.09925142675638199,3969
3,0.27078720927238464,3970
3,0.10367759317159653,3971
3,0.09998597949743271,3972
3,0.0943404957652092,3973
3,0.1476176232099533,3974
3,0.14802654087543488,3975
3,0.15442752838134766,3976
3,0.24410316348075867,3977
3,0.31459733843803406,3978
3,0.13080276548862457,3979
3,0.1089886724948883,3980
4,0.10404358059167862,3981
3,0.09460415691137314,3982
3,0.23361918330192566,3983
3,0.2537594139575958,3984
3,0.1901259571313858,3985
3,0.1393287479877472,3986
3,0.13036946952342987,3987
3,0.3694094121456146,3988
3,0.12558937072753906,3989
3,0.14132526516914368,3990
3,0.09571497142314911,3991
3,0.2477862685918808,3992
2,0.3747948110103607,3993
3,0.1264999806880951,3994
3,0.10067979246377945,3995
3,0.11409451067447662,3996
3,0.2652657926082611,3997
2,0.09329099953174591,3998
3,0.2369907796382904,3999
3,0.14213348925113678,4000
3,0.10154180973768234,4001
3,0.09726488590240479,4002
3,0.15125122666358948,4003
3,0.27890798449516296,4004
3,0.11324620246887207,4005
3,0.2428121119737625,4006
2,0.3583436906337738,4007
3,0.15851856768131256,4008
3,0.12439963966608047,4009
3,0.11220833659172058,4010
3,0.12701773643493652,4011
3,0.3492937386035919,4012
3,0.11505082994699478,4013
3,0.09826039522886276,4014
3,0.1274385303258896,4015
3,0.28347232937812805,4016
3,0.09336773306131363,4017
3,0.273296058177948,4018
3,0.18430858850479126,4019
3,0.13964338600635529,4020
3,0.09787466377019882,4021
3,0.18361759185791016,4022
3,0.19126860797405243,4023
3,0.10574131458997726,4024
3,0.12583260238170624,4025
3,0.17693187296390533,4026
3,0.306114137172699,4027
3,0.32354703545570374,4028
3,0.16430875658988953,4029
3,0.3042227625846863,4030
3,0.16838416457176208,4031
3,0.1021026074886322,4032
1,0.07531316578388214,4033
3,0.2970123291015625,4034
3,0.13928206264972687,4035
3,0.2847384214401245,4036
3,0.22729410231113434,4037
3,0.10066938400268555,4038
3,0.1617736518383026,4039
3,0.1640632003545761,4040
3,0.17508436739444733,4041
2,0.3609122931957245,4042
3,0.13580381870269775,4043
3,0.12561523914337158,4044
3,0.12218203395605087,4045
3,0.1026475578546524,4046
3,0.09689291566610336,4047
1,0.08874521404504776,4048
3,0.2250128835439682,4049
3,0.21436332166194916,4050
3,0.18255114555358887,4051
3,0.27781549096107483,4052
3,0.35512661933898926,4053
3,0.22718004882335663,4054
3,0.12658080458641052,4055
3,0.12420127540826797,4056
3,0.1432364583015442,4057
3,0.20466676354408264,4058
2,0.35855358839035034,4059
3,0.24596388638019562,4060
3,0.09502797573804855,4061
3,0.09463738650083542,4062
3,0.1461571753025055,4063
3,0.20175720751285553,4064
3,0.2766537070274353,4065
3,0.18175174295902252,4066
3,0.15341457724571228,4067
3,0.19710148870944977,4068
3,0.20120899379253387,4069
3,0.25647756457328796,4070
3,0.2755223512649536,4071
3,0.32015281915664673,4072
3,0.2069535255432129,4073
3,0.20307579636573792,4074
3,0.28048574924468994,4075
3,0.2924746870994568,4076
3,0.30176517367362976,4077
3,0.27116885781288147,4078
3,0.18276460468769073,4079
3,0.10415919125080109,4080
3,0.10025766491889954,4081
3,0.1507178097963333,4082
3,0.15055766701698303,4083
3,0.14275723695755005,4084
3,0.31311678886413574,4085
3,0.27407917380332947,4086
3,0.14489330351352692,4087
3,0.10763919353485107,4088
3,0.12331932783126831,4089
3,0.1473008692264557,4090
3,0.14002008736133575,4091
1,0.09230201691389084,4092
1,0.09101754426956177,4093
3,0.14427362382411957,4094
3,0.19488391280174255,4095
3,0.09561379253864288,4096
3,0.14083419740200043,4097
3,0.17184357345104218,4098
3,0.18881037831306458,4099
3,0.13266457617282867,4100
3,0.09504750370979309,4101
3,0.15232102572917938,4102
2,0.3567572236061096,4103
3,0.13874615728855133,4104
3,0.13154353201389313,4105
3,0.12994195520877838,4106
3,0.11034943908452988,4107
3,0.12446053326129913,4108
3,0.12170425802469254,4109
3,0.09064289182424545,4110
3,0.10349766910076141,4111
3,0.11902443319559097,4112
3,0.17085401713848114,4113
3,0.31586888432502747,4114
3,0.12761428952217102,4115
3,0.10904375463724136,4116
3,0.10604004561901093,4117
3,0.10593224316835403,4118
3,0.17022664844989777,4119
3,0.22722236812114716,4120
3,0.2892169952392578,4121
3,0.1271757334470749,4122
3,0.12544751167297363,4123
3,0.3114951252937317,4124
3,0.11749298125505447,4125
3,0.0903627797961235,4126
3,0.152921661734581,4127
3,0.16996031999588013,4128
3,0.3414256274700165,4129
3,0.15527968108654022,4130
3,0.11554650962352753,4131
3,0.10685233771800995,4132
3,0.35042983293533325,4133
3,0.33376437425613403,4134
3,0.1646822839975357,4135
3,0.14723828434944153,4136
3,0.14510507881641388,4137
3,0.11306983977556229,4138
3,0.14664652943611145,4139
3,0.11406399309635162,4140
3,0.10774635523557663,4141
3,0.15976673364639282,4142
3,0.21385318040847778,4143
3,0.18351523578166962,4144
3,0.11079822480678558,4145
3,0.21112152934074402,4146
2,0.3566102385520935,4147
3,0.14310100674629211,4148
3,0.10829765349626541,4149
3,0.1158440113067627,4150
1,0.08512576669454575,4151
3,0.10267764329910278,4152
3,0.10648795962333679,4153
3,0.1850242167711258,4154
3,0.12490527331829071,4155
3,0.10350561887025833,4156
1,0.08935569226741791,4157
3,0.1242128312587738,4158
3,0.10836480557918549,4159
3,0.31038475036621094,4160
3,0.2675216794013977,4161
3,0.11731495708227158,4162
3,0.10116440802812576,4163
3,0.09514495730400085,4164
3,0.10709814727306366,4165
3,0.1760503202676773,4166
3,0.15015141665935516,4167
3,0.1440224051475525,4168
3,0.11589335650205612,4169
3,0.11439380794763565,4170
3,0.10938911139965057,4171
3,0.11992393434047699,4172
2,0.33770614862442017,4173
1,0.11585363000631332,4174
3,0.15419158339500427,4175
3,0.17216555774211884,4176
3,0.15804754197597504,4177
3,0.1549931913614273,4178
3,0.14838315546512604,4179
3,0.11340855807065964,4180
3,0.10940694808959961,4181
3,0.17354238033294678,4182
3,0.09993942826986313,4183
3,0.17230594158172607,4184
3,0.15887072682380676,4185
3,0.10957424342632294,4186
3,0.10262700915336609,4187
3,0.10239876806735992,4188
3,0.16814231872558594,4189
3,0.14310751855373383,4190
3,0.1099449023604393,4191
3,0.2717554569244385,4192
3,0.25872498750686646,4193
3,0.1419932097196579,4194
3,0.11016026139259338,4195
3,0.08490338921546936,4196
3,0.25238820910453796,4197
3,0.1712304651737213,4198
3,0.12331808358430862,4199
3,0.10933389514684677,4200
3,0.22609569132328033,4201
3,0.17049387097358704,4202
3,0.22087034583091736,4203
3,0.23639267683029175,4204
3,0.25599730014801025,4205
3,0.14112026989459991,4206
3,0.09854055941104889,4207
3,0.14970192313194275,4208
3,0.22749879956245422,4209
3,0.14190056920051575,4210
3,0.09438148140907288,4211
3,0.1082153469324112,4212
3,0.09686016291379929,4213
3,0.18199509382247925,4214
3,0.12839215993881226,4215
3,0.1259087175130844,4216
1,0.07544321566820145,4217
3,0.3065561354160309,4218
3,0.10703608393669128,4219
3,0.23566195368766785,4220
3,0.1446528136730194,4221
3,0.1746572107076645,4222
3,0.13179031014442444,4223
3,0.09758791327476501,4224
3,0.09489694982767105,4225
3,0.09640896320343018,4226
2,0.32639387249946594,4227
3,0.22756750881671906,4228
3,0.14008241891860962,4229
3,0.136644646525383,4230
3,0.1323791891336441,4231
3,0.13444869220256805,4232
3,0.13211236894130707,4233
3,0.14084039628505707,4234
3,0.12418046593666077,4235
3,0.21996499598026276,4236
3,0.10313072055578232,4237
3,0.09763477742671967,4238
3,0.11318325996398926,4239
3,0.2203839123249054,4240
3,0.21835945546627045,4241
3,0.19380909204483032,4242
3,0.17911016941070557,4243
3,0.10793545842170715,4244
3,0.13911312818527222,4245
3,0.13788169622421265,4246
2,0.3551420569419861,4247
3,0.20316265523433685,4248
3,0.17955265939235687,4249
3,0.2053055465221405,4250
3,0.15118564665317535,4251
3,0.0981254130601883,4252
3,0.21745812892913818,4253
3,0.2167997807264328,4254
3,0.20089587569236755,4255
3,0.0980350524187088,4256
3,0.10364904254674911,4257
3,0.2469443529844284,4258
3,0.3148283362388611,4259
3,0.10078229010105133,4260
1,0.059996288269758224,4261
3,0.2383042722940445,4262
3,0.24583594501018524,4263
2,0.31914982199668884,4264
3,0.16091512143611908,4265
3,0.13707579672336578,4266
3,0.13769365847110748,4267
3,0.1377858817577362,4268
3,0.14030028879642487,4269
3,0.13865745067596436,4270
3,0.13738903403282166,4271
3,0.09147761762142181,4272
3,0.13057738542556763,4273
3,0.1344546675682068,4274
3,0.1915273815393448,4275
3,0.19355709850788116,4276
3,0.12113829702138901,4277
3,0.17241132259368896,4278
3,0.2579898536205292,4279
3,0.33521968126296997,4280
3,0.1901390552520752,4281
3,0.14853249490261078,4282
3,0.1457671821117401,4283
3,0.1353152096271515,4284
3,0.17718039453029633,4285
3,0.18080846965312958,4286
3,0.1363394856452942,4287
3,0.26470518112182617,4288
3,0.15258784592151642,4289
3,0.11893980950117111,4290
3,0.1890711784362793,4291
3,0.19137068092823029,4292
3,0.1961778849363327,4293
3,0.2657337784767151,4294
3,0.2567335367202759,4295
3,0.19406063854694366,4296
2,0.1091744676232338,4297
3,0.1146434023976326,4298
3,0.2740311920642853,4299
3,0.10001760721206665,4300
3,0.10085491836071014,4301
3,0.1714857667684555,4302
3,0.25786587595939636,4303
3,0.13308760523796082,4304
3,0.0998818650841713,4305
3,0.22456087172031403,4306
2,0.35467541217803955,4307
3,0.16806505620479584,4308
3,0.19589710235595703,4309
3,0.32966601848602295,4310
3,0.10155313462018967,4311
3,0.16311244666576385,4312
3,0.09960047155618668,4313
3,0.11078321933746338,4314
3,0.28226834535598755,4315
3,0.10421352088451385,4316
3,0.10519080609083176,4317
3,0.16934537887573242,4318
2,0.31026363372802734,4319
3,0.34622472524642944,4320
3,0.2729823887348175,4321
3,0.10185184329748154,4322
3,0.08799619972705841,4323
3,0.13936331868171692,4324
3,0.2723197340965271,4325
3,0.09737462550401688,4326
3,0.14966566860675812,4327
3,0.16870304942131042,4328
3,0.14158469438552856,4329
3,0.3031556010246277,4330
3,0.14513440430164337,4331
3,0.27605050802230835,4332
3,0.25167766213417053,4333
3,0.10323171317577362,4334
3,0.16501489281654358,4335
3,0.09812572598457336,4336
3,0.10657605528831482,4337
2,0.31544578075408936,4338
3,0.11075926572084427,4339
3,0.19328534603118896,4340
3,0.28923124074935913,4341
3,0.10462614893913269,4342
3,0.14724674820899963,4343
3,0.170915886759758,4344
3,0.16566461324691772,4345
1,0.0836678072810173,4346
3,0.14960244297981262,4347
3,0.11988478899002075,4348
3,0.10507795214653015,4349
3,0.09910765290260315,4350
3,0.09984705597162247,4351
3,0.10582256317138672,4352
3,0.1325651854276657,4353
2,0.19493867456912994,4354
4,0.1952563375234604,4355
3,0.20360907912254333,4356
3,0.26446041464805603,4357
3,0.18149271607398987,4358
3,0.2715083956718445,4359
3,0.10945020616054535,4360
3,0.15978728234767914,4361
2,0.3537881076335907,4362
3,0.2694720923900604,4363
3,0.16251635551452637,4364
3,0.16225311160087585,4365
3,0.10948790609836578,4366
3,0.10799292474985123,4367
3,0.1801205575466156,4368
3,0.12480764091014862,4369
3,0.12431997805833817,4370
3,0.17904111742973328,4371
3,0.3006681501865387,4372
3,0.22056761384010315,4373
1,0.12791313230991364,4374
3,0.10485538840293884,4375
3,0.24108415842056274,4376
2,0.32823795080184937,4377
3,0.23495955765247345,4378
3,0.21470172703266144,4379
3,0.23422862589359283,4380
3,0.2047877013683319,4381
3,0.10876503586769104,4382
3,0.1570710688829422,4383
3,0.1925172209739685,4384
3,0.19667130708694458,4385
3,0.12314673513174057,4386
3,0.17569038271903992,4387
3,0.21882490813732147,4388
3,0.10384790599346161,4389
3,0.10320760309696198,4390
3,0.12747785449028015,4391
3,0.21294979751110077,4392
3,0.29121533036231995,4393
3,0.2696656286716461,4394
2,0.33548787236213684,4395
3,0.18439550697803497,4396
3,0.19556781649589539,4397
3,0.15667305886745453,4398
3,0.27241748571395874,4399
3,0.25426164269447327,4400
3,0.2510031461715698,4401
3,0.12941814959049225,4402
3,0.31556448340415955,4403
3,0.09303432703018188,4404
3,0.12255045771598816,4405
3,0.32832080125808716,4406
3,0.20664235949516296,4407
3,0.1953771412372589,4408
1,0.11534175276756287,4409
3,0.12151748687028885,4410
2,0.3533250093460083,4411
3,0.21377617120742798,4412
3,0.2089080810546875,4413
3,0.09799565374851227,4414
1,0.08449151366949081,4415
3,0.09885375946760178,4416
3,0.20247504115104675,4417
2,0.3421114385128021,4418
3,0.1783892959356308,4419
3,0.18651306629180908,4420
2,0.34362658858299255,4421
3,0.14541618525981903,4422
3,0.10648518055677414,4423
3,0.18345993757247925,4424
3,0.2749819755554199,4425
3,0.12508244812488556,4426
3,0.1740696281194687,4427
2,0.3457234501838684,4428
3,0.12368088960647583,4429
1,0.09525233507156372,4430
3,0.12372399866580963,4431
3,0.27290916442871094,4432
3,0.17672421038150787,4433
3,0.26786890625953674,4434
3,0.3370096981525421,4435
3,0.10550182312726974,4436
1,0.08825241029262543,4437
3,0.2780330777168274,4438
3,0.28557413816452026,4439
3,0.18786384165287018,4440
3,0.12678535282611847,4441
3,0.19401344656944275,4442
3,0.2596885561943054,4443
3,0.2766031324863434,4444
3,0.2826485335826874,4445
3,0.24498657882213593,4446
3,0.18754558265209198,4447
3,0.12077900022268295,4448
3,0.09688626229763031,4449
3,0.09735431522130966,4450
3,0.1444283276796341,4451
3,0.3308376371860504,4452
3,0.2834189236164093,4453
3,0.15433666110038757,4454
3,0.14945927262306213,4455
3,0.14917992055416107,4456
3,0.330249547958374,4457
3,0.2829672694206238,4458
3,0.1866493672132492,4459
3,0.14082765579223633,4460
3,0.17288561165332794,4461
3,0.19148732721805573,4462
3,0.33272215723991394,4463
3,0.281737357378006,4464
3,0.2819078266620636,4465
4,0.21820148825645447,4466
3,0.096616730093956,4467
3,0.12315040826797485,4468
3,0.11974016577005386,4469
1,0.09128153324127197,4470
3,0.280421644449234,4471
3,0.232926145195961,4472
3,0.18733267486095428,4473
3,0.15213096141815186,4474
3,0.1250726729631424,4475
3,0.10379061847925186,4476
3,0.1098565012216568,4477
3,0.1468588262796402,4478
2,0.3588615953922272,4479
3,0.2987624406814575,4480
3,0.13692116737365723,4481
3,0.09257704019546509,4482
3,0.30281078815460205,4483
3,0.1528509557247162,4484
3,0.10421137511730194,4485
3,0.264477401971817,4486
3,0.129979208111763,4487
3,0.2925255298614502,4488
3,0.1273832768201828,4489
3,0.22487814724445343,4490
3,0.15182022750377655,4491
3,0.13537003099918365,4492
1,0.12832136452198029,4493
2,0.3526177704334259,4494
3,0.1826212853193283,4495
3,0.10553837567567825,4496
3,0.10600588470697403,4497
3,0.12427067756652832,4498
3,0.16754461824893951,4499
3,0.3178417682647705,4500
3,0.09124573320150375,4501
3,0.25973397493362427,4502
3,0.2774525582790375,4503
3,0.2899158298969269,4504
3,0.24785716831684113,4505
3,0.2364536076784134,4506
3,0.1831679791212082,4507
3,0.09903565049171448,4508
3,0.12605834007263184,4509
3,0.32035374641418457,4510
2,0.3692947328090668,4511
3,0.3474779427051544,4512
3,0.28872576355934143,4513
3,0.1919633001089096,4514
3,0.1168842539191246,4515
1,0.12238607555627823,4516
3,0.25786399841308594,4517
3,0.2727507948875427,4518
3,0.2451644092798233,4519
3,0.13148964941501617,4520
3,0.14422769844532013,4521
3,0.15791448950767517,4522
3,0.13031521439552307,4523
3,0.11457668244838715,4524
3,0.11553312838077545,4525
3,0.18161140382289886,4526
3,0.12975722551345825,4527
3,0.2047632336616516,4528
3,0.10309334099292755,4529
3,0.23740573227405548,4530
3,0.1351241171360016,4531
3,0.12927882373332977,4532
3,0.11541318893432617,4533
3,0.22809751331806183,4534
3,0.20396263897418976,4535
3,0.1316690742969513,4536
3,0.2316567748785019,4537
3,0.11500007659196854,4538
3,0.09224545210599899,4539
3,0.22490240633487701,4540
3,0.11220061779022217,4541
3,0.10284940153360367,4542
3,0.16286762058734894,4543
2,0.35163968801498413,4544
3,0.3443080484867096,4545
3,0.11455076187849045,4546
3,0.19742922484874725,4547
3,0.1111178919672966,4548
3,0.16468463838100433,4549
3,0.22293661534786224,4550
3,0.2819247841835022,4551
3,0.12625496089458466,4552
3,0.11650127172470093,4553
3,0.1305958777666092,4554
3,0.13490597903728485,4555
2,0.3831278085708618,4556
3,0.2974461019039154,4557
3,0.11662754416465759,4558
3,0.2716920077800751,4559
3,0.2281491756439209,4560
3,0.10037032514810562,4561
3,0.1609533131122589,4562
3,0.3581317067146301,4563
3,0.20017778873443604,4564
3,0.1633405238389969,4565
3,0.10914279520511627,4566
3,0.11257477849721909,4567
3,0.15915463864803314,4568
1,0.08600712567567825,4569
3,0.1845552772283554,4570
3,0.15283282101154327,4571
3,0.12473279982805252,4572
3,0.15848341584205627,4573
1,0.15363185107707977,4574
3,0.33320152759552,4575
1,0.07037289440631866,4576
3,0.10434554517269135,4577
3,0.3710208833217621,4578
3,0.21815353631973267,4579
3,0.13484041392803192,4580
3,0.12383105605840683,4581
3,0.10413742810487747,4582
3,0.13229572772979736,4583
3,0.12361384928226471,4584
3,0.10304348915815353,4585
3,0.08955460786819458,4586
3,0.11407086253166199,4587
3,0.17598822712898254,4588
3,0.12704671919345856,4589
3,0.13740931451320648,4590
3,0.14366401731967926,4591
3,0.23719017207622528,4592
3,0.12731856107711792,4593
3,0.29092326760292053,4594
3,0.1514885276556015,4595
2,0.40062960982322693,4596
3,0.09746316820383072,4597
2,0.351010262966156,4598
3,0.11910045146942139,4599
1,0.15283378958702087,4600
3,0.24817438423633575,4601
3,0.11660672724246979,4602
3,0.18645167350769043,4603
3,0.16492944955825806,4604
3,0.10353124141693115,4605
3,0.11679552495479584,4606
3,0.15745848417282104,4607
3,0.23239721357822418,4608
3,0.3373538553714752,4609
3,0.33025386929512024,4610
3,0.16821998357772827,4611
3,0.1394450068473816,4612
3,0.229490265250206,4613
3,0.17315316200256348,4614
3,0.10181615501642227,4615
3,0.14746610820293427,4616
3,0.23896242678165436,4617
3,0.31924358010292053,4618
3,0.17270641028881073,4619
3,0.11106457561254501,4620
3,0.1471448838710785,4621
3,0.3241547644138336,4622
3,0.13719069957733154,4623
3,0.10142948478460312,4624
3,0.10553812980651855,4625
3,0.11814641207456589,4626
3,0.2697819173336029,4627
3,0.27041468024253845,4628
3,0.20019373297691345,4629
3,0.2047133594751358,4630
3,0.18356521427631378,4631
3,0.16999152302742004,4632
3,0.2067980021238327,4633
3,0.2060236632823944,4634
2,0.4153127372264862,4635
3,0.31343111395835876,4636
3,0.2409714311361313,4637
3,0.1661151945590973,4638
3,0.1692805290222168,4639
3,0.11556366086006165,4640
3,0.2173970341682434,4641
3,0.1692521870136261,4642
3,0.14813196659088135,4643
3,0.11037552356719971,4644
3,0.12004734575748444,4645
3,0.12082788348197937,4646
3,0.2376207411289215,4647
3,0.17877376079559326,4648
3,0.16857774555683136,4649
3,0.13102421164512634,4650
3,0.10658450424671173,4651
3,0.13084425032138824,4652
3,0.15895693004131317,4653
3,0.10877889394760132,4654
3,0.13266390562057495,4655
3,0.14343693852424622,4656
3,0.24627302587032318,4657
3,0.20024938881397247,4658
3,0.17420804500579834,4659
3,0.14225421845912933,4660
3,0.11698073148727417,4661
3,0.19600187242031097,4662
3,0.11995372921228409,4663
3,0.1932009905576706,4664
3,0.2241789549589157,4665
1,0.07575372606515884,4666
3,0.1433614045381546,4667
3,0.12832152843475342,4668
3,0.17002591490745544,4669
2,0.3505544364452362,4670
3,0.18388794362545013,4671
3,0.1668359637260437,4672
3,0.11226450651884079,4673
3,0.10957910120487213,4674
3,0.11874101310968399,4675
3,0.20808403193950653,4676
2,0.41966307163238525,4677
3,0.16574473679065704,4678
3,0.1455065757036209,4679
3,0.13922183215618134,4680
3,0.14554232358932495,4681
3,0.24939243495464325,4682
3,0.2759915590286255,4683
3,0.2720152735710144,4684
3,0.17494656145572662,4685
3,0.15591435134410858,4686
3,0.19749484956264496,4687
3,0.1483815610408783,4688
3,0.16947387158870697,4689
3,0.3689851760864258,4690
3,0.32284829020500183,4691
3,0.17830795049667358,4692
3,0.16371625661849976,4693
3,0.12527291476726532,4694
3,0.09287598729133606,4695
3,0.10727716237306595,4696
3,0.10836010426282883,4697
3,0.1446678638458252,4698
3,0.24750640988349915,4699
3,0.12186254560947418,4700
3,0.15277698636054993,4701
3,0.15695196390151978,4702
3,0.20991767942905426,4703
3,0.12065253406763077,4704
3,0.15642580389976501,4705
3,0.33389002084732056,4706
3,0.305629700422287,4707
3,0.2606167793273926,4708
3,0.16787657141685486,4709
3,0.1619550585746765,4710
3,0.24543440341949463,4711
3,0.3600720763206482,4712
3,0.13149738311767578,4713
3,0.13432785868644714,4714
3,0.18460102379322052,4715
3,0.2572191655635834,4716
3,0.22679182887077332,4717
3,0.16500608623027802,4718
3,0.1086224764585495,4719
3,0.11267950385808945,4720
3,0.16534507274627686,4721
2,0.4145512878894806,4722
3,0.2176106870174408,4723
3,0.1278126835823059,4724
3,0.1309329867362976,4725
1,0.23395860195159912,4726
3,0.4082571864128113,4727
3,0.22839486598968506,4728
3,0.2247786968946457,4729
3,0.18778353929519653,4730
3,0.12064319849014282,4731
3,0.18140612542629242,4732
3,0.2296590507030487,4733
3,0.14515693485736847,4734
3,0.12627220153808594,4735
3,0.1263505220413208,4736
3,0.23812483251094818,4737
3,0.1886739283800125,4738
3,0.11917941272258759,4739
3,0.1371198296546936,4740
3,0.2415047585964203,4741
3,0.23841269314289093,4742
3,0.18974582850933075,4743
3,0.14329183101654053,4744
3,0.11532297730445862,4745
3,0.19248631596565247,4746
3,0.14637544751167297,4747
3,0.11687617748975754,4748
3,0.1276136040687561,4749
3,0.23701445758342743,4750
3,0.1510034054517746,4751
3,0.17378930747509003,4752
3,0.18960309028625488,4753
3,0.2356259822845459,4754
3,0.11300765722990036,4755
3,0.1204424574971199,4756
3,0.1637735515832901,4757
3,0.27913767099380493,4758
3,0.2332160770893097,4759
3,0.16789375245571136,4760
3,0.3931273818016052,4761
2,0.40909525752067566,4762
3,0.11419953405857086,4763
3,0.17243626713752747,4764
3,0.18673834204673767,4765
3,0.20898081362247467,4766
3,0.29734277725219727,4767
3,0.3916768729686737,4768
3,0.12094791978597641,4769
3,0.11962941288948059,4770
3,0.10185333341360092,4771
3,0.10252396017313004,4772
3,0.15727810561656952,4773
3,0.1662079095840454,4774
3,0.2953002452850342,4775
3,0.10036595165729523,4776
3,0.13189440965652466,4777
3,0.3302627205848694,4778
3,0.10922498255968094,4779
3,0.1581292450428009,4780
3,0.3087548315525055,4781
3,0.2897730767726898,4782
3,0.2888340950012207,4783
1,0.09403806179761887,4784
3,0.11101843416690826,4785
3,0.15295107662677765,4786
3,0.2257319688796997,4787
3,0.1610363870859146,4788
3,0.10325601696968079,4789
3,0.11915354430675507,4790
3,0.28548240661621094,4791
3,0.2225629985332489,4792
3,0.2208910435438156,4793
3,0.11834438890218735,4794
3,0.11148387938737869,4795
3,0.1480029672384262,4796
3,0.36952126026153564,4797
3,0.21676570177078247,4798
3,0.11742899566888809,4799
3,0.18486551940441132,4800
3,0.2694833278656006,4801
1,0.09299729764461517,4802
3,0.10822319239377975,4803
3,0.14468732476234436,4804
2,0.4037810266017914,4805
3,0.1170174852013588,4806
3,0.0996854305267334,4807
3,0.23091672360897064,4808
2,0.3494758605957031,4809
3,0.21462711691856384,4810
3,0.09653729945421219,4811
3,0.1414857804775238,4812
3,0.2935154139995575,4813
3,0.3358191251754761,4814
3,0.13040190935134888,4815
3,0.18187300860881805,4816
3,0.3617328703403473,4817
3,0.2654535472393036,4818
3,0.09726323187351227,4819
3,0.09330588579177856,4820
3,0.13538743555545807,4821
3,0.13820631802082062,4822
3,0.2680456340312958,4823
3,0.09935524314641953,4824
3,0.13844481110572815,4825
3,0.27604368329048157,4826
3,0.29635363817214966,4827
3,0.30322664976119995,4828
3,0.38038086891174316,4829
3,0.3878211975097656,4830
3,0.09571460634469986,4831
3,0.16866819560527802,4832
3,0.18887554109096527,4833
3,0.27391883730888367,4834
3,0.29401350021362305,4835
3,0.20704524219036102,4836
3,0.3248356282711029,4837
3,0.11241283267736435,4838
3,0.11106328666210175,4839
3,0.10261450707912445,4840
3,0.10656820982694626,4841
3,0.13351455330848694,4842
3,0.18078656494617462,4843
3,0.17018646001815796,4844
3,0.09503627568483353,4845
3,0.1057640090584755,4846
3,0.11205019056797028,4847
3,0.21076138317584991,4848
3,0.21127673983573914,4849
3,0.2718201279640198,4850
3,0.28994396328926086,4851
3,0.2527942657470703,4852
2,0.2709539234638214,4853
3,0.2867431044578552,4854
3,0.12944325804710388,4855
3,0.12184658646583557,4856
1,0.09138798713684082,4857
3,0.21253645420074463,4858
3,0.36291903257369995,4859
2,0.3980688750743866,4860
3,0.3218628168106079,4861
3,0.1243945062160492,4862
3,0.11796034127473831,4863
3,0.23593153059482574,4864
3,0.26948416233062744,4865
3,0.2705947458744049,4866
3,0.2841324508190155,4867
3,0.20918315649032593,4868
1,0.1507609635591507,4869
1,0.060225605964660645,4870
3,0.11960400640964508,4871
3,0.1930263489484787,4872
3,0.3465877175331116,4873
3,0.3077925145626068,4874
3,0.22775660455226898,4875
3,0.17656144499778748,4876
3,0.23150163888931274,4877
3,0.2819201946258545,4878
3,0.3870137631893158,4879
3,0.22895054519176483,4880
3,0.11838937550783157,4881
3,0.23081575334072113,4882
3,0.31474342942237854,4883
1,0.09250472486019135,4884
3,0.3698263466358185,4885
3,0.19350233674049377,4886
3,0.06478060036897659,4887
3,0.1270635426044464,4888
3,0.21503525972366333,4889
3,0.06451589614152908,4890
3,0.1277705729007721,4891
3,0.12489303946495056,4892
3,0.0641181543469429,4893
3,0.21854804456233978,4894
3,0.2895805835723877,4895
3,0.17665240168571472,4896
1,0.06761549413204193,4897
3,0.34217336773872375,4898
3,0.3601723313331604,4899
2,0.393250972032547,4900
2,0.3286203145980835,4901
3,0.0996723547577858,4902
3,0.35877567529678345,4903
3,0.10178196430206299,4904
3,0.16239683330059052,4905
3,0.3374481499195099,4906
2,0.3355734646320343,4907
3,0.3319644033908844,4908
3,0.18026074767112732,4909
3,0.17786744236946106,4910
3,0.11884784698486328,4911
3,0.21520142257213593,4912
3,0.2659335136413574,4913
3,0.331238329410553,4914
2,0.39208686351776123,4915
3,0.3308028280735016,4916
3,0.19095079600811005,4917
3,0.16667047142982483,4918
3,0.21171875298023224,4919
3,0.35098519921302795,4920
3,0.19438475370407104,4921
3,0.18413753807544708,4922
3,0.12580043077468872,4923
3,0.3276800215244293,4924
3,0.22338198125362396,4925
3,0.21775288879871368,4926
3,0.3281230032444,4927
3,0.36898836493492126,4928
3,0.2190435379743576,4929
3,0.20559972524642944,4930
3,0.1362355351448059,4931
3,0.15120501816272736,4932
3,0.3237232267856598,4933
2,0.33090606331825256,4934
3,0.2304128110408783,4935
3,0.22988569736480713,4936
3,0.2107260674238205,4937
3,0.1969364434480667,4938
3,0.1514206975698471,4939
3,0.2962210774421692,4940
3,0.323959082365036,4941
3,0.23715342581272125,4942
3,0.21229232847690582,4943
3,0.20686142146587372,4944
1,0.05856192484498024,4945
3,0.1291552633047104,4946
3,0.13946083188056946,4947
2,0.3885483145713806,4948
3,0.2563421130180359,4949
3,0.1370994597673416,4950
3,0.15469792485237122,4951
3,0.16145704686641693,4952
3,0.29404962062835693,4953
2,0.3286207616329193,4954
3,0.3250578045845032,4955
3,0.1543779969215393,4956
3,0.16088339686393738,4957
3,0.16378392279148102,4958
3,0.3218938112258911,4959
3,0.3415728211402893,4960
3,0.24950717389583588,4961
3,0.11937367916107178,4962
3,0.11050368845462799,4963
3,0.1799822449684143,4964
3,0.20229972898960114,4965
3,0.35871291160583496,4966
1,0.11189869046211243,4967
3,0.12320396304130554,4968
3,0.15009917318820953,4969
3,0.16291165351867676,4970
3,0.20285047590732574,4971
3,0.17253313958644867,4972
3,0.1240018755197525,4973
3,0.27154308557510376,4974
3,0.312651127576828,4975
3,0.3244961202144623,4976
2,0.32499971985816956,4977
3,0.10347943007946014,4978
3,0.1529138833284378,4979
2,0.31057947874069214,4980
2,0.3855729103088379,4981
3,0.3189564645290375,4982
1,0.09275180101394653,4983
3,0.12303037941455841,4984
3,0.1490757018327713,4985
3,0.2883554995059967,4986
3,0.3149922788143158,4987
3,0.3759993314743042,4988
3,0.37804847955703735,4989
3,0.3035656213760376,4990
3,0.16992709040641785,4991
2,0.0748797208070755,4992
3,0.1053411066532135,4993
3,0.3088776469230652,4994
3,0.31302961707115173,4995
3,0.11657939106225967,4996
3,0.09712116420269012,4997
2,0.14825084805488586,4998
2,0.3214575946331024,4999
3,0.3164858818054199,5000
3,0.12088564783334732,5001
2,0.07643114775419235,5002
4,0.14767059683799744,5003
3,0.1560288816690445,5004
3,0.3096327781677246,5005
3,0.2033168524503708,5006
3,0.11352108418941498,5007
3,0.19421900808811188,5008
3,0.26683974266052246,5009
3,0.3083884119987488,5010
3,0.21195070445537567,5011
3,0.3610135018825531,5012
3,0.36491653323173523,5013
3,0.2772483825683594,5014
3,0.20581161975860596,5015
3,0.2061406821012497,5016
3,0.07823458313941956,5017
3,0.15722307562828064,5018
2,0.3184739947319031,5019
3,0.3120180368423462,5020
3,0.29389864206314087,5021
3,0.15895314514636993,5022
3,0.2995189428329468,5023
3,0.3066011071205139,5024
3,0.11902731657028198,5025
3,0.11651161313056946,5026
3,0.1510520577430725,5027
2,0.3810510039329529,5028
3,0.27406299114227295,5029
3,0.17052356898784637,5030
1,0.1531926393508911,5031
1,0.11709192395210266,5032
3,0.1627771109342575,5033
2,0.31588083505630493,5034
4,0.3069514334201813,5035
3,0.2552010715007782,5036
3,0.1173308789730072,5037
4,0.29950451850891113,5038
3,0.24865758419036865,5039
3,0.16106688976287842,5040
3,0.16887421905994415,5041
3,0.310348778963089,5042
3,0.23961883783340454,5043
3,0.20900018513202667,5044
3,0.19650979340076447,5045
3,0.27613604068756104,5046
3,0.3615797162055969,5047
3,0.29593873023986816,5048
3,0.24564267694950104,5049
3,0.0973631888628006,5050
3,0.1670103222131729,5051
3,0.1909244954586029,5052
3,0.24612995982170105,5053
3,0.11952383071184158,5054
3,0.10564727336168289,5055
3,0.3063465654850006,5056
3,0.3403809368610382,5057
3,0.31292468309402466,5058
3,0.33872780203819275,5059
3,0.13066183030605316,5060
3,0.14440828561782837,5061
3,0.23162150382995605,5062
3,0.304727166891098,5063
3,0.11150994896888733,5064
3,0.12299510836601257,5065
3,0.14800061285495758,5066
3,0.15840665996074677,5067
3,0.18629764020442963,5068
3,0.29053014516830444,5069
3,0.2240716964006424,5070
3,0.23007585108280182,5071
3,0.19294828176498413,5072
3,0.11614855378866196,5073
3,0.09549123793840408,5074
3,0.12974897027015686,5075
3,0.23656491935253143,5076
3,0.22536560893058777,5077
3,0.11942342668771744,5078
3,0.13890090584754944,5079
2,0.3748956322669983,5080
1,0.2137569785118103,5081
3,0.2240339070558548,5082
3,0.09513447433710098,5083
3,0.13822409510612488,5084
3,0.29350173473358154,5085
3,0.3299354314804077,5086
3,0.32647132873535156,5087
3,0.15778778493404388,5088
1,0.10427042096853256,5089
3,0.09420794993638992,5090
3,0.14079833030700684,5091
3,0.2223905771970749,5092
3,0.23359134793281555,5093
3,0.25828471779823303,5094
3,0.21796810626983643,5095
3,0.21538439393043518,5096
3,0.17038223147392273,5097
3,0.15726591646671295,5098
3,0.12425629049539566,5099
3,0.12126477062702179,5100
3,0.14309071004390717,5101
3,0.14595851302146912,5102
3,0.22879476845264435,5103
3,0.12667396664619446,5104
3,0.2538796067237854,5105
1,0.20424741506576538,5106
3,0.26753196120262146,5107
3,0.21339274942874908,5108
3,0.2805277109146118,5109
3,0.11419065296649933,5110
3,0.20366205275058746,5111
3,0.26796817779541016,5112
3,0.12749114632606506,5113
3,0.21788056194782257,5114
3,0.22686754167079926,5115
3,0.24277253448963165,5116
3,0.25187811255455017,5117
3,0.2993168234825134,5118
3,0.12010208517313004,5119
3,0.16275808215141296,5120
3,0.2856746315956116,5121
3,0.2788051664829254,5122
3,0.2637115716934204,5123
3,0.2106916308403015,5124
3,0.15425948798656464,5125
3,0.10722958296537399,5126
3,0.11946497857570648,5127
3,0.124104805290699,5128
3,0.1995522379875183,5129
3,0.23982882499694824,5130
3,0.26830700039863586,5131
1,0.09279526770114899,5132
3,0.10712379217147827,5133
3,0.2000216841697693,5134
3,0.11463120579719543,5135
3,0.3032761216163635,5136
2,0.37004560232162476,5137
3,0.29328349232673645,5138
3,0.2812896966934204,5139
3,0.20521186292171478,5140
3,0.17972031235694885,5141
3,0.275630921125412,5142
3,0.22406265139579773,5143
3,0.15519103407859802,5144
3,0.1162378266453743,5145
3,0.19223874807357788,5146
3,0.24843254685401917,5147
3,0.22323042154312134,5148
3,0.2161742001771927,5149
3,0.15510401129722595,5150
3,0.10092603415250778,5151
3,0.13767555356025696,5152
3,0.2684040665626526,5153
3,0.29110875725746155,5154
3,0.2151413857936859,5155
3,0.0914807915687561,5156
3,0.12121545523405075,5157
3,0.15748006105422974,5158
3,0.17565542459487915,5159
3,0.2845447361469269,5160
3,0.16002827882766724,5161
3,0.22612600028514862,5162
3,0.21486301720142365,5163
3,0.17629162967205048,5164
3,0.15598151087760925,5165
1,0.0667916089296341,5166
3,0.12631727755069733,5167
3,0.2103370875120163,5168
1,0.09955684840679169,5169
3,0.11719808727502823,5170
3,0.2863517105579376,5171
3,0.18721653521060944,5172
3,0.23586902022361755,5173
3,0.27207741141319275,5174
3,0.271379292011261,5175
3,0.2410985678434372,5176
3,0.11260263621807098,5177
3,0.2881847620010376,5178
2,0.36442306637763977,5179
3,0.09497474133968353,5180
3,0.10557366162538528,5181
3,0.20765480399131775,5182
3,0.1811087429523468,5183
3,0.1802923083305359,5184
3,0.1621454805135727,5185
3,0.10799350589513779,5186
3,0.2200770229101181,5187
3,0.23013536632061005,5188
3,0.20495587587356567,5189
3,0.10319627076387405,5190
3,0.10412164032459259,5191
3,0.21814793348312378,5192
3,0.2165878564119339,5193
3,0.28484639525413513,5194
3,0.20700664818286896,5195
3,0.09661983698606491,5196
3,0.10306122899055481,5197
3,0.10392285883426666,5198
3,0.11934636533260345,5199
3,0.23169274628162384,5200
3,0.15670178830623627,5201
3,0.11836235225200653,5202
3,0.2821476459503174,5203
3,0.13522158563137054,5204
3,0.10770700871944427,5205
3,0.27541685104370117,5206
3,0.24344263970851898,5207
3,0.2363172173500061,5208
3,0.14530029892921448,5209
3,0.14347149431705475,5210
3,0.18112991750240326,5211
3,0.21213755011558533,5212
3,0.265570729970932,5213
3,0.2733583450317383,5214
3,0.2783873379230499,5215
2,0.2871595323085785,5216
3,0.21972434222698212,5217
3,0.17844362556934357,5218
3,0.08812232315540314,5219
3,0.17670218646526337,5220
3,0.25898516178131104,5221
3,0.26013246178627014,5222
2,0.3610004484653473,5223
3,0.19309565424919128,5224
3,0.17888949811458588,5225
3,0.26093238592147827,5226
3,0.3434871435165405,5227
3,0.22917018830776215,5228
3,0.11541731655597687,5229
3,0.23430579900741577,5230
3,0.18601560592651367,5231
1,0.08752834051847458,5232
3,0.2746395170688629,5233
3,0.2708616554737091,5234
1,0.05626077950000763,5235
3,0.20013543963432312,5236
3,0.215066060423851,5237
3,0.22058574855327606,5238
3,0.2830906808376312,5239
3,0.21680700778961182,5240
3,0.19668543338775635,5241
3,0.12392111867666245,5242
3,0.12129319459199905,5243
3,0.10664691030979156,5244
3,0.12059715390205383,5245
3,0.12878826260566711,5246
3,0.284109890460968,5247
2,0.35450729727745056,5248
3,0.22230146825313568,5249
3,0.12286417931318283,5250
3,0.16637173295021057,5251
3,0.2623905539512634,5252
3,0.19505321979522705,5253
1,0.10572201758623123,5254
3,0.0820012092590332,5255
3,0.09449838101863861,5256
3,0.2611439526081085,5257
3,0.187864750623703,5258
3,0.14126735925674438,5259
3,0.14055277407169342,5260
3,0.27210384607315063,5261
3,0.2705167829990387,5262
3,0.18741199374198914,5263
3,0.1407053917646408,5264
3,0.14954136312007904,5265
3,0.13997630774974823,5266
3,0.16569405794143677,5267
2,0.3448418080806732,5268
3,0.19028623402118683,5269
2,0.3430836498737335,5270
3,0.21585232019424438,5271
3,0.12286022305488586,5272
3,0.24953944981098175,5273
2,0.34039896726608276,5274
3,0.24662131071090698,5275
3,0.2614844739437103,5276
1,0.10211877524852753,5277
3,0.19197525084018707,5278
3,0.20706556737422943,5279
3,0.21613067388534546,5280
3,0.22312615811824799,5281
3,0.3191341161727905,5282
3,0.32101017236709595,5283
3,0.09848150610923767,5284
3,0.251773476600647,5285
3,0.2645297348499298,5286
3,0.26867035031318665,5287
3,0.2141171544790268,5288
3,0.146847665309906,5289
3,0.09935486316680908,5290
3,0.11916328221559525,5291
3,0.2420627772808075,5292
3,0.2621921896934509,5293
2,0.33274561166763306,5294
1,0.0688215121626854,5295
3,0.10138389468193054,5296
3,0.3282390832901001,5297
3,0.3320937156677246,5298
3,0.09611354768276215,5299
3,0.1322517693042755,5300
3,0.18273648619651794,5301
3,0.2433822751045227,5302
3,0.3327637314796448,5303
3,0.10407208651304245,5304
3,0.12001430243253708,5305
3,0.13655200600624084,5306
3,0.2573263943195343,5307
3,0.312177449464798,5308
3,0.3142741918563843,5309
3,0.32355403900146484,5310
3,0.33532389998435974,5311
3,0.23000186681747437,5312
3,0.14773644506931305,5313
2,0.25721126794815063,5314
3,0.2599344849586487,5315
3,0.22653736174106598,5316
3,0.09883186966180801,5317
3,0.13059857487678528,5318
4,0.25665906071662903,5319
3,0.3039509356021881,5320
3,0.32817497849464417,5321
3,0.22854354977607727,5322
3,0.18683487176895142,5323
3,0.23812484741210938,5324
3,0.25473734736442566,5325
3,0.24502742290496826,5326
3,0.22374410927295685,5327
3,0.1773286610841751,5328
3,0.1538199633359909,5329
3,0.14078184962272644,5330
3,0.11016673594713211,5331
3,0.15766820311546326,5332
3,0.19801446795463562,5333
3,0.2551023066043854,5334
3,0.2542971670627594,5335
2,0.15414638817310333,5336
3,0.09365005791187286,5337
3,0.11120080202817917,5338
3,0.1572873741388321,5339
3,0.18579396605491638,5340
3,0.1777581125497818,5341
3,0.2571924030780792,5342
3,0.25922173261642456,5343
3,0.20888131856918335,5344
3,0.2459135800600052,5345
3,0.2528797388076782,5346
3,0.2808438241481781,5347
3,0.20013129711151123,5348
3,0.15475665032863617,5349
3,0.11606509238481522,5350
3,0.18492379784584045,5351
3,0.14549672603607178,5352
3,0.253073513507843,5353
2,0.3187686502933502,5354
3,0.14598895609378815,5355
1,0.11521364748477936,5356
3,0.24266405403614044,5357
3,0.13303923606872559,5358
3,0.14651434123516083,5359
3,0.1745152622461319,5360
3,0.12322181463241577,5361
3,0.18272270262241364,5362
3,0.23630192875862122,5363
3,0.29368332028388977,5364
3,0.145248144865036,5365
3,0.09874293953180313,5366
3,0.1553989201784134,5367
3,0.2541976869106293,5368
3,0.11972259730100632,5369
3,0.16791273653507233,5370
3,0.2368469089269638,5371
3,0.24766618013381958,5372
3,0.24625515937805176,5373
1,0.18848755955696106,5374
3,0.17322948575019836,5375
3,0.15248773992061615,5376
3,0.19712939858436584,5377
2,0.30950212478637695,5378
3,0.19574439525604248,5379
3,0.2857186198234558,5380
3,0.19412516057491302,5381
3,0.07987893372774124,5382
3,0.27659186720848083,5383
3,0.2920943796634674,5384
3,0.20533020794391632,5385
3,0.153121680021286,5386
3,0.09783419221639633,5387
3,0.11975207924842834,5388
3,0.13351939618587494,5389
3,0.1535702347755432,5390
3,0.24597400426864624,5391
3,0.24975541234016418,5392
3,0.15518106520175934,5393
3,0.15513154864311218,5394
3,0.10800768435001373,5395
3,0.11853120476007462,5396
3,0.2590121626853943,5397
3,0.28646421432495117,5398
3,0.2077358067035675,5399
3,0.21466463804244995,5400
3,0.1327340453863144,5401
3,0.10801374167203903,5402
3,0.17494311928749084,5403
1,0.2253897488117218,5404
3,0.21329611539840698,5405
3,0.11685814708471298,5406
3,0.17752668261528015,5407
3,0.2897956073284149,5408
3,0.18989725410938263,5409
3,0.15930646657943726,5410
1,0.08079682290554047,5411
2,0.29839396476745605,5412
3,0.13940560817718506,5413
3,0.22440415620803833,5414
3,0.2900308668613434,5415
3,0.26683932542800903,5416
3,0.16448460519313812,5417
3,0.12829551100730896,5418
3,0.11292234808206558,5419
1,0.11078418791294098,5420
3,0.22533944249153137,5421
3,0.2407998889684677,5422
3,0.27838221192359924,5423
3,0.17000634968280792,5424
3,0.12422443926334381,5425
3,0.1707383245229721,5426
3,0.14254091680049896,5427
3,0.15795934200286865,5428
3,0.13949115574359894,5429
3,0.2689476013183594,5430
3,0.14984643459320068,5431
3,0.1499868780374527,5432
3,0.17437632381916046,5433
3,0.18735012412071228,5434
3,0.29066401720046997,5435
3,0.1265786588191986,5436
3,0.18683327734470367,5437
3,0.15695439279079437,5438
3,0.2019493579864502,5439
3,0.20851239562034607,5440
1,0.06748449057340622,5441
3,0.13867494463920593,5442
3,0.17279057204723358,5443
3,0.25964516401290894,5444
3,0.2766231596469879,5445
3,0.14597028493881226,5446
1,0.11242464184761047,5447
3,0.22580668330192566,5448
2,0.2883351445198059,5449
3,0.1405002921819687,5450
3,0.13901156187057495,5451
3,0.17209480702877045,5452
3,0.1514928638935089,5453
2,0.08919286727905273,5454
3,0.1870947927236557,5455
3,0.16071118414402008,5456
3,0.1370275765657425,5457
3,0.2266637533903122,5458
3,0.26299962401390076,5459
3,0.1661163866519928,5460
3,0.17157922685146332,5461
3,0.24675816297531128,5462
3,0.26313602924346924,5463
1,0.09823031723499298,5464
3,0.18067391216754913,5465
3,0.16894826292991638,5466
1,0.14619895815849304,5467
3,0.2335725575685501,5468
3,0.10585028678178787,5469
3,0.23188751935958862,5470
3,0.2334572672843933,5471
3,0.09867482632398605,5472
3,0.11361890286207199,5473
3,0.13646943867206573,5474
3,0.23165540397167206,5475
2,0.27867066860198975,5476
3,0.17718665301799774,5477
3,0.1460985392332077,5478
3,0.17648018896579742,5479
3,0.1678069829940796,5480
3,0.18139158189296722,5481
3,0.2558766007423401,5482
3,0.1605667918920517,5483
3,0.21640919148921967,5484
3,0.2548227906227112,5485
3,0.18746131658554077,5486
3,0.20104242861270905,5487
3,0.10348781198263168,5488
3,0.21136046946048737,5489
3,0.22027815878391266,5490
3,0.22614172101020813,5491
3,0.177004873752594,5492
3,0.11109278351068497,5493
3,0.2284136861562729,5494
3,0.26291701197624207,5495
3,0.10943805426359177,5496
3,0.11522234231233597,5497
3,0.12733259797096252,5498
3,0.22762466967105865,5499
3,0.18891748785972595,5500
3,0.21365898847579956,5501
3,0.218112051486969,5502
3,0.2680206298828125,5503
3,0.26865383982658386,5504
3,0.25045615434646606,5505
3,0.17133966088294983,5506
3,0.20796644687652588,5507
3,0.21261483430862427,5508
3,0.22443468868732452,5509
3,0.25459837913513184,5510
3,0.2575882077217102,5511
3,0.17070454359054565,5512
3,0.20604805648326874,5513
3,0.12042191624641418,5514
3,0.09967935085296631,5515
3,0.13060203194618225,5516
3,0.17044281959533691,5517
3,0.16282041370868683,5518
3,0.17691518366336823,5519
3,0.2084941565990448,5520
3,0.2585095465183258,5521
3,0.23920656740665436,5522
3,0.1506926417350769,5523
3,0.1488790363073349,5524
3,0.10700736939907074,5525
3,0.13265149295330048,5526
3,0.15450061857700348,5527
3,0.2233273833990097,5528
1,0.18029505014419556,5529
3,0.09581925719976425,5530
1,0.16353178024291992,5531
3,0.18233773112297058,5532
3,0.1629379242658615,5533
3,0.2615116536617279,5534
3,0.25607824325561523,5535
1,0.08836943656206131,5536
3,0.12884008884429932,5537
3,0.25521132349967957,5538
2,0.2537475824356079,5539
3,0.18404452502727509,5540
3,0.1602238416671753,5541
3,0.21666404604911804,5542
3,0.22031964361667633,5543
3,0.1063670665025711,5544
3,0.2131733000278473,5545
1,0.23126229643821716,5546
3,0.20256270468235016,5547
3,0.1926473081111908,5548
3,0.14462313055992126,5549
3,0.16302330791950226,5550
3,0.24277524650096893,5551
3,0.21917752921581268,5552
3,0.0935194343328476,5553
3,0.12457046657800674,5554
3,0.21763049066066742,5555
3,0.14844168722629547,5556
3,0.14988522231578827,5557
3,0.0911749079823494,5558
3,0.09555059671401978,5559
3,0.12558713555335999,5560
3,0.12938432395458221,5561
3,0.1490304321050644,5562
3,0.1513059288263321,5563
3,0.1730210781097412,5564
3,0.14950665831565857,5565
3,0.1726253777742386,5566
3,0.21594345569610596,5567
3,0.2538484036922455,5568
3,0.2305774837732315,5569
3,0.145959734916687,5570
3,0.14733615517616272,5571
3,0.10902399569749832,5572
3,0.15079091489315033,5573
1,0.12789009511470795,5574
3,0.2094692587852478,5575
3,0.2523023784160614,5576
3,0.1593841016292572,5577
3,0.1462729126214981,5578
3,0.09169251471757889,5579
3,0.10891660302877426,5580
3,0.24147550761699677,5581
3,0.2028784453868866,5582
3,0.2132391631603241,5583
3,0.18613366782665253,5584
3,0.1337844729423523,5585
3,0.12264513224363327,5586
3,0.11673583090305328,5587
3,0.1481662392616272,5588
3,0.16625866293907166,5589
3,0.14777663350105286,5590
3,0.1873643547296524,5591
3,0.13953368365764618,5592
3,0.14872272312641144,5593
3,0.24183441698551178,5594
3,0.15621690452098846,5595
3,0.1458275020122528,5596
3,0.12768246233463287,5597
3,0.13614805042743683,5598
3,0.10221000015735626,5599
3,0.14800891280174255,5600
3,0.23616063594818115,5601
3,0.24683047831058502,5602
3,0.09458641707897186,5603
3,0.10333149880170822,5604
3,0.24006116390228271,5605
3,0.14643029868602753,5606
1,0.10829687118530273,5607
3,0.09414481371641159,5608
3,0.12100652605295181,5609
3,0.1220281571149826,5610
3,0.19703036546707153,5611
3,0.2347732037305832,5612
3,0.09579633176326752,5613
3,0.14707253873348236,5614
3,0.14749707281589508,5615
3,0.11552891135215759,5616
3,0.09723510593175888,5617
3,0.16193906962871552,5618
3,0.09736618399620056,5619
3,0.13456621766090393,5620
3,0.19145840406417847,5621
3,0.15835152566432953,5622
3,0.14042608439922333,5623
3,0.1352030485868454,5624
3,0.15646043419837952,5625
3,0.20710626244544983,5626
3,0.22448040544986725,5627
3,0.22843489050865173,5628
3,0.2246866077184677,5629
3,0.12088734656572342,5630
3,0.19852657616138458,5631
3,0.15170912444591522,5632
3,0.131821870803833,5633
3,0.1989339143037796,5634
3,0.12179297208786011,5635
3,0.18779823184013367,5636
3,0.18605934083461761,5637
3,0.19822494685649872,5638
3,0.21622589230537415,5639
3,0.22830095887184143,5640
3,0.13906927406787872,5641
3,0.1139153242111206,5642
3,0.13177241384983063,5643
3,0.1846044808626175,5644
3,0.20148484408855438,5645
3,0.1415175199508667,5646
3,0.19831080734729767,5647
3,0.1269030123949051,5648
3,0.15302450954914093,5649
3,0.1543692946434021,5650
3,0.2356782704591751,5651
3,0.16475670039653778,5652
3,0.15999603271484375,5653
3,0.13200432062149048,5654
3,0.12856505811214447,5655
3,0.13089826703071594,5656
3,0.2390492707490921,5657
3,0.15834835171699524,5658
3,0.11347636580467224,5659
3,0.23411130905151367,5660
1,0.0926760882139206,5661
3,0.0919523537158966,5662
3,0.10229093581438065,5663
3,0.10336197167634964,5664
3,0.12602417171001434,5665
3,0.19912680983543396,5666
3,0.1977345198392868,5667
3,0.19901248812675476,5668
3,0.21898910403251648,5669
3,0.23172669112682343,5670
1,0.12100948393344879,5671
3,0.1632060408592224,5672
1,0.1235608160495758,5673
3,0.23068112134933472,5674
3,0.13896259665489197,5675
3,0.12160305678844452,5676
3,0.1933586448431015,5677
3,0.13776548206806183,5678
3,0.17115157842636108,5679
3,0.18381814658641815,5680
3,0.21695274114608765,5681
3,0.16125500202178955,5682
3,0.16052956879138947,5683
3,0.12817206978797913,5684
3,0.1799551248550415,5685
3,0.13993406295776367,5686
1,0.13652971386909485,5687
3,0.21077421307563782,5688
3,0.10144680738449097,5689
3,0.22338038682937622,5690
3,0.19411952793598175,5691
3,0.2190319448709488,5692
3,0.11053416877985,5693
3,0.22562851011753082,5694
1,0.0712890699505806,5695
3,0.10410084575414658,5696
3,0.12439094483852386,5697
3,0.14689673483371735,5698
3,0.09864822030067444,5699
3,0.17332391440868378,5700
3,0.2241053432226181,5701
3,0.12729474902153015,5702
3,0.10386481881141663,5703
4,0.17483766376972198,5704
3,0.1922226846218109,5705
1,0.06800319254398346,5706
1,0.12875203788280487,5707
3,0.11426271498203278,5708
3,0.12567244470119476,5709
3,0.14033819735050201,5710
3,0.1743844449520111,5711
3,0.1867750883102417,5712
3,0.22925426065921783,5713
3,0.18547473847866058,5714
3,0.21014511585235596,5715
3,0.1300600916147232,5716
3,0.13857689499855042,5717
3,0.1478268802165985,5718
3,0.17567262053489685,5719
3,0.13115602731704712,5720
3,0.19839629530906677,5721
1,0.09933707863092422,5722
3,0.15631672739982605,5723
3,0.08472678065299988,5724
3,0.18955637514591217,5725
3,0.20540134608745575,5726
3,0.15472625195980072,5727
3,0.09896796941757202,5728
1,0.11335794627666473,5729
1,0.08946242183446884,5730
3,0.20197999477386475,5731
3,0.21974769234657288,5732
3,0.12130430340766907,5733
3,0.13628070056438446,5734
3,0.12642300128936768,5735
3,0.21614129841327667,5736
3,0.1266532987356186,5737
3,0.18630804121494293,5738
3,0.12288814038038254,5739
3,0.12096603959798813,5740
3,0.13784074783325195,5741
3,0.18141469359397888,5742
3,0.2050786018371582,5743
3,0.21499043703079224,5744
3,0.1260826736688614,5745
3,0.1771068572998047,5746
3,0.16982150077819824,5747
3,0.18560495972633362,5748
3,0.19014640152454376,5749
3,0.10232516378164291,5750
3,0.10745280981063843,5751
3,0.21130502223968506,5752
3,0.21361462771892548,5753
3,0.1341456025838852,5754
3,0.1221298947930336,5755
3,0.0973394587635994,5756
3,0.1840575486421585,5757
3,0.18565168976783752,5758
3,0.13109709322452545,5759
3,0.11950428038835526,5760
1,0.10663709789514542,5761
3,0.11227010935544968,5762
3,0.16746412217617035,5763
3,0.12478815019130707,5764
3,0.09418375790119171,5765
3,0.18165890872478485,5766
3,0.2149864137172699,5767
3,0.11912571638822556,5768
3,0.10742993652820587,5769
3,0.11865953356027603,5770
3,0.1819559633731842,5771
3,0.16690990328788757,5772
3,0.12313635647296906,5773
3,0.17894171178340912,5774
3,0.12337642908096313,5775
1,0.09383872896432877,5776
3,0.12286581099033356,5777
3,0.18324483931064606,5778
3,0.1447528898715973,5779
3,0.17343316972255707,5780
3,0.14964331686496735,5781
3,0.12064424902200699,5782
3,0.13402137160301208,5783
3,0.19893860816955566,5784
3,0.119703009724617,5785
3,0.12393435835838318,5786
3,0.14437703788280487,5787
3,0.1660633087158203,5788
3,0.1775328665971756,5789
3,0.19836118817329407,5790
3,0.17708417773246765,5791
3,0.18009456992149353,5792
3,0.20553290843963623,5793
3,0.17680080235004425,5794
3,0.20491023361682892,5795
3,0.10580675303936005,5796
3,0.13084650039672852,5797
3,0.11889272183179855,5798
3,0.11925937235355377,5799
3,0.13518573343753815,5800
3,0.1357012242078781,5801
3,0.14179770648479462,5802
3,0.13871513307094574,5803
3,0.13799592852592468,5804
3,0.141288161277771,5805
3,0.20697571337223053,5806
3,0.1318058967590332,5807
3,0.1942540556192398,5808
3,0.12090351432561874,5809
3,0.12015263736248016,5810
3,0.16966784000396729,5811
3,0.1382133513689041,5812
1,0.06918341666460037,5813
3,0.20393195748329163,5814
3,0.11455170065164566,5815
3,0.11479786783456802,5816
3,0.12636202573776245,5817
3,0.13714708387851715,5818
3,0.19306868314743042,5819
3,0.11388973891735077,5820
3,0.13046976923942566,5821
3,0.13673748075962067,5822
3,0.1715674102306366,5823
3,0.2027728408575058,5824
3,0.19935230910778046,5825
3,0.20409519970417023,5826
3,0.17081445455551147,5827
3,0.190440833568573,5828
3,0.20345045626163483,5829
3,0.2016385793685913,5830
3,0.10710714757442474,5831
3,0.10395988821983337,5832
3,0.11412832140922546,5833
3,0.11904203146696091,5834
3,0.17138366401195526,5835
3,0.1608293056488037,5836
3,0.15700827538967133,5837
3,0.17184960842132568,5838
3,0.16922396421432495,5839
3,0.1597236543893814,5840
3,0.14497436583042145,5841
3,0.12044657766819,5842
3,0.10897965729236603,5843
3,0.19876928627490997,5844
3,0.2087685763835907,5845
3,0.12451881170272827,5846
3,0.1673661768436432,5847
3,0.1850859820842743,5848
3,0.12783505022525787,5849
3,0.11978702992200851,5850
3,0.10340273380279541,5851
3,0.1987408995628357,5852
3,0.12955434620380402,5853
3,0.1878594160079956,5854
3,0.1951589435338974,5855
1,0.1287381649017334,5856
3,0.10040739178657532,5857
3,0.16713847219944,5858
3,0.16823068261146545,5859
3,0.11868900060653687,5860
3,0.17381910979747772,5861
3,0.13489873707294464,5862
3,0.18910537660121918,5863
3,0.13055069744586945,5864
3,0.1692412942647934,5865
3,0.12245964258909225,5866
3,0.12280014902353287,5867
3,0.11135686188936234,5868
3,0.12528149783611298,5869
3,0.12597858905792236,5870
3,0.18297502398490906,5871
3,0.1727990359067917,5872
3,0.10741303861141205,5873
1,0.075088731944561,5874
3,0.11093667149543762,5875
3,0.15937253832817078,5876
3,0.18316730856895447,5877
3,0.19571876525878906,5878
3,0.09873947501182556,5879
4,0.13217929005622864,5880
3,0.10669463872909546,5881
3,0.09748071432113647,5882
3,0.13574467599391937,5883
3,0.16606272757053375,5884
3,0.1281653493642807,5885
3,0.13264282047748566,5886
3,0.13487669825553894,5887
3,0.13857051730155945,5888
3,0.10677169263362885,5889
3,0.11011525988578796,5890
3,0.15104089677333832,5891
3,0.16335129737854004,5892
1,0.10303883999586105,5893
3,0.16088001430034637,5894
3,0.18909049034118652,5895
3,0.19344304502010345,5896
3,0.20024818181991577,5897
3,0.11545666307210922,5898
3,0.1359531581401825,5899
3,0.16233567893505096,5900
3,0.1613650768995285,5901
4,0.17859330773353577,5902
3,0.15997856855392456,5903
3,0.18709643185138702,5904
3,0.19022521376609802,5905
1,0.0953589528799057,5906
1,0.09187424182891846,5907
3,0.09730630367994308,5908
3,0.16071350872516632,5909
3,0.11935128271579742,5910
3,0.11278887093067169,5911
3,0.11233390122652054,5912
3,0.11952933669090271,5913
3,0.13397401571273804,5914
3,0.16013631224632263,5915
3,0.163373202085495,5916
3,0.15308576822280884,5917
1,0.09312833100557327,5918
3,0.10612227767705917,5919
3,0.15818792581558228,5920
3,0.13432329893112183,5921
3,0.1580081284046173,5922
3,0.1611270308494568,5923
3,0.17609621584415436,5924
3,0.1881076544523239,5925
3,0.12868958711624146,5926
3,0.1528228521347046,5927
3,0.13548852503299713,5928
3,0.11124420911073685,5929
3,0.11176681518554688,5930
3,0.1556045114994049,5931
3,0.1441805511713028,5932
2,0.09153684973716736,5933
3,0.08803456276655197,5934
1,0.11258761584758759,5935
3,0.13819649815559387,5936
3,0.1747288852930069,5937
3,0.09916864335536957,5938
3,0.09958378970623016,5939
3,0.15920644998550415,5940
3,0.14933811128139496,5941
3,0.1502057909965515,5942
3,0.10924656689167023,5943
3,0.15997560322284698,5944
3,0.12095677852630615,5945
3,0.11134374141693115,5946
4,0.15465758740901947,5947
3,0.15828152000904083,5948
1,0.13269241154193878,5949
3,0.15801604092121124,5950
3,0.16136868298053741,5951
3,0.15042226016521454,5952
3,0.1498098224401474,5953
1,0.08505097776651382,5954
3,0.15073594450950623,5955
3,0.12019245326519012,5956
3,0.15674667060375214,5957
3,0.14943869411945343,5958
3,0.14910712838172913,5959
3,0.1574336737394333,5960
3,0.19047856330871582,5961
3,0.13661915063858032,5962
3,0.17067444324493408,5963
3,0.1270989030599594,5964
3,0.17344683408737183,5965
3,0.14063414931297302,5966
3,0.13880552351474762,5967
3,0.1068025454878807,5968
3,0.10963018238544464,5969
3,0.11058463156223297,5970
3,0.11738365888595581,5971
3,0.15088480710983276,5972
3,0.14041516184806824,5973
1,0.07811921089887619,5974
3,0.17209555208683014,5975
3,0.10599717497825623,5976
3,0.15049687027931213,5977
3,0.13775748014450073,5978
1,0.1137501448392868,5979
3,0.127920001745224,5980
3,0.10834787786006927,5981
3,0.1782991588115692,5982
3,0.11461462825536728,5983
4,0.15148994326591492,5984
2,0.15126489102840424,5985
3,0.12082726508378983,5986
3,0.1802806556224823,5987
3,0.12312012910842896,5988
3,0.1350824236869812,5989
3,0.13136112689971924,5990
3,0.14047299325466156,5991
3,0.14983010292053223,5992
3,0.12089581787586212,5993
1,0.09195072948932648,5994
3,0.1393294334411621,5995
3,0.1411900520324707,5996
3,0.12461812049150467,5997
2,0.10675693303346634,5998
3,0.11962945759296417,5999
2,0.14075681567192078,6000
3,0.14163683354854584,6001
1,0.12626253068447113,6002
3,0.13608144223690033,6003
3,0.1274397373199463,6004
3,0.14994555711746216,6005
3,0.11581642925739288,6006
3,0.1358266919851303,6007
3,0.14459706842899323,6008
3,0.16539070010185242,6009
3,0.13726334273815155,6010
3,0.1437016874551773,6011
3,0.11668355017900467,6012
3,0.11641016602516174,6013
3,0.09891358017921448,6014
3,0.09844598919153214,6015
3,0.1750277429819107,6016
3,0.09922132641077042,6017
3,0.10668160766363144,6018
3,0.14792366325855255,6019
3,0.16359812021255493,6020
3,0.16623984277248383,6021
3,0.12113641947507858,6022
3,0.14700692892074585,6023
3,0.15238887071609497,6024
3,0.1782086342573166,6025
3,0.16203351318836212,6026
3,0.17793244123458862,6027
3,0.13046537339687347,6028
3,0.14759330451488495,6029
3,0.1430065631866455,6030
3,0.17096132040023804,6031
3,0.11033923923969269,6032
3,0.09485522657632828,6033
3,0.1473991423845291,6034
3,0.1486005336046219,6035
3,0.17176364362239838,6036
1,0.0938962996006012,6037
3,0.15558262169361115,6038
3,0.14825031161308289,6039
3,0.15847286581993103,6040
3,0.10842494666576385,6041
3,0.14113815128803253,6042
3,0.11467590928077698,6043
3,0.11495281010866165,6044
3,0.13649947941303253,6045
3,0.12974421679973602,6046
3,0.11891347914934158,6047
3,0.1092732697725296,6048
1,0.09366469830274582,6049
3,0.10533776879310608,6050
3,0.11536187678575516,6051
1,0.09384320676326752,6052
3,0.12423349171876907,6053
3,0.11877068132162094,6054
3,0.10690099000930786,6055
1,0.09679130464792252,6056
3,0.12808780372142792,6057
3,0.16896763443946838,6058
3,0.11929869651794434,6059
3,0.11599380522966385,6060
3,0.1323113888502121,6061
1,0.1235140934586525,6062
3,0.12064830213785172,6063
3,0.11883603036403656,6064
3,0.11851203441619873,6065
3,0.1715785712003708,6066
3,0.14373333752155304,6067
3,0.12695471942424774,6068
3,0.12643462419509888,6069
3,0.11997929960489273,6070
3,0.10138634592294693,6071
1,0.06746745854616165,6072
3,0.11441455781459808,6073
3,0.10929681360721588,6074
3,0.11388074606657028,6075
3,0.13824813067913055,6076
3,0.11841774731874466,6077
1,0.08857633173465729,6078
3,0.10279099643230438,6079
3,0.10320356488227844,6080
3,0.15187834203243256,6081
3,0.15769603848457336,6082
3,0.1678188145160675,6083
1,0.08865784108638763,6084
1,0.0547306165099144,6085
3,0.13392452895641327,6086
3,0.1455150693655014,6087
3,0.16426342725753784,6088
3,0.17313988506793976,6089
3,0.12613330781459808,6090
1,0.042627256363630295,6091
3,0.16518482565879822,6092
3,0.12173690646886826,6093
3,0.1246979683637619,6094
1,0.09695719182491302,6095
3,0.1421220451593399,6096
3,0.16664952039718628,6097
1,0.056765083223581314,6098
3,0.12582142651081085,6099
3,0.12511992454528809,6100
3,0.11559316515922546,6101
3,0.1503017395734787,6102
3,0.17207428812980652,6103
3,0.12067786604166031,6104
3,0.16225501894950867,6105
3,0.16395844519138336,6106
3,0.16497202217578888,6107
3,0.16713634133338928,6108
3,0.10367540270090103,6109
3,0.13590899109840393,6110
3,0.09974374622106552,6111
3,0.16995863616466522,6112
3,0.12382897734642029,6113
3,0.13240332901477814,6114
3,0.10745681822299957,6115
3,0.1635732501745224,6116
3,0.10113905370235443,6117
3,0.1639171987771988,6118
3,0.1145128384232521,6119
3,0.15950115025043488,6120
3,0.10086143016815186,6121
3,0.10685062408447266,6122
3,0.11386940628290176,6123
3,0.10866342484951019,6124
3,0.1002219095826149,6125
3,0.14672379195690155,6126
3,0.12202240526676178,6127
3,0.10187552124261856,6128
3,0.10936824232339859,6129
3,0.10898847132921219,6130
3,0.09968148171901703,6131
3,0.1386597603559494,6132
3,0.12695784866809845,6133
3,0.09751474857330322,6134
3,0.1378234475851059,6135
3,0.16749568283557892,6136
3,0.1090361699461937,6137
3,0.11150448024272919,6138
3,0.1456153690814972,6139
3,0.13290321826934814,6140
3,0.14913496375083923,6141
1,0.12025357037782669,6142
3,0.1158001571893692,6143
1,0.09895973652601242,6144
1,0.09087446331977844,6145
1,0.13660220801830292,6146
3,0.1285979449748993,6147
3,0.11216531693935394,6148
3,0.10933645069599152,6149
1,0.10809820890426636,6150
3,0.10575012862682343,6151
3,0.09979332983493805,6152
3,0.13532613217830658,6153
3,0.13172590732574463,6154
3,0.16361381113529205,6155
3,0.09682855010032654,6156
3,0.1319715976715088,6157
3,0.12745797634124756,6158
3,0.10413641482591629,6159
3,0.13451626896858215,6160
3,0.15581285953521729,6161
3,0.1241036131978035,6162
3,0.15601451694965363,6163
3,0.15283936262130737,6164
3,0.09938745945692062,6165
3,0.11010465770959854,6166
3,0.1308453530073166,6167
3,0.13547967374324799,6168
3,0.1456490010023117,6169
1,0.0098459767177701,6170
3,0.10972277075052261,6171
3,0.13485679030418396,6172
3,0.1302894651889801,6173
3,0.1357119381427765,6174
3,0.09570179879665375,6175
3,0.13279369473457336,6176
3,0.12938739359378815,6177
3,0.09644477814435959,6178
3,0.135324627161026,6179
3,0.1215607225894928,6180
3,0.12218639254570007,6181
3,0.09490127861499786,6182
1,0.07508613169193268,6183
1,0.09498699009418488,6184
3,0.12736043334007263,6185
3,0.11229392886161804,6186
3,0.14970403909683228,6187
3,0.11259336024522781,6188
3,0.09595264494419098,6189
3,0.13869689404964447,6190
3,0.14305882155895233,6191
3,0.1599564254283905,6192
1,0.09493967145681381,6193
3,0.09777090698480606,6194
3,0.14679430425167084,6195
3,0.15830734372138977,6196
3,0.12817813456058502,6197
1,0.07552926987409592,6198
2,0.09450598061084747,6199
3,0.13035087287425995,6200
3,0.13914638757705688,6201
3,0.13000807166099548,6202
1,0.08325045555830002,6203
3,0.1386631727218628,6204
3,0.12942466139793396,6205
3,0.11473017930984497,6206
3,0.12039575725793839,6207
3,0.1322692185640335,6208
3,0.14259207248687744,6209
3,0.1499137580394745,6210
3,0.1071152463555336,6211
3,0.12196559458971024,6212
3,0.12029251456260681,6213
3,0.09307687729597092,6214
3,0.10232096910476685,6215
3,0.15030236542224884,6216
3,0.10861914604902267,6217
3,0.11411061137914658,6218
3,0.12771707773208618,6219
3,0.14544305205345154,6220
3,0.11975888907909393,6221
3,0.12479826807975769,6222
3,0.12605366110801697,6223
3,0.11001379042863846,6224
3,0.12794269621372223,6225
3,0.14451837539672852,6226
3,0.11953665316104889,6227
3,0.11734534800052643,6228
3,0.1080455407500267,6229
3,0.12397916615009308,6230
3,0.14243721961975098,6231
3,0.12007000297307968,6232
3,0.12819315493106842,6233
3,0.15586622059345245,6234
3,0.09392834454774857,6235
3,0.1274961233139038,6236
3,0.14738976955413818,6237
3,0.14847901463508606,6238
1,0.09162715077400208,6239
3,0.1128653734922409,6240
3,0.14560198783874512,6241
3,0.13407160341739655,6242
3,0.14202821254730225,6243
3,0.11797022819519043,6244
3,0.11682108044624329,6245
3,0.11558758467435837,6246
3,0.11813287436962128,6247
3,0.10199601203203201,6248
3,0.11874734610319138,6249
3,0.1409572958946228,6250
3,0.13895338773727417,6251
1,0.0936666876077652,6252
1,0.09997229278087616,6253
3,0.12670031189918518,6254
3,0.14670321345329285,6255
3,0.1259406954050064,6256
3,0.15307806432247162,6257
3,0.10761658847332001,6258
3,0.11335361003875732,6259
3,0.10028734803199768,6260
3,0.15210290253162384,6261
3,0.12778563797473907,6262
3,0.1113065704703331,6263
3,0.13152062892913818,6264
3,0.0996604934334755,6265
3,0.13092896342277527,6266
3,0.12419722974300385,6267
3,0.11837521940469742,6268
3,0.0988907590508461,6269
3,0.1056935265660286,6270
3,0.14324508607387543,6271
3,0.14094941318035126,6272
3,0.115519218146801,6273
3,0.11489657312631607,6274
3,0.1304122656583786,6275
3,0.14298856258392334,6276
3,0.1147131696343422,6277
1,0.10117439925670624,6278
3,0.11188866943120956,6279
3,0.12255389243364334,6280
3,0.14237354695796967,6281
3,0.13549207150936127,6282
3,0.14492176473140717,6283
3,0.09444520622491837,6284
3,0.09914438426494598,6285
3,0.10811490565538406,6286
3,0.12044747918844223,6287
3,0.15060442686080933,6288
3,0.08030056953430176,6289
3,0.11319370567798615,6290
3,0.13970911502838135,6291
3,0.13562466204166412,6292
3,0.13098326325416565,6293
3,0.10693240910768509,6294
3,0.11143898963928223,6295
3,0.11155818402767181,6296
3,0.10651925951242447,6297
3,0.13461555540561676,6298
3,0.14707723259925842,6299
1,0.11812607944011688,6300
3,0.1256200075149536,6301
3,0.1280033141374588,6302
3,0.13977207243442535,6303
3,0.14567971229553223,6304
3,0.11057808995246887,6305
3,0.1312299221754074,6306
1,0.10238568484783173,6307
3,0.10429203510284424,6308
3,0.12704406678676605,6309
3,0.1362336128950119,6310
3,0.1396798938512802,6311
3,0.11738792806863785,6312
3,0.13680945336818695,6313
3,0.1394951045513153,6314
3,0.14158384501934052,6315
3,0.12894491851329803,6316
3,0.14494861662387848,6317
3,0.10900776833295822,6318
3,0.10528865456581116,6319
3,0.12589478492736816,6320
3,0.1431097537279129,6321
3,0.11777423322200775,6322
3,0.12954458594322205,6323
3,0.14533817768096924,6324
3,0.11731073260307312,6325
1,0.10750703513622284,6326
3,0.13540895283222198,6327
3,0.13362102210521698,6328
3,0.11091505736112595,6329
3,0.12508732080459595,6330
3,0.13502158224582672,6331
3,0.13746821880340576,6332
3,0.10080181062221527,6333
3,0.11677190661430359,6334
3,0.14318718016147614,6335
3,0.12928004562854767,6336
3,0.10092321038246155,6337
3,0.10133965313434601,6338
1,0.09950514137744904,6339
3,0.08907219767570496,6340
3,0.06932100653648376,6341
3,0.12440459430217743,6342
3,0.10421160608530045,6343
3,0.1042110025882721,6344
3,0.12403424829244614,6345
3,0.1226855218410492,6346
3,0.13018333911895752,6347
3,0.10187794268131256,6348
3,0.13390986621379852,6349
3,0.10276306420564651,6350
1,0.0643608570098877,6351
3,0.12121039628982544,6352
3,0.12942466139793396,6353
3,0.1153072863817215,6354
1,0.09846718609333038,6355
3,0.09134145081043243,6356
3,0.11511770635843277,6357
3,0.13553039729595184,6358
3,0.11724694073200226,6359
3,0.12537895143032074,6360
3,0.10045143216848373,6361
3,0.10180053114891052,6362
3,0.10631249845027924,6363
1,0.0012549754464998841,6364
3,0.13476255536079407,6365
3,0.12575483322143555,6366
1,0.10184495151042938,6367
1,0.09542752802371979,6368
3,0.12763585150241852,6369
3,0.12043953686952591,6370
3,0.1245875433087349,6371
2,0.09853891283273697,6372
3,0.1009896919131279,6373
3,0.13838638365268707,6374
1,0.08690628409385681,6375
3,0.1198888048529625,6376
3,0.12397031486034393,6377
3,0.1331598162651062,6378
3,0.13364003598690033,6379
3,0.1285770982503891,6380
3,0.13775542378425598,6381
3,0.10521280765533447,6382
3,0.12193905562162399,6383
3,0.12597136199474335,6384
3,0.13582240045070648,6385
3,0.10236389189958572,6386
3,0.11929169297218323,6387
3,0.11841177195310593,6388
3,0.1226387768983841,6389
3,0.11861558258533478,6390
3,0.1364143043756485,6391
3,0.11875947564840317,6392
3,0.10271341353654861,6393
3,0.11855776607990265,6394
3,0.11896110326051712,6395
3,0.13556982576847076,6396
3,0.10256972163915634,6397
3,0.11431505531072617,6398
3,0.11877695471048355,6399
3,0.12718172371387482,6400
3,0.13175758719444275,6401
3,0.12585929036140442,6402
3,0.11847827583551407,6403
3,0.12796856462955475,6404
3,0.1340276449918747,6405
3,0.12065385282039642,6406
3,0.1285085678100586,6407
1,0.08584430068731308,6408
3,0.13530156016349792,6409
1,0.08799177408218384,6410
1,0.09882136434316635,6411
3,0.10729385912418365,6412
3,0.11742610484361649,6413
3,0.13420557975769043,6414
3,0.11726392060518265,6415
3,0.12410522997379303,6416
3,0.12661342322826385,6417
3,0.13048182427883148,6418
3,0.13064230978488922,6419
3,0.13443508744239807,6420
3,0.12062035501003265,6421
3,0.11714152991771698,6422
3,0.11276470869779587,6423
3,0.13019080460071564,6424
3,0.13373678922653198,6425
3,0.12176566570997238,6426
3,0.1331208348274231,6427
3,0.12894399464130402,6428
3,0.10603360831737518,6429
3,0.09738204628229141,6430
3,0.09762513637542725,6431
3,0.13029314577579498,6432
3,0.10892137140035629,6433
3,0.12013071775436401,6434
1,0.08872130513191223,6435
3,0.10916172713041306,6436
3,0.11672554165124893,6437
3,0.10698088258504868,6438
3,0.1295652687549591,6439
3,0.1141839474439621,6440
3,0.10925135016441345,6441
3,0.11584778875112534,6442
1,0.08266942203044891,6443
3,0.125111922621727,6444
3,0.09344591945409775,6445
3,0.08935505151748657,6446
3,0.09130363166332245,6447
3,0.12859299778938293,6448
3,0.13017891347408295,6449
3,0.1300303339958191,6450
3,0.10595278441905975,6451
3,0.09487470239400864,6452
3,0.09618501365184784,6453
3,0.12527288496494293,6454
3,0.12515953183174133,6455
1,0.04521617665886879,6456
3,0.1127839908003807,6457
3,0.12530986964702606,6458
3,0.1281242072582245,6459
3,0.12503580749034882,6460
3,0.10923474282026291,6461
3,0.12161599099636078,6462
3,0.1079954281449318,6463
3,0.11979110538959503,6464
1,0.08852513879537582,6465
3,0.10893228650093079,6466
3,0.10884042084217072,6467
3,0.11602921783924103,6468
3,0.12684789299964905,6469
3,0.09431002289056778,6470
3,0.11289620399475098,6471
3,0.09725426137447357,6472
3,0.1153508722782135,6473
3,0.11475425958633423,6474
3,0.11133461445569992,6475
3,0.12827154994010925,6476
3,0.12799687683582306,6477
3,0.11875531077384949,6478
3,0.12799687683582306,6479
3,0.11520951986312866,6480
3,0.12355483323335648,6481
3,0.10225057601928711,6482
3,0.12185561656951904,6483
2,0.1278030276298523,6484
3,0.10768669843673706,6485
3,0.10285498946905136,6486
3,0.11116141825914383,6487
3,0.12747183442115784,6488
3,0.11142867058515549,6489
3,0.10938633978366852,6490
3,0.08567150682210922,6491
3,0.09130885452032089,6492
3,0.09341736137866974,6493
3,0.11100061982870102,6494
3,0.1222090795636177,6495
1,0.10531990975141525,6496
3,0.12511895596981049,6497
3,0.11055589467287064,6498
3,0.12222768366336823,6499
3,0.11085826903581619,6500
3,0.0962325781583786,6501
3,0.10508498549461365,6502
3,0.10872019082307816,6503
3,0.10987331718206406,6504
3,0.09522151947021484,6505
3,0.12649650871753693,6506
3,0.1070425733923912,6507
3,0.10861356556415558,6508
3,0.1224672794342041,6509
3,0.1245717853307724,6510
3,0.09176822006702423,6511
3,0.1222022995352745,6512
3,0.11987131088972092,6513
3,0.11962074786424637,6514
3,0.12389369308948517,6515
3,0.11291278898715973,6516
3,0.11377391219139099,6517
3,0.10307175666093826,6518
3,0.11557620763778687,6519
3,0.11919126659631729,6520
3,0.12531617283821106,6521
3,0.11361384391784668,6522
3,0.10344815999269485,6523
3,0.10897506028413773,6524
3,0.12337970733642578,6525
3,0.12306633591651917,6526
3,0.11358506977558136,6527
3,0.09117521345615387,6528
3,0.11386103928089142,6529
3,0.10216206312179565,6530
1,0.08381619304418564,6531
3,0.10680101811885834,6532
3,0.12220561504364014,6533
3,0.1089620590209961,6534
3,0.1066918671131134,6535
3,0.11612718552350998,6536
3,0.10723322629928589,6537
4,0.11852359771728516,6538
3,0.11594635993242264,6539
3,0.0847422331571579,6540
3,0.10694751143455505,6541
3,0.1205279603600502,6542
3,0.12271231412887573,6543
3,0.11422587931156158,6544
3,0.12169264256954193,6545
3,0.1072845607995987,6546
3,0.10984507948160172,6547
3,0.08621321618556976,6548
3,0.11703882366418839,6549
3,0.10638995468616486,6550
3,0.10726546496152878,6551
3,0.09956495463848114,6552
3,0.09825227409601212,6553
3,0.1095706969499588,6554
3,0.11632002890110016,6555
3,0.12060579657554626,6556
3,0.10200634598731995,6557
3,0.09046480804681778,6558
3,0.11703445017337799,6559
3,0.10291837900876999,6560
3,0.1139274537563324,6561
3,0.08821973949670792,6562
3,0.09988613426685333,6563
3,0.11959323287010193,6564
3,0.12166831642389297,6565
3,0.12134069204330444,6566
3,0.11822203546762466,6567
1,0.0972791388630867,6568
3,0.10380862653255463,6569
3,0.11991457641124725,6570
3,0.09573350846767426,6571
3,0.10874820500612259,6572
3,0.12039727717638016,6573
3,0.0967705175280571,6574
3,0.0892738476395607,6575
3,0.08247418701648712,6576
3,0.10461793839931488,6577
3,0.08348564803600311,6578
3,0.11941736936569214,6579
3,0.09448958188295364,6580
3,0.10977251827716827,6581
3,0.11135786026716232,6582
3,0.10641086846590042,6583
3,0.09061019122600555,6584
3,0.10298517346382141,6585
3,0.11173205077648163,6586
3,0.11670225113630295,6587
3,0.10424146801233292,6588
3,0.11927521973848343,6589
3,0.11135859042406082,6590
3,0.11507288366556168,6591
3,0.11477227509021759,6592
3,0.09549608826637268,6593
3,0.1030130609869957,6594
3,0.11078209429979324,6595
3,0.10998491197824478,6596
3,0.11534653604030609,6597
3,0.10901863127946854,6598
3,0.09509418159723282,6599
3,0.11084906756877899,6600
3,0.0949624702334404,6601
3,0.08194152265787125,6602
3,0.07973431795835495,6603
3,0.09674791991710663,6604
3,0.11041171848773956,6605
3,0.10779806971549988,6606
3,0.11687375605106354,6607
3,0.1183878481388092,6608
1,0.01883072406053543,6609
3,0.1167348176240921,6610
3,0.10699153691530228,6611
3,0.11164692789316177,6612
3,0.09384069591760635,6613
3,0.09386804699897766,6614
3,0.11053875833749771,6615
3,0.09413868188858032,6616
3,0.09396416693925858,6617
2,0.09362535178661346,6618
3,0.10152431577444077,6619
3,0.10258251428604126,6620
3,0.10661592334508896,6621
3,0.10338819772005081,6622
4,0.09346984326839447,6623
1,0.07972026616334915,6624
3,0.08302321285009384,6625
3,0.11221975088119507,6626
3,0.09324457496404648,6627
1,0.09549311548471451,6628
3,0.09349997341632843,6629
3,0.10038236528635025,6630
1,0.10383686423301697,6631
3,0.10852184891700745,6632
3,0.10496944189071655,6633
3,0.1163395419716835,6634
3,0.10286463052034378,6635
3,0.10307744890451431,6636
3,0.1035652831196785,6637
3,0.11704638600349426,6638
1,0.09535082429647446,6639
3,0.1147652268409729,6640
3,0.11596263200044632,6641
1,0.08446525782346725,6642
3,0.1115269809961319,6643
3,0.10875888168811798,6644
3,0.10290365666151047,6645
3,0.10428842157125473,6646
3,0.10258661955595016,6647
3,0.10668686032295227,6648
3,0.10870339721441269,6649
3,0.11663639545440674,6650
3,0.11059407889842987,6651
3,0.1038898453116417,6652
3,0.10653384774923325,6653
3,0.10967212915420532,6654
3,0.08930829912424088,6655
3,0.10308638215065002,6656
3,0.11421341449022293,6657
3,0.1029275506734848,6658
3,0.11511543393135071,6659
3,0.11513664573431015,6660
3,0.10790432244539261,6661
3,0.10802553594112396,6662
3,0.09909362345933914,6663
3,0.1072615534067154,6664
3,0.11470898240804672,6665
3,0.10779730975627899,6666
3,0.1141437292098999,6667
3,0.10858839005231857,6668
3,0.0986504852771759,6669
3,0.10855798423290253,6670
3,0.10753472149372101,6671
3,0.10835002362728119,6672
3,0.11413192749023438,6673
3,0.10368344932794571,6674
3,0.10055743157863617,6675
3,0.11412561684846878,6676
3,0.09080278128385544,6677
3,0.10568169504404068,6678
3,0.08540312200784683,6679
3,0.11344205588102341,6680
3,0.09673899412155151,6681
3,0.10683655738830566,6682
3,0.10213257372379303,6683
3,0.10448848456144333,6684
3,0.08595386147499084,6685
3,0.10186436772346497,6686
3,0.11328121274709702,6687
3,0.11249224841594696,6688
3,0.10574868321418762,6689
1,0.05545690283179283,6690
3,0.10116122663021088,6691
3,0.10347867757081985,6692
3,0.112440325319767,6693
3,0.09594454616308212,6694
3,0.10459871590137482,6695
3,0.10389824211597443,6696
3,0.10478528589010239,6697
3,0.09296240657567978,6698
3,0.09849309176206589,6699
3,0.10101702064275742,6700
3,0.09923925995826721,6701
3,0.1023431122303009,6702
3,0.10658036172389984,6703
3,0.1026604175567627,6704
3,0.09977101534605026,6705
3,0.09940717369318008,6706
3,0.10006064921617508,6707
3,0.10699597746133804,6708
3,0.10445564240217209,6709
3,0.11156509071588516,6710
3,0.1084926575422287,6711
2,0.09970806539058685,6712
4,0.09979942440986633,6713
3,0.11125355213880539,6714
3,0.09974972903728485,6715
3,0.09111926704645157,6716
3,0.09645205736160278,6717
3,0.10330814123153687,6718
3,0.11076375842094421,6719
3,0.09888024628162384,6720
3,0.09620349854230881,6721
3,0.11127620935440063,6722
3,0.11104247719049454,6723
3,0.10583074390888214,6724
3,0.09007232636213303,6725
3,0.09939716011285782,6726
3,0.10323058068752289,6727
3,0.10765274614095688,6728
3,0.10712815821170807,6729
3,0.08799058198928833,6730
3,0.10993722826242447,6731
3,0.08781826496124268,6732
3,0.10184096544981003,6733
3,0.11155590415000916,6734
3,0.10864803940057755,6735
3,0.09983540326356888,6736
3,0.10320800542831421,6737
3,0.104000523686409,6738
3,0.10682956874370575,6739
3,0.10807756334543228,6740
3,0.10954355448484421,6741
3,0.10647609084844589,6742
3,0.08409960567951202,6743
3,0.1093645766377449,6744
3,0.11000700294971466,6745
3,0.10573060810565948,6746
3,0.10919446498155594,6747
3,0.1062711775302887,6748
3,0.10192186385393143,6749
3,0.09759988635778427,6750
2,0.0883355438709259,6751
3,0.10832250118255615,6752
3,0.10630861669778824,6753
3,0.10139156132936478,6754
3,0.08572996407747269,6755
3,0.09297088533639908,6756
3,0.10191407054662704,6757
3,0.1103329285979271,6758
3,0.10856472700834274,6759
3,0.10028725862503052,6760
3,0.0950731486082077,6761
3,0.10713186115026474,6762
3,0.11004354804754257,6763
3,0.09051311761140823,6764
3,0.09656089544296265,6765
3,0.10794618725776672,6766
3,0.10316048562526703,6767
3,0.1071358472108841,6768
3,0.0897553488612175,6769
3,0.09856629371643066,6770
3,0.10120200365781784,6771
3,0.09965260326862335,6772
3,0.1087656170129776,6773
3,0.09335704147815704,6774
3,0.10476275533437729,6775
3,0.10803917795419693,6776
3,0.09645340591669083,6777
3,0.10835056006908417,6778
3,0.09984291344881058,6779
2,0.09613800048828125,6780
2,0.08871718496084213,6781
1,0.09314858913421631,6782
3,0.10534121841192245,6783
3,0.09619588404893875,6784
3,0.10893208533525467,6785
3,0.08803612738847733,6786
3,0.08640816807746887,6787
3,0.09404656291007996,6788
3,0.08307190239429474,6789
3,0.09490103274583817,6790
3,0.1000627875328064,6791
3,0.09942871332168579,6792
3,0.10050996392965317,6793
3,0.09565002471208572,6794
3,0.09078013151884079,6795
3,0.09395695477724075,6796
3,0.09959089756011963,6797
3,0.10823889821767807,6798
3,0.10797644406557083,6799
3,0.097544826567173,6800
3,0.09251809865236282,6801
3,0.10553085803985596,6802
3,0.09742284566164017,6803
3,0.09477126598358154,6804
3,0.0969371646642685,6805
3,0.09831659495830536,6806
3,0.09949720650911331,6807
3,0.10595317929983139,6808
3,0.10275152325630188,6809
3,0.10081756114959717,6810
3,0.09339624643325806,6811
3,0.09075914323329926,6812
3,0.08251820504665375,6813
3,0.10234508663415909,6814
3,0.09089873731136322,6815
3,0.10153435915708542,6816
3,0.10048553347587585,6817
3,0.09415595978498459,6818
3,0.08248616009950638,6819
3,0.10589051991701126,6820
3,0.09407111257314682,6821
3,0.0821397677063942,6822
3,0.09844251722097397,6823
3,0.09767220914363861,6824
3,0.10677577555179596,6825
3,0.09779755771160126,6826
3,0.10038254410028458,6827
3,0.08075562864542007,6828
1,0.05369079113006592,6829
3,0.08394991606473923,6830
3,0.09688233584165573,6831
3,0.10595165938138962,6832
3,0.104893758893013,6833
3,0.08491802960634232,6834
2,0.10620371997356415,6835
3,0.10514502227306366,6836
3,0.0857996866106987,6837
3,0.09516937285661697,6838
3,0.0935666412115097,6839
3,0.0894308090209961,6840
3,0.10554715245962143,6841
3,0.09472434967756271,6842
3,0.09500989317893982,6843
3,0.09298443794250488,6844
3,0.09890032559633255,6845
3,0.10128403455018997,6846
3,0.10416259616613388,6847
3,0.10011615604162216,6848
3,0.10556655377149582,6849
3,0.1054450273513794,6850
3,0.10380347818136215,6851
3,0.07943519949913025,6852
3,0.10107336193323135,6853
3,0.09896940737962723,6854
3,0.0846930518746376,6855
3,0.0686115175485611,6856
3,0.09795179963111877,6857
3,0.10061262547969818,6858
3,0.10477288067340851,6859
3,0.09784655272960663,6860
3,0.0836910828948021,6861
3,0.0809793770313263,6862
3,0.07844629138708115,6863
1,0.06264252960681915,6864
3,0.09620000422000885,6865
3,0.10373285412788391,6866
3,0.09917711466550827,6867
3,0.10508488863706589,6868
3,0.09263327717781067,6869
3,0.06353450566530228,6870
3,0.10238339006900787,6871
3,0.10254281759262085,6872
3,0.08998509496450424,6873
3,0.0642075315117836,6874
3,0.09454502910375595,6875
3,0.10295940935611725,6876
3,0.10025198012590408,6877
3,0.06359314918518066,6878
3,0.0952494740486145,6879
3,0.1011076495051384,6880
3,0.0918288305401802,6881
1,0.07557559758424759,6882
3,0.09129031747579575,6883
3,0.09171659499406815,6884
3,0.09359922260046005,6885
3,0.0972958654165268,6886
3,0.10128219425678253,6887
1,0.06706070899963379,6888
3,0.10281414538621902,6889
3,0.06263358891010284,6890
3,0.0951031744480133,6891
3,0.10126214474439621,6892
3,0.09685588628053665,6893
3,0.10112521797418594,6894
3,0.10310429334640503,6895
2,0.09022510051727295,6896
3,0.09362343698740005,6897
3,0.09647185355424881,6898
3,0.09704074263572693,6899
1,0.056671202182769775,6900
3,0.09989848732948303,6901
1,0.07852292060852051,6902
3,0.10066750645637512,6903
3,0.10126310586929321,6904
3,0.08895154297351837,6905
3,0.10081341117620468,6906
3,0.0873829647898674,6907
1,0.08250968903303146,6908
3,0.09544689208269119,6909
3,0.09016361087560654,6910
3,0.09170365333557129,6911
3,0.1002972424030304,6912
3,0.10008923709392548,6913
3,0.10009825229644775,6914
3,0.10186376422643661,6915
3,0.08880320191383362,6916
3,0.08730658143758774,6917
3,0.10106690227985382,6918
3,0.1009695827960968,6919
3,0.09584351629018784,6920
1,0.04388260841369629,6921
3,0.08534538000822067,6922
3,0.09901934862136841,6923
3,0.08709342032670975,6924
3,0.0929035022854805,6925
3,0.08885032683610916,6926
3,0.08794991672039032,6927
3,0.08473703265190125,6928
3,0.08127215504646301,6929
3,0.09102272242307663,6930
1,0.0747147873044014,6931
3,0.088390052318573,6932
3,0.09204163402318954,6933
3,0.09543765336275101,6934
3,0.08953340351581573,6935
3,0.09389587491750717,6936
3,0.09672979265451431,6937
3,0.09599381685256958,6938
3,0.08962346613407135,6939
3,0.0892115905880928,6940
3,0.08956186473369598,6941
3,0.09009799361228943,6942
3,0.09690424799919128,6943
3,0.09692032635211945,6944
3,0.0875675305724144,6945
3,0.08543653786182404,6946
3,0.08268691599369049,6947
3,0.08756868541240692,6948
3,0.07798386365175247,6949
3,0.07531636953353882,6950
3,0.08747570216655731,6951
3,0.08238580822944641,6952
3,0.08935675024986267,6953
4,0.09302656352519989,6954
3,0.09704599529504776,6955
3,0.08820926398038864,6956
1,0.05978500470519066,6957
3,0.09624501317739487,6958
3,0.09319760650396347,6959
3,0.09853412955999374,6960
3,0.08451691269874573,6961
3,0.0816434845328331,6962
1,0.06764257699251175,6963
1,0.08594923466444016,6964
3,0.09011469781398773,6965
3,0.08289947360754013,6966
3,0.09570757299661636,6967
3,0.09596044570207596,6968
3,0.08531025052070618,6969
3,0.09552955627441406,6970
3,0.08416879177093506,6971
3,0.07710590213537216,6972
1,0.05355318263173103,6973
3,0.09657137095928192,6974
3,0.07933910936117172,6975
3,0.08700387179851532,6976
3,0.08810976147651672,6977
3,0.09774929285049438,6978
3,0.0972655713558197,6979
3,0.08767803758382797,6980
3,0.09587401151657104,6981
3,0.09680386632680893,6982
3,0.09554650634527206,6983
3,0.08827254176139832,6984
3,0.08871642500162125,6985
3,0.09181330353021622,6986
3,0.0813542827963829,6987
3,0.08064530044794083,6988
3,0.08389106392860413,6989
3,0.08612240850925446,6990
3,0.08398286253213882,6991
3,0.08568143099546432,6992
3,0.08529389649629593,6993
3,0.08351314067840576,6994
3,0.0785665363073349,6995
3,0.0919821709394455,6996
3,0.08490226417779922,6997
3,0.08342665433883667,6998
3,0.09254518151283264,6999
3,0.0913417711853981,7000
3,0.08968673646450043,7001
3,0.08902130275964737,7002
3,0.08801960945129395,7003
3,0.08881183713674545,7004
3,0.08551383763551712,7005
3,0.07355011999607086,7006
3,0.0874742716550827,7007
3,0.07706435024738312,7008
3,0.0768798440694809,7009
3,0.09200292825698853,7010
3,0.08358520269393921,7011
3,0.08608920872211456,7012
3,0.09032143652439117,7013
3,0.0893542543053627,7014
3,0.09414254873991013,7015
3,0.07621805369853973,7016
1,0.0011187096824869514,7017
3,0.08735665678977966,7018
3,0.08347728103399277,7019
3,0.0874464139342308,7020
3,0.08572965115308762,7021
3,0.08548249304294586,7022
3,0.08553260564804077,7023
3,0.08437375724315643,7024
3,0.09409758448600769,7025
3,0.08183743059635162,7026
3,0.08360568434000015,7027
3,0.09122958779335022,7028
3,0.08955135941505432,7029
3,0.09143999218940735,7030
3,0.08283177018165588,7031
3,0.08186308294534683,7032
3,0.0850091353058815,7033
3,0.08389987051486969,7034
3,0.09127470850944519,7035
3,0.09292618930339813,7036
3,0.08264584094285965,7037
3,0.08488015085458755,7038
3,0.08459769189357758,7039
3,0.09253577888011932,7040
3,0.08539845049381256,7041
3,0.08367327600717545,7042
3,0.08588067442178726,7043
3,0.08289240300655365,7044
3,0.08347155153751373,7045
3,0.08348939567804337,7046
3,0.092094287276268,7047
3,0.08552660048007965,7048
3,0.09149037301540375,7049
3,0.09194974601268768,7050
3,0.08021233230829239,7051
3,0.0796751156449318,7052
3,0.08554838597774506,7053
3,0.07316595315933228,7054
1,0.0809706375002861,7055
3,0.07829736173152924,7056
3,0.08890856057405472,7057
3,0.07975113391876221,7058
1,0.08297912776470184,7059
3,0.08690055459737778,7060
3,0.08877439051866531,7061
4,0.0907001867890358,7062
3,0.09243585169315338,7063
3,0.09250679612159729,7064
3,0.09028341621160507,7065
3,0.08928367495536804,7066
3,0.09233570098876953,7067
3,0.08240637928247452,7068
3,0.08322805166244507,7069
3,0.0844561755657196,7070
1,0.08215153962373734,7071
3,0.07867784798145294,7072
3,0.0828213095664978,7073
3,0.08746408671140671,7074
3,0.08038458228111267,7075
3,0.09049277752637863,7076
3,0.08392812311649323,7077
3,0.08269333839416504,7078
3,0.08473923057317734,7079
3,0.08877838402986526,7080
3,0.07837610691785812,7081
2,0.07860812544822693,7082
3,0.07792579382658005,7083
1,0.0580650195479393,7084
3,0.07952877134084702,7085
3,0.07745465636253357,7086
3,0.08305826038122177,7087
3,0.08219010382890701,7088
3,0.08928810060024261,7089
3,0.0808364525437355,7090
3,0.08604680746793747,7091
3,0.08871220052242279,7092
3,0.08470560610294342,7093
2,0.08497713506221771,7094
3,0.08830829709768295,7095
3,0.08901505917310715,7096
3,0.08506692945957184,7097
1,0.05596565082669258,7098
3,0.08777125179767609,7099
3,0.08224979043006897,7100
1,0.07640288025140762,7101
3,0.08804427087306976,7102
3,0.08693795651197433,7103
3,0.07984542846679688,7104
3,0.08719750493764877,7105
1,0.07560856640338898,7106
1,0.08294911682605743,7107
3,0.08490161597728729,7108
3,0.08700285851955414,7109
3,0.07739827036857605,7110
3,0.08040881156921387,7111
3,0.08522555232048035,7112
3,0.0829392522573471,7113
1,0.08026750385761261,7114
1,0.07557498663663864,7115
3,0.08516594767570496,7116
3,0.08399190753698349,7117
3,0.0869487002491951,7118
3,0.08458123356103897,7119
3,0.08335267007350922,7120
1,0.07132023572921753,7121
3,0.08181018382310867,7122
3,0.08400741964578629,7123
3,0.08343327790498734,7124
3,0.08477967977523804,7125
3,0.08467793464660645,7126
3,0.08606082946062088,7127
1,0.06701228767633438,7128
3,0.08316437155008316,7129
3,0.07520047575235367,7130
3,0.07529982179403305,7131
3,0.0821571871638298,7132
3,0.08503120392560959,7133
3,0.08291910588741302,7134
3,0.08326247334480286,7135
3,0.08330177515745163,7136
3,0.08286341279745102,7137
3,0.08478458225727081,7138
3,0.08257827907800674,7139
3,0.08174838870763779,7140
3,0.08223980665206909,7141
3,0.08051425963640213,7142
1,0.06915610283613205,7143
3,0.08428248763084412,7144
3,0.07928656786680222,7145
3,0.08029799163341522,7146
3,0.07223125547170639,7147
3,0.08007896691560745,7148
3,0.08049697428941727,7149
3,0.0793599933385849,7150
3,0.07811705023050308,7151
3,0.07722265273332596,7152
3,0.08154118061065674,7153
3,0.07947768270969391,7154
3,0.07981477677822113,7155
3,0.07853438705205917,7156
1,0.07577364891767502,7157
3,0.08212747424840927,7158
3,0.0749732181429863,7159
3,0.08130700141191483,7160
3,0.0742301270365715,7161
3,0.08043374866247177,7162
3,0.07883648574352264,7163
3,0.08094365894794464,7164
3,0.0826837494969368,7165
3,0.0778096616268158,7166
3,0.0822104811668396,7167
1,0.076064832508564,7168
3,0.07942067831754684,7169
3,0.07168524712324142,7170
3,0.07803908735513687,7171
3,0.07751976698637009,7172
3,0.07972148060798645,7173
3,0.08036138862371445,7174
3,0.07889820635318756,7175
3,0.07702752947807312,7176
3,0.07656324654817581,7177
3,0.07895704358816147,7178
3,0.0798472985625267,7179
1,0.06973358988761902,7180
3,0.0765170231461525,7181
3,0.0767420157790184,7182
3,0.07586506754159927,7183
3,0.07643843442201614,7184
3,0.07620109617710114,7185
3,0.0761706754565239,7186
3,0.07733789086341858,7187
3,0.07643824070692062,7188
3,0.07988559454679489,7189
3,0.08000972121953964,7190
3,0.0747678354382515,7191
3,0.07514139264822006,7192
3,0.07524891197681427,7193
3,0.07943957298994064,7194
3,0.07480600476264954,7195
3,0.07315006852149963,7196
3,0.06866936385631561,7197
3,0.0737951248884201,7198
3,0.07560113817453384,7199
3,0.07436445355415344,7200
1,0.07666920870542526,7201
3,0.07578461617231369,7202
3,0.07438674569129944,7203
3,0.0746915340423584,7204
3,0.07424084842205048,7205
1,0.06807449460029602,7206
3,0.07322733104228973,7207
3,0.07328426837921143,7208
3,0.07277332991361618,7209
3,0.06859978288412094,7210
3,0.07221157848834991,7211
3,0.07302466779947281,7212
1,0.06526937335729599,7213
3,0.07105083763599396,7214
3,0.07229623943567276,7215
3,0.07733890414237976,7216
1,0.07405956834554672,7217
3,0.07267498970031738,7218
3,0.07591990381479263,7219
3,0.07187806069850922,7220
3,0.0702514573931694,7221
3,0.07130782306194305,7222
3,0.06990126520395279,7223
1,0.06583590060472488,7224
3,0.07072623819112778,7225
1,0.06965036690235138,7226
1,0.022043615579605103,7227
3,0.0707150474190712,7228
3,0.06931310147047043,7229
3,0.0756630226969719,7230
3,0.07470563799142838,7231
3,0.07119769603013992,7232
3,0.07438352704048157,7233
3,0.07474236935377121,7234
3,0.07430189102888107,7235
3,0.06865496188402176,7236
3,0.07401304692029953,7237
3,0.0739627406001091,7238
3,0.06829928606748581,7239
3,0.07360965758562088,7240
3,0.07294996082782745,7241
3,0.07289589941501617,7242
3,0.06783811748027802,7243
3,0.07338880747556686,7244
1,0.06702064722776413,7245
3,0.06665779650211334,7246
3,0.07232913374900818,7247
3,0.07286643981933594,7248
3,0.07278028130531311,7249
3,0.07200206071138382,7250
3,0.07341483235359192,7251
2,0.07240329682826996,7252
3,0.06802964955568314,7253
3,0.0669039785861969,7254
3,0.07197786867618561,7255
1,0.066537044942379,7256
1,0.06955035775899887,7257
1,0.06325249373912811,7258
3,0.07272899895906448,7259
3,0.07154133915901184,7260
3,0.07043735682964325,7261
3,0.06886918097734451,7262
3,0.07188192009925842,7263
1,0.06806779652833939,7264
1,0.062039051204919815,7265
3,0.06926663964986801,7266
2,0.06910158693790436,7267
3,0.0691031813621521,7268
1,0.04873465374112129,7269
1,0.0614863820374012,7270
3,0.06830872595310211,7271
1,0.05694519728422165,7272
3,0.07005544006824493,7273
1,0.008196520619094372,7274
1,0.06789045035839081,7275
3,0.06758139282464981,7276
3,0.06867951899766922,7277
1,0.06731428951025009,7278
1,0.05548480898141861,7279
3,0.06754826009273529,7280
1,0.061482589691877365,7281
1,0.0666896253824234,7282
111,65535.0,7283
