EndNodes_1,EndNodes_2,name,edge_id,Weight,Length,Width,Volume,Type,Distance
1,2,745A6263,1,18.231338500976562,33.435489654541016,3.5484063625335693,330.6467590332031,E,2070.324951171875
2,3,745A6263,2,10.546403884887695,3.6656415462493896,1.1791058778762817,4.002630233764648,E,2056.899658203125
2,4,745A6263,3,186.05780029296875,12.51528263092041,0.996141254901886,9.753767013549805,E,2055.56689453125
3,4,745A6263,4,56.886173248291016,3.6656415462493896,0.4269176721572876,0.5247206687927246,E,2054.30810546875
4,14,745A6263,5,122.28807067871094,381.945068359375,30.541996002197266,279824.4375,E,1875.418701171875
5,9,745A6263,6,4.33561372756958,296.4090576171875,29.194459915161133,198418.53125,E,1948.895263671875
6,13,745A6263,7,1.3250527381896973,163.21969604492188,27.050006866455078,93798.78125,E,1800.3702392578125
7,9,745A6263,8,0.3647836148738861,83.05189514160156,30.218889236450195,59565.72265625,E,1825.183349609375
8,15,745A6263,9,0.8046015501022339,201.3181610107422,31.688547134399414,158773.3125,E,1741.88916015625
9,20,745A6263,10,0.5606560111045837,136.85498046875,31.28484535217285,105200.671875,E,1749.470458984375
10,23,745A6263,11,0.7636524438858032,178.9558868408203,30.667722702026367,132190.09375,E,1680.2926025390625
11,20,745A6263,12,0.6897833347320557,160.73561096191406,29.484874725341797,109749.0,E,1733.36083984375
12,24,745A6263,13,0.6891986131668091,176.1033935546875,32.01158905029297,141733.34375,E,1673.6541748046875
13,14,745A6263,14,0.8570866584777832,170.84307861328125,27.50353240966797,101499.5703125,E,1735.49072265625
13,22,745A6263,15,0.42003369331359863,102.97477722167969,31.339712142944336,79434.7890625,E,1679.5224609375
14,15,745A6263,16,0.010647032409906387,3.6656415462493896,31.20564842224121,2803.536865234375,E,1696.468994140625
15,55,745A6263,17,1.3378198146820068,324.76837158203125,31.217151641845703,248570.828125,E,1561.0240478515625
16,22,745A6263,18,0.39453044533729553,101.38009643554688,29.397958755493164,68814.0234375,E,1655.4696044921875
17,44,745A6263,19,1.1947906017303467,238.05087280273438,30.673778533935547,175911.484375,E,1638.201171875
18,42,745A6263,20,3.932563304901123,218.38851928710938,26.287778854370117,118529.765625,E,1583.686279296875
19,33,745A6263,21,3.800339937210083,208.388916015625,26.69041633605957,116593.7265625,E,1637.5169677734375
20,33,745A6263,22,0.6120832562446594,145.25990295410156,30.90761947631836,108985.0,E,1620.70263671875
21,24,745A6263,23,0.320192813873291,82.4229736328125,28.906578063964844,54091.8125,E,1624.94677734375
22,25,745A6263,24,0.2512202858924866,63.91056442260742,31.897695541381836,51071.796875,E,1603.85791015625
23,35,745A6263,25,0.8827306032180786,129.26319885253906,22.248149871826172,50251.91015625,E,1589.8372802734375
23,36,745A6263,26,0.422335147857666,81.7940444946289,28.569355010986328,52433.9375,E,1569.54248046875
24,38,745A6263,27,0.2851364016532898,75.35220336914062,32.512535095214844,62558.66796875,E,1559.556640625
25,28,745A6263,28,0.22804279625415802,33.88020324707031,22.049789428710938,12937.333984375,E,1571.4952392578125
25,29,745A6263,29,0.07101931422948837,16.625642776489258,30.645137786865234,12262.8515625,E,1566.9171142578125
26,77,745A6263,30,0.9523988962173462,249.12413024902344,32.34016799926758,204639.859375,E,1826.5849609375
27,41,745A6263,31,1.3427311182022095,88.68062591552734,15.26569652557373,16231.24609375,E,1524.7669677734375
28,29,745A6263,32,0.14764897525310516,31.2882080078125,13.153129577636719,4251.36865234375,E,1558.78369140625
28,30,745A6263,33,0.03396710753440857,7.331283092498779,20.77665901184082,2485.54296875,E,1562.2918701171875
29,34,745A6263,34,0.19782905280590057,40.137847900390625,28.66592025756836,25904.53125,E,1543.0465087890625
30,34,745A6263,35,0.2756589949131012,36.027488708496094,19.31003761291504,10550.9150390625,E,1544.750244140625
30,37,745A6263,36,0.33916011452674866,68.38933563232422,25.022966384887695,33632.24609375,E,1542.5091552734375
31,66,745A6263,37,4.337780475616455,174.6613311767578,30.826810836791992,130359.84375,E,1572.291748046875
32,45,745A6263,38,8.028289794921875,99.23284149169922,26.94236946105957,56574.00390625,E,1554.17236328125
33,39,745A6263,39,0.12844744324684143,28.69620704650879,29.973682403564453,20248.580078125,E,1544.2213134765625
34,40,745A6263,40,0.12104340642690659,22.883283615112305,27.675107955932617,13765.3388671875,E,1519.81201171875
35,36,745A6263,41,0.32213860750198364,39.5089225769043,17.87181282043457,9911.1103515625,E,1539.4495849609375
35,39,745A6263,42,0.1612493395805359,30.843490600585938,21.383153915405273,11076.3564453125,E,1537.8701171875
36,37,745A6263,43,0.01517558190971613,3.6656415462493896,31.08367156982422,2781.662841796875,E,1535.2445068359375
37,53,745A6263,44,0.4541661739349365,93.05148315429688,28.912010192871094,61089.953125,E,1493.2391357421875
38,42,745A6263,45,0.7991337776184082,149.81497192382812,28.688613891601562,96842.1015625,E,1508.3651123046875
38,43,745A6263,46,0.12717793881893158,31.73292350769043,31.593599319458008,24877.009765625,E,1509.52783203125
39,59,745A6263,47,0.4724390506744385,108.60350036621094,30.357402801513672,78607.3125,E,1481.0455322265625
40,41,745A6263,48,0.07439575344324112,19.84656524658203,26.02164649963379,10554.6728515625,E,1502.919189453125
40,58,745A6263,49,1.025111198425293,186.0266571044922,28.016550064086914,114681.765625,E,1441.083740234375
41,55,745A6263,50,0.5882266163825989,69.7234878540039,20.66586685180664,23387.09375,E,1466.5509033203125
42,71,745A6263,51,1.8039515018463135,323.87896728515625,28.444364547729492,205809.34375,E,1411.5302734375
43,54,745A6263,52,0.2559351325035095,55.689849853515625,29.70737075805664,38600.62890625,E,1470.1553955078125
43,62,745A6263,53,1.6249277591705322,150.18338012695312,24.02467155456543,68081.109375,E,1453.783935546875
44,48,745A6263,54,0.08310424536466599,20.920207977294922,31.740018844604492,16552.75390625,E,1520.64697265625
44,51,745A6263,55,0.2914784252643585,39.064205169677734,17.269834518432617,9150.5087890625,E,1513.4013671875
45,47,745A6263,56,0.044562533497810364,9.923282623291016,29.83849334716797,6939.0341796875,E,1507.8382568359375
45,49,745A6263,57,14.980669021606445,20.920207977294922,13.856526374816895,3154.74755859375,E,1506.739990234375
46,60,745A6263,58,166.46669006347656,144.37045288085938,24.925790786743164,70447.5859375,E,1681.5848388671875
47,54,745A6263,59,1.082384705543518,186.83978271484375,27.287466049194336,109266.1484375,E,1481.277099609375
47,56,745A6263,60,0.263847678899765,62.131690979003906,30.597797393798828,45686.02734375,E,1476.988037109375
48,51,745A6263,61,0.2885323166847229,28.251487731933594,18.47604751586914,7574.4189453125,E,1503.7479248046875
48,63,745A6263,62,0.3705601096153259,84.12554168701172,30.194652557373047,60239.01171875,E,1477.2000732421875
50,81,745A6263,63,0.6374315023422241,168.43528747558594,32.55195236206055,140177.109375,E,1739.3076171875
51,64,745A6263,64,0.1965126395225525,43.174560546875,30.02145767211914,30561.970703125,E,1478.7210693359375
52,77,745A6263,65,7.30476713180542,185.95037841796875,22.662601470947266,75007.8046875,E,1831.6131591796875
53,57,745A6263,66,0.13920879364013672,29.14092445373535,20.89185905456543,9989.583984375,E,1439.171142578125
53,58,745A6263,67,0.10276554524898529,36.47220993041992,18.576000213623047,9884.5380859375,E,1436.79150390625
54,68,745A6263,68,0.32902437448501587,85.01497650146484,32.17201614379883,69110.15625,E,1407.942626953125
55,71,745A6263,69,0.40067458152770996,90.19898223876953,30.104467391967773,64202.71484375,E,1399.166748046875
56,78,745A6263,70,0.46485504508018494,92.60677337646484,27.24912452697754,54005.46875,E,1412.5902099609375
56,84,745A6263,71,0.6214843392372131,124.26341247558594,28.4554386138916,79024.859375,E,1394.27001953125
57,58,745A6263,72,0.07880180329084396,14.033641815185547,26.567153930664062,7779.47509765625,E,1423.0535888671875
57,59,745A6263,73,0.20290334522724152,34.7696418762207,26.844989776611328,19679.615234375,E,1426.9576416015625
59,74,745A6263,74,0.23561139404773712,62.392208099365234,24.58920669555664,29628.47265625,E,1401.1895751953125
60,65,745A6263,75,0.38529908657073975,93.05149841308594,31.369474411010742,71916.3671875,E,1631.2591552734375
60,83,745A6263,76,0.5892471671104431,152.514892578125,32.283973693847656,124846.421875,E,1554.205810546875
61,64,745A6263,77,0.5703437924385071,131.22625732421875,28.874732971191406,85930.3515625,E,1485.13134765625
61,101,745A6263,78,0.8271244764328003,180.58216857910156,28.73143768310547,117079.125,E,1419.72705078125
61,119,745A6263,79,3792.6171875,334.58380126953125,30.67603302001953,247282.390625,E,1480.1419677734375
62,68,745A6263,80,0.2991759479045868,80.90460968017578,29.47184181213379,55192.203125,E,1386.2066650390625
62,69,745A6263,81,0.5177255272865295,136.41026306152344,32.4747200012207,112986.8125,E,1375.879638671875
63,64,745A6263,82,0.29739826917648315,87.42277526855469,27.9461669921875,53623.96875,E,1445.531494140625
63,67,745A6263,83,0.2533590495586395,59.53969192504883,30.632144927978516,43878.44921875,E,1421.338623046875
64,101,745A6263,84,0.6075032353401184,145.07569885253906,31.143095016479492,110511.6640625,E,1401.0943603515625
66,83,745A6263,85,0.7462349534034729,201.1339569091797,30.200429916381836,144079.28125,E,1521.691650390625
66,106,745A6263,86,0.5804826617240906,155.99630737304688,32.77263641357422,131591.21875,E,1422.3177490234375
67,70,745A6263,87,0.07777535915374756,13.588924407958984,26.464828491210938,7475.033203125,E,1394.8642578125
67,76,745A6263,88,0.4698736071586609,38.61948776245117,19.60433006286621,11657.3642578125,E,1387.474853515625
68,89,745A6263,89,0.3352093994617462,83.94132995605469,31.696456909179688,66234.9453125,E,1334.1217041015625
69,73,745A6263,90,0.26977482438087463,69.09455871582031,32.02742385864258,55664.42578125,E,1354.3896484375
69,102,745A6263,91,0.4791170358657837,135.8892822265625,31.841508865356445,108208.75,E,1309.822265625
70,74,745A6263,92,0.1721743643283844,30.214567184448242,26.773834228515625,17010.904296875,E,1379.919921875
70,76,745A6263,93,0.046391747891902924,27.17784881591797,17.7780704498291,6746.4326171875,E,1380.494140625
71,93,745A6263,94,1.4232085943222046,99.67753601074219,20.138458251953125,31749.69921875,E,1328.7823486328125
72,89,745A6263,95,2.121877908706665,132.03939819335938,16.730539321899414,29027.74609375,E,1324.140625
73,92,745A6263,96,0.8816809058189392,145.444091796875,24.771623611450195,70096.2734375,E,1332.0875244140625
73,99,745A6263,97,0.37250885367393494,83.57291412353516,30.34101104736328,60424.84375,E,1306.584716796875
74,90,745A6263,98,0.33737796545028687,64.53948974609375,27.78676986694336,39137.359375,E,1343.6192626953125
75,127,745A6263,99,0.7809475660324097,197.2841339111328,31.94617462158203,158132.0,E,1477.306884765625
76,111,745A6263,100,0.48570701479911804,115.22956085205078,30.822067260742188,85976.015625,E,1331.581298828125
77,128,745A6263,101,0.7163760662078857,183.6951904296875,32.07472610473633,148427.234375,E,1677.3162841796875
78,85,745A6263,102,0.12086804211139679,21.364927291870117,26.730634689331055,11989.7431640625,E,1364.9510498046875
78,87,745A6263,103,0.5220581293106079,56.31876754760742,16.579561233520508,12158.75390625,E,1358.2005615234375
79,107,745A6263,104,0.342149555683136,90.64369201660156,29.387727737426758,61483.625,E,1560.315185546875
80,105,745A6263,105,82.90567779541016,94.4935531616211,20.953929901123047,32585.3984375,E,1811.62841796875
81,86,745A6263,106,0.26395392417907715,75.35220336914062,30.6160945892334,55473.484375,E,1676.230712890625
81,96,745A6263,107,0.2764914035797119,71.6102523803711,32.27848815917969,58599.16796875,E,1627.6009521484375
82,111,745A6263,108,0.4834029972553253,92.16205596923828,25.728750228881836,47915.87109375,E,1333.594482421875
83,132,745A6263,109,0.7146406769752502,187.98974609375,32.44987106323242,155471.21875,E,1399.3369140625
84,87,745A6263,110,0.41150474548339844,35.398563385009766,15.67397689819336,6830.2080078125,E,1336.3270263671875
84,108,745A6263,111,0.5426878929138184,113.45069122314453,29.1541690826416,75735.3046875,E,1295.5865478515625
85,91,745A6263,112,0.1249057948589325,28.69620704650879,30.276592254638672,20659.908203125,E,1347.5924072265625
85,95,745A6263,113,0.16016224026679993,43.358768463134766,19.573156356811523,13046.3359375,E,1339.0390625
87,135,745A6263,114,1.4559844732284546,220.27528381347656,25.919706344604492,116229.3515625,E,1239.619384765625
88,107,745A6263,115,0.4193475544452667,102.89847564697266,31.392423629760742,79643.1640625,E,1525.248291015625
89,122,745A6263,116,0.5124858021736145,113.2664794921875,29.87858772277832,79416.625,E,1249.7701416015625
90,93,745A6263,117,0.19265761971473694,33.25128173828125,15.454419136047363,6237.40087890625,E,1309.136474609375
90,104,745A6263,118,0.20763596892356873,36.472206115722656,21.71181297302246,13503.4306640625,E,1298.52197265625
91,95,745A6263,119,0.20218020677566528,33.88020706176758,20.885929107666016,11607.6298828125,E,1327.1405029296875
91,140,745A6263,120,0.7953767776489258,199.87611389160156,30.579883575439453,146798.765625,E,1257.8974609375
92,103,745A6263,121,0.49396997690200806,115.49005889892578,30.730632781982422,85659.8828125,E,1277.1976318359375
92,112,745A6263,122,0.42353734374046326,66.42625427246094,22.405553817749023,26190.33203125,E,1276.3388671875
93,100,745A6263,123,0.19546246528625488,23.956924438476562,22.4188232421875,9456.8515625,E,1293.3643798828125
94,97,745A6263,124,65535.0,9.923283576965332,1.1587765216827393,10.465131759643555,E,1774.4454345703125
94,98,745A6263,125,199.16256713867188,16.180925369262695,4.701176643371582,280.87066650390625,E,1777.099609375
95,164,745A6263,126,1.4218029975891113,287.7751770019531,28.86406898498535,188303.46875,E,1197.6580810546875
96,121,745A6263,127,0.5872301459312439,165.29066467285156,32.11640167236328,133903.515625,E,1608.679443359375
96,127,745A6263,128,0.8217970728874207,224.38565063476562,33.09914779663086,193071.6875,E,1504.616943359375
97,98,745A6263,129,1.785813808441162,9.923282623291016,15.912845611572266,1973.517333984375,E,1772.94140625
98,105,745A6263,130,0.052028730511665344,12.51528263092041,30.96982765197754,9427.751953125,E,1772.752197265625
99,103,745A6263,131,0.04624276980757713,10.99692440032959,30.81938934326172,8203.6884765625,E,1262.881103515625
99,110,745A6263,132,0.12772653996944427,41.21148681640625,29.52237319946289,28210.4921875,E,1253.8582763671875
100,104,745A6263,133,0.1344338208436966,17.699283599853516,22.95771598815918,7326.607421875,E,1283.06982421875
100,112,745A6263,134,0.15296058356761932,33.435489654541016,16.939483642578125,7535.25390625,E,1269.538818359375
101,131,745A6263,135,0.4693724513053894,109.04820251464844,30.639392852783203,80402.34375,E,1291.5579833984375
103,115,745A6263,136,0.08728685975074768,30.659282684326172,29.637741088867188,21151.544921875,E,1245.0712890625
104,109,745A6263,137,0.13227976858615875,17.699283599853516,23.213285446166992,7490.6376953125,E,1274.7593994140625
105,128,745A6263,138,0.7364853024482727,180.58213806152344,30.45026969909668,131506.421875,E,1687.0577392578125
106,132,745A6263,139,0.5702500939369202,163.06707763671875,30.513399124145508,119244.2265625,E,1328.799560546875
106,140,745A6263,140,0.7492121458053589,188.98707580566406,31.86514663696289,150714.078125,E,1265.223388671875
107,167,745A6263,141,0.9208317399024963,225.09085083007812,31.336841583251953,173603.375,E,1465.411376953125
108,135,745A6263,142,1.4463551044464111,122.37663269042969,22.5681095123291,48952.9375,E,1203.816650390625
108,149,745A6263,143,1.0520862340927124,180.39796447753906,25.147090911865234,89597.734375,E,1177.6988525390625
109,114,745A6263,144,0.10701336711645126,32.80656433105469,18.311717987060547,8639.90234375,E,1260.224609375
109,120,745A6263,145,0.22995007038116455,31.732921600341797,23.52113151550293,13788.4794921875,E,1253.1058349609375
110,113,745A6263,146,0.15302149951457977,36.91692352294922,31.109811782836914,28061.451171875,E,1235.698486328125
110,115,745A6263,147,0.03174133598804474,37.990562438964844,28.27143669128418,23848.515625,E,1234.170654296875
111,190,745A6263,148,1.3180162906646729,273.9704284667969,28.59906578063965,175993.765625,E,1178.60400390625
112,114,745A6263,149,0.0499197281897068,7.331283092498779,24.23943519592285,3383.100341796875,E,1253.3115234375
113,122,745A6263,150,0.7504234313964844,129.26321411132812,25.470075607299805,65860.5390625,E,1223.3450927734375
113,123,745A6263,151,0.2677529752254486,44.432411193847656,22.45993423461914,17603.810546875,E,1214.404296875
114,116,745A6263,152,0.06418494135141373,9.923283576965332,24.827295303344727,4804.01220703125,E,1247.160888671875
115,133,745A6263,153,0.3921612799167633,91.53312683105469,30.58344268798828,67242.046875,E,1190.1007080078125
116,120,745A6263,154,0.022841399535536766,30.214567184448242,21.305225372314453,10771.5576171875,E,1240.2003173828125
116,146,745A6263,155,0.6812027096748352,144.37046813964844,29.22691535949707,96857.7109375,E,1179.4462890625
117,139,745A6263,156,0.5639551281929016,128.373779296875,30.470815658569336,93612.6171875,E,1390.390380859375
118,131,745A6263,157,1.6718330383300781,86.7938461303711,14.218077659606934,13780.3603515625,E,1253.6226806640625
119,142,745A6263,158,5.354206085205078,267.89703369140625,28.29397201538086,168440.140625,E,1376.941650390625
119,153,745A6263,159,0.701566755771637,168.06686401367188,31.016544342041016,126986.859375,E,1271.397705078125
120,188,745A6263,160,0.9885069727897644,228.9091339111328,30.556760787963867,167867.890625,E,1130.450927734375
122,134,745A6263,161,0.3073965013027191,68.83405303955078,26.182029724121094,37059.5234375,E,1172.72412109375
123,125,745A6263,162,0.022669700905680656,20.920207977294922,25.432092666625977,10627.2294921875,E,1191.660888671875
123,134,745A6263,163,0.36016687750816345,82.60717010498047,30.38840103149414,59913.3125,E,1172.28662109375
124,170,745A6263,164,1.91721510887146,516.9449462890625,32.92440414428711,440118.90625,E,1505.341796875
125,130,745A6263,165,0.27865827083587646,57.83712387084961,29.11273193359375,38500.15625,E,1177.80224609375
125,155,745A6263,166,0.7772859930992126,118.71099853515625,24.906354904174805,57836.39453125,E,1132.7255859375
126,162,745A6263,167,1.941904902458191,130.78158569335938,25.999757766723633,69434.46875,E,1283.5
127,173,745A6263,168,0.6818865537643433,197.13148498535156,31.58443832397461,154451.515625,E,1308.316162109375
128,144,745A6263,169,0.2812231183052063,74.01805114746094,32.43679428100586,61165.05859375,E,1575.6556396484375
129,159,745A6263,170,0.793769121170044,110.30607604980469,25.46962547302246,56199.7578125,E,1482.0694580078125
130,133,745A6263,171,0.15307313203811646,51.57948684692383,29.59222984313965,35474.9921875,E,1153.6890869140625
130,155,745A6263,172,0.5021095275878906,96.9013442993164,26.355331420898438,52863.59375,E,1122.887451171875
131,174,745A6263,173,0.9156956672668457,138.81805419921875,25.285314559936523,69706.3828125,E,1180.518310546875
132,177,745A6263,174,0.49085116386413574,138.81805419921875,31.482694625854492,108063.6484375,E,1252.2412109375
133,171,745A6263,175,0.49750959873199463,121.30299377441406,31.282604217529297,93232.46875,E,1097.4495849609375
134,136,745A6263,176,0.0191363375633955,5.184000015258789,32.89976119995117,4406.97265625,E,1140.3681640625
135,138,745A6263,177,0.09196275472640991,21.99384880065918,30.84552574157715,16435.216796875,E,1142.033447265625
136,150,745A6263,178,0.5868090391159058,59.094974517822266,16.984092712402344,13388.291015625,E,1117.2249755859375
136,160,745A6263,179,0.34525734186172485,72.94441223144531,29.421541213989258,49592.12890625,E,1105.8076171875
137,154,745A6263,180,0.1652739942073822,47.4691276550293,27.200754165649414,27584.3671875,E,1642.4852294921875
138,149,745A6263,181,0.2985988259315491,62.576412200927734,29.47280502319336,42691.703125,E,1118.039306640625
138,164,745A6263,182,0.41385453939437866,66.0578384399414,19.389568328857422,19505.205078125,E,1103.5880126953125
139,142,745A6263,183,0.12614706158638,26.548925399780273,28.97347640991211,17504.03125,E,1318.513427734375
139,156,745A6263,184,3.0544395446777344,85.27547454833984,21.53197479248047,31051.44140625,E,1338.5716552734375
140,227,745A6263,185,0.974639356136322,213.28082275390625,30.796077728271484,158866.5625,E,1083.9217529296875
141,208,745A6263,186,0.7898939251899719,207.760009765625,32.57084655761719,173105.125,E,1066.6109619140625
142,145,745A6263,187,0.03651648014783859,7.331283092498779,28.318872451782227,4617.658203125,E,1306.720458984375
143,144,745A6263,188,0.3477703034877777,34.32492446899414,15.57813835144043,6542.30224609375,E,1534.7752685546875
143,147,745A6263,189,0.10923972725868225,33.251285552978516,14.467765808105469,5466.3984375,E,1528.22412109375
143,159,745A6263,190,0.45176082849502563,82.86769104003906,27.834590911865234,50424.875,E,1484.0999755859375
144,147,745A6263,191,0.024896245449781418,6.257641315460205,31.700326919555664,4938.87451171875,E,1540.931640625
145,158,745A6263,192,0.10252722352743149,33.88020324707031,14.786259651184082,5817.71630859375,E,1294.0146484375
145,204,745A6263,193,0.8380242586135864,184.43199157714844,29.745195388793945,128162.15625,E,1216.045654296875
146,172,745A6263,194,0.450187087059021,92.34627532958984,29.03514289855957,61144.47265625,E,1077.4083251953125
146,212,745A6263,195,1.8452337980270386,204.17066955566406,22.543941497802734,81497.2421875,E,1037.2645263671875
147,191,745A6263,196,0.5514659285545349,137.66810607910156,31.619007110595703,108098.5,E,1480.3609619140625
148,154,745A6263,197,0.6515277624130249,151.3333282470703,31.044143676757812,114547.0234375,E,1688.1424560546875
149,152,745A6263,198,0.024873189628124237,7.331283092498779,34.3296012878418,6785.8984375,E,1097.72802734375
150,152,745A6263,199,0.021311432123184204,6.257641315460205,34.268611907958984,5771.56494140625,E,1096.3184814453125
150,160,745A6263,200,0.2817745506763458,74.01805114746094,28.63237190246582,47658.69921875,E,1078.8302001953125
151,178,745A6263,201,3.575375556945801,141.33375549316406,18.569183349609375,38275.546875,E,1125.449951171875
152,184,745A6263,202,0.20319069921970367,86.34913635253906,32.26887512207031,70618.0234375,E,1057.216552734375
153,157,745A6263,203,0.04737319052219391,9.923283576965332,28.933834075927734,6524.650390625,E,1193.758544921875
153,165,745A6263,204,0.12786805629730225,37.54584884643555,27.98682403564453,23097.185546875,E,1178.834716796875
154,191,745A6263,205,0.9617969989776611,221.1647186279297,31.06591796875,167638.625,E,1524.40625
155,192,745A6263,206,0.45650792121887207,105.56678009033203,30.683496475219727,78059.6953125,E,1032.9588623046875
156,158,745A6263,207,1.211525559425354,68.20513153076172,18.412029266357422,18159.765625,E,1308.592529296875
156,163,745A6263,208,0.12057020515203476,29.769847869873047,31.421138763427734,23083.9609375,E,1325.10791015625
157,161,745A6263,209,0.16081082820892334,29.14092254638672,27.147157669067383,16867.15625,E,1196.7919921875
157,166,745A6263,210,0.2802691161632538,25.475284576416016,17.64592933654785,6230.142578125,E,1183.7801513671875
158,251,745A6263,211,1.1713371276855469,243.49537658691406,30.19036865234375,174308.046875,E,1173.49609375
159,168,745A6263,212,0.045444875955581665,27.6225643157959,21.352659225463867,9891.4013671875,E,1440.9791259765625
160,175,745A6263,213,0.21804964542388916,51.57948684692383,30.684988021850586,38143.34765625,E,1051.7650146484375
161,162,745A6263,214,0.2984221577644348,60.873844146728516,28.921363830566406,39990.625,E,1213.0897216796875
161,166,745A6263,215,0.08779703825712204,30.214567184448242,17.58493995666504,7338.17431640625,E,1184.372802734375
162,187,745A6263,216,0.42754751443862915,82.4229736328125,27.846778869628906,50198.1953125,E,1187.4119873046875
163,180,745A6263,217,0.8113737106323242,190.1370391845703,30.703449249267578,140776.75,E,1356.167236328125
163,201,745A6263,218,0.5091855525970459,102.08535766601562,25.377037048339844,51633.9296875,E,1297.00341796875
164,181,745A6263,219,0.14099371433258057,55.2451286315918,31.547861099243164,43184.08203125,E,1050.10400390625
165,166,745A6263,220,0.38197600841522217,39.064208984375,18.44284439086914,10435.775390625,E,1164.3564453125
165,169,745A6263,221,0.09356513619422913,17.254566192626953,27.102493286132812,9954.3388671875,E,1154.380126953125
167,168,745A6263,222,0.10882867872714996,20.736000061035156,21.989646911621094,7875.01513671875,E,1422.0623779296875
167,180,745A6263,223,0.1058952808380127,35.398563385009766,25.098114013671875,17512.884765625,E,1403.5986328125
168,182,745A6263,224,0.16202408075332642,45.32184600830078,26.281864166259766,24587.2421875,E,1415.6978759765625
169,174,745A6263,225,0.1196606233716011,31.2882080078125,22.741836547851562,12709.298828125,E,1135.0802001953125
169,185,745A6263,226,0.3200920820236206,50.50584411621094,18.714353561401367,13892.5244140625,E,1125.8826904296875
170,176,745A6263,227,0.3307143747806549,89.38585662841797,32.87943649291992,75894.0,E,1267.3570556640625
170,183,745A6263,228,0.07795125246047974,43.358768463134766,23.648189544677734,19044.1953125,E,1292.263671875
171,172,745A6263,229,0.026229627430438995,7.331283092498779,33.42832946777344,6434.26953125,E,1043.343017578125
171,203,745A6263,230,0.39605534076690674,103.97211456298828,30.634967803955078,76637.5546875,E,1007.2783203125
172,215,745A6263,231,0.682033896446228,106.0114974975586,23.85118293762207,47365.55859375,E,992.6140747070312
173,176,745A6263,232,0.16761411726474762,42.100929260253906,31.725318908691406,33280.78515625,E,1227.3699951171875
173,177,745A6263,233,0.21112824976444244,54.17148971557617,32.092655181884766,43819.95703125,E,1201.3035888671875
174,179,745A6263,234,0.056748513132333755,11.441641807556152,28.37986183166504,7237.67041015625,E,1118.2479248046875
175,192,745A6263,235,0.27922189235687256,57.39241409301758,19.958965301513672,17956.447265625,E,1006.0558471679688
175,198,745A6263,236,0.3384913504123688,72.05497741699219,26.692516326904297,40321.1484375,E,1006.1893310546875
176,205,745A6263,237,0.24232394993305206,75.98112487792969,27.687463760375977,45746.9296875,E,1211.5565185546875
177,216,745A6263,238,0.8141133189201355,228.31178283691406,33.493927001953125,201164.046875,E,1108.1319580078125
178,188,745A6263,239,0.2726863622665405,64.09477233886719,27.49553108215332,38057.19140625,E,1040.752197265625
178,189,745A6263,240,0.4343164265155792,87.60697937011719,25.76837730407715,45688.0625,E,1060.3931884765625
179,185,745A6263,241,0.07230667024850845,13.588924407958984,27.416244506835938,8022.15234375,E,1110.2022705078125
179,193,745A6263,242,0.8809133172035217,76.61004638671875,17.570032119750977,18574.65234375,E,1087.275634765625
180,182,745A6263,243,0.05120066925883293,13.588924407958984,32.59211349487305,11337.048828125,E,1395.7991943359375
181,184,745A6263,244,0.09006007760763168,26.993640899658203,34.628379821777344,25422.349609375,E,1021.512939453125
181,206,745A6263,245,0.3177340626716614,93.8646240234375,34.39604949951172,87218.578125,E,1005.0420532226562
182,186,745A6263,246,0.02360634133219719,6.257641315460205,32.54738998413086,5206.3447265625,E,1396.404541015625
183,205,745A6263,247,0.5315341949462891,114.78483581542969,30.195220947265625,82196.0234375,E,1241.4542236328125
183,207,745A6263,248,0.9522881507873535,251.90028381347656,32.57005310058594,209872.46875,E,1346.5225830078125
184,197,745A6263,249,0.15506133437156677,46.57969284057617,34.652931213378906,43930.53125,E,1000.8843994140625
185,200,745A6263,250,0.20498763024806976,37.990562438964844,27.250125885009766,22156.57421875,E,1090.11865234375
186,213,745A6263,251,0.3153272569179535,88.05169677734375,27.26885986328125,51423.4921875,E,1384.6922607421875
186,246,745A6263,252,0.8917708992958069,198.98666381835938,30.20131492614746,142549.453125,E,1310.857177734375
187,195,745A6263,253,0.14231328666210175,31.917129516601562,29.896434783935547,22405.390625,E,1134.9564208984375
187,204,745A6263,254,0.13720428943634033,43.358768463134766,19.07712173461914,12393.458984375,E,1140.12841796875
188,210,745A6263,255,0.24040260910987854,51.39527893066406,29.410558700561523,34915.609375,E,1000.134033203125
189,190,745A6263,256,0.04134145751595497,10.368000030517578,31.64883041381836,8156.431640625,E,1057.5828857421875
189,210,745A6263,257,0.6496828198432922,144.815185546875,28.42051887512207,91868.7890625,E,1007.0731811523438
190,193,745A6263,258,0.014522532932460308,3.6656415462493896,31.774871826171875,2906.74853515625,E,1058.7071533203125
191,213,745A6263,259,0.21151360869407654,63.65004348754883,30.813411712646484,47464.421875,E,1400.768310546875
192,203,745A6263,260,0.1336500346660614,55.68984603881836,25.777694702148438,29063.91015625,E,981.17578125
192,218,745A6263,261,0.1360950917005539,56.579280853271484,33.14236068725586,48810.6015625,E,957.7470092773438
193,194,745A6263,262,0.014615894295275211,3.6656415462493896,31.67322540283203,2888.181396484375,E,1057.240234375
194,199,745A6263,263,0.042294085025787354,9.923283576965332,30.621179580688477,7307.84130859375,E,1055.54541015625
194,229,745A6263,264,0.42241308093070984,81.34933471679688,26.347841262817383,44354.12109375,E,1018.5861206054688
195,209,745A6263,265,0.12698400020599365,49.17169189453125,23.744752883911133,21774.107421875,E,1111.61181640625
195,221,745A6263,266,0.45586442947387695,104.41683197021484,30.417728424072266,75877.6640625,E,1074.08203125
196,266,745A6263,267,0.938952624797821,206.24163818359375,29.5648193359375,141584.828125,E,1153.779296875
197,198,745A6263,268,0.06077979877591133,28.511999130249023,34.5523796081543,26734.5859375,E,981.0748291015625
197,202,745A6263,269,0.03338269144296646,9.923283576965332,34.60065841674805,9330.6953125,E,978.804931640625
198,214,745A6263,270,0.19481110572814941,50.061126708984375,32.231685638427734,40846.66015625,E,958.2945556640625
199,200,745A6263,271,0.46911361813545227,51.39527893066406,21.01335334777832,17823.9453125,E,1065.25927734375
199,220,745A6263,272,0.4154677391052246,63.834251403808594,18.007793426513672,16257.90625,E,1041.0125732421875
200,221,745A6263,273,0.1653241515159607,52.024208068847656,29.053855895996094,34490.76953125,E,1054.9066162109375
201,223,745A6263,274,0.27373433113098145,63.2053337097168,30.653705596923828,46645.48046875,E,1267.02880859375
201,241,745A6263,275,0.5988142490386963,102.71427154541016,25.59893798828125,52864.5546875,E,1228.5335693359375
202,746,745A6263,276,3.1628928184509277,975.2156982421875,35.800079345703125,981654.1875,F,487.6091613769531
203,211,745A6263,277,0.13178107142448425,36.027488708496094,33.13016128540039,31057.8203125,E,955.9515991210938
204,209,745A6263,278,0.14368899166584015,29.769847869873047,28.8250732421875,19427.072265625,E,1118.5164794921875
205,309,745A6263,279,1.4115040302276611,372.974365234375,32.54145050048828,310200.65625,E,1015.400146484375
206,746,745A6263,280,3.2436485290527344,974.7195434570312,35.800079345703125,981154.75,F,487.3615417480469
207,217,745A6263,281,3.990861415863037,177.8822479248047,27.340604782104492,104433.2265625,E,1445.88427734375
207,252,745A6263,282,0.49170124530792236,112.19285583496094,30.386260986328125,81359.75,E,1348.026123046875
208,746,745A6263,283,3.2576262950897217,975.0399780273438,35.800079345703125,981477.3125,F,487.5218200683594
209,222,745A6263,284,0.09198872745037079,21.364927291870117,30.661836624145508,15775.6630859375,E,1092.8638916015625
210,212,745A6263,285,0.0170147642493248,3.6656415462493896,29.355670928955078,2480.983642578125,E,974.166748046875
211,218,745A6263,286,0.1022212877869606,30.214567184448242,34.39181900024414,28068.330078125,E,935.6410522460938
211,224,745A6263,287,0.27817046642303467,60.42912673950195,26.012752532958984,32115.064453125,E,931.51416015625
212,239,745A6263,288,0.3101688623428345,53.726768493652344,26.75124740600586,30197.33984375,E,948.9151000976562
213,334,745A6263,289,1.6754364967346191,394.6761474609375,30.804458618164062,294142.59375,E,1210.5679931640625
214,746,745A6263,290,2.987360954284668,937.1469116210938,35.800079345703125,943334.0625,F,468.5749816894531
215,219,745A6263,291,0.06292986124753952,9.923283576965332,25.015342712402344,4877.0615234375,E,941.5551147460938
215,226,745A6263,292,0.11549971997737885,20.920207977294922,26.884197235107422,11875.4482421875,E,935.0159301757812
216,230,745A6263,293,0.21713471412658691,42.28512954711914,29.01152229309082,27952.365234375,E,1007.7943115234375
216,235,745A6263,294,0.35483264923095703,35.398563385009766,17.496002197265625,8510.462890625,E,1009.7640991210938
218,232,745A6263,295,0.0921587273478508,28.69620704650879,35.3142204284668,28106.943359375,E,919.15185546875
219,225,745A6263,296,0.21743769943714142,35.398563385009766,14.820141792297363,6106.32958984375,E,941.4378051757812
219,236,745A6263,297,0.45409634709358215,29.58563995361328,15.101849555969238,5299.45361328125,E,925.6387939453125
220,221,745A6263,298,0.06297744065523148,15.552000045776367,31.4089412689209,12049.8798828125,E,1031.8253173828125
220,234,745A6263,299,0.38503599166870117,90.0147705078125,27.75042724609375,54443.125,E,999.300048828125
221,254,745A6263,300,0.4138631224632263,101.19591522216797,29.142210006713867,67499.078125,E,1006.9855346679688
222,251,745A6263,301,0.5077742338180542,120.1530532836914,30.99411392211914,90653.1953125,E,1076.6566162109375
222,258,745A6263,302,0.44361546635627747,113.26649475097656,30.424238204956055,82343.7734375,E,1032.879150390625
223,241,745A6263,303,0.2895028591156006,69.46297454833984,28.449880599975586,44157.46484375,E,1226.086669921875
223,246,745A6263,304,0.274505078792572,69.46297454833984,31.79981803894043,55168.67578125,E,1252.0770263671875
224,226,745A6263,305,0.1589941382408142,34.9538459777832,21.85702133178711,13114.9541015625,E,931.2869873046875
224,237,745A6263,306,0.04424143210053444,30.214563369750977,18.204988479614258,7864.78759765625,E,916.3729248046875
225,231,745A6263,307,0.7509504556655884,73.57333374023438,19.992374420166016,23096.12109375,E,950.6669921875
225,233,745A6263,308,0.31107619404792786,37.54584884643555,17.953413009643555,9504.86328125,E,932.0516357421875
226,228,745A6263,309,0.013785464689135551,2.5920000076293945,27.42437744140625,1531.0819091796875,E,925.2904052734375
227,746,745A6263,310,3.329479694366455,985.7679443359375,35.800079345703125,992276.125,F,492.8843688964844
228,237,745A6263,311,0.09955751150846481,27.17784881591797,26.570541381835938,15069.740234375,E,913.01953125
228,238,745A6263,312,0.07348991930484772,28.251487731933594,27.151962280273438,16358.130859375,E,917.31640625
229,234,745A6263,313,0.032101020216941833,7.331283092498779,30.202730178833008,5252.4541015625,E,979.999267578125
229,243,745A6263,314,0.7338836789131165,121.74771118164062,24.953821182250977,59542.1875,E,952.1758422851562
230,746,745A6263,315,3.3434574604034424,989.7503662109375,35.800079345703125,996284.8125,F,494.8712463378906
231,233,745A6263,316,0.019787874072790146,3.6656415462493896,27.221084594726562,2133.2939453125,E,931.3278198242188
231,239,745A6263,317,0.1924632042646408,34.95384979248047,26.96018409729004,19954.029296875,E,927.78125
232,746,745A6263,318,2.8562028408050537,909.88427734375,35.800079345703125,915891.4375,F,454.943359375
233,242,745A6263,319,0.188379168510437,27.17784881591797,24.55341339111328,12868.5234375,E,918.2977905273438
234,249,745A6263,320,0.31102874875068665,63.2053337097168,28.80068016052246,41176.46875,E,950.9224853515625
235,746,745A6263,321,3.361361026763916,996.0601196289062,35.800079345703125,1002636.25,F,498.0303649902344
236,238,745A6263,322,0.019847121089696884,3.6656415462493896,27.180423736572266,2126.92578125,E,910.18212890625
236,242,745A6263,323,0.3070463538169861,53.726768493652344,23.55597496032715,23414.38671875,E,905.7050170898438
237,247,745A6263,324,0.19758187234401703,51.76368713378906,32.58042526245117,43154.75,E,886.1657104492188
238,262,745A6263,325,0.3818374574184418,80.09149169921875,29.62976837158203,55224.625,E,872.17578125
239,240,745A6263,326,0.02898254618048668,5.184000015258789,26.72640037536621,2908.277099609375,E,921.604736328125
240,243,745A6263,327,0.11826469004154205,26.54892349243164,25.15619468688965,13195.5244140625,E,919.2645874023438
240,248,745A6263,328,0.17329372465610504,27.622568130493164,25.588632583618164,14205.224609375,E,906.5210571289062
241,290,745A6263,329,1.0826842784881592,210.98094177246094,28.452417373657227,134144.0625,E,1096.388916015625
242,250,745A6263,330,0.19840726256370544,39.248409271240234,21.40977668762207,14129.806640625,E,895.0804443359375
243,253,745A6263,331,0.14530357718467712,33.88020324707031,15.897601127624512,6725.10498046875,E,905.1339721679688
244,277,745A6263,332,0.9030458927154541,211.42564392089844,30.68755531311035,156376.734375,E,1357.79443359375
245,303,745A6263,333,0.9216264486312866,204.43118286132812,30.292795181274414,147338.328125,E,1129.49951171875
246,297,745A6263,334,1.1167972087860107,177.8822479248047,23.23576545715332,75428.671875,E,1180.855712890625
247,746,745A6263,335,2.777031421661377,869.8660888671875,35.800079345703125,875609.0625,F,434.93475341796875
248,250,745A6263,336,0.06185731291770935,13.588924407958984,29.636219024658203,9373.9052734375,E,888.7078247070312
248,256,745A6263,337,0.17601370811462402,33.435489654541016,21.380735397338867,12004.46484375,E,886.273681640625
249,263,745A6263,338,0.14293456077575684,51.76368713378906,26.008943557739258,27501.76171875,E,900.1809692382812
249,271,745A6263,339,0.6915305852890015,162.0697479248047,31.120939254760742,123281.3046875,E,918.4159545898438
250,255,745A6263,340,0.07276441901922226,17.699283599853516,31.202741622924805,13534.1533203125,E,875.6441650390625
251,266,745A6263,341,0.14230506122112274,45.32184600830078,29.72344970703125,31448.20703125,E,1063.0496826171875
252,259,745A6263,342,0.2810092866420746,21.809640884399414,18.43199920654297,5819.46728515625,E,1291.65234375
252,265,745A6263,343,1.2833545207977295,68.20512390136719,13.072883605957031,9154.81640625,E,1271.390869140625
253,257,745A6263,344,0.21277761459350586,22.438568115234375,21.043481826782227,7804.052734375,E,883.9630126953125
253,260,745A6263,345,0.24560944736003876,42.28512954711914,26.42823600769043,23196.041015625,E,888.5494995117188
254,258,745A6263,346,0.049249257892370224,17.254566192626953,29.899478912353516,12114.9375,E,981.3776245117188
254,271,745A6263,347,0.203744575381279,59.094974517822266,24.140047073364258,27046.849609375,E,954.1381225585938
255,256,745A6263,348,0.16832584142684937,40.58256530761719,25.566267013549805,20833.5859375,E,868.5010375976562
255,272,745A6263,349,0.23712646961212158,62.131690979003906,32.471153259277344,51451.5546875,E,842.3143310546875
256,257,745A6263,350,0.0366785041987896,18.772924423217773,19.993976593017578,5894.13623046875,E,874.0941772460938
257,260,745A6263,351,0.3167572617530823,45.76656723022461,19.952392578125,14309.6220703125,E,870.8020629882812
258,280,745A6263,352,0.3153908848762512,74.01805114746094,30.707168579101562,54815.96484375,E,963.3582763671875
259,268,745A6263,353,0.8336331248283386,38.61948776245117,12.955934524536133,5091.36083984375,E,1267.64794921875
259,270,745A6263,354,0.37423720955848694,36.472206115722656,15.92470645904541,7264.3173828125,E,1275.989990234375
260,263,745A6263,355,0.017471512779593468,3.6656415462493896,28.96941566467285,2416.124755859375,E,877.12646484375
261,297,745A6263,356,0.6033291816711426,132.29989624023438,29.932573318481445,93097.390625,E,1131.7437744140625
262,746,745A6263,357,2.731368064880371,835.034423828125,35.800079345703125,840547.4375,F,417.5191955566406
263,267,745A6263,358,0.024778036400675774,10.368000030517578,28.921979904174805,6811.47119140625,E,871.4411010742188
264,286,745A6263,359,0.5880208611488342,118.63469696044922,28.71247100830078,76814.4140625,E,937.9720458984375
265,268,745A6263,360,0.8706217408180237,22.438568115234375,6.9780707359313965,858.13525390625,E,1246.333984375
265,273,745A6263,361,0.6342211365699768,32.80656814575195,12.177318572998047,3820.797607421875,E,1228.3460693359375
266,278,745A6263,362,0.1816924810409546,43.174560546875,30.79397964477539,32155.068359375,E,1038.4024658203125
267,284,745A6263,363,0.4811486601829529,105.490478515625,29.732074737548828,73240.8828125,E,854.6229858398438
267,285,745A6263,364,0.35705533623695374,90.38318634033203,32.38911056518555,74469.0078125,E,825.53857421875
268,269,745A6263,365,0.07203623652458191,6.257641315460205,18.614967346191406,1703.0408935546875,E,1249.8804931640625
269,270,745A6263,366,0.28707271814346313,21.809640884399414,17.503625869750977,5248.00732421875,E,1255.701904296875
269,276,745A6263,367,0.39666005969047546,33.435489654541016,16.591060638427734,7228.4619140625,E,1233.096435546875
270,277,745A6263,368,0.16219303011894226,28.69620704650879,22.10146141052246,11009.2158203125,E,1261.8055419921875
271,274,745A6263,369,0.03178499639034271,8.849641799926758,33.36565017700195,7737.7509765625,E,923.8414306640625
272,746,745A6263,370,2.7026968002319336,814.8656005859375,35.800079345703125,820245.4375,F,407.42901611328125
273,276,745A6263,371,0.29986944794654846,18.328208923339844,12.563577651977539,2272.147705078125,E,1217.2257080078125
273,282,745A6263,372,0.5178916454315186,41.65620803833008,15.430024147033691,7789.37890625,E,1198.677001953125
274,275,745A6263,373,0.036496177315711975,9.923283576965332,32.95906066894531,8466.3251953125,E,920.8641357421875
274,281,745A6263,374,0.09123741835355759,32.361846923828125,29.66642189025879,22369.35546875,E,905.6589965820312
275,280,745A6263,375,0.24204958975315094,68.64984893798828,29.11962127685547,45719.44140625,E,928.5617065429688
275,281,745A6263,376,0.44106900691986084,42.54563903808594,10.637364387512207,3781.05517578125,E,904.0213623046875
276,282,745A6263,377,0.5205848217010498,36.47220993041992,16.80773162841797,8092.2666015625,E,1202.6539306640625
277,296,745A6263,378,0.41316473484039307,86.27281188964844,26.263568878173828,46738.12890625,E,1214.7176513671875
278,290,745A6263,379,0.192392960190773,56.76348876953125,23.826068878173828,25308.345703125,E,1011.84326171875
278,295,745A6263,380,0.41527649760246277,77.8678970336914,27.74964714050293,47093.74609375,E,987.1368408203125
279,314,745A6263,381,0.6236294507980347,155.29107666015625,31.75277328491211,122970.1484375,E,1364.6270751953125
280,305,745A6263,382,0.40626561641693115,105.75099182128906,32.265602111816406,86467.6953125,E,917.3041381835938
281,288,745A6263,383,0.17002327740192413,42.9140510559082,31.727956771850586,33929.19921875,E,871.04736328125
282,283,745A6263,384,0.044439710676670074,7.331283092498779,18.164329528808594,1899.8033447265625,E,1183.125244140625
283,292,745A6263,385,0.23575153946876526,35.398563385009766,18.682729721069336,9704.1201171875,E,1166.948486328125
283,294,745A6263,386,0.3924313187599182,55.2451286315918,20.55013084411621,18323.6953125,E,1156.2449951171875
284,288,745A6263,387,0.5076914429664612,59.35548400878906,17.522104263305664,14312.755859375,E,848.1695556640625
284,298,745A6263,388,0.27554911375045776,50.061126708984375,23.419483184814453,21564.783203125,E,818.3232421875
285,746,745A6263,389,2.646167755126953,786.12841796875,35.800079345703125,791318.5,F,393.06634521484375
286,746,745A6263,390,2.9497029781341553,887.240478515625,35.800079345703125,893098.125,F,443.6192626953125
287,318,745A6263,391,2.0713868141174316,150.55178833007812,27.952489852905273,92388.2578125,E,1008.3696899414062
288,300,745A6263,392,0.2197057604789734,49.61640930175781,30.110403060913086,35330.3828125,E,829.7919311523438
289,298,745A6263,393,0.4099862575531006,112.00863647460938,33.219329833984375,97078.5234375,E,794.1665649414062
289,746,745A6263,394,2.632526397705078,780.4287719726562,35.800079345703125,785581.25,F,390.216552734375
290,316,745A6263,395,0.4215543270111084,94.1251449584961,29.909948348999023,66134.3125,E,973.3590087890625
291,319,745A6263,396,0.831739068031311,121.22669219970703,24.89254379272461,58996.55859375,E,1265.4228515625
292,294,745A6263,397,0.14454448223114014,19.217641830444336,23.045928955078125,8016.38232421875,E,1143.638916015625
292,299,745A6263,398,0.21249377727508545,39.6931266784668,21.79313087463379,14806.2275390625,E,1156.56396484375
293,296,745A6263,399,0.40610525012016296,87.86748504638672,29.95157814025879,61909.53125,E,1210.6429443359375
294,303,745A6263,400,0.3723246455192566,54.35569381713867,20.561506271362305,18048.65234375,E,1109.846435546875
295,306,745A6263,401,0.22812668979167938,58.021331787109375,26.800418853759766,32731.109375,E,924.350341796875
295,327,745A6263,402,0.7223474383354187,128.18955993652344,25.864994049072266,67354.609375,E,930.647216796875
296,299,745A6263,403,0.05791112035512924,14.662566184997559,31.7789363861084,11629.9697265625,E,1170.5888671875
297,322,745A6263,404,0.5951905250549316,106.37991333007812,27.10955810546875,61403.68359375,E,1067.7767333984375
298,300,745A6263,405,0.10908559709787369,45.766563415527344,22.138729095458984,17617.470703125,E,802.4176025390625
298,310,745A6263,406,0.12737521529197693,46.840206146240234,29.880537033081055,32846.2265625,E,779.800048828125
299,325,745A6263,407,0.4949789345264435,111.74811553955078,30.059072494506836,79301.4765625,E,1112.158447265625
300,302,745A6263,408,0.011769002303481102,2.5920000076293945,29.680940628051758,1793.41259765625,E,805.5213623046875
301,314,745A6263,409,2.8248395919799805,167.33006286621094,29.363067626953125,113309.6015625,E,1371.3154296875
302,307,745A6263,410,0.1668236404657364,35.58277130126953,29.263263702392578,23931.7890625,E,787.0922241210938
302,313,745A6263,411,0.22065460681915283,41.21148681640625,23.01492691040039,17144.6015625,E,795.6279907226562
303,318,745A6263,412,0.36303946375846863,76.34953308105469,25.828516006469727,40003.2421875,E,1047.921630859375
304,308,745A6263,413,0.38795173168182373,47.4691276550293,20.678709030151367,15942.189453125,E,1013.281982421875
304,311,745A6263,414,0.4484487771987915,23.512208938598633,18.13637924194336,6074.13623046875,E,1019.131103515625
305,306,745A6263,415,0.05766318738460541,15.107283592224121,32.34070587158203,12410.099609375,E,893.2680053710938
305,323,745A6263,416,0.35405686497688293,86.27281951904297,28.545269012451172,55211.8359375,E,847.7518920898438
306,326,745A6263,417,0.3196406662464142,72.94441223144531,30.350183486938477,52772.12109375,E,879.519287109375
307,310,745A6263,418,0.028096124529838562,6.257641315460205,29.83002471923828,4373.28515625,E,767.613037109375
307,313,745A6263,419,0.15611101686954498,30.659282684326172,23.017974853515625,12758.1025390625,E,774.8099975585938
308,311,745A6263,420,0.11882445216178894,21.809640884399414,27.06747817993164,12549.71875,E,1004.359130859375
308,316,745A6263,421,0.14935657382011414,47.0244140625,28.404254913330078,29797.517578125,E,976.4982299804688
309,746,745A6263,422,2.7519636154174805,841.889404296875,35.800079345703125,847447.625,F,420.9460754394531
310,312,745A6263,423,0.02737514115869999,6.257641315460205,31.33439826965332,4825.5107421875,E,762.84716796875
312,746,745A6263,424,2.5562288761138916,760.8480224609375,35.800079345703125,765871.25,F,380.4258728027344
313,315,745A6263,425,0.5046966075897217,31.2882080078125,14.994394302368164,5524.951171875,E,770.1405029296875
314,329,745A6263,426,0.3408840000629425,86.71753692626953,31.900609970092773,69309.8203125,E,1261.1307373046875
315,746,745A6263,427,2.533684492111206,760.238525390625,35.800079345703125,765257.6875,F,380.1209716796875
316,317,745A6263,428,0.014193733222782612,3.6656415462493896,32.14080047607422,2974.083984375,E,952.0882568359375
317,328,745A6263,429,0.1861748844385147,47.0244140625,21.024002075195312,16324.6572265625,E,929.7766723632812
317,345,745A6263,430,0.40020933747291565,84.83076477050781,29.1754207611084,56712.33203125,E,933.7251586914062
318,320,745A6263,431,0.09258265048265457,17.254566192626953,27.383718490600586,10161.990234375,E,1003.812255859375
319,329,745A6263,432,0.05070238560438156,29.325130462646484,17.00555419921875,6660.56982421875,E,1218.0428466796875
319,330,745A6263,433,0.6116395592689514,112.2691421508789,27.337604522705078,65897.84375,E,1166.06640625
320,324,745A6263,434,0.11163654923439026,17.699283599853516,21.16698455810547,6228.21435546875,E,988.3054809570312
320,338,745A6263,435,0.573413610458374,74.0180435180664,23.249530792236328,31423.595703125,E,969.6243286132812
321,332,745A6263,436,0.8080301284790039,56.31876754760742,18.159513473510742,14586.5126953125,E,771.3602905273438
321,746,745A6263,437,2.513916254043579,760.6537475585938,35.800079345703125,765675.6875,F,380.3284606933594
322,334,745A6263,438,0.26266613602638245,46.39548873901367,17.134305953979492,10697.9033203125,E,1029.249267578125
322,345,745A6263,439,0.6499832272529602,115.41375732421875,26.44463348388672,63390.265625,E,963.2793579101562
323,333,745A6263,440,0.6926896572113037,103.60371398925781,21.24658203125,36731.89453125,E,827.6239013671875
323,336,745A6263,441,0.22549059987068176,51.134769439697266,30.292020797729492,36852.13671875,E,786.1683349609375
324,331,745A6263,442,0.15883299708366394,13.588926315307617,17.239341735839844,3171.87744140625,E,974.0155639648438
324,337,745A6263,443,0.4192226231098175,49.61640930175781,18.56629753112793,13432.7763671875,E,963.6836547851562
325,330,745A6263,444,0.5464059114456177,73.38912963867188,24.051259994506836,33342.43359375,E,1089.4674072265625
325,377,745A6263,445,1.5180258750915527,203.20492553710938,23.573707580566406,88691.0703125,E,967.8334350585938
326,333,745A6263,446,0.04528062045574188,9.923283576965332,29.599624633789062,6828.38037109375,E,862.3547973632812
326,335,745A6263,447,0.176771342754364,41.65620422363281,25.249128341674805,20857.50390625,E,876.9461669921875
327,328,745A6263,448,0.012636399827897549,2.5920000076293945,28.644142150878906,1670.307861328125,E,905.0660400390625
327,335,745A6263,449,0.10943910479545593,20.920207977294922,27.639286041259766,12551.9013671875,E,894.1385498046875
328,341,745A6263,450,0.2379436194896698,40.58256912231445,26.341495513916016,22116.1875,E,897.6636352539062
329,348,745A6263,451,0.36842799186706543,81.97825622558594,26.57155990600586,45459.2890625,E,1182.2890625
330,346,745A6263,452,0.5447185039520264,71.4260482788086,21.884613037109375,26867.3125,E,1088.895263671875
331,337,745A6263,453,0.1680886596441269,18.328208923339844,21.572893142700195,6699.2578125,E,958.004638671875
332,746,745A6263,454,2.4955358505249023,761.5408935546875,35.800079345703125,766568.6875,F,380.76873779296875
333,347,745A6263,455,0.32529497146606445,53.726768493652344,26.375152587890625,29354.22265625,E,848.3974609375
334,344,745A6263,456,0.22226980328559875,45.32184600830078,28.62635040283203,29169.53125,E,1024.599853515625
335,340,745A6263,457,0.02178943157196045,16.625642776489258,21.813459396362305,6213.2294921875,E,878.8936767578125
336,746,745A6263,458,2.486633062362671,764.3016357421875,35.800079345703125,769347.625,F,382.14532470703125
337,338,745A6263,459,0.032526880502700806,5.184000015258789,25.249130249023438,2595.659423828125,E,947.2560424804688
338,342,745A6263,460,0.05951438099145889,29.769847869873047,20.519153594970703,9844.3125,E,931.8292846679688
339,343,745A6263,461,0.6046962738037109,37.54584884643555,20.254350662231445,12097.298828125,E,787.6571044921875
340,341,745A6263,462,0.09431250393390656,23.956926345825195,23.171463012695312,10102.4775390625,E,879.9351806640625
340,347,745A6263,463,0.2522134482860565,31.917129516601562,17.67303466796875,7829.53515625,E,859.757080078125
341,354,745A6263,464,0.11196523159742355,40.76676940917969,28.318870544433594,25677.22265625,E,883.827392578125
342,352,745A6263,465,0.7372958660125732,132.11570739746094,27.917041778564453,80869.1953125,E,867.0469970703125
342,388,745A6263,466,1.0105735063552856,183.35836791992188,27.933338165283203,112366.3515625,E,834.6903686523438
343,746,745A6263,467,2.454611301422119,770.8400268554688,35.800079345703125,775929.1875,F,385.4211730957031
344,353,745A6263,468,0.10731135308742523,19.84656524658203,27.302398681640625,11619.216796875,E,1003.7020263671875
344,357,745A6263,469,2.0945775508880615,145.88882446289062,20.324331283569336,47330.86328125,E,1023.7086791992188
345,351,745A6263,470,0.0313265435397625,8.849641799926758,28.264657974243164,5552.68505859375,E,911.3407592773438
346,369,745A6263,471,0.25882065296173096,57.39241409301758,25.740163803100586,29865.30859375,E,1059.424072265625
346,377,745A6263,472,3.2011160850524902,207.57582092285156,21.603504180908203,76087.8046875,E,960.800537109375
347,367,745A6263,473,0.20014727115631104,43.61928176879883,29.547008514404297,29908.5546875,E,833.2285766601562
348,355,745A6263,474,0.8533192873001099,201.65496826171875,31.04468536376953,152641.75,E,1226.74267578125
348,369,745A6263,475,0.40678173303604126,99.67755126953125,31.408935546875,77231.359375,E,1101.841064453125
349,350,745A6263,476,0.09881847351789474,19.217641830444336,28.471342086791992,12235.052734375,E,792.2548217773438
349,746,745A6263,477,2.465813398361206,786.33349609375,35.800079345703125,791524.9375,F,393.16741943359375
350,352,745A6263,478,0.13449841737747192,29.14092445373535,29.466564178466797,19872.486328125,E,807.5819702148438
350,361,745A6263,479,0.275804340839386,29.140928268432617,18.55784797668457,7882.21826171875,E,786.7353515625
351,354,745A6263,480,0.12498823553323746,27.622568130493164,29.754125595092773,19206.50390625,E,896.2154541015625
351,366,745A6263,481,0.13126152753829956,41.21148681640625,26.979671478271484,23560.3359375,E,906.3552856445312
352,365,745A6263,482,0.42891570925712585,51.57948303222656,20.38727569580078,16837.796875,E,792.4804077148438
353,356,745A6263,483,0.22186481952667236,49.87691879272461,26.018747329711914,26519.3125,E,975.7874145507812
353,357,745A6263,484,0.043311700224876404,8.849641799926758,28.64922523498535,5704.8115234375,E,995.130859375
354,360,745A6263,485,0.0571783110499382,14.033641815185547,31.324235916137695,10814.869140625,E,878.9998779296875
356,362,745A6263,486,0.18500438332557678,28.69620704650879,21.981903076171875,10890.4287109375,E,941.0171508789062
356,363,745A6263,487,0.08589617908000946,14.033641815185547,25.63877296447754,7245.27294921875,E,949.4508056640625
357,370,745A6263,488,0.16601917147636414,36.027488708496094,29.425127029418945,24499.6875,E,979.0800170898438
358,359,745A6263,489,0.5848196744918823,59.984413146972656,21.12327766418457,21020.880859375,E,799.2890014648438
358,746,745A6263,490,2.442932605743408,779.0027465820312,35.800079345703125,784145.8125,F,389.5020446777344
359,364,745A6263,491,0.24559961259365082,19.846567153930664,17.837026596069336,4959.2978515625,E,793.8074340820312
359,371,745A6263,492,0.4325927793979645,32.80656433105469,18.66240119934082,8973.9921875,E,801.4500122070312
360,366,745A6263,493,0.185008242726326,50.5058479309082,28.808340072631836,32920.62109375,E,887.0640258789062
360,373,745A6263,494,0.1266198605298996,31.917129516601562,31.742340087890625,25257.5703125,E,858.0707397460938
361,746,745A6263,495,2.4376189708709717,773.66748046875,35.800079345703125,778775.3125,F,386.8263244628906
362,363,745A6263,496,0.05814311280846596,32.36184310913086,18.886024475097656,9065.7607421875,E,934.2118530273438
362,368,745A6263,497,0.07379286736249924,25.03056526184082,26.607135772705078,13917.357421875,E,914.4649658203125
363,370,745A6263,498,0.16209836304187775,31.2882080078125,21.257787704467773,11104.6962890625,E,953.3598022460938
364,746,745A6263,499,2.4908955097198486,785.1407470703125,35.800079345703125,790324.3125,F,392.5713195800781
365,746,745A6263,500,2.4356560707092285,770.2122802734375,35.800079345703125,775297.3125,F,385.1070556640625
366,368,745A6263,501,0.015086648985743523,3.6656415462493896,31.175153732299805,2798.060546875,E,903.0394897460938
367,372,745A6263,502,0.05025824159383774,10.99692440032959,29.569128036499023,7551.58544921875,E,821.5985107421875
367,374,745A6263,503,0.09472546726465225,30.214563369750977,29.20174789428711,20235.96484375,E,808.9938354492188
368,382,745A6263,504,0.2360866665840149,48.54277038574219,28.977035522460938,32012.703125,E,901.8480224609375
369,383,745A6263,505,0.4101603925228119,85.01497650146484,28.99191665649414,56122.77734375,E,1019.1980590820312
370,378,745A6263,506,0.1488676369190216,24.401639938354492,25.802087783813477,12759.05859375,E,957.7255859375
371,746,745A6263,507,2.538857936859131,791.9864501953125,35.800079345703125,797215.25,F,395.99432373046875
372,373,745A6263,508,0.1131039708852768,25.920000076293945,30.349964141845703,18751.724609375,E,832.3058471679688
372,375,745A6263,509,0.02938254550099373,14.033641815185547,29.19303321838379,9393.3115234375,E,817.099609375
373,385,745A6263,510,0.1583605408668518,43.17456817626953,27.557445526123047,25751.099609375,E,832.2272338867188
374,746,745A6263,511,2.556425094604492,794.5230712890625,35.800079345703125,799768.625,F,397.2626953125
375,376,745A6263,512,0.05215706676244736,11.441641807556152,30.042804718017578,8110.71533203125,E,807.668701171875
375,380,745A6263,513,0.04661973565816879,9.923283576965332,29.914730072021484,6974.53759765625,E,810.67626953125
376,746,745A6263,514,2.6043879985809326,802.3192749023438,35.800079345703125,807616.25,F,401.1576232910156
377,387,745A6263,515,0.27853313088417053,44.432411193847656,25.16926383972168,22107.048828125,E,855.5531616210938
378,379,745A6263,516,16.27889633178711,100.5669937133789,20.132896423339844,32015.322265625,E,984.0201416015625
378,386,745A6263,517,0.13834317028522491,29.325130462646484,29.06428337097168,19455.798828125,E,937.5222778320312
380,746,745A6263,518,2.63004469871521,807.2613525390625,35.800079345703125,812591.0,F,403.6287841796875
381,396,745A6263,519,0.7228189706802368,118.45047760009766,24.467369079589844,55693.08203125,E,1275.0802001953125
382,386,745A6263,520,0.14198079705238342,32.80656433105469,30.343339920043945,23723.42578125,E,914.54150390625
382,392,745A6263,521,0.275110125541687,69.46297454833984,28.90729522705078,45588.80078125,E,872.1819458007812
383,390,745A6263,522,0.2465583086013794,70.79712677001953,25.99318504333496,37568.55859375,E,1000.7982177734375
383,394,745A6263,523,0.8650456666946411,196.21047973632812,30.43701934814453,142763.21875,E,891.1660766601562
384,412,745A6263,524,0.9403634667396545,215.5360107421875,30.6986083984375,159531.734375,E,1307.3692626953125
385,746,745A6263,525,2.6955745220184326,819.27294921875,35.800079345703125,824681.875,F,409.637939453125
386,389,745A6263,526,0.061180394142866135,16.180925369262695,28.615680694580078,10406.4208984375,E,923.3062744140625
387,391,745A6263,527,0.19964376091957092,37.10112762451172,21.282352447509766,13198.2470703125,E,818.8448486328125
387,394,745A6263,528,0.10889115184545517,36.91692352294922,18.184659957885742,9587.94921875,E,822.03564453125
388,746,745A6263,529,2.4280431270599365,747.2741088867188,35.800079345703125,752207.6875,F,373.6348571777344
389,393,745A6263,530,0.4387296736240387,73.83384704589844,23.92864227294922,33203.31640625,E,949.2332763671875
389,399,745A6263,531,0.17712610960006714,41.21148681640625,30.59721565246582,30302.046875,E,907.3017578125
390,396,745A6263,532,0.9686970710754395,244.82952880859375,32.033382415771484,197314.625,E,1122.973876953125
390,397,745A6263,533,0.1401866227388382,28.067279815673828,28.54619026184082,17963.31640625,E,1020.8866577148438
391,398,745A6263,534,0.17466247081756592,28.251487731933594,25.520187377929688,14451.0341796875,E,802.8091430664062
391,400,745A6263,535,0.36710572242736816,53.726768493652344,21.70555877685547,19880.28125,E,778.8533935546875
392,746,745A6263,536,2.796239137649536,839.9240112304688,35.800079345703125,845469.3125,F,419.9610595703125
394,398,745A6263,537,0.020501170307397842,3.6656415462493896,26.74334144592285,2059.070556640625,E,806.3349609375
395,401,745A6263,538,0.18760892748832703,26.10420799255371,21.4841251373291,9463.150390625,E,745.3541870117188
395,746,745A6263,539,2.426893472671509,739.7924194335938,35.800079345703125,744676.625,F,369.8944396972656
396,412,745A6263,540,0.28934726119041443,63.46584701538086,25.61147117614746,32696.330078125,E,1210.6988525390625
397,413,745A6263,541,0.5868033766746521,133.5577850341797,26.984899520874023,76383.703125,E,958.43505859375
397,423,745A6263,542,0.7003931999206543,133.29727172851562,27.416242599487305,78691.3515625,E,1042.9205322265625
398,400,745A6263,543,0.37953054904937744,59.35548782348633,22.602718353271484,23816.1796875,E,778.0028686523438
399,404,745A6263,544,0.12036122381687164,29.769847869873047,31.665088653564453,23443.794921875,E,881.427978515625
399,405,745A6263,545,0.13141800463199615,42.9140510559082,29.961036682128906,30255.412109375,E,902.9338989257812
400,401,745A6263,546,0.04555882513523102,8.849641799926758,27.907201766967773,5413.1259765625,E,752.7449951171875
401,402,745A6263,547,0.049469053745269775,9.923283576965332,28.31378936767578,6248.00390625,E,745.3704833984375
402,403,745A6263,548,0.04418530687689781,8.849641799926758,29.457317352294922,6031.17529296875,E,736.5595703125
402,406,745A6263,549,0.8441110849380493,28.067283630371094,11.985641479492188,3166.7431640625,E,736.2689208984375
403,746,745A6263,550,2.4210052490234375,732.6195068359375,35.800079345703125,737456.3125,F,366.31134033203125
404,746,745A6263,551,2.9144701957702637,867.5885009765625,35.800079345703125,873316.4375,F,433.7959289550781
405,408,745A6263,552,0.08125156909227371,23.512208938598633,29.17609405517578,15719.458984375,E,898.5480346679688
405,419,745A6263,553,0.11060500890016556,45.95077133178711,31.370540618896484,35516.21484375,E,914.574951171875
406,407,745A6263,554,0.45797011256217957,6.257641315460205,15.8095064163208,1228.3924560546875,E,727.4666748046875
406,410,745A6263,555,0.27148371934890747,7.331283092498779,7.349081993103027,310.9825744628906,E,731.3955078125
407,746,745A6263,556,2.4117655754089355,724.815185546875,35.800079345703125,729600.5,F,362.4034118652344
408,746,745A6263,557,2.9942166805267334,887.978515625,35.800079345703125,893841.0625,F,443.9877014160156
409,410,745A6263,558,0.06320685893297195,2.5920000076293945,12.807530403137207,333.93017578125,E,733.3176879882812
409,411,745A6263,559,0.08541113883256912,3.6656415462493896,13.102306365966797,494.23712158203125,E,734.844482421875
410,411,745A6263,560,0.7176331281661987,26.10420799255371,16.015058517456055,5258.4462890625,E,729.4453125
411,414,745A6263,561,0.09757212549448013,18.772924423217773,12.258634567260742,2215.6748046875,E,740.5941162109375
412,417,745A6263,562,0.05327792838215828,13.588926315307617,31.92937660217285,10880.6767578125,E,1201.977294921875
413,416,745A6263,563,0.29466715455055237,61.318565368652344,28.973834991455078,40429.078125,E,868.4600219726562
413,425,745A6263,564,0.938859224319458,195.7657470703125,29.153032302856445,130675.4609375,E,962.4690551757812
414,416,745A6263,565,1.0744366645812988,124.33971405029297,23.88288688659668,55702.33203125,E,796.8052978515625
414,418,745A6263,566,0.15585890412330627,7.776000022888184,11.804612159729004,851.0392456054688,E,742.675537109375
415,419,745A6263,567,0.06827522814273834,17.254566192626953,31.781644821166992,13688.2099609375,E,923.5543823242188
416,428,745A6263,568,1.045328974723816,209.90728759765625,28.21756362915039,131267.265625,E,876.9622192382812
417,423,745A6263,569,0.9769402146339417,146.33355712890625,29.461835861206055,99759.3046875,E,1135.0579833984375
417,436,745A6263,570,1.0421465635299683,268.8943786621094,32.11247634887695,217780.609375,E,1120.704345703125
418,421,745A6263,571,0.21262753009796143,21.36492347717285,21.162918090820312,7515.23095703125,E,730.7679443359375
418,424,745A6263,572,1.100954532623291,103.15898132324219,19.579545974731445,31060.048828125,E,771.5753784179688
419,420,745A6263,573,0.02374345064163208,6.257641315460205,33.05562210083008,5370.20947265625,E,912.8201904296875
420,746,745A6263,574,3.073963165283203,910.098388671875,35.800079345703125,916106.9375,F,455.0511474609375
421,746,745A6263,575,2.4153547286987305,721.1259155273438,35.800079345703125,725886.875,F,360.5648193359375
422,431,745A6263,576,1.1932328939437866,317.98974609375,32.85336685180664,269564.5625,E,1464.905517578125
423,425,745A6263,577,0.16184242069721222,37.10112762451172,30.24338722229004,26652.4921875,E,1051.4322509765625
425,428,745A6263,578,0.665050208568573,144.73892211914062,29.6449031829834,99902.2578125,E,975.9454345703125
426,427,745A6263,579,10.784260749816895,112.8980712890625,26.952224731445312,64411.828125,E,1021.511962890625
427,746,745A6263,580,3.26050066947937,968.0382690429688,35.800079345703125,974429.375,F,484.02093505859375
428,429,745A6263,581,0.13502979278564453,48.098052978515625,29.48442268371582,32839.9609375,E,895.6759643554688
429,436,745A6263,582,0.8992871046066284,203.98646545410156,30.24758529663086,146579.296875,E,963.3629760742188
429,440,745A6263,583,0.6229439973831177,146.88621520996094,30.720050811767578,108871.640625,E,816.64501953125
430,432,745A6263,584,0.242300346493721,46.8402099609375,28.085681915283203,29018.748046875,E,737.5215454101562
431,435,745A6263,585,0.3739219605922699,88.49641418457031,30.900047302246094,66364.1953125,E,1294.091552734375
431,446,745A6263,586,7.249993801116943,370.1666259765625,29.898181915283203,259882.296875,E,1490.4521484375
432,746,745A6263,587,2.3925156593322754,716.0350341796875,35.800079345703125,720762.375,F,357.94183349609375
433,434,745A6263,588,1.563040018081665,49.876922607421875,20.728511810302734,16831.615234375,E,1033.6885986328125
434,746,745A6263,589,3.318894386291504,1010.3681030273438,35.800079345703125,1017038.6875,F,505.1857604980469
435,439,745A6263,590,0.6933597922325134,83.49661254882812,19.211294174194336,24203.154296875,E,1284.10595703125
435,444,745A6263,591,1.140560269355774,242.4217529296875,30.418060302734375,176166.984375,E,1141.9998779296875
436,444,745A6263,592,0.16436444222927094,46.8402099609375,28.149457931518555,29150.685546875,E,1039.00830078125
437,438,745A6263,593,0.08107132464647293,16.180925369262695,23.241600036621094,6864.75927734375,E,731.3767700195312
437,746,745A6263,594,2.3835151195526123,724.8383178710938,35.800079345703125,729623.8125,F,362.41925048828125
438,440,745A6263,595,0.08951438963413239,20.291284561157227,30.036705017089844,14378.18359375,E,745.8546142578125
438,441,745A6263,596,0.074424609541893,12.51528263092041,27.184490203857422,7263.951171875,E,731.7073974609375
439,448,745A6263,597,0.8565146923065186,156.7015380859375,26.11499786376953,83935.0,E,1241.2333984375
439,452,745A6263,598,2.3138608932495117,171.10360717773438,29.388940811157227,116069.1796875,E,1377.7762451171875
440,445,745A6263,599,0.1100706234574318,33.435489654541016,28.432132720947266,21228.361328125,E,744.047119140625
441,746,745A6263,600,2.381552219390869,726.1903076171875,35.800079345703125,730984.6875,F,363.09747314453125
442,443,745A6263,601,0.536472499370575,11.441641807556152,13.758946418762207,1701.1734619140625,E,990.8458251953125
442,746,745A6263,602,3.1986019611358643,985.805419921875,35.800079345703125,992313.8125,F,492.90435791015625
444,447,745A6263,603,0.2929283380508423,85.45968627929688,27.241409301757812,49809.28515625,E,993.90478515625
445,746,745A6263,604,2.3756637573242188,730.7831420898438,35.800079345703125,735607.875,F,365.3932189941406
447,450,745A6263,605,0.5744153261184692,116.11897277832031,28.8906307220459,76121.4609375,E,1005.3896484375
447,451,745A6263,606,0.8993554711341858,221.9462432861328,31.5299015045166,173293.75,E,852.8472900390625
448,449,745A6263,607,0.1624913513660431,41.65620803833008,32.03102111816406,33566.8984375,E,1155.0386962890625
448,459,745A6263,608,1.4546984434127808,339.50726318359375,31.227920532226562,260030.984375,E,1319.7716064453125
449,450,745A6263,609,0.5899561643600464,97.5302734375,23.799274444580078,43386.7109375,E,1096.3350830078125
449,464,745A6263,610,1.5234885215759277,286.9620361328125,28.51144027709961,183211.453125,E,1244.62109375
450,458,745A6263,611,0.5061246752738953,114.34013366699219,30.250728607177734,82178.8828125,E,1097.8309326171875
451,746,745A6263,612,2.371401786804199,749.5363159179688,35.800079345703125,754484.8125,F,374.7698974609375
453,467,745A6263,613,0.5329491496086121,126.48699951171875,30.97185707092285,95295.03125,E,1153.8526611328125
454,455,745A6263,614,0.019002262502908707,2.5920000076293945,23.35849380493164,1110.74560546875,E,938.3129272460938
454,746,745A6263,615,2.9317853450775146,938.3075561523438,35.800079345703125,944502.375,F,469.1544494628906
456,457,745A6263,616,0.5354733467102051,12.51528263092041,14.043558120727539,1938.5850830078125,E,935.9487915039062
456,746,745A6263,617,2.9323601722717285,933.2495727539062,35.800079345703125,939411.0,F,466.625732421875
458,462,745A6263,618,0.12947434186935425,34.95384979248047,26.570541381835938,19381.42578125,E,1133.0009765625
458,466,745A6263,619,0.4949268698692322,127.03963470458984,32.162200927734375,103209.734375,E,1189.4967041015625
460,461,745A6263,620,1.4603575468063354,7.331283092498779,14.074729919433594,1140.6436767578125,E,924.2091674804688
460,746,745A6263,621,2.9354724884033203,921.4769897460938,35.800079345703125,927560.6875,F,460.739990234375
462,463,745A6263,622,2.015909433364868,361.91424560546875,29.4289493560791,246175.640625,E,953.8614501953125
462,480,745A6263,623,0.44142842292785645,98.4197006225586,29.069705963134766,65321.0546875,E,1148.2152099609375
463,746,745A6263,624,2.512037515640259,782.4663696289062,35.800079345703125,787632.3125,F,391.235107421875
464,466,745A6263,625,0.5555481910705566,132.74461364746094,26.814496994018555,74962.8515625,E,1296.28125
464,476,745A6263,626,0.4304610788822174,88.05169677734375,28.793224334716797,57333.46875,E,1392.3641357421875
465,468,745A6263,627,0.4006957411766052,48.98748779296875,18.861003875732422,13686.8857421875,E,932.9609375
465,472,745A6263,628,0.09277665615081787,22.883283615112305,10.571293830871582,2008.466064453125,E,911.7115478515625
465,473,745A6263,629,0.9307516813278198,62.39220428466797,15.822704315185547,12268.22265625,E,888.2470703125
466,471,745A6263,630,0.028804346919059753,7.776000022888184,32.84724426269531,6589.37158203125,E,1238.9365234375
467,475,745A6263,631,10.081005096435547,292.8196716308594,27.785810470581055,177556.390625,E,1279.8992919921875
467,478,745A6263,632,0.29091310501098633,67.3156967163086,30.50890350341797,49210.6875,E,1114.84326171875
468,472,745A6263,633,0.4069846272468567,45.32184600830078,21.45769500732422,16389.421875,E,934.329833984375
468,474,745A6263,634,3.6378557682037354,75.98112487792969,23.359249114990234,32562.171875,E,986.3720703125
469,470,745A6263,635,0.10930073261260986,15.107283592224121,24.86964988708496,7338.640625,E,814.9483032226562
469,473,745A6263,636,0.5234608054161072,63.91056442260742,22.13619041442871,24596.21484375,E,851.6183471679688
469,477,745A6263,637,0.2534838020801544,18.772924423217773,19.849639892578125,5809.34423828125,E,819.66259765625
470,746,745A6263,638,2.643770217895508,808.6458740234375,35.800079345703125,813984.625,F,404.324951171875
471,483,745A6263,639,0.560505211353302,102.89847564697266,24.683443069458008,49239.1171875,E,1214.5040283203125
471,489,745A6263,640,0.7649545669555664,172.80613708496094,30.28216552734375,124458.0234375,E,1300.1092529296875
472,473,745A6263,641,0.35859692096710205,37.990562438964844,20.583528518676758,12641.693359375,E,898.3775024414062
477,746,745A6263,642,2.680054187774658,816.0560913085938,35.800079345703125,821443.8125,F,408.0301818847656
478,481,745A6263,643,0.4672079384326935,120.48983001708984,32.19908142089844,98113.1640625,E,1034.06005859375
478,484,745A6263,644,0.44294920563697815,105.490478515625,29.21265983581543,70704.21875,E,1132.860595703125
479,481,745A6263,645,0.3084084689617157,87.86750030517578,33.78113555908203,78752.921875,E,938.7307739257812
479,746,745A6263,646,2.950936794281006,897.85400390625,35.800079345703125,903781.75,F,448.9283447265625
481,506,745A6263,647,1.0864150524139404,259.0789794921875,30.216922760009766,185790.078125,E,1074.06494140625
482,485,745A6263,648,0.8717375993728638,221.3173370361328,31.89559555053711,176834.40625,E,945.7008056640625
482,746,745A6263,649,2.7969961166381836,842.3521728515625,35.800079345703125,847913.5,F,421.1772766113281
483,485,745A6263,650,0.6738059520721436,150.52020263671875,30.07611656188965,106937.0546875,E,1121.9361572265625
483,489,745A6263,651,0.899657130241394,178.87960815429688,28.453889846801758,113745.4453125,E,1271.5501708984375
484,487,745A6263,652,7.635626792907715,140.96533203125,26.79253578186035,79474.8671875,E,1242.408203125
484,495,745A6263,653,1.8343214988708496,86.53333282470703,25.090560913085938,42785.25,E,1185.6483154296875
485,488,745A6263,654,0.10949918627738953,43.174560546875,21.0084171295166,14965.955078125,E,1054.425537109375
486,494,745A6263,655,0.39115217328071594,84.12554168701172,29.66921043395996,58160.71484375,E,914.614990234375
486,746,745A6263,656,2.953810930252075,885.1746215820312,35.800079345703125,891018.625,F,442.5893249511719
488,490,745A6263,657,0.22457213699817657,35.398563385009766,25.19752311706543,17651.890625,E,1075.5028076171875
488,491,745A6263,658,0.35234135389328003,67.1314926147461,27.86739158630371,40945.75,E,1033.1224365234375
489,498,745A6263,659,0.14822541177272797,38.61948776245117,32.31282043457031,31669.861328125,E,1361.22705078125
490,493,745A6263,660,0.2231978476047516,24.585847854614258,22.057411193847656,9394.7265625,E,1102.6180419921875
490,499,745A6263,661,3.3462207317352295,114.15593719482422,12.026881217956543,12968.640625,E,1127.9525146484375
491,496,745A6263,662,0.5115005373954773,61.50277328491211,16.876800537109375,13758.30078125,E,982.7142944335938
491,497,745A6263,663,0.13561448454856873,27.17784881591797,28.27369499206543,17063.578125,E,1000.4346923828125
492,500,745A6263,664,0.35511577129364014,65.16841125488281,24.781553268432617,31432.87109375,E,923.4170532226562
492,746,745A6263,665,3.007998466491699,894.5254516601562,35.800079345703125,900431.1875,F,447.26348876953125
493,499,745A6263,666,0.13184091448783875,24.585847854614258,27.604801177978516,14714.458984375,E,1123.802001953125
494,501,745A6263,667,0.5561888813972473,105.7509765625,26.181005477905273,56930.75,E,995.7274169921875
494,533,745A6263,668,1.5111289024353027,323.1737365722656,28.598508834838867,207593.015625,E,1001.3934936523438
496,497,745A6263,669,0.13926656544208527,21.809640884399414,25.240093231201172,10912.400390625,E,983.24560546875
496,500,745A6263,670,0.17518875002861023,28.69620704650879,25.83258628845215,15040.0810546875,E,963.9685668945312
498,507,745A6263,671,0.827308714389801,199.79977416992188,28.807907104492188,130229.171875,E,1307.2398681640625
498,523,745A6263,672,0.7787560224533081,212.68348693847656,33.071510314941406,182697.140625,E,1449.4459228515625
499,505,745A6263,673,0.1860562264919281,64.53948211669922,31.21581268310547,49392.91015625,E,1132.4591064453125
500,503,745A6263,674,0.06764570623636246,24.401639938354492,27.57684898376465,14574.6513671875,E,956.8264770507812
502,503,745A6263,675,0.25608545541763306,48.35856628417969,27.91905975341797,29604.984375,E,938.464111328125
502,746,745A6263,676,3.0939698219299316,917.3080444335938,35.800079345703125,923364.1875,F,458.65460205078125
503,505,745A6263,677,0.7758898735046387,191.91590881347656,32.20418167114258,156323.921875,E,1048.68115234375
504,508,745A6263,678,0.22890913486480713,50.69004821777344,30.138355255126953,36161.93359375,E,910.9038696289062
504,746,745A6263,679,3.0108728408813477,891.4219360351562,35.800079345703125,897307.1875,F,445.7099609375
505,507,745A6263,680,0.41358035802841187,117.0084228515625,33.66791534423828,104169.234375,E,1187.0496826171875
507,536,745A6263,681,1.1806869506835938,321.731689453125,33.12775421142578,277311.375,E,1377.439453125
508,510,745A6263,682,0.2339070737361908,52.20840835571289,30.143733978271484,37258.421875,E,957.1484375
508,512,745A6263,683,0.32396000623703003,45.76656723022461,21.330244064331055,16354.220703125,E,936.4147338867188
509,512,745A6263,684,0.8708685040473938,102.08534240722656,26.012353897094727,54251.60546875,E,894.8199462890625
509,746,745A6263,685,2.85750675201416,847.4096069335938,35.800079345703125,853004.3125,F,423.7051696777344
510,511,745A6263,686,0.19594401121139526,32.36184310913086,26.655555725097656,18059.205078125,E,993.536376953125
510,518,745A6263,687,0.4149419069290161,42.7298469543457,18.121639251708984,11020.8779296875,E,988.7952270507812
511,513,745A6263,688,0.08436431735754013,12.51528263092041,24.212329864501953,5762.404296875,E,1014.1727905273438
511,515,745A6263,689,0.10537903755903244,9.923283576965332,19.765270233154297,3044.743896484375,E,1008.578125
512,514,745A6263,690,0.027622275054454803,2.5920000076293945,19.373931884765625,764.1179809570312,E,941.992919921875
513,520,745A6263,691,0.11096909642219543,30.843490600585938,15.477458953857422,5803.001953125,E,1017.5546875
513,539,745A6263,692,1.2774317264556885,354.09356689453125,33.377506256103516,309824.46875,E,1180.89013671875
514,521,745A6263,693,0.38858336210250854,32.361846923828125,16.403575897216797,6839.12060546875,E,938.9835815429688
514,522,745A6263,694,0.35367000102996826,38.61948776245117,21.264564514160156,13715.427734375,E,958.6907348632812
515,518,745A6263,695,0.09805936366319656,21.809640884399414,12.228141784667969,2561.293212890625,E,1002.1362915039062
515,519,745A6263,696,0.19789573550224304,18.772924423217773,13.671528816223145,2755.852783203125,E,1007.688232421875
516,523,745A6263,697,1014.3203125,72.94441223144531,10.426847457885742,6228.56396484375,E,1557.436767578125
517,527,745A6263,698,0.28949615359306335,73.38912200927734,31.975038528442383,58930.984375,E,819.071533203125
517,746,745A6263,699,2.6865737438201904,805.0611572265625,35.800079345703125,810376.25,F,402.5322265625
518,519,745A6263,700,0.040975816547870636,3.6656415462493896,18.91651725769043,1030.20166015625,E,1004.8290405273438
519,520,745A6263,701,0.067670077085495,7.331283092498779,20.80376625061035,2492.032958984375,E,1009.9962158203125
520,552,745A6263,702,1.0397262573242188,257.11590576171875,31.808664321899414,204319.4375,E,1122.837158203125
521,522,745A6263,703,0.23483525216579437,32.80656814575195,10.293458938598633,2730.0673828125,E,955.3427734375
521,530,745A6263,704,0.5286453366279602,88.23589324951172,23.544231414794922,38415.296875,E,936.7613525390625
522,524,745A6263,705,0.06646426022052765,9.923283576965332,24.42070770263672,4647.95361328125,E,972.0059204101562
523,526,745A6263,706,2.946148157119751,46.39548873901367,18.312990188598633,12220.3642578125,E,1528.7642822265625
524,534,745A6263,707,3.6964824199676514,84.38605499267578,11.6579008102417,9007.4375,E,978.0048217773438
524,538,745A6263,708,0.7794382572174072,123.45027160644531,23.661739349365234,54284.4296875,E,1022.9327392578125
525,527,745A6263,709,0.2728317975997925,79.64676666259766,30.578205108642578,58490.05078125,E,800.3805541992188
525,746,745A6263,710,2.4933347702026367,767.5121459960938,35.800079345703125,772579.375,F,383.75738525390625
526,529,745A6263,711,0.31843170523643494,21.36492347717285,16.3448486328125,4482.837890625,E,1534.933837890625
526,531,745A6263,712,0.6901693940162659,42.28512954711914,13.92934513092041,6443.75390625,E,1520.068603515625
527,530,745A6263,713,0.4446239471435547,125.2291259765625,33.61865997314453,111161.921875,E,882.7078247070312
528,554,745A6263,714,0.7508915662765503,191.3185577392578,32.030235290527344,154158.40625,E,848.5112915039062
528,746,745A6263,715,2.4534616470336914,761.6511840820312,35.800079345703125,766679.6875,F,380.8268127441406
529,531,745A6263,716,0.5376654863357544,20.920207977294922,12.761063575744629,2675.652099609375,E,1531.5062255859375
530,534,745A6263,717,0.24125266075134277,59.35548782348633,31.516395568847656,46304.5703125,E,961.4725952148438
532,533,745A6263,718,0.5007851123809814,107.08513641357422,29.36661720275879,72531.5390625,E,948.7304077148438
532,746,745A6263,719,2.991300582885742,903.6605834960938,35.800079345703125,909626.625,F,451.83172607421875
533,548,745A6263,720,1.0686604976654053,265.4892272949219,31.65646743774414,208959.28125,E,1115.5458984375
534,535,745A6263,721,0.02658446878194809,7.331283092498779,33.1911506652832,6343.2890625,E,990.490234375
535,538,745A6263,722,0.36502933502197266,66.24205017089844,24.942991256713867,32368.36328125,E,1024.3955078125
535,559,745A6263,723,0.7059946060180664,133.63404846191406,27.90169334411621,81708.671875,E,1017.4235229492188
537,557,745A6263,724,0.5490631461143494,152.9595947265625,33.4139289855957,134128.6875,E,804.869873046875
537,746,745A6263,725,2.35025954246521,739.4472045898438,35.800079345703125,744329.125,F,369.72467041015625
538,540,745A6263,726,0.05981684476137161,15.107283592224121,31.778257369995117,11982.1962890625,E,1061.7003173828125
539,550,745A6263,727,0.8922239542007446,211.31776428222656,30.920757293701172,158681.4375,E,1444.9417724609375
539,571,745A6263,728,1.1779886484146118,204.17068481445312,26.4926700592041,112547.2109375,E,1363.3994140625
540,541,745A6263,729,0.02749522402882576,7.331283092498779,32.6490364074707,6137.77001953125,E,1070.1572265625
540,564,745A6263,730,0.7472452521324158,114.60061645507812,21.486011505126953,41551.66796875,E,1066.2899169921875
541,545,745A6263,731,0.21561141312122345,44.24820327758789,29.60724449157715,30463.619140625,E,1092.325439453125
541,549,745A6263,732,0.12551693618297577,31.732921600341797,26.072471618652344,16941.98828125,E,1083.568603515625
542,547,745A6263,733,0.34800654649734497,76.87055969238281,30.128190994262695,54801.953125,E,1288.5103759765625
543,546,745A6263,734,0.03866537660360336,8.849641799926758,31.129413604736328,6735.30810546875,E,733.845703125
543,746,745A6263,735,2.3803188800811768,729.9736328125,35.800079345703125,734793.0,F,364.98828125
544,550,745A6263,736,38.73611831665039,222.943603515625,15.250582695007324,40724.6875,E,1605.1846923828125
545,549,745A6263,737,0.11315581947565079,33.88020706176758,15.036988258361816,6016.69091796875,E,1105.544189453125
545,567,745A6263,738,0.9278104901313782,143.03631591796875,26.56195831298828,79260.4296875,E,1180.703125
546,555,745A6263,739,0.10101362317800522,49.61640930175781,26.370635986328125,27099.197265625,E,742.9502563476562
546,596,745A6263,740,0.9518433213233948,235.12205505371094,32.0045051574707,189149.625,E,849.6144409179688
547,548,745A6263,741,0.13537171483039856,39.06420135498047,26.02616310119629,20782.083984375,E,1244.083251953125
547,553,745A6263,742,0.11538473516702652,29.58563995361328,14.738822937011719,5047.73388671875,E,1264.70751953125
548,553,745A6263,743,0.19602906703948975,42.7298469543457,29.79749870300293,29797.568359375,E,1251.605224609375
549,558,745A6263,744,0.28266847133636475,52.20840835571289,22.3538818359375,20489.73046875,E,1112.4443359375
550,574,745A6263,745,7.696770668029785,87.42277526855469,10.046639442443848,6930.365234375,E,1555.2108154296875
551,555,745A6263,746,0.05687642842531204,14.662566184997559,32.474205017089844,12144.423828125,E,736.1468505859375
551,746,745A6263,747,2.415691375732422,728.9559326171875,35.800079345703125,733768.5625,F,364.4794921875
552,566,745A6263,748,0.27889883518218994,53.09784698486328,24.661029815673828,25362.333984375,E,1243.752685546875
552,571,745A6263,749,0.3748684525489807,97.71446990966797,32.481658935546875,80970.1953125,E,1284.551025390625
553,561,745A6263,750,0.4046325087547302,92.79098510742188,30.54593276977539,67998.9921875,E,1314.5947265625
554,562,745A6263,751,0.32750698924064636,64.27897644042969,29.095458984375,42737.51171875,E,972.078125
554,563,745A6263,752,0.20457951724529266,48.54277038574219,26.41129493713379,26594.623046875,E,947.886962890625
555,582,745A6263,753,0.4087027907371521,91.71733093261719,30.00031089782715,64832.50390625,E,785.3972778320312
556,577,745A6263,754,0.5170677304267883,117.5610580444336,30.297597885131836,84755.8671875,E,992.9052124023438
556,746,745A6263,755,3.005951404571533,938.7657470703125,35.800079345703125,944963.5625,F,469.38385009765625
557,568,745A6263,756,0.49643072485923767,83.94132995605469,24.177213668823242,38537.03125,E,912.36572265625
557,589,745A6263,757,0.5827411413192749,125.8580551147461,29.56574249267578,86406.90625,E,922.65185546875
558,569,745A6263,758,0.09901121258735657,31.2882080078125,25.07294273376465,15448.3173828125,E,1139.432861328125
558,572,745A6263,759,0.3457881808280945,47.913848876953125,19.89510154724121,14895.0947265625,E,1156.69384765625
559,564,745A6263,760,0.22898706793785095,51.57948684692383,25.970823287963867,27323.625,E,1065.0382080078125
559,565,745A6263,761,0.11135700345039368,44.248207092285156,29.05524444580078,29338.279296875,E,1029.21337890625
560,590,745A6263,762,0.5535270571708679,107.00883483886719,26.5319881439209,59162.85546875,E,784.4635620117188
560,746,745A6263,763,2.469444513320923,733.8702392578125,35.800079345703125,738715.3125,F,366.9371643066406
562,565,745A6263,764,0.055808279663324356,17.699283599853516,35.5706672668457,17588.53125,E,1010.3150634765625
562,573,745A6263,765,0.23189112544059753,51.57948303222656,18.6962833404541,14160.462890625,E,993.939453125
563,568,745A6263,766,0.06653915345668793,12.51528263092041,27.42437744140625,7392.71728515625,E,953.327392578125
563,573,745A6263,767,0.11365444958209991,29.769847869873047,27.0845890045166,17151.8515625,E,968.409912109375
564,569,745A6263,768,0.323812872171402,75.35221099853516,30.5601863861084,55271.0703125,E,1116.0140380859375
565,612,745A6263,769,1.0262318849563599,271.7784423828125,32.820457458496094,229929.1875,E,1143.908447265625
566,567,745A6263,770,0.016119971871376038,5.184000015258789,25.36094093322754,2618.698974609375,E,1247.0972900390625
566,584,745A6263,771,1.0057365894317627,83.49661254882812,15.971012115478516,16727.21484375,E,1286.2596435546875
567,578,745A6263,772,0.20390719175338745,47.0244140625,24.10051918029785,21451.916015625,E,1235.9798583984375
568,594,745A6263,773,0.5956488251686096,98.86441802978516,24.980260848999023,48453.3515625,E,980.3939819335938
569,572,745A6263,774,0.1466284841299057,37.99056625366211,32.21340560913086,30962.70703125,E,1161.6673583984375
570,579,745A6263,775,0.1778126060962677,23.956924438476562,24.39529800415039,11197.8125,E,747.2676391601562
570,746,745A6263,776,2.4878246784210205,737.3909912109375,35.800079345703125,742259.3125,F,368.6979675292969
571,603,745A6263,777,0.9889271259307861,272.29949951171875,33.34537887573242,237797.921875,E,1455.4420166015625
572,578,745A6263,778,0.23004189133644104,60.87384796142578,32.47346496582031,50417.10546875,E,1202.59912109375
573,604,745A6263,779,1.0392221212387085,189.17129516601562,29.27042579650879,127292.609375,E,1070.2296142578125
575,579,745A6263,780,0.1372731775045395,21.364927291870117,22.598175048828125,8569.1552734375,E,749.017333984375
575,746,745A6263,781,2.5014662742614746,740.604736328125,35.800079345703125,745494.3125,F,370.3047180175781
576,585,745A6263,782,1.4696792364120483,50.5058479309082,15.971012115478516,10118.041015625,E,987.115966796875
576,746,745A6263,783,3.0169153213500977,965.8983154296875,35.800079345703125,972275.3125,F,482.9460144042969
577,588,745A6263,784,0.9061091542243958,206.1337432861328,30.344654083251953,149074.5,E,1133.142578125
577,626,745A6263,785,1.088698148727417,230.6432647705078,28.69615936279297,149168.875,E,1148.8497314453125
578,584,745A6263,786,0.4176100194454193,92.34627532958984,29.983848571777344,65205.47265625,E,1271.801025390625
579,583,745A6263,787,0.05496762692928314,9.923283576965332,26.895811080932617,5637.86376953125,E,759.1725463867188
580,583,745A6263,788,0.8384413123130798,36.91692352294922,15.071718215942383,6586.291015625,E,754.844970703125
580,746,745A6263,789,2.517070770263672,745.1132202148438,35.800079345703125,750032.5625,F,372.5570373535156
581,588,745A6263,790,8.211474418640137,302.92718505859375,29.19950294494629,202851.890625,E,1328.7923583984375
582,586,745A6263,791,0.2052970826625824,39.6931266784668,27.89977264404297,24266.466796875,E,833.5574951171875
582,593,745A6263,792,0.3552875220775604,64.09477233886719,26.397743225097656,35078.90625,E,857.90673828125
583,621,745A6263,793,0.7399662137031555,181.5478973388672,31.463258743286133,141152.484375,E,831.049072265625
584,587,745A6263,794,0.027145925909280777,7.331283092498779,32.865882873535156,6219.57177734375,E,1314.859619140625
586,590,745A6263,795,0.19265082478523254,40.58256530761719,29.06563949584961,26927.072265625,E,837.3310546875
586,591,745A6263,796,0.07921940088272095,17.254566192626953,26.237140655517578,9328.8251953125,E,850.8358764648438
587,610,745A6263,797,0.6346753835678101,159.4014434814453,31.74945831298828,126198.671875,E,1390.712646484375
587,624,745A6263,798,1.5865347385406494,151.96224975585938,22.249269485473633,59082.26171875,E,1354.265380859375
588,613,745A6263,799,3.089805841445923,249.67672729492188,26.272113800048828,135349.90625,E,1339.495849609375
589,596,745A6263,800,0.15703852474689484,51.134769439697266,24.340116500854492,23793.126953125,E,961.6058349609375
589,609,745A6263,801,0.3520423471927643,89.38585662841797,28.831621170043945,58357.51953125,E,999.8993530273438
590,598,745A6263,802,0.22347067296504974,45.32184600830078,28.902070999145508,29734.140625,E,853.09716796875
591,595,745A6263,803,0.18140266835689545,37.99056625366211,29.37309455871582,25743.349609375,E,873.257568359375
591,598,745A6263,804,0.1827581375837326,49.17169189453125,20.55642318725586,16319.2470703125,E,867.5888671875
592,602,745A6263,805,1.547236680984497,102.53005981445312,19.577857971191406,30865.365234375,E,809.151611328125
592,746,745A6263,806,2.571636915206909,767.7091064453125,35.800079345703125,772777.625,F,383.8438415527344
593,595,745A6263,807,0.01396316010504961,3.6656415462493896,32.40508270263672,3023.19482421875,E,884.8518676757812
593,599,745A6263,808,0.6449131369590759,114.60063171386719,25.235578536987305,57319.63671875,E,923.3289184570312
594,607,745A6263,809,0.2862553000450134,74.90748596191406,28.65963363647461,48323.2734375,E,1036.5137939453125
594,616,745A6263,810,1.6026073694229126,143.92575073242188,21.528846740722656,52392.59765625,E,1076.2767333984375
595,601,745A6263,811,0.2421581745147705,61.50277328491211,28.439577102661133,39068.87109375,E,911.7532348632812
596,599,745A6263,812,0.1113852709531784,26.10420799255371,30.55736541748047,19143.978515625,E,963.7398071289062
597,602,745A6263,813,0.6117448210716248,54.616207122802734,19.80288314819336,16821.63671875,E,804.1912841796875
597,746,745A6263,814,2.591405153274536,778.485107421875,35.800079345703125,783624.75,F,389.24468994140625
598,600,745A6263,815,0.04241601377725601,11.441641807556152,32.81573486328125,9677.0390625,E,880.4253540039062
599,605,745A6263,816,0.17292864620685577,44.432411193847656,20.014305114746094,13978.830078125,E,976.9776000976562
600,627,745A6263,817,0.591091513633728,123.89498901367188,27.621788024902344,74241.5859375,E,938.2069091796875
600,632,745A6263,818,0.6149380803108215,116.56371307373047,28.717031478881836,75497.4609375,E,926.31005859375
601,605,745A6263,819,0.35548314452171326,64.53948211669922,24.37383460998535,30113.626953125,E,960.1625366210938
601,655,745A6263,820,0.8924117088317871,197.0236053466797,28.48943328857422,125595.9921875,E,1028.119140625
602,629,745A6263,821,1.1114002466201782,77.94419860839844,18.317686080932617,20540.68359375,E,865.6921997070312
604,638,745A6263,822,0.4545588195323944,123.37399291992188,33.00782012939453,105571.625,E,1216.52587890625
604,658,745A6263,823,2.378666877746582,182.6215362548828,25.217775344848633,91212.7265625,E,1214.7872314453125
605,614,745A6263,824,0.16432800889015198,43.358768463134766,25.791248321533203,22652.259765625,E,1003.0814208984375
606,612,745A6263,825,0.10236453264951706,37.99056625366211,27.904659271240234,23233.73828125,E,1284.642333984375
606,619,745A6263,826,0.2927643358707428,44.87712860107422,21.24220085144043,15904.2783203125,E,1305.946533203125
607,609,745A6263,827,0.23565153777599335,54.6161994934082,30.663869857788086,40333.44140625,E,1045.1788330078125
607,615,745A6263,828,0.10706973075866699,26.54892349243164,31.50448989868164,20695.775390625,E,1072.1400146484375
608,633,745A6263,829,0.419999361038208,99.41703796386719,30.911922454833984,74610.9765625,E,861.1549072265625
608,746,745A6263,830,2.6621506214141846,821.2223510742188,35.800079345703125,826644.125,F,410.6130676269531
609,611,745A6263,831,0.029195036739110947,7.331283092498779,31.68677520751953,5781.30615234375,E,1032.16064453125
611,614,745A6263,832,0.14435410499572754,41.65620803833008,27.759811401367188,25211.728515625,E,1025.52197265625
611,620,745A6263,833,0.1677331030368805,35.843284606933594,29.32517433166504,24209.11328125,E,1046.28466796875
612,619,745A6263,834,0.1562478095293045,38.61948776245117,31.541866302490234,30176.66015625,E,1293.6651611328125
614,625,745A6263,835,0.18046700954437256,43.358768463134766,25.059389114379883,21384.92578125,E,1041.572265625
615,623,745A6263,836,0.38951611518859863,57.837127685546875,21.665733337402344,21322.7578125,E,1107.37646484375
615,630,745A6263,837,0.1896178126335144,49.43220901489258,26.191057205200195,26632.1328125,E,1096.407470703125
616,623,745A6263,838,0.126348078250885,33.435489654541016,17.940706253051758,8452.3330078125,E,1131.9676513671875
616,639,745A6263,839,0.5260422229766846,64.09477233886719,22.21173095703125,24835.75,E,1163.30859375
617,622,745A6263,840,0.3591095507144928,18.772924423217773,18.851171493530273,5239.6044921875,E,851.66796875
617,746,745A6263,841,2.6894335746765137,843.6910400390625,35.800079345703125,849261.1875,F,421.8471984863281
618,622,745A6263,842,0.22878563404083252,15.107283592224121,19.617881774902344,4566.46875,E,854.7731323242188
618,746,745A6263,843,2.698911428451538,848.5980224609375,35.800079345703125,854200.5625,F,424.3006591796875
619,642,745A6263,844,0.4315186142921448,109.78504943847656,31.99479866027832,88265.671875,E,1362.947998046875
620,625,745A6263,845,0.04785428196191788,10.99692440032959,30.306072235107422,7932.68896484375,E,1060.634765625
620,631,745A6263,846,0.22977516055107117,55.874053955078125,28.167850494384766,34818.29296875,E,1084.39404296875
621,628,745A6263,847,0.14205189049243927,33.435489654541016,30.813844680786133,24933.8515625,E,907.7366333007812
621,636,745A6263,848,0.16911940276622772,44.87712860107422,27.394805908203125,26451.56640625,E,921.972900390625
622,663,745A6263,849,2.052110195159912,175.13763427734375,17.713241577148438,43158.4140625,E,928.6524658203125
623,639,745A6263,850,0.6816642880439758,65.16841125488281,20.164928436279297,20812.314453125,E,1158.527099609375
625,655,745A6263,851,0.6687899231910706,119.33993530273438,29.439525604248047,81233.8984375,E,1093.892578125
626,634,745A6263,852,0.17922402918338776,36.027488708496094,28.88470458984375,23608.029296875,E,1265.68701171875
626,641,745A6263,853,0.2036498486995697,46.39548873901367,26.12837791442871,24876.57421875,E,1259.07470703125
627,656,745A6263,854,0.45262759923934937,94.75405883789062,29.27496910095215,63779.421875,E,1025.5145263671875
627,670,745A6263,855,1.10775625705719,173.3271942138672,24.872220993041992,84214.2734375,E,1074.1904296875
628,635,745A6263,856,0.06904073804616928,13.588924407958984,28.050521850585938,8397.6328125,E,921.01318359375
628,636,745A6263,857,0.1392303705215454,41.65620803833008,18.694927215576172,11434.4990234375,E,929.9956665039062
629,633,745A6263,858,0.16095255315303802,36.91692352294922,30.27484703063965,26575.3671875,E,899.3657836914062
629,635,745A6263,859,0.4371497631072998,70.3524169921875,24.721635818481445,33769.3984375,E,911.2987670898438
630,631,745A6263,860,0.02296895533800125,6.257641315460205,33.0081901550293,5354.80908203125,E,1109.7301025390625
630,649,745A6263,861,0.39746299386024475,98.78811645507812,31.58851432800293,77419.9609375,E,1157.40283203125
631,660,745A6263,862,1.5641205310821533,100.5669937133789,24.140825271606445,46030.91015625,E,1134.14111328125
632,644,745A6263,863,0.48404833674430847,97.08554077148438,23.446928024291992,41919.5234375,E,975.0292358398438
632,647,745A6263,864,0.2255120575428009,66.50257110595703,29.87353515625,46612.41015625,E,999.3155517578125
633,651,745A6263,865,0.33629128336906433,87.79119110107422,26.09220314025879,46942.078125,E,938.7119750976562
634,641,745A6263,866,0.30047500133514404,36.027488708496094,19.28752899169922,10526.33203125,E,1279.83837890625
634,654,745A6263,867,1.1342889070510864,112.37705993652344,27.536787033081055,66925.8828125,E,1337.72216796875
635,646,745A6263,868,0.24891234934329987,56.134559631347656,30.085588455200195,39905.91015625,E,949.390380859375
636,644,745A6263,869,0.22023391723632812,51.57948684692383,30.741455078125,38283.859375,E,964.0750122070312
637,643,745A6263,870,0.22821778059005737,48.098052978515625,29.464092254638672,32794.69140625,E,912.5469360351562
637,746,745A6263,871,2.8311209678649902,894.78076171875,35.800079345703125,900688.1875,F,447.3918762207031
638,640,745A6263,872,0.34017249941825867,90.01478576660156,30.014493942260742,63689.203125,E,1305.2200927734375
638,690,745A6263,873,0.9436616897583008,254.49229431152344,32.963680267333984,217188.046875,E,1388.3603515625
641,653,745A6263,874,20.22381019592285,178.06646728515625,15.764370918273926,34755.640625,E,1281.860107421875
643,648,745A6263,875,0.16416150331497192,34.509132385253906,23.134872436523438,14506.349609375,E,940.588134765625
643,652,745A6263,876,0.1906704306602478,43.358768463134766,30.241453170776367,31143.837890625,E,941.78076171875
644,650,745A6263,877,0.05959421023726463,16.625642776489258,33.38670349121094,14555.1083984375,E,995.2073974609375
645,648,745A6263,878,0.3661801218986511,77.4994888305664,29.70127296447754,53695.6171875,E,949.9214477539062
645,746,745A6263,879,3.055765151977539,943.4595336914062,35.800079345703125,949688.375,F,471.7314453125
646,651,745A6263,880,0.12376175075769424,39.064205169677734,28.531198501586914,24975.1953125,E,973.5103149414062
646,668,745A6263,881,0.3417932689189911,83.75713348388672,31.32965850830078,64568.83984375,E,1011.3939208984375
647,656,745A6263,882,0.24633531272411346,57.20820617675781,31.202743530273438,43745.5390625,E,1043.2452392578125
647,657,745A6263,883,0.06281119585037231,17.254566192626953,33.072566986083984,14822.7822265625,E,1031.7254638671875
648,664,745A6263,884,1.0698497295379639,65.61312866210938,12.69337272644043,8302.9931640625,E,976.3861694335938
649,661,745A6263,885,0.11648711562156677,31.917129516601562,27.020692825317383,18302.341796875,E,1205.7381591796875
649,700,745A6263,886,7.695085525512695,313.2504577636719,31.713043212890625,247432.890625,E,1343.665771484375
650,657,745A6263,887,0.6168789863586426,71.68656158447266,18.239545822143555,18730.771484375,E,1019.1820068359375
650,676,745A6263,888,0.6116547584533691,130.15261840820312,29.326757431030273,87916.6015625,E,1061.0447998046875
651,662,745A6263,889,0.1105879694223404,23.956924438476562,29.412139892578125,16276.9931640625,E,987.0931396484375
652,664,745A6263,890,0.3760172724723816,48.54277038574219,19.4891300201416,14481.0263671875,E,976.046142578125
652,669,745A6263,891,0.44576406478881836,91.45683288574219,28.689882278442383,59123.96875,E,986.7501220703125
655,689,745A6263,892,0.6837784647941589,188.8028564453125,33.238922119140625,163829.578125,E,1206.4508056640625
656,674,745A6263,893,0.6166990995407104,123.71076965332031,27.671375274658203,74397.59375,E,1107.0155029296875
657,659,745A6263,894,0.02252024970948696,5.184000015258789,30.31793212890625,3742.432861328125,E,1038.2412109375
659,674,745A6263,895,0.6560197472572327,91.08841705322266,22.515199661254883,36266.41796875,E,1082.1136474609375
659,676,745A6263,896,1.3257735967636108,112.45337677001953,15.658390998840332,21654.921875,E,1081.562255859375
662,663,745A6263,897,0.1740553230047226,34.32492446899414,28.120267868041992,21317.603515625,E,997.1904296875
662,667,745A6263,898,0.46026480197906494,49.61640930175781,20.43275260925293,16269.3037109375,E,1017.319580078125
663,666,745A6263,899,0.5008514523506165,75.09169006347656,22.314918518066406,29367.865234375,E,1001.8930053710938
664,677,745A6263,900,0.39365023374557495,83.12820434570312,27.01616668701172,47652.5078125,E,1034.22705078125
665,673,745A6263,901,0.22840598225593567,53.282047271728516,31.20923614501953,40760.2734375,E,1035.5396728515625
665,746,745A6263,902,3.37054443359375,1018.7318725585938,35.800079345703125,1025457.625,F,509.3676452636719
666,669,745A6263,903,0.05926234647631645,16.180925369262695,25.869178771972656,8504.69140625,E,1019.1791381835938
666,672,745A6263,904,0.536334216594696,94.7540512084961,26.80710220336914,53479.5078125,E,1037.4876708984375
667,668,745A6263,905,0.0662844255566597,26.993640899658203,29.1557674407959,18021.888671875,E,1042.990234375
667,672,745A6263,906,0.27663087844848633,38.61948776245117,13.305601119995117,5369.8896484375,E,1044.33935546875
668,675,745A6263,907,0.12856388092041016,35.84328079223633,33.38234329223633,31371.2109375,E,1063.030029296875
669,680,745A6263,908,0.37919020652770996,83.75712585449219,29.884910583496094,58751.04296875,E,1060.1358642578125
670,692,745A6263,909,0.7541628479957581,131.41049194335938,28.292869567871094,82617.8515625,E,1206.318603515625
670,699,745A6263,910,0.7440766096115112,168.84841918945312,31.00792694091797,127506.5078125,E,1215.525146484375
671,678,745A6263,911,0.22710445523262024,49.87691879272461,29.945222854614258,35127.2890625,E,1080.854248046875
671,746,745A6263,912,3.5279340744018555,1058.8184814453125,35.800079345703125,1065808.875,F,529.4109497070312
672,675,745A6263,913,0.3142537772655487,60.87384796142578,24.640602111816406,29028.412109375,E,1067.4197998046875
673,681,745A6263,914,0.6979306936264038,143.92575073242188,26.099119186401367,76998.1171875,E,1067.05224609375
673,695,745A6263,915,0.6747084259986877,141.51800537109375,29.210594177246094,94837.9921875,E,1103.501953125
674,694,745A6263,916,0.5770024657249451,91.97785186767578,25.368118286132812,46488.94140625,E,1163.2064208984375
675,691,745A6263,917,0.2735481262207031,76.87055969238281,33.5260009765625,67859.9375,E,1113.7825927734375
676,687,745A6263,918,0.19198539853096008,52.024208068847656,32.925086975097656,44294.4453125,E,1145.341064453125
677,681,745A6263,919,0.24729928374290466,56.31876754760742,30.32185173034668,40668.15234375,E,1084.8365478515625
677,693,745A6263,920,0.29148444533348083,64.53948974609375,29.77728271484375,44945.43359375,E,1101.65380859375
678,710,745A6263,921,0.7166818380355835,176.17970275878906,31.447059631347656,136837.71875,E,1180.728515625
678,716,745A6263,922,2.422274589538574,269.52325439453125,22.973323822021484,111720.734375,E,1177.3575439453125
679,685,745A6263,923,18.36581039428711,55.689849853515625,8.926645278930664,3485.318603515625,E,1194.7772216796875
679,746,745A6263,924,3.9826340675354004,1178.9754638671875,35.800079345703125,1186759.25,F,589.4891967773438
680,704,745A6263,925,0.6614493131637573,129.89212036132812,27.117294311523438,75017.984375,E,1149.0367431640625
680,706,745A6263,926,0.5175926089286804,130.5973358154297,31.869007110595703,104174.4609375,E,1151.9755859375
681,683,745A6263,927,0.033001646399497986,7.776000022888184,30.697410583496094,5755.056640625,E,1101.18603515625
682,686,745A6263,928,0.20054233074188232,16.180923461914062,19.922826766967773,5044.232421875,E,1155.080078125
682,746,745A6263,929,3.8689448833465576,1150.2669677734375,35.800079345703125,1157861.125,F,575.1340942382812
683,693,745A6263,930,0.32511594891548157,59.984413146972656,20.774627685546875,20332.6875,E,1122.0875244140625
683,696,745A6263,931,0.34751516580581665,69.01825714111328,26.133460998535156,37020.96484375,E,1130.5325927734375
684,686,745A6263,932,2.128894090652466,25.03056526184082,14.488094329833984,4126.51171875,E,1163.436279296875
684,746,745A6263,933,3.9099678993225098,1161.5660400390625,35.800079345703125,1169234.875,F,580.7844848632812
686,688,745A6263,934,2.6353952884674072,16.180925369262695,8.164291381835938,847.0913696289062,E,1161.0694580078125
687,698,745A6263,935,0.2403009682893753,71.42605590820312,30.519798278808594,52252.83203125,E,1201.9393310546875
687,705,745A6263,936,0.49178487062454224,116.93212890625,31.187517166137695,89327.5390625,E,1199.4613037109375
689,697,745A6263,937,0.3910492956638336,103.34317779541016,30.895620346069336,77475.703125,E,1334.564697265625
689,702,745A6263,938,0.34683695435523987,88.49641418457031,32.060787200927734,71443.6953125,E,1327.7862548828125
691,707,745A6263,939,0.8413698077201843,142.85211181640625,23.066740036010742,59696.51953125,E,1200.8907470703125
691,735,745A6263,940,2.388035774230957,479.475341796875,30.640634536743164,353550.6875,E,1369.2630615234375
693,701,745A6263,941,0.3157067596912384,69.09455871582031,29.618391036987305,47605.4453125,E,1162.5233154296875
695,696,745A6263,942,0.02368776872754097,6.257641315460205,32.50672912597656,5193.34375,E,1155.2816162109375
695,716,745A6263,943,0.6767140030860901,124.3396987915039,26.323461532592773,67668.3671875,E,1209.942138671875
696,701,745A6263,944,0.4225598871707916,105.3062515258789,29.35006332397461,71246.265625,E,1180.7813720703125
698,709,745A6263,945,0.36177071928977966,88.23589324951172,31.269542694091797,67760.7578125,E,1274.047607421875
698,718,745A6263,946,11.114825248718262,153.66482543945312,23.746871948242188,68057.6875,E,1292.625732421875
699,712,745A6263,947,0.3949199616909027,81.79405212402344,29.047821044921875,54204.91796875,E,1309.1055908203125
699,715,745A6263,948,0.40053442120552063,89.1253433227539,28.057716369628906,55105.6015625,E,1327.4722900390625
701,703,745A6263,949,0.016034165397286415,3.6656415462493896,30.240001678466797,2632.712890625,E,1196.20947265625
702,713,745A6263,950,5.758048057556152,111.74811553955078,24.730730056762695,53678.9453125,E,1371.18896484375
702,730,745A6263,951,0.7203258872032166,203.98646545410156,33.66034698486328,181521.640625,E,1457.7939453125
703,704,745A6263,952,0.4874253273010254,39.95363998413086,16.435405731201172,8476.3154296875,E,1198.4139404296875
703,708,745A6263,953,0.2665877044200897,46.840206146240234,26.70088768005371,26227.69140625,E,1218.2635498046875
704,708,745A6263,954,0.7336360812187195,59.984413146972656,15.557544708251953,11402.7705078125,E,1223.3760986328125
706,707,745A6263,955,0.2229137420654297,49.61640930175781,25.940330505371094,26222.0234375,E,1229.8328857421875
706,719,745A6263,956,0.6443861722946167,140.44435119628906,29.826019287109375,98126.1484375,E,1259.8475341796875
707,729,745A6263,957,0.5541150569915771,147.2229766845703,32.6029052734375,122907.421875,E,1315.316162109375
708,714,745A6263,958,0.10873217135667801,23.956924438476562,29.72385597229004,16623.8359375,E,1249.36279296875
709,711,745A6263,959,0.08661303669214249,17.699283599853516,24.139142990112305,8100.0791015625,E,1317.8211669921875
709,712,745A6263,960,0.9933472871780396,144.37046813964844,26.615013122558594,80319.6171875,E,1350.9859619140625
710,721,745A6263,961,0.6058474779129028,143.665283203125,27.925439834594727,87991.71875,E,1289.5933837890625
710,733,745A6263,962,0.910502016544342,243.57168579101562,32.81303024291992,205972.546875,E,1371.9791259765625
711,712,745A6263,963,0.10320838540792465,21.364927291870117,22.81366539001465,8733.361328125,E,1330.8394775390625
714,719,745A6263,964,0.33140257000923157,78.31261444091797,24.323461532592773,36389.1875,E,1278.457763671875
714,723,745A6263,965,0.4672355055809021,95.19877624511719,28.579566955566406,61070.6484375,E,1302.4971923828125
716,717,745A6263,966,0.08415510505437851,23.956926345825195,33.72649383544922,21402.4453125,E,1275.04931640625
717,721,745A6263,967,0.26812854409217834,56.31876754760742,29.332130432128906,38056.625,E,1309.337890625
717,724,745A6263,968,0.482866108417511,82.4229736328125,24.514501571655273,38903.109375,E,1313.1517333984375
719,720,745A6263,969,0.12462162971496582,30.843490600585938,31.4678955078125,23987.7109375,E,1319.127197265625
720,725,745A6263,970,0.07470560073852539,41.21148681640625,23.36865997314453,17675.666015625,E,1340.9686279296875
720,727,745A6263,971,0.16198067367076874,34.32492446899414,29.416658401489258,23328.46484375,E,1346.16650390625
721,722,745A6263,972,0.06295949965715408,15.107283592224121,30.9650821685791,11376.81640625,E,1339.614501953125
722,728,745A6263,973,0.30934691429138184,52.65312576293945,18.73863410949707,14520.7783203125,E,1349.9371337890625
722,732,745A6263,974,0.39042720198631287,102.34585571289062,32.51476287841797,84980.90625,E,1394.298583984375
723,724,745A6263,975,0.06938023120164871,18.144001007080078,27.356611251831055,10664.6728515625,E,1345.486328125
723,726,745A6263,976,0.06987547874450684,14.662566184997559,28.985675811767578,9675.3505859375,E,1350.4769287109375
724,728,745A6263,977,0.12690535187721252,24.585847854614258,23.399154663085938,10572.4443359375,E,1354.98388671875
725,726,745A6263,978,0.12319289892911911,25.475284576416016,28.733592987060547,16519.19140625,E,1357.46630859375
725,727,745A6263,979,0.19327177107334137,40.137847900390625,29.04347038269043,26591.388671875,E,1363.1402587890625
726,731,745A6263,980,0.08087038993835449,38.61948776245117,21.371295928955078,13853.455078125,E,1371.236083984375
728,731,745A6263,981,0.21736276149749756,37.10112762451172,26.624753952026367,20656.09375,E,1377.527587890625
729,734,745A6263,982,0.965611457824707,155.99630737304688,26.485612869262695,85945.71875,E,1428.269287109375
729,736,745A6263,983,17.426179885864258,234.20103454589844,31.172014236450195,178734.515625,E,1487.8785400390625
731,739,745A6263,984,2.2267348766326904,335.2127380371094,30.358348846435547,242642.40625,E,1530.09716796875
733,737,745A6263,985,0.7923187613487244,199.1708526611328,31.17631721496582,152042.59375,E,1564.452392578125
733,738,745A6263,986,0.7341777086257935,200.50503540039062,33.19822692871094,173558.125,E,1576.85400390625
737,740,745A6263,987,0.6561844944953918,114.78485107421875,26.215085983276367,61955.09375,E,1690.052978515625
737,742,745A6263,988,0.8275187611579895,170.4746856689453,29.92344093322754,119887.2109375,E,1710.007080078125
738,741,745A6263,989,0.5598615407943726,152.33067321777344,33.12947463989258,131312.578125,E,1730.381591796875
738,744,745A6263,990,0.7939878702163696,199.2471923828125,30.917341232299805,149584.421875,E,1751.639404296875
741,743,745A6263,991,0.49094200134277344,97.790771484375,27.505695343017578,58107.61328125,E,1817.0279541015625
741,745,745A6263,992,0.9173916578292847,248.34255981445312,32.986656188964844,212235.296875,E,1906.1221923828125
