EndNodes_1,EndNodes_2,name,edge_id,Weight,Length,Width,Volume,Type,Distance
1,6,745A6287,1,25.896602630615234,259.75262451171875,28.494070053100586,165637.5625,E,2270.60986328125
2,16,745A6287,2,1.48916494846344,350.8410339355469,30.75339698791504,260607.21875,E,2174.864013671875
3,7,745A6287,3,0.6789548397064209,161.364501953125,29.41033172607422,109621.9921875,E,2205.693603515625
4,5,745A6287,4,56.12578582763672,52.024200439453125,8.89490032196045,3232.7900390625,E,2165.409423828125
5,6,745A6287,5,0.41115233302116394,88.94112396240234,29.876609802246094,62352.6796875,E,2155.143798828125
5,12,745A6287,6,314.95343017578125,178.87960815429688,17.866748809814453,44847.86328125,E,2089.279052734375
6,7,745A6287,7,0.027917664498090744,7.331283092498779,32.3983039855957,6043.86083984375,E,2146.3037109375
7,9,745A6287,8,0.3982231318950653,95.01457977294922,30.940799713134766,71440.2890625,E,2098.375244140625
8,9,745A6287,9,215.57424926757812,182.36102294921875,28.01066017150879,112374.71875,E,2088.29150390625
9,18,745A6287,10,0.4747181832790375,131.4867706298828,30.823257446289062,98113.5546875,E,1992.143798828125
10,16,745A6287,11,0.6131499409675598,149.73867797851562,29.836795806884766,104695.546875,E,2053.522705078125
11,47,745A6287,12,1.4024839401245117,347.94378662109375,31.556472778320312,272129.65625,E,1949.2059326171875
12,14,745A6287,13,0.8006115555763245,69.7234878540039,15.530472755432129,13208.0390625,E,2012.8131103515625
12,15,745A6287,14,0.27692675590515137,37.54584503173828,23.59775733947754,16420.7578125,E,2002.0618896484375
13,18,745A6287,15,0.8003221750259399,195.5052490234375,31.308246612548828,150510.15625,E,1975.9449462890625
14,15,745A6287,16,0.25678402185440063,16.625642776489258,12.81261157989502,2143.599365234375,E,1989.309326171875
14,21,745A6287,17,0.7196374535560608,75.98112487792969,22.214778900146484,29449.611328125,E,1957.537841796875
15,20,745A6287,18,0.4252222776412964,68.02092742919922,25.280405044555664,34142.90625,E,1954.2188720703125
16,45,745A6287,19,0.8638753294944763,211.57826232910156,31.33912467956543,163205.453125,E,1912.35107421875
17,26,745A6287,20,0.34019941091537476,83.75712585449219,31.425880432128906,64966.0625,E,1933.317138671875
18,25,745A6287,21,0.2060721069574356,49.87691879272461,31.117910385131836,37932.40234375,E,1907.99560546875
19,37,745A6287,22,0.6380251049995422,142.4836883544922,30.36217498779297,103162.25,E,1888.295166015625
20,21,745A6287,23,0.09714973717927933,30.659282684326172,15.491012573242188,5778.45166015625,E,1921.2314453125
20,22,745A6287,24,0.06462807953357697,7.331283092498779,21.33232879638672,2620.272216796875,E,1919.036865234375
21,36,745A6287,25,0.6302720308303833,128.00534057617188,28.67757225036621,82680.4375,E,1868.44970703125
22,24,745A6287,26,0.46305403113365173,32.80656433105469,14.532987594604492,5442.02392578125,E,1908.9566650390625
22,28,745A6287,27,0.36979714035987854,47.913848876953125,23.65626335144043,21059.265625,E,1896.0611572265625
23,39,745A6287,28,0.5925891995429993,127.92906951904297,29.798852920532227,89219.171875,E,1859.045166015625
24,28,745A6287,29,0.7019960284233093,34.95384979248047,11.63713550567627,3717.723388671875,E,1884.386474609375
25,40,745A6287,30,0.9728589057922363,138.7417449951172,27.13715934753418,80246.4453125,E,1848.2919921875
25,59,745A6287,31,0.8776033520698547,197.98931884765625,30.24112892150879,142209.1875,E,1792.5291748046875
26,36,745A6287,32,0.37039464712142944,95.38299560546875,26.80476951599121,53825.1171875,E,1853.0689697265625
26,45,745A6287,33,0.7417355179786682,181.21107482910156,29.962709426879883,127772.3203125,E,1848.3514404296875
27,31,745A6287,34,9.232876777648926,92.34626007080078,26.837533950805664,52238.9453125,E,1956.3165283203125
28,29,745A6287,35,0.08696185052394867,16.625642776489258,27.549257278442383,9910.330078125,E,1867.6016845703125
29,30,745A6287,36,0.12759184837341309,18.772924423217773,24.2326602935791,8658.126953125,E,1851.79833984375
29,34,745A6287,37,0.43485650420188904,58.9107666015625,17.917604446411133,14854.0361328125,E,1839.8311767578125
30,34,745A6287,38,0.1502254158258438,20.291284561157227,23.190776824951172,8570.970703125,E,1834.55908203125
31,32,745A6287,39,0.3235033452510834,47.913848876953125,20.939292907714844,16499.658203125,E,1916.4383544921875
31,42,745A6287,40,0.27449509501457214,57.837127685546875,29.05581283569336,38349.76171875,E,1893.865478515625
32,42,745A6287,41,0.7713693380355835,52.65312957763672,15.08442211151123,9409.60546875,E,1884.59228515625
33,66,745A6287,42,121.29175567626953,228.05130004882812,28.55915069580078,146087.484375,E,2009.42578125
34,35,745A6287,43,0.028333494439721107,3.6656415462493896,22.748613357543945,1489.8746337890625,E,1824.0548095703125
35,41,745A6287,44,0.18239665031433105,32.80656814575195,27.017789840698242,18808.333984375,E,1808.8497314453125
35,43,745A6287,45,0.2743261158466339,57.39241409301758,21.364177703857422,20573.90625,E,1807.8511962890625
36,56,745A6287,46,0.42386913299560547,96.08821868896484,30.274444580078125,69169.140625,E,1767.540283203125
37,38,745A6287,47,0.5514455437660217,98.2354965209961,28.998212814331055,64878.5,E,1820.7921142578125
37,47,745A6287,48,0.03312446177005768,38.61948776245117,27.78352928161621,23413.76171875,E,1812.0791015625
38,39,745A6287,49,0.31944066286087036,50.5058479309082,18.08188247680664,12969.3681640625,E,1806.21337890625
38,51,745A6287,50,0.3019673824310303,51.134769439697266,26.824060440063477,28897.166015625,E,1788.151123046875
39,44,745A6287,51,0.10715289413928986,23.512208938598633,29.551342010498047,16126.41015625,E,1796.5872802734375
40,43,745A6287,52,0.2377033233642578,27.6225643157959,21.096120834350586,9655.1513671875,E,1792.21337890625
40,46,745A6287,53,0.08706609904766083,28.69620704650879,27.593788146972656,17160.779296875,E,1783.76904296875
41,53,745A6287,54,0.4422667622566223,75.98112487792969,23.243295669555664,32239.701171875,E,1760.9644775390625
41,56,745A6287,55,0.6342469453811646,105.3062744140625,22.260709762573242,40984.734375,E,1758.0621337890625
42,50,745A6287,56,0.09562632441520691,33.88020324707031,27.223987579345703,19721.47265625,E,1851.56298828125
43,46,745A6287,57,0.045034755021333694,9.923283576965332,29.64028549194336,6847.15283203125,E,1780.8883056640625
44,51,745A6287,58,0.12664741277694702,48.54277038574219,23.866729736328125,21717.021484375,E,1776.4898681640625
44,60,745A6287,59,0.7986109256744385,193.54214477539062,31.183349609375,147812.4375,E,1741.852783203125
45,65,745A6287,60,0.5770585536956787,136.85498046875,30.842683792114258,102247.9921875,E,1750.632568359375
46,48,745A6287,61,0.03367318585515022,7.776000022888184,30.392471313476562,5641.28662109375,E,1773.013671875
47,84,745A6287,62,0.9041604995727539,227.23812866210938,31.738277435302734,179778.515625,E,1696.6522216796875
48,53,745A6287,63,0.35957345366477966,65.79733276367188,24.85808563232422,31932.544921875,E,1747.0247802734375
48,55,745A6287,64,0.3255188465118408,72.05497741699219,29.7719783782959,50161.3515625,E,1743.65087890625
49,77,745A6287,65,17.891878128051758,205.0601043701172,22.914396286010742,84564.4609375,E,1710.514404296875
50,65,745A6287,66,1.1147902011871338,230.64328002929688,28.128625869750977,143326.90625,E,1758.067138671875
50,68,745A6287,67,0.5444837808609009,126.48699951171875,30.53893280029297,92649.5859375,E,1779.814208984375
51,54,745A6287,68,0.15326018631458282,33.69599914550781,29.654804229736328,23273.318359375,E,1749.359130859375
52,67,745A6287,69,4.607056140899658,107.45355987548828,23.1825008392334,45355.63671875,E,2016.228515625
53,72,745A6287,70,0.4460601508617401,107.71405792236328,31.115234375,81904.625,E,1680.308349609375
54,57,745A6287,71,0.2791580855846405,32.80656433105469,19.074071884155273,9374.2705078125,E,1730.3765869140625
54,62,745A6287,72,0.2640107274055481,44.248207092285156,26.293554306030273,24026.150390625,E,1712.95947265625
55,59,745A6287,73,0.1234363317489624,34.509132385253906,25.242355346679688,17269.65625,E,1709.121337890625
55,72,745A6287,74,0.6911540031433105,145.81256103515625,27.79987335205078,88505.5390625,E,1671.6494140625
56,80,745A6287,75,0.5826107263565063,138.3733367919922,30.84760093688965,103415.359375,E,1661.7196044921875
57,62,745A6287,76,0.38409167528152466,34.9538459777832,19.19774055480957,10117.77734375,E,1707.753173828125
58,70,745A6287,77,0.599835216999054,92.97518920898438,25.39703941345215,47100.2421875,E,1731.605712890625
59,60,745A6287,78,0.01533564180135727,6.257641315460205,30.92103385925293,4699.03369140625,E,1697.765869140625
60,85,745A6287,79,0.6290761828422546,151.2570343017578,31.043010711669922,114480.921875,E,1633.2861328125
61,115,745A6287,80,0.9480770230293274,240.3507843017578,31.850770950317383,191502.890625,E,1699.9256591796875
62,64,745A6287,81,0.0554950088262558,25.475284576416016,19.326494216918945,7473.345703125,E,1682.21044921875
63,98,745A6287,82,2.048628091812134,191.2869873046875,28.729583740234375,124003.5078125,E,1645.358154296875
64,84,745A6287,83,0.6256911158561707,108.5271987915039,27.365421295166016,63831.1640625,E,1632.816162109375
64,108,745A6287,84,0.9761722087860107,212.31507873535156,30.77513885498047,157932.234375,E,1579.9566650390625
65,92,745A6287,85,0.6499965786933899,145.2598876953125,30.170066833496094,103845.609375,E,1622.04736328125
66,67,745A6287,86,0.05917606130242348,23.328001022338867,19.631437301635742,7061.087890625,E,1960.8477783203125
66,74,745A6287,87,0.16145946085453033,36.027488708496094,29.929977416992188,25347.587890625,E,1945.074462890625
67,74,745A6287,88,0.12528540194034576,31.288206100463867,22.691011428833008,12652.5556640625,E,1956.1209716796875
68,73,745A6287,89,0.41749125719070435,61.50276565551758,18.28461265563965,16149.3876953125,E,1707.5111083984375
68,91,745A6287,90,0.5732449889183044,131.6709747314453,30.56085205078125,96585.265625,E,1661.368408203125
69,71,745A6287,91,0.23572975397109985,37.54584884643555,25.602548599243164,19329.392578125,E,1758.9520263671875
70,73,745A6287,92,0.1457984745502472,22.438568115234375,21.383153915405273,8058.0234375,E,1687.408447265625
70,75,745A6287,93,0.1872299313545227,39.6931266784668,29.12891960144043,26451.720703125,E,1675.6185302734375
71,79,745A6287,94,1.2223145961761475,180.39796447753906,25.347766876220703,91033.4296875,E,1756.4161376953125
71,81,745A6287,95,0.2177804559469223,50.061126708984375,30.25614356994629,35992.96484375,E,1724.7879638671875
72,82,745A6287,96,0.24263763427734375,53.54256057739258,29.765304565429688,37257.15234375,E,1608.3350830078125
73,83,745A6287,97,0.3489600419998169,53.54256057739258,21.795839309692383,19977.2734375,E,1660.1585693359375
74,155,745A6287,98,1.3260598182678223,334.13909912109375,31.7690372467041,264865.4375,E,1845.259521484375
75,83,745A6287,99,0.2688087821006775,50.69004821777344,25.281972885131836,25446.87890625,E,1644.705322265625
75,92,745A6287,100,0.6867845058441162,135.26036071777344,27.63096809387207,81105.9296875,E,1608.4638671875
76,94,745A6287,101,4.382666110992432,176.91651916503906,24.44815444946289,83052.0703125,E,2029.6524658203125
77,80,745A6287,102,0.19450318813323975,32.361846923828125,20.322635650634766,10497.4365234375,E,1609.482666015625
77,97,745A6287,103,0.8069905638694763,98.41969299316406,19.751588821411133,30156.15625,E,1581.98193359375
78,127,745A6287,104,5.114504814147949,213.9097442626953,30.38368034362793,155096.21875,E,1655.4566650390625
79,81,745A6287,105,0.26019492745399475,63.46584701538086,21.84395408630371,23784.4140625,E,1694.2109375
79,110,745A6287,106,0.8171393275260925,214.20184326171875,32.368804931640625,176265.140625,E,1613.3382568359375
80,96,745A6287,107,0.3994452953338623,77.05476379394531,28.598962783813477,49498.26171875,E,1569.829833984375
81,145,745A6287,108,0.872688889503479,222.39096069335938,31.9643611907959,178459.265625,E,1600.922119140625
82,87,745A6287,109,0.2886313796043396,38.61948776245117,20.24357795715332,12429.9951171875,E,1577.52490234375
82,88,745A6287,110,0.1454552412033081,29.14092445373535,28.304088592529297,18335.451171875,E,1571.239990234375
83,91,745A6287,111,0.24824485182762146,57.837127685546875,26.493288040161133,31883.669921875,E,1613.953125
84,101,745A6287,112,0.26831719279289246,69.09455871582031,32.10874557495117,55947.46484375,E,1563.227294921875
85,106,745A6287,113,1.8093922138214111,127.7448501586914,16.126768112182617,26093.23828125,E,1540.297607421875
85,123,745A6287,114,0.7599974870681763,171.99302673339844,30.129615783691406,122627.5078125,E,1500.8548583984375
86,133,745A6287,115,9.57866096496582,350.0910949707031,29.532052993774414,239804.984375,E,1778.7999267578125
87,88,745A6287,116,0.07151374220848083,28.067283630371094,18.797931671142578,7789.51513671875,E,1561.062744140625
87,89,745A6287,117,0.02552306279540062,7.331283092498779,23.96837615966797,3307.859619140625,E,1564.024169921875
88,95,745A6287,118,0.19841185212135315,38.61948776245117,27.982656478881836,23750.58203125,E,1543.5159912109375
89,95,745A6287,119,0.2323707938194275,38.61948776245117,20.929128646850586,13286.134765625,E,1545.31640625
89,99,745A6287,120,0.3336181938648224,69.46297454833984,25.354591369628906,35071.671875,E,1543.3729248046875
90,120,745A6287,121,0.5051607489585876,125.78177642822266,31.540569305419922,98275.8203125,E,1593.6251220703125
91,117,745A6287,122,0.39435407519340515,97.5302734375,31.35112762451172,75289.71875,E,1556.892333984375
92,104,745A6287,123,0.14530637860298157,31.2882080078125,29.42774772644043,21280.634765625,E,1544.0386962890625
93,155,745A6287,124,1.1133396625518799,271.9626770019531,30.510601043701172,198838.609375,E,1878.5223388671875
94,114,745A6287,125,2.9925742149353027,152.59120178222656,27.774274826049805,92449.5546875,E,1980.683837890625
94,143,745A6287,126,0.7657853960990906,206.61004638671875,32.84724807739258,175081.109375,E,1853.7923583984375
95,103,745A6287,127,0.11527478694915771,20.291284561157227,26.712844848632812,11372.0751953125,E,1520.3094482421875
96,97,745A6287,128,0.3482111394405365,40.58256149291992,18.823001861572266,11292.9423828125,E,1541.440673828125
96,99,745A6287,129,0.025788147002458572,6.257641315460205,31.15143394470215,4769.32177734375,E,1535.30810546875
97,104,745A6287,130,0.18046051263809204,30.843490600585938,20.048187255859375,9736.5166015625,E,1536.467041015625
98,105,745A6287,131,0.19029390811920166,25.475284576416016,24.299747467041016,11814.4208984375,E,1549.3314208984375
98,107,745A6287,132,0.2986258566379547,38.61948776245117,18.881505966186523,10813.583984375,E,1544.1297607421875
99,124,745A6287,133,0.5566701292991638,101.0116958618164,27.54170799255371,60178.765625,E,1490.976318359375
100,185,745A6287,134,12.473426818847656,348.3885192871094,28.661678314208984,224779.640625,E,1941.9884033203125
101,102,745A6287,135,0.25094833970069885,58.726558685302734,28.119163513183594,36469.44921875,E,1527.093017578125
101,111,745A6287,136,0.12295481562614441,33.25128173828125,32.88985824584961,28250.25,E,1514.759765625
102,108,745A6287,137,0.476773202419281,101.64061737060547,29.693496704101562,70384.953125,E,1502.6083984375
102,118,745A6287,138,0.2677890360355377,59.80020523071289,26.60761260986328,33250.97265625,E,1490.3504638671875
103,106,745A6287,139,0.09205108880996704,19.846567153930664,24.236724853515625,9156.3662109375,E,1505.819580078125
103,113,745A6287,140,0.19760993123054504,35.39856719970703,26.709718704223633,19834.177734375,E,1499.32666015625
104,130,745A6287,141,0.4339565932750702,96.53292083740234,29.873249053955078,67659.7265625,E,1483.6383056640625
105,109,745A6287,142,0.045970235019922256,13.588926315307617,17.859390258789062,3404.14697265625,E,1534.05517578125
105,110,745A6287,143,0.34521910548210144,28.69620704650879,15.125081062316895,5155.962890625,E,1533.406005859375
106,112,745A6287,144,0.11758790165185928,16.625642776489258,23.724424362182617,7349.5322265625,E,1492.00732421875
107,109,745A6287,145,0.10168249905109406,11.441641807556152,18.804706573486328,3177.688720703125,E,1529.0986328125
107,122,745A6287,146,0.706286609172821,150.81231689453125,29.029922485351562,99820.203125,E,1475.8499755859375
108,150,745A6287,147,1.7469377517700195,324.5079040527344,28.094425201416016,201166.421875,E,1413.2435302734375
109,116,745A6287,148,0.216432124376297,32.80656433105469,18.845365524291992,9150.814453125,E,1515.5870361328125
110,116,745A6287,149,0.17973288893699646,36.027488708496094,28.676328659057617,23268.638671875,E,1515.8905029296875
111,118,745A6287,150,1.168388843536377,61.50277328491211,14.971688270568848,10827.4482421875,E,1483.48388671875
111,122,745A6287,151,0.2769121527671814,59.35548782348633,29.551219940185547,40710.046875,E,1472.5126953125
112,113,745A6287,152,0.028974277898669243,26.993640899658203,18.91651725769043,7586.36474609375,E,1483.281982421875
112,123,745A6287,153,0.544410228729248,59.984413146972656,20.11663246154785,19065.087890625,E,1459.38671875
113,121,745A6287,154,0.22009259462356567,49.43220520019531,29.95087432861328,34827.22265625,E,1463.20166015625
115,126,745A6287,155,0.18211567401885986,43.61928176879883,31.020288467407227,32965.53125,E,1577.711669921875
115,132,745A6287,156,0.49185505509376526,116.30319213867188,29.626110076904297,80173.4921875,E,1550.8048095703125
116,129,745A6287,157,0.24504533410072327,58.4660530090332,30.854698181152344,43715.58203125,E,1476.7841796875
117,139,745A6287,158,0.30689388513565063,66.686767578125,29.93019676208496,46918.9921875,E,1486.8555908203125
117,140,745A6287,159,0.4709629714488983,87.79117584228516,25.656604766845703,45387.796875,E,1474.3790283203125
118,138,745A6287,160,0.36282187700271606,87.79119110107422,31.163484573364258,66962.6796875,E,1433.3382568359375
119,130,745A6287,161,0.9147425889968872,107.89824676513672,20.884403228759766,36961.3984375,E,1459.119384765625
120,131,745A6287,162,0.27024900913238525,40.137847900390625,25.395793914794922,20331.412109375,E,1517.51806640625
120,132,745A6287,163,0.15468822419643402,38.61948776245117,14.440659523010254,6325.14453125,E,1522.1710205078125
121,125,745A6287,164,1.0457655191421509,57.39241409301758,13.696215629577637,8455.6220703125,E,1447.75927734375
121,134,745A6287,165,0.7017945647239685,107.45355987548828,26.21739387512207,58008.24609375,E,1412.6912841796875
122,146,745A6287,166,0.29690659046173096,75.09169006347656,31.90335464477539,60028.08203125,E,1412.8330078125
123,150,745A6287,167,0.3825452923774719,85.01497650146484,29.867538452148438,59564.04296875,E,1400.97705078125
124,125,745A6287,168,0.07978150248527527,15.107283592224121,16.141551971435547,3091.483154296875,E,1443.93115234375
124,135,745A6287,169,0.15054884552955627,25.475284576416016,19.611106872558594,7695.080078125,E,1436.719482421875
125,134,745A6287,170,0.2320050150156021,21.36492347717285,15.434089660644531,3997.17578125,E,1431.75634765625
126,157,745A6287,171,0.7225029468536377,172.54563903808594,30.278282165527344,124238.5390625,E,1541.236083984375
126,202,745A6287,172,0.9183056354522705,230.09066772460938,31.705646514892578,181661.171875,E,1453.0550537109375
127,145,745A6287,173,0.26255273818969727,89.12533569335938,29.197553634643555,59673.83984375,E,1526.6201171875
127,158,745A6287,174,0.407728374004364,112.45335388183594,30.467628479003906,81985.9765625,E,1524.8968505859375
128,172,745A6287,175,0.5727161169052124,140.33641052246094,31.36349868774414,108419.96875,E,1615.662109375
129,151,745A6287,176,0.35973185300827026,74.64697265625,26.394689559936523,40844.65234375,E,1417.6966552734375
129,154,745A6287,177,0.543053388595581,93.23570251464844,27.30303192138672,54587.5859375,E,1417.8531494140625
130,136,745A6287,178,0.03243817016482353,7.331283092498779,30.05364990234375,5200.72998046875,E,1434.0235595703125
131,137,745A6287,179,0.10293688625097275,40.58256912231445,21.610166549682617,14884.890625,E,1503.3812255859375
131,141,745A6287,180,0.35965120792388916,88.94113159179688,31.513765335083008,69373.4296875,E,1477.0169677734375
132,137,745A6287,181,0.02256135828793049,3.6656415462493896,25.493083953857422,1871.046630859375,E,1509.244384765625
133,142,745A6287,182,0.2898191213607788,60.42912673950195,21.58814239501953,22119.0625,E,1630.9486083984375
133,158,745A6287,183,0.6174945831298828,157.25416564941406,32.00357437133789,126499.5546875,E,1559.1932373046875
134,135,745A6287,184,0.07385703176259995,12.51528263092041,25.99725341796875,6643.3251953125,E,1422.571044921875
135,136,745A6287,185,0.21878522634506226,33.69599914550781,25.70944595336914,17492.572265625,E,1427.9119873046875
136,153,745A6287,186,0.2763931155204773,64.98420715332031,23.400606155395508,27948.078125,E,1400.7362060546875
137,183,745A6287,187,0.8685915470123291,190.50543212890625,28.866636276245117,124677.9453125,E,1418.76416015625
138,146,745A6287,188,0.27596810460090637,86.53333282470703,28.849573135375977,56565.55859375,E,1388.3726806640625
138,149,745A6287,189,0.5099897384643555,133.81826782226562,32.40110778808594,110337.96875,E,1377.342041015625
139,141,745A6287,190,0.013670027256011963,3.6656415462493896,32.75067901611328,3088.022705078125,E,1460.225341796875
139,144,745A6287,191,0.2030651569366455,49.43220520019531,26.83482551574707,27957.44140625,E,1451.518310546875
140,144,745A6287,192,0.02719568833708763,35.39856719970703,27.580238342285156,21148.111328125,E,1436.118408203125
140,147,745A6287,193,0.29090264439582825,65.16840362548828,29.91010856628418,45789.1875,E,1420.3800048828125
141,183,745A6287,194,0.5852927565574646,148.7413330078125,30.196802139282227,106523.015625,E,1397.810302734375
142,143,745A6287,195,1.0091108083724976,224.53823852539062,29.806127548217773,156671.96875,E,1696.873291015625
142,178,745A6287,196,0.9284492135047913,173.06668090820312,28.339914321899414,109169.2734375,E,1562.6859130859375
143,156,745A6287,197,0.4210004210472107,98.1591796875,30.709217071533203,72704.0,E,1707.7567138671875
144,171,745A6287,198,0.660960853099823,111.82441711425781,27.570749282836914,66761.1328125,E,1389.235107421875
145,181,745A6287,199,0.5509338974952698,147.14666748046875,32.69618225097656,123547.6171875,E,1431.7757568359375
146,167,745A6287,200,0.385592520236969,93.8646240234375,31.292865753173828,72190.90625,E,1338.9208984375
147,153,745A6287,201,0.1426311731338501,39.6931266784668,26.65411949157715,22147.966796875,E,1382.762939453125
147,192,745A6287,202,0.7249913215637207,148.03610229492188,29.402141571044922,100511.4296875,E,1344.7315673828125
148,162,745A6287,203,0.45537951588630676,113.26647186279297,31.60658836364746,88868.21875,E,1392.532958984375
149,152,745A6287,204,0.2080000638961792,68.64984893798828,31.9653263092041,55091.90234375,E,1356.5679931640625
149,186,745A6287,205,0.5793721675872803,148.84922790527344,32.11958694458008,120608.0703125,E,1309.8779296875
150,170,745A6287,206,1.2723833322525024,104.8615493774414,20.936586380004883,36100.890625,E,1330.1697998046875
151,160,745A6287,207,0.2642034888267517,49.61640930175781,27.49298858642578,29455.005859375,E,1362.4691162109375
151,167,745A6287,208,5.117755889892578,193.7263641357422,15.396003723144531,36065.71875,E,1344.7528076171875
152,164,745A6287,209,0.8459149599075317,142.85211181640625,24.999366760253906,70118.8125,E,1334.933349609375
152,179,745A6287,210,0.3836006224155426,85.09127807617188,30.094308853149414,60526.234375,E,1307.5987548828125
153,165,745A6287,211,0.330409973859787,61.947486877441406,27.45025062561035,36661.15625,E,1343.437255859375
154,159,745A6287,212,0.1447238177061081,25.03056526184082,26.65411949157715,13966.552734375,E,1370.6798095703125
154,161,745A6287,213,0.382329523563385,51.134769439697266,17.101552963256836,11745.6552734375,E,1364.2161865234375
155,204,745A6287,214,0.5322912931442261,135.78134155273438,31.988752365112305,109125.078125,E,1691.484375
156,173,745A6287,215,0.2777484059333801,70.53661346435547,31.959688186645508,56586.07421875,E,1631.30322265625
156,206,745A6287,216,2.252598524093628,295.88800048828125,27.09694480895996,170631.0,E,1698.1951904296875
157,163,745A6287,217,0.13275985419750214,33.88020324707031,31.940893173217773,27147.509765625,E,1527.3426513671875
157,187,745A6287,218,0.4091890752315521,115.41377258300781,29.673416137695312,79814.6484375,E,1472.822265625
158,223,745A6287,219,0.7025834321975708,184.32412719726562,32.419281005859375,152152.40625,E,1403.854248046875
159,162,745A6287,220,0.032759591937065125,10.99692440032959,29.911340713500977,7727.390625,E,1358.8321533203125
159,174,745A6287,221,0.25888368487358093,48.54277038574219,18.55204200744629,13121.93359375,E,1341.6998291015625
160,161,745A6287,222,0.513819694519043,40.58256912231445,16.84568977355957,9044.966796875,E,1340.3271484375
160,239,745A6287,223,1.5713164806365967,289.7382507324219,26.749835968017578,162831.328125,E,1221.671630859375
161,229,745A6287,224,1.2696864604949951,226.08819580078125,27.127376556396484,130672.2421875,E,1244.9117431640625
162,169,745A6287,225,0.08505699038505554,20.291284561157227,30.86766815185547,15184.7294921875,E,1347.8834228515625
163,194,745A6287,226,0.4214361011981964,103.34319305419922,31.442827224731445,80244.4375,E,1520.7567138671875
163,233,745A6287,227,0.8603681921958923,217.3148651123047,30.92498016357422,163229.3125,E,1433.0728759765625
164,184,745A6287,228,0.5175785422325134,119.33991241455078,30.51495361328125,87277.25,E,1278.841064453125
164,191,745A6287,229,0.43284058570861816,67.94461059570312,22.47237205505371,26949.00390625,E,1279.23388671875
165,170,745A6287,230,0.15370966494083405,34.32492446899414,15.56724739074707,6533.1572265625,E,1308.887451171875
165,182,745A6287,231,0.2784165143966675,35.398563385009766,22.629764556884766,14237.560546875,E,1299.9678955078125
166,209,745A6287,232,0.7257062792778015,155.73580932617188,29.365352630615234,105474.8203125,E,1760.3326416015625
167,207,745A6287,233,0.48011285066604614,108.52719116210938,30.168848037719727,77579.3046875,E,1251.92333984375
168,172,745A6287,234,0.132279172539711,37.990562438964844,24.827295303344727,18391.80859375,E,1568.7169189453125
168,175,745A6287,235,0.177481010556221,16.180925369262695,19.650409698486328,4907.23046875,E,1578.344970703125
168,176,745A6287,236,0.2724202871322632,43.803489685058594,25.550004959106445,22458.490234375,E,1588.0853271484375
169,174,745A6287,237,0.19761759042739868,34.32492446899414,20.87322425842285,11745.69140625,E,1330.65234375
169,220,745A6287,238,0.6097235679626465,141.59425354003906,30.517349243164062,103568.84375,E,1282.8868408203125
170,180,745A6287,239,0.1577056646347046,21.364927291870117,23.376283645629883,9169.427734375,E,1293.49658203125
171,192,745A6287,240,0.3208613991737366,52.20840835571289,22.067575454711914,19968.23046875,E,1316.075927734375
171,221,745A6287,241,2.0034000873565674,159.1093292236328,17.972471237182617,40364.64453125,E,1279.1573486328125
172,194,745A6287,242,0.2043585479259491,55.2451286315918,27.84403419494629,33639.39453125,E,1534.104736328125
173,206,745A6287,243,0.8641199469566345,200.6892547607422,29.647823333740234,138547.796875,E,1619.11083984375
173,214,745A6287,244,0.815696120262146,220.2752685546875,32.93099594116211,187614.046875,E,1509.994140625
174,254,745A6287,245,1.5674166679382324,285.1831970214844,27.907377243041992,174442.3125,E,1200.2098388671875
175,176,745A6287,246,0.09884284436702728,15.107283592224121,20.151531219482422,4818.283203125,E,1576.9942626953125
176,247,745A6287,247,1.0677869319915771,211.133544921875,29.51152992248535,144421.078125,E,1511.2606201171875
177,210,745A6287,248,6.78407096862793,206.3179473876953,28.64736557006836,132983.046875,E,1805.530517578125
178,188,745A6287,249,0.1474117934703827,33.435489654541016,23.358491897583008,14328.0517578125,E,1486.8616943359375
178,196,745A6287,250,0.1916549801826477,42.7298469543457,29.835447311401367,29873.515625,E,1470.392822265625
179,184,745A6287,251,0.04681120440363884,10.99692440032959,30.62117576599121,8098.50537109375,E,1262.6097412109375
179,190,745A6287,252,0.13749746978282928,42.72984313964844,29.11172103881836,28441.791015625,E,1257.0203857421875
180,182,745A6287,253,0.14972084760665894,20.291284561157227,23.241601943969727,8608.5810546875,E,1284.406005859375
180,191,745A6287,254,0.1122363954782486,30.843490600585938,15.158965110778809,5566.63232421875,E,1272.1446533203125
181,193,745A6287,255,0.10752280056476593,27.17784881591797,31.82004737854004,21612.580078125,E,1351.1981201171875
181,200,745A6287,256,0.13640940189361572,44.432411193847656,30.189178466796875,31804.775390625,E,1354.81640625
182,201,745A6287,257,0.26271504163742065,40.137847900390625,21.88738441467285,15101.9033203125,E,1266.629638671875
183,221,745A6287,258,0.4855537414550781,103.86420440673828,29.391639709472656,70469.859375,E,1289.2178955078125
184,197,745A6287,259,0.012699414044618607,26.993640899658203,28.572988510131836,17308.62890625,E,1245.958740234375
185,215,745A6287,260,0.8942292928695679,181.65579223632812,29.05465316772461,120439.9296875,E,1687.8563232421875
185,230,745A6287,261,0.7211419939994812,148.29661560058594,29.21688461303711,99423.4765625,E,1713.1763916015625
187,189,745A6287,262,0.18530823290348053,42.100921630859375,30.179014205932617,30115.603515625,E,1415.693359375
187,237,745A6287,263,0.6758564114570618,148.55712890625,29.952617645263672,104677.40625,E,1369.06103515625
188,196,745A6287,264,0.1936407834291458,32.80656814575195,19.9344425201416,10239.03125,E,1466.908203125
189,202,745A6287,265,0.38851240277290344,82.4229736328125,24.77916145324707,39747.640625,E,1373.3916015625
189,252,745A6287,266,1.0449270009994507,198.98667907714844,28.518827438354492,127109.2734375,E,1313.7537841796875
190,195,745A6287,267,0.13431201875209808,31.73292350769043,30.81938934326172,23672.712890625,E,1236.9630126953125
190,197,745A6287,268,0.1079743504524231,37.990562438964844,29.18625831604004,25416.892578125,E,1236.2486572265625
191,199,745A6287,269,0.12432476878166199,16.180925369262695,22.890920639038086,6659.1650390625,E,1253.540771484375
192,226,745A6287,270,0.45606839656829834,103.41949462890625,30.103572845458984,73608.5703125,E,1249.5076904296875
193,200,745A6287,271,0.3607373535633087,46.8402099609375,16.01618766784668,9436.849609375,E,1338.88818359375
193,235,745A6287,272,0.6655162572860718,168.06686401367188,31.87652015686035,134126.25,E,1261.38134765625
194,257,745A6287,273,0.8876925706863403,212.5756072998047,31.081377029418945,161288.65625,E,1460.2293701171875
195,207,745A6287,274,0.6853839755058289,137.0391845703125,27.010669708251953,78524.53125,E,1225.5308837890625
195,208,745A6287,275,0.1885656714439392,46.57969284057617,19.21942710876465,13513.4853515625,E,1217.064697265625
196,214,745A6287,276,0.2496282309293747,67.1314926147461,28.09073257446289,41604.6875,E,1430.1956787109375
197,225,745A6287,277,0.3889308273792267,92.60678100585938,30.889001846313477,69396.9609375,E,1192.2147216796875
198,230,745A6287,278,4.379615306854248,196.94729614257812,27.461708068847656,116652.75,E,1745.524169921875
199,201,745A6287,279,0.04350736364722252,19.217641830444336,21.820236206054688,7186.3583984375,E,1247.1500244140625
199,236,745A6287,280,0.6659785509109497,138.1128387451172,29.00741958618164,91272.9609375,E,1186.3548583984375
200,205,745A6287,281,0.130802184343338,34.509132385253906,32.46792221069336,28571.494140625,E,1338.9776611328125
201,291,745A6287,282,1.120285153388977,246.16371154785156,30.119701385498047,175394.203125,E,1135.2447509765625
202,242,745A6287,283,0.7442829608917236,168.06686401367188,30.100187301635742,119594.2734375,E,1270.978515625
203,229,745A6287,284,0.4174673557281494,81.60984802246094,28.258563995361328,51183.81640625,E,1189.154052734375
204,215,745A6287,285,0.1623692363500595,44.692928314208984,26.424537658691406,24510.009765625,E,1618.3294677734375
204,247,745A6287,286,1.9260727167129517,222.75938415527344,22.966222763061523,92279.453125,E,1545.42626953125
205,211,745A6287,287,0.15494343638420105,34.9538459777832,30.277273178100586,25166.2421875,E,1333.714111328125
205,218,745A6287,288,0.21426081657409668,44.248207092285156,23.559938430786133,19290.0703125,E,1311.458251953125
206,213,745A6287,289,0.040740080177783966,32.80656814575195,24.747671127319336,15780.44921875,E,1642.14990234375
207,227,745A6287,290,0.28829526901245117,72.49969482421875,27.915491104125977,44372.77734375,E,1174.63330078125
208,212,745A6287,291,0.06299597024917603,20.920207977294922,26.37741470336914,11431.9501953125,E,1193.251708984375
208,227,745A6287,292,0.35820916295051575,85.19918060302734,30.90461540222168,63910.46875,E,1173.8599853515625
209,210,745A6287,293,0.21603702008724213,50.95056915283203,30.771240234375,37890.375,E,1702.318603515625
209,213,745A6287,294,0.2873023748397827,67.76040649414062,30.98644256591797,51098.63671875,E,1662.4901123046875
210,248,745A6287,295,4.243444442749023,256.1185607910156,30.64906883239746,188958.09375,E,1763.8951416015625
211,219,745A6287,296,0.2955235242843628,30.214567184448242,15.537480354309082,5728.85009765625,E,1315.8927001953125
211,223,745A6287,297,0.3195139467716217,59.984413146972656,23.741849899291992,26555.677734375,E,1325.7225341796875
212,216,745A6287,298,0.2454174906015396,57.83712387084961,30.6282901763916,42612.99609375,E,1180.42041015625
212,244,745A6287,299,0.6892661452293396,123.45027923583984,26.360103607177734,67371.4921875,E,1134.04833984375
213,261,745A6287,300,1.5546609163284302,411.3781433105469,32.6366081237793,344144.71875,E,1467.581787109375
214,269,745A6287,301,0.7295792102813721,199.09457397460938,31.718482971191406,157316.4375,E,1312.310302734375
215,293,745A6287,302,0.882978618144989,211.6861572265625,30.981433868408203,159582.53125,E,1512.4600830078125
216,225,745A6287,303,0.1722709834575653,54.17148971557617,29.479339599609375,36973.9765625,E,1155.6153564453125
216,244,745A6287,304,0.4731382727622986,99.49335479736328,27.069664001464844,57259.78125,E,1123.980712890625
217,218,745A6287,305,0.20573899149894714,12.960000038146973,13.681694030761719,1905.349365234375,E,1296.5794677734375
217,219,745A6287,306,0.4059656262397766,14.033641815185547,9.783530235290527,1054.9974365234375,E,1301.1878662109375
218,219,745A6287,307,1.0619930028915405,71.87076568603516,19.71790313720703,21946.416015625,E,1286.009521484375
220,235,745A6287,308,0.17963996529579163,57.837127685546875,24.791717529296875,27919.640625,E,1207.6396484375
220,314,745A6287,309,1.2167251110076904,285.6279296875,31.748071670532227,226112.859375,E,1102.0992431640625
221,267,745A6287,310,0.889348566532135,138.81805419921875,25.31621551513672,69876.8671875,E,1179.897705078125
222,243,745A6287,311,1.6366612911224365,405.6415100097656,31.708478927612305,320319.28125,E,1781.299560546875
223,273,745A6287,312,0.5217689275741577,144.6309814453125,31.31723403930664,111408.421875,E,1256.8155517578125
224,233,745A6287,313,0.75950026512146,148.925537109375,29.340925216674805,100694.7109375,E,1373.19482421875
225,262,745A6287,314,0.4684000313282013,115.93478393554688,31.559959411621094,90693.5703125,E,1099.38720703125
226,232,745A6287,315,0.14487658441066742,25.47528076171875,26.599002838134766,14155.96875,E,1195.31640625
226,234,745A6287,316,1.316851258277893,46.39548873901367,12.260329246520996,5477.3427734375,E,1190.7547607421875
227,228,745A6287,317,0.009570875205099583,2.5920000076293945,32.9133186340332,2205.302734375,E,1142.1995849609375
228,241,745A6287,318,0.5104493498802185,60.61333084106445,19.042560577392578,17262.69921875,E,1119.1187744140625
228,250,745A6287,319,0.35982513427734375,78.12841033935547,29.795392990112305,54474.98046875,E,1108.6439208984375
229,231,745A6287,320,0.07303248345851898,18.328208923339844,31.60207176208496,14376.0966796875,E,1144.3568115234375
230,243,745A6287,321,0.16997259855270386,47.913848876953125,27.465038299560547,28386.466796875,E,1638.331787109375
231,239,745A6287,322,0.3133247494697571,65.16841125488281,29.562664031982422,44731.5703125,E,1120.0281982421875
231,254,745A6287,323,0.36612313985824585,69.27877044677734,21.325551986694336,24745.181640625,E,1107.2841796875
232,234,745A6287,324,0.0753612220287323,15.107283592224121,17.022497177124023,3438.134033203125,E,1178.6856689453125
232,296,745A6287,325,0.8565407395362854,145.07568359375,24.66725730895996,69330.796875,E,1124.2747802734375
233,237,745A6287,326,0.07810590416193008,30.214567184448242,29.149471282958984,20163.578125,E,1318.2496337890625
234,275,745A6287,327,0.666741132736206,127.03963470458984,26.938934326171875,72408.5703125,E,1117.479736328125
235,339,745A6287,328,0.9736872911453247,214.35446166992188,30.909648895263672,160846.09375,E,1088.8984375
236,266,745A6287,329,0.47910234332084656,102.2695541381836,29.686485290527344,70787.046875,E,1080.542724609375
236,319,745A6287,330,1.958849549293518,208.28102111816406,22.964235305786133,86266.7734375,E,1040.8931884765625
237,238,745A6287,331,0.05462942272424698,10.99692440032959,28.359527587890625,6946.3896484375,E,1303.0224609375
238,246,745A6287,332,0.09527309983968735,31.2882080078125,16.975059509277344,7080.97705078125,E,1289.813232421875
238,308,745A6287,333,0.8099619150161743,178.1743621826172,29.699012756347656,123429.546875,E,1211.8587646484375
239,240,745A6287,334,0.025021087378263474,7.331283092498779,34.2347297668457,6748.4443359375,E,1100.878662109375
240,241,745A6287,335,0.017777100205421448,5.184000015258789,34.13985824584961,4745.45947265625,E,1097.728515625
240,281,745A6287,336,0.20733346045017242,87.42277526855469,32.261756896972656,71464.5234375,E,1060.608642578125
241,250,745A6287,337,0.27945032715797424,71.87076568603516,28.45689582824707,45710.6328125,E,1080.1585693359375
242,245,745A6287,338,0.04797062277793884,9.923283576965332,28.75595474243164,6444.67236328125,E,1192.8323974609375
242,256,745A6287,339,0.1600925773382187,43.358768463134766,27.343059539794922,25460.15234375,E,1174.5364990234375
243,293,745A6287,340,0.9630324840545654,221.1647186279297,30.998916625976562,166916.3125,E,1520.01025390625
244,294,745A6287,341,0.43864020705223083,100.38279724121094,30.42747688293457,72992.9765625,E,1035.51416015625
245,251,745A6287,342,0.18007011711597443,31.732921600341797,26.7213191986084,17795.724609375,E,1196.083251953125
245,255,745A6287,343,0.2174953669309616,25.475284576416016,19.388452529907227,7521.33984375,E,1182.7703857421875
246,253,745A6287,344,0.977940559387207,102.71427154541016,22.85727310180664,42147.27734375,E,1309.4666748046875
246,259,745A6287,345,0.26471132040023804,33.88020706176758,16.96053695678711,7654.47021484375,E,1267.0518798828125
247,258,745A6287,346,0.022055836394429207,29.14092445373535,21.681320190429688,10758.8203125,E,1436.7252197265625
249,311,745A6287,347,0.5726954936981201,134.2629852294922,31.045610427856445,101635.7734375,E,1456.883544921875
250,270,745A6287,348,0.19798144698143005,47.913848876953125,31.123136520385742,36451.6875,E,1053.3070068359375
251,252,745A6287,349,0.2884375751018524,56.134559631347656,28.256914138793945,35202.1875,E,1211.6568603515625
251,255,745A6287,350,0.09542649239301682,31.2882080078125,16.521034240722656,6707.2587890625,E,1183.25439453125
252,288,745A6287,351,0.3703852891921997,81.34933471679688,27.544584274291992,48474.8359375,E,1186.513916015625
253,263,745A6287,352,0.35600826144218445,85.45968627929688,31.030393600463867,64628.74609375,E,1335.67041015625
253,289,745A6287,353,0.5180140137672424,76.61004638671875,22.752674102783203,31148.7421875,E,1301.814453125
254,280,745A6287,354,0.16366860270500183,57.837127685546875,31.41474723815918,44829.484375,E,1052.2728271484375
255,256,745A6287,355,0.2598317861557007,36.91692352294922,20.07416534423828,11683.96875,E,1162.21484375
256,260,745A6287,356,0.05982259660959244,10.99692440032959,27.078777313232422,6333.1416015625,E,1151.5390625
257,258,745A6287,357,0.13760218024253845,24.401639938354492,22.106782913208008,9366.1259765625,E,1418.4873046875
257,276,745A6287,358,0.17127124965190887,42.7298469543457,24.528568267822266,20191.361328125,E,1398.4930419921875
258,284,745A6287,359,0.2043153941631317,42.100921630859375,29.381084442138672,28544.150390625,E,1412.0477294921875
259,285,745A6287,360,0.6599776744842529,106.82463836669922,26.658214569091797,59624.31640625,E,1265.15966796875
259,373,745A6287,361,0.8762531280517578,210.6888427734375,31.127079010009766,160327.546875,E,1157.54638671875
260,267,745A6287,362,0.13451173901557922,33.88020324707031,23.300411224365234,14446.5146484375,E,1135.343017578125
260,282,745A6287,363,0.2737879455089569,53.726768493652344,20.60272979736328,17911.42578125,E,1125.3939208984375
261,272,745A6287,364,0.3291594982147217,89.38585662841797,32.95952224731445,76264.1640625,E,1273.915771484375
261,277,745A6287,365,0.21360473334789276,39.6931266784668,22.552940368652344,15856.654296875,E,1299.2879638671875
262,266,745A6287,366,0.025811977684497833,7.331283092498779,33.7061653137207,6541.6689453125,E,1045.080078125
262,309,745A6287,367,0.39438748359680176,102.4537582397461,30.339014053344727,74066.3046875,E,1010.433349609375
263,268,745A6287,368,0.5159325003623962,74.64697265625,20.000078201293945,23451.22265625,E,1368.42138671875
263,271,745A6287,369,0.08848722279071808,19.84656524658203,29.91327476501465,13947.7177734375,E,1347.1298828125
264,316,745A6287,370,2.579970598220825,221.7173309326172,26.29473876953125,120400.2109375,E,1503.1453857421875
265,290,745A6287,371,0.1313900202512741,47.0244140625,29.80743408203125,32814.25,E,1038.14013671875
266,324,745A6287,372,0.5583849549293518,103.86420440673828,23.867435455322266,46469.42578125,E,994.271484375
267,274,745A6287,373,0.058360062539577484,11.441641807556152,27.997669219970703,7044.04296875,E,1117.571044921875
268,271,745A6287,374,0.08377914130687714,16.625642776489258,28.20850944519043,10390.3125,E,1353.71826171875
268,276,745A6287,375,0.319644570350647,68.20513153076172,29.529319763183594,46710.42578125,E,1370.8934326171875
269,272,745A6287,376,0.16230423748493195,41.02728271484375,31.85237693786621,32692.36328125,E,1232.05029296875
269,273,745A6287,377,0.2121916264295578,54.616207122802734,32.17840576171875,44416.10546875,E,1205.7503662109375
270,300,745A6287,378,0.3208862841129303,59.984413146972656,20.288753509521484,19392.732421875,E,1007.4050903320312
270,302,745A6287,379,0.31192800402641296,70.53661346435547,27.96056365966797,43310.8125,E,1008.8004760742188
272,312,745A6287,380,0.25276851654052734,77.49948120117188,27.828706741333008,47138.38671875,E,1216.822509765625
273,325,745A6287,381,0.8095099925994873,228.31178283691406,33.59530258178711,202383.609375,E,1111.7344970703125
274,282,745A6287,382,0.07505712658166885,13.588924407958984,26.93240737915039,7741.50341796875,E,1109.4710693359375
274,298,745A6287,383,0.6416642665863037,64.72368621826172,17.078399658203125,14826.80078125,E,1090.641845703125
275,291,745A6287,384,0.2569400370121002,61.50277328491211,27.479942321777344,36476.7578125,E,1037.8861083984375
275,295,745A6287,385,0.4020407795906067,87.60697937011719,27.066917419433594,50408.78125,E,1059.04638671875
276,286,745A6287,386,0.04196935147047043,10.99692440032959,32.3695068359375,9049.6806640625,E,1388.2694091796875
277,279,745A6287,387,0.03208859637379646,6.257641315460205,27.742868423461914,3782.712158203125,E,1299.552978515625
277,287,745A6287,388,0.036547720432281494,17.699283599853516,16.842918395996094,3943.485595703125,E,1290.986328125
278,326,745A6287,389,1.4425197839736938,86.79385375976562,16.491357803344727,18539.228515625,E,987.0587158203125
279,287,745A6287,390,0.19936303794384003,20.920207977294922,17.280000686645508,4906.1787109375,E,1290.0496826171875
279,311,745A6287,391,0.9227160215377808,240.9033660888672,32.362491607666016,198160.296875,E,1352.854736328125
280,281,745A6287,392,0.08489114046096802,25.47528076171875,34.64537811279297,24015.935546875,E,1022.728271484375
280,290,745A6287,393,0.10466042906045914,31.2882080078125,34.580326080322266,29385.205078125,E,1021.062744140625
281,304,745A6287,394,0.17094820737838745,51.76368713378906,34.787437438964844,49199.41796875,E,1003.7054443359375
282,299,745A6287,395,0.16732724010944366,29.58563995361328,26.695907592773438,16559.99609375,E,1092.1527099609375
283,299,745A6287,396,1.5501805543899536,96.45661926269531,15.667952537536621,18597.15234375,E,1101.5787353515625
284,286,745A6287,397,0.0337478443980217,8.849641799926758,32.38475036621094,7289.482421875,E,1392.1676025390625
284,322,745A6287,398,0.30187278985977173,86.53333282470703,26.985689163208008,49492.609375,E,1380.91162109375
285,289,745A6287,399,0.13362912833690643,23.956926345825195,27.440189361572266,14167.5634765625,E,1274.9052734375
285,391,745A6287,400,1.2651138305664062,241.64019775390625,28.045711517333984,149276.6875,E,1165.673095703125
286,367,745A6287,401,0.8105101585388184,194.24740600585938,29.991546630859375,137228.03125,E,1308.4068603515625
287,312,745A6287,402,0.49760058522224426,100.75119018554688,30.05767059326172,71490.890625,E,1238.9635009765625
288,301,745A6287,403,0.18722274899482727,32.99077224731445,26.596969604492188,18329.333984375,E,1132.688720703125
288,308,745A6287,404,0.15528544783592224,43.358768463134766,19.44711685180664,12878.8564453125,E,1139.14599609375
289,292,745A6287,405,0.0537479929625988,12.51528263092041,30.477855682373047,9130.6005859375,E,1276.67236328125
290,313,745A6287,406,0.20590168237686157,61.05805206298828,34.46242141723633,56954.0234375,E,1000.1970825195312
291,317,745A6287,407,0.23913173377513885,50.95056915283203,29.295751571655273,34343.7890625,E,999.4949340820312
292,306,745A6287,408,0.12860220670700073,27.17784881591797,29.111717224121094,18090.083984375,E,1273.125244140625
292,310,745A6287,409,0.17819082736968994,36.027488708496094,12.231529235839844,4233.36181640625,E,1257.2669677734375
293,322,745A6287,410,0.22336547076702118,67.76040649414062,30.74258804321289,50297.53515625,E,1397.6566162109375
294,300,745A6287,411,0.03964974358677864,10.99692440032959,33.28941345214844,9571.3544921875,E,986.302001953125
294,309,745A6287,412,0.13869225978851318,55.2451286315918,25.90729522705078,29122.45703125,E,982.230712890625
295,296,745A6287,413,0.04056217893958092,10.368000030517578,31.961904525756836,8318.5986328125,E,1057.25244140625
295,317,745A6287,414,0.6466788053512573,144.815185546875,28.456445693969727,92101.203125,E,1006.470458984375
296,297,745A6287,415,0.014302079565823078,3.6656415462493896,32.01882553100586,2951.553466796875,E,1058.326416015625
297,298,745A6287,416,0.03232190012931824,10.368000030517578,30.997270584106445,7824.05322265625,E,1059.4488525390625
297,303,745A6287,417,0.03462868928909302,8.849641799926758,31.962919235229492,7100.8193359375,E,1054.1824951171875
298,305,745A6287,418,0.499532014131546,53.54256820678711,20.844907760620117,18272.125,E,1064.6053466796875
299,305,745A6287,419,0.04412008821964264,8.849641799926758,28.318870544433594,5574.005859375,E,1074.689208984375
300,327,745A6287,420,0.1322222799062729,54.6161994934082,32.929290771484375,46513.1875,E,957.78466796875
301,315,745A6287,421,0.10120724141597748,45.50605392456055,23.374759674072266,19527.802734375,E,1109.4564208984375
301,329,745A6287,422,0.42156970500946045,105.93518829345703,29.036211013793945,70147.1484375,E,1072.3021240234375
302,304,745A6287,423,0.04309861734509468,26.993640899658203,34.6785888671875,25496.125,E,983.0712280273438
302,323,745A6287,424,0.20401474833488464,51.134769439697266,31.871740341186523,40796.015625,E,961.28955078125
303,330,745A6287,425,0.610133945941925,76.34953308105469,19.357955932617188,22470.630859375,E,1039.435791015625
303,343,745A6287,426,0.47251465916633606,78.75733184814453,27.099103927612305,45424.55859375,E,1014.2175903320312
304,307,745A6287,427,0.02408807910978794,7.331283092498779,34.99369430541992,7050.97900390625,E,980.6561279296875
305,329,745A6287,428,0.22057148814201355,49.43220901489258,30.10221290588379,35180.07421875,E,1053.12841796875
306,310,745A6287,429,0.23742569983005524,25.03056526184082,18.259201049804688,6554.2666015625,E,1257.919677734375
306,332,745A6287,430,0.24283471703529358,58.021331787109375,31.126590728759766,44151.015625,E,1263.65185546875
307,1017,745A6287,431,3.1776840686798096,978.3692626953125,35.800079345703125,984828.5625,F,489.1863098144531
308,315,745A6287,432,0.1552412509918213,32.361846923828125,28.8714599609375,21186.5703125,E,1116.4510498046875
309,321,745A6287,433,0.13293147087097168,36.027488708496094,33.01496505737305,30842.21484375,E,955.6712646484375
310,355,745A6287,434,0.34041842818260193,74.90748596191406,26.457805633544922,41183.453125,E,1219.0125732421875
311,318,745A6287,435,0.060015592724084854,17.254566192626953,30.10785484313965,12284.388671875,E,1404.9368896484375
312,431,745A6287,436,1.488173007965088,371.4560241699219,31.621309280395508,291713.8125,E,1017.9956665039062
313,1017,745A6287,437,3.2617905139923096,978.969970703125,35.800079345703125,985433.25,F,489.4859619140625
314,1017,745A6287,438,3.2724175453186035,978.8189697265625,35.800079345703125,985281.25,F,489.4087219238281
315,334,745A6287,439,0.10026204586029053,23.956926345825195,31.00687026977539,18089.927734375,E,1090.2908935546875
316,318,745A6287,440,0.03788097947835922,8.849641799926758,30.56018829345703,6491.2392578125,E,1407.0635986328125
316,335,745A6287,441,0.3941706418991089,96.71713256835938,31.342723846435547,74621.9765625,E,1435.98193359375
317,319,745A6287,442,0.017240874469280243,3.6656415462493896,29.162540435791016,2448.4462890625,E,974.7319946289062
318,363,745A6287,443,0.36656638979911804,80.90460968017578,27.202598571777344,47020.140625,E,1367.19189453125
319,353,745A6287,444,0.3035808801651001,53.72676467895508,26.885648727416992,30501.53125,E,949.7280883789062
320,411,745A6287,445,1.4420665502548218,259.5237121582031,27.266571044921875,151540.234375,E,1013.2603759765625
321,327,745A6287,446,0.11533277481794357,33.88020324707031,34.244895935058594,31205.244140625,E,936.2304077148438
321,333,745A6287,447,0.26954185962677,58.9107666015625,26.05010986328125,31398.123046875,E,932.2728881835938
322,439,745A6287,448,1.451397180557251,350.6883850097656,31.1365966796875,267026.0,E,1222.759765625
323,1017,745A6287,449,3.002152442932129,940.03515625,35.800079345703125,946241.375,F,470.019287109375
324,328,745A6287,450,0.060203928500413895,9.923283576965332,25.579483032226562,5099.513671875,E,943.1199951171875
324,336,745A6287,451,0.10033249855041504,18.328208923339844,26.97374153137207,10473.5107421875,E,938.0201416015625
325,341,745A6287,452,0.21957987546920776,39.6931266784668,28.106197357177734,24626.87890625,E,1010.5816650390625
325,348,745A6287,453,0.7766284346580505,36.47220993041992,15.257224082946777,6668.1142578125,E,1013.4651489257812
326,328,745A6287,454,0.20963716506958008,21.809640884399414,14.958381652832031,3832.724609375,E,943.0298461914062
326,337,745A6287,455,0.1578572392463684,17.254566192626953,16.624378204345703,3745.283935546875,E,941.548095703125
327,344,745A6287,456,0.08519349992275238,26.10420799255371,35.02758026123047,25154.7890625,E,922.8478393554688
328,351,745A6287,457,0.3519192337989807,33.251285552978516,16.513290405273438,7121.40283203125,E,926.0247192382812
329,331,745A6287,458,0.014587794430553913,3.6656415462493896,31.703716278076172,2893.744873046875,E,1032.425048828125
330,331,745A6287,459,0.03144132345914841,7.776000022888184,31.44451904296875,6038.59716796875,E,1029.03466796875
330,347,745A6287,460,0.40321505069732666,93.680419921875,27.635196685791016,56190.625,E,998.7099609375
331,378,745A6287,461,0.415315181016922,100.7511978149414,28.83915138244629,65811.9921875,E,1005.0861206054688
332,356,745A6287,462,0.26225730776786804,63.2053337097168,27.810636520385742,38394.1875,E,1228.227294921875
332,367,745A6287,463,0.2998608648777008,74.64697265625,31.59275245666504,58516.3203125,E,1247.832275390625
333,336,745A6287,464,0.13277070224285126,31.73292350769043,22.339120864868164,12437.4716796875,E,933.32373046875
333,349,745A6287,465,0.07276845723390579,28.69620704650879,20.227766036987305,9221.6826171875,E,919.6657104492188
334,373,745A6287,466,0.515438973903656,120.59777069091797,30.852554321289062,90159.484375,E,1074.375244140625
334,381,745A6287,467,0.42197084426879883,107.45355987548828,30.270492553710938,77330.296875,E,1030.390869140625
335,338,745A6287,468,1.1214998960494995,240.0902557373047,29.334640502929688,162265.40625,E,1554.4326171875
335,364,745A6287,469,0.6323574781417847,59.35548400878906,18.418447494506836,15814.546875,E,1443.8912353515625
336,340,745A6287,470,0.033898770809173584,6.257641315460205,27.18720245361328,3632.70068359375,E,928.4635009765625
337,342,745A6287,471,0.7262097597122192,74.64697265625,20.10150718688965,23689.685546875,E,950.7286987304688
337,346,745A6287,472,0.2713640332221985,34.95384979248047,17.561708450317383,8466.783203125,E,931.4926147460938
338,345,745A6287,473,0.15230703353881836,13.588926315307617,17.996612548828125,3456.6591796875,E,1640.670654296875
338,354,745A6287,474,0.5148449540138245,58.4660530090332,23.78862190246582,25985.5703125,E,1652.4830322265625
339,1017,745A6287,475,3.3442704677581787,990.0829467773438,35.800079345703125,996619.5625,F,495.0432434082031
340,349,745A6287,476,0.09701747447252274,24.585847854614258,26.8754825592041,13947.2197265625,E,916.3247680664062
340,352,745A6287,477,0.07977493107318878,29.325130462646484,27.111303329467773,16928.97265625,E,916.9429321289062
341,1017,745A6287,478,3.358248710632324,994.1561889648438,35.800079345703125,1000719.75,F,497.0799255371094
342,346,745A6287,479,0.03871893510222435,7.331283092498779,27.498916625976562,4354.12646484375,E,931.2764282226562
342,353,745A6287,480,0.1805865615606308,32.361846923828125,26.799711227416992,18255.06640625,E,928.3496704101562
343,347,745A6287,481,0.032079245895147324,7.331283092498779,30.22983741760254,5261.88671875,E,977.187744140625
343,362,745A6287,482,0.7188265323638916,121.74771881103516,25.1597900390625,60529.171875,E,951.1328735351562
344,1017,745A6287,483,2.8709940910339355,912.5643920898438,35.800079345703125,918589.25,F,456.283447265625
345,354,745A6287,484,0.25335198640823364,18.328208923339844,14.952281951904297,3218.28759765625,E,1643.06640625
346,360,745A6287,485,0.07568755000829697,26.10420799255371,25.610992431640625,13447.8603515625,E,916.7025756835938
347,370,745A6287,486,0.3010476529598236,59.53969192504883,28.43121910095215,37799.6171875,E,949.685546875
348,1017,745A6287,487,3.376152276992798,1000.6127319335938,35.800079345703125,1007218.875,F,500.30816650390625
349,366,745A6287,488,0.21433334052562714,54.35569381713867,32.006866455078125,43734.203125,E,890.28955078125
350,424,745A6287,489,1.044210433959961,238.31137084960938,30.777996063232422,177302.6875,E,1143.445556640625
351,352,745A6287,490,0.019437912851572037,3.6656415462493896,27.465036392211914,2171.701904296875,E,909.4511108398438
351,360,745A6287,491,0.3796042799949646,51.57948684692383,23.573081970214844,22511.25,E,906.114990234375
352,385,745A6287,492,0.3846921920776367,81.79405212402344,29.865360260009766,57299.01171875,E,872.5963134765625
353,357,745A6287,493,0.035403087735176086,6.257641315460205,26.590871810913086,3475.0869140625,E,922.4783325195312
354,365,745A6287,494,0.2804369032382965,59.984413146972656,29.438003540039062,40826.76953125,E,1616.0927734375
355,356,745A6287,495,0.02713935263454914,7.776000022888184,27.6547794342041,4670.7490234375,E,1196.3896484375
355,392,745A6287,496,0.5418493151664734,101.82483673095703,27.421833038330078,60136.28125,E,1147.90673828125
356,407,745A6287,497,0.9825078248977661,143.1126251220703,27.6658878326416,86031.4140625,E,1160.1302490234375
357,362,745A6287,498,0.10211852937936783,25.030563354492188,25.181365966796875,12465.7685546875,E,919.27392578125
357,371,745A6287,499,0.23183931410312653,41.21148681640625,26.948089599609375,23505.208984375,E,901.878662109375
358,382,745A6287,500,1.6994611024856567,110.22976684570312,17.54248809814453,26642.265625,E,1355.6580810546875
359,361,745A6287,501,1.880843162536621,35.398563385009766,16.92658233642578,7965.51904296875,E,997.7408447265625
359,1017,745A6287,502,3.3424057960510254,991.1646728515625,35.800079345703125,997708.4375,F,495.5826110839844
360,371,745A6287,503,0.22389547526836395,36.656410217285156,19.611106872558594,11072.4580078125,E,895.268798828125
362,369,745A6287,504,0.2289775311946869,22.438568115234375,17.141080856323242,5177.99267578125,E,907.8433837890625
363,368,745A6287,505,1.6126983165740967,63.65005111694336,13.046699523925781,8509.2236328125,E,1315.09375
363,374,745A6287,506,0.17040657997131348,25.03056526184082,24.30719757080078,11615.296875,E,1320.640625
364,365,745A6287,507,1.2181036472320557,226.86973571777344,26.913393020629883,129063.484375,E,1515.477294921875
364,379,745A6287,508,0.12481287121772766,44.432411193847656,30.14626121520996,31714.412109375,E,1404.604736328125
365,399,745A6287,509,0.49931731820106506,129.00270080566406,32.138771057128906,104651.9296875,E,1530.8721923828125
366,1017,745A6287,510,2.778419256210327,872.1608276367188,35.800079345703125,877918.9375,F,436.080810546875
367,419,745A6287,511,1.1238967180252075,177.43753051757812,23.25301170349121,75351.828125,E,1175.390625
368,384,745A6287,512,1.4352222681045532,52.83733367919922,11.717135429382324,5697.35986328125,E,1294.672607421875
368,388,745A6287,513,0.9063820838928223,48.98748779296875,13.59892463684082,7115.15234375,E,1269.53125
369,375,745A6287,514,0.11671347171068192,13.588924407958984,21.646759033203125,5001.044921875,E,896.8037109375
369,377,745A6287,515,0.20011013746261597,29.769847869873047,12.40093994140625,3595.6357421875,E,891.033203125
370,386,745A6287,516,0.15966129302978516,54.35569381713867,26.509553909301758,30001.28125,E,901.4273681640625
370,397,745A6287,517,0.6923057436943054,160.5513916015625,30.911062240600586,120484.6796875,E,917.534423828125
371,376,745A6287,518,0.044268518686294556,9.923283576965332,29.919811248779297,6976.90771484375,E,881.3963012695312
372,401,745A6287,519,1.9239892959594727,114.34011840820312,16.030420303344727,23076.9453125,E,1076.842529296875
373,391,745A6287,520,0.16452595591545105,47.91384506225586,28.820329666137695,31257.107421875,E,1059.2198486328125
374,382,745A6287,521,0.6630663275718689,26.10420799255371,10.6898832321167,2342.860107421875,E,1309.0970458984375
374,387,745A6287,522,0.7395734786987305,42.28512954711914,16.077661514282227,8584.6650390625,E,1289.6334228515625
375,380,745A6287,523,0.05610566586256027,23.512208938598633,21.217130661010742,8312.9775390625,E,884.6026611328125
375,383,745A6287,524,0.24383828043937683,40.76676940917969,26.09202003479004,21797.74609375,E,888.6096801757812
376,377,745A6287,525,0.10282377153635025,25.475284576416016,26.108774185180664,13638.9794921875,E,877.7042846679688
376,398,745A6287,526,0.26958969235420227,70.53661346435547,32.436500549316406,58287.10546875,E,846.7229614257812
377,380,745A6287,527,0.2541557550430298,27.17784881591797,20.909931182861328,9332.7607421875,E,874.28125
378,381,745A6287,528,0.0488775297999382,17.254566192626953,30.001131057739258,12197.4541015625,E,980.5845947265625
378,397,745A6287,529,0.2113085389137268,62.76061248779297,25.110889434814453,31081.44921875,E,951.9608154296875
379,396,745A6287,530,0.3692300617694855,90.19898223876953,31.406227111816406,69875.1953125,E,1403.19189453125
379,404,745A6287,531,0.5534945130348206,128.373779296875,30.55658721923828,94140.3671875,E,1326.813232421875
380,386,745A6287,532,0.35138139128685,47.28492736816406,19.868614196777344,14660.4658203125,E,871.07958984375
381,406,745A6287,533,0.3163677155971527,74.01805114746094,30.657567977905273,54639.0234375,E,961.8143310546875
382,384,745A6287,534,0.24148812890052795,10.99692440032959,13.503811836242676,1574.975830078125,E,1301.1026611328125
383,386,745A6287,535,0.01256495900452137,2.5920000076293945,28.7254581451416,1679.8046875,E,877.4647827148438
384,389,745A6287,536,0.17897801101207733,10.99692440032959,15.587577819824219,2098.54541015625,E,1290.15087890625
385,1017,745A6287,537,2.7327558994293213,836.8949584960938,35.800079345703125,842420.25,F,418.4488830566406
386,390,745A6287,538,0.030588068068027496,11.441641807556152,28.610260009765625,7355.66357421875,E,872.0092163085938
387,389,745A6287,539,0.23595364391803741,22.883283615112305,12.553412437438965,2832.25146484375,E,1278.40576171875
387,393,745A6287,540,0.27487146854400635,16.180925369262695,15.914542198181152,3218.707763671875,E,1264.67626953125
388,393,745A6287,541,0.4415026307106018,22.438568115234375,11.888641357421875,2490.861083984375,E,1253.2796630859375
388,405,745A6287,542,0.7849866151809692,47.913848876953125,14.325979232788086,7723.24072265625,E,1229.5833740234375
389,394,745A6287,543,0.13613298535346985,16.180925369262695,16.136470794677734,3309.103515625,E,1278.2110595703125
390,408,745A6287,544,0.4690835177898407,101.38011169433594,29.528141021728516,69424.8359375,E,853.0497436523438
390,409,745A6287,545,0.3625722825527191,90.38318634033203,32.12627410888672,73265.2890625,E,826.269775390625
391,401,745A6287,546,0.13823188841342926,31.73292350769043,30.29082489013672,22867.68359375,E,1037.3597412109375
392,416,745A6287,547,0.7027814388275146,112.82176971435547,23.63971710205078,49518.484375,E,1046.364013671875
392,426,745A6287,548,1.6688203811645508,153.66482543945312,19.252426147460938,44733.75,E,1047.677978515625
393,395,745A6287,549,0.062270451337099075,6.257641315460205,20.031248092651367,1972.043701171875,E,1256.8302001953125
394,395,745A6287,550,0.13809262216091156,20.291284561157227,18.402183532714844,5396.822265625,E,1262.4056396484375
394,404,745A6287,551,0.19355100393295288,32.361846923828125,19.19774055480957,9367.494140625,E,1269.0233154296875
395,405,745A6287,552,0.48446130752563477,44.87712860107422,19.27228355407715,13091.2548828125,E,1234.92041015625
396,399,745A6287,553,0.2895088195800781,69.27876281738281,24.235565185546875,31959.228515625,E,1450.54248046875
396,410,745A6287,554,0.36846283078193665,81.08881378173828,29.81816291809082,56625.57421875,E,1388.4801025390625
397,400,745A6287,555,0.022964077070355415,6.257641315460205,33.01496505737305,5357.00732421875,E,921.310791015625
398,1017,745A6287,556,2.704084873199463,816.3853759765625,35.800079345703125,821775.25,F,408.1947937011719
399,432,745A6287,557,0.6822096109390259,182.4689178466797,31.078588485717773,138420.796875,E,1386.231201171875
400,406,745A6287,558,0.2487192004919052,81.16513061523438,27.95413589477539,49814.015625,E,926.212158203125
400,412,745A6287,559,0.3096493184566498,74.20225524902344,31.06864356994629,56253.76171875,E,886.2166748046875
401,402,745A6287,560,0.01549824420362711,3.6656415462493896,30.758399963378906,2723.750732421875,E,1026.976806640625
402,415,745A6287,561,0.39151132106781006,75.27589416503906,28.04486656188965,46499.95703125,E,989.3258666992188
402,416,745A6287,562,0.2972986400127411,64.53948974609375,26.723546981811523,36199.5859375,E,1009.9368896484375
403,434,745A6287,563,0.7852901220321655,189.80020141601562,31.20673942565918,145172.171875,E,1017.9729614257812
404,417,745A6287,564,0.40980014204978943,87.79117584228516,26.639270782470703,48931.1484375,E,1223.0811767578125
405,414,745A6287,565,0.4808696210384369,67.94461059570312,20.728376388549805,22928.490234375,E,1184.6951904296875
406,425,745A6287,566,0.41101670265197754,105.7509994506836,32.088279724121094,85519.9140625,E,914.9028930664062
407,419,745A6287,567,0.3284929692745209,66.24205017089844,25.653457641601562,34238.55859375,E,1113.145263671875
407,426,745A6287,568,0.6944307088851929,130.26055908203125,27.853967666625977,79373.7578125,E,1061.89501953125
408,412,745A6287,569,0.33408236503601074,61.94748306274414,20.026317596435547,19512.626953125,E,846.8667602539062
408,418,745A6287,570,0.24591362476348877,48.98748779296875,24.315824508666992,22748.515625,E,817.905517578125
409,1017,745A6287,571,2.6475558280944824,787.046630859375,35.800079345703125,792242.8125,F,393.5254821777344
410,417,745A6287,572,1.0144766569137573,199.2471923828125,29.309494018554688,134430.78125,E,1264.432373046875
410,441,745A6287,573,0.8957067131996155,144.73892211914062,24.596500396728516,68773.6171875,E,1284.84912109375
411,1017,745A6287,574,2.9597554206848145,891.4671630859375,35.800079345703125,897352.75,F,445.7251892089844
412,421,745A6287,575,0.2062395215034485,47.4691276550293,30.41788101196289,34495.23046875,E,829.195068359375
413,418,745A6287,576,0.4090048372745514,109.8613510131836,32.92241287231445,93522.9375,E,793.5040893554688
413,1017,745A6287,577,2.6339142322540283,781.173095703125,35.800079345703125,786330.5,F,390.5886535644531
414,420,745A6287,578,0.2828696072101593,51.134769439697266,22.650663375854492,20604.783203125,E,1161.66845703125
414,424,745A6287,579,0.38558489084243774,65.35261535644531,23.02509117126465,27211.693359375,E,1121.7025146484375
415,427,745A6287,580,0.2505394518375397,64.27897644042969,27.338991165161133,37733.21484375,E,924.1998291015625
415,449,745A6287,581,0.7192615866661072,133.37353515625,26.10917854309082,71407.8515625,E,929.2764892578125
416,435,745A6287,582,0.41393423080444336,90.45948791503906,29.62180519104004,62340.03515625,E,969.2429809570312
417,420,745A6287,583,0.057620689272880554,14.662566184997559,31.852123260498047,11683.5986328125,E,1178.345703125
418,422,745A6287,584,0.10064136981964111,42.72984313964844,22.89498519897461,17591.4609375,E,800.622314453125
418,428,745A6287,585,0.2745057940483093,54.17148971557617,28.434429168701172,34399.3046875,E,777.7861328125
419,423,745A6287,586,0.09135083854198456,17.699283599853516,27.84548568725586,10778.421875,E,1098.1842041015625
420,450,745A6287,587,0.5092089176177979,115.41375732421875,30.10898780822754,82175.0078125,E,1118.02685546875
421,422,745A6287,588,0.03169438987970352,7.331283092498779,30.406023025512695,5323.400390625,E,802.85546875
421,430,745A6287,589,0.186456561088562,38.61948776245117,24.688941955566406,18488.486328125,E,798.0491943359375
422,428,745A6287,590,0.1604316234588623,31.917129516601562,28.416452407836914,20242.0,E,784.3703002929688
423,429,745A6287,591,0.8329289555549622,122.19241333007812,24.682048797607422,58465.078125,E,1040.831787109375
423,437,745A6287,592,0.3866446316242218,65.16840362548828,23.308269500732422,27806.544921875,E,1065.903564453125
424,438,745A6287,593,0.3527267873287201,68.57353210449219,23.92365074157715,30824.875,E,1057.4202880859375
425,427,745A6287,594,0.04861791804432869,12.51528263092041,32.06354904174805,10105.404296875,E,890.7535400390625
425,447,745A6287,595,0.35700392723083496,88.86480712890625,28.870420455932617,58173.59765625,E,845.1427001953125
426,429,745A6287,596,0.04256553202867508,8.849641799926758,28.822025299072266,5773.83740234375,E,995.2990112304688
427,452,745A6287,597,0.3339945375919342,76.61004638671875,30.392473220825195,55578.609375,E,876.1148681640625
428,430,745A6287,598,0.2909509539604187,49.43220520019531,23.388206481933594,21237.025390625,E,776.2369995117188
429,436,745A6287,599,0.22123022377490997,48.098052978515625,29.67552375793457,33267.0390625,E,971.7161254882812
430,451,745A6287,600,0.918450117111206,89.38585662841797,22.963123321533203,37018.65234375,E,785.7904052734375
431,1017,745A6287,601,2.7539262771606445,844.5505981445312,35.800079345703125,850126.4375,F,422.2734680175781
432,433,745A6287,602,1.344116449356079,358.24859619140625,32.78171157836914,302369.25,E,1459.674072265625
432,445,745A6287,603,0.24422231316566467,59.094974517822266,31.27680206298828,45403.05859375,E,1280.30224609375
434,438,745A6287,604,0.06968951225280762,15.107283592224121,29.44376564025879,10286.390625,E,1019.5628662109375
434,443,745A6287,605,0.17835135757923126,30.843490600585938,22.208431243896484,11947.8330078125,E,1001.1306762695312
435,436,745A6287,606,0.01424774993211031,3.6656415462493896,32.07981491088867,2962.80859375,E,948.144287109375
435,453,745A6287,607,0.26696547865867615,46.57969284057617,24.38106346130371,21746.623046875,E,925.7857055664062
436,471,745A6287,608,0.3374033272266388,83.75713348388672,28.588842391967773,53765.63671875,E,929.8292236328125
437,440,745A6287,609,0.09085966646671295,12.51528263092041,23.407283782958984,5385.58154296875,E,1031.1158447265625
437,444,745A6287,610,0.18845738470554352,23.512208938598633,20.39717674255371,7682.869140625,E,1037.4921875
438,456,745A6287,611,0.2504459023475647,37.54584503173828,25.119335174560547,18606.64453125,E,1008.8784790039062
439,459,745A6287,612,0.21545341610908508,42.9140510559082,28.387678146362305,27161.212890625,E,1057.177001953125
439,480,745A6287,613,0.6458455324172974,100.56697845458984,24.009708404541016,45532.24609375,E,1070.021484375
440,442,745A6287,614,0.04798640310764313,6.257641315460205,22.76894187927246,2547.9228515625,E,1022.8135375976562
440,444,745A6287,615,0.03496861830353737,25.03056526184082,17.219013214111328,5828.77197265625,E,1031.107666015625
441,454,745A6287,616,0.10333731770515442,31.917129516601562,16.91407012939453,7171.4990234375,E,1225.338134765625
441,455,745A6287,617,0.5811383724212646,109.67713928222656,27.636310577392578,65790.9453125,E,1172.7093505859375
442,448,745A6287,618,0.10433276742696762,32.361846923828125,15.748517036437988,6303.80126953125,E,1026.00830078125
442,471,745A6287,619,0.7958707213401794,119.52410888671875,24.021739959716797,54169.4375,E,961.3231811523438
443,446,745A6287,620,0.03705430403351784,3.6656415462493896,19.892330169677734,1139.2294921875,E,987.1845092773438
443,460,745A6287,621,0.15150459110736847,33.88020324707031,17.203765869140625,7875.58740234375,E,973.4976806640625
444,448,745A6287,622,0.035106342285871506,6.257641315460205,26.672189712524414,3496.374267578125,E,1035.6014404296875
445,454,745A6287,623,0.101281076669693,25.03056526184082,31.41571807861328,19402.357421875,E,1241.0238037109375
445,465,745A6287,624,0.5445775985717773,138.3733367919922,30.403764724731445,100460.890625,E,1298.59716796875
446,456,745A6287,625,0.10568319261074066,20.920207977294922,20.56319808959961,6947.63818359375,E,988.78271484375
446,457,745A6287,626,0.08227075636386871,16.180923461914062,17.361318588256836,3830.527587890625,E,979.5889282226562
447,458,745A6287,627,0.858304500579834,102.53005981445312,19.242570877075195,29817.2265625,E,825.6715087890625
447,462,745A6287,628,0.21886059641838074,50.061126708984375,30.351810455322266,36220.9375,E,785.5624389648438
448,459,745A6287,629,0.07165804505348206,14.662566184997559,28.53436279296875,9376.4013671875,E,1035.79150390625
449,453,745A6287,630,0.017972467467188835,3.6656415462493896,28.562824249267578,2348.779052734375,E,902.1686401367188
449,461,745A6287,631,0.12462247908115387,23.512208938598633,27.401506423950195,13865.392578125,E,890.62451171875
450,455,745A6287,632,0.48764219880104065,77.05477142333984,23.691722869873047,33968.99609375,E,1095.4486083984375
450,503,745A6287,633,1.437779426574707,199.53927612304688,24.73756217956543,95902.96875,E,974.0737915039062
451,1017,745A6287,634,2.5016627311706543,761.1305541992188,35.800079345703125,766155.625,F,380.5668029785156
452,458,745A6287,635,0.0349433533847332,7.331283092498779,28.94908332824707,4825.46875,E,859.641845703125
452,461,745A6287,636,0.16551101207733154,37.990562438964844,24.75670623779297,18287.375,E,872.885009765625
453,467,745A6287,637,0.1507728397846222,36.91692352294922,25.6069278717041,19012.111328125,E,893.564697265625
454,473,745A6287,638,0.3951716423034668,84.57025146484375,26.562225341796875,46863.68359375,E,1191.439208984375
455,474,745A6287,639,0.49458950757980347,75.09168243408203,20.46215057373047,24693.59375,E,1095.3719482421875
456,466,745A6287,640,0.23736080527305603,26.10420799255371,21.404611587524414,9393.2333984375,E,979.8107299804688
457,460,745A6287,641,0.15767501294612885,14.033641815185547,19.692426681518555,4274.23828125,E,967.3096313476562
457,466,745A6287,642,0.24485504627227783,25.03056526184082,15.169809341430664,4523.98095703125,E,971.2152709960938
458,476,745A6287,643,0.32368454337120056,56.31876754760742,26.906513214111328,32022.6953125,E,845.0631103515625
459,481,745A6287,644,0.30503854155540466,68.83405303955078,27.198612213134766,39993.25390625,E,1013.0958862304688
460,463,745A6287,645,0.11439724266529083,17.699283599853516,24.81930923461914,8562.98046875,E,953.4014892578125
461,464,745A6287,646,0.04017751291394234,14.033641815185547,22.829931259155273,5744.72802734375,E,875.8977661132812
462,1017,745A6287,647,2.488020896911621,763.1624755859375,35.800079345703125,768200.9375,F,381.5826110839844
463,466,745A6287,648,0.20370882749557495,33.88020324707031,25.743810653686523,17635.248046875,E,956.1524658203125
463,470,745A6287,649,0.06663478165864944,23.512208938598633,19.523012161254883,7038.44873046875,E,936.5145874023438
464,467,745A6287,650,0.1127147227525711,25.03056526184082,22.228178024291992,9713.3330078125,E,876.0613403320312
464,476,745A6287,651,0.25588545203208923,36.027488708496094,18.406831741333008,9586.9833984375,E,856.3984985351562
467,482,745A6287,652,0.11739178746938705,40.76676940917969,28.296003341674805,25635.771484375,E,879.6864624023438
468,480,745A6287,653,3.3285257816314697,121.74771881103516,22.96183204650879,50415.46875,E,1100.831787109375
469,472,745A6287,654,0.10432123392820358,20.920207977294922,28.234649658203125,13098.4736328125,E,1446.044189453125
470,479,745A6287,655,0.7261199355125427,133.1893310546875,28.05199432373047,82316.4765625,E,874.1043090820312
470,514,745A6287,656,0.9959307909011841,188.5423583984375,28.44855499267578,119844.8046875,E,841.2260131835938
471,478,745A6287,657,0.05850959196686745,11.441641807556152,27.93667984008789,7013.38720703125,E,905.9517822265625
472,473,745A6287,658,1.6713160276412964,342.620361328125,29.446985244750977,233337.59375,E,1289.8955078125
472,521,745A6287,659,1.1380457878112793,230.82749938964844,27.029264450073242,132448.140625,E,1333.620361328125
473,487,745A6287,660,0.19101190567016602,47.4691276550293,31.538536071777344,37083.796875,E,1131.142333984375
474,485,745A6287,661,0.20978426933288574,30.843490600585938,25.25726318359375,15453.4677734375,E,1065.022705078125
474,503,745A6287,662,2.574880599975586,205.4285125732422,22.645029067993164,82736.359375,E,965.9963989257812
475,477,745A6287,663,0.13173700869083405,26.10420799255371,28.67350196838379,16856.28515625,E,799.9407958984375
475,1017,745A6287,664,2.480604410171509,791.8125,35.800079345703125,797040.125,F,395.90692138671875
476,494,745A6287,665,0.1905175745487213,42.100929260253906,29.769880294799805,29304.595703125,E,829.5855712890625
477,479,745A6287,666,0.15225879848003387,28.067279815673828,27.355995178222656,16496.62890625,E,813.19287109375
477,486,745A6287,667,0.1582467257976532,17.699283599853516,19.345468521118164,5202.404296875,E,798.4498901367188
478,482,745A6287,668,0.12082861363887787,26.54892349243164,29.658580780029297,18341.61328125,E,890.9329833984375
478,495,745A6287,669,0.058120742440223694,40.137847900390625,26.097885131835938,21471.115234375,E,900.1358642578125
479,491,745A6287,670,0.3948420286178589,47.4691276550293,20.18541145324707,15190.6494140625,E,800.2416381835938
480,484,745A6287,671,1.1905415058135986,110.49028015136719,18.770824432373047,30575.99609375,E,1019.5087280273438
481,484,745A6287,672,0.03448691964149475,6.257641315460205,26.977128982543945,3576.7783203125,E,989.2059326171875
481,490,745A6287,673,0.27586060762405396,58.726558685302734,25.83270263671875,30779.681640625,E,965.94775390625
482,489,745A6287,674,0.043063752353191376,10.368000030517578,31.034881591796875,7843.0517578125,E,875.9971313476562
483,493,745A6287,675,0.8743302822113037,80.72040557861328,20.14717674255371,25733.662109375,E,796.2266845703125
483,1017,745A6287,676,2.425365447998047,777.1160278320312,35.800079345703125,782246.625,F,388.5579833984375
484,496,745A6287,677,0.1867203712463379,34.509132385253906,27.16009521484375,19993.39453125,E,973.8516235351562
485,487,745A6287,678,0.6119269728660583,59.984413146972656,15.200855255126953,10885.8994140625,E,1093.6741943359375
485,497,745A6287,679,0.08031041920185089,28.067283630371094,27.539575576782227,16718.787109375,E,1067.1519775390625
486,488,745A6287,680,0.1387050598859787,8.849641799926758,19.002918243408203,2509.898681640625,E,786.8678588867188
486,491,745A6287,681,0.04155309498310089,16.625642776489258,15.795951843261719,3258.06640625,E,786.3826293945312
487,497,745A6287,682,0.2319725602865219,51.134769439697266,29.90576171875,35918.31640625,E,1083.9688720703125
488,1017,745A6287,683,2.4591116905212402,782.7196044921875,35.800079345703125,787887.1875,F,391.360595703125
489,495,745A6287,684,0.17114171385765076,45.32184600830078,28.052894592285156,28012.5625,E,881.7783203125
489,502,745A6287,685,0.21111537516117096,51.76368713378906,31.250120162963867,39702.5546875,E,847.486572265625
490,496,745A6287,686,0.15729647874832153,41.21148681640625,20.932518005371094,14182.4453125,E,946.3975830078125
490,498,745A6287,687,0.2319001704454422,47.4691276550293,23.646800994873047,20847.11328125,E,917.6376953125
491,492,745A6287,688,0.04480860382318497,6.257641315460205,26.245269775390625,3385.3427734375,E,778.2572631835938
492,1017,745A6287,689,2.455186128616333,775.7705078125,35.800079345703125,780892.25,F,387.8861999511719
493,1017,745A6287,690,2.503723621368408,787.2216186523438,35.800079345703125,792418.9375,F,393.61187744140625
494,499,745A6287,691,0.13121432065963745,27.6225643157959,29.569133758544922,18968.416015625,E,805.5066528320312
494,501,745A6287,692,0.07046015560626984,21.99384880065918,28.85150146484375,14378.9755859375,E,817.7911376953125
495,498,745A6287,693,0.03169512748718262,7.331283092498779,30.399248123168945,5321.0283203125,E,894.9169921875
496,506,745A6287,694,0.12895573675632477,34.7696418762207,23.887056350708008,15581.7177734375,E,947.0235595703125
497,508,745A6287,695,0.3890805244445801,82.4229736328125,29.30748176574707,55602.60546875,E,1025.5611572265625
498,505,745A6287,696,0.20809906721115112,40.76676940917969,28.17343521118164,25414.162109375,E,895.6683959960938
499,1017,745A6287,697,2.5435967445373535,792.2578735351562,35.800079345703125,797488.4375,F,396.12646484375
500,558,745A6287,698,7.235588550567627,184.50830078125,24.433734893798828,86513.8203125,E,1665.3699951171875
501,502,745A6287,699,0.012380276806652546,12.51528263092041,28.938919067382812,8231.806640625,E,822.02001953125
501,504,745A6287,700,0.10232750326395035,21.36492347717285,29.284517288208008,14390.2177734375,E,809.406494140625
502,509,745A6287,701,0.10534659028053284,21.809640884399414,29.231435775756836,14636.548828125,E,818.24609375
503,512,745A6287,702,0.274840772151947,46.57969284057617,26.121843338012695,24962.849609375,E,860.242431640625
504,1017,745A6287,703,2.591559410095215,799.8997802734375,35.800079345703125,805180.8125,F,399.94439697265625
505,510,745A6287,704,0.10735075175762177,40.58256149291992,28.560564041137695,25999.375,E,910.1141967773438
505,517,745A6287,705,0.2919446527957916,62.76061248779297,27.581592559814453,37498.65625,E,867.8552856445312
506,510,745A6287,706,0.06290379911661148,14.662566184997559,30.477853775024414,10697.1640625,E,929.5319213867188
506,515,745A6287,707,0.8206309080123901,145.07569885253906,27.030689239501953,83252.78125,E,989.4566040039062
507,511,745A6287,708,0.5471535921096802,147.0387725830078,32.88847351074219,124913.4453125,E,1555.0943603515625
508,513,745A6287,709,0.31768137216567993,70.79712677001953,27.380815505981445,41686.7734375,E,1006.54443359375
508,519,745A6287,710,0.8149933218955994,193.17372131347656,31.094758987426758,146693.984375,E,898.8734741210938
509,1017,745A6287,711,2.6651790142059326,813.3801879882812,35.800079345703125,818750.1875,F,406.68853759765625
510,525,745A6287,712,0.15473806858062744,47.28491973876953,28.49505615234375,30154.458984375,E,908.09228515625
511,536,745A6287,713,1.0771875381469727,266.1181335449219,31.79136085510254,211243.125,E,1373.789794921875
511,539,745A6287,714,0.36272913217544556,100.12225341796875,31.186763763427734,76482.3359375,E,1495.6839599609375
512,516,745A6287,715,0.16397696733474731,33.435489654541016,21.496902465820312,12135.267578125,E,825.134521484375
512,519,745A6287,716,0.058868102729320526,34.32492446899414,18.926681518554688,9657.1376953125,E,828.9254150390625
513,521,745A6287,717,1.1075016260147095,245.27426147460938,30.30338478088379,176898.484375,E,1129.775146484375
513,524,745A6287,718,0.1147996112704277,31.73292350769043,26.908519744873047,18045.943359375,E,1026.9344482421875
514,1017,745A6287,719,2.4442224502563477,751.3447265625,35.800079345703125,756305.1875,F,375.6702880859375
516,522,745A6287,720,0.16411566734313965,27.17784881591797,25.88159942626953,14298.3916015625,E,809.7525634765625
516,528,745A6287,721,0.3435257077217102,55.874053955078125,22.621944427490234,22457.423828125,E,785.4539184570312
517,1017,745A6287,722,2.7834105491638184,836.9390869140625,35.800079345703125,842464.625,F,418.4659423828125
518,548,745A6287,723,0.4975489675998688,126.85541534423828,32.09099578857422,102604.234375,E,1729.100830078125
519,522,745A6287,724,0.059210531413555145,10.99692440032959,27.17026138305664,6376.00634765625,E,813.5804443359375
520,523,745A6287,725,0.19651326537132263,8.849641799926758,17.097036361694336,2031.6890869140625,E,748.2678833007812
520,1017,745A6287,726,2.4464235305786133,745.50537109375,35.800079345703125,750427.25,F,372.7476501464844
521,527,745A6287,727,0.04478079453110695,8.849641799926758,28.11049461364746,5492.2783203125,E,1228.2037353515625
522,528,745A6287,728,0.3832065463066101,60.42912673950195,23.215055465698242,25578.533203125,E,782.744873046875
523,526,745A6287,729,0.08509376645088196,7.331283092498779,22.267484664916992,2855.0400390625,E,746.6581420898438
523,529,745A6287,730,0.08935239911079407,23.512208938598633,24.712434768676758,11277.5400390625,E,754.146728515625
524,550,745A6287,731,0.590965747833252,137.66810607910156,27.36745262145996,80982.6484375,E,963.4910888671875
524,561,745A6287,732,0.5930885672569275,131.77891540527344,28.282995223999023,82791.6640625,E,1050.798583984375
525,530,745A6287,733,0.14230389893054962,36.47220993041992,32.137672424316406,29585.626953125,E,876.997802734375
525,532,745A6287,734,0.09408353269100189,21.99384880065918,30.636423110961914,16213.1435546875,E,896.5786743164062
526,1017,745A6287,735,2.44446063041687,743.041015625,35.800079345703125,747946.625,F,371.5220642089844
527,536,745A6287,736,0.10083459317684174,39.248409271240234,17.415529251098633,9349.43359375,E,1237.9996337890625
527,540,745A6287,737,0.18147385120391846,43.17456817626953,24.561994552612305,20457.150390625,E,1216.5362548828125
528,529,745A6287,738,0.019266402348876,3.6656415462493896,27.587013244628906,2191.034423828125,E,759.5335083007812
529,531,745A6287,739,0.03765368461608887,7.331283092498779,27.878400802612305,4475.12939453125,E,754.1341552734375
530,1017,745A6287,740,2.8840746879577637,860.020751953125,35.800079345703125,865698.6875,F,430.01202392578125
531,533,745A6287,741,0.07918135821819305,15.107283592224121,28.52555274963379,9654.8251953125,E,743.716064453125
531,541,745A6287,742,0.7643911838531494,29.58563995361328,13.409788131713867,4178.44482421875,E,744.1448974609375
532,535,745A6287,743,0.062308769673109055,14.662566184997559,30.636423110961914,10808.7626953125,E,901.94384765625
532,537,745A6287,744,0.08164167404174805,25.659488677978516,30.521223068237305,18773.349609375,E,887.4920043945312
533,1017,745A6287,745,2.4371843338012695,736.8988037109375,35.800079345703125,741763.875,F,368.4510192871094
534,556,745A6287,746,0.5312449932098389,56.31876754760742,26.131851196289062,30205.314453125,E,925.0020141601562
535,538,745A6287,747,0.08242280781269073,27.6225643157959,29.968456268310547,19484.203125,E,891.0783081054688
535,553,745A6287,748,0.1808668076992035,45.95077133178711,31.990360260009766,36933.54296875,E,905.5230102539062
536,549,745A6287,749,0.0976945012807846,37.10112762451172,28.708032608032227,24015.0703125,E,1232.37451171875
537,1017,745A6287,750,2.946254014968872,875.255859375,35.800079345703125,881034.375,F,437.619873046875
538,1017,745A6287,751,2.9590823650360107,878.6842041015625,35.800079345703125,884485.375,F,439.34393310546875
540,549,745A6287,752,0.06728270649909973,17.254566192626953,31.995107650756836,13872.703125,E,1213.1126708984375
540,561,745A6287,753,0.9101138114929199,141.59425354003906,28.86029624938965,92626.890625,E,1145.55126953125
541,542,745A6287,754,0.2972888946533203,6.257641315460205,16.805646896362305,1388.06884765625,E,734.0448608398438
541,543,745A6287,755,0.29132142663002014,7.331283092498779,9.941082000732422,569.0326538085938,E,737.9931640625
542,1017,745A6287,756,2.436034679412842,731.3896484375,35.800079345703125,736218.375,F,365.6965637207031
543,545,745A6287,757,0.19897809624671936,14.033641815185547,12.436517715454102,1704.7388916015625,E,744.1471557617188
543,546,745A6287,758,0.08115135133266449,3.6656415462493896,11.303153038024902,367.82318115234375,E,737.0516357421875
544,545,745A6287,759,0.3109821677207947,25.03056526184082,13.986637115478516,3845.80419921875,E,758.9735107421875
544,552,745A6287,760,0.6489759683609009,109.23243713378906,27.236719131469727,63643.0625,E,810.3050537109375
544,555,745A6287,761,0.39586448669433594,21.36492347717285,11.181177139282227,2097.810546875,E,761.1297607421875
545,554,745A6287,762,0.2600405216217041,16.625642776489258,11.069366455078125,1599.9775390625,E,745.6023559570312
546,547,745A6287,763,0.2864167094230652,6.257641315460205,16.222871780395508,1293.468994140625,E,732.6079711914062
546,551,745A6287,764,0.7050120234489441,12.51528263092041,13.327962875366211,1746.0556640625,E,733.2937622070312
547,1017,745A6287,765,2.4340717792510986,729.4949340820312,35.800079345703125,734311.125,F,364.74078369140625
548,558,745A6287,766,0.1730380654335022,56.31876754760742,31.55124855041504,44032.78125,E,1647.9267578125
548,560,745A6287,767,0.4446087181568146,112.89807891845703,31.97867202758789,90677.0234375,E,1719.6513671875
549,580,745A6287,768,1.09567391872406,282.4832458496094,32.11216354370117,228781.921875,E,1130.91455078125
550,552,745A6287,769,0.26846811175346375,59.800209045410156,29.908262252807617,42012.15625,E,875.4303588867188
550,562,745A6287,770,0.9058383703231812,195.7657470703125,29.2048397064209,131140.328125,E,968.0413208007812
551,1017,745A6287,771,2.435459613800049,729.0204467773438,35.800079345703125,733833.5,F,364.51202392578125
552,569,745A6287,772,1.2219789028167725,206.8705596923828,26.433507919311523,113526.75,E,885.6502685546875
553,1017,745A6287,773,3.0388288497924805,900.1072387695312,35.800079345703125,906049.875,F,450.0555114746094
554,555,745A6287,774,0.16863274574279785,18.772924423217773,21.069982528686523,6545.6103515625,E,747.9450073242188
554,557,745A6287,775,0.18047261238098145,19.846567153930664,22.257802963256836,7722.1787109375,E,734.3963012695312
555,567,745A6287,776,3.2271416187286377,180.39796447753906,17.991872787475586,45864.24609375,E,806.0970458984375
556,1017,745A6287,777,3.0611348152160645,906.3887329101562,35.800079345703125,912372.8125,F,453.1947021484375
557,1017,745A6287,778,2.434885025024414,726.91162109375,35.800079345703125,731710.75,F,363.4577331542969
558,573,745A6287,779,1.265937089920044,334.1706237792969,32.67627716064453,280235.59375,E,1477.4097900390625
559,565,745A6287,780,0.8145962357521057,211.76243591308594,32.30975341796875,173622.546875,E,1063.023193359375
561,562,745A6287,781,0.19017615914344788,43.358768463134766,30.218215942382812,31095.994140625,E,1059.24609375
562,569,745A6287,782,0.6470848917961121,141.0732879638672,29.658254623413086,97459.875,E,982.6622314453125
563,564,745A6287,783,0.3163233697414398,7.776000022888184,15.201318740844727,1411.265380859375,E,723.3467407226562
564,1017,745A6287,784,2.4264590740203857,719.8577270507812,35.800079345703125,724610.3125,F,359.9315490722656
565,1017,745A6287,785,3.252411127090454,965.5747680664062,35.800079345703125,971949.625,F,482.78912353515625
566,568,745A6287,786,0.09051879495382309,20.920207977294922,30.775821685791016,15562.3505859375,E,727.0965576171875
568,1017,745A6287,787,2.424159526824951,717.6517333984375,35.800079345703125,722389.75,F,358.8281555175781
569,571,745A6287,788,0.21683135628700256,50.69004821777344,30.731719970703125,37599.8671875,E,902.673583984375
570,574,745A6287,789,1.5943506956100464,120.22933959960938,22.69214630126953,48624.09375,E,797.0281982421875
571,580,745A6287,790,0.9123498797416687,217.31488037109375,30.033119201660156,153950.1875,E,969.9345703125
571,586,745A6287,791,0.6170193552970886,147.95985412597656,30.993114471435547,111625.703125,E,821.7415161132812
572,574,745A6287,792,0.27619504928588867,33.88020324707031,24.881505966186523,16473.626953125,E,731.6455688476562
572,1017,745A6287,793,2.4112329483032227,718.8490600585938,35.800079345703125,723595.0,F,359.42681884765625
573,578,745A6287,794,0.31269997358322144,90.64370727539062,31.140748977661133,69037.6015625,E,1302.140380859375
573,582,745A6287,795,0.8464519381523132,229.46173095703125,32.98980712890625,196137.078125,E,1440.9234619140625
574,575,745A6287,796,0.10610108822584152,23.512208938598633,30.24254035949707,16889.619140625,E,732.3974609375
575,1017,745A6287,797,2.410083293914795,722.3546142578125,35.800079345703125,727123.6875,F,361.17974853515625
576,579,745A6287,798,4.437987327575684,140.33641052246094,30.20073699951172,100529.9140625,E,1070.2845458984375
576,1017,745A6287,799,3.306065797805786,1005.6592407226562,35.800079345703125,1012298.6875,F,502.8313293457031
577,619,745A6287,800,1.199139952659607,301.3324890136719,31.84446144104004,239995.8125,E,1173.9224853515625
578,581,745A6287,801,0.23465585708618164,38.17477035522461,21.33063507080078,13641.8701171875,E,1272.8406982421875
578,590,745A6287,802,1.163987636566162,243.49537658691406,30.318565368652344,175791.5,E,1150.0179443359375
580,589,745A6287,803,0.17172832787036896,47.913848876953125,27.86484718322754,29218.92578125,E,1046.1217041015625
581,584,745A6287,804,0.3097364008426666,49.43220520019531,21.120695114135742,17318.740234375,E,1305.0830078125
581,588,745A6287,805,0.035723764449357986,28.067283630371094,17.036048889160156,6397.76123046875,E,1280.612060546875
582,592,745A6287,806,0.7052895426750183,180.65847778320312,32.2572021484375,147639.1875,E,1617.3250732421875
582,605,745A6287,807,1.5215625762939453,314.8451232910156,29.640493392944336,217248.953125,E,1589.561767578125
583,586,745A6287,808,0.16937319934368134,37.54584503173828,24.728187561035156,18031.6875,E,745.3947143554688
583,1017,745A6287,809,2.403045177459717,730.3739013671875,35.800079345703125,735195.9375,F,365.18927001953125
584,588,745A6287,810,0.36610478162765503,53.726768493652344,24.5466365814209,25425.2109375,E,1298.70654296875
584,605,745A6287,811,1.2302800416946411,276.77825927734375,30.807668685913086,206319.140625,E,1426.852783203125
585,587,745A6287,812,0.3294844329357147,8.849641799926758,15.70447063446045,1714.2027587890625,E,984.662841796875
585,1017,745A6287,813,3.1857733726501465,980.9444580078125,35.800079345703125,987420.75,F,490.4735107421875
586,591,745A6287,814,0.15528801083564758,33.435489654541016,29.9544620513916,23562.458984375,E,749.187744140625
588,594,745A6287,815,0.48548397421836853,112.45336151123047,28.441442489624023,71443.96875,E,1226.988525390625
589,590,745A6287,816,0.015457349829375744,3.6656415462493896,30.799060821533203,2730.956787109375,E,1037.7222900390625
589,593,745A6287,817,0.35788074135780334,82.86768341064453,28.151155471801758,51578.359375,E,1000.5303955078125
590,596,745A6287,818,0.9203834533691406,80.45989227294922,17.62201499938965,19623.6796875,E,1065.5792236328125
591,1017,745A6287,819,2.391842842102051,735.9317626953125,35.800079345703125,740790.4375,F,367.96636962890625
592,595,745A6287,820,0.5757120847702026,144.6309814453125,31.7828426361084,114745.7734375,E,1759.1923828125
592,603,745A6287,821,0.4620286226272583,113.8954086303711,29.586750030517578,78305.203125,E,1725.89111328125
593,598,745A6287,822,0.5313404202461243,115.04534912109375,27.98004722595215,70738.5,E,1010.819091796875
593,599,745A6287,823,0.906856894493103,224.53823852539062,31.540454864501953,175434.9375,E,859.4352416992188
594,597,745A6287,824,0.16949070990085602,43.174560546875,31.923532485961914,34557.2890625,E,1161.581787109375
594,606,745A6287,825,1.4546576738357544,345.3201904296875,31.389663696289062,267229.96875,E,1328.85400390625
596,597,745A6287,826,0.19494129717350006,49.87691879272461,27.14992904663086,28875.326171875,E,1118.59326171875
596,598,745A6287,827,0.3783756494522095,43.358768463134766,17.313880920410156,10208.3525390625,E,1077.997314453125
597,616,745A6287,828,1.4599826335906982,292.14605712890625,29.01816177368164,193210.03125,E,1252.1497802734375
598,604,745A6287,829,0.5298516750335693,115.8584976196289,29.73094367980957,80433.1640625,E,1101.93359375
599,1017,745A6287,830,2.3909316062927246,754.8106689453125,35.800079345703125,759794.0,F,377.4071350097656
600,602,745A6287,831,2.778203010559082,29.769845962524414,10.292780876159668,2477.03369140625,E,944.7970581054688
601,623,745A6287,832,17.097780227661133,149.2939453125,29.32492446899414,100833.734375,E,1447.597412109375
602,1017,745A6287,833,2.91225528717041,933.1199951171875,35.800079345703125,939280.5625,F,466.5600280761719
604,609,745A6287,834,0.13580645620822906,35.398563385009766,25.66701316833496,18315.814453125,E,1138.782958984375
604,610,745A6287,835,0.26205575466156006,57.39241409301758,29.79435920715332,40014.046875,E,1168.681640625
605,606,745A6287,836,0.2333970069885254,57.20820617675781,27.435813903808594,33820.80078125,E,1503.8505859375
606,613,745A6287,837,0.22877205908298492,50.061126708984375,25.762449264526367,26095.44921875,E,1489.57421875
607,612,745A6287,838,1.3747895956039429,80.72040557861328,27.231246948242188,47011.94921875,E,947.4922485351562
607,1017,745A6287,839,2.917905330657959,914.0062255859375,35.800079345703125,920040.625,F,457.00457763671875
608,609,745A6287,840,1.8427923917770386,370.3191833496094,29.467636108398438,252555.40625,E,961.5468139648438
608,1017,745A6287,841,2.5248656272888184,787.4434814453125,35.800079345703125,792642.25,F,393.7236328125
609,611,745A6287,842,0.08165304362773895,19.846567153930664,24.63924789428711,9463.029296875,E,1142.4803466796875
610,611,745A6287,843,0.1658809334039688,44.248207092285156,20.075294494628906,14005.8486328125,E,1167.070556640625
610,618,745A6287,844,0.28506726026535034,72.68389129638672,31.919950485229492,58163.7578125,E,1214.77880859375
611,632,745A6287,845,0.38092347979545593,83.75712585449219,29.691102981567383,57991.4921875,E,1160.8619384765625
613,617,745A6287,846,2.0946080684661865,136.22604370117188,15.644498825073242,26186.251953125,E,1438.5010986328125
613,626,745A6287,847,2.530127763748169,123.45027160644531,20.17694091796875,39472.3125,E,1486.8619384765625
614,628,745A6287,848,0.5275773406028748,145.07568359375,33.19441223144531,125549.3515625,E,1609.254150390625
615,622,745A6287,849,0.19586962461471558,38.61948776245117,21.709272384643555,14295.091796875,E,958.1146850585938
615,624,745A6287,850,0.2621818482875824,23.328001022338867,8.917835235595703,1457.0897216796875,E,944.1868896484375
615,625,745A6287,851,0.7917613983154297,50.9505615234375,16.611841201782227,11042.6787109375,E,925.7218627929688
616,617,745A6287,852,0.08665989339351654,16.625642776489258,27.67994499206543,10004.578125,E,1369.504150390625
616,618,745A6287,853,0.5821249485015869,136.41024780273438,27.279396057128906,79727.1796875,E,1302.5450439453125
617,627,745A6287,854,0.1329813301563263,30.843490600585938,30.201374053955078,22095.650390625,E,1387.3809814453125
618,620,745A6287,855,0.010321744717657566,2.5920000076293945,31.693553924560547,2044.8751220703125,E,1243.637451171875
619,623,745A6287,856,1.2099930047988892,298.00372314453125,31.475059509277344,231870.0625,E,1274.58642578125
619,631,745A6287,857,0.2664591073989868,72.49969482421875,29.85882568359375,50765.83203125,E,1104.5426025390625
620,635,745A6287,858,0.5659359693527222,111.30340576171875,25.750043869018555,57963.45703125,E,1220.5257568359375
620,650,745A6287,859,0.8758247494697571,198.91036987304688,30.444276809692383,144796.703125,E,1309.71484375
621,625,745A6287,860,0.8105524182319641,109.04820251464844,23.5042724609375,47315.34375,E,865.5255126953125
621,1017,745A6287,861,2.6565985679626465,813.4297485351562,35.800079345703125,818800.125,F,406.7168884277344
622,624,745A6287,862,0.18398620188236237,30.214567184448242,26.01055908203125,16054.8271484375,E,958.36572265625
622,629,745A6287,863,0.9177007079124451,125.67383575439453,27.17566680908203,72894.5703125,E,1030.6478271484375
623,628,745A6287,864,0.5116130113601685,135.5971221923828,32.61894989013672,113313.1484375,E,1480.96240234375
624,625,745A6287,865,0.31534576416015625,32.80656433105469,20.439529418945312,10764.4638671875,E,931.7936401367188
626,627,745A6287,866,0.26183369755744934,45.76656723022461,17.724708557128906,11292.6640625,E,1420.0565185546875
626,645,745A6287,867,1.0943443775177002,171.47201538085938,27.692243576049805,103276.0,E,1500.677734375
627,648,745A6287,868,3.109895706176758,165.9196014404297,23.03360939025879,69137.171875,E,1443.5506591796875
628,639,745A6287,869,7.214680194854736,129.00270080566406,26.985260009765625,73780.5546875,E,1580.90185546875
630,633,745A6287,870,0.31423667073249817,82.0545654296875,32.381473541259766,67574.9609375,E,929.6168212890625
630,1017,745A6287,871,2.9314069747924805,892.3258666992188,35.800079345703125,898217.125,F,446.1636657714844
631,633,745A6287,872,0.4928002953529358,119.41621398925781,31.21875,91407.9921875,E,1023.494873046875
631,636,745A6287,873,0.4219459295272827,102.89849090576172,29.12261390686035,68542.4453125,E,1123.2926025390625
633,662,745A6287,874,0.8886193633079529,199.09457397460938,28.920251846313477,130783.6484375,E,1043.521240234375
634,637,745A6287,875,0.8871159553527832,223.90931701660156,31.805856704711914,177900.125,E,951.740234375
634,1017,745A6287,876,2.8098244667053223,846.8980712890625,35.800079345703125,852489.375,F,423.4494323730469
635,637,745A6287,877,0.6942256689071655,154.18585205078125,29.871265411376953,108054.1953125,E,1130.57177734375
635,640,745A6287,878,0.4935644865036011,105.30628204345703,29.321401596069336,71107.203125,E,1249.183349609375
636,644,745A6287,879,1.0825235843658447,253.23446655273438,30.73874855041504,187925.21875,E,1284.83984375
636,675,745A6287,880,1.3676995038986206,211.05723571777344,27.71242904663086,127303.1953125,E,1211.5379638671875
637,641,745A6287,881,0.08456023037433624,38.880001068115234,19.999059677124023,12213.3642578125,E,1062.282470703125
638,655,745A6287,882,0.4373582601547241,81.53353118896484,27.8244571685791,49576.921875,E,912.1094360351562
638,1017,745A6287,883,2.9409825801849365,880.75,35.800079345703125,886564.8125,F,440.3742370605469
640,650,745A6287,884,0.7291823029518127,83.31241607666016,20.768341064453125,28223.00390625,E,1333.2021484375
640,659,745A6287,885,0.4067056179046631,47.913848876953125,16.047531127929688,9690.97265625,E,1292.4429931640625
641,646,745A6287,886,0.19705893099308014,31.73292350769043,25.5676212310791,16292.2333984375,E,1081.404052734375
641,649,745A6287,887,0.3063378632068634,54.17148971557617,26.826261520385742,30618.29296875,E,1046.350830078125
642,644,745A6287,888,0.14227931201457977,35.398563385009766,31.535606384277344,27648.900390625,E,1417.197998046875
642,654,745A6287,889,0.5381547212600708,32.36184310913086,15.955683708190918,6470.74072265625,E,1429.7646484375
642,656,745A6287,890,313.28289794921875,136.22605895996094,27.77578353881836,82543.4609375,E,1493.404296875
643,646,745A6287,891,1.9144549369812012,78.57312774658203,11.509496688842773,8174.7900390625,E,1128.3779296875
643,659,745A6287,892,0.838793158531189,135.33660888671875,25.70632553100586,70240.109375,E,1223.9527587890625
643,660,745A6287,893,0.3385620713233948,54.35569381713867,22.38776397705078,21397.171875,E,1154.190185546875
644,654,745A6287,894,0.12593694031238556,33.88020706176758,26.883108139038086,19230.689453125,E,1410.5703125
646,660,745A6287,895,0.34680795669555664,55.4293327331543,26.620771408081055,30851.109375,E,1117.865478515625
647,649,745A6287,896,0.8403703570365906,59.35548782348633,15.099332809448242,10628.3603515625,E,1012.4699096679688
647,652,745A6287,897,0.09100572019815445,16.180925369262695,21.366212844848633,5801.607421875,E,1003.72509765625
647,658,745A6287,898,0.3122619688510895,45.32184600830078,16.266435623168945,9418.5107421875,E,984.0540771484375
649,652,745A6287,899,0.09618817269802094,20.291284561157227,28.999908447265625,13402.7119140625,E,1017.6596069335938
650,657,745A6287,900,0.06351809203624725,16.180923461914062,31.910400390625,12940.6982421875,E,1375.8997802734375
651,661,745A6287,901,0.37282928824424744,68.83405303955078,27.587011337280273,41143.62109375,E,928.9024047851562
651,1017,745A6287,902,3.020826816558838,898.7327880859375,35.800079345703125,904666.3125,F,449.36834716796875
652,658,745A6287,903,0.23200646042823792,41.65620803833008,26.8226261138916,23538.142578125,E,996.6702270507812
653,670,745A6287,904,1.422857642173767,107.00883483886719,21.858299255371094,40155.2421875,E,909.1447143554688
653,1017,745A6287,905,2.943281650543213,874.7183837890625,35.800079345703125,880493.375,F,437.35992431640625
655,664,745A6287,906,0.970428466796875,168.77210998535156,26.103349685668945,90319.8203125,E,1018.2608032226562
655,681,745A6287,907,0.7456135749816895,146.96246337890625,28.368240356445312,92888.3203125,E,982.8048095703125
657,666,745A6287,908,0.28668197989463806,69.01825714111328,31.418617248535156,53509.14453125,E,1361.5726318359375
657,669,745A6287,909,0.24444948136806488,73.57333374023438,31.052640914916992,55719.5234375,E,1401.89404296875
658,661,745A6287,910,0.10835243761539459,29.769847869873047,25.2897891998291,14953.9833984375,E,970.8063354492188
659,667,745A6287,911,0.22428347170352936,46.8402099609375,29.092586517333984,31136.7578125,E,1286.271484375
660,671,745A6287,912,0.26908165216445923,68.20513153076172,31.98155403137207,54790.6015625,E,1138.4317626953125
661,665,745A6287,913,0.05623999983072281,22.883283615112305,28.611614227294922,14712.7197265625,E,962.60546875
662,664,745A6287,914,0.015287873335182667,29.14092445373535,26.041976928710938,15521.7646484375,E,1104.5738525390625
662,678,745A6287,915,0.3535119295120239,100.12226104736328,30.372142791748047,72538.96875,E,1147.4378662109375
663,665,745A6287,916,0.2701359987258911,50.5058479309082,27.827577590942383,30717.25,E,942.6437377929688
663,1017,745A6287,917,3.1067984104156494,921.35302734375,35.800079345703125,927435.875,F,460.6734619140625
664,681,745A6287,918,0.741553008556366,136.96292114257812,25.865982055664062,71969.8828125,E,1066.3380126953125
665,671,745A6287,919,0.7307552695274353,189.7686004638672,31.854223251342773,151233.59375,E,1052.9669189453125
666,667,745A6287,920,0.3312230110168457,73.38912963867188,30.18135643005371,52504.8125,E,1316.709228515625
666,680,745A6287,921,0.3491140604019165,74.90748596191406,24.624000549316406,35672.40234375,E,1353.0045166015625
667,672,745A6287,922,0.262392520904541,69.9076919555664,25.609251022338867,36008.796875,E,1261.1846923828125
668,673,745A6287,923,0.21338604390621185,48.098052978515625,30.461591720581055,35052.7890625,E,914.0631103515625
668,1017,745A6287,924,3.0237009525299072,895.3062133789062,35.800079345703125,901217.125,F,447.653564453125
669,676,745A6287,925,0.25927120447158813,62.131690979003906,30.97896957397461,46831.3828125,E,1451.2900390625
669,677,745A6287,926,0.2955171763896942,63.2053337097168,26.72174072265625,35446.48046875,E,1412.5689697265625
671,672,745A6287,927,0.39632943272590637,109.04820251464844,33.190486907958984,94348.640625,E,1190.232421875
672,680,745A6287,928,0.46995288133621216,120.22935485839844,32.156768798828125,97643.9140625,E,1297.8780517578125
673,679,745A6287,929,0.2262963354587555,52.20840835571289,30.686649322509766,38612.62109375,E,957.7460327148438
673,683,745A6287,930,0.28222331404685974,44.692928314208984,21.823623657226562,16717.92578125,E,940.37158203125
674,683,745A6287,931,0.5710461139678955,102.08534240722656,28.819549560546875,66592.859375,E,898.3770751953125
674,1017,745A6287,932,2.870335102081299,850.9500732421875,35.800079345703125,856568.125,F,425.47344970703125
676,677,745A6287,933,0.33093127608299255,74.90748596191406,23.338165283203125,32044.134765625,E,1438.770263671875
676,693,745A6287,934,0.3008531630039215,80.01517486572266,32.64394760131836,66968.0390625,E,1502.1793212890625
677,682,745A6287,935,0.10660206526517868,39.6931266784668,29.17778968811035,26540.552734375,E,1393.3660888671875
678,695,745A6287,936,0.6333997249603271,149.10975646972656,31.015216827392578,112653.734375,E,1248.2130126953125
678,714,745A6287,937,0.6818420886993408,161.5171356201172,31.153806686401367,123120.609375,E,1202.0123291015625
679,684,745A6287,938,0.2670280933380127,46.39548873901367,27.097837448120117,26756.845703125,E,1004.15380859375
679,689,745A6287,939,0.556868851184845,57.39241409301758,19.39861488342285,16962.34375,E,995.8627319335938
680,682,745A6287,940,0.11006715148687363,31.2882080078125,33.72649002075195,27951.998046875,E,1367.9234619140625
681,686,745A6287,941,0.08602360635995865,21.36492347717285,31.449600219726562,16596.689453125,E,1032.255126953125
682,716,745A6287,942,0.6779088973999023,187.91343688964844,33.34264373779297,164077.03125,E,1451.055908203125
683,685,745A6287,943,0.02782629244029522,2.5920000076293945,19.302778244018555,758.515625,E,945.566650390625
684,689,745A6287,944,0.07926987111568451,34.509132385253906,13.60037612915039,5013.32421875,E,1023.0949096679688
684,717,745A6287,945,1.2759571075439453,354.09356689453125,33.370731353759766,309698.6875,E,1187.2447509765625
685,690,745A6287,946,0.3744080364704132,31.2882080078125,16.362918853759766,6579.48876953125,E,943.7357177734375
685,692,745A6287,947,0.3762664198875427,42.28512954711914,21.56515121459961,15444.8095703125,E,962.897705078125
686,698,745A6287,948,0.23856298625469208,52.20840835571289,25.970043182373047,27655.125,E,1051.542724609375
686,711,745A6287,949,0.6475164294242859,160.9197998046875,30.03901481628418,114043.546875,E,1004.1693115234375
687,697,745A6287,950,0.1494860202074051,40.137847900390625,32.86104202270508,34041.3359375,E,821.017333984375
687,1017,745A6287,951,2.720319986343384,813.49169921875,35.800079345703125,818862.4375,F,406.74749755859375
688,708,745A6287,952,0.38402193784713745,101.19589233398438,29.87896728515625,70955.1484375,E,927.12109375
688,1017,745A6287,953,2.963582754135132,882.9137573242188,35.800079345703125,888742.875,F,441.4563903808594
689,738,745A6287,954,1.0309251546859741,255.5975341796875,31.847896575927734,203614.203125,E,1128.78466796875
690,692,745A6287,955,0.21004006266593933,28.067283630371094,9.97496509552002,2193.375732421875,E,959.50830078125
690,699,745A6287,956,0.34333086013793945,41.21148681640625,22.1169490814209,15832.8310546875,E,944.6341552734375
691,697,745A6287,957,0.10221518576145172,27.17784881591797,26.7697696685791,15296.5751953125,E,810.1627197265625
691,1017,745A6287,958,2.646700382232666,796.604736328125,35.800079345703125,801864.0,F,398.30120849609375
692,694,745A6287,959,0.06764931976795197,10.99692440032959,25.47783660888672,5606.427734375,E,976.6123046875
693,700,745A6287,960,0.24645721912384033,55.874053955078125,30.42070770263672,40610.53515625,E,1556.6795654296875
693,716,745A6287,961,0.5786611437797546,141.33375549316406,28.569034576416016,90599.734375,E,1529.1400146484375
694,701,745A6287,962,0.9819523692131042,40.76676940917969,12.104131698608398,4690.97900390625,E,978.4396362304688
694,718,745A6287,963,0.8032348155975342,134.00250244140625,24.379131317138672,62551.71484375,E,1030.1181640625
696,729,745A6287,964,12.236465454101562,280.52020263671875,30.318971633911133,202527.015625,E,1349.40185546875
697,703,745A6287,965,0.17398880422115326,42.7298469543457,31.505165100097656,33310.77734375,E,828.861083984375
699,701,745A6287,966,0.2984555959701538,32.80656433105469,13.051483154296875,4389.04833984375,E,960.5208129882812
699,706,745A6287,967,0.16162924468517303,48.098052978515625,26.730918884277344,26992.626953125,E,939.3878784179688
700,705,745A6287,968,0.2046523094177246,44.248207092285156,29.73430633544922,30725.65625,E,1598.833740234375
700,709,745A6287,969,0.1968712955713272,46.840206146240234,26.248659133911133,25346.7890625,E,1586.10107421875
701,710,745A6287,970,0.8108280897140503,46.840206146240234,13.877596855163574,7084.95703125,E,985.6090087890625
702,703,745A6287,971,0.2946754992008209,82.05455780029297,29.723295211791992,56935.94140625,E,802.5432739257812
702,1017,745A6287,972,2.49668550491333,769.12548828125,35.800079345703125,774203.3125,F,384.56060791015625
703,706,745A6287,973,0.43971604108810425,123.71076965332031,33.56295394897461,109450.5078125,E,887.18017578125
704,740,745A6287,974,0.7447025775909424,189.80020141601562,32.04423141479492,153068.65625,E,851.466796875
704,1017,745A6287,975,2.46628999710083,763.971923828125,35.800079345703125,769015.75,F,381.9873046875
705,709,745A6287,976,0.049805302172899246,35.58277130126953,17.158021926879883,8227.427734375,E,1609.2706298828125
705,713,745A6287,977,0.48547449707984924,126.48699951171875,32.27525329589844,103484.453125,E,1675.9281005859375
706,710,745A6287,978,0.24234342575073242,59.35548782348633,31.4099063873291,45992.18359375,E,964.8859252929688
707,708,745A6287,979,0.35030990839004517,80.53620147705078,30.430418014526367,58572.91796875,E,933.4386596679688
707,1017,745A6287,980,2.97512149810791,899.3679809570312,35.800079345703125,905305.6875,F,449.68536376953125
708,711,745A6287,981,0.0822988748550415,21.36492347717285,32.28564453125,17490.818359375,E,974.447509765625
709,721,745A6287,982,0.2639366388320923,58.2818489074707,29.7409610748291,40488.64453125,E,1617.163818359375
710,712,745A6287,983,0.03994124010205269,10.99692440032959,33.14202880859375,9486.7900390625,E,995.3302612304688
711,730,745A6287,984,1.0273712873458862,268.08123779296875,32.328182220458984,220048.71875,E,1106.634033203125
712,718,745A6287,985,0.3479268252849579,64.72368621826172,25.41811752319336,32842.77734375,E,1029.486083984375
712,748,745A6287,986,0.7266989946365356,131.04205322265625,27.292884826660156,76665.40625,E,1022.4918212890625
715,745,745A6287,987,0.5687464475631714,158.1436004638672,33.38170623779297,138407.15625,E,808.8427734375
715,1017,745A6287,988,2.3488717079162598,741.0400390625,35.800079345703125,745932.4375,F,370.52099609375
716,719,745A6287,989,0.026763835921883583,7.331283092498779,33.09628677368164,6307.0810546875,E,1516.8370361328125
717,726,745A6287,990,0.3022042512893677,77.68368530273438,32.0954475402832,62850.1875,E,1388.72021484375
717,746,745A6287,991,0.36925941705703735,88.05168151855469,27.971637725830078,54108.23046875,E,1369.3817138671875
718,720,745A6287,992,0.02940317615866661,7.331283092498779,31.571577072143555,5739.34619140625,E,1064.6939697265625
719,724,745A6287,993,0.18988966941833496,36.027488708496094,24.42070770263672,16874.8671875,E,1534.8663330078125
719,731,745A6287,994,0.19095957279205322,48.98748779296875,32.07024383544922,39571.23046875,E,1516.370361328125
720,722,745A6287,995,0.04267311841249466,10.99692440032959,32.0899772644043,8894.0576171875,E,1073.6094970703125
720,753,745A6287,996,0.7228893637657166,113.08226776123047,22.039260864257812,43139.83203125,E,1071.302734375
721,723,745A6287,997,0.2477116584777832,52.46892166137695,24.683971405029297,25108.578125,E,1606.357421875
721,737,745A6287,998,0.1558179259300232,55.2451286315918,30.537900924682617,40463.38671875,E,1645.4891357421875
722,727,745A6287,999,0.21558739244937897,42.72984313964844,29.001941680908203,28227.6875,E,1097.224365234375
722,732,745A6287,1000,0.1344371885061264,36.472206115722656,25.630306243896484,18817.39453125,E,1088.2532958984375
723,724,745A6287,1001,0.1618449091911316,37.36164093017578,16.576602935791016,8063.189453125,E,1567.896240234375
723,734,745A6287,1002,0.23838523030281067,34.32492446899414,18.94991683959961,9680.8623046875,E,1587.3548583984375
724,735,745A6287,1003,0.2538013160228729,31.73292350769043,17.660449981689453,7773.26513671875,E,1558.746337890625
725,728,745A6287,1004,0.04328759014606476,9.923283576965332,31.139575958251953,7557.3701171875,E,735.3694458007812
725,1017,745A6287,1005,2.3789308071136475,731.1094360351562,35.800079345703125,735936.3125,F,365.5561828613281
726,731,745A6287,1006,0.3637296259403229,101.90113830566406,30.70921516418457,75475.5625,E,1470.123291015625
726,773,745A6287,1007,0.8115497827529907,147.59140014648438,26.52751922607422,81572.578125,E,1479.9200439453125
727,732,745A6287,1008,0.11427685618400574,34.95384979248047,14.799811363220215,6013.083984375,E,1110.955810546875
727,756,745A6287,1009,0.8772133588790894,141.5179901123047,26.93462371826172,80634.953125,E,1185.0916748046875
728,742,745A6287,1010,0.09344011545181274,49.17169189453125,27.45148277282715,29102.92578125,E,745.0003051757812
728,774,745A6287,1011,0.6518812775611877,174.6929168701172,32.766624450683594,147308.765625,E,822.6669921875
729,730,745A6287,1012,0.3087679147720337,57.83712387084961,23.727134704589844,25573.322265625,E,1242.5721435546875
729,741,745A6287,1013,0.037446219474077225,35.398563385009766,16.639623641967773,7697.72705078125,E,1267.1806640625
730,741,745A6287,1014,0.22579824924468994,47.4691276550293,29.083763122558594,31535.69140625,E,1249.991943359375
731,736,745A6287,1015,0.05648963898420334,14.662566184997559,32.197723388671875,11938.51171875,E,1524.4166259765625
732,759,745A6287,1016,0.49497976899147034,77.23897552490234,21.936508178710938,29191.83203125,E,1129.8037109375
733,742,745A6287,1017,0.08110471069812775,19.846567153930664,31.705171585083008,15668.791015625,E,738.1516723632812
733,1017,745A6287,1018,2.40956449508667,729.015869140625,35.800079345703125,733828.9375,F,364.50640869140625
734,739,745A6287,1019,0.12824848294258118,25.03056526184082,28.086212158203125,15507.681640625,E,1586.2261962890625
734,744,745A6287,1020,0.30782657861709595,54.17148971557617,26.89474105834961,30774.8125,E,1618.81591796875
735,736,745A6287,1021,0.2162320613861084,43.174560546875,28.64032554626465,27814.658203125,E,1548.7783203125
735,739,745A6287,1022,0.0628633201122284,14.662566184997559,30.5225772857666,10728.5810546875,E,1571.758056640625
736,773,745A6287,1023,0.6240451335906982,116.11900329589844,24.884557723999023,56474.5859375,E,1538.1971435546875
737,744,745A6287,1024,0.08461760729551315,19.846567153930664,30.624807357788086,14619.146484375,E,1649.0250244140625
737,747,745A6287,1025,0.511626124382019,144.00205993652344,33.68192672729492,128307.609375,E,1721.461181640625
738,755,745A6287,1026,0.27387183904647827,53.09784698486328,24.71185302734375,25466.9765625,E,1249.113525390625
738,763,745A6287,1027,0.39475908875465393,98.78811645507812,31.768095016479492,78302.734375,E,1289.1920166015625
739,792,745A6287,1028,1.3731067180633545,234.1247100830078,27.41195297241211,138171.0625,E,1631.40966796875
740,751,745A6287,1029,0.33198362588882446,66.8709716796875,29.328569412231445,45176.15625,E,975.5362548828125
740,752,745A6287,1030,0.18272764980793,46.395484924316406,26.463348388671875,25518.505859375,E,951.33251953125
741,770,745A6287,1031,0.7771961092948914,179.95323181152344,29.24980354309082,120919.25,E,1352.9600830078125
742,768,745A6287,1032,0.4011533558368683,90.19898223876953,29.987239837646484,63703.67578125,E,788.809814453125
743,765,745A6287,1033,0.4828735589981079,116.48741149902344,31.155391693115234,88804.5625,E,988.321533203125
743,1017,745A6287,1034,2.989772319793701,934.8643798828125,35.800079345703125,941036.4375,F,467.43310546875
744,791,745A6287,1035,3.647067070007324,160.5513916015625,21.33468246459961,57395.30078125,E,1696.5281982421875
745,757,745A6287,1036,0.4541454613208771,77.23896789550781,23.832490921020508,34456.02734375,E,914.6678466796875
745,775,745A6287,1037,0.46282127499580383,98.23548126220703,29.56235122680664,67427.3671875,E,918.7763671875
746,749,745A6287,1038,0.14616438746452332,30.843490600585938,24.171672821044922,14153.5966796875,E,1389.991943359375
746,758,745A6287,1039,0.1990448534488678,37.99056625366211,27.75836181640625,22990.759765625,E,1410.7379150390625
748,753,745A6287,1040,0.24630823731422424,53.726768493652344,25.693471908569336,27856.4765625,E,1069.8480224609375
748,754,745A6287,1041,0.11015287041664124,44.248207092285156,29.141082763671875,29511.8828125,E,1033.8238525390625
749,758,745A6287,1042,0.27412474155426025,36.47220993041992,24.636119842529297,17385.876953125,E,1404.6732177734375
749,763,745A6287,1043,0.5000118017196655,83.31241607666016,21.72096061706543,30871.49609375,E,1358.88525390625
750,783,745A6287,1044,0.5765132308006287,112.19284057617188,26.69972801208496,62815.7734375,E,785.8023071289062
750,1017,745A6287,1045,2.4680564403533936,733.9938354492188,35.800079345703125,738839.75,F,366.9964904785156
751,754,745A6287,1046,0.05589335039258003,17.699283599853516,35.541622161865234,17559.8203125,E,1014.8230590820312
751,762,745A6287,1047,0.2505621612071991,52.65312957763672,20.878305435180664,18026.21484375,E,998.9805297851562
752,757,745A6287,1048,0.06404214352369308,12.51528263092041,27.944808959960938,7675.96240234375,E,955.3021240234375
752,762,745A6287,1049,0.11544812470674515,33.435489654541016,26.88709831237793,18983.900390625,E,972.4089965820312
753,759,745A6287,1050,0.386568158864975,89.38585662841797,30.47502326965332,65199.87890625,E,1126.051025390625
754,819,745A6287,1051,1.0471768379211426,276.51776123046875,32.73754119873047,232758.21875,E,1147.49267578125
755,756,745A6287,1052,0.029981710016727448,5.184000015258789,26.265600204467773,2808.856689453125,E,1252.3336181640625
755,776,745A6287,1053,0.9503691792488098,79.2020492553711,15.6165771484375,15170.43359375,E,1290.7161865234375
756,766,745A6287,1054,0.12083284556865692,47.0244140625,23.666824340820312,20686.796875,E,1241.2015380859375
757,789,745A6287,1055,0.6431472897529602,100.38277435302734,24.408002853393555,46969.2421875,E,984.4060668945312
758,790,745A6287,1056,1.0031768083572388,113.26647186279297,21.18012237548828,39906.91796875,E,1467.23193359375
759,766,745A6287,1057,0.31992197036743164,84.83076477050781,32.515541076660156,70440.953125,E,1197.214111328125
760,769,745A6287,1058,0.2075033187866211,34.32492446899414,26.253089904785156,18580.625,E,750.6285400390625
760,1017,745A6287,1059,2.4816980361938477,736.1006469726562,35.800079345703125,740960.4375,F,368.0528869628906
761,770,745A6287,1060,0.8609896302223206,214.7991943359375,31.7152156829834,169690.625,E,1520.8367919921875
762,808,745A6287,1061,1.0205869674682617,183.98728942871094,29.282487869262695,123906.375,E,1075.2371826171875
763,790,745A6287,1062,0.659888505935669,176.91650390625,32.794246673583984,149435.421875,E,1419.8978271484375
764,785,745A6287,1063,0.5251098275184631,114.34011840820312,29.646493911743164,78928.7421875,E,1012.2349853515625
764,1017,745A6287,1064,2.997385263442993,960.3980712890625,35.800079345703125,966738.75,F,480.1990661621094
765,780,745A6287,1065,0.943911075592041,206.13377380371094,29.66977310180664,142517.265625,E,1128.309326171875
765,827,745A6287,1066,1.0476056337356567,221.79364013671875,27.789968490600586,134528.734375,E,1137.239990234375
766,771,745A6287,1067,0.11188088357448578,23.512208938598633,29.04564666748047,15579.208984375,E,1243.5958251953125
767,769,745A6287,1068,0.6448754072189331,35.843284606933594,16.398210525512695,7569.908203125,E,755.6626586914062
767,1017,745A6287,1069,2.5156826972961426,744.7028198242188,35.800079345703125,749619.4375,F,372.3536376953125
768,777,745A6287,1070,0.18551018834114075,39.6931266784668,29.3197021484375,26799.353515625,E,834.1861572265625
768,788,745A6287,1071,0.4221884608268738,74.01805114746094,23.209835052490234,31316.38671875,E,858.55078125
769,779,745A6287,1072,0.1904764473438263,39.06420135498047,28.628170013427734,25145.251953125,E,778.5518798828125
770,780,745A6287,1073,1.3363488912582397,300.1509704589844,30.39027214050293,217720.25,E,1324.8167724609375
771,776,745A6287,1074,0.41590577363967896,70.3524169921875,26.72132110595703,39453.4296875,E,1285.09228515625
771,781,745A6287,1075,0.9593642354011536,39.064205169677734,11.061233520507812,3753.842041015625,E,1263.6217041015625
772,779,745A6287,1076,1.0836135149002075,57.39241409301758,14.884258270263672,9986.1650390625,E,769.9629516601562
772,1017,745A6287,1077,2.529324531555176,749.0341796875,35.800079345703125,753979.375,F,374.5176086425781
773,787,745A6287,1078,0.21593838930130005,42.100921630859375,27.914823532104492,25766.251953125,E,1545.8121337890625
774,775,745A6287,1079,0.6663708090782166,66.94728088378906,17.611080169677734,16307.779296875,E,931.6831665039062
774,794,745A6287,1080,0.316834419965744,61.50277328491211,28.851308822631836,40208.2890625,E,934.907958984375
775,782,745A6287,1081,0.10683173686265945,25.47528076171875,30.908838272094727,19114.99609375,E,964.7727661132812
776,778,745A6287,1082,0.02975495345890522,7.331283092498779,31.38861083984375,5673.0166015625,E,1319.9288330078125
777,783,745A6287,1083,0.1803073287010193,39.064205169677734,29.45441246032715,26617.64453125,E,839.0213012695312
777,784,745A6287,1084,0.07898662984371185,20.920207977294922,26.3347225189209,11394.9755859375,E,852.9161376953125
778,816,745A6287,1085,2.2675280570983887,490.6117858886719,30.080352783203125,348653.25,E,1532.7520751953125
778,817,745A6287,1086,0.45718324184417725,110.93499755859375,29.44416046142578,75536.4921875,E,1346.0938720703125
779,803,745A6287,1087,0.26525282859802246,67.1314926147461,31.796045303344727,53304.3203125,E,815.2508544921875
780,859,745A6287,1088,2.445943593978882,455.4737548828125,29.25665855407715,306198.25,E,1422.3460693359375
782,794,745A6287,1089,0.14210198819637299,51.134769439697266,24.73508644104004,24571.578125,E,965.2218627929688
782,815,745A6287,1090,0.4019392430782318,92.60678100585938,27.403291702270508,54618.29296875,E,1004.2182006835938
783,798,745A6287,1091,0.22595462203025818,46.39548873901367,29.044376373291016,30739.001953125,E,856.1343994140625
784,788,745A6287,1092,0.1764831244945526,36.91692352294922,29.344053268432617,24966.380859375,E,876.2367553710938
784,798,745A6287,1093,0.14795151352882385,46.57969284057617,19.914691925048828,14508.8720703125,E,869.7785034179688
786,806,745A6287,1094,0.6490970253944397,71.42605590820312,21.95661163330078,27044.390625,E,800.9514770507812
786,1017,745A6287,1095,2.5749876499176025,768.3870239257812,35.800079345703125,773460.0,F,384.19573974609375
787,795,745A6287,1096,0.09337575733661652,19.217641830444336,22.492462158203125,7635.9658203125,E,1561.7655029296875
787,797,745A6287,1097,0.2981971502304077,34.32492446899414,9.534494400024414,2450.726318359375,E,1551.7369384765625
788,799,745A6287,1098,0.6730616092681885,111.37969970703125,25.164222717285156,55394.02734375,E,924.43017578125
788,805,745A6287,1099,0.3010013699531555,63.65005111694336,29.259830474853516,42798.8671875,E,913.4833374023438
789,809,745A6287,1100,1.167443871498108,105.93518829345703,19.142175674438477,30486.86328125,E,1065.739013671875
789,810,745A6287,1101,0.34108760952949524,69.09455871582031,28.855253219604492,45183.87890625,E,1040.130615234375
790,800,745A6287,1102,0.17800645530223846,50.69004821777344,33.73157501220703,45298.70703125,E,1522.672607421875
792,796,745A6287,1103,0.1714189499616623,36.027488708496094,29.16254425048828,24064.380859375,E,1595.165771484375
792,804,745A6287,1104,0.18748772144317627,40.58256149291992,13.89515495300293,6153.98046875,E,1614.9075927734375
793,807,745A6287,1105,0.6640880703926086,55.689849853515625,19.33936882019043,16358.765625,E,803.1641235351562
793,1017,745A6287,1106,2.590017318725586,777.1160278320312,35.800079345703125,782246.625,F,388.5601806640625
794,799,745A6287,1107,0.10372219979763031,24.585847854614258,30.750778198242188,18259.431640625,E,966.5523071289062
795,796,745A6287,1108,0.09498436003923416,22.883283615112305,31.05430793762207,17332.130859375,E,1577.3167724609375
795,797,745A6287,1109,0.0806855857372284,15.107283592224121,27.553131103515625,9007.7890625,E,1562.47119140625
796,804,745A6287,1110,0.1769794225692749,42.72984313964844,25.578466415405273,21956.857421875,E,1603.764892578125
797,800,745A6287,1111,0.10060613602399826,26.10420799255371,32.21308517456055,21274.77734375,E,1551.81884765625
798,802,745A6287,1112,0.047015827149152756,12.51528263092041,32.600242614746094,10446.5341796875,E,882.0133666992188
799,813,745A6287,1113,0.1839059442281723,45.32184600830078,19.743247985839844,13875.0537109375,E,982.4403076171875
800,816,745A6287,1114,0.17798954248428345,53.282047271728516,29.233694076538086,35763.3515625,E,1567.7337646484375
801,803,745A6287,1115,0.4657231271266937,30.659282684326172,14.108612060546875,4793.1435546875,E,832.8240356445312
802,832,745A6287,1116,0.6108424663543701,122.37661743164062,26.824384689331055,69158.859375,E,942.6232299804688
802,840,745A6287,1117,0.6598535180091858,120.22935485839844,28.270463943481445,75468.59375,E,928.4363403320312
803,825,745A6287,1118,0.2749614417552948,73.83384704589844,32.7529411315918,62207.96484375,E,868.7239379882812
804,839,745A6287,1119,0.7170828580856323,188.54237365722656,32.45380401611328,155966.046875,E,1707.8839111328125
805,813,745A6287,1120,0.45498934388160706,76.61004638671875,24.098098754882812,34941.47265625,E,966.874755859375
805,871,745A6287,1121,0.9572579860687256,200.68923950195312,28.021595001220703,123765.5234375,E,1030.7222900390625
806,807,745A6287,1122,0.7763753533363342,30.659282684326172,12.322164535522461,3656.165771484375,E,829.3636474609375
806,830,745A6287,1123,3.2205939292907715,91.27262115478516,9.665711402893066,6697.27392578125,E,867.8651733398438
807,830,745A6287,1124,0.7407513856887817,78.57312774658203,21.120805740356445,27528.650390625,E,863.9496459960938
808,843,745A6287,1125,0.4680536985397339,124.44763946533203,32.69134521484375,104458.09375,E,1219.435546875
808,901,745A6287,1126,2.1998846530914307,301.593017578125,25.40799331665039,152915.625,E,1260.7645263671875
809,810,745A6287,1127,0.8884418606758118,74.90748596191406,17.93765640258789,18929.8203125,E,1088.645263671875
809,822,745A6287,1128,0.2313631772994995,38.61948776245117,25.79176902770996,20177.095703125,E,1126.082275390625
810,812,745A6287,1129,0.014104379341006279,3.6656415462493896,32.24244689941406,2992.92529296875,E,1065.154296875
811,837,745A6287,1130,0.440787672996521,102.009033203125,30.559173583984375,74818.96875,E,860.6810302734375
811,1017,745A6287,1131,2.6607627868652344,819.2196044921875,35.800079345703125,824628.1875,F,409.6117858886719
812,815,745A6287,1132,0.19941361248493195,57.20820617675781,29.264188766479492,38478.7734375,E,1048.2667236328125
812,821,745A6287,1133,0.11511991173028946,26.54892349243164,30.557138442993164,19469.830078125,E,1076.1015625
813,820,745A6287,1134,0.10325532406568527,33.435489654541016,25.889509201049805,17601.318359375,E,1009.766357421875
814,817,745A6287,1135,0.3198271095752716,85.2754898071289,32.75790023803711,71869.765625,E,1337.3380126953125
814,819,745A6287,1136,0.1470998227596283,46.395484924316406,27.465036392211914,27486.912109375,E,1291.3408203125
814,824,745A6287,1137,0.04747121036052704,36.47220993041992,17.574777603149414,8847.7255859375,E,1311.865966796875
815,818,745A6287,1138,0.015789087861776352,3.6656415462493896,30.47378921508789,2673.57763671875,E,1035.065185546875
816,878,745A6287,1139,1.0744373798370361,236.01145935058594,29.90605926513672,165783.515625,E,1697.8330078125
817,847,745A6287,1140,0.6487212181091309,106.37992095947266,25.582216262817383,54679.66796875,E,1394.804443359375
818,820,745A6287,1141,0.1454993635416031,41.65620803833008,27.6622314453125,25034.79296875,E,1028.0361328125
818,826,745A6287,1142,0.17522744834423065,38.435279846191406,29.690427780151367,26610.486328125,E,1049.473876953125
819,824,745A6287,1143,0.16017025709152222,38.61948776245117,31.15403938293457,29439.140625,E,1299.4556884765625
820,829,745A6287,1144,0.16365721821784973,44.432411193847656,26.1097412109375,23790.025390625,E,1044.55029296875
821,828,745A6287,1145,0.3950159251689911,55.2451286315918,20.606761932373047,18424.826171875,E,1110.822998046875
821,834,745A6287,1146,0.1994975209236145,50.5058479309082,26.09787940979004,27017.302734375,E,1100.709228515625
822,828,745A6287,1147,0.3078334927558899,36.027488708496094,17.785694122314453,8950.875,E,1136.2108154296875
822,844,745A6287,1148,0.560642421245575,61.50277328491211,21.19002342224121,21689.396484375,E,1167.1165771484375
823,845,745A6287,1149,0.777216374874115,74.20225524902344,20.256933212280273,23914.12109375,E,876.43310546875
823,1017,745A6287,1150,2.697523355484009,846.279052734375,35.800079345703125,851866.3125,F,423.1412353515625
824,847,745A6287,1151,0.5224093198776245,100.30647277832031,28.002124786376953,61773.3046875,E,1364.3125
825,831,745A6287,1152,0.14549438655376434,33.435489654541016,30.38507652282715,24244.779296875,E,906.9012451171875
825,842,745A6287,1153,0.17995469272136688,48.54277038574219,27.97835350036621,29844.119140625,E,920.129638671875
826,829,745A6287,1154,0.04579015448689461,10.99692440032959,30.97694206237793,8287.7802734375,E,1065.1856689453125
826,835,745A6287,1155,0.20141112804412842,54.80040740966797,29.184324264526367,36658.35546875,E,1087.881103515625
827,838,745A6287,1156,0.19280236959457397,40.76676940917969,29.27591323852539,27442.083984375,E,1257.1351318359375
827,846,745A6287,1157,0.2676447033882141,52.65312957763672,28.41938591003418,33399.76953125,E,1248.5040283203125
828,844,745A6287,1158,0.4636092185974121,66.686767578125,19.443050384521484,19799.6875,E,1163.3533935546875
829,871,745A6287,1159,0.5065529942512512,116.74793243408203,30.71513557434082,86505.546875,E,1097.2015380859375
830,833,745A6287,1160,0.028268232941627502,6.257641315460205,29.748708724975586,4349.47412109375,E,902.4298706054688
831,836,745A6287,1161,0.057289548218250275,10.99692440032959,27.708988189697266,6631.357421875,E,919.4931640625
831,842,745A6287,1162,0.14165037870407104,41.65620803833008,18.377788543701172,11049.8427734375,E,929.4999389648438
832,868,745A6287,1163,0.371798038482666,90.0147705078125,28.160146713256836,56062.6328125,E,1027.4310302734375
832,885,745A6287,1164,1.1422456502914429,171.17991638183594,24.467483520507812,80486.1796875,E,1077.709716796875
833,836,745A6287,1165,0.27335238456726074,53.54256057739258,19.911529541015625,16672.404296875,E,913.5143432617188
833,837,745A6287,1166,0.2131257951259613,46.211280822753906,29.55331802368164,31699.353515625,E,901.254638671875
834,835,745A6287,1167,0.009327338077127934,2.5920000076293945,33.340232849121094,2262.88330078125,E,1112.271240234375
834,866,745A6287,1168,0.453043133020401,103.97211456298828,30.376585006713867,75350.2421875,E,1162.3671875
835,875,745A6287,1169,0.45070165395736694,103.60369873046875,28.090656280517578,64207.9609375,E,1137.543701171875
836,856,745A6287,1170,0.19708573818206787,58.726558685302734,28.916044235229492,38565.7890625,E,947.6100463867188
837,867,745A6287,1171,0.3402141034603119,90.38318634033203,26.297222137451172,49090.4765625,E,938.8128051757812
838,846,745A6287,1172,0.019286558032035828,32.361846923828125,23.18569564819336,13663.546875,E,1272.6954345703125
838,889,745A6287,1173,1.1380252838134766,302.8824462890625,32.64969253540039,253584.203125,E,1416.8165283203125
840,853,745A6287,1174,0.4681345820426941,97.5302734375,23.730228424072266,43135.33203125,E,975.8147583007812
840,861,745A6287,1175,0.23757247626781464,68.64984893798828,29.518306732177734,46979.92578125,E,1001.6372680664062
841,848,745A6287,1176,0.21878546476364136,47.0244140625,29.701271057128906,32580.921875,E,907.277587890625
841,1017,745A6287,1177,2.8015384674072266,889.2977905273438,35.800079345703125,895169.0625,F,444.6502685546875
842,853,745A6287,1178,0.2273479700088501,51.57948684692383,30.25016212463379,37069.9765625,E,963.8346557617188
843,852,745A6287,1179,1.6782517433166504,193.80267333984375,23.75868034362793,85920.0,E,1352.16357421875
843,931,745A6287,1180,1.2490136623382568,338.0652160644531,33.01223373413086,289361.15625,E,1426.20654296875
844,870,745A6287,1181,0.9367773532867432,80.72040557861328,19.07261848449707,23061.8359375,E,1219.5904541015625
845,854,745A6287,1182,0.6633740067481995,56.94769287109375,16.960538864135742,12866.0517578125,E,923.6071166992188
845,855,745A6287,1183,0.4002729654312134,77.23897552490234,24.583341598510742,36661.33203125,E,918.8148193359375
846,915,745A6287,1184,1.031470537185669,242.237548828125,31.530685424804688,189146.4375,E,1354.5125732421875
847,852,745A6287,1185,0.15116193890571594,28.067279815673828,27.355998992919922,16496.63671875,E,1421.0054931640625
848,855,745A6287,1186,0.10664999485015869,26.10420799255371,31.24178695678711,20011.154296875,E,933.56103515625
848,862,745A6287,1187,0.18138067424297333,39.248409271240234,23.9404239654541,17667.521484375,E,938.3898315429688
849,851,745A6287,1188,3.326033592224121,17.699283599853516,8.857815742492676,1090.683837890625,E,1103.7286376953125
849,1017,745A6287,1189,3.65335750579834,1097.368408203125,35.800079345703125,1104613.375,F,548.685546875
850,860,745A6287,1190,0.15992987155914307,40.58256530761719,32.01069259643555,32660.251953125,E,943.77392578125
850,1017,745A6287,1191,3.0295333862304688,937.5196533203125,35.800079345703125,943709.25,F,468.75982666015625
852,873,745A6287,1192,0.17828363180160522,45.50605392456055,31.866350173950195,36293.0703125,E,1454.51025390625
853,863,745A6287,1193,0.06688319891691208,18.144001007080078,32.895530700683594,15420.439453125,E,996.3020629882812
854,858,745A6287,1194,0.192563995718956,13.588926315307617,16.865280151367188,3035.72314453125,E,948.453857421875
854,864,745A6287,1195,1.3725123405456543,55.2451286315918,10.660430908203125,4930.98193359375,E,962.1220703125
855,865,745A6287,1196,0.08829076588153839,19.846567153930664,30.035253524780273,14061.7021484375,E,946.5615844726562
856,867,745A6287,1197,0.18139556050300598,40.137847900390625,30.023637771606445,28416.501953125,E,973.8504028320312
856,882,745A6287,1198,0.36563897132873535,89.57006072998047,31.332870483398438,69064.21875,E,1011.9236450195312
857,860,745A6287,1199,2.1303627490997314,103.60371398925781,17.782987594604492,25732.06640625,E,967.6245727539062
857,1017,745A6287,1200,3.0672054290771484,946.310791015625,35.800079345703125,952558.4375,F,473.1571044921875
858,864,745A6287,1201,0.2851295471191406,13.588924407958984,13.893121719360352,2060.03515625,E,959.6370849609375
860,862,745A6287,1202,0.22350960969924927,37.99056625366211,26.461639404296875,20892.921875,E,948.4708251953125
861,868,745A6287,1203,0.22327513992786407,56.134559631347656,32.08658981323242,45390.7421875,E,1045.12158203125
861,869,745A6287,1204,0.053354401141405106,14.662566184997559,33.084083557128906,12604.8623046875,E,1033.4425048828125
862,893,745A6287,1205,1.7637332677841187,109.232421875,14.972321510314941,19231.791015625,E,1000.7982177734375
863,869,745A6287,1206,0.4627361297607422,73.20491790771484,20.32805633544922,23758.654296875,E,1019.7589111328125
863,894,745A6287,1207,0.632051944732666,126.04228973388672,28.43375587463379,80034.015625,E,1060.6656494140625
864,877,745A6287,1208,0.32875195145606995,37.54584884643555,16.278051376342773,7813.6982421875,E,978.9500732421875
865,881,745A6287,1209,0.4237847626209259,88.86482238769531,29.028139114379883,58810.9453125,E,985.33984375
865,899,745A6287,1210,0.7524083256721497,142.03897094726562,25.495113372802734,72512.234375,E,1017.5517578125
866,874,745A6287,1211,0.08555881679058075,24.585847854614258,28.379858016967773,15552.3310546875,E,1210.511474609375
866,901,745A6287,1212,0.666702389717102,158.14358520507812,30.9970703125,119339.1015625,E,1282.5560302734375
867,876,745A6287,1213,0.11466385424137115,25.03056526184082,29.53411865234375,17147.8046875,E,988.3341674804688
868,890,745A6287,1214,0.44147899746894836,94.12513732910156,29.597230911254883,64758.6328125,E,1100.3291015625
869,872,745A6287,1215,0.010543749667704105,2.5920000076293945,31.358116149902344,2001.8189697265625,E,1037.4908447265625
871,883,745A6287,1216,0.27655282616615295,72.49969482421875,32.53976821899414,60291.34765625,E,1155.284912109375
872,888,745A6287,1217,0.7955834269523621,93.680419921875,22.948211669921875,38746.8515625,E,1081.0589599609375
872,894,745A6287,1218,1.5817821025848389,114.60063934326172,14.74221420288086,19561.509765625,E,1079.174072265625
873,887,745A6287,1219,0.4732545018196106,114.96904754638672,31.195772171020508,87874.3828125,E,1527.72802734375
873,896,745A6287,1220,0.4973784387111664,110.30607604980469,28.703969955444336,71379.4609375,E,1501.424560546875
874,875,745A6287,1221,0.4713555574417114,82.68348693847656,26.798229217529297,46635.953125,E,1189.630126953125
874,909,745A6287,1222,2.865293502807617,167.06954956054688,26.709009170532227,93605.796875,E,1263.65185546875
875,883,745A6287,1223,0.4924291670322418,69.9076919555664,20.451387405395508,22964.6796875,E,1184.7574462890625
876,877,745A6287,1224,0.17431297898292542,34.32492446899414,28.09055519104004,21272.576171875,E,998.1322021484375
876,882,745A6287,1225,0.49088484048843384,71.42605590820312,21.83378791809082,26742.666015625,E,1027.52978515625
877,880,745A6287,1226,0.5176450610160828,75.09169006347656,22.14841079711914,28931.23046875,E,1002.0779418945312
879,886,745A6287,1227,0.24218326807022095,53.282047271728516,30.459440231323242,38825.28125,E,1031.98876953125
879,1017,745A6287,1228,3.355752944946289,1015.2205810546875,35.800079345703125,1021923.1875,F,507.6120300292969
880,881,745A6287,1229,0.05268409103155136,15.107283592224121,25.980989456176758,8009.1728515625,E,1018.3836059570312
880,891,745A6287,1230,0.8765379786491394,152.406982421875,25.56012535095215,78202.515625,E,1047.8447265625
881,903,745A6287,1231,0.38413718342781067,80.09148406982422,28.882484436035156,52474.140625,E,1056.8189697265625
882,891,745A6287,1232,0.1218576654791832,31.732921600341797,32.272945404052734,25958.353515625,E,1062.2139892578125
883,907,745A6287,1233,0.3769010603427887,99.04862213134766,32.406925201416016,81698.4765625,E,1237.9464111328125
884,897,745A6287,1234,0.25523048639297485,53.54256057739258,29.22149658203125,35908.2265625,E,1075.234130859375
884,1017,745A6287,1235,3.5017027854919434,1052.035888671875,35.800079345703125,1058981.5,F,526.0189819335938
885,902,745A6287,1236,0.31171053647994995,75.72061157226562,31.635103225708008,59517.203125,E,1184.7022705078125
885,928,745A6287,1237,0.7873754501342773,174.03240966796875,30.50745964050293,127213.1796875,E,1220.7867431640625
886,905,745A6287,1238,0.7811492681503296,149.73866271972656,25.282299041748047,75172.1484375,E,1065.4625244140625
886,920,745A6287,1239,0.643774688243866,141.51800537109375,29.785362243652344,98606.9140625,E,1100.265869140625
888,890,745A6287,1240,0.24911469221115112,29.58563995361328,23.004423141479492,12296.8408203125,E,1130.0565185546875
888,926,745A6287,1241,1.7952752113342285,160.81190490722656,19.98084831237793,50423.84375,E,1189.8690185546875
890,925,745A6287,1242,1.1774075031280518,142.29949951171875,21.595230102539062,52120.54296875,E,1202.790771484375
891,892,745A6287,1243,0.014559770934283733,3.6656415462493896,31.73421287536621,2899.314453125,E,1076.6964111328125
892,898,745A6287,1244,0.44332319498062134,75.53640747070312,24.09238624572754,34435.453125,E,1094.0985107421875
892,917,745A6287,1245,0.3616259694099426,92.42256164550781,31.945051193237305,74075.578125,E,1120.2281494140625
894,912,745A6287,1246,0.21766690909862518,57.20820617675781,32.435089111328125,47269.21484375,E,1145.05615234375
895,900,745A6287,1247,0.5843832492828369,26.10420799255371,15.468424797058105,4905.60498046875,E,1198.0771484375
895,1017,745A6287,1248,4.000298976898193,1187.0001220703125,35.800079345703125,1194836.875,F,593.501953125
897,942,745A6287,1249,0.6988146901130676,176.1796875,31.841894149780273,140295.4375,E,1176.8372802734375
897,948,745A6287,1250,1.6457042694091797,269.52325439453125,25.572795867919922,138433.9375,E,1173.7978515625
899,905,745A6287,1251,0.30020326375961304,53.09784698486328,27.374088287353516,31249.71875,E,1087.581298828125
899,916,745A6287,1252,0.2896045446395874,59.35548782348633,28.642208099365234,38244.0390625,E,1106.933837890625
901,921,745A6287,1253,0.36791303753852844,102.45377349853516,33.378273010253906,89649.03125,E,1404.8668212890625
902,907,745A6287,1254,1.2928662300109863,99.04861450195312,16.530860900878906,21258.333984375,E,1250.1300048828125
902,914,745A6287,1255,0.3844733238220215,45.32184600830078,24.457551956176758,21292.34375,E,1237.456787109375
903,918,745A6287,1256,0.32931455969810486,67.3156967163086,25.95614242553711,35619.390625,E,1119.1990966796875
903,932,745A6287,1257,0.5724011659622192,130.15261840820312,30.251970291137695,93551.3671875,E,1151.2388916015625
904,911,745A6287,1258,2.189830780029297,24.401639938354492,14.336301803588867,3938.974365234375,E,1146.508544921875
904,1017,745A6287,1259,3.816481590270996,1135.8314208984375,35.800079345703125,1143330.25,F,567.912841796875
905,908,745A6287,1260,0.056162819266319275,14.033641815185547,31.60545539855957,11009.9248046875,E,1103.5367431640625
906,911,745A6287,1261,0.8785933256149292,27.17784881591797,16.417129516601562,5753.06689453125,E,1154.3323974609375
906,1017,745A6287,1262,3.8575046062469482,1147.026611328125,35.800079345703125,1154599.375,F,573.514892578125
907,913,745A6287,1263,0.06411946564912796,17.254566192626953,32.7879524230957,14568.7578125,E,1288.1231689453125
908,916,745A6287,1264,0.3709375262260437,61.50277328491211,21.475250244140625,22277.22265625,E,1122.028076171875
908,919,745A6287,1265,0.24691376090049744,61.686973571777344,27.322729110717773,36168.5859375,E,1129.867431640625
910,911,745A6287,1266,2.3788087368011475,15.107283592224121,3.893082618713379,179.83056640625,E,1156.959716796875
912,924,745A6287,1267,0.3576606512069702,75.53640747070312,29.243858337402344,50735.921875,E,1206.6282958984375
912,938,745A6287,1268,0.8816475868225098,168.06689453125,28.365882873535156,106209.8125,E,1215.8446044921875
913,933,745A6287,1269,0.30948781967163086,93.680419921875,28.3900203704834,59302.10546875,E,1335.199462890625
913,936,745A6287,1270,0.9354870319366455,219.6463623046875,31.358407974243164,169637.515625,E,1383.8037109375
914,934,745A6287,1271,2.297636032104492,122.11614990234375,14.538239479064941,20271.53515625,E,1308.370361328125
914,937,745A6287,1272,0.9021098017692566,132.29989624023438,22.704395294189453,53563.5390625,E,1316.12158203125
916,927,745A6287,1273,0.21657878160476685,62.392208099365234,28.729049682617188,40444.8046875,E,1161.2763671875
917,938,745A6287,1274,0.5417479872703552,115.6742935180664,27.10688018798828,66755.3046875,E,1213.431396484375
917,940,745A6287,1275,0.8308559656143188,130.3368682861328,22.280439376831055,50816.4921875,E,1205.1180419921875
918,922,745A6287,1276,0.34231364727020264,32.361846923828125,16.56338882446289,6973.03076171875,E,1159.2022705078125
918,923,745A6287,1277,0.22981496155261993,40.137847900390625,26.503742218017578,22144.1171875,E,1159.396484375
919,920,745A6287,1278,0.01989639550447464,5.184000015258789,32.283103942871094,4243.31689453125,E,1151.439453125
919,927,745A6287,1279,0.5323284864425659,110.4902572631836,29.124359130859375,73608.265625,E,1177.4786376953125
920,948,745A6287,1280,0.6566804647445679,126.48699951171875,26.70711326599121,70858.125,E,1206.9468994140625
921,935,745A6287,1281,0.4347398281097412,109.15613555908203,31.870540618896484,87079.6953125,E,1500.327392578125
921,967,745A6287,1282,14.989084243774414,212.6519012451172,29.342212677001953,143795.359375,E,1529.0263671875
922,923,745A6287,1283,0.15342313051223755,29.14092445373535,19.888940811157227,9053.5,E,1177.637939453125
923,929,745A6287,1284,0.16643951833248138,29.769847869873047,26.712844848632812,16684.25390625,E,1187.2972412109375
924,926,745A6287,1285,0.06605421006679535,18.772924423217773,27.58294677734375,11217.6826171875,E,1246.59619140625
924,972,745A6287,1286,1.0123974084854126,215.87281799316406,29.65553092956543,149107.421875,E,1326.659912109375
926,939,745A6287,1287,0.30197635293006897,65.79733276367188,29.534761428833008,45078.046875,E,1283.8433837890625
927,930,745A6287,1288,0.04656468704342842,10.99692440032959,30.68216896057129,8130.79931640625,E,1193.654052734375
928,946,745A6287,1289,0.35490620136260986,73.57333374023438,25.867141723632812,38664.03515625,E,1313.4681396484375
928,953,745A6287,1290,0.6178220510482788,123.00556945800781,26.890729904174805,69858.5859375,E,1348.368408203125
929,930,745A6287,1291,0.1911921501159668,41.027278900146484,23.116573333740234,17219.0625,E,1197.6781005859375
929,944,745A6287,1292,0.9542845487594604,65.16840362548828,16.84291648864746,14519.8310546875,E,1224.5086669921875
930,941,745A6287,1293,0.2651973366737366,43.61928176879883,25.97142219543457,23107.865234375,E,1218.310791015625
931,935,745A6287,1294,0.07946820557117462,39.6931266784668,17.923765182495117,10015.29296875,E,1553.7735595703125
931,945,745A6287,1295,0.33631691336631775,55.2451286315918,26.396133422851562,30231.833984375,E,1577.8798828125
932,940,745A6287,1296,0.2295634001493454,52.208404541015625,26.437618255615234,28659.919921875,E,1229.566650390625
932,943,745A6287,1297,0.3005671501159668,56.50297164916992,27.79987144470215,34296.2578125,E,1227.6114501953125
933,934,745A6287,1298,0.09839725494384766,21.809640884399414,29.83905792236328,15251.361328125,E,1369.642822265625
933,973,745A6287,1299,0.7381429076194763,199.43136596679688,33.014068603515625,170718.84375,E,1462.7734375
934,937,745A6287,1300,0.25935181975364685,49.61640930175781,28.489131927490234,31628.138671875,E,1372.666015625
935,945,745A6287,1301,0.16620327532291412,49.43220901489258,27.942771911621094,30313.6953125,E,1573.6346435546875
937,953,745A6287,1302,0.3353666663169861,84.75445556640625,32.105831146240234,68615.1875,E,1391.131103515625
938,974,745A6287,1303,0.564227819442749,148.55712890625,32.452392578125,122878.7734375,E,1334.2979736328125
939,946,745A6287,1304,0.1281183660030365,36.47220993041992,24.810596466064453,17633.005859375,E,1324.7174072265625
939,952,745A6287,1305,0.5280520915985107,54.6161994934082,19.601364135742188,16481.015625,E,1334.2841796875
940,954,745A6287,1306,0.24532410502433777,63.46584701538086,32.1947135925293,51665.31640625,E,1278.8896484375
941,944,745A6287,1307,0.036663297563791275,7.331283092498779,28.27143669128418,4602.201171875,E,1241.6671142578125
941,950,745A6287,1308,0.9670659899711609,99.67755126953125,17.73094367980957,24612.2265625,E,1251.315673828125
942,958,745A6287,1309,0.6083480715751648,147.77560424804688,28.166961669921875,92081.5546875,E,1286.810546875
942,982,745A6287,1310,0.8933707475662231,244.6453399658203,33.211029052734375,211929.53125,E,1368.3800048828125
943,949,745A6287,1311,1.7326810359954834,79.83097076416016,11.714823722839355,8604.6416015625,E,1254.7890625
943,956,745A6287,1312,0.4990140199661255,88.68062591552734,24.39021110534668,41433.3203125,E,1279.642333984375
944,947,745A6287,1313,0.07249940931797028,15.107283592224121,28.884706497192383,9899.4755859375,E,1250.748291015625
945,963,745A6287,1314,0.5772956013679504,110.75077819824219,28.75848960876465,71939.7265625,E,1633.394287109375
946,955,745A6287,1315,0.2420153170824051,55.2451286315918,30.250167846679688,39704.47265625,E,1357.86572265625
947,949,745A6287,1316,0.18196725845336914,34.9538459777832,23.1043758392334,14654.5791015625,E,1263.6142578125
947,961,745A6287,1317,0.5059642195701599,96.27241516113281,27.642616271972656,57776.33984375,E,1299.909423828125
948,950,745A6287,1318,0.09545321762561798,27.17784881591797,33.71745300292969,24266.91015625,E,1272.0008544921875
949,956,745A6287,1319,0.2611043453216553,44.87712860107422,26.829402923583984,25370.962890625,E,1291.9908447265625
950,951,745A6287,1320,0.009270722046494484,2.5920000076293945,33.4418830871582,2276.70263671875,E,1282.0224609375
950,962,745A6287,1321,0.46893057227134705,77.23897552490234,24.071958541870117,35151.93359375,E,1312.319580078125
951,958,745A6287,1322,0.2671266198158264,57.39241409301758,29.63707160949707,39592.68359375,E,1306.205810546875
952,955,745A6287,1323,0.34891295433044434,32.80656814575195,15.894697189331055,6509.61328125,E,1367.6627197265625
952,959,745A6287,1324,0.894763708114624,60.42912673950195,13.485661506652832,8631.3896484375,E,1377.997802734375
953,975,745A6287,1325,0.3604554235935211,97.790771484375,32.93074417114258,83289.6171875,E,1448.0528564453125
954,957,745A6287,1326,2.2770230770111084,114.78485107421875,17.62403678894043,28001.75390625,E,1316.0419921875
954,970,745A6287,1327,0.3153233826160431,79.01783752441406,31.698463439941406,62357.8984375,E,1343.2156982421875
955,964,745A6287,1328,0.29759082198143005,61.50277328491211,28.81258773803711,40100.4375,E,1398.1295166015625
956,957,745A6287,1329,0.010049192234873772,2.5920000076293945,32.1204719543457,2100.335693359375,E,1311.9879150390625
957,965,745A6287,1330,0.27934199571609497,52.20840835571289,28.20526695251465,32620.51171875,E,1330.8489990234375
958,960,745A6287,1331,0.061518989503383636,15.107283592224121,31.324234008789062,11642.2568359375,E,1336.493896484375
959,964,745A6287,1332,0.49215060472488403,30.214567184448242,11.963859558105469,3396.63525390625,E,1410.625732421875
959,971,745A6287,1333,0.7319482564926147,57.837127685546875,15.58104133605957,11027.8173828125,E,1419.419677734375
960,968,745A6287,1334,0.3063325583934784,52.65312576293945,18.578540802001953,14273.7216796875,E,1347.5350341796875
960,988,745A6287,1335,0.6806803941726685,182.88206481933594,32.8477783203125,154979.0625,E,1429.09619140625
961,962,745A6287,1336,0.07723299413919449,20.291284561157227,27.031341552734375,11644.869140625,E,1344.394775390625
961,966,745A6287,1337,0.07190681248903275,14.662566184997559,28.607547760009766,9424.5615234375,E,1347.847412109375
962,968,745A6287,1338,0.13228917121887207,24.585847854614258,22.9247989654541,10148.1318359375,E,1352.173583984375
964,971,745A6287,1339,0.12736830115318298,26.10420799255371,28.61929702758789,16792.615234375,E,1427.4722900390625
965,966,745A6287,1340,0.2103056162595749,39.5089225769043,27.666975021362305,23752.44921875,E,1354.7843017578125
965,969,745A6287,1341,0.06591667234897614,17.254566192626953,28.644140243530273,11118.994140625,E,1357.6309814453125
966,976,745A6287,1342,0.17556393146514893,42.28512954711914,17.845157623291016,10575.923828125,E,1369.900146484375
968,976,745A6287,1343,0.24896621704101562,37.10112762451172,24.881505966186523,18039.7421875,E,1375.2186279296875
969,979,745A6287,1344,0.5172639489173889,100.12226104736328,26.26051902770996,54228.4453125,E,1380.5718994140625
969,981,745A6287,1345,0.3836442232131958,84.83076477050781,27.25360679626465,49487.01171875,E,1398.17333984375
970,978,745A6287,1346,0.1380089521408081,30.843490600585938,30.02450942993164,21837.6171875,E,1392.46337890625
970,979,745A6287,1347,0.3927769958972931,64.27897644042969,20.32771873474121,20861.048828125,E,1393.9197998046875
971,989,745A6287,1348,0.6618630886077881,161.8855438232422,31.502965927124023,126183.0,E,1497.320556640625
973,980,745A6287,1349,0.4582391083240509,121.48719024658203,32.64038848876953,101655.53125,E,1594.1455078125
973,996,745A6287,1350,1.127406120300293,267.34442138671875,31.65011215209961,210334.984375,E,1667.9100341796875
974,977,745A6287,1351,0.159001886844635,40.137847900390625,26.01938819885254,21342.146484375,E,1406.8355712890625
974,984,745A6287,1352,0.44290268421173096,109.232421875,31.47462272644043,84988.9609375,E,1454.055419921875
976,981,745A6287,1353,0.21040180325508118,50.24533462524414,30.907480239868164,37697.5234375,E,1404.9049072265625
977,978,745A6287,1354,0.3653106689453125,51.39527893066406,19.928632736206055,16031.275390625,E,1407.828369140625
977,983,745A6287,1355,1.9987707138061523,107.71405792236328,13.503999710083008,15427.1982421875,E,1456.1192626953125
978,983,745A6287,1356,0.40302538871765137,91.08841705322266,30.04878044128418,64596.1640625,E,1444.810302734375
979,997,745A6287,1357,1.8701775074005127,245.0137481689453,26.699609756469727,137179.796875,E,1519.6868896484375
981,992,745A6287,1358,0.5085293054580688,126.30277252197266,31.550365447998047,98744.1875,E,1481.5802001953125
982,987,745A6287,1359,0.2214934378862381,50.69004821777344,25.994539260864258,26901.521484375,E,1501.3775634765625
982,998,745A6287,1360,0.7332512140274048,201.5786590576172,33.279842376708984,175346.421875,E,1573.1829833984375
983,994,745A6287,1361,0.3223196566104889,86.1649169921875,32.68107604980469,72279.15625,E,1528.0684814453125
984,995,745A6287,1362,2.2009341716766357,134.00250244140625,14.928759574890137,23455.798828125,E,1552.55224609375
984,1001,745A6287,1363,1.159730315208435,309.7374267578125,32.89567184448242,263245.59375,E,1644.2574462890625
985,986,745A6287,1364,5.655195713043213,24.585847854614258,4.388612270355225,371.9028625488281,E,1710.435546875
985,991,745A6287,1365,2.774019718170166,41.21148681640625,7.843457221984863,1991.23828125,E,1705.453369140625
986,991,745A6287,1366,1.7506358623504639,22.438568115234375,9.71237564086914,1662.4017333984375,E,1722.227294921875
987,990,745A6287,1367,0.05033888667821884,36.472206115722656,22.267484664916992,14203.462890625,E,1518.1815185546875
987,993,745A6287,1368,0.18488188087940216,37.54584503173828,28.567514419555664,24065.599609375,E,1534.330810546875
988,990,745A6287,1369,0.18190550804138184,35.84328079223633,28.816940307617188,23377.248046875,E,1518.85791015625
988,999,745A6287,1370,1.2031546831130981,190.39755249023438,25.862934112548828,100024.609375,E,1599.4910888671875
990,993,745A6287,1371,0.110995814204216,31.917129516601562,25.120376586914062,15818.5263671875,E,1536.07470703125
991,996,745A6287,1372,2.132267713546753,111.74811553955078,14.568477630615234,18627.666015625,E,1742.9609375
992,997,745A6287,1373,0.5135756134986877,87.60697937011719,21.745357513427734,32535.814453125,E,1574.548583984375
992,999,745A6287,1374,1.1866638660430908,191.39483642578125,26.75613021850586,107613.484375,E,1617.6190185546875
993,1004,745A6287,1375,1.7862017154693604,315.4740295410156,27.284587860107422,184454.09375,E,1678.100830078125
994,995,745A6287,1376,0.1724863499403,41.84041213989258,26.019386291503906,22247.43359375,E,1586.78564453125
994,1003,745A6287,1377,1.5043728351593018,274.707275390625,28.358335494995117,173508.796875,E,1673.367431640625
995,1005,745A6287,1378,0.8958121538162231,250.3819580078125,33.441646575927734,219921.78125,E,1717.35595703125
996,1000,745A6287,1379,1.738460659980774,96.27241516113281,17.033655166625977,21938.52734375,E,1814.47900390625
997,1003,745A6287,1380,0.6805034875869751,165.18275451660156,31.247974395751953,126677.1640625,E,1688.826171875
998,1002,745A6287,1381,0.5440180897712708,145.62831115722656,32.826255798339844,123247.5859375,E,1727.74462890625
998,1004,745A6287,1382,0.6898900866508484,167.51426696777344,30.135948181152344,119484.4453125,E,1734.6400146484375
999,1011,745A6287,1383,2.0764341354370117,403.60211181640625,31.358415603637695,311710.5625,E,1857.77490234375
1002,1006,745A6287,1384,1.1343358755111694,268.7101745605469,30.752418518066406,199587.140625,E,1850.4388427734375
1002,1009,745A6287,1385,0.7954939007759094,216.42543029785156,33.08495330810547,186062.65625,E,1886.2171630859375
1003,1008,745A6287,1386,3.6395506858825684,192.98953247070312,29.884235382080078,135365.484375,E,1850.72802734375
1004,1007,745A6287,1387,0.4421389102935791,101.45641326904297,30.300987243652344,73161.5625,E,1850.093505859375
1007,1010,745A6287,1388,0.5714522004127502,114.15592193603516,29.08550453186035,75847.546875,E,1934.10595703125
1007,1012,745A6287,1389,5.715089321136475,193.54214477539062,28.120832443237305,120204.78125,E,1977.69970703125
1009,1013,745A6287,1390,0.6360859870910645,174.95343017578125,33.22127151489258,151650.84375,E,2056.482421875
1009,1014,745A6287,1391,0.7818431854248047,203.72596740722656,31.316822052001953,156924.828125,E,2056.31640625
1013,1015,745A6287,1392,2.6764774322509766,177.17701721191406,27.182342529296875,102818.4453125,E,2185.32275390625
1013,1016,745A6287,1393,4.983309745788574,286.4857177734375,30.57523536682129,210345.140625,E,2265.0732421875
