EndNodes_1,EndNodes_2,name,edge_id,Weight,Length,Width,Volume,Type,Distance
1,6,745A6285,1,18.034446716308594,139.70750427246094,28.654701232910156,90095.1484375,E,2303.95361328125
2,3,745A6285,2,9.361540794372559,16.180925369262695,8.477364540100098,913.3031616210938,E,2333.513916015625
2,4,745A6285,3,69.95977020263672,30.843490600585938,2.1854119300842285,115.69644927978516,E,2325.386474609375
3,4,745A6285,4,0.06992363929748535,14.033641815185547,28.132516860961914,8723.2314453125,E,2321.903564453125
4,29,745A6285,5,1.3815624713897705,327.51300048828125,30.839372634887695,244641.140625,E,2165.264892578125
5,10,745A6285,6,4.695158958435059,172.17723083496094,26.85068130493164,97493.625,E,2212.426513671875
6,7,745A6285,7,2.1679794788360596,36.47220993041992,12.26625919342041,4309.98974609375,E,2234.562255859375
6,9,745A6285,8,0.4056633710861206,98.86441802978516,28.990446090698242,65258.890625,E,2195.4794921875
8,9,745A6285,9,0.3459691107273102,74.278564453125,29.776052474975586,51723.46484375,E,2156.58447265625
8,11,745A6285,10,3.7371959686279297,25.030563354492188,9.456564903259277,1758.0341796875,E,2151.953369140625
8,12,745A6285,11,6.216471195220947,62.131690979003906,18.999868392944336,17615.875,E,2149.820068359375
9,10,745A6285,12,0.027961423620581627,7.331283092498779,32.37797927856445,6036.279296875,E,2148.92529296875
10,16,745A6285,13,0.3945143520832062,95.01457977294922,31.07859230041504,72078.015625,E,2100.999755859375
11,12,745A6285,14,1.1586121320724487,26.10420799255371,10.579426765441895,2294.693359375,E,2132.4912109375
12,14,745A6285,15,1.217395305633545,75.72061157226562,15.25823974609375,13845.634765625,E,2097.783203125
13,16,745A6285,16,0.4555377662181854,123.00555419921875,30.675947189331055,90909.765625,E,2082.21337890625
14,17,745A6285,17,0.19586007297039032,18.772924423217773,20.102886199951172,5958.5234375,E,2060.696044921875
14,24,745A6285,18,1.2750868797302246,75.53640747070312,18.29490852355957,19856.681640625,E,2041.9139404296875
15,21,745A6285,19,0.24856561422348022,55.4293327331543,29.856731414794922,38807.35546875,E,2105.7568359375
16,31,745A6285,20,0.5431429147720337,129.33949279785156,30.88673210144043,96909.1953125,E,1994.7799072265625
17,18,745A6285,21,174.23316955566406,17.699283599853516,5.086419105529785,359.6415710449219,E,2050.551025390625
17,19,745A6285,22,0.1605716198682785,6.257641315460205,12.766871452331543,801.0682373046875,E,2050.13134765625
18,19,745A6285,23,69.23928833007812,22.43856430053711,1.1709741353988647,24.164594650268555,E,2044.487548828125
19,24,745A6285,24,0.8952703475952148,51.134769439697266,15.661467552185059,9850.791015625,E,2027.7039794921875
20,60,745A6285,25,1.3108489513397217,327.0235595703125,31.637903213500977,257089.484375,E,1943.4237060546875
21,22,745A6285,26,0.01646297238767147,3.6656415462493896,29.843576431274414,2564.139404296875,E,2082.443603515625
21,25,745A6285,27,36.34706115722656,25.03056526184082,11.19472885131836,2463.699462890625,E,2075.04833984375
22,25,745A6285,28,24.121488571166992,21.36492347717285,18.25581169128418,5592.33935546875,E,2072.68505859375
22,29,745A6285,29,0.482477068901062,120.41355895996094,29.790359497070312,83929.9140625,E,2047.8282470703125
23,31,745A6285,30,8.557193756103516,220.091064453125,28.15130615234375,136990.171875,E,1983.460205078125
24,26,745A6285,31,0.07379955053329468,11.441641807556152,25.14341926574707,5681.02783203125,E,2005.01806640625
26,27,745A6285,32,0.04692120850086212,8.849641799926758,27.454872131347656,5239.07275390625,E,1995.8746337890625
26,28,745A6285,33,4.175890922546387,37.990562438964844,10.30362319946289,3167.7109375,E,1993.064453125
27,28,745A6285,34,0.2538635730743408,26.10420799255371,17.862777709960938,6541.81689453125,E,1986.89306640625
27,32,745A6285,35,0.36705076694488525,63.46584701538086,26.330123901367188,34556.98046875,E,1963.2115478515625
28,33,745A6285,36,0.3657148480415344,47.28491973876953,22.82315444946289,19344.783203125,E,1958.5662841796875
29,58,745A6285,37,0.8624510765075684,211.5782470703125,31.360254287719727,163425.59375,E,1914.4140625
30,39,745A6285,38,0.32884401082992554,77.49948120117188,30.772918701171875,57640.27734375,E,1919.7197265625
31,72,745A6285,39,1.0641433000564575,245.71896362304688,30.54019546508789,179999.859375,E,1818.502685546875
32,33,745A6285,40,0.21822461485862732,18.144001007080078,9.852989196777344,1383.4356689453125,E,1935.657470703125
32,35,745A6285,41,0.14855946600437164,20.920207977294922,23.762176513671875,9277.443359375,E,1926.8916015625
33,47,745A6285,42,0.6795874834060669,136.85498046875,28.560705184936523,87677.53125,E,1877.1495361328125
34,48,745A6285,43,0.524957537651062,123.71076965332031,30.788671493530273,92104.171875,E,1888.668212890625
35,36,745A6285,44,0.3964945673942566,31.2882080078125,15.148317337036133,5638.96435546875,E,1911.0777587890625
35,38,745A6285,45,0.3672318458557129,51.57948684692383,24.713787078857422,24742.611328125,E,1897.191650390625
36,38,745A6285,46,0.5055599808692932,34.9538459777832,12.726213455200195,4446.1416015625,E,1886.1077880859375
37,50,745A6285,47,0.5428801774978638,118.00577545166016,29.804561614990234,82330.09375,E,1857.7562255859375
38,41,745A6285,48,0.06547632068395615,14.033641815185547,29.226919174194336,9415.130859375,E,1868.561279296875
39,47,745A6285,49,0.29873061180114746,82.4229736328125,26.60668182373047,45826.8046875,E,1851.3916015625
39,58,745A6285,50,0.6715601086616516,167.1774444580078,30.017507553100586,118308.7421875,E,1846.43017578125
40,51,745A6285,51,2.934685230255127,81.53353118896484,28.1822566986084,50860.15234375,E,1827.6610107421875
41,43,745A6285,52,0.11874838918447495,19.84656524658203,25.850299835205078,10416.1298828125,E,1853.9560546875
41,44,745A6285,53,0.4842491149902344,59.984413146972656,20.666120529174805,20120.84375,E,1843.1427001953125
42,46,745A6285,54,0.22549571096897125,36.47220993041992,26.50798797607422,20128.224609375,E,1914.6480712890625
42,53,745A6285,55,0.8305644989013672,70.3524169921875,17.534116744995117,16987.783203125,E,1893.9029541015625
43,44,745A6285,56,0.12371496856212616,20.920207977294922,19.445083618164062,6212.63037109375,E,1837.960693359375
44,45,745A6285,57,0.03289632126688957,3.6656415462493896,21.11209487915039,1283.2242431640625,E,1828.932373046875
45,52,745A6285,58,0.2111419290304184,36.472206115722656,26.71285057067871,20440.541015625,E,1812.5303955078125
45,55,745A6285,59,0.2557735741138458,52.20840835571289,21.262306213378906,18537.49609375,E,1808.49072265625
46,53,745A6285,60,0.17912772297859192,37.54584503173828,29.028837203979492,24849.123046875,E,1886.3651123046875
47,70,745A6285,61,0.4196396470069885,96.08821868896484,30.40601921081543,69771.6796875,E,1772.462890625
48,49,745A6285,62,0.7159468531608582,102.97478485107422,28.7122745513916,66673.9140625,E,1823.990966796875
48,60,745A6285,63,0.07615064829587936,43.803489685058594,26.04604148864746,23338.990234375,E,1817.4197998046875
49,50,745A6285,64,0.19039887189865112,45.766563415527344,18.3608455657959,12117.79296875,E,1808.247314453125
49,64,745A6285,65,0.22451947629451752,50.061126708984375,25.306730270385742,25180.396484375,E,1790.995361328125
50,54,745A6285,66,0.0478241890668869,18.328208923339844,30.24508285522461,13167.9892578125,E,1800.891357421875
51,55,745A6285,67,0.19315150380134583,25.030563354492188,21.15614128112793,8799.001953125,E,1794.4674072265625
51,59,745A6285,68,0.09281586855649948,29.769847869873047,27.441320419311523,17606.640625,E,1786.29052734375
52,67,745A6285,69,0.42914050817489624,73.38912963867188,23.555978775024414,31983.349609375,E,1764.6895751953125
52,70,745A6285,70,0.6035580039024353,102.71427154541016,22.383495330810547,40418.15625,E,1761.65478515625
53,63,745A6285,71,0.08113445341587067,31.288206100463867,27.295623779296875,18308.662109375,E,1854.6949462890625
54,56,745A6285,72,0.015235308557748795,3.6656415462493896,31.02268409729004,2770.758056640625,E,1792.6502685546875
54,74,745A6285,73,0.8062130212783813,197.20779418945312,31.326656341552734,151999.453125,E,1745.8419189453125
55,59,745A6285,74,0.04410313069820404,9.923283576965332,29.950305938720703,6991.13671875,E,1783.37451171875
56,57,745A6285,75,0.10370803624391556,14.033641815185547,24.89336585998535,6830.107421875,E,1790.8291015625
56,62,745A6285,76,0.15888124704360962,25.03056526184082,20.898635864257812,8586.109375,E,1782.6512451171875
57,62,745A6285,77,0.22225987911224365,14.033641815185547,13.696941375732422,2067.794921875,E,1783.9674072265625
58,79,745A6285,78,0.5700546503067017,136.85498046875,31.030303955078125,103495.7578125,E,1752.6842041015625
59,61,745A6285,79,0.033205144107341766,7.776000022888184,30.600845336914062,5718.90625,E,1775.5032958984375
60,98,745A6285,80,0.9056554436683655,228.31178283691406,31.78110694885254,181115.765625,E,1699.5621337890625
61,67,745A6285,81,0.3478110432624817,64.72368621826172,24.974082946777344,31705.326171875,E,1749.851318359375
61,69,745A6285,82,0.3273112177848816,72.05497741699219,29.686243057250977,49872.8671875,E,1746.173828125
62,64,745A6285,83,0.09930673241615295,19.846567153930664,28.324682235717773,12505.6240234375,E,1773.2567138671875
63,79,745A6285,84,1.0812662839889526,231.71693420410156,28.4953670501709,147773.375,E,1760.07080078125
63,85,745A6285,85,0.6093156933784485,140.52061462402344,30.45470428466797,102361.984375,E,1777.538330078125
64,68,745A6285,86,0.13943947851657867,31.104000091552734,29.87172508239746,21798.505859375,E,1753.5185546875
65,91,745A6285,87,1.5379291772842407,167.69845581054688,25.714920043945312,87094.21875,E,1695.32763671875
66,81,745A6285,88,1.7834173440933228,91.71734619140625,23.189302444458008,38736.1796875,E,2012.1552734375
67,87,745A6285,89,0.44907858967781067,109.23241424560547,31.21346664428711,83584.4375,E,1683.99609375
68,76,745A6285,90,0.22596323490142822,41.65620803833008,27.336280822753906,24448.2890625,E,1719.5499267578125
68,77,745A6285,91,0.4744839072227478,71.42605590820312,19.609750747680664,21572.013671875,E,1724.77490234375
69,72,745A6285,92,0.017373841255903244,34.509132385253906,29.050731658935547,22873.787109375,E,1712.1708984375
69,87,745A6285,93,0.8038027882575989,148.40451049804688,27.337846755981445,87109.515625,E,1673.621826171875
70,93,745A6285,94,0.5916468501091003,140.96534729003906,30.894201278686523,105671.0859375,E,1665.30615234375
71,80,745A6285,95,1.2680917978286743,144.5546875,26.25189971923828,78242.640625,E,1980.6512451171875
72,74,745A6285,96,0.015518750995397568,6.257641315460205,30.73807144165039,4643.58935546875,E,1700.3665771484375
73,84,745A6285,97,0.48091554641723633,81.97825622558594,26.18506622314453,44146.4609375,E,1729.9820556640625
74,100,745A6285,98,0.6361312866210938,154.92266845703125,31.252405166625977,118842.4921875,E,1634.5633544921875
75,131,745A6285,99,1.2012608051300049,246.16371154785156,31.272890090942383,189081.90625,E,1702.4144287109375
76,77,745A6285,100,0.0880831629037857,9.923283576965332,21.503437042236328,3603.802978515625,E,1700.26171875
76,82,745A6285,101,0.27922865748405457,48.98748779296875,26.687732696533203,27403.01953125,E,1679.940673828125
77,83,745A6285,102,0.3019227981567383,44.248207092285156,25.265644073486328,22184.330078125,E,1679.119384765625
78,114,745A6285,103,4.451138973236084,189.7686004638672,28.51947784423828,121226.4375,E,1647.3094482421875
79,95,745A6285,104,0.31938600540161133,80.72040557861328,31.80826759338379,64143.5859375,E,1653.72509765625
80,81,745A6285,105,0.056405991315841675,24.401639938354492,19.882165908813477,7575.935546875,E,1962.9593505859375
80,89,745A6285,106,0.1746993511915207,38.61948776245117,29.788841247558594,26915.572265625,E,1946.7718505859375
81,89,745A6285,107,0.11696909368038177,31.288206100463867,23.297508239746094,13337.9619140625,E,1956.88720703125
82,83,745A6285,108,0.1772768646478653,29.58563995361328,10.815247535705566,2717.96435546875,E,1659.0152587890625
82,125,745A6285,109,0.7804581522941589,192.46852111816406,31.643714904785156,151364.671875,E,1576.620849609375
83,98,745A6285,110,0.3187600076198578,82.4229736328125,29.119108200073242,54890.140625,E,1628.7965087890625
84,88,745A6285,111,0.12553304433822632,20.920207977294922,21.557308197021484,7635.630859375,E,1690.685302734375
84,90,745A6285,112,0.19056357443332672,40.76676940917969,29.250896453857422,27395.205078125,E,1677.7088623046875
85,88,745A6285,113,0.42639589309692383,63.65005111694336,18.487905502319336,17086.931640625,E,1705.0538330078125
85,106,745A6285,114,0.5184173583984375,120.22935485839844,30.708545684814453,89046.921875,E,1657.65869140625
86,92,745A6285,115,1.4109491109848022,134.0025177001953,24.914997100830078,65331.78515625,E,1747.1014404296875
86,94,745A6285,116,0.20809736847877502,50.061126708984375,30.992786407470703,37766.93359375,E,1728.089111328125
86,141,745A6285,117,10.123836517333984,296.3327331542969,26.622114181518555,164950.859375,E,1685.3848876953125
87,96,745A6285,118,0.2321949303150177,52.46892166137695,30.126155853271484,37400.67578125,E,1610.774658203125
88,97,745A6285,119,0.37366610765457153,54.616207122802734,21.721296310424805,20238.712890625,E,1661.8583984375
89,170,745A6285,120,1.3163655996322632,331.5470886230469,31.759891510009766,262659.53125,E,1846.88134765625
90,97,745A6285,121,0.2591569721698761,50.69004821777344,25.71514129638672,26326.3359375,E,1646.5762939453125
90,108,745A6285,122,0.6425560116767883,132.22364807128906,28.012765884399414,81491.25,E,1610.849853515625
91,93,745A6285,123,0.17856141924858093,32.361846923828125,20.28875160217285,10462.4609375,E,1612.64208984375
91,99,745A6285,124,0.29790201783180237,39.064205169677734,20.089155197143555,12382.0400390625,E,1607.1650390625
92,94,745A6285,125,0.3139675557613373,63.46584701538086,21.37129783630371,22766.263671875,E,1697.649658203125
92,127,745A6285,126,0.8175450563430786,214.20184326171875,32.359737396240234,176166.390625,E,1616.997802734375
93,111,745A6285,127,0.38852232694625854,77.05476379394531,28.897130966186523,50535.76171875,E,1572.061279296875
94,160,745A6285,128,0.8515000939369202,219.79898071289062,32.146141052246094,178391.125,E,1605.498779296875
95,99,745A6285,129,0.5866925120353699,66.0578384399414,21.096282958984375,23090.1171875,E,1607.0003662109375
95,108,745A6285,130,0.31567686796188354,64.53948211669922,28.755512237548828,41913.8515625,E,1587.658935546875
96,101,745A6285,131,0.3087328374385834,40.137847900390625,20.193204879760742,12854.478515625,E,1579.9993896484375
96,102,745A6285,132,0.14215144515037537,29.14092445373535,28.638593673706055,18771.3984375,E,1573.6051025390625
97,106,745A6285,133,0.2311960905790329,57.837127685546875,27.460968017578125,34255.33984375,E,1615.6534423828125
98,116,745A6285,134,0.27624639868736267,71.24185180664062,32.12438201904297,57742.37890625,E,1566.118896484375
99,112,745A6285,135,0.4177758991718292,61.50277328491211,20.14354133605957,19600.0078125,E,1569.1923828125
100,123,745A6285,136,1.6411534547805786,124.07920837402344,15.765785217285156,24222.5625,E,1541.5081787109375
100,138,745A6285,137,0.7410547733306885,168.95631408691406,30.223552703857422,121214.7109375,E,1503.26513671875
101,102,745A6285,138,0.06835542619228363,28.067283630371094,19.245176315307617,8164.58349609375,E,1563.3956298828125
101,103,745A6285,139,0.025501422584056854,7.331283092498779,23.97854232788086,3310.66650390625,E,1566.3291015625
102,110,745A6285,140,0.19719864428043365,38.61948776245117,28.059282302856445,23880.8359375,E,1545.863037109375
103,110,745A6285,141,0.2157486379146576,38.61948776245117,21.589834213256836,14138.2294921875,E,1547.6295166015625
103,115,745A6285,142,0.3201385736465454,69.46297454833984,25.820894241333008,36373.55859375,E,1545.73486328125
104,136,745A6285,143,0.4943394064903259,123.18978881835938,31.548120498657227,96296.734375,E,1593.7510986328125
105,149,745A6285,144,0.8679344058036804,217.4227752685547,31.785818099975586,172528.84375,E,1724.626220703125
106,133,745A6285,145,0.38755863904953003,96.45661926269531,31.483272552490234,75089.921875,E,1559.2978515625
107,109,745A6285,146,0.49169477820396423,45.95077133178711,18.250267028808594,12020.4609375,E,1976.095703125
107,113,745A6285,147,0.10914874076843262,25.030563354492188,30.33599853515625,18091.60546875,E,1962.2520751953125
107,159,745A6285,148,0.8007447719573975,215.0149688720703,32.768714904785156,181333.234375,E,1857.436767578125
108,121,745A6285,149,0.14472170174121857,31.2882080078125,29.481340408325195,21358.21875,E,1546.098388671875
109,113,745A6285,150,0.1094188243150711,20.291284561157227,27.0279541015625,11641.951171875,E,1971.86328125
110,120,745A6285,151,0.11198489367961884,20.291284561157227,26.987295150756836,11606.9501953125,E,1522.6273193359375
111,112,745A6285,152,0.3213118612766266,40.58256149291992,19.55282974243164,12185.646484375,E,1543.59326171875
111,115,745A6285,153,0.025838702917099,6.257641315460205,31.12432861328125,4761.02587890625,E,1537.4971923828125
112,121,745A6285,154,0.17133274674415588,30.843490600585938,20.55303382873535,10233.0537109375,E,1538.558837890625
114,122,745A6285,155,0.18559816479682922,25.475284576416016,24.49897575378418,12008.943359375,E,1552.4676513671875
114,124,745A6285,156,0.28376662731170654,38.61948776245117,19.42814064025879,11448.771484375,E,1547.201904296875
115,139,745A6285,157,0.5324972867965698,98.86441802978516,27.80192756652832,60017.75,E,1493.1988525390625
116,118,745A6285,158,0.23859193921089172,56.134559631347656,27.858917236328125,34217.53125,E,1529.8720703125
116,128,745A6285,159,0.1270601600408554,34.32492446899414,32.86953353881836,29126.3828125,E,1517.7000732421875
117,199,745A6285,160,8.105191230773926,343.20452880859375,27.073640823364258,197576.921875,E,1939.2313232421875
118,125,745A6285,161,0.47517624497413635,101.64061737060547,29.724594116210938,70532.46875,E,1505.8170166015625
118,134,745A6285,162,0.26094505190849304,59.80020523071289,26.916141510009766,34026.5703125,E,1493.2322998046875
119,170,745A6285,163,0.9803927540779114,242.19281005859375,30.364200592041016,175377.890625,E,1864.8253173828125
120,123,745A6285,164,0.08731288462877274,19.846567153930664,24.895397186279297,9660.8076171875,E,1508.1475830078125
120,130,745A6285,165,0.19302646815776825,35.39856719970703,27.039682388305664,20327.255859375,E,1501.6201171875
121,145,745A6285,166,0.42570850253105164,96.53292083740234,30.161706924438477,68972.6875,E,1485.7078857421875
122,126,745A6285,167,0.043031711131334305,13.588926315307617,18.4591064453125,3636.60693359375,E,1537.191162109375
122,127,745A6285,168,0.27600547671318054,28.69620704650879,16.077177047729492,5825.509765625,E,1538.0684814453125
123,129,745A6285,169,0.11328361928462982,16.625642776489258,24.18328857421875,7636.58203125,E,1494.34326171875
124,126,745A6285,170,0.09506815671920776,11.441641807556152,19.434917449951172,3394.248291015625,E,1532.22314453125
124,137,745A6285,171,0.696698009967804,150.81231689453125,29.17609214782715,100827.9453125,E,1479.1114501953125
125,166,745A6285,172,1.6612292528152466,322.3606262207031,28.381502151489258,203940.09375,E,1416.14892578125
126,132,745A6285,173,0.20252230763435364,32.80656433105469,19.402971267700195,9700.3427734375,E,1518.7283935546875
127,132,745A6285,174,0.1758589744567871,36.027488708496094,28.97279930114746,23752.251953125,E,1519.0556640625
128,134,745A6285,175,1.0767254829406738,61.50277328491211,15.694306373596191,11897.859375,E,1486.647705078125
128,137,745A6285,176,0.2721848487854004,59.35548782348633,29.79323387145996,41379.578125,E,1475.4434814453125
129,130,745A6285,177,0.028757531195878983,26.993640899658203,18.9876708984375,7643.54345703125,E,1485.590576171875
129,138,745A6285,178,0.49691832065582275,59.984413146972656,20.81325340270996,20408.3671875,E,1461.723876953125
130,150,745A6285,179,0.9009526371955872,157.33045959472656,27.732385635375977,95033.5859375,E,1431.1019287109375
131,140,745A6285,180,0.18379375338554382,43.61928176879883,30.866024017333984,32638.46875,E,1579.0281982421875
131,148,745A6285,181,0.48827627301216125,116.30319213867188,29.66184425354004,80367.0078125,E,1552.27001953125
132,143,745A6285,182,0.24305754899978638,58.4660530090332,30.934946060180664,43943.26953125,E,1479.8597412109375
133,154,745A6285,183,0.4528934061527252,87.79119110107422,26.14892578125,47146.3984375,E,1478.88671875
133,155,745A6285,184,0.24870553612709045,70.3524169921875,29.344377517700195,47579.3671875,E,1490.0089111328125
134,144,745A6285,185,0.289886474609375,69.46297454833984,31.00697135925293,52451.98828125,E,1441.5562744140625
135,145,745A6285,186,0.9209984540939331,107.89824676513672,20.906091690063477,37038.20703125,E,1461.147216796875
136,146,745A6285,187,0.26550182700157166,40.137847900390625,25.561328887939453,20597.326171875,E,1519.1346435546875
136,148,745A6285,188,0.14064893126487732,38.61948776245117,15.057316780090332,6876.88232421875,E,1523.6776123046875
137,163,745A6285,189,0.2936784625053406,75.09169006347656,32.05867004394531,60613.97265625,E,1415.7989501953125
138,166,745A6285,190,0.3769318461418152,85.01497650146484,30.08608055114746,60438.8984375,E,1403.32421875
139,147,745A6285,191,0.11402442306280136,22.883283615112305,20.199304580688477,7332.98974609375,E,1440.1517333984375
139,150,745A6285,192,0.17319032549858093,35.39856719970703,14.40847110748291,5771.80126953125,E,1438.8013916015625
140,175,745A6285,193,0.7109503746032715,171.4720001220703,30.300771713256836,123648.96875,E,1542.740234375
140,218,745A6285,194,0.9131386876106262,230.09066772460938,31.78851318359375,182612.0,E,1454.407470703125
141,160,745A6285,195,0.3447763919830322,90.19898223876953,29.316709518432617,60886.63671875,E,1530.2862548828125
141,174,745A6285,196,0.3897612690925598,109.8613510131836,30.512544631958008,80332.5703125,E,1529.38623046875
142,186,745A6285,197,0.5713603496551514,140.33641052246094,31.359514236450195,108392.4140625,E,1616.538818359375
143,167,745A6285,198,0.3302253484725952,72.05497741699219,26.88083267211914,40892.08984375,E,1422.020263671875
143,171,745A6285,199,0.5134847164154053,89.57006072998047,27.675540924072266,53882.16015625,E,1419.80322265625
144,153,745A6285,200,0.07612952589988708,19.846567153930664,32.216304779052734,16178.0703125,E,1415.37744140625
144,161,745A6285,201,0.15844343602657318,36.027488708496094,15.457130432128906,6760.5439453125,E,1406.8804931640625
145,151,745A6285,202,0.03192912042140961,7.331283092498779,30.297597885131836,5285.50244140625,E,1436.0743408203125
146,152,745A6285,203,0.06748498976230621,38.435279846191406,21.803295135498047,14350.4052734375,E,1505.0615234375
146,155,745A6285,204,0.3534034788608551,87.86748504638672,31.605880737304688,68937.2421875,E,1479.037353515625
147,150,745A6285,205,0.082240991294384,14.033641815185547,26.028427124023438,7467.1708984375,E,1426.4598388671875
147,151,745A6285,206,0.21752378344535828,34.7696418762207,26.052143096923828,18534.333984375,E,1430.1845703125
148,152,745A6285,207,0.023017965257167816,3.6656415462493896,25.238964080810547,1833.9306640625,E,1510.7215576171875
149,157,745A6285,208,0.284015417098999,61.947486877441406,22.072660446166992,23704.0703125,E,1635.4075927734375
149,174,745A6285,209,0.6091336011886597,156.18052673339844,32.11030578613281,126475.28125,E,1563.095458984375
151,169,745A6285,210,0.27107781171798706,66.05784606933594,23.8710880279541,29563.697265625,E,1402.83056640625
152,194,745A6285,211,0.8382189273834229,185.32144165039062,29.056482315063477,122885.78125,E,1423.136962890625
153,161,745A6285,212,0.1172497496008873,41.21148681640625,30.215600967407227,29550.89453125,E,1397.8880615234375
153,165,745A6285,213,0.5207054018974304,135.96554565429688,32.321998596191406,111561.703125,E,1380.22509765625
154,158,745A6285,214,0.04594729095697403,37.99056625366211,27.647998809814453,22808.30859375,E,1439.09765625
154,164,745A6285,215,0.28274086117744446,64.72368621826172,30.235645294189453,46472.03125,E,1422.9281005859375
155,158,745A6285,216,0.18381352722644806,48.35856628417969,28.03894805908203,29859.7890625,E,1454.7000732421875
155,194,745A6285,217,0.625264048576355,147.66769409179688,30.854293823242188,110409.53125,E,1402.00537109375
156,157,745A6285,218,0.7679413557052612,181.36370849609375,31.098459243774414,137758.375,E,1690.467529296875
156,159,745A6285,219,0.23146559298038483,42.28512954711914,21.264564514160156,15017.25390625,E,1751.25537109375
156,162,745A6285,220,0.09014470875263214,36.027488708496094,17.456188201904297,8622.291015625,E,1740.794189453125
157,191,745A6285,221,0.9212123155593872,175.21395874023438,28.54356575012207,112117.921875,E,1567.984130859375
158,188,745A6285,222,0.7091221213340759,119.15570068359375,27.495527267456055,70750.3828125,E,1390.9427490234375
159,162,745A6285,223,0.0422249510884285,9.923283576965332,30.68724822998047,7339.41064453125,E,1748.705810546875
160,195,745A6285,224,0.5573408603668213,149.73867797851562,32.78880310058594,126437.2421875,E,1436.5421142578125
161,163,745A6285,225,0.15375059843063354,45.32184600830078,27.463001251220703,26846.859375,E,1387.02294921875
162,173,745A6285,226,0.29055798053741455,84.57025146484375,30.130126953125,60298.90234375,E,1704.0230712890625
163,182,745A6285,227,0.3692816197872162,91.27262115478516,31.513980865478516,71192.9375,E,1343.1805419921875
164,169,745A6285,228,0.14986181259155273,42.28512954711914,27.253610610961914,24667.52734375,E,1384.3280029296875
164,207,745A6285,229,0.7106044292449951,148.03610229492188,29.583446502685547,101754.8359375,E,1346.654052734375
165,168,745A6285,230,0.20886360108852386,69.09455871582031,32.032039642333984,55680.46875,E,1359.42333984375
165,200,745A6285,231,0.5748360753059387,148.84922790527344,32.230072021484375,121439.2421875,E,1312.5762939453125
166,185,745A6285,232,1.2143021821975708,104.8615493774414,21.265247344970703,37243.203125,E,1332.466552734375
167,177,745A6285,233,0.2693794071674347,52.20840835571289,27.91108512878418,31943.595703125,E,1367.0098876953125
167,182,745A6285,234,4.610629081726074,190.06072998046875,15.912644386291504,37797.83984375,E,1346.20703125
168,183,745A6285,235,0.8095574975013733,140.26010131835938,25.2416934967041,70187.6953125,E,1337.2694091796875
168,192,745A6285,236,0.40443360805511475,90.45948791503906,30.193485260009766,64769.4921875,E,1310.10986328125
169,184,745A6285,237,0.3361411690711975,63.465843200683594,27.58436393737793,37927.6484375,E,1344.095458984375
170,224,745A6285,238,0.6286794543266296,154.99896240234375,31.550878524780273,121182.9765625,E,1685.802490234375
171,176,745A6285,239,0.11879929155111313,21.36492347717285,27.027952194213867,12257.94140625,E,1374.74951171875
171,178,745A6285,240,0.3012893795967102,51.134769439697266,18.04489517211914,13077.205078125,E,1367.3299560546875
172,179,745A6285,241,0.5433814525604248,107.00883483886719,30.0821475982666,76054.8984375,E,1391.32177734375
173,189,745A6285,242,0.2763805687427521,70.53661346435547,32.040077209472656,56871.09765625,E,1635.3096923828125
173,197,745A6285,243,0.7958136796951294,198.35775756835938,31.658275604248047,156139.78125,E,1704.8961181640625
174,237,745A6285,244,0.7109342217445374,186.91610717773438,32.44955062866211,154580.25,E,1408.578857421875
175,180,745A6285,245,0.16743198037147522,42.7298469543457,31.862964630126953,34071.68359375,E,1529.21826171875
175,201,745A6285,246,0.38726040720939636,115.85848999023438,29.840566635131836,81027.390625,E,1474.832763671875
176,179,745A6285,247,0.03367670625448227,14.662566184997559,29.484426498413086,10011.1796875,E,1362.928955078125
176,187,745A6285,248,0.17144572734832764,45.50605392456055,18.792509078979492,12622.0107421875,E,1346.4613037109375
177,178,745A6285,249,0.4397484064102173,40.58256912231445,17.437089920043945,9691.197265625,E,1343.937744140625
177,254,745A6285,250,1.5318145751953125,291.2566223144531,27.156705856323242,168701.859375,E,1225.118408203125
178,243,745A6285,251,1.2519550323486328,227.16184997558594,27.307716369628906,133044.234375,E,1247.962890625
179,190,745A6285,252,0.11456131935119629,26.993640899658203,30.658601760864258,19927.6484375,E,1347.50439453125
180,211,745A6285,253,0.40742310881614685,98.60389709472656,31.213268280029297,75450.5625,E,1521.3370361328125
180,245,745A6285,254,0.8501442670822144,214.27813720703125,30.968162536621094,161398.1875,E,1434.1719970703125
181,225,745A6285,255,0.678049623966217,156.80943298339844,29.933122634887695,110348.4140625,E,1764.232421875
182,222,745A6285,256,0.4870392680168152,111.11920166015625,30.30381202697754,80144.46875,E,1256.096435546875
183,198,745A6285,257,0.5162292122840881,119.33991241455078,30.543415069580078,87440.1328125,E,1281.3790283203125
183,208,745A6285,258,0.4327256977558136,71.6102523803711,23.210540771484375,30299.509765625,E,1280.4241943359375
184,185,745A6285,259,0.0898238942027092,33.25128173828125,18.886024475097656,9314.9248046875,E,1311.171142578125
184,196,745A6285,260,0.16418594121932983,32.80656433105469,22.433504104614258,12967.16015625,E,1300.627685546875
185,193,745A6285,261,0.15402433276176453,21.364927291870117,23.59736442565918,9343.6875,E,1295.6041259765625
186,211,745A6285,262,0.1972212791442871,55.2451286315918,28.342103958129883,34853.62890625,E,1534.679931640625
186,263,745A6285,263,1.5408765077590942,281.9306640625,28.37985610961914,178341.578125,E,1527.302001953125
187,190,745A6285,264,0.18332232534885406,32.17763900756836,19.484289169311523,9594.296875,E,1332.06103515625
187,270,745A6285,265,1.5508942604064941,288.84881591796875,28.074451446533203,178806.390625,E,1204.6231689453125
188,207,745A6285,266,0.29119470715522766,48.54277038574219,21.610166549682617,17804.537109375,E,1316.344970703125
188,236,745A6285,267,1.9271504878997803,159.10934448242188,18.164113998413086,41230.0625,E,1282.571533203125
189,229,745A6285,268,0.9769378900527954,233.49578857421875,29.80989646911621,162963.328125,E,1626.123779296875
189,230,745A6285,269,0.820723831653595,221.79364013671875,32.92290496826172,188814.484375,E,1513.346435546875
190,235,745A6285,270,0.5471843481063843,130.59732055664062,30.90380096435547,97959.8125,E,1282.56103515625
191,203,745A6285,271,0.1367141306400299,33.435489654541016,24.28203010559082,15483.4443359375,E,1490.8380126953125
191,213,745A6285,272,0.19008110463619232,42.7298469543457,29.960132598876953,30123.7265625,E,1474.053955078125
192,198,745A6285,273,0.04639243334531784,10.99692440032959,30.758398056030273,8171.2509765625,E,1265.0709228515625
192,205,745A6285,274,0.13135097920894623,42.7298469543457,29.119848251342773,28457.67578125,E,1259.1800537109375
193,196,745A6285,275,0.14519727230072021,20.291284561157227,23.59990692138672,8876.0556640625,E,1286.7967529296875
193,208,745A6285,276,0.14197427034378052,32.361846923828125,17.412141799926758,7705.974609375,E,1273.205322265625
194,236,745A6285,277,0.4933015704154968,107.52985382080078,29.677387237548828,74382.4140625,E,1292.0675048828125
195,209,745A6285,278,0.12149684876203537,30.843490600585938,31.904979705810547,24658.7109375,E,1352.8363037109375
195,214,745A6285,279,0.11690566688776016,38.17477035522461,29.569129943847656,26214.611328125,E,1359.3028564453125
196,206,745A6285,280,0.15683352947235107,21.36492347717285,23.437271118164062,9217.3330078125,E,1276.8212890625
198,215,745A6285,281,0.012511774897575378,26.993640899658203,28.78644561767578,17568.205078125,E,1248.41064453125
199,231,745A6285,282,0.8627514839172363,179.06381225585938,29.27652931213379,120541.5859375,E,1686.7200927734375
199,246,745A6285,283,0.7062135338783264,148.29661560058594,29.386558532714844,100581.609375,E,1713.121337890625
201,204,745A6285,284,0.18632827699184418,42.100921630859375,30.092613220214844,29943.412109375,E,1416.7689208984375
201,251,745A6285,285,0.666796088218689,148.55712890625,30.143341064453125,106014.71875,E,1370.13330078125
202,226,745A6285,286,0.7077990770339966,156.25682067871094,30.38825225830078,113328.8046875,E,1791.1021728515625
203,213,745A6285,287,0.1569216102361679,31.2882080078125,21.213743209838867,11058.7275390625,E,1470.3199462890625
204,218,745A6285,288,0.3705909550189972,82.42296600341797,25.19292449951172,41086.13671875,E,1374.8204345703125
204,266,745A6285,289,1.0504646301269531,196.8394012451172,28.513668060302734,125692.1328125,E,1314.750732421875
205,212,745A6285,290,0.1505197286605835,36.472206115722656,31.111818313598633,27726.98828125,E,1240.27783203125
205,215,745A6285,291,0.10666477680206299,37.990562438964844,29.38051986694336,25756.365234375,E,1239.111083984375
206,210,745A6285,292,0.0704663023352623,30.659282684326172,18.913131713867188,8613.4814453125,E,1262.7786865234375
206,219,745A6285,293,0.22822211682796478,31.732921600341797,23.599061965942383,13879.998046875,E,1253.59716796875
207,248,745A6285,294,0.6012046933174133,131.4867706298828,29.667814254760742,90895.640625,E,1239.516845703125
208,210,745A6285,295,0.02636600472033024,3.6656415462493896,23.58211898803711,1601.05224609375,E,1258.134521484375
209,214,745A6285,296,0.363172709941864,45.76656723022461,16.763051986694336,10100.53515625,E,1341.260498046875
209,249,745A6285,297,0.641094446182251,162.8828887939453,31.978160858154297,130819.4453125,E,1264.268310546875
210,217,745A6285,298,0.08703387528657913,12.960000038146973,24.44611930847168,6082.95703125,E,1250.6884765625
211,273,745A6285,299,0.8810426592826843,212.5756072998047,31.17386245727539,162249.9375,E,1460.83837890625
212,222,745A6285,300,0.6613152027130127,132.29989624023438,26.94585418701172,75445.4921875,E,1228.05859375
212,223,745A6285,301,0.2151506543159485,47.0244140625,18.218542098999023,12258.5908203125,E,1219.7879638671875
213,230,745A6285,302,0.2439679354429245,67.1314926147461,28.388893127441406,42492.578125,E,1433.7791748046875
214,220,745A6285,303,0.13933956623077393,36.656410217285156,32.41062545776367,30242.28515625,E,1344.21533203125
215,240,745A6285,304,0.38455960154533386,92.60678100585938,31.058412551879883,70160.2578125,E,1194.646728515625
216,246,745A6285,305,8.703679084777832,189.61599731445312,26.96025276184082,108246.234375,E,1744.66796875
217,219,745A6285,306,0.021647972986102104,30.214563369750977,21.884613037109375,11365.37890625,E,1241.9775390625
217,250,745A6285,307,0.6078208088874817,129.7079315185547,29.424049377441406,88198.5234375,E,1185.798095703125
218,257,745A6285,308,0.7284427285194397,168.06686401367188,30.418554306030273,122137.5234375,E,1272.2769775390625
219,308,745A6285,309,0.996789813041687,233.2036895751953,30.727434158325195,172933.0,E,1130.9287109375
220,227,745A6285,310,0.15982256829738617,36.027488708496094,30.27049446105957,25927.63671875,E,1337.960693359375
220,234,745A6285,311,0.22021448612213135,46.840206146240234,24.31397819519043,21748.072265625,E,1316.2034912109375
221,243,745A6285,312,0.3660953938961029,73.83384704589844,28.66748046875,47656.75,E,1190.732666015625
222,241,745A6285,313,0.28378719091415405,72.49969482421875,28.11664390563965,45014.5625,E,1177.4306640625
223,228,745A6285,314,0.06333603709936142,20.920207977294922,26.30117416381836,11365.9619140625,E,1195.8909912109375
223,241,745A6285,315,0.3570697605609894,85.19918060302734,30.94918441772461,64094.93359375,E,1176.6827392578125
224,231,745A6285,316,0.07718303054571152,28.067279815673828,26.062307357788086,14973.244140625,E,1611.5408935546875
224,263,745A6285,317,1.8543909788131714,204.61537170410156,22.937931060791016,84554.4765625,E,1537.354248046875
225,226,745A6285,318,0.2052665799856186,49.43220901489258,31.04526710510254,37418.87109375,E,1705.1202392578125
225,229,745A6285,319,0.28108757734298706,67.76040649414062,31.271059036254883,52041.65234375,E,1665.9969482421875
226,293,745A6285,320,34.95063781738281,294.5538635253906,24.724323272705078,141417.59375,E,1756.5274658203125
227,233,745A6285,321,0.2648395001888275,27.622568130493164,17.03023910522461,6292.09716796875,E,1320.9046630859375
227,237,745A6285,322,0.3067988455295563,59.984413146972656,24.100515365600586,27364.0859375,E,1329.2279052734375
228,232,745A6285,323,0.25555476546287537,59.984405517578125,30.641510009765625,44233.22265625,E,1183.1187744140625
228,258,745A6285,324,0.6651921272277832,120.8582763671875,26.41016387939453,66207.6953125,E,1137.957275390625
229,279,745A6285,325,1.5567227602005005,411.3780822753906,32.615692138671875,343703.6875,E,1471.518310546875
230,286,745A6285,326,0.72379469871521,199.09457397460938,31.802488327026367,158150.84375,E,1316.02978515625
231,311,745A6285,327,0.8241209387779236,214.2781524658203,30.893402099609375,160619.859375,E,1511.2418212890625
232,240,745A6285,328,0.1710961014032364,54.17148971557617,29.56574058532715,37191.02734375,E,1158.072998046875
232,258,745A6285,329,0.45107540488243103,96.9013442993164,27.231246948242188,56435.8046875,E,1127.8082275390625
233,234,745A6285,330,0.14289511740207672,25.920000076293945,8.518022537231445,1477.07470703125,E,1302.9384765625
233,242,745A6285,331,0.26820018887519836,35.398563385009766,23.31314468383789,15110.443359375,E,1294.98095703125
234,242,745A6285,332,0.6849889755249023,35.39856719970703,16.7576904296875,7807.3544921875,E,1285.82763671875
235,249,745A6285,333,0.17312389612197876,57.837127685546875,25.206439971923828,28861.548828125,E,1210.9560546875
235,336,745A6285,334,1.2038209438323975,285.62786865234375,31.78388023376465,226623.15625,E,1105.2801513671875
236,283,745A6285,335,0.8299638032913208,134.0787811279297,25.685588836669922,69475.0703125,E,1182.52587890625
237,289,745A6285,336,0.5184342861175537,144.6309814453125,31.419782638549805,112139.234375,E,1260.3060302734375
238,259,745A6285,337,2.7918059825897217,421.6382141113281,30.853544235229492,315239.0,E,1789.3226318359375
239,245,745A6285,338,0.734073281288147,143.7415313720703,29.308788299560547,96976.8046875,E,1371.9796142578125
240,280,745A6285,339,0.4666628837585449,115.93478393554688,31.616106033325195,91016.5625,E,1101.76025390625
241,244,745A6285,340,0.009606442414224148,2.5920000076293945,32.852333068847656,2197.137939453125,E,1144.9754638671875
243,247,745A6285,341,0.08162243664264679,20.920207977294922,31.957836151123047,16780.720703125,E,1148.7110595703125
244,256,745A6285,342,0.4423269033432007,60.61333084106445,19.693103790283203,18462.32421875,E,1121.9351806640625
244,264,745A6285,343,0.351936936378479,78.12841033935547,30.037839889526367,55365.12109375,E,1111.381103515625
245,251,745A6285,344,0.07791638374328613,31.2882080078125,29.193035125732422,20942.52734375,E,1319.265869140625
246,259,745A6285,345,0.17368270456790924,48.98748779296875,27.585163116455078,29276.97265625,E,1638.39208984375
247,254,745A6285,346,0.30346861481666565,65.16841125488281,29.886077880859375,45715.6484375,E,1122.9541015625
247,270,745A6285,347,0.3491347134113312,69.27877044677734,21.7001953125,25622.25390625,E,1110.2655029296875
248,290,745A6285,348,0.6296735405921936,136.33399963378906,27.084495544433594,78548.078125,E,1127.79541015625
248,310,745A6285,349,0.7933691740036011,142.48370361328125,25.282392501831055,71530.5234375,E,1124.6961669921875
249,362,745A6285,350,0.9667710065841675,216.50173950195312,31.038131713867188,163810.75,E,1092.2139892578125
250,252,745A6285,351,0.037602219730615616,9.923283576965332,32.48640060424805,8225.23828125,E,1124.7271728515625
250,260,745A6285,352,0.026227764785289764,37.54584884643555,27.98682403564453,23097.185546875,E,1113.06494140625
251,253,745A6285,353,0.05432720482349396,10.99692440032959,28.48150634765625,7006.2724609375,E,1303.867919921875
252,260,745A6285,354,0.2881303131580353,33.435489654541016,20.36716651916504,10893.283203125,E,1109.3756103515625
252,282,745A6285,355,0.44919779896736145,96.01190185546875,29.677003860473633,66413.296875,E,1079.9715576171875
253,262,745A6285,356,0.0924721360206604,32.361846923828125,17.1376953125,7464.96875,E,1291.0093994140625
253,329,745A6285,357,0.7945007681846619,178.1743621826172,29.994163513183594,125895.03125,E,1212.72314453125
254,255,745A6285,358,0.025215372443199158,7.331283092498779,34.09920120239258,6695.11865234375,E,1103.7493896484375
255,256,745A6285,359,0.018017634749412537,5.184000015258789,33.92979049682617,4687.24072265625,E,1100.589111328125
255,297,745A6285,360,0.20479974150657654,86.34912109375,32.442691802978516,71380.8203125,E,1063.4937744140625
256,264,745A6285,361,0.2727559506893158,71.87076568603516,28.762907028198242,46699.01171875,E,1083.0528564453125
257,261,745A6285,362,0.046133436262607574,9.923283576965332,29.304847717285156,6693.05224609375,E,1194.1075439453125
257,271,745A6285,363,0.1288541704416275,38.61948776245117,27.92809295654297,23658.052734375,E,1177.380615234375
258,312,745A6285,364,0.4473213851451874,104.49313354492188,30.787288665771484,77789.4140625,E,1038.108154296875
259,311,745A6285,365,0.953515350818634,220.09109497070312,31.006650924682617,166188.921875,E,1519.92724609375
260,323,745A6285,366,0.7275640368461609,111.82441711425781,25.83817481994629,58634.0859375,E,1050.207763671875
261,265,745A6285,367,0.16877561807632446,31.732921600341797,27.593788146972656,18976.783203125,E,1197.304931640625
261,272,745A6285,368,0.19631987810134888,25.475284576416016,20.04770278930664,8041.5205078125,E,1184.01025390625
262,267,745A6285,369,0.7945690751075745,94.30934143066406,23.09195327758789,39497.1640625,E,1310.851806640625
262,275,745A6285,370,0.2385488748550415,32.361846923828125,17.1648006439209,7488.6005859375,E,1268.969482421875
263,274,745A6285,371,0.04298815876245499,26.54892349243164,21.962539672851562,10057.7744140625,E,1438.0322265625
264,287,745A6285,372,0.19587726891040802,47.913848876953125,31.276201248168945,36811.109375,E,1056.003173828125
265,266,745A6285,373,0.28920748829841614,58.2818489074707,28.712873458862305,37737.79296875,E,1213.213134765625
265,272,745A6285,374,0.04119689762592316,31.2882080078125,18.865692138671875,8746.1318359375,E,1184.447509765625
266,304,745A6285,375,0.35188984870910645,81.34933471679688,28.226943969726562,50906.30859375,E,1187.539794921875
267,269,745A6285,376,0.08575592190027237,20.291284561157227,30.87783432006836,15194.734375,E,1328.249267578125
267,276,745A6285,377,0.1821475327014923,22.883283615112305,24.621177673339844,10894.9658203125,E,1315.81787109375
268,333,745A6285,378,0.5262283086776733,121.74771118164062,30.846813201904297,90985.3125,E,1455.7921142578125
269,276,745A6285,379,0.020223505795001984,20.920207977294922,26.926305770874023,11912.677734375,E,1320.6748046875
269,278,745A6285,380,0.27157193422317505,65.61312866210938,31.092510223388672,49818.6796875,E,1338.8046875
270,294,745A6285,381,0.15285882353782654,55.2451286315918,31.40268898010254,42787.5625,E,1056.6334228515625
271,272,745A6285,382,0.2534070611000061,37.990562438964844,20.56884765625,12623.666015625,E,1164.8226318359375
271,277,745A6285,383,0.07156608998775482,13.588926315307617,27.53009033203125,8088.91552734375,E,1154.1402587890625
273,274,745A6285,384,0.12124822288751602,23.328001022338867,22.748611450195312,9481.5029296875,E,1419.8360595703125
273,292,745A6285,385,0.1492627114057541,40.137847900390625,24.687528610229492,19213.177734375,E,1399.399169921875
274,300,745A6285,386,0.21900995075702667,44.69292068481445,29.191843032836914,29912.42578125,E,1413.19287109375
275,302,745A6285,387,0.6726529002189636,107.89827728271484,26.58197784423828,59879.61328125,E,1266.2744140625
275,384,745A6285,388,0.751075267791748,183.06625366210938,31.302291870117188,140880.359375,E,1170.92822265625
276,307,745A6285,389,0.3143060803413391,55.2451286315918,22.44367218017578,21856.05078125,E,1297.287841796875
277,283,745A6285,390,0.1297779083251953,32.80656433105469,23.704092025756836,14477.6240234375,E,1136.89208984375
277,298,745A6285,391,0.2599162459373474,53.726768493652344,21.086116790771484,18761.76953125,E,1126.7027587890625
278,284,745A6285,392,0.08102100342512131,18.772924423217773,30.436033248901367,13658.33984375,E,1347.7745361328125
278,285,745A6285,393,0.5291447639465332,77.8678970336914,19.95534896850586,24353.8125,E,1370.6866455078125
279,288,745A6285,394,0.3291148543357849,89.38585662841797,32.96198272705078,76275.546875,E,1277.59521484375
279,296,745A6285,395,0.0724557414650917,43.358768463134766,24.283483505249023,20081.16015625,E,1302.8465576171875
280,282,745A6285,396,0.025718826800584793,7.331283092498779,33.76715087890625,6565.3623046875,E,1047.3919677734375
280,330,745A6285,397,0.3862142264842987,102.4537582397461,30.604799270629883,75369.7109375,E,1012.6737060546875
281,306,745A6285,398,0.11750076711177826,44.432411193847656,29.383625030517578,30130.09375,E,1042.606689453125
282,346,745A6285,399,0.5333423018455505,103.86420440673828,24.32939910888672,48285.703125,E,996.5489501953125
283,291,745A6285,400,0.06815322488546371,14.033641815185547,28.68140983581543,9066.9501953125,E,1120.1136474609375
284,285,745A6285,401,0.10004784166812897,20.291284561157227,28.547576904296875,12987.8701171875,E,1354.1451416015625
285,292,745A6285,402,0.32277578115463257,69.27877044677734,29.536935806274414,47470.1875,E,1371.7493896484375
286,288,745A6285,403,0.16236187517642975,41.02728271484375,31.84856414794922,32684.5390625,E,1235.6427001953125
286,289,745A6285,404,0.2121555656194687,54.6161994934082,32.16621398925781,44382.4453125,E,1209.650634765625
287,317,745A6285,405,0.3048296570777893,59.984413146972656,21.192489624023438,21158.859375,E,1010.1806640625
287,322,745A6285,406,0.30290699005126953,69.46297454833984,28.016469955444336,42822.30859375,E,1011.5184936523438
288,334,745A6285,407,0.31811612844467163,77.49948120117188,28.63795280456543,49919.7734375,E,1220.6016845703125
289,347,745A6285,408,0.8125481605529785,228.3118133544922,33.53160095214844,201616.859375,E,1115.47509765625
290,308,745A6285,409,0.2603907585144043,64.09477233886719,27.82080078125,38962.94140625,E,1041.1392822265625
290,313,745A6285,410,0.40748369693756104,92.79097747802734,27.3365535736084,54460.69140625,E,1060.7969970703125
291,298,745A6285,411,0.07145549356937408,13.588924407958984,27.57887840270996,8117.60986328125,E,1110.8291015625
291,316,745A6285,412,0.5554360747337341,64.72368621826172,17.089643478393555,14846.330078125,E,1092.114990234375
292,303,745A6285,413,0.056160710752010345,14.662566184997559,32.315635681152344,12026.1123046875,E,1390.2352294921875
294,297,745A6285,414,0.0901377871632576,26.993640899658203,34.615440368652344,25403.35546875,E,1027.772705078125
294,306,745A6285,415,0.10452219098806381,31.2882080078125,34.596961975097656,29413.48828125,E,1027.313232421875
295,348,745A6285,416,1.2853503227233887,86.79385375976562,16.975784301757812,19644.388671875,E,989.248779296875
296,333,745A6285,417,0.9308973550796509,243.49539184570312,32.37184143066406,200408.1875,E,1355.89208984375
296,334,745A6285,418,0.5510429739952087,116.93212890625,28.88547134399414,76627.1484375,E,1249.34716796875
297,325,745A6285,419,0.1629442423582077,49.17169189453125,34.72806167602539,46576.421875,E,1005.4705200195312
298,319,745A6285,420,0.1586526781320572,29.58563995361328,27.427764892578125,17480.412109375,E,1093.483154296875
299,319,745A6285,421,1.4639133214950562,96.45661926269531,15.54105281829834,18297.123046875,E,1103.0057373046875
300,303,745A6285,422,0.023876937106251717,6.257641315460205,32.37120056152344,5150.1298828125,E,1393.0087890625
300,343,745A6285,423,0.29641616344451904,86.53333282470703,27.164377212524414,50150.21875,E,1381.0445556640625
301,338,745A6285,424,1.1548326015472412,167.80636596679688,28.100217819213867,104068.109375,E,1492.65234375
302,307,745A6285,425,0.13169077038764954,23.956926345825195,27.607343673706055,14340.6962890625,E,1275.3648681640625
302,417,745A6285,426,1.2532825469970703,242.71385192871094,28.196035385131836,151551.609375,E,1166.2005615234375
303,396,745A6285,427,0.6795166730880737,171.36410522460938,30.435049057006836,124668.796875,E,1317.856201171875
304,321,745A6285,428,0.1845184862613678,34.509132385253906,27.391111373901367,20334.95703125,E,1134.0589599609375
304,329,745A6285,429,0.1366172879934311,43.358768463134766,19.939088821411133,13538.71484375,E,1140.2052001953125
305,344,745A6285,430,2.121816396713257,80.90460968017578,24.347522735595703,37668.015625,E,1608.6302490234375
306,327,745A6285,431,0.07453934848308563,39.6931266784668,34.35670471191406,36798.33984375,E,1011.0901489257812
307,309,745A6285,432,0.053310781717300415,12.51528263092041,30.59983253479004,9203.8310546875,E,1277.0869140625
308,320,745A6285,433,0.04664909839630127,11.441641807556152,31.274765014648438,8789.54296875,E,1019.1878051757812
309,326,745A6285,434,0.12610965967178345,27.17784881591797,29.378257751464844,18422.859375,E,1273.6746826171875
309,331,745A6285,435,0.16897985339164734,36.027488708496094,12.604235649108887,4495.28173828125,E,1257.661865234375
310,313,745A6285,436,0.024193264544010162,6.257641315460205,32.161128997802734,5083.50341796875,E,1058.057373046875
310,314,745A6285,437,0.014193736016750336,3.6656415462493896,32.14079666137695,2974.083251953125,E,1059.8297119140625
311,343,745A6285,438,0.2725861966609955,65.16841125488281,30.96538734436035,49077.23046875,E,1396.3641357421875
312,317,745A6285,439,0.013039341196417809,3.6656415462493896,33.53336715698242,3237.3837890625,E,988.9176025390625
312,330,745A6285,440,0.1445673257112503,56.763484954833984,26.72414207458496,31839.517578125,E,985.3074340820312
313,339,745A6285,441,0.7245852947235107,148.925537109375,28.93473243713379,97925.9921875,E,1009.992919921875
314,318,745A6285,442,0.024384208023548126,6.257641315460205,32.07303237915039,5055.6923828125,E,1058.5753173828125
315,316,745A6285,443,0.02141728438436985,5.184000015258789,31.11077880859375,3940.729736328125,E,1061.8616943359375
316,324,745A6285,444,0.4412209987640381,49.876922607421875,21.20826530456543,17619.75390625,E,1066.041259765625
317,349,745A6285,445,0.12615352869033813,53.987281799316406,33.20809555053711,46759.4375,E,961.6941528320312
318,351,745A6285,446,0.5204563140869141,77.42317199707031,21.325551986694336,27654.220703125,E,1043.5325927734375
318,365,745A6285,447,0.46757835149765015,82.4229736328125,27.789552688598633,49992.0859375,E,1019.8748779296875
319,324,745A6285,448,0.034761540591716766,7.331283092498779,29.023622512817383,4850.35009765625,E,1076.92578125
320,323,745A6285,449,0.44872647523880005,37.36164093017578,17.1151065826416,8595.5771484375,E,1009.252197265625
320,339,745A6285,450,0.11180337518453598,39.5089225769043,28.619293212890625,25415.74609375,E,996.3318481445312
321,337,745A6285,451,0.09411180019378662,45.50605392456055,24.236724853515625,20994.56640625,E,1110.441162109375
321,352,745A6285,452,0.41364148259162903,105.93518829345703,29.30266761779785,71440.4921875,E,1073.502197265625
322,325,745A6285,453,0.051947761327028275,29.58563995361328,34.60356521606445,27823.55078125,E,985.8792724609375
322,345,745A6285,454,0.1977846771478653,50.061126708984375,32.02360916137695,40320.98046875,E,963.9967041015625
323,341,745A6285,455,0.5590528845787048,56.763484954833984,16.41193389892578,12008.2138671875,E,984.2196655273438
324,352,745A6285,456,0.2336047887802124,53.09784698486328,30.294038772583008,38271.99609375,E,1055.39892578125
325,328,745A6285,457,0.024151556193828583,7.331283092498779,34.946258544921875,7031.87646484375,E,983.5224609375
326,331,745A6285,458,0.2180003821849823,25.03056526184082,18.838590621948242,6976.81689453125,E,1258.2734375
326,354,745A6285,459,0.23943334817886353,58.021331787109375,31.31633186340332,44690.92578125,E,1263.9080810546875
327,332,745A6285,460,0.09745948016643524,30.214563369750977,35.22163009643555,29439.138671875,E,989.768310546875
327,335,745A6285,461,0.07194718718528748,21.36492347717285,34.549835205078125,20030.103515625,E,989.7719116210938
328,1054,745A6285,462,3.196381092071533,981.2423095703125,35.75946807861328,985480.9375,F,490.6211853027344
329,337,745A6285,463,0.1526535451412201,32.361846923828125,29.120960235595703,21554.33203125,E,1117.560791015625
330,342,745A6285,464,0.13213501870632172,36.027488708496094,33.10983657836914,31019.724609375,E,958.1821899414062
331,379,745A6285,465,0.33687588572502136,74.90748596191406,26.594566345214844,41610.30859375,E,1219.383544921875
332,1054,745A6285,466,3.2579853534698486,982.1183471679688,35.75946807861328,986360.75,F,491.0609130859375
333,340,745A6285,467,0.05444328114390373,16.180923461914062,30.311153411865234,11676.107421875,E,1407.960205078125
334,463,745A6285,468,1.4706710577011108,371.4560241699219,31.814077377319336,295281.3125,E,1021.3368530273438
335,1054,745A6285,469,3.2773213386535645,981.49560546875,35.75946807861328,985735.3125,F,490.7495422363281
336,1054,745A6285,470,3.2913312911987305,981.9712524414062,35.75946807861328,986213.0,F,490.9875793457031
337,358,745A6285,471,0.09981287270784378,23.956926345825195,31.076894760131836,18171.728515625,E,1091.2073974609375
338,340,745A6285,472,0.04859238490462303,11.441641807556152,30.681148529052734,8459.046875,E,1409.677978515625
338,359,745A6285,473,0.38995102047920227,96.71713256835938,31.501876831054688,75381.734375,E,1439.83251953125
339,341,745A6285,474,0.016874242573976517,3.6656415462493896,29.477649688720703,2501.64453125,E,976.6119384765625
340,398,745A6285,475,0.5196077823638916,104.8615493774414,26.75824737548828,58968.69140625,E,1358.8946533203125
341,376,745A6285,476,0.1978836953639984,52.65312957763672,27.42281150817871,31098.3984375,E,951.7549438476562
342,349,745A6285,477,0.10766305774450302,31.73292350769043,34.3296012878418,29372.265625,E,939.0167236328125
342,356,745A6285,478,0.22788475453853607,54.17148971557617,26.5836124420166,30066.90234375,E,935.49560546875
343,470,745A6285,479,1.44857919216156,350.6883850097656,31.160429000854492,267434.9375,E,1222.444580078125
344,355,745A6285,480,0.24174444377422333,53.54256820678711,29.74802589416504,37213.91796875,E,1552.8111572265625
344,390,745A6285,481,1.1780811548233032,187.54501342773438,28.023611068725586,115676.09375,E,1614.0972900390625
345,1054,745A6285,482,3.020449638366699,942.7827758789062,35.75946807861328,946855.25,F,471.39312744140625
346,350,745A6285,483,0.05927315354347229,9.923283576965332,25.798023223876953,5187.02294921875,E,945.3720092773438
346,361,745A6285,484,0.09888334572315216,18.328208923339844,27.163480758666992,10621.375,E,940.3023681640625
347,367,745A6285,485,0.2151617556810379,39.6931266784668,28.314178466796875,24992.6953125,E,1013.9951171875
347,372,745A6285,486,0.6492067575454712,36.472206115722656,15.651105880737305,7016.8466796875,E,1017.065673828125
348,350,745A6285,487,0.18264763057231903,21.809640884399414,15.974853515625,4371.3154296875,E,945.237548828125
348,357,745A6285,488,0.12756571173667908,16.180923461914062,17.615436553955078,3943.483642578125,E,944.9810791015625
349,369,745A6285,489,0.0849398672580719,26.10420799255371,35.0772705078125,25226.208984375,E,925.4788208007812
350,375,745A6285,490,0.35762834548950195,32.17763900756836,16.585893630981445,6952.1923828125,E,928.0879516601562
351,352,745A6285,491,0.05249547213315964,12.960000038146973,31.412328720092773,10043.732421875,E,1032.63037109375
351,371,745A6285,492,0.39513102173805237,92.60677337646484,27.876142501831055,56519.4609375,E,1000.2582397460938
352,403,745A6285,493,0.40786075592041016,102.26956176757812,29.489990234375,69853.078125,E,1007.2085571289062
353,393,745A6285,494,1.3953537940979004,80.27568817138672,15.438305854797363,15027.03125,E,1327.91162109375
354,380,745A6285,495,0.23903895914554596,60.61333084106445,27.75545310974121,36673.6953125,E,1230.3748779296875
354,389,745A6285,496,0.293498694896698,73.57333374023438,31.621551513671875,57779.88671875,E,1248.2083740234375
355,359,745A6285,497,0.38541868329048157,83.12820434570312,29.45797348022461,56655.75390625,E,1500.1776123046875
355,377,745A6285,498,0.1059936061501503,31.104000091552734,9.8902587890625,2389.579345703125,E,1521.5260009765625
356,361,745A6285,499,0.16613581776618958,36.47220993041992,22.61901092529297,14655.4501953125,E,935.8570556640625
356,373,745A6285,500,0.07246478646993637,29.769847869873047,20.36329460144043,9695.3291015625,E,921.9913330078125
357,368,745A6285,501,0.6467459201812744,72.05497741699219,20.606117248535156,24029.580078125,E,953.37353515625
357,370,745A6285,502,0.2827967703342438,36.47220993041992,18.179576873779297,9467.1552734375,E,935.0826416015625
358,387,745A6285,503,0.3826062083244324,91.45681762695312,31.05898666381836,69291.59375,E,1077.2630615234375
358,407,745A6285,504,0.42103812098503113,107.00885009765625,30.322675704956055,77276.0,E,1032.4910888671875
359,386,745A6285,505,0.4531726539134979,58.9107666015625,20.00598907470703,18518.44921875,E,1448.4183349609375
360,364,745A6285,506,3.350076675415039,10.99692440032959,3.811764717102051,125.49120330810547,E,1103.9073486328125
360,366,745A6285,507,1.2065832614898682,19.84656524658203,5.560094833374023,481.88079833984375,E,1107.9366455078125
361,363,745A6285,508,0.03342639282345772,6.257641315460205,27.38371467590332,3685.405517578125,E,930.7568969726562
362,1054,745A6285,509,3.3633480072021484,993.44970703125,35.75946807861328,997741.0625,F,496.7239074707031
363,373,745A6285,510,0.09146155416965485,26.10420799255371,26.773836135864258,14696.759765625,E,917.9298095703125
363,375,745A6285,511,0.15022046864032745,28.251487731933594,27.47407341003418,16748.5546875,E,919.482177734375
364,366,745A6285,512,0.2812443673610687,8.849641799926758,14.952282905578613,1553.9268798828125,E,1102.6046142578125
365,371,745A6285,513,0.03182196989655495,7.331283092498779,30.34503746032715,5302.0673828125,E,981.1090698242188
365,385,745A6285,514,0.7104575634002686,122.82135009765625,25.49789810180664,62715.15625,E,953.25927734375
366,443,745A6285,515,1.2584643363952637,228.23548889160156,27.390106201171875,134480.859375,E,1001.4896240234375
367,1054,745A6285,516,3.3773581981658936,997.556396484375,35.75946807861328,1001865.5,F,498.7785339355469
368,370,745A6285,517,0.0320931077003479,6.257641315460205,27.92583465576172,3832.77099609375,E,934.99609375
368,376,745A6285,518,0.18762505054473877,34.95384979248047,27.332895278930664,20509.55078125,E,930.9130249023438
369,1054,745A6285,519,2.8889927864074707,915.2109375,35.75946807861328,919164.3125,F,457.6068115234375
370,382,745A6285,520,0.17450302839279175,26.10420799255371,24.959999084472656,12772.900390625,E,921.5684814453125
371,392,745A6285,521,0.2980540692806244,60.61333084106445,28.808914184570312,39510.4375,E,952.4879760742188
372,1054,745A6285,522,3.3953025341033936,1004.0646362304688,35.75946807861328,1008401.8125,F,502.03411865234375
373,388,745A6285,523,0.21434099972248077,54.35569381713867,32.014041900634766,43753.8203125,E,892.6835327148438
374,456,745A6285,524,1.0183230638504028,236.7930145263672,30.983264923095703,178530.796875,E,1147.8016357421875
375,383,745A6285,525,0.19914303719997406,40.137847900390625,23.082918167114258,16796.75390625,E,909.2033081054688
375,405,745A6285,526,0.2973566949367523,59.800209045410156,28.793840408325195,38939.625,E,885.3654174804688
376,381,745A6285,527,0.02757093496620655,5.184000015258789,27.424375534057617,3062.16357421875,E,924.7957153320312
377,386,745A6285,528,0.49098750948905945,96.27241516113281,28.25788116455078,60376.91796875,E,1471.05224609375
377,390,745A6285,529,0.782008945941925,132.74461364746094,25.649274826049805,68589.3984375,E,1554.73876953125
378,409,745A6285,530,1.785512089729309,120.1530532836914,17.678897857666016,29494.095703125,E,1364.0323486328125
379,380,745A6285,531,0.026282992213964462,10.368000030517578,28.088470458984375,6424.52490234375,E,1197.4791259765625
379,424,745A6285,532,0.5870579481124878,110.67449188232422,27.448772430419922,65491.25390625,E,1143.5263671875
380,439,745A6285,533,0.9282999634742737,139.8916778564453,27.844385147094727,85183.8046875,E,1160.6199951171875
381,385,745A6285,534,0.09793010354042053,25.030563354492188,25.781082153320312,13066.6044921875,E,921.1469116210938
381,394,745A6285,535,0.22006796300411224,41.21148681640625,27.665422439575195,24773.23828125,E,903.8087158203125
382,383,745A6285,536,0.08328807353973389,15.107283592224121,24.476613998413086,7108.51611328125,E,907.1041870117188
382,394,745A6285,537,0.22359934449195862,39.248409271240234,20.634353637695312,13124.8291015625,E,898.3353271484375
383,405,745A6285,538,0.9508646130561829,59.984413146972656,16.59693145751953,12977.287109375,E,877.6800537109375
384,387,745A6285,539,0.023808250203728676,31.288206100463867,20.868141174316406,10701.337890625,E,1086.30224609375
384,397,745A6285,540,0.1364879161119461,30.214563369750977,29.77519989013672,21038.5390625,E,1086.491943359375
385,391,745A6285,541,0.2135324329137802,22.438568115234375,17.659482955932617,5495.92724609375,E,909.6537475585938
386,406,745A6285,542,0.11138473451137543,41.84041213989258,30.339107513427734,30247.634765625,E,1410.4884033203125
387,397,745A6285,543,0.12530837953090668,27.622568130493164,29.72566795349121,19169.783203125,E,1069.7701416015625
388,1054,745A6285,544,2.789490222930908,874.6146850585938,35.75946807861328,878392.6875,F,437.3089599609375
389,396,745A6285,545,0.13381728529930115,26.54892349243164,28.27008056640625,16664.447265625,E,1243.284423828125
389,412,745A6285,546,0.18849904835224152,45.32184600830078,20.428518295288086,14854.951171875,E,1221.45263671875
390,427,745A6285,547,0.47864124178886414,124.892333984375,32.29487609863281,102304.0625,E,1531.7803955078125
391,399,745A6285,548,0.11220495402812958,13.588924407958984,22.0655460357666,5196.42138671875,E,898.580322265625
391,402,745A6285,549,0.16557025909423828,28.69620704650879,13.580046653747559,4156.3955078125,E,892.9313354492188
392,415,745A6285,550,0.1549498438835144,54.35569381713867,26.86870574951172,30819.701171875,E,903.0103149414062
392,425,745A6285,551,0.6789064407348633,160.5513916015625,31.1634521484375,122460.234375,E,918.9755249023438
393,404,745A6285,552,0.4747706651687622,24.585847854614258,7.359247207641602,1045.78369140625,E,1295.74755859375
393,416,745A6285,553,0.8186522722244263,46.39548873901367,13.755192756652832,6894.43994140625,E,1271.9068603515625
394,400,745A6285,554,0.03343922644853592,7.776000022888184,30.50428581237793,5682.8720703125,E,883.4930419921875
395,431,745A6285,555,1.9052640199661255,114.34011840820312,16.029741287231445,23074.9921875,E,1077.1995849609375
396,412,745A6285,556,0.6274349093437195,58.726558685302734,21.04213523864746,20422.271484375,E,1231.151611328125
397,417,745A6285,557,0.14738008379936218,45.32184600830078,29.265113830566406,30485.8203125,E,1060.82666015625
398,401,745A6285,558,0.12571708858013153,13.588926315307617,20.935230255126953,4677.68017578125,E,1307.84228515625
398,409,745A6285,559,0.6550247073173523,26.10420799255371,10.981270790100098,2472.325439453125,E,1312.75048828125
399,408,745A6285,560,0.16852597892284393,23.512208938598633,20.746164321899414,7948.01904296875,E,886.36669921875
399,411,745A6285,561,0.24484500288963318,42.28512954711914,26.452922821044922,23239.3984375,E,890.9443969726562
400,402,745A6285,562,0.10588584095239639,28.067279815673828,25.66152572631836,14516.2744140625,E,879.945068359375
400,426,745A6285,563,0.26768940687179565,70.53661346435547,32.57234191894531,58776.32421875,E,848.6305541992188
401,404,745A6285,564,0.04384882003068924,3.6656415462493896,18.28630828857422,962.7022094726562,E,1299.040771484375
401,410,745A6285,565,0.5498993992805481,24.585847854614258,12.692329406738281,3110.697265625,E,1300.37939453125
402,408,745A6285,566,0.12339941412210464,22.438568115234375,21.902910232543945,8454.5146484375,E,876.2260131835938
403,407,745A6285,567,0.04838461056351662,16.180923461914062,30.153602600097656,11555.0439453125,E,982.24609375
403,425,745A6285,568,0.19947180151939392,62.76061248779297,25.6069278717041,32321.5390625,E,953.00146484375
404,413,745A6285,569,0.3971724510192871,21.36492347717285,14.840471267700195,3695.614013671875,E,1287.1142578125
405,414,745A6285,570,0.07804318517446518,22.438568115234375,33.993316650390625,20364.421875,E,848.7604370117188
406,421,745A6285,571,0.3554457128047943,85.01497650146484,31.1453857421875,64769.82421875,E,1407.607666015625
406,429,745A6285,572,0.45681607723236084,109.60083770751953,31.020360946655273,82831.8671875,E,1342.9560546875
407,437,745A6285,573,0.32153740525245667,76.61004638671875,30.92025375366211,57525.671875,E,963.4459228515625
408,415,745A6285,574,0.29461613297462463,45.76656723022461,20.967018127441406,15801.9814453125,E,873.16650390625
409,410,745A6285,575,0.15833504498004913,9.923282623291016,13.60715389251709,1443.0447998046875,E,1305.1688232421875
410,418,745A6285,576,0.2999691665172577,18.772924423217773,15.75239086151123,3658.598876953125,E,1292.783203125
411,415,745A6285,577,0.01230237353593111,2.5920000076293945,29.0304012298584,1715.658935546875,E,879.0903930664062
412,451,745A6285,578,0.7998788356781006,133.18934631347656,24.38222312927246,62187.91015625,E,1160.27001953125
413,418,745A6285,579,0.0898151695728302,19.846567153930664,12.777036666870117,2544.694091796875,E,1282.2965087890625
413,420,745A6285,580,0.3332865238189697,19.84656524658203,16.039907455444336,4010.3193359375,E,1269.922607421875
414,1054,745A6285,581,2.7437233924865723,839.1237182617188,35.75946807861328,842748.4375,F,419.5638427734375
415,419,745A6285,582,0.029909413307905197,11.441641807556152,28.91520118713379,7513.298828125,E,873.619384765625
416,420,745A6285,583,0.427115797996521,22.438568115234375,11.888639450073242,2490.860107421875,E,1256.93505859375
416,435,745A6285,584,0.8103134036064148,49.43220901489258,14.368535995483398,8015.3955078125,E,1234.09716796875
417,431,745A6285,585,0.14546805620193481,34.32492446899414,30.70679473876953,25419.583984375,E,1038.6904296875
418,422,745A6285,586,0.07878971099853516,12.51528263092041,16.222871780395508,2586.93798828125,E,1280.1689453125
419,440,745A6285,587,0.48130524158477783,106.56411743164062,29.815860748291016,74403.875,E,854.5361328125
419,441,745A6285,588,0.36572137475013733,91.90155029296875,32.186370849609375,74775.0625,E,828.294189453125
420,423,745A6285,589,0.060853082686662674,6.257641315460205,20.26165008544922,2017.670166015625,E,1260.4830322265625
421,427,745A6285,590,0.2843293845653534,70.79712677001953,25.20305061340332,35319.2734375,E,1453.1204833984375
421,442,745A6285,591,0.38175269961357117,84.12554168701172,29.81386947631836,58729.25,E,1392.6220703125
422,423,745A6285,592,0.13491672277450562,20.291284561157227,18.593280792236328,5509.49072265625,E,1266.0560302734375
422,434,745A6285,593,0.1805456280708313,32.361846923828125,19.94654083251953,10112.49609375,E,1272.482666015625
423,435,745A6285,594,0.43637117743492126,43.358768463134766,19.909757614135742,13498.9111328125,E,1238.6690673828125
424,448,745A6285,595,0.6202684044837952,104.41683959960938,24.085275650024414,47573.34375,E,1043.6060791015625
424,458,745A6285,596,1.3012350797653198,140.07589721679688,20.152545928955078,44680.0,E,1045.12451171875
425,428,745A6285,597,0.023089434951543808,6.257641315460205,32.92009353637695,5326.263671875,E,922.2898559570312
426,1054,745A6285,598,2.71498703956604,818.4319458007812,35.75946807861328,821967.25,F,409.21807861328125
427,464,745A6285,599,0.6820070743560791,183.98728942871094,31.214773178100586,140798.515625,E,1390.240234375
428,430,745A6285,600,0.03723765164613724,9.923283576965332,32.62870788574219,8297.45703125,E,920.1343383789062
428,438,745A6285,601,0.0993853434920311,34.95384979248047,30.250164031982422,25121.19921875,E,904.006591796875
429,434,745A6285,602,0.10843133181333542,22.438568115234375,28.761037826538086,14577.8720703125,E,1280.041748046875
429,436,745A6285,603,0.18669448792934418,18.328208923339844,20.56523323059082,6088.0361328125,E,1291.732421875
430,437,745A6285,604,0.25920426845550537,71.24185180664062,28.861343383789062,46607.75,E,927.818359375
430,438,745A6285,605,0.31975334882736206,43.61928176879883,12.024846076965332,4953.67431640625,E,902.1539916992188
431,433,745A6285,606,0.0266144759953022,6.257641315460205,30.64320182800293,4614.96923828125,E,1026.0430908203125
432,466,745A6285,607,0.7775978446006775,189.80020141601562,31.311649322509766,146149.875,E,1021.6649169921875
433,447,745A6285,608,0.3665071725845337,69.01825714111328,27.875499725341797,42121.05078125,E,990.2286376953125
433,448,745A6285,609,0.2753725051879883,61.50277328491211,26.880264282226562,34902.10546875,E,1010.3023071289062
434,449,745A6285,610,0.4016381800174713,87.79117584228516,27.11749839782715,50703.73828125,E,1226.33935546875
435,446,745A6285,611,0.4568426311016083,66.8709716796875,21.595813751220703,24494.392578125,E,1189.5125732421875
437,457,745A6285,612,0.40930619835853577,105.7509994506836,32.14927291870117,85845.3359375,E,915.5996704101562
438,444,745A6285,613,0.1464969962835312,37.10112762451172,31.80027961730957,29467.201171875,E,871.9071044921875
439,451,745A6285,614,0.3146023750305176,66.24205017089844,26.158308029174805,35599.421875,E,1113.1260986328125
439,458,745A6285,615,0.6648256182670593,129.18692016601562,28.270719528198242,81092.7734375,E,1061.83935546875
440,444,745A6285,616,0.315530002117157,61.947486877441406,21.125646591186523,21713.6875,E,849.2750244140625
440,450,745A6285,617,0.21408765017986298,45.32184600830078,24.145244598388672,20752.037109375,E,817.981201171875
441,1054,745A6285,618,2.658329963684082,788.7605590820312,35.75946807861328,792167.75,F,394.38238525390625
442,449,745A6285,619,0.9893234968185425,199.2471923828125,29.472997665405273,135934.8125,E,1268.259765625
442,471,745A6285,620,0.8672158718109131,144.73892211914062,24.889976501464844,70424.5703125,E,1288.3782958984375
443,1054,745A6285,621,2.9779582023620605,895.0548095703125,35.75946807861328,898921.125,F,447.52886962890625
444,453,745A6285,622,0.21827000379562378,51.134769439697266,30.673494338989258,37786.15234375,E,831.7366333007812
445,450,745A6285,623,0.4060342013835907,109.8613510131836,33.04759216308594,94235.4765625,E,795.044921875
445,1054,745A6285,624,2.6446573734283447,782.7882690429688,35.75946807861328,786169.625,F,391.394775390625
446,452,745A6285,625,0.2646821141242981,52.20840835571289,23.397308349609375,22447.197265625,E,1165.59130859375
446,456,745A6285,626,0.33024904131889343,61.242252349853516,23.313148498535156,26142.244140625,E,1127.427978515625
447,459,745A6285,627,0.25887924432754517,67.94461059570312,27.945316314697266,41673.78515625,E,926.2272338867188
447,477,745A6285,628,0.7049442529678345,133.37353515625,26.213085174560547,71977.34375,E,930.0252075195312
448,467,745A6285,629,0.41424456238746643,93.05149841308594,30.012189865112305,65827.6953125,E,970.1192626953125
449,452,745A6285,630,0.058171167969703674,14.662566184997559,31.701684951782227,11573.4951171875,E,1181.977783203125
450,454,745A6285,631,0.07721900194883347,42.72984313964844,23.170448303222656,18017.314453125,E,801.89404296875
450,460,745A6285,632,0.26597094535827637,54.17148971557617,28.81640625,35329.7265625,E,778.9227294921875
451,455,745A6285,633,0.0899469181895256,17.699283599853516,28.054590225219727,10940.91015625,E,1097.87841796875
452,478,745A6285,634,0.5033907294273376,115.41375732421875,30.272186279296875,83068.25,E,1121.3026123046875
453,454,745A6285,635,0.03154666721820831,7.331283092498779,30.480566024780273,5349.53369140625,E,803.875732421875
453,461,745A6285,636,0.17595577239990234,37.10112762451172,24.372425079345703,17309.099609375,E,800.002685546875
454,460,745A6285,637,0.15569835901260376,31.917129516601562,28.808807373046875,20804.8359375,E,785.4087524414062
455,462,745A6285,638,0.84479820728302,122.82133483886719,24.798036575317383,59319.61328125,E,1040.1275634765625
455,472,745A6285,639,0.4648653566837311,77.68368530273438,23.620840072631836,34041.6328125,E,1059.8681640625
456,469,745A6285,640,0.37745389342308044,73.75753784179688,24.471832275390625,34691.9921875,E,1062.099365234375
457,459,745A6285,641,0.04842722415924072,12.51528263092041,32.128604888916016,10146.453125,E,891.0928955078125
457,475,745A6285,642,0.3358791172504425,86.27281188964844,29.24755859375,57961.9609375,E,847.062255859375
458,462,745A6285,643,0.053459860384464264,11.441641807556152,29.237762451171875,7681.86181640625,E,995.983154296875
459,480,745A6285,644,0.33109888434410095,76.61004638671875,30.512882232666016,56019.8671875,E,876.5664672851562
460,461,745A6285,645,0.2895214855670929,53.09783935546875,24.24717903137207,24518.234375,E,778.1482543945312
461,479,745A6285,646,0.8218296766281128,86.34912109375,22.555105209350586,34501.4609375,E,786.0555419921875
462,468,745A6285,647,0.21667343378067017,48.098052978515625,29.94251251220703,33868.3359375,E,971.5851440429688
463,1054,745A6285,648,2.7764105796813965,848.6613159179688,35.75946807861328,852327.25,F,424.32891845703125
464,465,745A6285,649,1.2334730625152588,327.5893249511719,32.722354888916016,275491.84375,E,1450.817626953125
464,473,745A6285,650,0.23197831213474274,56.50297164916992,31.340776443481445,43589.375,E,1285.4613037109375
466,469,745A6285,651,0.06896646320819855,15.107283592224121,29.596237182617188,10393.2001953125,E,1023.2102661132812
466,474,745A6285,652,0.15590284764766693,29.769847869873047,22.870590209960938,12229.8525390625,E,1005.1802368164062
467,468,745A6285,653,0.014320258982479572,3.6656415462493896,31.99849510192871,2947.806396484375,E,948.0237426757812
467,481,745A6285,654,0.25058382749557495,46.57969284057617,24.76935386657715,22444.8046875,E,925.6757202148438
468,498,745A6285,655,0.3296237587928772,83.75713348388672,28.908424377441406,54974.40625,E,929.6986694335938
469,485,745A6285,656,0.24065807461738586,37.54584503173828,25.541561126708984,19237.412109375,E,1012.3634643554688
470,487,745A6285,657,0.22279566526412964,45.50605392456055,28.6964168548584,29431.634765625,E,1055.034912109375
470,506,745A6285,658,0.6218083500862122,99.49333190917969,24.1086483001709,45418.1640625,E,1069.204345703125
471,482,745A6285,659,0.08834563940763474,31.917129516601562,18.323577880859375,8416.5537109375,E,1228.8902587890625
471,483,745A6285,660,0.5869465470314026,112.2691421508789,27.79775047302246,68134.890625,E,1175.138916015625
472,487,745A6285,661,0.12872231006622314,38.17477035522461,21.406871795654297,13739.556640625,E,1030.4371337890625
472,498,745A6285,662,0.8038800358772278,127.30012512207031,24.63227653503418,60663.546875,E,964.2532958984375
473,482,745A6285,663,0.10405630618333817,26.10420799255371,31.62352752685547,20503.171875,E,1244.9952392578125
473,492,745A6285,664,0.4924158751964569,128.00534057617188,30.493127822875977,93480.6953125,E,1298.301513671875
474,476,745A6285,665,0.033834539353847504,3.6656415462493896,20.81732177734375,1247.6409912109375,E,990.830810546875
474,485,745A6285,666,0.0990874171257019,21.99384880065918,21.228988647460938,7784.84033203125,E,993.8179931640625
475,486,745A6285,667,0.7909514904022217,103.60369873046875,20.051057815551758,32714.458984375,E,826.3026123046875
475,489,745A6285,668,0.2195817232131958,51.134769439697266,30.668712615966797,37774.375,E,786.115234375
476,484,745A6285,669,0.13845990598201752,12.51528263092041,17.2495059967041,2924.71728515625,E,984.1209716796875
476,490,745A6285,670,0.4452357292175293,47.0244140625,21.417713165283203,16941.796875,E,973.68505859375
477,481,745A6285,671,0.017669353634119034,3.6656415462493896,28.80677604675293,2389.071533203125,E,902.0643920898438
477,488,745A6285,672,0.12250666320323944,23.512208938598633,27.655624389648438,14123.7568359375,E,890.5320434570312
478,483,745A6285,673,0.5118386745452881,74.4627685546875,24.81673812866211,36017.90625,E,1098.020263671875
478,520,745A6285,674,1.0952355861663818,156.18051147460938,23.95451545715332,70386.84375,E,997.7242431640625
479,1054,745A6285,675,2.512105941772461,761.7217407226562,35.75946807861328,765012.125,F,380.8624267578125
480,486,745A6285,676,0.03397069126367569,7.331283092498779,29.376001358032227,4968.84228515625,E,859.688720703125
480,488,745A6285,677,0.1588110625743866,37.990562438964844,25.26268196105957,19042.525390625,E,872.87158203125
481,495,745A6285,678,0.14664840698242188,36.91692352294922,25.938297271728516,19507.3515625,E,893.39208984375
482,499,745A6285,679,0.3886103332042694,84.57025146484375,26.792314529418945,47679.08984375,E,1194.9404296875
483,500,745A6285,680,0.5192864537239075,75.53640747070312,22.97998046875,31328.927734375,E,1097.71923828125
484,490,745A6285,681,0.1358201801776886,18.328208923339844,18.68781280517578,5027.2080078125,E,969.3197631835938
485,494,745A6285,682,0.2890022099018097,36.027488708496094,22.868894577026367,14798.380859375,E,979.1858520507812
486,502,745A6285,683,0.31708091497421265,56.31876754760742,27.124784469604492,32544.34765625,E,845.112060546875
487,497,745A6285,684,0.21965527534484863,43.17456817626953,28.140987396240234,26853.23046875,E,1019.024658203125
488,493,745A6285,685,0.037981271743774414,14.033641815185547,23.460142135620117,6066.267578125,E,875.7929077148438
489,1054,745A6285,686,2.4984335899353027,763.6376953125,35.75946807861328,766936.3125,F,381.8169250488281
490,491,745A6285,687,0.03847656026482582,6.257641315460205,25.513410568237305,3199.172119140625,E,957.2330322265625
491,494,745A6285,688,0.1298491209745407,22.438568115234375,26.296096801757812,12186.1806640625,E,958.81884765625
491,496,745A6285,689,0.0588127002120018,29.769847869873047,20.661460876464844,9981.3330078125,E,940.809814453125
493,495,745A6285,690,0.10513350367546082,25.03056526184082,22.951908111572266,10356.1455078125,E,875.8798828125
493,502,745A6285,691,0.22991710901260376,36.027488708496094,19.356504440307617,10601.75390625,E,856.2506103515625
494,520,745A6285,692,0.7939198613166809,59.35548400878906,16.258447647094727,12322.7861328125,E,943.5283813476562
495,510,745A6285,693,0.11621958017349243,41.84041213989258,28.423057556152344,26547.73046875,E,880.4584350585938
496,505,745A6285,694,0.6836376190185547,130.59732055664062,28.479297637939453,83192.21875,E,876.8330688476562
496,547,745A6285,695,0.9698867797851562,189.61602783203125,28.820093154907227,123696.0078125,E,844.90966796875
497,507,745A6285,696,0.12648168206214905,22.438568115234375,26.77129364013672,12630.5927734375,E,998.7470092773438
497,508,745A6285,697,1.6314042806625366,79.64676666259766,16.43765640258789,16901.98828125,E,1032.5745849609375
498,504,745A6285,698,0.04444785416126251,8.849641799926758,28.207059860229492,5530.07763671875,E,906.4620361328125
499,515,745A6285,699,0.19150875508785248,47.4691276550293,31.50296401977539,37000.19140625,E,1134.8309326171875
499,554,745A6285,700,2.8437914848327637,567.6350708007812,28.945035934448242,373514.34375,E,1308.164306640625
500,513,745A6285,701,0.20766699314117432,30.843490600585938,25.42193031311035,15655.6259765625,E,1068.85498046875
500,536,745A6285,702,2.570763349533081,205.4285125732422,22.394399642944336,80915.0703125,E,969.7078247070312
501,503,745A6285,703,0.11962877213954926,23.956924438476562,28.80000114440918,15606.5146484375,E,803.4024658203125
501,1054,745A6285,704,2.4977173805236816,795.47802734375,35.75946807861328,798914.1875,F,397.7396240234375
502,525,745A6285,705,0.18991568684577942,42.100929260253906,29.8232479095459,29409.755859375,E,829.345703125
503,505,745A6285,706,0.15928614139556885,30.214563369750977,27.77552032470703,18307.56640625,E,817.0219116210938
503,514,745A6285,707,0.1658014953136444,19.846567153930664,19.414588928222656,5875.322265625,E,801.3179321289062
504,510,745A6285,708,0.1141701266169548,25.03056526184082,29.606401443481445,17231.845703125,E,892.55322265625
504,526,745A6285,709,0.07263234257698059,43.803489685058594,26.326589584350586,23844.4765625,E,900.8587036132812
505,521,745A6285,710,0.3511503040790558,45.32184600830078,20.769880294799805,15355.5537109375,E,804.0131225585938
506,508,745A6285,711,0.04081438109278679,6.257641315460205,15.93825912475586,1248.482177734375,E,1054.5877685546875
506,517,745A6285,712,0.19331347942352295,26.10420799255371,24.02033233642578,11829.283203125,E,1062.6114501953125
507,512,745A6285,713,0.03440209478139877,6.257641315460205,27.017789840698242,3587.568359375,E,988.5083618164062
507,519,745A6285,714,0.2709881067276001,58.726558685302734,26.047958374023438,31294.775390625,E,965.312744140625
508,524,745A6285,715,0.3492351770401001,29.14092445373535,14.581995010375977,4866.6162109375,E,1040.658203125
509,517,745A6285,716,0.9532249569892883,68.64984893798828,28.55225372314453,43955.19921875,E,1094.9041748046875
510,518,745A6285,717,0.04748925939202309,11.441641807556152,31.047077178955078,8662.0302734375,E,876.8076782226562
511,523,745A6285,718,0.8109617233276367,82.23876953125,20.95331573486328,28357.765625,E,796.7154541015625
511,1054,745A6285,719,2.435635566711426,777.1246337890625,35.75946807861328,780481.5625,F,388.5628662109375
512,524,745A6285,720,0.587479829788208,75.53640747070312,21.1749324798584,26600.53125,E,1007.609130859375
512,528,745A6285,721,0.18308335542678833,34.509132385253906,27.415138244628906,20370.646484375,E,973.1233520507812
513,515,745A6285,722,0.5196651220321655,59.984413146972656,16.3984432220459,12668.7421875,E,1097.2890625
513,529,745A6285,723,0.07976001501083374,28.067283630371094,27.678491592407227,16887.876953125,E,1070.6934814453125
514,516,745A6285,724,0.13205930590629578,8.849641799926758,19.323104858398438,2595.19140625,E,790.532958984375
514,521,745A6285,725,0.03572377189993858,16.625642776489258,17.036046981811523,3789.710205078125,E,790.0465698242188
515,529,745A6285,726,0.22607286274433136,51.134769439697266,30.225053787231445,36689.37890625,E,1087.5712890625
516,1054,745A6285,727,2.476175546646118,786.384765625,35.75946807861328,789781.6875,F,393.1890563964844
517,524,745A6285,728,0.7765453457832336,49.61640930175781,18.204206466674805,12913.9375,E,1046.2490234375
518,526,745A6285,729,0.18469449877738953,47.913848876953125,28.506528854370117,30580.150390625,E,882.2304077148438
518,535,745A6285,730,0.20997001230716705,51.76368713378906,31.31618881225586,39870.609375,E,846.9320068359375
519,527,745A6285,731,0.20676997303962708,46.39548873901367,23.498767852783203,20121.2890625,E,917.3196411132812
519,528,745A6285,732,0.1511688232421875,41.21148681640625,21.312002182006836,14701.3310546875,E,945.70849609375
520,536,745A6285,733,0.2281699776649475,41.84041213989258,27.114742279052734,24159.9921875,E,904.778564453125
521,522,745A6285,734,0.04321492835879326,6.257641315460205,26.570541381835938,3469.775390625,E,781.92041015625
522,1054,745A6285,735,2.472240924835205,779.433837890625,35.75946807861328,782800.6875,F,389.6978759765625
523,1054,745A6285,736,2.5046730041503906,787.0509033203125,35.75946807861328,790450.6875,F,393.5225524902344
525,530,745A6285,737,0.02795807644724846,6.257641315460205,29.938446044921875,4405.13330078125,E,816.090087890625
525,532,745A6285,738,0.09079156070947647,27.6225643157959,29.573486328125,18974.0,E,805.2239379882812
526,527,745A6285,739,0.01565304771065712,3.6656415462493896,30.605926513671875,2696.813720703125,E,896.146240234375
527,538,745A6285,740,0.21276088058948517,43.358768463134766,28.716745376586914,28082.595703125,E,895.1011962890625
528,539,745A6285,741,0.12020911276340485,35.84328079223633,24.723108291625977,17206.9453125,E,946.8558349609375
529,541,745A6285,742,0.3887667655944824,83.94132995605469,29.61196517944336,57809.625,E,1028.017333984375
530,533,745A6285,743,0.06863945722579956,17.254566192626953,29.22556495666504,11574.9677734375,E,817.32568359375
530,534,745A6285,744,0.07965163886547089,18.328208923339844,30.80583381652832,13660.791015625,E,805.9517822265625
531,588,745A6285,745,7.138525009155273,185.5819549560547,22.222265243530273,71978.4140625,E,1668.5758056640625
532,1054,745A6285,746,2.5446367263793945,791.9864501953125,35.75946807861328,795407.5625,F,395.99432373046875
533,535,745A6285,747,0.012242291122674942,12.51528263092041,29.101551055908203,8324.58984375,E,821.5982055664062
533,537,745A6285,748,0.09877751022577286,21.36492347717285,29.752092361450195,14853.4130859375,E,809.0162963867188
534,1054,745A6285,749,2.575101375579834,796.823974609375,35.75946807861328,800265.9375,F,398.4096984863281
535,542,745A6285,750,0.10358812659978867,21.809640884399414,29.432472229003906,14838.564453125,E,817.7586669921875
536,545,745A6285,751,0.25692909955978394,45.50605392456055,26.635889053344727,25356.7421875,E,864.7918701171875
537,1054,745A6285,752,2.5927085876464844,799.521728515625,35.75946807861328,802975.375,F,399.7621154785156
538,543,745A6285,753,0.18835662305355072,40.58256149291992,29.362449645996094,27479.8203125,E,909.311279296875
538,550,745A6285,754,0.27196192741394043,62.76061248779297,28.09930992126465,38919.6015625,E,867.0967407226562
539,543,745A6285,755,0.07426978647708893,17.254566192626953,30.450071334838867,12565.2333984375,E,929.555419921875
539,548,745A6285,756,0.760398805141449,134.70770263671875,26.973739624023438,76977.6484375,E,986.6531372070312
540,544,745A6285,757,0.5290877819061279,141.41006469726562,32.78336715698242,119365.0859375,E,1557.10986328125
541,546,745A6285,758,0.3128783106803894,70.79712677001953,27.56765365600586,42257.62890625,E,1010.0970458984375
541,552,745A6285,759,0.795417308807373,191.0264434814453,31.19733238220215,146022.0,E,902.5846557617188
542,1054,745A6285,760,2.6664953231811523,812.8513793945312,35.75946807861328,816362.625,F,406.42724609375
543,556,745A6285,761,0.08882557600736618,45.766563415527344,27.592819213867188,27367.197265625,E,908.2913818359375
544,567,745A6285,762,1.0806735754013062,268.71014404296875,31.873390197753906,214402.8125,E,1378.4737548828125
544,569,745A6285,763,0.3472593426704407,96.45661926269531,31.055063247680664,73061.1875,E,1499.2950439453125
545,549,745A6285,764,0.11034268140792847,28.69620704650879,22.58258819580078,11493.751953125,E,830.8114624023438
545,552,745A6285,765,0.08427585661411285,36.91692352294922,19.333271026611328,10837.4228515625,E,832.9306030273438
546,554,745A6285,766,1.0775799751281738,247.42153930664062,30.76228904724121,183892.78125,E,1133.261962890625
546,557,745A6285,767,0.113497793674469,31.73292350769043,27.06861114501953,18261.310546875,E,1030.9830322265625
547,1054,745A6285,768,2.461251735687256,754.9842529296875,35.75946807861328,758245.5,F,377.4934387207031
549,558,745A6285,769,0.17541703581809998,30.214563369750977,26.298866271972656,16412.70703125,E,812.7227172851562
549,561,745A6285,770,0.3326774537563324,56.31876754760742,23.115995407104492,23635.685546875,E,791.6072998046875
550,1054,745A6285,771,2.7849957942962646,836.1600952148438,35.75946807861328,839772.0,F,418.0815734863281
551,579,745A6285,772,0.49223923683166504,125.78177642822266,32.08438491821289,101693.9296875,E,1729.741943359375
552,558,745A6285,773,0.06593909859657288,12.51528263092041,27.542287826538086,7456.42333984375,E,815.5096435546875
553,555,745A6285,774,0.14685431122779846,8.849641799926758,17.99830436706543,2251.535400390625,E,751.8887329101562
553,1054,745A6285,775,2.4634580612182617,749.1283569335938,35.75946807861328,752364.3125,F,374.5657043457031
554,560,745A6285,776,0.043489810079336166,8.849641799926758,28.54249382019043,5662.38525390625,E,1231.5455322265625
555,559,745A6285,777,0.07446208596229553,7.331283092498779,23.168752670288086,3090.830322265625,E,750.2755737304688
555,562,745A6285,778,0.07777425646781921,22.438568115234375,25.489017486572266,11449.623046875,E,758.4943237304688
556,563,745A6285,779,0.1355188637971878,34.9538459777832,32.25260925292969,28557.130859375,E,875.3876342773438
556,566,745A6285,780,0.1730486899614334,40.76676940917969,30.783418655395508,30341.0,E,897.1422119140625
557,580,745A6285,781,0.5738568305969238,137.66810607910156,27.58932876586914,82301.078125,E,967.1401977539062
557,590,745A6285,782,0.5945190787315369,132.2236328125,28.53087615966797,84533.5625,E,1053.955322265625
558,561,745A6285,783,0.3202645480632782,57.837127685546875,23.856563568115234,25853.083984375,E,785.0975341796875
559,1054,745A6285,784,2.4614903926849365,746.657958984375,35.75946807861328,749883.25,F,373.3305358886719
560,567,745A6285,785,0.09483793377876282,39.248409271240234,17.97119903564453,9955.5673828125,E,1241.316162109375
560,570,745A6285,786,0.17461411654949188,43.17456817626953,24.978748321533203,21157.25,E,1219.7001953125
561,562,745A6285,787,0.01799807697534561,3.6656415462493896,28.542495727539062,2345.43701171875,E,764.5939331054688
562,564,745A6285,788,0.04857752472162247,9.923283576965332,28.60348129272461,6376.51025390625,E,758.9983520507812
563,1054,745A6285,789,2.8858890533447266,859.043701171875,35.75946807861328,862754.4375,F,429.51458740234375
564,565,745A6285,790,0.07605218887329102,15.107283592224121,29.033788681030273,10001.9267578125,E,747.3163452148438
564,571,745A6285,791,0.690118134021759,29.58563995361328,13.709647178649902,4367.404296875,E,747.7310180664062
565,1054,745A6285,792,2.454197406768799,740.5004272460938,35.75946807861328,743699.125,F,370.248779296875
566,568,745A6285,793,0.07921461015939713,29.14092445373535,30.308246612548828,21023.974609375,E,887.9320678710938
566,582,745A6285,794,0.15399028360843658,37.990562438964844,31.628210067749023,29847.97265625,E,899.8712768554688
567,577,745A6285,795,0.09628383070230484,38.61948776245117,28.864858627319336,25271.748046875,E,1234.361572265625
568,1054,745A6285,796,2.948209524154663,874.1498413085938,35.75946807861328,877925.875,F,437.07666015625
570,577,745A6285,797,0.05234519764780998,13.588926315307617,32.19771957397461,11064.3330078125,E,1215.739501953125
570,590,745A6285,798,0.8678524494171143,144.18624877929688,29.399581909179688,97880.4609375,E,1147.543701171875
571,572,745A6285,799,0.15523625910282135,3.6656415462493896,8.17242431640625,192.28335571289062,E,741.1441040039062
571,573,745A6285,800,0.2628234624862671,6.257641315460205,17.1241397857666,1441.1795654296875,E,737.617919921875
572,575,745A6285,801,0.1930740475654602,17.699283599853516,12.670307159423828,2231.617919921875,E,747.41064453125
572,576,745A6285,802,0.07971123605966568,5.184000015258789,11.404801368713379,529.5784301757812,E,740.194091796875
573,1054,745A6285,803,2.453045129776001,734.9634399414062,35.75946807861328,738138.1875,F,367.4805908203125
574,575,745A6285,804,0.2843998372554779,25.030563354492188,14.62362289428711,4204.0751953125,E,762.6741943359375
574,583,745A6285,805,0.6393235325813293,111.8244400024414,27.589046478271484,66849.78125,E,814.9864501953125
574,585,745A6285,806,0.3496178388595581,19.217641830444336,12.059407234191895,2195.037353515625,E,763.8165893554688
575,584,745A6285,807,0.23230662941932678,16.625642776489258,11.689412117004395,1784.2415771484375,E,748.5072021484375
576,578,745A6285,808,0.25778675079345703,6.257641315460205,16.480377197265625,1334.857421875,E,736.1728515625
576,581,745A6285,809,0.49853524565696716,12.51528263092041,14.482671737670898,2061.711669921875,E,736.852783203125
577,611,745A6285,810,1.097217321395874,284.00164794921875,32.17518997192383,230915.4375,E,1134.656494140625
578,1054,745A6285,811,2.451077699661255,733.0595703125,35.75946807861328,736226.125,F,366.5315246582031
579,587,745A6285,812,0.22343939542770386,66.686767578125,30.984163284301758,50281.59765625,E,1701.9671630859375
579,588,745A6285,813,0.22483453154563904,56.31876754760742,31.770591735839844,44647.140625,E,1651.120361328125
580,583,745A6285,814,0.2641705274581909,57.20820617675781,29.53379249572754,39191.02734375,E,880.0059204101562
580,591,745A6285,815,0.9537320137023926,198.35775756835938,29.26273536682129,133404.015625,E,972.64697265625
581,1054,745A6285,816,2.4524688720703125,732.5782470703125,35.75946807861328,735742.75,F,366.2908935546875
582,1054,745A6285,817,3.028137445449829,895.2161865234375,35.75946807861328,899083.1875,F,447.61004638671875
583,592,745A6285,818,0.5722225308418274,62.131683349609375,19.55943489074707,18668.765625,E,858.2764282226562
584,585,745A6285,819,0.15936864912509918,18.772924423217773,21.656633377075195,6915.18310546875,E,751.4718627929688
584,586,745A6285,820,0.15138502418994904,17.699283599853516,22.710857391357422,7169.89208984375,E,738.485595703125
585,592,745A6285,821,1.938732385635376,168.5115966796875,19.814125061035156,51960.0390625,E,807.9758911132812
586,1054,745A6285,822,2.451892614364624,730.4520874023438,35.75946807861328,733607.375,F,365.22528076171875
588,604,745A6285,823,1.2567963600158691,334.1706237792969,32.77831268310547,281988.4375,E,1480.5133056640625
589,595,745A6285,824,1.1346111297607422,219.53848266601562,31.24393081665039,168318.515625,E,1065.2989501953125
590,591,745A6285,825,0.1635451465845108,38.17477035522461,30.61609649658203,28103.859375,E,1062.8443603515625
591,599,745A6285,826,0.6521407961845398,143.665283203125,29.814470291137695,100298.84375,E,985.2926025390625
592,599,745A6285,827,0.6238231062889099,145.18359375,29.3409366607666,98164.703125,E,901.755615234375
593,594,745A6285,828,0.29675447940826416,7.776000022888184,15.414776802062988,1451.177734375,E,726.8167724609375
594,1054,745A6285,829,2.4434471130371094,723.33056640625,35.75946807861328,726455.125,F,361.6679992675781
595,1054,745A6285,830,3.2503135204315186,962.2850341796875,35.75946807861328,966441.75,F,481.1419677734375
596,597,745A6285,831,1.280373454093933,54.80040740966797,24.214590072631836,25236.4296875,E,744.3942260742188
597,1054,745A6285,832,2.4411420822143555,721.0233764648438,35.75946807861328,724137.9375,F,360.5140075683594
598,600,745A6285,833,0.8083776235580444,22.438568115234375,13.394540786743164,3161.845703125,E,1045.7557373046875
599,602,745A6285,834,0.21174931526184082,50.69004821777344,31.05190658569336,38387.4375,E,905.8120727539062
600,1054,745A6285,835,3.459632158279419,1035.5096435546875,35.75946807861328,1039982.6875,F,517.756591796875
601,605,745A6285,836,1.6127076148986816,123.45027160644531,22.66842269897461,49822.38671875,E,797.985595703125
602,611,745A6285,837,0.893256664276123,217.31484985351562,30.325206756591797,156959.21875,E,972.9610595703125
602,617,745A6285,838,0.6000242233276367,147.95985412597656,31.41448402404785,114681.578125,E,824.83154296875
603,605,745A6285,839,0.23959995806217194,31.288206100463867,25.141939163208008,15533.4560546875,E,733.5498046875
603,1054,745A6285,840,2.4281857013702393,722.0476684570312,35.75946807861328,725166.625,F,361.026123046875
604,610,745A6285,841,0.30742061138153076,88.49641418457031,30.986713409423828,66736.984375,E,1305.1090087890625
604,613,745A6285,842,0.8529043197631836,231.60902404785156,33.01826858520508,198314.265625,E,1443.8260498046875
605,607,745A6285,843,0.092603400349617,20.920207977294922,30.581241607666016,15366.1865234375,E,734.3648681640625
606,608,745A6285,844,0.3831271231174469,102.79055786132812,32.793949127197266,86822.15625,E,1052.8006591796875
607,1054,745A6285,845,2.4270331859588623,725.4822387695312,35.75946807861328,728616.0625,F,362.7413024902344
608,1054,745A6285,846,3.308839797973633,1003.5191650390625,35.75946807861328,1007854.0,F,501.7607727050781
609,652,745A6285,847,1.2149826288223267,297.6668395996094,31.42394256591797,230856.28125,E,1170.7850341796875
610,612,745A6285,848,0.20731833577156067,36.656410217285156,21.676959991455078,13528.0927734375,E,1275.804443359375
610,620,745A6285,849,1.1276867389678955,241.3480987548828,30.306846618652344,174106.609375,E,1152.86865234375
611,620,745A6285,850,0.1692202240228653,49.43220901489258,28.797395706176758,32196.326171875,E,1049.168212890625
612,615,745A6285,851,0.2926168441772461,49.43220520019531,21.74934196472168,18365.048828125,E,1307.9144287109375
612,619,745A6285,852,0.03685847669839859,29.14092445373535,16.771766662597656,6437.99755859375,E,1282.2578125
613,622,745A6285,853,0.7059637904167175,180.65847778320312,32.209327697753906,147201.265625,E,1620.0938720703125
613,635,745A6285,854,1.4754445552825928,314.8451232910156,29.846067428588867,220272.90625,E,1592.8284912109375
614,617,745A6285,855,0.1548863798379898,37.54584503173828,25.42193031311035,19057.626953125,E,748.36474609375
614,1054,745A6285,856,2.4199788570404053,733.3573608398438,35.75946807861328,736525.1875,F,366.68096923828125
615,619,745A6285,857,0.3633051812648773,56.31876754760742,25.251272201538086,28203.92578125,E,1300.2222900390625
615,635,745A6285,858,1.2080503702163696,276.1493225097656,31.021263122558594,208714.59375,E,1428.9072265625
616,618,745A6285,859,0.42700833082199097,11.441641807556152,14.600584030151367,1915.6611328125,E,983.63916015625
616,1054,745A6285,860,3.1882729530334473,978.66796875,35.75946807861328,982895.4375,F,489.3357238769531
617,621,745A6285,861,0.1548262983560562,33.435489654541016,29.9821834564209,23606.091796875,E,752.0939331054688
619,625,745A6285,862,0.450124591588974,109.8613510131836,28.92998695373535,72215.6484375,E,1228.4708251953125
620,624,745A6285,863,0.34279313683509827,84.38605499267578,28.77459144592285,54875.55078125,E,1004.6486206054688
620,626,745A6285,864,0.81090247631073,80.45989227294922,18.300060272216797,21162.861328125,E,1068.373291015625
621,1054,745A6285,865,2.4087510108947754,738.8109130859375,35.75946807861328,742002.3125,F,369.4076232910156
622,623,745A6285,866,0.4824952781200409,120.67405700683594,31.699695587158203,95238.8203125,E,1751.673583984375
622,631,745A6285,867,0.42226871848106384,103.97211456298828,29.2811279296875,70013.59375,E,1725.4366455078125
624,628,745A6285,868,0.5047599077224731,115.04534912109375,28.597272872924805,73893.828125,E,1013.5454711914062
624,629,745A6285,869,0.8933905959129333,224.53823852539062,31.772111892700195,178021.46875,E,862.1858520507812
625,627,745A6285,870,0.16187073290348053,41.65620422363281,32.078453063964844,33666.37890625,E,1163.046142578125
625,638,745A6285,871,1.4338045120239258,344.24658203125,31.495166778564453,268192.9375,E,1328.8936767578125
626,627,745A6285,872,0.23691865801811218,47.72964096069336,29.239046096801758,32048.259765625,E,1121.3233642578125
626,628,745A6285,873,0.3508615493774414,43.358768463134766,17.505882263183594,10436.017578125,E,1080.736572265625
627,646,745A6285,874,1.3728150129318237,288.4803771972656,28.997825622558594,190518.453125,E,1253.577880859375
628,636,745A6285,875,0.5145013332366943,115.8584976196289,30.145217895507812,82690.3125,E,1104.5394287109375
629,1054,745A6285,876,2.407837390899658,757.5028686523438,35.75946807861328,760775.0,F,378.7531433105469
630,632,745A6285,877,1.6034808158874512,26.10420799255371,11.734588623046875,2823.164306640625,E,940.9149780273438
632,1054,745A6285,878,2.9141316413879395,930.5316162109375,35.75946807861328,934551.1875,F,465.2664794921875
633,634,745A6285,879,0.5013133883476257,22.883283615112305,15.551998138427734,4346.9091796875,E,931.2180786132812
633,1054,745A6285,880,2.9060235023498535,927.9396362304688,35.75946807861328,931948.0,F,463.9704895019531
635,638,745A6285,881,0.272411048412323,65.61312866210938,28.34027099609375,41389.3515625,E,1506.36474609375
636,641,745A6285,882,0.24566756188869476,53.726768493652344,29.8096923828125,37496.91796875,E,1169.7825927734375
636,642,745A6285,883,0.13426904380321503,35.398563385009766,25.845458984375,18571.373046875,E,1141.6744384765625
637,655,745A6285,884,0.43143653869628906,102.26953887939453,30.994958877563477,77164.640625,E,1439.655029296875
638,645,745A6285,885,0.18945954740047455,44.87712478637695,25.66994857788086,23225.4921875,E,1488.5238037109375
639,644,745A6285,886,0.18298988044261932,45.32184600830078,31.619857788085938,35589.125,E,928.8419799804688
639,1054,745A6285,887,2.9130780696868896,911.2677001953125,35.75946807861328,915204.0625,F,455.635498046875
640,642,745A6285,888,1.8080281019210815,370.3191833496094,29.710689544677734,256738.828125,E,963.9976806640625
640,1054,745A6285,889,2.5353593826293945,789.8458251953125,35.75946807861328,793257.6875,F,394.9244689941406
641,643,745A6285,890,0.09128425270318985,41.65620803833008,20.110870361328125,13232.177734375,E,1168.16259765625
641,651,745A6285,891,0.2996169328689575,76.34953308105469,31.9154109954834,61079.734375,E,1215.8448486328125
642,643,745A6285,892,0.09180505573749542,17.254566192626953,24.334306716918945,8024.75732421875,E,1144.842529296875
643,663,745A6285,893,0.38594675064086914,86.34912109375,29.935386657714844,60773.9609375,E,1162.4464111328125
645,648,745A6285,894,1.9381744861602783,138.3733367919922,16.136472702026367,28298.244140625,E,1438.31201171875
645,658,745A6285,895,2.2615458965301514,123.89498901367188,20.245731353759766,39885.08984375,E,1489.114501953125
646,648,745A6285,896,0.05143199861049652,17.699283599853516,28.379858016967773,11196.080078125,E,1369.2703857421875
646,650,745A6285,897,0.6251078248023987,132.29989624023438,27.370508193969727,77842.203125,E,1304.914794921875
647,654,745A6285,898,0.19379067420959473,38.61948776245117,21.907482147216797,14557.3173828125,E,960.4320678710938
647,656,745A6285,899,0.2461717426776886,24.401639938354492,9.202446937561035,1622.9888916015625,E,946.7362670898438
647,657,745A6285,900,0.66431725025177,53.54256057739258,17.902589797973633,13477.853515625,E,927.199951171875
648,659,745A6285,901,0.13764186203479767,31.917129516601562,30.242034912109375,22926.392578125,E,1389.486328125
649,655,745A6285,902,6.690099716186523,272.7126159667969,30.66497230529785,201409.640625,E,1547.5048828125
650,651,745A6285,903,0.010119521990418434,2.5920000076293945,32.00865936279297,2085.738525390625,E,1247.1810302734375
650,677,745A6285,904,0.8440855741500854,195.24472045898438,30.668418884277344,144228.796875,E,1310.8565673828125
651,666,745A6285,905,0.5116680264472961,110.67447662353516,26.36255645751953,60410.5,E,1222.187744140625
652,655,745A6285,906,1.2044215202331543,305.3349609375,31.936784744262695,244595.6875,E,1274.3594970703125
652,662,745A6285,907,0.2503785490989685,68.83405303955078,30.1517276763916,49149.33203125,E,1103.12890625
653,657,745A6285,908,0.8219196200370789,113.7874984741211,23.85849952697754,50871.05078125,E,869.0342407226562
653,1054,745A6285,909,2.6673927307128906,815.65673828125,35.75946807861328,819180.0625,F,407.829833984375
654,656,745A6285,910,0.15061087906360626,27.6225643157959,27.43454360961914,16328.6142578125,E,961.849853515625
654,660,745A6285,911,1.5124295949935913,140.78114318847656,25.19087791442871,70165.0703125,E,1039.5147705078125
656,657,745A6285,912,0.29349401593208313,32.80656433105469,21.222211837768555,11604.646484375,E,936.552734375
658,659,745A6285,913,0.2190101444721222,45.76656723022461,18.15707015991211,11850.3115234375,E,1422.4417724609375
658,671,745A6285,914,0.9739505052566528,151.62542724609375,27.422569274902344,89552.6015625,E,1495.8118896484375
659,670,745A6285,915,0.8194782137870789,122.11612701416016,25.262683868408203,61209.9296875,E,1432.56494140625
661,664,745A6285,916,0.3349233567714691,84.64656066894531,31.87333869934082,67538.953125,E,927.8806762695312
661,1054,745A6285,917,2.9266104698181152,889.3619995117188,35.75946807861328,893203.75,F,444.68292236328125
662,664,745A6285,918,0.4981063902378082,122.00820922851562,31.381542205810547,94368.6015625,E,1024.380615234375
662,667,745A6285,919,0.3224177956581116,99.23284149169922,29.115415573120117,66068.015625,E,1121.945068359375
664,688,745A6285,920,0.8164194822311401,190.24493408203125,29.36309814453125,128826.953125,E,1036.875
665,668,745A6285,921,0.87361079454422,223.90931701660156,32.043861389160156,180572.5625,E,953.7794189453125
665,1054,745A6285,922,2.820967435836792,848.9185791015625,35.75946807861328,852585.625,F,424.4613037109375
666,668,745A6285,923,0.6651159524917603,149.44656372070312,30.023330688476562,105801.921875,E,1131.3505859375
666,673,745A6285,924,0.49840325117111206,107.89828491210938,29.540327072143555,73949.4609375,E,1249.9595947265625
667,672,745A6285,925,1.5453444719314575,363.5404968261719,30.810020446777344,271035.78125,E,1331.4091796875
667,694,745A6285,926,0.5909666419029236,139.63119506835938,30.80295181274414,104053.578125,E,1191.60888671875
668,674,745A6285,927,0.08224492520093918,38.880001068115234,20.29383659362793,12576.0556640625,E,1064.2886962890625
669,681,745A6285,928,0.4505693018436432,85.19918060302734,27.883350372314453,52025.375,E,909.1250610351562
669,1054,745A6285,929,2.932849884033203,877.0081176757812,35.75946807861328,880796.5,F,438.50604248046875
673,677,745A6285,930,0.6894287467002869,83.31241607666016,21.30787467956543,29708.439453125,E,1333.682861328125
673,685,745A6285,931,0.4024662971496582,47.913848876953125,16.34230613708496,10050.2685546875,E,1294.3162841796875
674,676,745A6285,932,0.17371313273906708,29.14092445373535,26.090028762817383,15579.0986328125,E,1081.8726806640625
674,678,745A6285,933,0.3851962983608246,71.87076568603516,27.531713485717773,42786.68359375,E,1041.02392578125
675,676,745A6285,934,1.5542937517166138,81.16513061523438,12.635746955871582,10177.970703125,E,1129.1026611328125
675,685,745A6285,935,0.8170170783996582,135.33660888671875,26.044574737548828,72100.7421875,E,1225.9010009765625
675,686,745A6285,936,0.33004406094551086,54.35569381713867,22.621553421020508,21846.39453125,E,1155.982177734375
676,686,745A6285,937,0.3384716212749481,56.50297164916992,27.217491149902344,32874.36328125,E,1119.5223388671875
677,682,745A6285,938,0.07661718875169754,19.84656524658203,32.184364318847656,16146.0048828125,E,1376.6708984375
678,683,745A6285,939,0.4111364781856537,60.42912673950195,17.681045532226562,14837.205078125,E,989.2400512695312
678,684,745A6285,940,0.125171959400177,26.10420799255371,28.82259178161621,17032.03125,E,1008.5016479492188
679,687,745A6285,941,0.36394500732421875,68.83405303955078,27.901674270629883,42087.5625,E,930.6382446289062
679,1054,745A6285,942,3.0324509143829346,900.472900390625,35.75946807861328,904362.625,F,450.2383728027344
680,691,745A6285,943,0.35426443815231323,58.4660530090332,26.121152877807617,31331.294921875,E,894.534423828125
680,1054,745A6285,944,2.9385132789611816,871.4711303710938,35.75946807861328,875235.5625,F,435.7375183105469
681,690,745A6285,945,0.885706901550293,157.14627075195312,25.909021377563477,82850.6640625,E,1015.029052734375
681,711,745A6285,946,0.7582753896713257,151.2570343017578,28.498931884765625,96485.625,E,979.639892578125
682,696,745A6285,947,0.2795250117778778,69.01825714111328,31.7574405670166,54669.46875,E,1363.5400390625
682,699,745A6285,948,0.23946595191955566,73.57333374023438,31.3682861328125,56858.04296875,E,1404.5035400390625
683,684,745A6285,949,0.126895010471344,21.809640884399414,26.392091751098633,11931.2509765625,E,991.845703125
683,687,745A6285,950,0.16539911925792694,29.769847869873047,27.01169204711914,17059.6484375,E,972.4691162109375
685,697,745A6285,951,0.21968865394592285,46.8402099609375,29.410682678222656,31821.375,E,1288.1893310546875
686,700,745A6285,952,0.1840467005968094,65.61312866210938,31.80282211303711,52120.90625,E,1139.6683349609375
687,692,745A6285,953,0.018643051385879517,22.883283615112305,28.044422149658203,14135.1767578125,E,964.2730102539062
688,690,745A6285,954,0.14173375070095062,32.80656433105469,25.48800277709961,16738.720703125,E,1098.0372314453125
688,693,745A6285,955,0.11547692120075226,26.54892349243164,30.303020477294922,19147.34765625,E,1119.8292236328125
689,692,745A6285,956,0.2677944302558899,50.5058479309082,27.902122497558594,30882.044921875,E,944.2477416992188
689,1054,745A6285,957,3.1186180114746094,922.963134765625,35.75946807861328,926950.0,F,461.4833984375
690,695,745A6285,958,0.029997006058692932,15.552000045776367,18.59124755859375,4221.7568359375,E,1088.444580078125
692,700,745A6285,959,0.77410888671875,190.84226989746094,32.209259033203125,155498.40625,E,1054.5078125
693,695,745A6285,960,0.2747780978679657,39.5089225769043,20.148481369018555,12597.07421875,E,1108.2392578125
693,706,745A6285,961,0.3239283561706543,81.34933471679688,31.694303512573242,64180.9765625,E,1150.3646240234375
695,711,745A6285,962,0.596081554889679,127.4843521118164,27.570995330810547,76111.734375,E,1060.9830322265625
696,697,745A6285,963,0.31997567415237427,71.2418441772461,30.350250244140625,51540.61328125,E,1318.518798828125
696,709,745A6285,964,0.31676289439201355,73.38912200927734,24.864229202270508,35634.57421875,E,1354.063720703125
697,701,745A6285,965,0.23495525121688843,67.3156967163086,25.14240074157715,33421.01953125,E,1264.169921875
698,702,745A6285,966,0.20938360691070557,48.098052978515625,30.702831268310547,35610.18359375,E,915.5029907226562
698,1054,745A6285,967,3.0353317260742188,896.790771484375,35.75946807861328,900664.5625,F,448.3973388671875
699,703,745A6285,968,0.19157184660434723,47.0244140625,31.369640350341797,36343.96875,E,1447.9034423828125
699,705,745A6285,969,0.1983974725008011,63.2053337097168,25.24302864074707,31631.9921875,E,1414.0496826171875
700,701,745A6285,970,0.40608349442481995,112.71385192871094,33.33636474609375,98379.28125,E,1193.200927734375
701,709,745A6285,971,0.45039981603622437,116.1189956665039,32.24803161621094,94841.7578125,E,1299.4970703125
702,710,745A6285,972,0.22331328690052032,52.20840835571289,30.881574630737305,39104.72265625,E,959.1461181640625
702,713,745A6285,973,0.2610529959201813,44.692928314208984,22.455530166625977,17700.08203125,E,941.6972045898438
703,707,745A6285,974,0.08713965117931366,22.438568115234375,32.0925178527832,18150.66796875,E,1472.0782470703125
703,708,745A6285,975,0.06263547390699387,36.027488708496094,24.21741485595703,16595.08203125,E,1451.5413818359375
704,713,745A6285,976,0.552306056022644,102.08534240722656,29.05711555480957,67695.2578125,E,899.516357421875
704,1054,745A6285,977,2.8816170692443848,852.1729736328125,35.75946807861328,855854.0625,F,426.08868408203125
705,708,745A6285,978,0.18742342293262482,36.91692352294922,28.11121940612793,22912.62109375,E,1424.623046875
705,712,745A6285,979,0.10457038879394531,39.6931266784668,29.44207191467285,27023.51953125,E,1395.1312255859375
706,721,745A6285,980,0.47276535630226135,129.26319885253906,31.548030853271484,101043.7109375,E,1236.4854736328125
706,742,745A6285,981,0.6356719732284546,154.81475830078125,31.469928741455078,120418.65625,E,1198.0386962890625
707,708,745A6285,982,0.2361910045146942,45.32184600830078,23.798351287841797,20160.03125,E,1460.5687255859375
707,724,745A6285,983,0.2728308141231537,75.27589416503906,33.2041130065918,65182.28125,E,1508.0264892578125
709,712,745A6285,984,0.12306267768144608,34.95384979248047,33.71632385253906,31207.95703125,E,1368.024169921875
710,714,745A6285,985,0.2609487771987915,46.39548873901367,27.395153045654297,27347.212890625,E,1005.4047241210938
710,718,745A6285,986,0.5104338526725769,58.9107666015625,20.101722717285156,18696.103515625,E,998.11474609375
711,717,745A6285,987,0.09481309354305267,25.030563354492188,32.45025634765625,20701.259765625,E,1029.203369140625
712,744,745A6285,988,0.6764328479766846,187.91343688964844,33.37744903564453,164419.75,E,1452.4500732421875
713,715,745A6285,989,0.025212714448571205,2.5920000076293945,20.278587341308594,837.1441650390625,E,946.812744140625
714,718,745A6285,990,0.13602596521377563,30.843490600585938,15.138636589050293,5551.7119140625,E,1023.9636840820312
714,745,745A6285,991,1.273226022720337,354.09356689453125,33.40104675292969,310261.625,E,1188.5400390625
715,720,745A6285,992,0.09643988311290741,31.2882080078125,16.08056640625,6354.38134765625,E,944.9205932617188
715,723,745A6285,993,0.36208754777908325,43.803489685058594,22.510082244873047,17432.22265625,E,964.9039306640625
716,726,745A6285,994,0.14893656969070435,40.137847900390625,32.94526290893555,34216.0546875,E,821.54931640625
716,1054,745A6285,995,2.7312607765197754,814.4078979492188,35.75946807861328,817925.875,F,407.2055969238281
717,727,745A6285,996,0.20518800616264343,49.61640930175781,25.85346794128418,26046.70703125,E,1049.3348388671875
717,738,745A6285,997,0.6255428194999695,157.25416564941406,30.071453094482422,111686.546875,E,1001.0972900390625
718,766,745A6285,998,1.0315524339675903,257.11590576171875,31.851173400878906,204865.921875,E,1128.5028076171875
719,736,745A6285,999,0.35767123103141785,101.19589233398438,30.515226364135742,74009.2421875,E,923.6435546875
719,1054,745A6285,1000,2.9588613510131836,879.3911743164062,35.75946807861328,883189.8125,F,439.6972351074219
720,723,745A6285,1001,0.46212995052337646,31.732927322387695,13.59166431427002,4604.10546875,E,962.4163818359375
720,734,745A6285,1002,0.49212735891342163,90.82789611816406,24.756807327270508,43721.83984375,E,942.9210815429688
722,726,745A6285,1003,0.09101637452840805,27.17784881591797,27.639867782592773,16307.10546875,E,810.9298095703125
722,1054,745A6285,1004,2.6574738025665283,797.3802490234375,35.75946807861328,800824.625,F,398.6916809082031
723,725,745A6285,1005,0.03649844229221344,6.257641315460205,26.177507400512695,3367.884033203125,E,978.7333984375
724,728,745A6285,1006,0.2405732423067093,54.80040740966797,30.48847198486328,40007.828125,E,1558.4334716796875
724,744,745A6285,1007,0.568027675151825,138.7417449951172,28.51751708984375,88617.6953125,E,1530.982421875
725,739,745A6285,1008,1.5917527675628662,86.53333282470703,13.685760498046875,12729.4951171875,E,983.1029052734375
725,746,745A6285,1009,0.7524302005767822,131.85520935058594,24.92490005493164,64336.0,E,1028.9342041015625
726,730,745A6285,1010,0.1616286337375641,40.58256149291992,31.818239212036133,32268.708984375,E,829.835205078125
728,732,745A6285,1011,0.20090390741825104,44.24820327758789,29.988426208496094,31253.083984375,E,1600.3397216796875
728,737,745A6285,1012,0.19278378784656525,46.840206146240234,26.462114334106445,25760.703125,E,1587.6136474609375
729,730,745A6285,1013,0.29390454292297363,84.20184326171875,30.140897750854492,60079.15625,E,803.0067138671875
729,1054,745A6285,1014,2.507117748260498,769.544677734375,35.75946807861328,772868.8125,F,384.7736511230469
730,734,745A6285,1015,0.44208991527557373,125.22913360595703,33.68848419189453,111624.15625,E,888.8153076171875
731,768,745A6285,1016,0.7500690221786499,192.83692932128906,32.173397064208984,156773.953125,E,851.2949829101562
731,1054,745A6285,1017,2.4766530990600586,764.3236083984375,35.75946807861328,767625.1875,F,382.1595153808594
732,737,745A6285,1018,0.04763636738061905,35.58277130126953,17.54428482055664,8602.03125,E,1610.9300537109375
732,740,745A6285,1019,0.4578986167907715,119.15570068359375,32.24680709838867,97314.6328125,E,1674.793701171875
733,757,745A6285,1020,0.8125940561294556,216.8701629638672,32.655616760253906,181637.46875,E,1330.8438720703125
734,739,745A6285,1021,0.22578850388526917,55.689849853515625,31.52787208557129,43476.56640625,E,967.1495361328125
735,736,745A6285,1022,0.34487810730934143,80.53620147705078,30.669626235961914,59497.40234375,E,929.7556762695312
735,1054,745A6285,1023,2.970426559448242,895.767578125,35.75946807861328,899637.0,F,447.88525390625
736,738,745A6285,1024,0.08562395721673965,22.438568115234375,32.36696243286133,18462.431640625,E,970.3688354492188
737,749,745A6285,1025,0.25416475534439087,55.689849853515625,29.54473304748535,38179.1328125,E,1618.090087890625
738,758,745A6285,1026,1.030408501625061,274.3388977050781,32.64881896972656,229674.21875,E,1105.49853515625
739,741,745A6285,1027,0.039576731622219086,10.99692440032959,33.29449462890625,9574.2763671875,E,996.1937866210938
741,746,745A6285,1028,0.3339684009552002,63.65005111694336,25.46385955810547,32414.333984375,E,1030.0980224609375
741,775,745A6285,1029,0.7101597785949707,133.1893310546875,27.716773986816406,80360.875,E,1022.6912231445312
743,773,745A6285,1030,0.566367506980896,158.14358520507812,33.442291259765625,138910.0,E,808.8115234375
743,1054,745A6285,1031,2.349468469619751,740.904052734375,35.75946807861328,744104.5,F,370.4530334472656
744,747,745A6285,1032,0.02665737085044384,7.331283092498779,33.15726852416992,6330.3447265625,E,1518.3052978515625
745,754,745A6285,1033,0.30059465765953064,77.68368530273438,32.18302536010742,63193.6484375,E,1389.998291015625
745,774,745A6285,1034,0.35974612832069397,88.05168151855469,28.323749542236328,55479.05078125,E,1370.6097412109375
746,748,745A6285,1035,0.03922306001186371,9.923283576965332,31.79520034790039,7878.95166015625,E,1064.878662109375
747,753,745A6285,1036,0.20771203935146332,37.10112762451172,24.34193229675293,17265.814453125,E,1536.484130859375
747,759,745A6285,1037,0.1825181245803833,47.4691276550293,32.289459228515625,38870.7265625,E,1517.4100341796875
748,750,745A6285,1038,0.04167204350233078,10.99692440032959,32.476234436035156,9109.4560546875,E,1074.460205078125
748,781,745A6285,1039,0.683063805103302,113.08226776123047,22.649869918823242,45563.3671875,E,1071.6943359375
749,751,745A6285,1040,0.28686821460723877,53.54256820678711,24.09543800354004,24415.11328125,E,1607.686279296875
749,765,745A6285,1041,0.1818825751543045,53.54256057739258,27.981090545654297,32924.4296875,E,1645.217529296875
750,755,745A6285,1042,0.2100471407175064,42.72984313964844,29.36786651611328,28944.49609375,E,1097.6365966796875
750,760,745A6285,1043,0.12967707216739655,36.472206115722656,26.052139282226562,19441.900390625,E,1089.05859375
751,753,745A6285,1044,0.1658206284046173,38.435279846191406,18.459104537963867,10285.873046875,E,1569.42822265625
751,762,745A6285,1045,0.25981828570365906,35.398563385009766,19.549270629882812,10625.1884765625,E,1589.1781005859375
752,756,745A6285,1046,0.03794662281870842,8.849641799926758,31.34286880493164,6827.99267578125,E,734.5320434570312
752,1054,745A6285,1047,2.3795955181121826,730.6773681640625,35.75946807861328,733833.625,F,365.340087890625
753,763,745A6285,1048,0.170366108417511,29.14092445373535,18.452329635620117,7792.8369140625,E,1559.489990234375
754,759,745A6285,1049,0.341433048248291,98.23548126220703,30.998960494995117,74139.9921875,E,1469.97900390625
754,800,745A6285,1050,0.7860975861549377,147.59140014648438,26.85846710205078,83620.6171875,E,1481.3232421875
755,760,745A6285,1051,0.10308529436588287,34.95384979248047,15.701083183288574,6767.7470703125,E,1111.7706298828125
755,786,745A6285,1052,0.8462896347045898,141.5179901123047,27.197053909301758,82213.8984375,E,1185.9166259765625
756,770,745A6285,1053,0.07722003757953644,48.098052978515625,27.725250244140625,29038.109375,E,744.1290893554688
756,801,745A6285,1054,0.6542066335678101,177.284912109375,32.94146728515625,151094.109375,E,820.6364135742188
757,758,745A6285,1055,0.24320514500141144,52.65312957763672,24.64237403869629,25111.876953125,E,1241.37060546875
757,769,745A6285,1056,0.04091870039701462,35.398563385009766,15.917929649353027,7044.4755859375,E,1263.4951171875
758,769,745A6285,1057,0.19941756129264832,43.803489685058594,29.825956344604492,30604.642578125,E,1247.610595703125
759,764,745A6285,1058,0.06974616646766663,18.328208923339844,32.41185760498047,15122.296875,E,1524.0723876953125
760,788,745A6285,1059,0.4530777931213379,77.23897552490234,22.910175323486328,31840.74609375,E,1130.603515625
761,770,745A6285,1060,0.07941827923059464,19.846567153930664,31.989776611328125,15951.359375,E,737.485595703125
761,1054,745A6285,1061,2.4102988243103027,728.3519897460938,35.75946807861328,731498.1875,F,364.1776428222656
762,767,745A6285,1062,0.11119426786899567,22.438568115234375,28.4891300201416,14303.53515625,E,1586.3172607421875
762,772,745A6285,1063,0.3071728050708771,55.689849853515625,27.23226547241211,32436.462890625,E,1618.52001953125
763,764,745A6285,1064,0.21117554605007172,43.174560546875,28.96051788330078,28440.056640625,E,1550.084716796875
763,767,745A6285,1065,0.06277972459793091,14.662566184997559,30.54290771484375,10742.8779296875,E,1573.146728515625
764,800,745A6285,1066,0.6088810563087463,114.60065460205078,25.144771575927734,56907.875,E,1538.7447509765625
765,772,745A6285,1067,0.07920416444540024,18.772924423217773,30.78744125366211,13975.552734375,E,1650.1851806640625
765,776,745A6285,1068,1.5017143487930298,188.250244140625,31.91869354248047,150631.453125,E,1742.147705078125
766,785,745A6285,1069,0.2598879039287567,53.09784698486328,25.262197494506836,26613.93359375,E,1249.799072265625
766,791,745A6285,1070,0.39357778429985046,98.78811645507812,31.798587799072266,78453.125,E,1290.15966796875
767,819,745A6285,1071,1.4755727052688599,237.79034423828125,27.16900634765625,137857.875,E,1632.8841552734375
768,779,745A6285,1072,0.33549943566322327,66.8709716796875,29.30630111694336,45107.58203125,E,975.7632446289062
768,780,745A6285,1073,0.16521196067333221,45.32184600830078,27.331972122192383,26591.291015625,E,951.54443359375
769,798,745A6285,1074,0.8126388788223267,179.9532470703125,30.30309295654297,129784.703125,E,1349.3116455078125
770,795,745A6285,1075,0.3710412085056305,85.01497650146484,30.27703285217285,61208.53125,E,785.173583984375
771,792,745A6285,1076,0.4820271134376526,112.82176971435547,30.70263671875,83528.390625,E,983.021484375
771,1054,745A6285,1077,2.9851112365722656,931.2064208984375,35.75946807861328,935228.875,F,465.5946960449219
772,803,745A6285,1078,0.6767315864562988,117.8215560913086,26.650117874145508,65722.3203125,E,1682.83544921875
773,787,745A6285,1079,0.43164896965026855,77.23896789550781,24.432743072509766,36213.5234375,E,914.7410888671875
773,802,745A6285,1080,0.46105054020881653,100.38277435302734,29.84470558166504,70223.6953125,E,918.6815795898438
774,777,745A6285,1081,0.13962988555431366,30.843490600585938,24.71475601196289,14796.740234375,E,1391.11181640625
774,784,745A6285,1082,0.1822405457496643,35.398563385009766,27.96858024597168,21747.849609375,E,1410.2440185546875
775,781,745A6285,1083,0.22205957770347595,51.57948684692383,26.342561721801758,28111.427734375,E,1070.1446533203125
775,782,745A6285,1084,0.10859031975269318,44.248207092285156,29.36018943786621,29957.34375,E,1034.22119140625
777,784,745A6285,1085,0.26282238960266113,37.54584884643555,25.092750549316406,18567.283203125,E,1405.1077880859375
777,791,745A6285,1086,0.4601529836654663,83.31240844726562,22.61342430114746,33460.484375,E,1359.737060546875
778,809,745A6285,1087,0.5475473403930664,109.60083770751953,26.853797912597656,62074.78125,E,783.3632202148438
778,1054,745A6285,1088,2.468923568725586,732.9312744140625,35.75946807861328,736097.25,F,366.4675598144531
779,782,745A6285,1089,0.05589649826288223,17.699283599853516,35.547428131103516,17565.556640625,E,1015.1502075195312
779,790,745A6285,1090,0.2551048696041107,52.65312576293945,20.77665901184082,17851.119140625,E,998.631103515625
780,787,745A6285,1091,0.07494992017745972,15.107283592224121,28.38663673400879,9561.0185546875,E,956.3623046875
780,790,745A6285,1092,0.11000093817710876,30.843490600585938,27.540546417236328,18373.779296875,E,973.5372314453125
781,788,745A6285,1093,0.37953436374664307,89.38585662841797,30.74854278564453,66375.5,E,1126.5775146484375
782,846,745A6285,1094,1.0376639366149902,276.5177307128906,32.840431213378906,234223.546875,E,1147.7406005859375
783,798,745A6285,1095,4.934565544128418,232.49847412109375,29.44635009765625,158333.546875,E,1523.9779052734375
784,818,745A6285,1096,0.8751879930496216,115.85847473144531,22.220048904418945,44927.03125,E,1466.6558837890625
785,786,745A6285,1097,0.029184341430664062,5.184000015258789,26.6383056640625,2889.136474609375,E,1253.1810302734375
785,804,745A6285,1098,0.8869723081588745,79.83097076416016,15.691763877868652,15438.490234375,E,1289.9957275390625
786,794,745A6285,1099,0.11602527648210526,47.0244140625,24.110681533813477,21470.009765625,E,1241.8028564453125
787,814,745A6285,1100,0.5889366865158081,97.79077911376953,24.81106185913086,47280.11328125,E,983.2017822265625
788,794,745A6285,1101,0.31518542766571045,84.83076477050781,32.76084518432617,71507.8046875,E,1197.89892578125
789,797,745A6285,1102,0.18958282470703125,32.80656433105469,26.758590698242188,18449.181640625,E,750.5367431640625
789,1054,745A6285,1103,2.4873454570770264,736.1006469726562,35.75946807861328,739280.3125,F,368.0528869628906
790,835,745A6285,1104,0.9754098653793335,182.46893310546875,29.577409744262695,125371.578125,E,1076.8887939453125
791,818,745A6285,1105,0.6522756218910217,176.91651916503906,32.98338317871094,151164.09375,E,1420.7799072265625
792,808,745A6285,1106,0.8581491708755493,207.65213012695312,30.04656982421875,147236.703125,E,1122.9613037109375
792,858,745A6285,1107,1.0485713481903076,225.90399169921875,27.962778091430664,138731.296875,E,1133.775390625
793,816,745A6285,1108,0.6190372705459595,125.33706665039062,28.60556983947754,80550.9375,E,1013.0101928710938
793,1054,745A6285,1109,2.992741823196411,956.732421875,35.75946807861328,960865.1875,F,478.3662109375
794,804,745A6285,1110,0.4797377586364746,90.19898223876953,27.948877334594727,55337.59375,E,1275.0948486328125
795,805,745A6285,1111,0.20510922372341156,43.803489685058594,29.335344314575195,29606.083984375,E,831.4832763671875
795,815,745A6285,1112,0.3755476176738739,74.01805114746094,23.565855026245117,32284.490234375,E,857.3933715820312
796,797,745A6285,1113,0.5628384351730347,35.843284606933594,17.219011306762695,8346.6865234375,E,754.3429565429688
796,1054,745A6285,1114,2.516657829284668,743.3212280273438,35.75946807861328,746532.125,F,371.66290283203125
797,807,745A6285,1115,0.18853311240673065,39.06420135498047,28.763214111328125,25383.04296875,E,777.2709350585938
798,808,745A6285,1116,1.3041496276855469,302.2982482910156,30.83092498779297,225682.890625,E,1321.15380859375
799,807,745A6285,1117,0.9819029569625854,57.39241409301758,16.103796005249023,11689.6328125,E,768.1693115234375
799,1054,745A6285,1118,2.5303304195404053,747.5437622070312,35.75946807861328,750772.875,F,373.7741394042969
800,822,745A6285,1119,0.19910946488380432,56.579280853271484,28.414165496826172,35877.08203125,E,1550.5787353515625
801,802,745A6285,1120,0.6237751841545105,66.94728088378906,18.113506317138672,17251.541015625,E,931.3895874023438
801,823,745A6285,1121,0.30223536491394043,61.50277328491211,29.426342010498047,41827.0390625,E,934.488525390625
802,810,745A6285,1122,0.10684067010879517,25.475284576416016,30.91086769104004,19117.509765625,E,964.3746948242188
804,806,745A6285,1123,0.04321034625172615,10.99692440032959,31.88159942626953,8778.9248046875,E,1318.8890380859375
805,809,745A6285,1124,0.18288622796535492,40.58256530761719,29.83679962158203,28374.869140625,E,837.811767578125
805,811,745A6285,1125,0.07143926620483398,19.846567153930664,26.627466201782227,11051.849609375,E,852.61474609375
806,844,745A6285,1126,0.3857337236404419,110.93499755859375,28.861953735351562,72578.8203125,E,1346.73388671875
806,855,745A6285,1127,2.06826114654541,452.6212158203125,30.299678802490234,326362.9375,E,1527.469970703125
807,830,745A6285,1128,0.2513594329357147,64.53948974609375,32.009986877441406,51938.140625,E,812.6268310546875
808,878,745A6285,1129,1.7305116653442383,389.231689453125,30.45874786376953,283610.4375,E,1389.82373046875
809,825,745A6285,1130,0.22835198044776917,48.987483978271484,29.660612106323242,33848.171875,E,853.9107055664062
810,823,745A6285,1131,0.13940343260765076,51.134769439697266,24.877391815185547,24855.12109375,E,964.8794555664062
810,839,745A6285,1132,0.36817142367362976,85.72020721435547,27.665985107421875,51530.62109375,E,1002.490234375
811,817,745A6285,1133,0.09568676352500916,35.398563385009766,27.345962524414062,20790.357421875,E,874.8950805664062
811,825,745A6285,1134,0.17967301607131958,46.57969284057617,21.31538963317871,16621.607421875,E,868.448486328125
812,833,745A6285,1135,0.6208682060241699,69.27877044677734,22.149742126464844,26694.845703125,E,799.0142822265625
812,1054,745A6285,1136,2.5760974884033203,766.574951171875,35.75946807861328,769886.25,F,383.2897033691406
813,820,745A6285,1137,6.780707836151123,36.027488708496094,7.848846435546875,1743.1531982421875,E,1000.8756103515625
814,836,745A6285,1138,0.9943170547485352,104.86153411865234,20.03179168701172,33048.03515625,E,1065.5142822265625
814,837,745A6285,1139,0.27906885743141174,72.76020812988281,28.607351303100586,46766.95703125,E,1038.63818359375
815,817,745A6285,1140,0.014256787486374378,3.6656415462493896,32.069644927978516,2960.930419921875,E,886.8541259765625
815,826,745A6285,1141,0.6736460328102112,111.37969970703125,26.751420974731445,62602.2109375,E,923.6835327148438
817,832,745A6285,1142,0.2820952534675598,59.984413146972656,29.336355209350586,40545.30859375,E,913.9229736328125
818,828,745A6285,1143,0.1772153526544571,50.69004821777344,33.81416320800781,45520.796875,E,1523.4482421875
819,824,745A6285,1144,0.184432253241539,39.6931266784668,29.468263626098633,27071.62109375,E,1595.515869140625
819,831,745A6285,1145,0.13427622616291046,39.5089225769043,15.72988224029541,7677.78662109375,E,1616.8577880859375
820,1054,745A6285,1146,3.1909308433532715,992.434814453125,35.75946807861328,996721.75,F,496.2183837890625
821,834,745A6285,1147,0.6103480458259583,55.689849853515625,20.036670684814453,17559.69921875,E,801.246337890625
821,1054,745A6285,1148,2.591160774230957,775.1856689453125,35.75946807861328,778534.1875,F,387.5950622558594
822,824,745A6285,1149,0.09548921883106232,22.438568115234375,30.699951171875,16609.646484375,E,1577.5767822265625
822,828,745A6285,1150,0.12395862489938736,42.28512954711914,27.80047035217285,25667.396484375,E,1556.487548828125
823,826,745A6285,1151,0.10134552419185638,24.585847854614258,31.086212158203125,18659.958984375,E,965.8722534179688
824,831,745A6285,1152,0.18237625062465668,43.803489685058594,26.272993087768555,23747.48828125,E,1607.1859130859375
825,829,745A6285,1153,0.04203806072473526,11.441641807556152,32.97430419921875,9770.7861328125,E,880.712158203125
826,840,745A6285,1154,0.18751554191112518,45.32184600830078,20.085458755493164,14360.2158203125,E,981.7651977539062
827,830,745A6285,1155,0.34611326456069946,28.067283630371094,14.789647102355957,4821.76318359375,E,829.5828857421875
828,843,745A6285,1156,0.23715803027153015,54.35569381713867,30.66153907775879,40134.9609375,E,1569.165771484375
829,864,745A6285,1157,0.595039427280426,124.96863555908203,27.490713119506836,74175.9140625,E,940.2931518554688
829,869,745A6285,1158,0.6144664287567139,117.00843811035156,28.797578811645508,76211.234375,E,926.71875
830,854,745A6285,1159,0.28523963689804077,76.42584228515625,32.723819732666016,64277.37109375,E,865.945068359375
831,860,745A6285,1160,0.5935598611831665,156.62522888183594,32.508392333984375,129999.765625,E,1697.4051513671875
832,840,745A6285,1161,0.4309613108634949,76.61004638671875,24.654735565185547,36574.32421875,E,966.0751953125
832,900,745A6285,1162,0.9247223138809204,200.68923950195312,28.481502532958984,127861.484375,E,1029.7945556640625
833,834,745A6285,1163,0.7376933097839355,30.659282684326172,12.66268539428711,3861.03271484375,E,827.503173828125
833,861,745A6285,1164,2.7973387241363525,88.49640655517578,10.296405792236328,7368.6318359375,E,865.8199462890625
834,861,745A6285,1165,0.667279839515686,69.7234878540039,20.69778060913086,23459.380859375,E,858.0357666015625
835,873,745A6285,1166,0.46115121245384216,124.44763946533203,32.90562057495117,105831.9296875,E,1219.3994140625
835,921,745A6285,1167,1.322439432144165,249.82931518554688,27.189773559570312,145058.9375,E,1245.55810546875
836,837,745A6285,1168,0.8445557355880737,77.4994888305664,19.835037231445312,23947.203125,E,1087.1051025390625
836,851,745A6285,1169,0.20999886095523834,36.47220993041992,26.26091194152832,19754.75,E,1125.538330078125
837,839,745A6285,1170,0.2563838064670563,57.20820617675781,30.101083755493164,40711.06640625,E,1047.2115478515625
837,850,745A6285,1171,0.12297049164772034,29.14092254638672,30.96723747253418,21948.158203125,E,1074.6090087890625
838,867,745A6285,1172,0.42807015776634216,102.009033203125,30.994895935058594,76967.765625,E,858.4988403320312
838,1054,745A6285,1173,2.66206693649292,816.9447631835938,35.75946807861328,820473.6875,F,408.47442626953125
839,842,745A6285,1174,0.015215360559523106,3.6656415462493896,31.043012619018555,2774.390625,E,1032.5501708984375
840,847,745A6285,1175,0.1003541350364685,33.435489654541016,26.252046585083008,18097.720703125,E,1009.142333984375
841,844,745A6285,1176,0.3167014420032501,85.2754898071289,32.90348434448242,72510.0,E,1337.653076171875
841,846,745A6285,1177,0.14402969181537628,46.395484924316406,27.672393798828125,27903.5234375,E,1291.7095947265625
841,853,745A6285,1178,0.06754153966903687,38.61948776245117,19.49590492248535,11528.775390625,E,1312.529052734375
842,847,745A6285,1179,0.1462370753288269,42.7298469543457,28.087116241455078,26474.974609375,E,1026.815673828125
842,856,745A6285,1180,0.1920478492975235,43.17456817626953,30.024002075195312,30567.15625,E,1048.048095703125
843,849,745A6285,1181,0.20315006375312805,42.72984313964844,24.14320945739746,19561.908203125,E,1613.134033203125
843,855,745A6285,1182,0.18624675273895264,39.064205169677734,28.97376823425293,25756.0234375,E,1598.8037109375
844,845,745A6285,1183,0.02448764443397522,7.331283092498779,34.60066223144531,6893.48291015625,E,1374.2833251953125
845,848,745A6285,1184,0.8420767784118652,73.38912963867188,26.890338897705078,41678.69921875,E,1409.2552490234375
845,877,745A6285,1185,0.9540927410125732,102.26956176757812,24.26569366455078,47295.70703125,E,1396.25048828125
846,853,745A6285,1186,0.15784190595149994,38.61948776245117,31.369850158691406,29848.416015625,E,1299.7607421875
847,859,745A6285,1187,0.1670340746641159,44.432411193847656,25.971954345703125,23539.595703125,E,1043.9505615234375
849,855,745A6285,1188,0.3379579186439514,42.7298469543457,13.600377082824707,6207.59130859375,E,1622.6060791015625
849,908,745A6285,1189,3.2697293758392334,182.28472900390625,28.522891998291016,116473.546875,E,1714.476318359375
850,857,745A6285,1190,0.3757348954677582,55.24512481689453,21.476573944091797,20013.076171875,E,1109.9957275390625
850,865,745A6285,1191,0.19078780710697174,50.5058479309082,26.61798095703125,28104.8828125,E,1099.7540283203125
851,857,745A6285,1192,0.2738282084465027,36.027488708496094,18.852989196777344,10057.3681640625,E,1135.67236328125
851,874,745A6285,1193,0.5421239137649536,61.947486877441406,21.550098419189453,22594.986328125,E,1167.4322509765625
852,875,745A6285,1194,0.7105113863945007,73.12861633300781,20.96669578552246,25248.59375,E,872.8425903320312
852,1054,745A6285,1195,2.69891095161438,843.8383178710938,35.75946807861328,847483.375,F,421.92083740234375
853,877,745A6285,1196,0.4712419807910919,96.19611358642578,28.779438018798828,62576.609375,E,1362.113037109375
854,862,745A6285,1197,0.14122577011585236,33.435489654541016,30.817537307739258,24939.826171875,E,905.2046508789062
854,872,745A6285,1198,0.1755007654428482,48.54277038574219,28.325647354125977,30589.62109375,E,918.5040283203125
856,859,745A6285,1199,0.045342836529016495,10.99692440032959,31.139577865600586,8375.0341796875,E,1064.6177978515625
856,866,745A6285,1200,0.20028838515281677,55.874053955078125,29.827604293823242,39042.4296875,E,1087.362548828125
857,874,745A6285,1201,0.4540928602218628,67.76040649414062,20.326702117919922,21988.708984375,E,1163.582763671875
858,868,745A6285,1202,0.18165691196918488,39.6931266784668,29.827938079833984,27736.5,E,1254.17236328125
858,876,745A6285,1203,0.2637801468372345,52.65312957763672,28.653175354003906,33951.546875,E,1246.4625244140625
859,900,745A6285,1204,0.5002121329307556,116.74793243408203,30.92937469482422,87716.5078125,E,1095.9964599609375
861,863,745A6285,1205,0.05977046489715576,11.441641807556152,27.940744400024414,7015.427734375,E,894.781005859375
862,870,745A6285,1206,0.06792612373828888,13.588924407958984,28.282278060913086,8536.9697265625,E,918.9071044921875
862,872,745A6285,1207,0.12626013159751892,41.65620803833008,19.434917449951172,12357.6240234375,E,927.8143920898438
863,867,745A6285,1208,0.2045353353023529,44.69292068481445,29.648653030395508,30855.921875,E,897.9927978515625
863,870,745A6285,1209,0.27198368310928345,56.134559631347656,21.471927642822266,20326.484375,E,910.967041015625
864,897,745A6285,1210,0.36847540736198425,92.16206359863281,28.9407958984375,60626.57421875,E,1026.2567138671875
864,916,745A6285,1211,1.065178394317627,168.587890625,24.86456298828125,81861.1640625,E,1075.3101806640625
865,866,745A6285,1212,0.013047250919044018,3.6656415462493896,33.52320098876953,3235.42138671875,E,1112.819580078125
865,894,745A6285,1213,0.440640926361084,103.97211456298828,30.78571319580078,77393.625,E,1162.014404296875
866,905,745A6285,1214,0.840258777141571,182.1768341064453,27.26287078857422,106347.2265625,E,1160.9642333984375
867,896,745A6285,1215,0.34357792139053345,94.04883575439453,27.234298706054688,54786.76953125,E,937.141357421875
868,876,745A6285,1216,0.037282560020685196,33.435489654541016,19.831342697143555,10327.6572265625,E,1269.0323486328125
868,918,745A6285,1217,1.0986826419830322,280.4438781738281,31.988094329833984,225378.546875,E,1402.1746826171875
869,883,745A6285,1218,0.4626193940639496,97.5302734375,24.265003204345703,45101.40234375,E,973.6618041992188
869,889,745A6285,1219,0.23179471492767334,68.64984893798828,29.860692977905273,48076.1015625,E,1000.2443237304688
870,886,745A6285,1220,0.1799202412366867,56.134559631347656,29.31636619567871,37891.38671875,E,946.948974609375
871,879,745A6285,1221,0.2195511907339096,45.95077133178711,29.35431480407715,31097.580078125,E,904.6641235351562
871,1054,745A6285,1222,2.7964460849761963,886.649658203125,35.75946807861328,890479.6875,F,443.3260803222656
872,883,745A6285,1223,0.22206543385982513,51.57948684692383,30.58673095703125,37899.4609375,E,962.2548217773438
873,880,745A6285,1224,1.403320074081421,187.54501342773438,24.716655731201172,89985.9765625,E,1348.95361328125
873,964,745A6285,1225,1.2387299537658691,338.06524658203125,33.139503479003906,291596.5625,E,1426.029296875
874,899,745A6285,1226,0.8139545321464539,75.98112487792969,19.91755485534668,23673.78125,E,1219.572998046875
875,884,745A6285,1227,0.5700949430465698,56.94769287109375,18.02638053894043,14533.931640625,E,920.7464599609375
875,885,745A6285,1228,0.4034237265586853,78.31261444091797,24.87811851501465,38067.703125,E,915.7744140625
876,947,745A6285,1229,4.815378189086914,233.38787841796875,29.82712173461914,163076.296875,E,1349.740234375
877,880,745A6285,1230,0.09587330371141434,19.217641830444336,28.301082611083984,12089.1591796875,E,1415.74609375
879,885,745A6285,1231,0.11585239320993423,28.69620704650879,31.419103622436523,22248.5625,E,930.1912841796875
879,891,745A6285,1232,0.1567041277885437,36.656410217285156,24.072927474975586,16683.90234375,E,935.7797241210938
880,904,745A6285,1233,0.21586772799491882,55.4293327331543,32.014041900634766,44618.046875,E,1450.3670654296875
881,882,745A6285,1234,2.3598835468292236,17.699283599853516,9.540303230285645,1265.2313232421875,E,1099.838134765625
881,1054,745A6285,1235,3.6502065658569336,1093.7933349609375,35.75946807861328,1098518.125,F,546.8978271484375
883,890,745A6285,1236,0.060802772641181946,16.625642776489258,33.04690933227539,14260.345703125,E,993.5628662109375
884,887,745A6285,1237,0.176468625664711,15.107283592224121,18.499765396118164,4060.773193359375,E,944.7092895507812
884,892,745A6285,1238,1.4288979768753052,54.17148971557617,9.895340919494629,4166.02783203125,E,959.837158203125
885,893,745A6285,1239,0.08838682621717453,19.846567153930664,30.06719970703125,14091.630859375,E,944.0568237304688
886,896,745A6285,1240,0.1760636866092682,40.137847900390625,30.417158126831055,29166.29296875,E,971.9385986328125
886,901,745A6285,1241,0.11585188657045364,29.769847869873047,32.0371208190918,23997.912109375,E,983.5484008789062
887,892,745A6285,1242,0.26784563064575195,16.180923461914062,15.60621166229248,3095.196044921875,E,956.2691040039062
888,891,745A6285,1243,0.21679291129112244,37.99056625366211,26.79997444152832,21430.60546875,E,945.7745361328125
888,902,745A6285,1244,0.27365249395370483,66.05784606933594,31.04724884033203,50010.421875,E,946.750244140625
888,907,745A6285,1245,0.355277955532074,35.398563385009766,18.84310531616211,9871.439453125,E,960.7225341796875
889,897,745A6285,1246,0.22138537466526031,56.134559631347656,32.1872673034668,45676.03515625,E,1043.8040771484375
889,898,745A6285,1247,0.05310683697462082,14.662566184997559,33.149139404296875,12654.482421875,E,1032.03076171875
890,895,745A6285,1248,0.02770177088677883,7.331283092498779,32.52028274536133,6089.4560546875,E,1003.271728515625
890,898,745A6285,1249,0.42486947774887085,71.68656158447266,20.24374008178711,23073.26953125,E,1018.052490234375
891,910,745A6285,1250,0.4007114768028259,35.398563385009766,15.35096549987793,6551.59326171875,E,964.3494262695312
892,909,745A6285,1251,0.2897290885448456,37.54584884643555,17.047664642333984,8570.015625,E,976.4305419921875
893,911,745A6285,1252,0.2877190113067627,45.95077133178711,21.495580673217773,16675.583984375,E,969.8162231445312
893,914,745A6285,1253,0.42254751920700073,90.38318634033203,29.317913055419922,61015.98828125,E,982.3623046875
894,905,745A6285,1254,0.08489986509084702,24.585847854614258,28.52216339111328,15708.69140625,E,1210.0206298828125
894,954,745A6285,1255,1.0180737972259521,262.1156921386719,32.21609115600586,213662.65625,E,1328.835693359375
895,901,745A6285,1256,0.4319925606250763,57.65291976928711,19.973648071289062,18064.501953125,E,1000.0859985351562
895,926,745A6285,1257,0.567264199256897,118.71101379394531,29.087417602539062,78884.4140625,E,1058.9310302734375
896,906,745A6285,1258,0.10996431112289429,25.03056526184082,30.15755271911621,17879.390625,E,986.3412475585938
897,923,745A6285,1259,0.4297042489051819,94.12513732910156,29.933269500732422,66237.4765625,E,1098.9327392578125
898,903,745A6285,1260,0.021674878895282745,5.184000015258789,30.927810668945312,3894.513671875,E,1037.257080078125
900,940,745A6285,1261,0.6542956829071045,171.54830932617188,32.456268310546875,141929.75,E,1202.5181884765625
901,915,745A6285,1262,0.2409037947654724,59.800209045410156,31.563255310058594,46790.3359375,E,1021.4205932617188
902,907,745A6285,1263,1.3972535133361816,34.32492446899414,11.115497589111328,3330.866943359375,E,974.48388671875
903,922,745A6285,1264,0.7208277583122253,91.08841705322266,23.453155517578125,39350.984375,E,1080.780517578125
903,926,745A6285,1265,1.4392567873001099,112.0086441040039,15.229535102844238,20403.97265625,E,1078.5296630859375
904,920,745A6285,1266,0.5028730034828186,118.63469696044922,31.009695053100586,89597.6484375,E,1529.693359375
904,937,745A6285,1267,6.155721664428711,152.5911865234375,22.590211868286133,61158.9375,E,1515.3255615234375
905,932,745A6285,1268,0.6191281676292419,130.59732055664062,30.11095428466797,92997.9140625,E,1250.0692138671875
906,909,745A6285,1269,0.16514712572097778,34.32492446899414,28.85994529724121,22453.83203125,E,995.6762084960938
906,915,745A6285,1270,0.4566056430339813,71.42605590820312,22.211336135864258,27675.52734375,E,1025.5352783203125
909,913,745A6285,1271,0.4645533263683319,75.09169006347656,23.249101638793945,31878.2265625,E,999.8707885742188
910,911,745A6285,1272,0.5601580142974854,31.2882080078125,9.112659454345703,2040.6141357421875,E,983.1124267578125
910,924,745A6285,1273,1.1129779815673828,72.31548309326172,16.109495162963867,14739.5771484375,E,1012.4346313476562
911,930,745A6285,1274,0.5174952745437622,98.23548126220703,28.113882064819336,60981.75390625,E,1033.0865478515625
912,919,745A6285,1275,0.22959989309310913,51.76368713378906,30.713930130004883,38351.8125,E,1028.6282958984375
912,1054,745A6285,1276,3.3519232273101807,1012.1984252929688,35.75946807861328,1016570.75,F,506.1003112792969
913,914,745A6285,1277,0.05020157992839813,15.107283592224121,26.651859283447266,8428.130859375,E,1016.0620727539062
913,925,745A6285,1278,0.867306113243103,153.48062133789062,26.015718460083008,81585.8984375,E,1045.7724609375
914,933,745A6285,1279,0.3697335124015808,80.09149169921875,29.478351593017578,54661.63671875,E,1054.5284423828125
915,925,745A6285,1280,0.12437587231397629,34.32492446899414,33.21512985229492,29742.083984375,E,1061.489501953125
916,931,745A6285,1281,0.31781941652297974,78.31261444091797,31.80170440673828,62204.58203125,E,1182.2904052734375
916,961,745A6285,1282,0.7773838043212891,177.69805908203125,30.888822555541992,133160.453125,E,1218.322998046875
917,928,745A6285,1283,0.24663347005844116,53.54256057739258,29.70431900024414,37104.63671875,E,1072.1556396484375
917,1054,745A6285,1284,3.4982049465179443,1048.9404296875,35.75946807861328,1053471.5,F,524.471923828125
919,935,745A6285,1285,0.7408522963523865,147.5913848876953,25.7134952545166,76643.1015625,E,1062.4345703125
919,952,745A6285,1286,0.6333218812942505,141.51800537109375,30.0445613861084,100330.5703125,E,1097.3919677734375
922,923,745A6285,1287,0.2365161031484604,29.58563995361328,23.55162239074707,12888.80078125,E,1128.6474609375
922,959,745A6285,1288,1.5386914014816284,156.07260131835938,20.59715461730957,52003.3125,E,1187.0657958984375
923,957,745A6285,1289,1.0815305709838867,139.70748901367188,22.295860290527344,54545.38671875,E,1199.985595703125
925,929,745A6285,1290,0.43682944774627686,78.12841033935547,24.86771011352539,37946.390625,E,1091.6690673828125
925,950,745A6285,1291,0.35807761549949646,93.94092559814453,32.35820770263672,77252.6875,E,1119.5234375
926,945,745A6285,1292,0.21692906320095062,58.726558685302734,32.86341857910156,49813.828125,E,1142.0601806640625
927,939,745A6285,1293,1.083357810974121,43.61928176879883,13.96511173248291,6681.24267578125,E,1202.6104736328125
927,1054,745A6285,1294,3.997938394546509,1183.5255126953125,35.75946807861328,1188637.875,F,591.7645263671875
928,976,745A6285,1295,0.6870715022087097,176.17970275878906,32.09347152709961,142521.09375,E,1173.8277587890625
928,983,745A6285,1296,1.55337655544281,267.3760070800781,26.00267219543457,141986.90625,E,1170.839599609375
930,935,745A6285,1297,0.21383537352085114,53.09784698486328,27.441801071166992,31404.5078125,E,1084.4161376953125
930,949,745A6285,1298,0.28830960392951965,60.42912673950195,28.9471435546875,39769.26953125,E,1104.3836669921875
931,940,745A6285,1299,1.1885143518447876,96.90133666992188,16.778881072998047,21426.224609375,E,1248.9029541015625
931,948,745A6285,1300,0.36000266671180725,45.32184600830078,24.81204605102539,21914.048828125,E,1236.25244140625
933,951,745A6285,1301,0.3043866753578186,68.38933563232422,27.073129653930664,39369.07421875,E,1116.7236328125
933,965,745A6285,1302,0.5622700452804565,131.6709747314453,30.67133903503418,97284.890625,E,1147.8287353515625
934,943,745A6285,1303,1.5975737571716309,23.956924438476562,13.277364730834961,3316.994384765625,E,1141.676025390625
934,1054,745A6285,1304,3.8137011528015137,1132.609130859375,35.75946807861328,1137501.625,F,566.3060913085938
935,941,745A6285,1305,0.04968176409602165,12.51528263092041,31.746408462524414,9906.48828125,E,1099.540771484375
936,944,745A6285,1306,0.30689194798469543,18.772924423217773,18.49395751953125,5042.91357421875,E,1149.7366943359375
936,1054,745A6285,1307,3.851458787918091,1143.0338134765625,35.75946807861328,1147971.25,F,571.5184326171875
938,944,745A6285,1308,0.4491487443447113,14.662566184997559,16.495285034179688,3133.42626953125,E,1153.7169189453125
938,1054,745A6285,1309,3.8777503967285156,1150.2669677734375,35.75946807861328,1155235.75,F,575.1340942382812
940,946,745A6285,1310,0.06277135014533997,17.254566192626953,33.14371871948242,14886.6298828125,E,1287.19189453125
941,949,745A6285,1311,0.32271668314933777,57.39241409301758,21.506486892700195,20848.908203125,E,1119.337158203125
941,953,745A6285,1312,0.2596667408943176,64.90789794921875,27.70318031311035,39124.30859375,E,1127.6796875
942,943,745A6285,1313,1.2952837944030762,12.51528263092041,4.391152858734131,189.5342254638672,E,1150.46435546875
943,944,745A6285,1314,0.21393802762031555,18.772924423217773,13.854496002197266,2830.109619140625,E,1155.718017578125
945,958,745A6285,1315,0.34732091426849365,75.53640747070312,29.647319793701172,52145.52734375,E,1204.84912109375
945,971,745A6285,1316,0.8212946653366089,166.54849243164062,28.895448684692383,109216.8046875,E,1213.195556640625
946,966,745A6285,1317,0.3615401089191437,91.53312683105469,29.588733673095703,62939.16015625,E,1333.9964599609375
946,969,745A6285,1318,0.8750948905944824,213.38873291015625,31.78533172607422,169322.578125,E,1380.3638916015625
948,967,745A6285,1319,1.988093376159668,122.11614990234375,15.36429500579834,22640.6171875,E,1307.55322265625
948,970,745A6285,1320,0.8543364405632019,131.22625732421875,22.98630714416504,54456.41015625,E,1314.904052734375
949,960,745A6285,1321,0.21513128280639648,63.46584701538086,29.148788452148438,42351.7109375,E,1158.7100830078125
950,971,745A6285,1322,0.4920661449432373,108.7877197265625,27.472427368164062,64485.76171875,E,1212.729736328125
950,972,745A6285,1323,0.7428098320960999,125.15286254882812,22.98240089416504,51918.41796875,E,1202.7103271484375
951,955,745A6285,1324,0.3029787838459015,34.95384979248047,17.56969451904297,8474.484375,E,1155.656982421875
951,956,745A6285,1325,0.21420830488204956,39.064208984375,27.05263900756836,22453.712890625,E,1159.2833251953125
952,953,745A6285,1326,0.023815475404262543,6.257641315460205,32.418636322021484,5165.234375,E,1149.5263671875
952,983,745A6285,1327,0.6255263686180115,126.48699951171875,27.277904510498047,73919.28125,E,1204.1922607421875
953,960,745A6285,1328,0.495638370513916,107.89825439453125,29.732892990112305,74916.703125,E,1175.248291015625
954,968,745A6285,1329,0.42365580797195435,107.63777160644531,32.02745056152344,86716.015625,E,1499.3470458984375
954,993,745A6285,1330,0.5512933731079102,153.7411346435547,31.831167221069336,122344.6796875,E,1508.27734375
955,956,745A6285,1331,0.15478046238422394,30.659282684326172,21.50271224975586,11133.669921875,E,1175.73583984375
956,962,745A6285,1332,0.14961540699005127,27.17784881591797,26.94550323486328,15498.0673828125,E,1186.0540771484375
958,959,745A6285,1333,0.06549949198961258,17.699283599853516,27.684595108032227,10654.2265625,E,1243.9080810546875
958,1007,745A6285,1334,0.925179123878479,204.43118286132812,30.20555305480957,146490.890625,E,1320.1217041015625
959,974,745A6285,1335,0.307267427444458,68.38933563232422,29.853742599487305,47871.37109375,E,1280.745361328125
960,963,745A6285,1336,0.04564230889081955,10.99692440032959,30.997272491455078,8298.662109375,E,1191.0845947265625
961,981,745A6285,1337,0.3337148129940033,71.42605590820312,26.62746238708496,39774.625,E,1309.775146484375
961,990,745A6285,1338,0.5660408139228821,123.00555419921875,27.722349166870117,74246.2734375,E,1346.7821044921875
962,963,745A6285,1339,0.17562879621982574,38.435279846191406,22.764423370361328,15643.4755859375,E,1194.403076171875
962,978,745A6285,1340,0.890294075012207,67.76040649414062,17.406667709350586,16124.9052734375,E,1221.95263671875
963,975,745A6285,1341,0.25321081280708313,43.61928176879883,26.557388305664062,24162.34765625,E,1215.7496337890625
964,968,745A6285,1342,0.07030419260263443,39.6931266784668,19.312942504882812,11627.921875,E,1552.7677001953125
964,977,745A6285,1343,0.2617534101009369,46.8402099609375,27.350234985351562,27518.8828125,E,1575.095458984375
965,972,745A6285,1344,0.21165502071380615,49.61640548706055,26.587480545043945,27546.69921875,E,1226.021240234375
965,979,745A6285,1345,0.3149012327194214,61.686973571777344,28.387344360351562,39042.07421875,E,1225.60498046875
966,967,745A6285,1346,0.0667513981461525,21.809640884399414,29.074447631835938,14479.7587890625,E,1368.6051025390625
966,1009,745A6285,1347,0.7317980527877808,199.43136596679688,33.13784408569336,172001.34375,E,1461.698974609375
967,970,745A6285,1348,0.2556758522987366,50.69004821777344,28.919857025146484,33296.98046875,E,1371.253662109375
968,973,745A6285,1349,0.10506270080804825,21.36492347717285,28.519622802734375,13648.306640625,E,1561.3785400390625
970,990,745A6285,1350,0.32928144931793213,87.79117584228516,32.825225830078125,74294.421875,E,1390.169921875
971,1010,745A6285,1351,0.5525833964347839,146.40985107421875,32.53999710083008,121757.359375,E,1332.35107421875
972,992,745A6285,1352,0.26043811440467834,66.0578384399414,31.922256469726562,52869.0390625,E,1275.3758544921875
973,977,745A6285,1353,0.021993933245539665,26.993640899658203,21.711811065673828,9994.0947265625,E,1579.5234375
973,980,745A6285,1354,0.06013622507452965,13.588924407958984,30.026540756225586,9622.4482421875,E,1572.6533203125
974,981,745A6285,1355,0.1159803494811058,35.398563385009766,25.179428100585938,17626.546875,E,1321.8568115234375
974,989,745A6285,1356,0.45868951082229614,54.6161994934082,20.565738677978516,18142.619140625,E,1332.665771484375
975,978,745A6285,1357,0.01785789430141449,3.6656415462493896,28.65430450439453,2363.848388671875,E,1237.7952880859375
975,986,745A6285,1358,0.8480541706085205,101.1958999633789,18.900808334350586,28393.1484375,E,1249.21337890625
976,997,745A6285,1359,0.5809917449951172,147.7755889892578,28.45130157470703,93950.015625,E,1283.782470703125
976,1019,745A6285,1360,0.8927731513977051,245.71897888183594,33.283538818359375,213790.09375,E,1365.4698486328125
977,985,745A6285,1361,0.2503123879432678,41.65620803833008,25.8590145111084,21877.291015625,E,1605.39453125
978,982,745A6285,1362,0.0783703476190567,16.625642776489258,29.117525100708008,11070.7548828125,E,1246.8897705078125
979,984,745A6285,1363,1.277705192565918,76.16532897949219,12.884781837463379,9931.19140625,E,1253.2113037109375
979,994,745A6285,1364,0.43644994497299194,83.49661254882812,25.274078369140625,41889.90625,E,1278.5235595703125
980,985,745A6285,1365,0.448637455701828,42.9140510559082,19.988330841064453,13466.1181640625,E,1596.1829833984375
980,988,745A6285,1366,1.3550927639007568,64.09477233886719,13.219202995300293,8796.765625,E,1595.4818115234375
981,991,745A6285,1367,0.23141101002693176,55.2451286315918,30.938156127929688,41531.03125,E,1354.0343017578125
982,984,745A6285,1368,0.17202062904834747,34.9538459777832,23.66851806640625,15378.9609375,E,1261.0924072265625
982,1000,745A6285,1369,0.49007707834243774,96.27241516113281,28.081497192382812,59625.53125,E,1297.327880859375
983,986,745A6285,1370,0.08245101571083069,23.512208938598633,33.75190353393555,21036.810546875,E,1268.0262451171875
984,994,745A6285,1371,0.2517256736755371,44.87712860107422,27.260385513305664,26192.619140625,E,1289.506591796875
985,988,745A6285,1372,0.034667301923036575,6.257641315460205,26.746732711791992,3515.944580078125,E,1617.6312255859375
986,987,745A6285,1373,0.009203461930155754,2.5920000076293945,33.56385803222656,2293.341064453125,E,1278.0748291015625
987,997,745A6285,1374,0.26255548000335693,57.39241409301758,29.86176109313965,40195.29296875,E,1303.46337890625
987,1001,745A6285,1375,0.452713280916214,78.31261444091797,24.56857681274414,37126.296875,E,1309.671875
988,996,745A6285,1376,0.1854833960533142,47.28491973876953,32.003013610839844,38035.94921875,E,1639.2630615234375
989,991,745A6285,1377,0.2976633608341217,31.73292350769043,16.185115814208984,6528.7734375,E,1365.031494140625
989,998,745A6285,1378,0.7470557689666748,56.76348876953125,14.18836784362793,8974.78125,E,1375.2208251953125
990,1012,745A6285,1379,0.47016066312789917,104.04840087890625,31.730363845825195,82276.421875,E,1449.3115234375
991,1002,745A6285,1380,0.28344136476516724,60.42912673950195,29.25789451599121,40627.7109375,E,1394.3306884765625
992,995,745A6285,1381,2.0755996704101562,112.63755798339844,18.24095916748047,29435.30078125,E,1313.3392333984375
992,1008,745A6285,1382,0.3117581307888031,79.0178451538086,31.89194107055664,63121.44921875,E,1340.943359375
994,995,745A6285,1383,0.009935678914189339,2.5920000076293945,32.303436279296875,2124.33154296875,E,1309.535400390625
995,1003,745A6285,1384,0.2733749747276306,53.726768493652344,28.85873031616211,35142.69140625,E,1327.496337890625
997,999,745A6285,1385,0.06068836525082588,15.107283592224121,31.537696838378906,11801.47265625,E,1333.7386474609375
998,1002,745A6285,1386,0.4500511884689331,30.214567184448242,12.821083068847656,3900.81787109375,E,1407.234375
998,1011,745A6285,1387,0.7178889513015747,63.2053337097168,16.496641159057617,13509.3564453125,E,1416.4599609375
999,1006,745A6285,1388,0.28957754373550415,52.65312576293945,19.249412536621094,15323.1826171875,E,1344.5384521484375
999,1024,745A6285,1389,0.6705539226531982,181.36370849609375,32.948429107666016,154635.671875,E,1425.0379638671875
1000,1001,745A6285,1390,0.07622914016246796,20.291284561157227,27.214303970336914,11803.0400390625,E,1341.77294921875
1000,1004,745A6285,1391,0.07061974704265594,14.662566184997559,28.867767333984375,9596.7958984375,E,1345.2530517578125
1001,1006,745A6285,1392,0.12499026209115982,24.585847854614258,23.575342178344727,10732.2578125,E,1349.518798828125
1002,1011,745A6285,1393,0.1759689450263977,37.54584503173828,29.14768409729004,25053.005859375,E,1427.767333984375
1003,1004,745A6285,1394,0.2041979432106018,39.5089225769043,28.013933181762695,24351.921875,E,1352.23486328125
1003,1005,745A6285,1395,0.05266747623682022,14.662566184997559,28.84235191345215,9579.9052734375,E,1353.8328857421875
1004,1013,745A6285,1396,0.15948988497257233,42.28512954711914,18.593280792236328,11481.2607421875,E,1367.299560546875
1005,1016,745A6285,1397,0.49395325779914856,101.19591522216797,26.85587501525879,57323.33984375,E,1377.2947998046875
1005,1018,745A6285,1398,0.39876970648765564,91.71734619140625,27.820018768310547,55751.44921875,E,1394.47607421875
1006,1013,745A6285,1399,0.23253381252288818,37.10112762451172,25.691293716430664,19233.0859375,E,1372.57080078125
1008,1015,745A6285,1400,0.12979722023010254,29.769847869873047,30.39653968811035,21603.03515625,E,1390.0628662109375
1008,1016,745A6285,1401,0.35119307041168213,64.27897644042969,20.493894577026367,21203.513671875,E,1391.3740234375
1009,1017,745A6285,1402,0.41829970479011536,111.56389617919922,32.7369499206543,93905.2734375,E,1589.1187744140625
1009,1034,745A6285,1403,1.196199893951416,264.30767822265625,31.5123348236084,206139.3125,E,1664.3861083984375
1010,1014,745A6285,1404,0.15604561567306519,40.137847900390625,26.247529983520508,21718.048828125,E,1404.7716064453125
1010,1021,745A6285,1405,0.42661601305007935,107.08514404296875,31.73212432861328,84687.125,E,1451.8934326171875
1011,1028,745A6285,1406,0.7174712419509888,158.2198944091797,30.94432258605957,118990.671875,E,1500.8736572265625
1013,1018,745A6285,1407,0.20457227528095245,50.24533462524414,31.346599578857422,38776.3125,E,1402.3114013671875
1014,1015,745A6285,1408,0.4318750500679016,56.13456726074219,19.987876892089844,17613.822265625,E,1404.5654296875
1014,1020,745A6285,1409,1.8575764894485474,107.71405792236328,13.964801788330078,16498.01953125,E,1453.77734375
1015,1020,745A6285,1410,0.390414297580719,90.0147705078125,30.346097946166992,65104.25390625,E,1442.5211181640625
1016,1033,745A6285,1411,1.6707022190093994,231.16432189941406,27.68943214416504,139199.84375,E,1508.873779296875
1018,1029,745A6285,1412,0.4999709129333496,126.30277252197266,31.822599411010742,100455.5859375,E,1479.03955078125
1019,1025,745A6285,1413,0.22865556180477142,53.282047271728516,26.83325958251953,30131.283203125,E,1497.488525390625
1019,1035,745A6285,1414,0.728827178478241,201.5786895751953,33.35398483276367,176128.625,E,1572.94287109375
1020,1031,745A6285,1415,0.31915146112442017,86.1649169921875,32.85110092163086,73033.1796875,E,1525.879638671875
1021,1032,745A6285,1416,1.9776424169540405,134.00250244140625,15.757615089416504,26132.66796875,E,1550.1832275390625
1021,1039,745A6285,1417,4.4181013107299805,324.8447265625,31.44740104675293,252310.4375,E,1648.979248046875
1022,1023,745A6285,1418,4.951176166534424,24.585847854614258,4.696094512939453,425.84222412109375,E,1709.4124755859375
1022,1027,745A6285,1419,2.66235089302063,41.21148681640625,8.006092071533203,2074.67138671875,E,1703.9608154296875
1023,1027,745A6285,1420,1.4974987506866455,22.438568115234375,10.228236198425293,1843.6842041015625,E,1721.1805419921875
1024,1026,745A6285,1421,0.16789619624614716,34.32492446899414,29.164888381958008,22930.84765625,E,1514.925048828125
1024,1036,745A6285,1422,1.159644365310669,177.8822479248047,26.299951553344727,96634.5390625,E,1589.1068115234375
1025,1026,745A6285,1423,0.048546202480793,36.472206115722656,22.775718688964844,14859.2216796875,E,1515.5255126953125
1025,1030,745A6285,1424,0.181955948472023,37.54584503173828,28.755168914794922,24382.802734375,E,1531.5504150390625
1026,1030,745A6285,1425,0.10696955025196075,31.917129516601562,25.577789306640625,16399.845703125,E,1533.232177734375
1027,1034,745A6285,1426,1.9025001525878906,109.600830078125,15.125783920288086,19694.251953125,E,1741.53564453125
1029,1033,745A6285,1427,0.4054144322872162,77.68368530273438,21.61905860900879,28516.306640625,E,1565.877197265625
1029,1036,745A6285,1428,1.3035191297531128,190.76596069335938,27.63872718811035,114452.90625,E,1614.523193359375
1030,1041,745A6285,1429,1.6855275630950928,315.47406005859375,27.68027687072754,189842.921875,E,1675.2864990234375
1031,1032,745A6285,1430,0.1481703370809555,38.17477035522461,26.186824798583984,20560.421875,E,1583.23486328125
1031,1038,745A6285,1431,0.9169854521751404,204.3548583984375,30.379423141479492,148126.890625,E,1644.64697265625
1032,1042,745A6285,1432,1.008813738822937,246.27157592773438,32.54907989501953,204918.703125,E,1709.8546142578125
1033,1045,745A6285,1433,1.168271541595459,306.59283447265625,32.48017501831055,254032.109375,E,1741.1595458984375
1034,1037,745A6285,1434,1.1619938611984253,94.1251220703125,19.132963180541992,27062.0,E,1812.990478515625
1035,1040,745A6285,1435,0.5417547821998596,147.14666748046875,33.05951690673828,126308.7109375,E,1726.19775390625
1035,1041,745A6285,1436,0.6755883097648621,166.44061279296875,30.320762634277344,120179.234375,E,1734.22509765625
1036,1049,745A6285,1437,3.8742055892944336,429.70635986328125,30.681739807128906,317703.21875,E,1852.631591796875
1040,1043,745A6285,1438,15.858698844909668,285.151611328125,28.965038299560547,187894.4375,E,1854.434814453125
1040,1046,745A6285,1439,0.7762019038200378,211.6861572265625,33.13045883178711,182489.234375,E,1884.65576171875
1041,1044,745A6285,1440,0.4154645800590515,99.30912017822266,30.952653884887695,74726.5234375,E,1847.2352294921875
1044,1047,745A6285,1441,0.38839516043663025,95.38299560546875,29.45804786682129,65008.296875,E,1923.9549560546875
1044,1048,745A6285,1442,0.5898544192314148,124.70813751220703,29.69923973083496,86392.359375,E,1944.8629150390625
1046,1050,745A6285,1443,0.6332399249076843,174.95343017578125,33.28978729248047,152277.03125,E,2053.413818359375
1046,1051,745A6285,1444,0.7457253336906433,195.949951171875,31.374614715576172,151492.75,E,2049.701416015625
1050,1052,745A6285,1445,3.1067512035369873,165.29066467285156,26.516328811645508,91277.765625,E,2177.627685546875
1050,1053,745A6285,1446,0.8398557305335999,225.1671905517578,32.81370162963867,190416.875,E,2233.828369140625
