EndNodes_1,EndNodes_2,name,edge_id,Weight,Length,Width,Volume,Type,Distance
1,14,745A6328,1,4.543399810791016,351.4700012207031,28.01880645751953,216709.234375,E,2615.768310546875
2,4,745A6328,2,0.5221086144447327,102.08534240722656,28.01799774169922,62940.10546875,E,2706.335693359375
3,9,745A6328,3,3.4723870754241943,130.33685302734375,22.103015899658203,50010.3828125,E,2608.398193359375
4,5,745A6328,4,0.27213409543037415,26.54892349243164,19.167734146118164,7660.87451171875,E,2658.804443359375
4,6,745A6328,5,0.13153383135795593,25.03056526184082,27.577978134155273,14951.521484375,E,2654.233642578125
5,6,745A6328,6,0.0993986502289772,28.69620704650879,25.642166137695312,14819.1669921875,E,2643.311767578125
6,20,745A6328,7,1.1802747249603271,250.30564880371094,29.237709045410156,168053.375,E,2547.08544921875
7,11,745A6328,8,5.71355676651001,158.2198944091797,24.044004440307617,71839.7109375,E,2595.2451171875
8,9,745A6328,9,0.6408782601356506,107.89826965332031,26.26729393005371,58470.2578125,E,2567.034912109375
9,10,745A6328,10,0.5101812481880188,105.67469024658203,28.792348861694336,68804.2109375,E,2516.987060546875
10,12,745A6328,11,0.3467196226119995,20.920207977294922,19.520299911499023,6260.7861328125,E,2477.15185546875
10,15,745A6328,12,0.3248174786567688,63.2053337097168,27.93057632446289,38726.06640625,E,2460.904296875
11,13,745A6328,13,0.36072400212287903,48.98748779296875,25.672460556030273,25357.7109375,E,2515.4775390625
11,20,745A6328,14,0.4417112469673157,91.90154266357422,25.653945922851562,47503.0,E,2484.561767578125
14,15,745A6328,15,0.0430062972009182,13.588924407958984,26.116518020629883,7279.56640625,E,2449.49755859375
14,16,745A6328,16,0.041553083807229996,30.214563369750977,15.795953750610352,5921.0390625,E,2449.4296875
15,17,745A6328,17,0.09476262331008911,18.328208923339844,27.82080078125,11141.640625,E,2437.857421875
16,17,745A6328,18,0.05665424466133118,18.772924423217773,26.570541381835938,10409.326171875,E,2434.12646484375
16,25,745A6328,19,2.616036891937256,462.88134765625,27.194490432739258,268857.03125,E,2481.50634765625
17,57,745A6328,20,1.3134734630584717,297.1142578125,30.32532501220703,214597.34375,E,2291.56884765625
18,19,745A6328,21,0.40546470880508423,50.69004821777344,19.9394588470459,15828.484375,E,2467.7353515625
18,21,745A6328,22,0.8723228573799133,36.027488708496094,19.69468116760254,10975.435546875,E,2461.320068359375
18,22,745A6328,23,0.2139884978532791,23.956924438476562,22.39171600341797,9433.99609375,E,2454.72900390625
19,22,745A6328,24,0.24304139614105225,43.803489685058594,27.208881378173828,25469.47265625,E,2445.025634765625
19,25,745A6328,25,0.9539663791656494,186.9160919189453,28.80264663696289,121787.125,E,2418.9794921875
20,42,745A6328,26,0.9338655471801758,213.98605346679688,30.263288497924805,153924.4375,E,2353.741455078125
21,23,745A6328,27,1.3008205890655518,11.441641807556152,5.9443206787109375,317.52850341796875,E,2447.071533203125
21,24,745A6328,28,0.6854844689369202,14.662566184997559,4.624940872192383,246.32713317871094,E,2445.708740234375
22,24,745A6328,29,1.9772579669952393,23.956924438476562,9.2431058883667,1607.521484375,E,2440.881103515625
23,24,745A6328,30,2.1851792335510254,17.254566192626953,5.536376953125,415.3796691894531,E,2438.314453125
25,58,745A6328,31,1.2867110967636108,304.5849914550781,30.06089210510254,216173.328125,E,2265.06982421875
26,32,745A6328,32,4.670616626739502,97.790771484375,23.068073272705078,40870.5390625,E,2378.435791015625
27,45,745A6328,33,1.9094858169555664,154.7384490966797,26.492353439331055,85296.1015625,E,2266.685546875
28,29,745A6328,34,4.578476905822754,13.588924407958984,11.148649215698242,1326.537353515625,E,2399.322265625
28,31,745A6328,35,2.047032117843628,22.883283615112305,8.156160354614258,1195.5830078125,E,2403.495849609375
29,31,745A6328,36,0.05064744874835014,11.441641807556152,29.969615936279297,8071.24609375,E,2397.57421875
30,47,745A6328,37,0.645971953868866,121.11878204345703,28.419593811035156,76831.109375,E,2244.511962890625
31,81,745A6328,38,1.1793503761291504,265.59710693359375,30.152633666992188,189654.75,E,2278.09716796875
32,33,745A6328,39,0.06492406129837036,12.51528263092041,27.737451553344727,7562.4697265625,E,2329.659912109375
32,36,745A6328,40,0.8506039977073669,89.12533569335938,21.377939224243164,31990.626953125,E,2335.634521484375
33,34,745A6328,41,0.06308183819055557,9.923282623291016,25.116989135742188,4916.77587890625,E,2319.572998046875
33,36,745A6328,42,0.0724608451128006,28.69620704650879,19.177412033081055,8288.8515625,E,2321.7177734375
34,38,745A6328,43,0.07057639211416245,9.923283576965332,23.76000213623047,4399.85400390625,E,2312.184814453125
34,42,745A6328,44,0.7881017923355103,169.47732543945312,28.29595375061035,106573.734375,E,2281.634521484375
35,65,745A6328,45,1.093267798423767,228.2354736328125,29.009490966796875,150852.75,E,2196.091796875
36,38,745A6328,46,0.14624789357185364,26.548925399780273,21.186635971069336,9359.6767578125,E,2311.41943359375
37,52,745A6328,47,0.36233827471733093,80.53620910644531,29.827314376831055,56274.203125,E,2249.2197265625
38,84,745A6328,48,0.8701394200325012,183.06625366210938,29.1182861328125,121907.3203125,E,2224.21826171875
39,60,745A6328,49,0.5259784460067749,106.1957015991211,28.636995315551758,68399.3125,E,2286.4755859375
40,41,745A6328,50,0.18298053741455078,7.776000022888184,13.427577018737793,1101.13720703125,E,2228.54345703125
40,43,745A6328,51,1.0037187337875366,96.08820343017578,20.878868103027344,32898.33203125,E,2248.691162109375
40,46,745A6328,52,0.42694467306137085,29.14092445373535,16.48530387878418,6219.95361328125,E,2214.846435546875
41,43,745A6328,53,0.17291861772537231,11.441641807556152,12.902400970458984,1495.9576416015625,E,2227.348876953125
42,79,745A6328,54,0.6246867775917053,150.7044219970703,31.07221221923828,114277.3671875,E,2183.693603515625
43,55,745A6328,55,0.6860837340354919,67.13148498535156,19.94908332824707,20982.732421875,E,2197.32861328125
44,59,745A6328,56,0.5150575637817383,96.19611358642578,27.50288963317871,57148.3984375,E,2191.367431640625
45,48,745A6328,57,0.03138849139213562,26.10420799255371,18.17449188232422,6772.12548828125,E,2189.169921875
45,49,745A6328,58,0.1423722356557846,33.88020706176758,23.126157760620117,14231.2451171875,E,2187.120361328125
46,51,745A6328,59,0.5071791410446167,44.87712860107422,15.409695625305176,8369.568359375,E,2185.732666015625
46,54,745A6328,60,0.47351524233818054,40.137847900390625,13.264942169189453,5546.95556640625,E,2185.2373046875
47,48,745A6328,61,0.35967010259628296,72.13127899169922,28.56935691833496,46239.63671875,E,2184.64697265625
47,51,745A6328,62,0.08395496010780334,18.772924423217773,24.350570678710938,8742.58984375,E,2180.674072265625
48,49,745A6328,63,0.19058500230312347,32.80656814575195,26.93985939025879,18699.98828125,E,2174.017578125
49,50,745A6328,64,0.014969282783567905,3.6656415462493896,31.297128677368164,2819.998291015625,E,2171.58349609375
50,57,745A6328,65,0.45591387152671814,118.52677917480469,29.96047019958496,83560.9921875,E,2160.944091796875
50,90,745A6328,66,0.5497952103614807,124.3396987915039,26.544050216674805,68807.234375,E,2115.071044921875
51,105,745A6328,67,1.2797563076019287,163.58811950683594,24.442235946655273,76757.9765625,E,2101.843017578125
52,61,745A6328,68,0.04120095074176788,34.95384979248047,24.598587036132812,16611.361328125,E,2199.46337890625
52,62,745A6328,69,0.18821044266223907,36.027488708496094,27.737791061401367,21770.4609375,E,2201.353515625
53,81,745A6328,70,1.1838260889053345,274.5230712890625,30.758621215820312,203986.984375,E,2238.32763671875
54,55,745A6328,71,0.11930903792381287,8.849641799926758,14.528754234313965,1467.142578125,E,2167.013671875
54,71,745A6328,72,0.5473105907440186,71.87076568603516,20.76504135131836,24339.28125,E,2136.641845703125
55,59,745A6328,73,0.06828537583351135,14.662566184997559,20.898637771606445,5029.62744140625,E,2162.09375
56,63,745A6328,74,3.2059667110443115,103.78791046142578,23.29400062561035,44230.8046875,E,2254.123046875
57,58,745A6328,75,0.0389697290956974,9.923282623291016,31.907012939453125,7934.46337890625,E,2148.8447265625
58,91,745A6328,76,0.409144788980484,96.08821868896484,30.666913986206055,70974.1484375,E,2101.573486328125
59,68,745A6328,77,0.14896558225154877,41.47200012207031,26.394969940185547,22692.755859375,E,2136.828857421875
60,63,745A6328,78,0.15673895180225372,23.956926345825195,25.04131507873535,11798.7294921875,E,2229.26416015625
60,66,745A6328,79,0.31843236088752747,51.57948684692383,17.28903579711914,12109.0048828125,E,2221.705078125
61,62,745A6328,80,0.08970783650875092,26.993640899658203,25.472753524780273,13756.3466796875,E,2185.694580078125
61,75,745A6328,81,0.3629116117954254,76.34953308105469,28.80677604675293,49760.59375,E,2152.2578125
62,78,745A6328,82,0.2741512656211853,63.02112579345703,30.29914093017578,45439.828125,E,2163.030517578125
63,67,745A6328,83,0.10089057683944702,18.328208923339844,26.933082580566406,10441.9599609375,E,2212.01611328125
64,95,745A6328,84,0.509097158908844,98.34339141845703,27.90737533569336,60155.18359375,E,2081.688720703125
65,76,745A6328,85,0.21467459201812744,57.39241409301758,28.537071228027344,36708.20703125,E,2107.85791015625
65,91,745A6328,86,0.6762304306030273,167.25375366210938,29.944427490234375,117787.1171875,E,2092.930419921875
66,67,745A6328,87,0.01639479212462902,2.5920000076293945,25.147483825683594,1287.4013671875,E,2203.53759765625
66,74,745A6328,88,0.2971898317337036,29.769847869873047,20.6729793548584,9992.46484375,E,2192.4169921875
67,77,745A6328,89,0.14704249799251556,24.401639938354492,25.70247459411621,12660.73046875,E,2193.303466796875
68,69,745A6328,90,0.33070996403694153,71.68656158447266,29.573266983032227,49240.92578125,E,2119.59716796875
68,71,745A6328,91,0.18191297352313995,34.32492446899414,22.209882736206055,13298.173828125,E,2111.288818359375
68,123,745A6328,92,0.599453330039978,136.04185485839844,30.224254608154297,97605.3515625,E,2051.38525390625
70,72,745A6328,93,0.5754528641700745,60.873844146728516,18.51530647277832,16390.130859375,E,2125.951416015625
70,73,745A6328,94,0.12797056138515472,8.849641799926758,16.710777282714844,1940.9256591796875,E,2112.093017578125
70,76,745A6328,95,0.1127718910574913,18.328208923339844,20.542869567871094,6074.8017578125,E,2106.300537109375
71,105,745A6328,96,0.6169296503067017,97.71446990966797,25.241680145263672,48897.34375,E,2066.157470703125
72,73,745A6328,97,0.07524766027927399,7.776000022888184,20.283672332763672,2512.6923828125,E,2112.4521484375
72,83,745A6328,98,0.1566452533006668,23.956924438476562,25.251386642456055,11997.517578125,E,2102.153564453125
74,80,745A6328,99,0.044093597680330276,25.03056526184082,18.23548126220703,6537.24853515625,E,2177.008544921875
74,93,745A6328,100,0.5031673908233643,94.30933380126953,27.836048126220703,57393.10546875,E,2150.443603515625
75,78,745A6328,101,0.6807398200035095,107.71407318115234,25.49000358581543,54967.01171875,E,2124.233154296875
75,82,745A6328,102,0.03029441274702549,25.030563354492188,18.499765396118164,6728.1083984375,E,2115.4970703125
76,85,745A6328,103,0.06489919126033783,23.512208938598633,27.875690460205078,14349.427734375,E,2094.730224609375
77,80,745A6328,104,0.04730488359928131,7.331283092498779,24.903528213500977,3571.014892578125,E,2179.146240234375
77,99,745A6328,105,0.40854349732398987,69.46297454833984,23.797367095947266,30895.91796875,E,2170.2119140625
78,108,745A6328,106,0.36392074823379517,80.90460968017578,29.94757080078125,56988.3828125,E,2111.72119140625
79,120,745A6328,107,0.4937475323677063,112.8980712890625,30.27862548828125,81292.171875,E,2061.6337890625
79,123,745A6328,108,1.144195318222046,215.79649353027344,27.621232986450195,129306.515625,E,2047.794921875
80,109,745A6328,109,0.4238830506801605,77.23897552490234,27.06983184814453,44452.6328125,E,2140.73095703125
81,103,745A6328,110,0.25739189982414246,72.05497741699219,29.888517379760742,50554.82421875,E,2128.70263671875
82,86,745A6328,111,0.2986171841621399,43.17456817626953,19.170635223388672,12462.08984375,E,2103.87646484375
82,94,745A6328,112,0.29988354444503784,43.803489685058594,18.87472915649414,12256.318359375,E,2089.894775390625
83,85,745A6328,113,0.017972469329833984,3.6656415462493896,28.562822341918945,2348.77880859375,E,2089.931396484375
83,87,745A6328,114,0.354149729013443,41.65620422363281,15.32498836517334,7683.69091796875,E,2091.287841796875
84,88,745A6328,115,0.08618296682834625,16.180923461914062,27.573457717895508,9662.1923828125,E,2130.6083984375
84,93,745A6328,116,0.18429742753505707,29.769847869873047,12.08922290802002,3417.143798828125,E,2132.8388671875
85,98,745A6328,117,0.11124865710735321,35.843284606933594,26.58578872680664,19897.419921875,E,2072.2109375
86,87,745A6328,118,0.1604928821325302,31.73292350769043,28.264657974243164,19910.7421875,E,2089.8271484375
86,94,745A6328,119,0.09874039888381958,21.36492347717285,29.411579132080078,14515.36328125,E,2087.31103515625
87,98,745A6328,120,0.21558067202568054,43.358768463134766,28.67463493347168,28000.294921875,E,2067.259765625
88,93,745A6328,121,0.1312537044286728,32.80656814575195,25.12969398498535,16271.40625,E,2121.86767578125
88,115,745A6328,122,0.4811396598815918,109.1561279296875,30.13177490234375,77837.2421875,E,2083.158203125
89,167,745A6328,123,9.295936584472656,265.3050231933594,25.478527069091797,135264.546875,E,2159.11669921875
90,92,745A6328,124,0.04395022988319397,8.849641799926758,28.420516967773438,5614.091796875,E,2058.920166015625
90,101,745A6328,125,0.16713674366474152,32.361846923828125,27.956636428833008,19865.205078125,E,2046.6787109375
91,118,745A6328,126,0.33129024505615234,80.53620910644531,31.180574417114258,61496.33984375,E,2018.7303466796875
92,95,745A6328,127,0.12306365370750427,26.10420799255371,9.178730010986328,1727.291259765625,E,2055.912109375
92,97,745A6328,128,0.15791791677474976,22.438568115234375,19.540630340576172,6729.1806640625,E,2051.34521484375
94,117,745A6328,129,0.3143827021121979,68.20513153076172,29.466636657714844,46512.328125,E,2047.717529296875
95,97,745A6328,130,0.02840961329638958,3.6656415462493896,22.718116760253906,1485.8828125,E,2047.1431884765625
96,124,745A6328,131,0.39978912472724915,89.12533569335938,29.91947364807129,62661.234375,E,2007.5465087890625
97,101,745A6328,132,0.13220958411693573,22.438568115234375,26.186824798583984,12085.11328125,E,2038.643310546875
98,102,745A6328,133,0.0506785586476326,10.99692440032959,29.467483520507812,7499.75732421875,E,2051.386474609375
99,100,745A6328,134,0.012014610692858696,2.5920000076293945,29.375999450683594,1756.7509765625,E,2152.06640625
99,106,745A6328,135,0.1589905023574829,27.17784881591797,26.439529418945312,14921.4970703125,E,2141.2421875
100,107,745A6328,136,0.1187349483370781,22.438568115234375,27.675952911376953,13498.64453125,E,2145.69677734375
100,111,745A6328,137,0.3886115550994873,85.4596939086914,23.7586612701416,37887.43359375,E,2162.12890625
101,112,745A6328,138,0.16783665120601654,33.435489654541016,22.16777229309082,12904.5146484375,E,2020.8304443359375
102,128,745A6328,139,0.489593505859375,93.8646240234375,26.22945785522461,50718.97265625,E,2009.9866943359375
102,133,745A6328,140,0.9814310669898987,240.3823699951172,31.355772018432617,185621.171875,E,1991.6622314453125
103,108,745A6328,141,0.017731865867972374,19.846567153930664,28.755952835083008,12889.34375,E,2092.77197265625
103,126,745A6328,142,0.6669508218765259,160.5513916015625,31.136987686157227,122252.328125,E,2089.35693359375
104,125,745A6328,143,0.5201255679130554,109.60083770751953,29.098360061645508,72885.4375,E,2037.832275390625
105,114,745A6328,144,0.1879025399684906,25.03056526184082,17.961034774780273,6341.95654296875,E,2020.411865234375
106,107,745A6328,145,0.22835209965705872,42.7298469543457,16.602354049682617,9250.4013671875,E,2129.7744140625
106,110,745A6328,146,0.29137247800827026,47.913848876953125,25.90923500061035,25261.556640625,E,2121.857421875
107,111,745A6328,147,0.08601830899715424,18.772924423217773,29.6983642578125,13004.296875,E,2136.41015625
108,175,745A6328,148,1.1194766759872437,277.40716552734375,31.485177993774414,215983.140625,E,1962.8228759765625
109,110,745A6328,149,0.029654566198587418,25.475284576416016,26.31981086730957,13860.3583984375,E,2105.995849609375
109,161,745A6328,150,1.0556573867797852,228.94073486328125,29.564733505249023,157166.84375,E,2000.2772216796875
110,209,745A6328,151,1.917860507965088,304.1850280761719,27.48299789428711,180449.59375,E,1968.4520263671875
111,147,745A6328,152,0.871330738067627,215.0149688720703,31.41582679748535,166669.28125,E,2101.16162109375
112,113,745A6328,153,0.24462485313415527,27.6225643157959,12.248472213745117,3254.75048828125,E,2011.93896484375
112,116,745A6328,154,0.0882275402545929,11.441641807556152,22.667295455932617,4617.18896484375,E,2003.1033935546875
113,114,745A6328,155,0.04220234602689743,5.184000015258789,15.67397689819336,1000.2608642578125,E,2009.596923828125
113,116,745A6328,156,0.2974177598953247,25.03056526184082,13.088075637817383,3367.535400390625,E,2003.143798828125
114,122,745A6328,157,0.29984572529792786,33.25128173828125,21.28958511352539,11836.7548828125,E,1994.2962646484375
115,120,745A6328,158,0.32143113017082214,79.83097076416016,28.42152976989746,50647.28515625,E,2029.9822998046875
115,138,745A6328,159,0.6143568754196167,109.41663360595703,25.551605224609375,56106.03515625,E,2004.46044921875
116,121,745A6328,160,0.14481882750988007,21.809640884399414,24.528564453125,10305.822265625,E,1987.67724609375
117,127,745A6328,161,0.19751983880996704,40.58256912231445,23.19788932800293,17152.458984375,E,1999.4532470703125
117,128,745A6328,162,0.27812084555625916,52.20840835571289,18.083011627197266,13408.2421875,E,1996.3408203125
118,124,745A6328,163,0.46213769912719727,79.46256256103516,23.63971519470215,34876.82421875,E,1975.8212890625
118,133,745A6328,164,0.17387734353542328,56.763484954833984,30.571367263793945,41666.65625,E,1956.5408935546875
119,125,745A6328,165,0.5088578462600708,113.34278106689453,29.996789932250977,80100.1484375,E,2007.274658203125
120,132,745A6328,166,0.1670113354921341,42.100929260253906,31.774869918823242,33384.828125,E,1990.5694580078125
121,122,745A6328,167,0.09665121138095856,23.328001022338867,14.704943656921387,3961.814453125,E,1978.0450439453125
121,130,745A6328,168,0.16390937566757202,28.067283630371094,26.186128616333008,15115.859375,E,1964.2735595703125
122,131,745A6328,169,0.2288617640733719,32.17763900756836,23.76664924621582,14275.126953125,E,1963.1640625
123,145,745A6328,170,0.40308794379234314,97.79077911376953,31.169635772705078,74619.3125,E,1941.7603759765625
124,162,745A6328,171,1.0413827896118164,166.6248321533203,27.164730072021484,96569.5859375,E,1897.9722900390625
125,127,745A6328,172,0.13255617022514343,35.39856719970703,25.956138610839844,18730.775390625,E,1987.5052490234375
126,173,745A6328,173,1.242249608039856,236.9009246826172,27.967544555664062,145534.28125,E,2020.3192138671875
126,174,745A6328,174,0.7311205863952637,169.92205810546875,30.640357971191406,125293.1484375,E,1994.064697265625
127,129,745A6328,175,0.0490705743432045,7.331283092498779,24.435951232910156,3438.17822265625,E,1978.912353515625
128,129,745A6328,176,0.09672187268733978,29.58563995361328,15.856941223144531,5842.6474609375,E,1973.8746337890625
128,180,745A6328,177,0.9725022315979004,188.8028564453125,27.99759864807129,116235.828125,E,1891.355224609375
129,139,745A6328,178,0.29927879571914673,49.43220520019531,25.869178771972656,25981.556640625,E,1954.5850830078125
130,131,745A6328,179,0.07614153623580933,28.067279815673828,11.669081687927246,3001.67431640625,E,1950.7802734375
130,137,745A6328,180,0.2618468999862671,40.58256149291992,25.051258087158203,20002.69140625,E,1933.139404296875
131,134,745A6328,181,0.17133022844791412,27.6225643157959,25.385339736938477,13980.4072265625,E,1936.076416015625
132,141,745A6328,182,0.4668138027191162,98.60389709472656,26.79416275024414,55598.6640625,E,1963.0072021484375
132,149,745A6328,183,0.3146083652973175,79.0178451538086,31.694252014160156,62341.33203125,E,1933.7486572265625
133,144,745A6328,184,0.19962692260742188,48.35856628417969,31.114158630371094,36768.796875,E,1910.097900390625
134,135,745A6328,185,0.046940430998802185,7.331283092498779,24.978071212768555,3592.4248046875,E,1921.783447265625
134,146,745A6328,186,0.4564986526966095,81.34932708740234,22.60630226135254,32651.482421875,E,1914.563232421875
135,137,745A6328,187,0.06273713707923889,21.809640884399414,15.287717819213867,4003.351318359375,E,1917.0074462890625
135,172,745A6328,188,0.6157296299934387,122.82135009765625,28.444156646728516,78045.859375,E,1866.0096435546875
136,156,745A6328,189,0.47007977962493896,92.53047180175781,28.376230239868164,58517.2734375,E,1912.822998046875
137,148,745A6328,190,0.37969061732292175,49.43220520019531,23.185691833496094,20870.841796875,E,1893.0811767578125
138,141,745A6328,191,0.06567282229661942,25.03056526184082,14.942117691040039,4389.1943359375,E,1954.3408203125
138,143,745A6328,192,0.08653271198272705,23.956924438476562,24.045629501342773,10879.107421875,E,1956.24755859375
139,156,745A6328,193,0.3243709206581116,71.2418441772461,29.637157440185547,49147.125,E,1901.504638671875
139,170,745A6328,194,0.8324231505393982,136.41026306152344,24.547494888305664,64558.18359375,E,1889.2037353515625
140,182,745A6328,195,0.5934096574783325,131.22625732421875,30.207698822021484,94047.2109375,E,1856.656005859375
141,143,745A6328,196,0.15318752825260162,23.956924438476562,25.043575286865234,11800.8583984375,E,1942.5821533203125
142,155,745A6328,197,0.31740981340408325,58.9107666015625,27.195669174194336,34220.3203125,E,2206.67041015625
143,157,745A6328,198,0.4027203321456909,62.131690979003906,24.827295303344727,30078.89453125,E,1926.5223388671875
144,189,745A6328,199,0.8773283958435059,164.845947265625,27.95683479309082,101191.5234375,E,1843.0455322265625
144,229,745A6328,200,0.8604653477668762,200.1365966796875,30.61722183227539,147349.25,E,1795.761962890625
145,146,745A6328,201,0.026632890105247498,6.257641315460205,30.656755447387695,4619.052734375,E,1895.58056640625
145,150,745A6328,202,0.12949925661087036,36.027488708496094,25.965742111206055,19077.671875,E,1883.6361083984375
146,172,745A6328,203,0.41808685660362244,94.30934143066406,27.4176025390625,55680.5546875,E,1852.4825439453125
147,151,745A6328,204,0.2105497121810913,20.920207977294922,20.878305435180664,7162.19873046875,E,2056.47705078125
147,167,745A6328,205,0.3040059804916382,66.8709716796875,29.747737884521484,46476.71484375,E,2053.838134765625
148,152,745A6328,206,0.11304812133312225,17.699283599853516,24.970327377319336,8667.50390625,E,1863.195068359375
148,154,745A6328,207,0.2616572380065918,34.32492446899414,13.64916706085205,5022.4052734375,E,1864.4779052734375
149,166,745A6328,208,0.4621090590953827,93.8646240234375,23.81348419189453,41805.9140625,E,1876.5340576171875
149,192,745A6328,209,0.4332832098007202,99.30914306640625,30.31228256225586,71666.53125,E,1851.6651611328125
150,158,745A6328,210,0.16692209243774414,30.843490600585938,27.214984893798828,17941.94921875,E,1862.8978271484375
150,168,745A6328,211,0.6425468921661377,52.20840835571289,13.00320053100586,6933.154296875,E,1849.4661865234375
152,154,745A6328,212,0.1246209442615509,15.107283592224121,20.341609954833984,4909.60888671875,E,1853.1103515625
152,163,745A6328,213,0.2286047786474228,32.80656814575195,23.929412841796875,14754.169921875,E,1840.809326171875
153,188,745A6328,214,0.4499022364616394,104.41683959960938,27.872350692749023,63710.0,E,1815.7694091796875
154,163,745A6328,215,0.3071882426738739,42.7298469543457,19.837440490722656,13206.64453125,E,1834.9637451171875
155,159,745A6328,216,1.7226744890213013,47.4691276550293,12.838024139404297,6144.6552734375,E,2171.0087890625
155,187,745A6328,217,0.32832062244415283,71.4260482788086,29.454774856567383,48669.61328125,E,2146.697998046875
156,171,745A6328,218,0.17200453579425812,40.58256912231445,26.15471649169922,21803.6640625,E,1857.24951171875
157,161,745A6328,219,0.12263674288988113,29.769847869873047,23.54484748840332,12961.58984375,E,1902.0272216796875
157,181,745A6328,220,0.5510014295578003,59.35548782348633,16.500707626342773,12692.7548828125,E,1880.8896484375
158,166,745A6328,221,0.19842033088207245,41.21148681640625,28.671728134155273,26608.224609375,E,1847.00146484375
158,168,745A6328,222,0.13982975482940674,27.17784881591797,21.891387939453125,10229.4326171875,E,1843.6583251953125
160,210,745A6328,223,0.4371357560157776,112.00863647460938,29.767183303833008,77950.1328125,E,1841.6763916015625
161,181,745A6328,224,0.17264829576015472,39.064205169677734,30.14125633239746,27873.505859375,E,1879.8404541015625
162,165,745A6328,225,0.14276832342147827,8.849641799926758,14.291577339172363,1419.63232421875,E,1825.5145263671875
162,189,745A6328,226,0.45683467388153076,59.53969192504883,21.36040687561035,21336.12109375,E,1802.2110595703125
163,165,745A6328,227,0.02680322714149952,3.6656415462493896,23.388988494873047,1574.9354248046875,E,1825.0748291015625
164,215,745A6328,228,0.4639126658439636,103.60371398925781,30.012428283691406,73293.84375,E,2345.742919921875
165,186,745A6328,229,0.213004931807518,40.58256530761719,27.57752227783203,24240.404296875,E,1805.880126953125
166,192,745A6328,230,0.2984028458595276,77.8678970336914,28.04103660583496,48087.96875,E,1819.3543701171875
167,212,745A6328,231,0.4954521358013153,112.82176971435547,30.263519287109375,81156.1875,E,2014.26171875
168,270,745A6328,232,1.1913524866104126,215.68862915039062,28.37412452697754,136383.578125,E,1732.2713623046875
169,183,745A6328,233,0.20751217007637024,30.843490600585938,25.6597843170166,15949.953125,E,2190.73095703125
169,190,745A6328,234,0.22732792794704437,57.837127685546875,26.603940963745117,32150.55859375,E,2176.831298828125
170,177,745A6328,235,0.1908690184354782,41.65620803833008,29.615882873535156,28695.84375,E,1828.810791015625
170,178,745A6328,236,0.08189353346824646,21.36492347717285,32.27547836303711,17479.806640625,E,1823.7645263671875
171,175,745A6328,237,0.08597525209188461,33.251285552978516,17.6933650970459,8175.591796875,E,1839.5330810546875
171,176,745A6328,238,0.021687988191843033,7.331283092498779,26.001317977905273,3892.786376953125,E,1837.1640625
172,221,745A6328,239,0.3996792733669281,90.90420532226562,30.292020797729492,65513.4296875,E,1769.9068603515625
173,174,745A6328,240,0.03439771384000778,20.736000061035156,17.361318588256836,4908.85546875,E,1923.380859375
173,198,745A6328,241,0.27399879693984985,44.24820327758789,21.51190757751465,16082.123046875,E,1908.846435546875
174,198,745A6328,242,0.3530343770980835,44.87712860107422,22.83941650390625,18385.900390625,E,1903.18359375
175,196,745A6328,243,0.20979264378547668,43.358768463134766,29.071056365966797,28779.845703125,E,1823.6300048828125
176,177,745A6328,244,0.2236309051513672,38.435279846191406,26.498708724975586,21196.75390625,E,1831.0084228515625
176,196,745A6328,245,0.1345243602991104,41.21148681640625,26.918399810791016,23453.443359375,E,1819.017333984375
177,226,745A6328,246,0.5298365354537964,129.44741821289062,27.567338943481445,77263.25,E,1772.204345703125
178,180,745A6328,247,0.11436831951141357,43.17456817626953,19.079153060913086,12343.4365234375,E,1813.15087890625
178,204,745A6328,248,0.32696518301963806,56.31876754760742,27.249971389770508,32845.44140625,E,1794.66015625
179,215,745A6328,249,2.340762138366699,176.1033935546875,26.946441650390625,100429.3046875,E,2370.168212890625
180,184,745A6328,250,0.06799138337373734,16.180923461914062,30.84649658203125,12092.1875,E,1803.6187744140625
181,185,745A6328,251,0.02124587818980217,5.184000015258789,31.246307373046875,3975.138671875,E,1858.9267578125
182,184,745A6328,252,0.015396312810480595,3.6656415462493896,30.860050201416016,2741.783203125,E,1801.0145263671875
182,191,745A6328,253,0.09124256670475006,32.361846923828125,29.500879287719727,22120.40625,E,1793.285400390625
183,190,745A6328,254,0.1406691074371338,31.2882080078125,29.9156551361084,21992.146484375,E,2169.84375
184,194,745A6328,255,0.07983789592981339,20.291284561157227,27.746259689331055,12268.9755859375,E,1791.0787353515625
185,197,745A6328,256,0.13194191455841064,27.17784881591797,28.78870964050293,17690.876953125,E,1844.2117919921875
185,209,745A6328,257,0.430234432220459,98.1591796875,28.293270111083984,61714.48828125,E,1842.4527587890625
186,218,745A6328,258,0.35471606254577637,63.46584701538086,23.618263244628906,27805.19140625,E,1759.3067626953125
186,221,745A6328,259,0.5107744932174683,95.38298034667969,22.66636848449707,38487.94140625,E,1757.073974609375
187,207,745A6328,260,0.6098738312721252,104.86155700683594,27.69339942932129,63162.4140625,E,2121.625732421875
187,239,745A6328,261,0.6310756802558899,146.88621520996094,30.500123977661133,107318.3828125,E,2042.0343017578125
188,191,745A6328,262,0.0619962252676487,14.033641815185547,30.09430503845215,9982.2607421875,E,1783.8096923828125
188,231,745A6328,263,0.6215189099311829,159.2172393798828,30.303300857543945,114831.1875,E,1737.1243896484375
189,195,745A6328,264,0.03745962679386139,8.849641799926758,30.732986450195312,6564.85498046875,E,1774.6363525390625
190,292,745A6328,265,1.090315580368042,270.44427490234375,31.59190559387207,211991.9375,E,2026.531494140625
191,201,745A6328,266,0.18751125037670135,22.438568115234375,21.379762649536133,8055.4677734375,E,1775.484619140625
192,208,745A6328,267,0.1693122386932373,41.65620803833008,31.366931915283203,32189.4609375,E,1786.7755126953125
193,294,745A6328,268,0.9628275036811829,214.1702423095703,29.93202018737793,150702.71875,E,2188.07470703125
194,201,745A6328,269,0.3570661246776581,28.69620704650879,14.805620193481445,4940.4619140625,E,1773.404541015625
194,204,745A6328,270,0.11677765846252441,29.769847869873047,24.04630470275879,13519.580078125,E,1776.6484375
195,218,745A6328,271,0.3304445147514343,64.72368621826172,25.456010818481445,32940.7734375,E,1748.6575927734375
195,220,745A6328,272,0.3312004506587982,73.57333374023438,29.825788497924805,51403.67578125,E,1745.5286865234375
196,293,745A6328,273,0.9003477692604065,223.57252502441406,31.5416316986084,174693.453125,E,1703.372314453125
197,211,745A6328,274,0.31327176094055176,63.65005111694336,25.231342315673828,31825.06640625,E,1811.755859375
197,248,745A6328,275,0.5712856650352478,122.82135009765625,29.31454086303711,82895.3046875,E,1778.310302734375
198,203,745A6328,276,0.04432370513677597,13.588926315307617,23.812515258789062,6051.81396484375,E,1883.289306640625
199,202,745A6328,277,0.39213529229164124,9.923283576965332,7.745506286621094,467.568115234375,E,1807.6668701171875
200,216,745A6328,278,0.501305103302002,124.3396987915039,31.61408042907715,97602.46875,E,1892.078369140625
201,235,745A6328,279,5.3751373291015625,116.48741912841797,16.227184295654297,24091.021484375,E,1720.974853515625
202,211,745A6328,280,0.20760370790958405,31.917129516601562,18.560752868652344,8635.8466796875,E,1798.0958251953125
202,219,745A6328,281,0.23378711938858032,34.32492446899414,19.28970718383789,10031.150390625,E,1789.0968017578125
203,210,745A6328,282,1.2366735935211182,279.3702087402344,30.496482849121094,204065.4375,E,1868.012451171875
203,216,745A6328,283,0.08271384984254837,26.54892349243164,27.075387954711914,15285.73046875,E,1867.7452392578125
204,226,745A6328,284,0.20882120728492737,47.28491973876953,30.07736587524414,33596.35546875,E,1747.9285888671875
205,225,745A6328,285,0.22015909850597382,54.35569381713867,31.465145111083984,42266.31640625,E,1924.8917236328125
206,217,745A6328,286,0.6704138517379761,167.33006286621094,31.633563995361328,131510.40625,E,1927.0780029296875
207,213,745A6328,287,0.07193849980831146,13.588926315307617,27.521957397460938,8084.13720703125,E,2126.215087890625
207,214,745A6328,288,0.36431750655174255,63.65005111694336,22.557828903198242,25438.015625,E,2142.2802734375
208,223,745A6328,289,1.8025622367858887,63.02112579345703,11.04903507232666,6042.6123046875,E,1762.842529296875
208,227,745A6328,290,0.1564243733882904,34.95384979248047,29.911340713500977,24561.599609375,E,1753.0262451171875
209,234,745A6328,291,0.24668565392494202,59.800209045410156,31.107698440551758,45449.421875,E,1808.835693359375
210,245,745A6328,292,0.3627829849720001,92.79097747802734,31.976194381713867,74515.9375,E,1751.8931884765625
211,219,745A6328,293,0.13584020733833313,25.03056526184082,27.295625686645508,14646.9326171875,E,1780.02880859375
212,224,745A6328,294,0.0955420583486557,28.69620704650879,16.975059509277344,6494.36962890625,E,1980.1309814453125
212,228,745A6328,295,0.14077350497245789,32.36184310913086,30.386924743652344,23469.109375,E,1984.2071533203125
213,214,745A6328,296,0.06722433865070343,14.033641815185547,28.92536735534668,9221.849609375,E,2128.493408203125
214,240,745A6328,297,0.3512660562992096,76.79425048828125,29.71143913269043,53243.421875,E,2118.850341796875
215,261,745A6328,298,0.7232093811035156,188.5423583984375,32.29467010498047,154440.25,E,2219.755615234375
216,230,745A6328,299,0.19343656301498413,36.91692352294922,27.62186622619629,22121.849609375,E,1840.4739990234375
217,224,745A6328,300,0.34029287099838257,71.87076568603516,29.31338119506836,48503.59765625,E,1962.335693359375
217,249,745A6328,301,0.43082621693611145,98.7881088256836,28.135908126831055,61420.93359375,E,1905.5906982421875
218,262,745A6328,302,0.47490155696868896,105.56678009033203,29.955923080444336,74401.6484375,E,1683.3944091796875
219,236,745A6328,303,0.40020260214805603,80.90460968017578,28.476816177368164,51528.32421875,E,1746.850830078125
220,229,745A6328,304,0.11895521730184555,34.509132385253906,25.577789306640625,17731.68359375,E,1712.043701171875
220,255,745A6328,305,0.5070655345916748,106.1194076538086,28.06112289428711,65628.8515625,E,1686.356201171875
221,287,745A6328,306,0.6244869828224182,143.5573272705078,30.33586883544922,103759.5625,E,1663.6673583984375
222,294,745A6328,307,0.7893020510673523,190.6896514892578,29.91761016845703,134051.234375,E,2209.292724609375
223,227,745A6328,308,0.30913254618644714,26.54892349243164,16.022964477539062,5353.3115234375,E,1738.9144287109375
223,270,745A6328,309,0.8382101655006409,130.7052764892578,24.411558151245117,61175.0078125,E,1688.22119140625
224,228,745A6328,310,0.08691640198230743,26.548925399780273,27.59040069580078,15872.775390625,E,1968.752685546875
225,238,745A6328,311,0.26507240533828735,66.8709716796875,31.733247756958008,52887.9296875,E,1873.3001708984375
225,259,745A6328,312,0.7677217721939087,114.34013366699219,28.142900466918945,71125.65625,E,1875.357666015625
226,233,745A6328,313,0.12259116768836975,21.809640884399414,26.6699275970459,12183.7802734375,E,1715.96826171875
227,247,745A6328,314,0.29087287187576294,56.13456726074219,28.01102066040039,34592.1953125,E,1711.2896728515625
228,237,745A6328,315,0.18409276008605957,44.432411193847656,31.067697525024414,33682.77734375,E,1965.069091796875
229,231,745A6328,316,0.026628263294696808,6.257641315460205,30.636423110961914,4612.927734375,E,1700.721435546875
230,263,745A6328,317,0.46438246965408325,75.98112487792969,21.173681259155273,26753.9765625,E,1793.957275390625
230,282,745A6328,318,0.6330307722091675,133.74200439453125,29.319473266601562,90296.3203125,E,1764.386474609375
231,299,745A6328,319,0.6478323340415955,154.92266845703125,30.979990005493164,116779.7109375,E,1634.3612060546875
232,240,745A6328,320,0.12394891679286957,37.10112762451172,25.905481338500977,19555.111328125,E,2124.639404296875
233,241,745A6328,321,0.13225390017032623,20.291284561157227,24.91115379333496,9889.791015625,E,1696.3175048828125
233,246,745A6328,322,1.1557022333145142,92.16205596923828,16.166303634643555,18917.48828125,E,1696.1378173828125
234,265,745A6328,323,0.7589511871337891,81.60984802246094,21.7362060546875,30283.072265625,E,1758.3349609375
234,266,745A6328,324,0.25458094477653503,59.80020523071289,30.67523765563965,44194.51953125,E,1761.3106689453125
236,243,745A6328,325,0.1413377821445465,29.769847869873047,29.01413917541504,19682.75390625,E,1710.560791015625
236,251,745A6328,326,0.2614501416683197,50.69004821777344,20.747295379638672,17137.029296875,E,1708.18310546875
237,239,745A6328,327,0.5101683735847473,37.36164093017578,11.420047760009766,3826.9404296875,E,1964.16845703125
237,252,745A6328,328,0.1267389953136444,27.6225643157959,29.577260971069336,18978.845703125,E,1946.6837158203125
238,242,745A6328,329,0.11605441570281982,25.030563354492188,29.34889793395996,16933.3984375,E,1839.430419921875
238,253,745A6328,330,0.1746981143951416,27.6225643157959,21.645015716552734,10164.1181640625,E,1833.311279296875
239,250,745A6328,331,0.17100128531455994,22.438568115234375,23.935340881347656,10096.3466796875,E,1964.1300048828125
240,354,745A6328,332,1.0067111253738403,242.1612091064453,30.98598861694336,182610.265625,E,2020.93505859375
241,246,745A6328,333,0.14682038128376007,20.920207977294922,19.5162353515625,6258.17919921875,E,1681.8123779296875
241,341,745A6328,334,0.9844709038734436,223.75669860839844,30.540706634521484,163917.03125,E,1590.8848876953125
242,253,745A6328,335,0.06010349094867706,24.585847854614258,22.003202438354492,9348.6064453125,E,1825.38330078125
242,263,745A6328,336,0.4948808252811432,103.78791046142578,29.27674674987793,69868.640625,E,1796.249755859375
243,247,745A6328,337,0.16879263520240784,36.91692352294922,23.409317016601562,15888.86328125,E,1690.78466796875
243,275,745A6328,338,0.2925845682621002,65.61312866210938,21.77749252319336,24439.728515625,E,1672.297607421875
244,245,745A6328,339,0.5700428485870361,44.248207092285156,16.592864990234375,9568.158203125,E,1714.2332763671875
245,321,745A6328,340,0.566094696521759,149.63076782226562,32.53703689575195,124413.296875,E,1640.170166015625
246,293,745A6328,341,0.4392712712287903,98.60391235351562,27.28432846069336,57651.4921875,E,1639.0771484375
247,271,745A6328,342,0.19372327625751495,45.766563415527344,30.746442794799805,33980.359375,E,1663.5625
248,254,745A6328,343,0.25705596804618835,30.659282684326172,18.799625396728516,8510.4052734375,E,1716.229736328125
248,256,745A6328,344,0.08498971164226532,19.217641830444336,30.072284698486328,13649.69140625,E,1712.3240966796875
250,252,745A6328,345,0.07255890965461731,21.809640884399414,11.953693389892578,2447.6123046875,E,1946.9500732421875
250,268,745A6328,346,0.1263127624988556,32.80656433105469,24.456283569335938,15411.025390625,E,1940.9298095703125
251,257,745A6328,347,0.0846840962767601,19.846567153930664,21.838871002197266,7434.2236328125,E,1690.7103271484375
251,258,745A6328,348,0.14550438523292542,30.214563369750977,21.203577041625977,10669.0185546875,E,1697.231201171875
252,268,745A6328,349,0.16207380592823029,37.54584884643555,30.459712982177734,27359.203125,E,1928.9342041015625
253,296,745A6328,350,0.4074212312698364,91.27261352539062,27.12282371520996,52735.1484375,E,1777.2640380859375
254,256,745A6328,351,0.2788609266281128,27.622568130493164,17.723859786987305,6815.0732421875,E,1703.660400390625
254,258,745A6328,352,0.11568126082420349,26.10420799255371,23.56856346130371,11388.5029296875,E,1697.89453125
255,262,745A6328,353,0.12813305854797363,40.137847900390625,27.35322380065918,23586.365234375,E,1640.5172119140625
255,298,745A6328,354,2.157015562057495,90.64370727539062,17.531484603881836,21880.888671875,E,1612.62158203125
256,312,745A6328,355,0.5138484835624695,121.30299377441406,30.915706634521484,91058.34375,E,1647.3692626953125
257,264,745A6328,356,0.18857571482658386,26.54892349243164,24.291614532470703,12304.091796875,E,1680.2864990234375
257,272,745A6328,357,0.14984631538391113,28.251487731933594,27.555387496948242,16847.841796875,E,1669.513671875
258,264,745A6328,358,0.049669038504362106,10.99692440032959,24.2733154296875,5088.84619140625,E,1684.475341796875
259,274,745A6328,359,0.22667023539543152,50.69004821777344,30.115482330322266,36107.06640625,E,1814.13818359375
259,280,745A6328,360,1.8690245151519775,43.174560546875,21.622024536132812,15852.96484375,E,1816.320068359375
260,267,745A6328,361,2.6401865482330322,36.027488708496094,5.9419965744018555,999.0532836914062,E,1828.237548828125
260,269,745A6328,362,2.698430299758911,17.254566192626953,5.045082092285156,344.9295654296875,E,1815.132080078125
261,273,745A6328,363,0.11353516578674316,26.10420799255371,30.455718994140625,19016.830078125,E,2122.874267578125
261,279,745A6328,364,0.8306148648262024,77.05476379394531,15.896328926086426,15292.66015625,E,2112.345947265625
262,289,745A6328,365,0.25535210967063904,56.134559631347656,29.655773162841797,38773.83203125,E,1609.9580078125
263,281,745A6328,366,0.16876642405986786,37.54584884643555,29.976499557495117,26498.033203125,E,1743.04248046875
264,290,745A6328,367,0.3903059661388397,55.689849853515625,24.632129669189453,26538.1015625,E,1654.92822265625
265,266,745A6328,368,0.13631725311279297,28.511999130249023,12.760093688964844,3646.072265625,E,1731.121826171875
265,366,745A6328,369,0.9892644882202148,221.42520141601562,30.116649627685547,157735.796875,E,1631.025390625
266,352,745A6328,370,0.6835815906524658,170.81149291992188,31.625890731811523,134181.453125,E,1663.11962890625
267,269,745A6328,371,1.8371882438659668,18.772924423217773,6.8916707038879395,700.2786254882812,E,1815.774169921875
267,364,745A6328,372,2.683640718460083,203.98646545410156,28.22610092163086,127641.828125,E,1762.1436767578125
268,420,745A6328,373,1.2863926887512207,325.7341613769531,31.846471786499023,259463.25,E,1829.2406005859375
270,276,745A6328,374,0.09921281784772873,17.699283599853516,26.770931243896484,9962.595703125,E,1627.2403564453125
271,288,745A6328,375,0.4086152911186218,52.20840835571289,17.015718460083008,11872.19140625,E,1636.3953857421875
271,314,745A6328,376,0.4805179238319397,100.56700134277344,29.051923751831055,66664.5859375,E,1597.732177734375
272,275,745A6328,377,0.09668424725532532,21.364927291870117,29.716516494750977,14817.9150390625,E,1651.230712890625
272,290,745A6328,378,0.2560062110424042,50.69004821777344,20.382776260375977,16540.142578125,E,1642.5576171875
273,279,745A6328,379,0.13590943813323975,28.69620704650879,29.02023696899414,18980.876953125,E,2096.48828125
274,280,745A6328,380,0.16102305054664612,45.32184600830078,27.72254180908203,27356.69140625,E,1791.9967041015625
274,296,745A6328,381,0.2807362973690033,63.2053337097168,30.263378143310547,45465.12890625,E,1764.872802734375
275,277,745A6328,382,0.03178999572992325,7.331283092498779,30.365365982055664,5309.17333984375,E,1643.058837890625
276,287,745A6328,383,0.16343438625335693,32.361846923828125,21.627105712890625,11888.306640625,E,1607.962646484375
276,318,745A6328,384,0.7732293009757996,99.49333190917969,20.034635543823242,31365.10546875,E,1579.945068359375
277,288,745A6328,385,0.08456544578075409,18.328208923339844,29.39971923828125,12442.1748046875,E,1632.3143310546875
277,326,745A6328,386,0.5396741032600403,105.7509765625,26.221128463745117,57105.38671875,E,1600.7371826171875
278,349,745A6328,387,9.325828552246094,206.6863555908203,13.638663291931152,30195.71484375,E,1543.88134765625
279,283,745A6328,388,0.03546672314405441,7.331283092498779,28.74578857421875,4757.93310546875,E,2081.169677734375
281,285,745A6328,389,0.04413054510951042,10.99692440032959,31.561412811279297,8603.4775390625,E,1724.407958984375
281,286,745A6328,390,0.10198481380939484,29.14092254638672,27.549257278442383,17370.525390625,E,1719.7347412109375
282,286,745A6328,391,0.17992356419563293,41.65620803833008,24.06595802307129,18948.548828125,E,1703.346435546875
282,343,745A6328,392,0.8024405241012573,211.60984802246094,32.48004913330078,175331.171875,E,1624.5771484375
283,284,745A6328,393,0.42989885807037354,40.137847900390625,16.763633728027344,8858.91015625,E,2069.91455078125
283,295,745A6328,394,0.12015289068222046,26.10420799255371,29.353410720825195,17665.16015625,E,2065.7216796875
284,295,745A6328,395,0.1941094696521759,25.659488677978516,13.81722354888916,3847.507080078125,E,2054.824951171875
284,297,745A6328,396,1.0470856428146362,199.5076904296875,29.535293579101562,136688.53125,E,1984.5521240234375
285,302,745A6328,397,0.19997435808181763,82.86768341064453,30.692333221435547,61310.5078125,E,1728.0623779296875
285,303,745A6328,398,0.1564485728740692,36.472206115722656,30.58012580871582,26787.392578125,E,1704.9794921875
286,303,745A6328,399,0.076179638504982,36.027488708496094,18.357460021972656,9535.6220703125,E,1699.333984375
287,316,745A6328,400,0.3949333131313324,75.53640747070312,28.27899169921875,47443.20703125,E,1569.720458984375
288,305,745A6328,401,0.23754213750362396,43.358768463134766,27.033763885498047,24887.419921875,E,1606.7110595703125
289,304,745A6328,402,0.1675749272108078,40.137847900390625,20.02108383178711,12636.27734375,E,1577.5748291015625
289,306,745A6328,403,0.1407889425754547,29.14092254638672,28.760576248168945,18931.64453125,E,1571.47705078125
290,312,745A6328,404,0.23425929248332977,58.9107666015625,26.909360885620117,33503.58984375,E,1608.12158203125
291,300,745A6328,405,0.08393657207489014,13.588924407958984,25.48495101928711,6931.74462890625,E,2082.82861328125
292,297,745A6328,406,0.22971530258655548,63.46584701538086,29.13204574584961,42303.07421875,E,1909.160400390625
292,381,745A6328,407,1.1003438234329224,283.8489990234375,32.18339157104492,230909.015625,E,1766.1787109375
293,320,745A6328,408,0.24547182023525238,63.46584701538086,32.15936279296875,51551.921875,E,1574.7525634765625
294,350,745A6328,409,0.5125758647918701,114.86114501953125,30.115596771240234,81817.453125,E,2081.660400390625
295,315,745A6328,410,0.5635858178138733,93.4198989868164,24.1171875,42675.890625,E,2012.983642578125
296,302,745A6328,411,0.08123841881752014,19.84656524658203,31.257923126220703,15229.84375,E,1731.108642578125
297,332,745A6328,412,0.3559727072715759,81.16513061523438,26.556310653686523,44956.7421875,E,1897.5869140625
298,299,745A6328,413,0.029131080955266953,11.441641807556152,29.36244773864746,7747.52001953125,E,1571.693603515625
298,327,745A6328,414,0.8806825876235962,85.01497650146484,16.407976150512695,17976.095703125,E,1546.7733154296875
299,333,745A6328,415,0.36085009574890137,81.7940444946289,30.147790908813477,58387.859375,E,1536.239990234375
300,301,745A6328,416,0.1689833104610443,25.47528076171875,22.16777229309082,9832.2509765625,E,2067.55126953125
300,310,745A6328,417,0.09673566371202469,32.80656433105469,26.402101516723633,17960.880859375,E,2066.202392578125
301,310,745A6328,418,0.16685882210731506,32.361846923828125,27.96588134765625,19878.34375,E,2052.2216796875
302,370,745A6328,419,0.5703178644180298,150.2596893310547,32.471717834472656,124435.1015625,E,1655.393310546875
303,400,745A6328,420,0.7806469798088074,195.3973388671875,31.715885162353516,154369.75,E,1602.9068603515625
304,306,745A6328,421,0.1301645189523697,28.067283630371094,21.73552894592285,10414.314453125,E,1560.9595947265625
304,307,745A6328,422,0.02511666528880596,7.331283092498779,24.16150665283203,3361.382080078125,E,1563.61376953125
305,314,745A6328,423,0.2787829339504242,42.9140510559082,21.071434020996094,14965.0302734375,E,1571.335205078125
305,331,745A6328,424,0.5361491441726685,84.75445556640625,24.077417373657227,38589.7734375,E,1568.34765625
306,317,745A6328,425,0.21034018695354462,40.137847900390625,27.681398391723633,24155.720703125,E,1542.4847412109375
307,317,745A6328,426,0.21295341849327087,38.61948776245117,21.58729362487793,14134.90234375,E,1544.99951171875
307,323,745A6328,427,0.33446750044822693,69.46297454833984,25.217365264892578,34693.06640625,E,1542.3128662109375
308,353,745A6328,428,0.5446134209632874,106.82463073730469,28.70004653930664,69107.703125,E,1765.00244140625
309,339,745A6328,429,0.42505964636802673,84.12554168701172,28.493236541748047,53641.55078125,E,2148.84326171875
310,359,745A6328,430,0.41612708568573,99.04863739013672,28.318145751953125,62383.25,E,2032.130126953125
311,332,745A6328,431,0.4222223460674286,92.79097747802734,29.895383834838867,65133.421875,E,1911.6436767578125
312,348,745A6328,432,0.2855548858642578,71.87076568603516,31.69029998779297,56688.484375,E,1558.90380859375
313,314,745A6328,433,0.010872511193156242,2.5920000076293945,30.880374908447266,1941.2880859375,E,1555.1859130859375
313,330,745A6328,434,0.1406581848859787,31.2882080078125,29.869447708129883,21924.259765625,E,1541.0299072265625
314,347,745A6328,435,0.6769894957542419,110.67449188232422,24.936058044433594,54049.66796875,E,1537.9083251953125
315,363,745A6328,436,1.004630208015442,250.56614685058594,31.679513931274414,197501.0,E,2020.6610107421875
315,386,745A6328,437,0.7096526026725769,188.28184509277344,32.595069885253906,157109.390625,E,1882.2406005859375
316,318,745A6328,438,0.24430988729000092,34.32492446899414,19.211294174194336,9949.7626953125,E,1540.45556640625
316,323,745A6328,439,0.04381900653243065,9.923282623291016,30.0875301361084,7055.34619140625,E,1535.0775146484375
317,329,745A6328,440,0.11481253802776337,20.291284561157227,26.560375213623047,11242.62890625,E,1520.0462646484375
318,330,745A6328,441,0.19639261066913605,33.435489654541016,19.02494239807129,9504.828125,E,1533.293212890625
319,322,745A6328,442,0.23418393731117249,44.87712860107422,27.75506591796875,27151.8515625,E,1563.2105712890625
319,324,745A6328,443,0.2920360267162323,42.7298469543457,21.88923454284668,16079.8642578125,E,1549.6474609375
320,322,745A6328,444,0.2806282341480255,44.692928314208984,18.49395751953125,12005.7255859375,E,1546.6905517578125
320,325,745A6328,445,0.04095090925693512,10.99692440032959,32.75576400756836,9266.9453125,E,1541.6002197265625
321,336,745A6328,446,0.1737751066684723,26.548925399780273,25.52764129638672,13588.0830078125,E,1559.277587890625
321,338,745A6328,447,0.22690197825431824,36.027488708496094,20.50221061706543,11893.9267578125,E,1555.468994140625
322,324,745A6328,448,0.02632060833275318,3.6656415462493896,23.602447509765625,1603.813720703125,E,1550.477294921875
323,372,745A6328,449,0.5979171991348267,104.04841613769531,26.87273597717285,59013.1953125,E,1486.5894775390625
324,340,745A6328,450,0.7205568552017212,58.9107666015625,19.302778244018555,17239.482421875,E,1527.419189453125
325,328,745A6328,451,0.22573766112327576,56.134559631347656,28.290409088134766,35285.69140625,E,1532.5130615234375
325,340,745A6328,452,0.09523328393697739,25.47528076171875,32.714088439941406,21413.048828125,E,1526.06298828125
326,331,745A6328,453,0.1869378387928009,16.180925369262695,17.914278030395508,4078.419189453125,E,1554.786865234375
326,335,745A6328,454,0.15828509628772736,18.772924423217773,22.06321907043457,7177.27490234375,E,1552.95556640625
327,333,745A6328,455,0.3939216136932373,35.39856719970703,15.38065242767334,6576.95849609375,E,1507.208984375
327,337,745A6328,456,0.19095483422279358,29.769847869873047,19.512847900390625,8902.4150390625,E,1505.4840087890625
328,341,745A6328,457,0.3756808936595917,96.90133666992188,29.465600967407227,66076.9921875,E,1507.8433837890625
328,362,745A6328,458,0.2639230489730835,63.02112579345703,27.366975784301758,37070.60546875,E,1497.04248046875
329,337,745A6328,459,0.08399921655654907,19.846567153930664,25.391437530517578,10049.625,E,1505.6712646484375
329,346,745A6328,460,0.220453143119812,40.137847900390625,26.927759170532227,22858.322265625,E,1497.564453125
330,377,745A6328,461,0.44362547993659973,100.82748413085938,30.149616241455078,71983.40625,E,1480.6553955078125
331,335,745A6328,462,0.23468944430351257,20.291284561157227,10.611953735351562,1794.69287109375,E,1545.01171875
332,393,745A6328,463,0.6513142585754395,160.47508239746094,31.528379440307617,125285.4921875,E,1796.6932373046875
333,368,745A6328,464,0.3911835849285126,88.68061065673828,30.105056762695312,63124.42578125,E,1466.4276123046875
334,410,745A6328,465,1.9057402610778809,191.76327514648438,26.531633377075195,106018.8984375,E,1529.986328125
335,348,745A6328,466,0.1127624586224556,29.769847869873047,26.065696716308594,15885.6572265625,E,1536.2041015625
336,342,745A6328,467,0.06848345696926117,10.99692440032959,20.688566207885742,3696.765869140625,E,1543.180908203125
336,343,745A6328,468,0.23086197674274445,31.2882080078125,17.052988052368164,7146.140625,E,1543.6328125
337,345,745A6328,469,0.09106914699077606,14.033641815185547,24.737504959106445,6744.84619140625,E,1493.237548828125
338,342,745A6328,470,0.0769512802362442,12.51528263092041,21.539012908935547,4560.181640625,E,1539.6312255859375
338,367,745A6328,471,0.6940038800239563,155.99630737304688,29.309467315673828,105249.5,E,1485.00634765625
339,350,745A6328,472,0.4005725085735321,98.4197006225586,28.56137466430664,63056.54296875,E,2072.41943359375
339,360,745A6328,473,3.322895050048828,123.8949966430664,25.56553840637207,63599.47265625,E,2132.84423828125
340,344,745A6328,474,0.0368991419672966,9.923283576965332,32.786258697509766,8377.7802734375,E,1510.7568359375
341,349,745A6328,475,0.15121154487133026,38.61948776245117,31.95314598083496,30968.74609375,E,1484.8485107421875
342,357,745A6328,476,0.14391173422336578,32.80656433105469,22.606306076049805,13167.697265625,E,1525.882568359375
343,357,745A6328,477,0.17463725805282593,36.027488708496094,29.055810928344727,23888.556640625,E,1526.5611572265625
344,362,745A6328,478,0.7711257934570312,61.50277328491211,16.461280822753906,13089.1611328125,E,1490.805908203125
344,367,745A6328,479,0.25934627652168274,58.2818489074707,30.187238693237305,41712.86328125,E,1480.2401123046875
345,346,745A6328,480,0.0589187890291214,29.140928268432617,20.66823387145996,9776.8740234375,E,1481.988525390625
345,368,745A6328,481,0.4797463119029999,62.576412200927734,21.181976318359375,22051.263671875,E,1460.642822265625
346,365,745A6328,482,0.16912959516048431,34.32492446899414,28.484636306762695,21873.62890625,E,1466.09130859375
347,358,745A6328,483,0.19529399275779724,29.769847869873047,21.793128967285156,11104.669921875,E,1510.98876953125
347,377,745A6328,484,1.1262763738632202,138.29705810546875,20.719158172607422,46628.02734375,E,1463.9918212890625
348,358,745A6328,485,0.08205417543649673,21.99384880065918,32.7158317565918,18488.73046875,E,1517.059814453125
349,406,745A6328,486,1.469273328781128,276.40985107421875,28.23504066467285,173069.375,E,1407.443603515625
350,359,745A6328,487,0.10075010359287262,20.920207977294922,28.99555015563965,13813.9736328125,E,2026.0531005859375
351,370,745A6328,488,0.6222561001777649,153.66482543945312,31.545774459838867,120101.03125,E,1642.7938232421875
352,373,745A6328,489,0.20902104675769806,49.87691879272461,30.927457809448242,37469.50390625,E,1567.30322265625
352,380,745A6328,490,0.7716579437255859,118.45047760009766,25.69338607788086,61414.28125,E,1540.656494140625
353,364,745A6328,491,0.040933363139629364,29.769847869873047,26.80094337463379,16794.484375,E,1704.136474609375
353,425,745A6328,492,1.2928047180175781,216.94647216796875,28.9744930267334,143045.484375,E,1694.6103515625
354,355,745A6328,493,2.7626466751098633,50.24533462524414,6.9187774658203125,1889.053955078125,E,1906.780029296875
354,356,745A6328,494,0.01479578111320734,3.6656415462493896,31.48009490966797,2853.066650390625,E,1906.4375
355,356,745A6328,495,0.010723741725087166,2.5920000076293945,31.09383773803711,1968.219482421875,E,1903.7818603515625
355,420,745A6328,496,0.749493420124054,179.8769073486328,29.502737045288086,122967.375,E,1815.5567626953125
357,384,745A6328,497,0.2779112160205841,66.24205017089844,30.85912322998047,49543.97265625,E,1482.8214111328125
358,361,745A6328,498,0.01028213370591402,2.5920000076293945,31.75454330444336,2052.752685546875,E,1506.311767578125
359,453,745A6328,499,1.0413880348205566,228.8644256591797,29.800264358520508,159627.75,E,1915.4012451171875
361,387,745A6328,500,0.23655740916728973,67.76040649414062,29.049531936645508,44910.1171875,E,1481.09375
361,390,745A6328,501,0.3668164014816284,87.79117584228516,24.928638458251953,42848.72265625,E,1469.3907470703125
362,385,745A6328,502,0.35008111596107483,87.79119110107422,31.690540313720703,69246.8671875,E,1439.75
363,419,745A6328,503,0.63338303565979,161.10400390625,31.89381980895996,128709.109375,E,2059.6025390625
363,457,745A6328,504,0.9642744064331055,213.12818908691406,29.739595413208008,148047.4375,E,1964.3724365234375
364,468,745A6328,505,0.7106660008430481,177.25331115722656,31.623672485351562,139222.3125,E,1617.1121826171875
365,371,745A6328,506,0.8334212899208069,63.2053337097168,16.301477432250977,13191.6015625,E,1452.3592529296875
365,379,745A6328,507,0.7381042838096619,125.15286254882812,27.036632537841797,71851.5,E,1414.483642578125
366,378,745A6328,508,0.2551185190677643,40.137847900390625,25.873533248901367,21103.546875,E,1509.804443359375
366,380,745A6328,509,0.16481296718120575,37.54584884643555,16.100894927978516,7644.548828125,E,1513.772705078125
367,401,745A6328,510,0.24889950454235077,64.09477233886719,32.18238067626953,52137.328125,E,1424.26416015625
368,406,745A6328,511,0.35428184270858765,77.68368530273438,29.641843795776367,53608.06640625,E,1402.98876953125
369,422,745A6328,512,0.7044336199760437,156.18052673339844,29.98164939880371,110262.4921875,E,2146.036376953125
370,375,745A6328,513,0.052871618419885635,16.180923461914062,30.762466430664062,12026.3955078125,E,1582.302001953125
371,372,745A6328,514,0.09189026057720184,12.960000038146973,15.0166597366333,2295.311279296875,E,1439.6900634765625
371,379,745A6328,515,0.1348300278186798,17.699283599853516,16.314353942871094,3699.8603515625,E,1431.3438720703125
372,382,745A6328,516,0.1037641167640686,21.36492347717285,22.11840057373047,8209.1591796875,E,1431.719482421875
373,416,745A6328,517,0.549723744392395,128.5579833984375,29.238481521606445,86317.4453125,E,1535.1610107421875
373,518,745A6328,518,0.9034244418144226,229.0170135498047,31.884492874145508,182859.140625,E,1439.99072265625
374,401,745A6328,519,1.676668643951416,140.07589721679688,21.241756439208984,49640.2734375,E,1415.07470703125
375,400,745A6328,520,0.22896429896354675,85.45968627929688,30.103073120117188,60823.69921875,E,1542.632568359375
375,430,745A6328,521,0.37860363721847534,109.8613510131836,30.98329734802246,82830.4609375,E,1540.19970703125
376,462,745A6328,522,0.8903562426567078,153.84902954101562,26.661211013793945,85890.3515625,E,1459.7008056640625
377,383,745A6328,523,0.032428253442049026,7.331283092498779,30.0739803314209,5207.7685546875,E,1430.9447021484375
378,380,745A6328,524,0.06593456864356995,37.36164093017578,22.092987060546875,14322.693359375,E,1495.4951171875
378,387,745A6328,525,0.35503560304641724,90.01478576660156,31.882234573364258,71862.3203125,E,1469.9600830078125
379,382,745A6328,526,0.03580658882856369,6.257641315460205,26.435012817382812,3434.46875,E,1422.759765625
380,481,745A6328,527,0.7993336915969849,190.95013427734375,29.820659637451172,133365.75,E,1414.379150390625
381,394,745A6328,528,0.3024618923664093,62.392208099365234,25.526966094970703,31931.44921875,E,1649.00341796875
381,402,745A6328,529,0.2481459677219391,65.79733276367188,32.57062530517578,54821.42578125,E,1614.6141357421875
382,383,745A6328,530,0.22964753210544586,38.43528366088867,26.464832305908203,21142.59375,E,1424.187744140625
383,412,745A6328,531,0.23396973311901093,61.947486877441406,23.70578956604004,27341.505859375,E,1400.37060546875
384,413,745A6328,532,0.224141925573349,62.392208099365234,26.160823822021484,33536.9140625,E,1431.723876953125
384,434,745A6328,533,0.598270833492279,116.48741149902344,28.069835662841797,72085.6171875,E,1401.55712890625
385,404,745A6328,534,0.2570856213569641,86.53333282470703,29.023624420166016,57250.1484375,E,1394.88525390625
385,408,745A6328,535,0.49959510564804077,133.81825256347656,32.7360954284668,112631.28125,E,1381.931640625
386,388,745A6328,536,0.013158733025193214,3.6656415462493896,33.38089370727539,3208.0107421875,E,1789.0255126953125
386,396,745A6328,537,0.4872247576713562,47.913848876953125,19.407196044921875,14173.48046875,E,1799.9940185546875
387,391,745A6328,538,0.013452044688165188,3.6656415462493896,33.01496505737305,3138.062255859375,E,1453.8846435546875
388,392,745A6328,539,0.022611266002058983,6.257641315460205,33.27924728393555,5443.115234375,E,1785.9906005859375
389,393,745A6328,540,0.5183089375495911,107.71405792236328,27.429306030273438,63649.046875,E,1752.445556640625
390,398,745A6328,541,0.18581335246562958,36.916927337646484,28.250621795654297,23140.43359375,E,1431.3753662109375
390,407,745A6328,542,0.2845872640609741,66.2420425415039,30.481182098388672,48337.83984375,E,1415.5101318359375
391,398,745A6328,543,0.15521547198295593,46.840206146240234,28.536951065063477,29958.759765625,E,1445.9241943359375
391,481,745A6328,544,0.6056773662567139,144.00205993652344,30.946056365966797,108310.15625,E,1392.250732421875
392,403,745A6328,545,0.2827742099761963,50.69004821777344,24.034446716308594,22997.51171875,E,1785.9000244140625
392,427,745A6328,546,0.4568740725517273,110.67447662353516,31.29335594177246,85121.9609375,E,1733.566162109375
393,395,745A6328,547,0.015096491202712059,3.6656415462493896,31.164989471435547,2796.236083984375,E,1722.064697265625
394,397,745A6328,548,0.3389606475830078,87.23857116699219,32.078575134277344,70506.40625,E,1682.8443603515625
394,409,745A6328,549,0.28632885217666626,68.83405303955078,23.10984992980957,28872.70703125,E,1631.9644775390625
395,397,745A6328,550,0.11795684695243835,29.14092445373535,31.431116104125977,22610.638671875,E,1713.831298828125
395,405,745A6328,551,0.30816084146499634,29.58563995361328,17.363859176635742,7005.890625,E,1708.536865234375
396,399,745A6328,552,0.5111730694770813,112.2691421508789,30.232810974121094,80594.859375,E,1841.886962890625
396,403,745A6328,553,0.11431510001420975,20.291284561157227,13.532611846923828,2918.52001953125,E,1801.0347900390625
397,405,745A6328,554,0.406984806060791,36.47220993041992,15.043766975402832,6482.837890625,E,1696.425048828125
398,443,745A6328,555,0.40590253472328186,90.0147705078125,28.330917358398438,56744.6484375,E,1396.3724365234375
400,483,745A6328,556,0.5866563320159912,149.73867797851562,31.956144332885742,120097.125,E,1447.291748046875
401,404,745A6328,557,0.0358751080930233,9.923283576965332,33.25383758544922,8618.443359375,E,1391.7169189453125
402,417,745A6328,558,0.2542412281036377,58.4660530090332,23.78134536743164,25969.671875,E,1581.981201171875
402,426,745A6328,559,0.3249078094959259,78.31261444091797,31.208898544311523,59907.12890625,E,1552.6278076171875
403,429,745A6328,560,0.6696131825447083,100.56697845458984,24.594402313232422,47776.88671875,E,1800.93359375
404,459,745A6328,561,0.36252546310424805,91.27262115478516,31.780967712402344,72404.34375,E,1347.150634765625
406,467,745A6328,562,1.032440185546875,112.19284057617188,22.6876220703125,45355.8203125,E,1330.9423828125
407,412,745A6328,563,0.12214310467243195,36.47220993041992,27.494400024414062,21654.115234375,E,1381.197021484375
407,497,745A6328,564,0.67692631483078,145.444091796875,29.825368881225586,101614.953125,E,1338.8953857421875
408,414,745A6328,565,0.27235904335975647,71.2418441772461,32.32923889160156,58481.16015625,E,1358.9608154296875
408,475,745A6328,566,0.7667335271835327,159.66195678710938,28.696731567382812,103265.7265625,E,1313.4832763671875
409,417,745A6328,567,0.09219270199537277,21.99384880065918,30.8948974609375,16487.873046875,E,1593.0101318359375
409,452,745A6328,568,0.4822339713573456,92.53047180175781,27.817167282104492,56234.19140625,E,1599.6029052734375
410,445,745A6328,569,0.4386774003505707,108.52719116210938,31.518714904785156,84677.0,E,1403.54541015625
410,462,745A6328,570,0.5650020241737366,76.61004638671875,22.746070861816406,31130.6640625,E,1417.469482421875
411,459,745A6328,571,1.590318202972412,136.7786865234375,18.649215698242188,37361.9453125,E,1334.3243408203125
412,460,745A6328,572,0.34505897760391235,68.20513153076172,28.203672409057617,42610.66015625,E,1342.97314453125
413,424,745A6328,573,0.15664449334144592,30.214567184448242,27.82172393798828,18368.52734375,E,1392.5059814453125
413,433,745A6328,574,0.13015209138393402,43.803489685058594,29.103588104248047,29140.142578125,E,1390.0701904296875
414,463,745A6328,575,0.8171035647392273,142.85211181640625,25.3865966796875,72307.859375,E,1334.2783203125
414,478,745A6328,576,0.39077118039131165,90.0147705078125,30.595766067504883,66179.9296875,E,1310.525390625
415,502,745A6328,577,6.4720659255981445,157.7751922607422,17.398658752441406,37511.12890625,E,2045.9100341796875
416,431,745A6328,578,0.2075214684009552,50.69004821777344,31.215810775756836,38793.75390625,E,1517.5137939453125
416,438,745A6328,579,0.31115514039993286,69.9076919555664,23.12392234802246,29358.76953125,E,1490.00146484375
417,423,745A6328,580,0.062008269131183624,15.107283592224121,31.20564842224121,11554.2744140625,E,1575.1964111328125
418,440,745A6328,581,8.347051620483398,298.5563049316406,26.50296974182129,164704.40625,E,2162.37841796875
419,422,745A6328,582,0.029320741072297096,23.956924438476562,22.362354278564453,9409.271484375,E,2067.291748046875
419,447,745A6328,583,0.2032417207956314,40.137847900390625,22.59952735900879,16100.6240234375,E,2049.188232421875
420,542,745A6328,584,0.7915133237838745,178.3269805908203,30.231740951538086,128006.8671875,E,1657.89453125
421,521,745A6328,585,1.5892884731292725,140.96533203125,22.635175704956055,56724.40625,E,1648.6077880859375
422,440,745A6328,586,0.07273583114147186,20.736000061035156,23.887060165405273,9292.6640625,E,2065.24658203125
423,436,745A6328,587,0.10973973572254181,27.17784881591797,31.515106201171875,21200.32421875,E,1555.79931640625
423,461,745A6328,588,0.35990387201309204,51.57948684692383,18.41844940185547,13742.7314453125,E,1561.927490234375
424,437,745A6328,589,0.14683300256729126,21.99384880065918,24.854156494140625,10670.607421875,E,1373.98291015625
424,442,745A6328,590,0.13916219770908356,36.027488708496094,16.802261352539062,7988.3916015625,E,1367.7911376953125
425,444,745A6328,591,0.05440956726670265,28.251487731933594,16.416000366210938,5979.5146484375,E,1609.7889404296875
425,455,745A6328,592,0.08707091212272644,31.73292350769043,28.774831771850586,20636.00390625,E,1596.7933349609375
426,430,745A6328,593,0.057684317231178284,15.107283592224121,32.344093322753906,12412.69921875,E,1511.0555419921875
426,436,745A6328,594,0.4414930045604706,78.57312774658203,24.898746490478516,38257.703125,E,1529.02099609375
427,441,745A6328,595,0.26628577709198,73.38912200927734,30.392471313476562,53241.91015625,E,1701.6456298828125
427,469,745A6328,596,0.27063462138175964,70.53661346435547,32.34502029418945,57958.796875,E,1652.565185546875
428,438,745A6328,597,0.04772835969924927,10.99692440032959,30.326398849487305,7943.333984375,E,1466.9637451171875
429,451,745A6328,598,0.13515864312648773,26.10420799255371,22.274261474609375,10172.015625,E,1793.9091796875
429,464,745A6328,599,0.20089875161647797,32.80656433105469,25.58287239074707,16863.55859375,E,1777.677490234375
430,552,745A6328,600,0.6789119243621826,184.32411193847656,32.9639778137207,157308.15625,E,1421.256591796875
431,446,745A6328,601,0.11826061457395554,30.214563369750977,31.867273330688477,24098.833984375,E,1514.6348876953125
431,486,745A6328,602,0.4249999523162842,113.26647186279297,30.850521087646484,84667.40625,E,1461.5760498046875
432,435,745A6328,603,0.22625425457954407,34.32492446899414,25.017688751220703,16873.060546875,E,1901.032958984375
432,439,745A6328,604,0.15956462919712067,7.331283092498779,14.657505989074707,1237.0579833984375,E,1912.3731689453125
432,450,745A6328,605,0.3432462215423584,30.843490600585938,17.1648006439209,7137.25,E,1916.4344482421875
433,437,745A6328,606,0.028989247977733612,6.257641315460205,29.315011978149414,4223.57958984375,E,1370.278076171875
433,445,745A6328,607,0.03182826563715935,10.99692440032959,30.317930221557617,7938.89794921875,E,1370.0931396484375
434,442,745A6328,608,0.3183063864707947,38.43528366088867,18.471303939819336,10299.474609375,E,1350.6016845703125
434,494,745A6328,609,0.46261852979660034,110.85868835449219,31.052867889404297,83958.1796875,E,1305.519287109375
435,449,745A6328,610,0.17448793351650238,30.214567184448242,26.276689529418945,16385.04296875,E,1874.63671875
435,456,745A6328,611,0.8912898302078247,93.86461639404297,18.133832931518555,24242.14453125,E,1873.0577392578125
436,458,745A6328,612,0.08178591728210449,20.291284561157227,31.525833129882812,15839.17578125,E,1536.8983154296875
437,474,745A6328,613,0.1515781730413437,44.87712860107422,20.024471282958984,14133.087890625,E,1349.2440185546875
438,486,745A6328,614,0.1820545643568039,55.50564193725586,29.344234466552734,37538.125,E,1441.23583984375
439,450,745A6328,615,0.07298049330711365,10.99692440032959,24.4816951751709,5176.59375,E,1912.65185546875
440,447,745A6328,616,0.1052832379937172,25.030563354492188,30.82390594482422,18678.234375,E,2047.1544189453125
441,465,745A6328,617,0.25290048122406006,64.09477233886719,31.864503860473633,51112.46484375,E,1728.5111083984375
441,466,745A6328,618,0.11894989013671875,26.548925399780273,25.0255069732666,13058.779296875,E,1705.44140625
442,561,745A6328,619,1.2405269145965576,227.60655212402344,27.98930549621582,140042.203125,E,1253.2711181640625
443,471,745A6328,620,0.2164805829524994,38.61948776245117,26.966182708740234,22056.435546875,E,1341.559326171875
443,472,745A6328,621,0.11652122437953949,31.73292350769043,25.701459884643555,16463.25,E,1344.2523193359375
444,455,745A6328,622,0.12122993916273117,27.622568130493164,30.303020477294922,19921.671875,E,1595.6903076171875
444,521,745A6328,623,0.7895193099975586,174.32452392578125,29.753389358520508,121205.203125,E,1612.462890625
445,470,745A6328,624,0.11439769715070724,26.993640899658203,30.69371795654297,19973.32421875,E,1355.7781982421875
446,505,745A6328,625,0.41183432936668396,103.34319305419922,31.77364158630371,81941.84375,E,1507.4090576171875
446,569,745A6328,626,0.816103458404541,213.2045135498047,31.397680282592773,165075.03125,E,1421.6705322265625
447,533,745A6328,627,1.402375340461731,343.1729431152344,31.593305587768555,269025.25,E,1892.478759765625
448,457,745A6328,628,0.43392258882522583,107.26935577392578,29.00054168701172,70856.1875,E,1892.693359375
449,456,745A6328,629,0.21970464289188385,32.80656433105469,24.385129928588867,15321.482421875,E,1848.44482421875
450,493,745A6328,630,0.364886999130249,82.60717010498047,30.152587890625,58987.06640625,E,1874.2603759765625
451,464,745A6328,631,0.11168466508388519,28.69620704650879,25.083106994628906,14180.025390625,E,1779.092041015625
452,461,745A6328,632,0.5891083478927612,85.9044189453125,23.98166847229004,38802.8984375,E,1564.8648681640625
452,477,745A6328,633,0.4113927483558655,56.94769287109375,21.613290786743164,20893.3359375,E,1596.9117431640625
453,473,745A6328,634,0.08770940452814102,28.251487731933594,12.929505348205566,3709.325927734375,E,1801.642822265625
453,476,745A6328,635,0.21282531321048737,34.509132385253906,25.491235733032227,17611.87890625,E,1785.3819580078125
454,502,745A6328,636,0.40329110622406006,88.42009735107422,29.756786346435547,61491.19140625,E,2082.580078125
455,468,745A6328,637,0.20744569599628448,64.53948211669922,25.404991149902344,32715.4921875,E,1563.099609375
455,601,745A6328,638,1.1194297075271606,237.0535430908203,29.979663848876953,167336.1875,E,1503.6640625
456,473,745A6328,639,0.33625030517578125,43.803489685058594,22.843482971191406,17952.4296875,E,1818.2889404296875
457,487,745A6328,640,0.2710180878639221,69.01825714111328,31.90072250366211,55163.890625,E,1829.5947265625
458,461,745A6328,641,0.12115354835987091,32.17763900756836,24.74597930908203,15475.8076171875,E,1538.0032958984375
458,480,745A6328,642,0.12034857273101807,30.214563369750977,31.669525146484375,23800.67578125,E,1516.84716796875
459,527,745A6328,643,0.46635884046554565,111.11920166015625,30.978641510009766,83753.640625,E,1259.6678466796875
460,467,745A6328,644,0.09059491008520126,31.73292350769043,18.78437614440918,8794.142578125,E,1306.3551025390625
460,489,745A6328,645,0.353077232837677,50.061126708984375,23.761493682861328,22199.232421875,E,1291.31884765625
462,540,745A6328,646,0.7055184245109558,152.51487731933594,27.809669494628906,92638.984375,E,1322.4171142578125
463,482,745A6328,647,0.49386271834373474,115.04535675048828,30.621685028076172,84726.0859375,E,1279.0054931640625
463,509,745A6328,648,0.4650731086730957,80.01517486572266,23.975492477416992,36124.12109375,E,1272.2496337890625
464,479,745A6328,649,0.12348943203687668,23.956926345825195,28.16075325012207,14921.3984375,E,1756.5941162109375
465,479,745A6328,650,0.1887996345758438,43.803489685058594,30.485984802246094,31974.15234375,E,1740.9560546875
465,495,745A6328,651,0.4742760956287384,62.131690979003906,22.610374450683594,24947.013671875,E,1707.7568359375
466,495,745A6328,652,0.25257375836372375,52.65312957763672,19.53882598876953,15787.4150390625,E,1688.594970703125
466,498,745A6328,653,0.2856917977333069,59.984413146972656,24.75037956237793,28859.71484375,E,1668.9337158203125
467,489,745A6328,654,0.28939878940582275,37.54584503173828,22.948780059814453,15529.9814453125,E,1285.0684814453125
468,505,745A6328,655,0.2052638977766037,58.9107666015625,28.71190643310547,38142.453125,E,1517.442626953125
469,477,745A6328,656,0.11792211979627609,32.80656433105469,33.374114990234375,28699.224609375,E,1607.23193359375
469,498,745A6328,657,0.3408791422843933,98.60389709472656,31.55342674255371,77104.015625,E,1627.478759765625
470,474,745A6328,658,0.22549669444561005,36.91692352294922,21.36395263671875,13233.6171875,E,1339.1207275390625
470,540,745A6328,659,0.5031527280807495,117.6373519897461,30.592294692993164,86468.7578125,E,1297.390869140625
471,472,745A6328,660,0.07893471419811249,12.960000038146973,25.672658920288086,6708.67236328125,E,1328.4373779296875
471,497,745A6328,661,0.15495888888835907,44.87712860107422,20.305696487426758,14532.84765625,E,1307.2701416015625
472,551,745A6328,662,1.6516880989074707,154.37005615234375,19.233354568481445,44850.05859375,E,1268.58544921875
473,476,745A6328,663,0.20724374055862427,40.137847900390625,22.156801223754883,15475.9775390625,E,1783.04443359375
474,571,745A6328,664,0.9959011673927307,198.9103546142578,28.851696014404297,130043.8984375,E,1244.3084716796875
475,485,745A6328,665,0.04438916966319084,34.9538459777832,23.90738868713379,15690.9462890625,E,1269.0460205078125
475,499,745A6328,666,0.15238207578659058,37.990562438964844,24.908611297607422,18512.48046875,E,1258.648193359375
476,484,745A6328,667,0.06660330295562744,21.99384880065918,25.74720001220703,11451.2041015625,E,1761.6162109375
477,511,745A6328,668,0.33297446370124817,91.27262115478516,33.1260986328125,78663.0859375,E,1555.318359375
478,482,745A6328,669,0.04559764266014099,10.99692440032959,31.048091888427734,8325.8955078125,E,1266.60986328125
478,485,745A6328,670,0.0916513055562973,28.69620704650879,28.786447525024414,18676.287109375,E,1262.4378662109375
479,488,745A6328,671,0.11645150184631348,33.88020706176758,27.086397171020508,19522.634765625,E,1752.3206787109375
480,491,745A6328,672,0.12752464413642883,29.769847869873047,25.49017906188965,15191.9052734375,E,1505.933349609375
480,507,745A6328,673,0.16983413696289062,40.137847900390625,30.716289520263672,29742.771484375,E,1487.8316650390625
481,551,745A6328,674,0.4648686945438385,112.71385192871094,31.152408599853516,85911.328125,E,1280.2236328125
482,508,745A6328,675,0.08192378282546997,29.58563995361328,30.598304748535156,21755.32421875,E,1248.5633544921875
483,501,745A6328,676,0.07111546397209167,27.17784881591797,30.206117630004883,19475.77734375,E,1364.2725830078125
483,513,745A6328,677,0.17843611538410187,40.76676940917969,30.74432373046875,30263.982421875,E,1369.160400390625
484,542,745A6328,678,0.7885667681694031,184.69252014160156,29.669815063476562,127693.515625,E,1669.195068359375
484,572,745A6328,679,0.6868799924850464,149.81497192382812,29.789108276367188,104414.3359375,E,1691.9776611328125
485,496,745A6328,680,0.03693065047264099,14.033641815185547,29.04564666748047,9298.703125,E,1250.64794921875
486,490,745A6328,681,0.01426582783460617,3.6656415462493896,32.05948257446289,2959.053955078125,E,1416.135009765625
487,488,745A6328,682,0.31059420108795166,60.87384796142578,28.034263610839844,37574.99609375,E,1780.455322265625
487,531,745A6328,683,0.5487825870513916,90.82789611816406,21.55345916748047,33139.28125,E,1753.6346435546875
488,526,745A6328,684,0.6207613348960876,96.01190185546875,20.775733947753906,32548.25390625,E,1715.7020263671875
489,504,745A6328,685,0.054992660880088806,20.291284561157227,21.44075584411621,7326.21435546875,E,1261.759765625
490,492,745A6328,686,0.1455482840538025,35.84328079223633,31.46993064880371,27879.76953125,E,1405.721923828125
490,580,745A6328,687,0.5935975909233093,150.7044219970703,30.623817443847656,111002.953125,E,1355.9805908203125
491,507,745A6328,688,0.1282164752483368,37.54584884643555,15.213177680969238,6824.82763671875,E,1488.501220703125
491,511,745A6328,689,0.38251402974128723,62.576412200927734,23.315296173095703,26716.67578125,E,1516.46435546875
492,518,745A6328,690,0.32038065791130066,85.45968627929688,26.472707748413086,47037.8984375,E,1364.1143798828125
492,555,745A6328,691,0.5607491731643677,119.78463745117188,29.764738082885742,83347.9921875,E,1340.2996826171875
493,510,745A6328,692,0.11629265546798706,23.512208938598633,28.722917556762695,15234.9287109375,E,1822.96923828125
493,514,745A6328,693,0.2711299955844879,30.214563369750977,17.44263458251953,7219.88671875,E,1829.3851318359375
494,561,745A6328,694,0.7752239108085632,120.67405700683594,26.880420684814453,68481.9140625,E,1214.20849609375
494,589,745A6328,695,0.9381615519523621,182.9899444580078,25.713388442993164,95024.53125,E,1186.56787109375
495,517,745A6328,696,0.1308802217245102,30.214563369750977,30.418346405029297,21957.22265625,E,1666.9381103515625
496,499,745A6328,697,0.1322958767414093,31.73292350769043,31.07520294189453,24067.328125,E,1240.14306640625
496,508,745A6328,698,0.08795199543237686,35.39856719970703,29.294681549072266,23859.048828125,E,1237.950927734375
497,558,745A6328,699,0.47408074140548706,111.82441711425781,30.6999568939209,82775.546875,E,1241.0469970703125
498,500,745A6328,700,0.014776688069105148,3.6656415462493896,31.50042724609375,2856.75341796875,E,1640.907958984375
499,503,745A6328,701,0.027408059686422348,7.331283092498779,32.7032470703125,6158.1689453125,E,1239.305908203125
500,506,745A6328,702,0.043009400367736816,9.923283576965332,30.382308959960938,7194.271484375,E,1641.378662109375
500,512,745A6328,703,0.39391928911209106,62.576412200927734,18.882326126098633,17523.123046875,E,1630.2861328125
501,513,745A6328,704,0.21311843395233154,43.174560546875,13.625789642333984,6295.65869140625,E,1353.8494873046875
501,582,745A6328,705,0.647925853729248,167.62216186523438,32.18458557128906,136369.46875,E,1274.6749267578125
502,541,745A6328,706,0.4257250428199768,92.97518920898438,29.60243034362793,63989.94140625,E,1996.54736328125
503,527,745A6328,707,0.6061108708381653,132.29989624023438,27.94564437866211,81147.9609375,E,1229.5499267578125
503,528,745A6328,708,0.1456276774406433,44.432411193847656,20.268423080444336,14336.0546875,E,1220.4178466796875
504,509,745A6328,709,0.03944505751132965,11.441641807556152,22.985788345336914,4747.85009765625,E,1250.5543212890625
504,535,745A6328,710,0.313980370759964,50.5058479309082,25.75962257385254,26321.494140625,E,1232.2354736328125
505,532,745A6328,711,0.2052975445985794,53.282047271728516,32.241249084472656,43500.52734375,E,1480.0264892578125
506,512,745A6328,712,0.05103159323334694,9.923283576965332,27.9732723236084,6098.62353515625,E,1643.1004638671875
507,543,745A6328,713,0.23528821766376495,70.79712677001953,29.587854385375977,48677.96875,E,1448.249755859375
508,554,745A6328,714,0.36497926712036133,92.60678100585938,31.874666213989258,73896.515625,E,1193.2197265625
509,524,745A6328,715,0.19461141526699066,33.88020706176758,26.39604949951172,18540.173828125,E,1232.932373046875
510,515,745A6328,716,0.06871692836284637,16.180923461914062,30.656753540039062,11943.8818359375,E,1804.1375732421875
510,516,745A6328,717,0.2465796023607254,28.69620704650879,18.74952507019043,7923.095703125,E,1816.5699462890625
511,543,745A6328,718,0.3848494589328766,101.38011169433594,32.519195556640625,84201.9609375,E,1471.6925048828125
512,520,745A6328,719,0.16530226171016693,33.88020324707031,28.940610885620117,22286.982421875,E,1648.7684326171875
513,523,745A6328,720,0.11780425906181335,31.917129516601562,32.90925216674805,27148.744140625,E,1355.082763671875
514,516,745A6328,721,0.03894113004207611,3.6656415462493896,19.404422760009766,1084.030029296875,E,1822.296875
514,519,745A6328,722,0.06367138773202896,7.331283092498779,21.501741409301758,2662.055908203125,E,1824.317626953125
515,522,745A6328,723,0.09296642243862152,22.43856430053711,26.30286979675293,12192.4560546875,E,1800.2528076171875
515,572,745A6328,724,0.7866622805595398,169.32472229003906,30.007007598876953,119744.5234375,E,1714.5194091796875
516,522,745A6328,725,0.1332601010799408,17.254566192626953,13.81722354888916,2587.232666015625,E,1812.472900390625
517,520,745A6328,726,0.01406001579016447,3.6656415462493896,32.29327392578125,3002.368896484375,E,1654.5946044921875
517,526,745A6328,727,0.16629554331302643,45.32184600830078,28.024093627929688,27955.072265625,E,1663.091552734375
518,593,745A6328,728,0.6852720975875854,165.47488403320312,31.132930755615234,125968.515625,E,1259.2789306640625
519,525,745A6328,729,0.23300501704216003,32.361846923828125,23.504497528076172,14041.8759765625,E,1832.146728515625
519,529,745A6328,730,0.08046818524599075,19.84656524658203,13.498729705810547,2840.279296875,E,1814.357421875
520,550,745A6328,731,0.4621882140636444,61.318565368652344,19.8093204498291,18898.224609375,E,1628.30712890625
521,563,745A6328,732,0.6510279178619385,83.75713348388672,21.468671798706055,30319.5,E,1559.7188720703125
522,529,745A6328,733,0.15582749247550964,15.107283592224121,19.83473014831543,4667.978515625,E,1803.642822265625
523,534,745A6328,734,0.13535739481449127,32.36184310913086,31.068889617919922,24534.3515625,E,1351.287353515625
523,547,745A6328,735,0.19288335740566254,46.840206146240234,25.86409568786621,24609.525390625,E,1328.7659912109375
524,535,745A6328,736,0.28593146800994873,39.064205169677734,10.388330459594727,3311.00927734375,E,1214.3038330078125
524,583,745A6328,737,0.4958048462867737,112.0086441040039,30.091276168823242,79656.7578125,E,1168.454345703125
525,529,745A6328,738,0.3347433805465698,39.064208984375,22.590333938598633,15657.2041015625,E,1817.072998046875
525,530,745A6328,739,0.12086617201566696,6.257641315460205,14.393223762512207,1018.1615600585938,E,1834.7841796875
526,539,745A6328,740,0.15988193452358246,30.214567184448242,21.061269760131836,10526.291015625,E,1666.962158203125
527,557,745A6328,741,0.2716265320777893,72.49968719482422,28.7297420501709,46999.08984375,E,1180.3050537109375
528,536,745A6328,742,0.06120828911662102,18.328208923339844,26.789081573486328,10330.6005859375,E,1197.2828369140625
528,557,745A6328,743,0.3643154501914978,87.79119110107422,31.079147338867188,66600.734375,E,1179.2169189453125
531,533,745A6328,744,0.20338858664035797,49.43220901489258,31.21016502380371,37817.43359375,E,1725.768798828125
531,538,745A6328,745,0.22196702659130096,51.57948684692383,30.765174865722656,38342.96484375,E,1693.4853515625
532,559,745A6328,746,0.2011646032333374,60.42912673950195,30.917448043823242,45367.359375,E,1457.750732421875
532,579,745A6328,747,0.670960545539856,164.4012451171875,31.650156021118164,129344.1171875,E,1396.414794921875
533,548,745A6328,748,0.3243533968925476,89.12533569335938,30.36353874206543,64535.078125,E,1761.057861328125
534,546,745A6328,749,0.2133280634880066,29.140928268432617,18.32841682434082,7688.5283203125,E,1334.581787109375
534,552,745A6328,750,0.29909494519233704,63.65005111694336,25.345355987548828,32113.3359375,E,1343.555908203125
535,656,745A6328,751,0.8227622509002686,203.433837890625,31.461750030517578,158153.5,E,1113.7451171875
536,544,745A6328,752,0.2471821904182434,59.984405517578125,31.1975154876709,45853.0546875,E,1183.630126953125
536,592,745A6328,753,0.6072635650634766,118.26628112792969,26.998037338256836,67704.140625,E,1139.8692626953125
537,545,745A6328,754,0.29516083002090454,73.38912200927734,27.876461029052734,44791.62890625,E,2032.4915771484375
538,539,745A6328,755,0.052631597965955734,12.960000038146973,31.3682804107666,10015.583984375,E,1665.1209716796875
538,556,745A6328,756,0.21231652796268463,54.35569381713867,28.167184829711914,33870.51953125,E,1670.385009765625
539,550,745A6328,757,0.27642011642456055,64.53948974609375,30.74337387084961,47909.1484375,E,1632.4254150390625
540,549,745A6328,758,0.057662736624479294,14.033641815185547,31.171768188476562,10709.8447265625,E,1247.9266357421875
541,545,745A6328,759,0.29211264848709106,67.1314926147461,26.788818359375,37837.578125,E,1974.571044921875
541,595,745A6328,760,1.8025113344192505,430.227294921875,31.039892196655273,325557.90625,E,1767.3211669921875
542,577,745A6328,761,0.2749296724796295,64.09477233886719,30.533855438232422,46932.7265625,E,1559.631103515625
543,627,745A6328,762,0.7387343645095825,195.6131134033203,32.67543029785156,164032.71875,E,1332.2332763671875
544,554,745A6328,763,0.16470465064048767,54.17148971557617,30.028234481811523,38363.6796875,E,1157.0179443359375
544,592,745A6328,764,0.41205623745918274,95.82769775390625,28.254253387451172,60082.5859375,E,1127.6275634765625
545,562,745A6328,765,0.45713356137275696,88.05169677734375,28.31480598449707,55444.02734375,E,2017.0838623046875
546,547,745A6328,766,0.12640082836151123,25.920000076293945,9.056753158569336,1669.8211669921875,E,1315.89111328125
546,608,745A6328,767,0.6098241806030273,98.68020629882812,25.678791046142578,51105.66796875,E,1279.4876708984375
547,597,745A6328,768,0.6249837279319763,93.680419921875,24.90845489501953,45649.109375,E,1268.82763671875
548,564,745A6328,769,0.17567595839500427,42.9140510559082,27.268516540527344,25061.810546875,E,1760.6436767578125
548,567,745A6328,770,0.2972264885902405,67.3156967163086,30.373065948486328,48773.453125,E,1791.522705078125
549,582,745A6328,771,0.17530854046344757,61.50277328491211,26.69251823425293,34416.2578125,E,1219.910400390625
549,634,745A6328,772,0.8605401515960693,192.3922119140625,30.965974807739258,144892.828125,E,1159.19921875
550,553,745A6328,773,0.06164833903312683,16.180925369262695,32.3847541809082,13328.291015625,E,1600.393310546875
551,629,745A6328,774,0.7104306817054749,129.33950805664062,27.332046508789062,75886.6484375,E,1168.6549072265625
552,635,745A6328,775,0.5670570135116577,144.6309814453125,32.10133743286133,117057.015625,E,1274.8896484375
553,581,745A6328,776,0.19374656677246094,39.95363998413086,25.437639236450195,20304.8515625,E,1580.497802734375
553,624,745A6328,777,1.270728588104248,337.98895263671875,32.69771957397461,283809.75,E,1454.8291015625
554,622,745A6328,778,0.45451870560646057,118.08206176757812,32.289886474609375,96695.625,E,1099.69970703125
555,568,745A6328,779,0.6306113600730896,50.9505615234375,17.021526336669922,11594.068359375,E,1273.919677734375
555,576,745A6328,780,0.14948149025440216,27.6225643157959,27.245479583740234,16104.333984375,E,1273.760498046875
556,566,745A6328,781,0.12604227662086487,28.251487731933594,29.92263412475586,19866.93359375,E,1678.6163330078125
556,578,745A6328,782,0.19575412571430206,33.435489654541016,20.77665901184082,11335.716796875,E,1658.0816650390625
557,560,745A6328,783,0.009465347975492477,2.5920000076293945,33.096282958984375,2229.889404296875,E,1147.457763671875
558,574,745A6328,784,0.7004379630088806,39.064205169677734,12.77816390991211,5009.63134765625,E,1184.077392578125
558,575,745A6328,785,0.12180780619382858,23.956924438476562,28.07265853881836,14828.1865234375,E,1185.0989990234375
559,613,745A6328,786,0.46767744421958923,99.49333953857422,27.798017501831055,60382.56640625,E,1399.91162109375
559,614,745A6328,787,0.4166530668735504,90.64370727539062,29.522235870361328,62047.75390625,E,1420.2181396484375
560,591,745A6328,788,0.39352092146873474,61.686973571777344,20.266389846801758,19899.224609375,E,1124.9293212890625
560,605,745A6328,789,0.3334832489490509,77.68368530273438,30.657535552978516,57344.81640625,E,1112.26953125
561,573,745A6328,790,0.08735033124685287,21.99384880065918,31.661603927612305,17316.373046875,E,1150.9019775390625
563,565,745A6328,791,0.03580918163061142,3.6656415462493896,17.015718460083008,833.56689453125,E,1525.20751953125
563,570,745A6328,792,0.18631510436534882,16.180925369262695,12.1298828125,1869.8486328125,E,1529.46728515625
564,567,745A6328,793,0.5827768445014954,84.20184326171875,20.727869033813477,28413.2421875,E,1763.267822265625
564,584,745A6328,794,0.22014719247817993,58.9107666015625,32.70493698120117,49489.28515625,E,1713.11181640625
565,570,745A6328,795,0.3593485951423645,19.846567153930664,17.512338638305664,4780.392578125,E,1525.3079833984375
565,601,745A6328,796,0.71961909532547,108.97189331054688,26.37628746032715,59543.13671875,E,1470.263427734375
566,584,745A6328,797,0.09787583351135254,34.509132385253906,26.706069946289062,19330.53515625,E,1683.688720703125
566,587,745A6328,798,0.1588754504919052,32.361846923828125,22.46109962463379,12822.869140625,E,1665.9886474609375
567,588,745A6328,799,0.26194968819618225,67.3156967163086,32.078887939453125,54405.75390625,E,1808.422607421875
568,576,745A6328,800,0.11095750331878662,20.291284561157227,14.982775688171387,3577.53564453125,E,1260.3341064453125
568,586,745A6328,801,0.33031660318374634,29.769847869873047,14.308518409729004,4786.916015625,E,1249.03955078125
569,579,745A6328,802,0.28308820724487305,50.061126708984375,24.398420333862305,23405.283203125,E,1323.1341552734375
569,580,745A6328,803,0.08008088916540146,31.2882080078125,29.365835189819336,21191.1875,E,1304.365234375
570,577,745A6328,804,0.0366300493478775,13.588924407958984,28.27143669128418,8530.42578125,E,1530.464599609375
571,611,745A6328,805,0.5254654288291931,85.19918060302734,22.40606117248535,33593.58203125,E,1119.887451171875
571,626,745A6328,806,1.6613759994506836,111.74811553955078,14.916095733642578,19527.21875,E,1114.9512939453125
572,595,745A6328,807,0.0879717469215393,45.32184600830078,26.641693115234375,25265.103515625,E,1616.130615234375
573,589,745A6328,808,0.2784556448459625,62.576412200927734,30.396345138549805,45409.140625,E,1125.597412109375
573,611,745A6328,809,0.3703058958053589,65.61312866210938,24.69797706604004,31434.26953125,E,1113.90380859375
574,575,745A6328,810,0.3893184959888458,15.107283592224121,10.713600158691406,1361.906005859375,E,1171.3809814453125
574,636,745A6328,811,0.6107307076454163,129.6316375732422,28.481510162353516,82589.8984375,E,1113.0001220703125
575,657,745A6328,812,0.7023923397064209,142.03897094726562,26.896272659301758,80701.5,E,1116.76708984375
576,586,745A6328,813,0.10044482350349426,19.846567153930664,28.249170303344727,12439.0341796875,E,1253.9964599609375
577,659,745A6328,814,0.624176025390625,152.33067321777344,31.241744995117188,116774.4375,E,1465.7513427734375
578,581,745A6328,815,0.6514261960983276,118.26627349853516,25.19710922241211,58972.86328125,E,1611.0546875
578,587,745A6328,816,0.12633471190929413,28.69620704650879,14.142494201660156,4507.818359375,E,1647.0821533203125
579,594,745A6328,817,0.2314855456352234,31.73292350769043,23.5643310546875,13839.17578125,E,1319.2073974609375
580,585,745A6328,818,0.032971031963825226,7.331283092498779,29.823244094848633,5121.29345703125,E,1290.9359130859375
581,621,745A6328,819,0.27410706877708435,74.4627685546875,32.92974090576172,63416.99609375,E,1535.1776123046875
582,693,745A6328,820,0.7092369794845581,182.62155151367188,32.220848083496094,148907.25,E,1114.6046142578125
583,628,745A6328,821,0.4431668817996979,98.15919494628906,30.018014907836914,69468.0,E,1079.1641845703125
583,696,745A6328,822,1.8141148090362549,207.20738220214844,23.131206512451172,87074.640625,E,1035.86279296875
584,596,745A6328,823,0.20730438828468323,48.54277038574219,30.912139892578125,36431.125,E,1663.32177734375
585,598,745A6328,824,0.33445459604263306,31.288206100463867,17.00990867614746,7110.08056640625,E,1279.1597900390625
585,674,745A6328,825,0.762877345085144,181.8400115966797,30.890357971191406,136277.828125,E,1200.1143798828125
586,606,745A6328,826,0.17123889923095703,40.76676940917969,30.858482360839844,30489.1484375,E,1228.2110595703125
587,596,745A6328,827,0.06656345725059509,22.883283615112305,27.68865966796875,13778.822265625,E,1647.9949951171875
588,599,745A6328,828,0.10419268161058426,27.17784881591797,32.28762435913086,22252.416015625,E,1823.239501953125
588,604,745A6328,829,0.2047542929649353,27.17784881591797,20.614023208618164,9070.484375,E,1806.396728515625
589,590,745A6328,830,0.012690766714513302,3.6656415462493896,33.99077606201172,3326.3046875,E,1106.2911376953125
590,591,745A6328,831,0.017947454005479813,5.184000015258789,33.99077606201172,4704.10498046875,E,1104.46484375
590,652,745A6328,832,0.22860249876976013,96.71713256835938,32.69431686401367,81196.59375,E,1062.5478515625
591,605,745A6328,833,0.2553124725818634,71.87076568603516,29.663822174072266,49670.25390625,E,1086.228515625
592,662,745A6328,834,0.4476267993450165,107.08513641357422,31.07011604309082,81190.4296875,E,1039.81396484375
593,600,745A6328,835,0.06247885525226593,13.588926315307617,29.48577880859375,9278.9794921875,E,1182.10498046875
593,615,745A6328,836,0.12422971427440643,38.61948776245117,28.470211029052734,24585.42578125,E,1166.069580078125
594,598,745A6328,837,0.6220778822898865,65.61312866210938,18.941364288330078,18488.560546875,E,1290.03271484375
594,609,745A6328,838,0.12729200720787048,33.435489654541016,32.38475036621094,27540.935546875,E,1306.789794921875
595,659,745A6328,839,0.9712841510772705,221.1647186279297,30.759546279907227,164348.421875,E,1499.17919921875
596,692,745A6328,840,0.8588786125183105,215.45968627929688,31.73775863647461,170454.484375,E,1538.3380126953125
598,617,745A6328,841,0.14963489770889282,34.95384979248047,17.391813278198242,8303.7568359375,E,1255.3028564453125
599,603,745A6328,842,0.02789134718477726,7.331283092498779,32.418636322021484,6051.44873046875,E,1826.979736328125
599,604,745A6328,843,0.26720184087753296,44.87712860107422,16.27979278564453,9341.4150390625,E,1806.896728515625
600,602,745A6328,844,0.13282330334186554,23.956924438476562,26.943246841430664,13659.060546875,E,1185.11328125
600,616,745A6328,845,0.1433103233575821,22.883283615112305,21.112092971801758,8010.7060546875,E,1171.7052001953125
601,625,745A6328,846,0.10865868628025055,45.32184600830078,22.819765090942383,18536.162109375,E,1411.4630126953125
602,606,745A6328,847,0.34367960691452026,60.24491882324219,26.604127883911133,33489.4765625,E,1200.397216796875
602,612,745A6328,848,0.07859960198402405,12.960000038146973,23.073883056640625,5419.21337890625,E,1180.6090087890625
603,607,745A6328,849,0.34039488434791565,80.09148406982422,30.855138778686523,59886.8203125,E,1859.433349609375
603,638,745A6328,850,0.24727500975131989,70.53661346435547,30.01697540283203,49915.8359375,E,1825.537353515625
604,701,745A6328,851,0.938451886177063,220.01475524902344,31.51767349243164,171652.453125,E,1694.789794921875
605,631,745A6328,852,0.19933274388313293,48.98748779296875,31.399377822875977,37932.9921875,E,1057.7188720703125
606,655,745A6328,853,0.4262969195842743,86.53333282470703,25.967432022094727,45828.046875,E,1172.096435546875
607,610,745A6328,854,0.12965822219848633,32.80656433105469,31.85957908630371,26153.552734375,E,1896.729736328125
607,638,745A6328,855,0.7919952273368835,67.3156967163086,18.609233856201172,18308.94140625,E,1857.1763916015625
609,623,745A6328,856,0.344083309173584,85.45968627929688,31.55194854736328,66819.546875,E,1319.114501953125
609,650,745A6328,857,0.35211312770843506,74.01805114746094,23.04813003540039,30881.537109375,E,1286.2337646484375
610,619,745A6328,858,0.6175605058670044,159.998779296875,32.24176025390625,130630.34375,E,1964.568359375
610,651,745A6328,859,0.37836796045303345,79.3862533569336,23.4118595123291,34174.87890625,E,1874.920654296875
611,641,745A6328,860,0.16313521564006805,59.984413146972656,31.8416690826416,47766.1171875,E,1060.1781005859375
612,616,745A6328,861,0.10084918141365051,17.699283599853516,18.88094139099121,4955.5615234375,E,1169.122314453125
612,665,745A6328,862,2.4344911575317383,167.43795776367188,16.235519409179688,34663.80078125,E,1118.9061279296875
613,618,745A6328,863,0.0856800377368927,17.254566192626953,17.137693405151367,3980.142822265625,E,1359.546630859375
613,623,745A6328,864,0.1570747196674347,34.509132385253906,20.844423294067383,11776.16015625,E,1346.473876953125
614,618,745A6328,865,0.3380686640739441,46.8402099609375,21.599220275878906,17162.669921875,E,1375.54931640625
614,625,745A6328,866,0.21434420347213745,31.917129516601562,24.68194007873535,15271.169921875,E,1392.11669921875
615,616,745A6328,867,0.23374409973621368,40.58256530761719,21.83785629272461,15200.203125,E,1153.5301513671875
615,620,745A6328,868,0.06743393838405609,13.588926315307617,28.343265533447266,8573.8291015625,E,1142.873046875
617,645,745A6328,869,0.6582943201065063,107.89827728271484,27.456565856933594,63884.6953125,E,1250.004638671875
617,761,745A6328,870,0.8545421361923218,212.20718383789062,31.600313186645508,166430.421875,E,1143.5208740234375
618,630,745A6328,871,0.0408281534910202,17.699283599853516,27.510778427124023,10520.86328125,E,1350.8094482421875
620,629,745A6328,872,0.12573012709617615,36.027488708496094,25.928714752197266,19023.30078125,E,1125.716064453125
620,642,745A6328,873,0.300342857837677,56.76348876953125,19.766286849975586,17418.435546875,E,1114.514892578125
621,647,745A6328,874,0.5315927863121033,62.576412200927734,19.797033309936523,19261.97265625,E,1482.9117431640625
621,649,745A6328,875,0.22843249142169952,46.39548873901367,28.731813430786133,30080.9609375,E,1489.3739013671875
622,628,745A6328,876,0.03907066583633423,10.99692440032959,33.54861068725586,9720.9833984375,E,1043.6910400390625
622,644,745A6328,877,0.14830921590328217,45.95077133178711,29.77704620361328,31999.701171875,E,1031.9180908203125
623,630,745A6328,878,0.1652407944202423,36.47220993041992,29.69658088684082,25261.83203125,E,1332.8109130859375
624,632,745A6328,879,0.3065955936908722,85.2754898071289,33.35465621948242,74512.140625,E,1292.53173828125
624,639,745A6328,880,0.07885540276765823,45.95077133178711,26.0297794342041,24452.521484375,E,1320.12646484375
625,640,745A6328,881,0.10005603730678558,24.401639938354492,31.327625274658203,18808.919921875,E,1382.960693359375
626,634,745A6328,882,0.25234898924827576,68.64984893798828,27.764328002929688,41562.703125,E,1071.6156005859375
626,653,745A6328,883,0.13824862241744995,48.54277038574219,29.550832748413086,33293.07421875,E,1048.1549072265625
627,632,745A6328,884,0.10595091432332993,42.100929260253906,31.998493194580078,33856.38671875,E,1252.566162109375
627,633,745A6328,885,0.04305298998951912,10.99692440032959,31.942588806152344,8812.544921875,E,1241.1663818359375
628,654,745A6328,886,0.11936195194721222,36.91692352294922,28.122352600097656,22930.771484375,E,1023.365234375
629,637,745A6328,887,0.06537056714296341,14.033641815185547,29.291296005249023,9456.6533203125,E,1107.61572265625
630,640,745A6328,888,0.27781760692596436,77.4994888305664,29.495073318481445,52952.6484375,E,1354.769775390625
631,661,745A6328,889,0.22798264026641846,59.53969192504883,28.417390823364258,37762.85546875,E,1017.269287109375
631,664,745A6328,890,0.2584139406681061,59.984413146972656,22.632179260253906,24131.31640625,E,1011.4207153320312
632,660,745A6328,891,0.19460271298885345,45.32184600830078,25.433940887451172,23026.333984375,E,1247.96337890625
633,635,745A6328,892,0.11981284618377686,44.692928314208984,30.756553649902344,33205.04296875,E,1221.76416015625
633,678,745A6328,893,0.3705168664455414,74.01805114746094,26.978145599365234,42310.84375,E,1209.963623046875
634,687,745A6328,894,0.3164708912372589,89.57005310058594,33.656978607177734,79689.84375,E,1033.490234375
635,723,745A6328,895,0.9436320066452026,257.00799560546875,33.137664794921875,221656.421875,E,1118.048095703125
636,656,745A6328,896,0.2237394005060196,61.50277328491211,28.92061996459961,40401.71484375,E,1032.9129638671875
636,663,745A6328,897,0.36994296312332153,91.71734619140625,28.384733200073242,58037.8046875,E,1051.893798828125
637,642,745A6328,898,0.05407201126217842,10.99692440032959,28.52724838256836,7028.79541015625,E,1098.6246337890625
637,658,745A6328,899,0.5227203369140625,60.42912673950195,16.21270751953125,12475.1943359375,E,1082.1868896484375
638,646,745A6328,900,0.05334777757525444,12.51528263092041,30.595767974853516,9201.38671875,E,1826.998046875
639,643,745A6328,901,0.05630166083574295,15.107283592224121,32.6625862121582,12658.3583984375,E,1326.3363037109375
639,682,745A6328,902,0.6347959041595459,114.34011840820312,29.636892318725586,78877.6328125,E,1271.2449951171875
640,648,745A6328,903,0.03763395547866821,9.923283576965332,32.46607208251953,8214.947265625,E,1373.32666015625
641,652,745A6328,904,0.07313241064548492,22.438568115234375,35.042823791503906,21641.29296875,E,1025.54345703125
641,653,745A6328,905,0.12177697569131851,36.47220993041992,34.60847854614258,34309.703125,E,1029.703857421875
642,665,745A6328,906,0.14970752596855164,29.58563995361328,28.21722412109375,18501.1796875,E,1082.370361328125
643,677,745A6328,907,0.7153052091598511,196.65518188476562,33.17583084106445,169996.078125,E,1373.0198974609375
643,735,745A6328,908,0.4406212568283081,120.674072265625,31.847633361816406,96129.8359375,E,1277.4090576171875
644,654,745A6328,909,0.24031740427017212,37.990562438964844,12.960000991821289,5011.59130859375,E,1010.7111206054688
644,676,745A6328,910,0.22829779982566833,58.021331787109375,31.93976593017578,46488.015625,E,993.4967041015625
645,650,745A6328,911,0.12096035480499268,22.883283615112305,28.00263214111328,14093.080078125,E,1259.27734375
645,777,745A6328,912,1.0982636213302612,217.05438232421875,27.787492752075195,131630.703125,E,1158.74658203125
646,651,745A6328,913,0.06040621176362038,17.699283599853516,27.591079711914062,10582.37109375,E,1831.153076171875
646,706,745A6328,914,0.674511730670929,131.14999389648438,28.0759334564209,81194.4921875,E,1765.6396484375
647,649,745A6328,915,0.01992781274020672,3.6656415462493896,22.809600830078125,1497.8739013671875,E,1468.6441650390625
647,677,745A6328,916,0.7019829154014587,55.874053955078125,14.655247688293457,9425.109375,E,1442.49658203125
648,698,745A6328,917,0.27682676911354065,82.4229736328125,27.35887336730957,48454.55078125,E,1359.8839111328125
648,755,745A6328,918,0.8549153804779053,194.8762969970703,30.499435424804688,142374.59375,E,1288.099609375
649,683,745A6328,919,0.3455536365509033,56.76348876953125,22.633895874023438,22839.025390625,E,1451.928955078125
650,673,745A6328,920,0.18261337280273438,40.76676940917969,29.949913024902344,28720.19140625,E,1257.887939453125
651,672,745A6328,921,0.18425601720809937,37.10112762451172,28.435766220092773,23561.7109375,E,1836.551025390625
652,668,745A6328,922,0.10362473875284195,32.361846923828125,35.36578369140625,31789.943359375,E,1005.855224609375
653,684,745A6328,923,0.18101507425308228,53.726768493652344,34.49223327636719,50202.25390625,E,1008.8731689453125
654,702,745A6328,924,0.3863055408000946,71.2418441772461,24.42046546936035,33368.2109375,E,974.4443359375
655,667,745A6328,925,0.16401587426662445,30.843490600585938,27.422344207763672,18216.400390625,E,1119.4957275390625
655,674,745A6328,926,0.11666479706764221,38.17477035522461,18.97750473022461,10798.0302734375,E,1124.5657958984375
656,694,745A6328,927,0.2154206484556198,50.95056915283203,30.846139907836914,38075.05859375,E,994.968994140625
657,658,745A6328,928,0.05839833989739418,15.552000045776367,32.59385681152344,12976.203125,E,1055.919677734375
657,663,745A6328,929,0.026937251910567284,7.331283092498779,32.99463653564453,6268.39794921875,E,1050.04248046875
658,666,745A6328,930,0.12055103480815887,19.846567153930664,26.346920013427734,10820.1923828125,E,1056.3580322265625
659,698,745A6328,931,0.2115163803100586,63.65005111694336,30.321317672729492,45960.50390625,E,1379.455810546875
660,678,745A6328,932,0.32652023434638977,70.79712677001953,23.511640548706055,30737.69921875,E,1205.0167236328125
660,682,745A6328,933,0.12287308275699615,36.027488708496094,25.03421974182129,17733.3984375,E,1227.5194091796875
661,669,745A6328,934,0.09917186200618744,29.14092445373535,34.38997268676758,27068.04296875,E,993.4859619140625
661,675,745A6328,935,0.07570721954107285,21.36492347717285,33.52320098876953,18857.416015625,E,985.9740600585938
662,664,745A6328,936,0.012882670387625694,3.6656415462493896,33.736656188964844,3276.7548828125,E,989.664794921875
662,676,745A6328,937,0.13317076861858368,56.763484954833984,26.891294479370117,32239.056640625,E,985.9530639648438
663,670,745A6328,938,0.04588819667696953,12.51528263092041,33.027164459228516,10721.93359375,E,1042.8675537109375
663,694,745A6328,939,0.5197063684463501,148.925537109375,30.235937118530273,106931.5703125,E,1001.43115234375
664,707,745A6328,940,0.1464923620223999,58.726558685302734,33.49778747558594,51755.5234375,E,961.1480102539062
665,671,745A6328,941,0.045766592025756836,9.923283576965332,29.42682456970215,6748.88525390625,E,1064.51806640625
666,671,745A6328,942,0.32012447714805603,30.659282684326172,16.330326080322266,6421.5751953125,E,1056.222900390625
666,679,745A6328,943,0.056728605180978775,18.772924423217773,13.519058227539062,2694.7265625,E,1045.646240234375
667,689,745A6328,944,0.09181863069534302,45.50605392456055,24.598590850830078,21626.166015625,E,1096.7596435546875
667,705,745A6328,945,0.39250728487968445,105.93518829345703,30.080270767211914,75282.421875,E,1060.76953125
668,1939,745A6328,946,3.2478418350219727,992.0420532226562,35.861083984375,1001997.8125,F,496.022705078125
669,1939,745A6328,947,3.2111082077026367,987.9736938476562,35.861083984375,997888.625,F,493.98553466796875
670,679,745A6328,948,0.132790207862854,27.622568130493164,29.158477783203125,18445.2109375,E,1036.5303955078125
670,730,745A6328,949,0.34706777334213257,78.31261444091797,27.640884399414062,46992.16796875,E,1004.5084228515625
671,705,745A6328,950,0.21041560173034668,50.5058479309082,31.08818817138672,38337.375,E,1042.5101318359375
672,691,745A6328,951,0.2719968855381012,44.432411193847656,26.438400268554688,24392.712890625,E,1844.1666259765625
672,700,745A6328,952,0.325832724571228,62.131690979003906,20.18914031982422,19890.1796875,E,1809.2684326171875
673,715,745A6328,953,0.2453470081090927,60.61333084106445,31.64434242248535,47670.55078125,E,1245.1192626953125
673,743,745A6328,954,0.6370095610618591,98.4197006225586,21.758163452148438,36594.546875,E,1208.8447265625
674,689,745A6328,955,0.14176996052265167,32.361846923828125,30.231687545776367,23229.93359375,E,1103.2379150390625
675,680,745A6328,956,0.047171808779239655,12.51528263092041,32.844200134277344,10603.4677734375,E,974.6717529296875
675,685,745A6328,957,0.09512823820114136,19.846567153930664,25.65165138244629,10256.6591796875,E,968.5546875
676,697,745A6328,958,0.12882110476493835,36.027488708496094,33.49778366088867,31750.900390625,E,957.7655639648438
677,681,745A6328,959,0.02915688417851925,7.331283092498779,31.72066307067871,5793.67822265625,E,1417.637451171875
678,820,745A6328,960,1.2738733291625977,280.4438781738281,29.17546844482422,187487.15625,E,1053.658447265625
679,709,745A6328,961,0.4472428560256958,52.83733367919922,18.828733444213867,14712.04296875,E,1027.435546875
680,1939,745A6328,962,3.1440823078155518,972.63916015625,35.861083984375,982400.25,F,486.3211975097656
681,683,745A6328,963,0.0919545516371727,22.883283615112305,31.54446792602539,17883.587890625,E,1423.451904296875
681,784,745A6328,964,2.314816951751709,168.95631408691406,17.056377410888672,38604.49609375,E,1343.8909912109375
682,699,745A6328,965,0.11663071066141129,28.251487731933594,31.171762466430664,21560.255859375,E,1207.7772216796875
683,695,745A6328,966,0.07491470128297806,18.328208923339844,31.29035186767578,14093.88671875,E,1430.0567626953125
684,1939,745A6328,967,3.2968859672546387,989.5059814453125,35.861083984375,999436.3125,F,494.7548828125
685,1939,745A6328,968,3.091797113418579,960.7407836914062,35.861083984375,970382.4375,F,480.3720397949219
686,691,745A6328,969,0.3922102153301239,41.21148681640625,12.409072875976562,4984.10107421875,E,1868.1690673828125
686,711,745A6328,970,0.11180466413497925,21.809640884399414,21.13852310180664,7653.98583984375,E,1874.1700439453125
686,716,745A6328,971,0.913618266582489,64.98419952392578,14.268856048583984,10391.4453125,E,1902.0133056640625
687,1939,745A6328,972,3.319451332092285,991.598388671875,35.861083984375,1001549.6875,F,495.80096435546875
688,704,745A6328,973,1.9668231010437012,170.5509796142578,19.962482452392578,53379.33984375,E,989.6776733398438
688,719,745A6328,974,0.41851428151130676,39.6931266784668,17.241600036621094,9267.451171875,E,951.2371826171875
688,729,745A6328,975,0.16056489944458008,39.064208984375,24.64602279663086,18636.42578125,E,947.4329223632812
689,720,745A6328,976,0.10367393493652344,26.548925399780273,32.051353454589844,21420.5,E,1075.88720703125
690,802,745A6328,977,3.7348594665527344,214.90707397460938,15.653318405151367,41357.41796875,E,1109.4794921875
691,703,745A6328,978,0.04665914177894592,14.033641815185547,27.43962287902832,8298.8232421875,E,1848.3656005859375
692,695,745A6328,979,0.014700694009661674,3.6656415462493896,31.581741333007812,2871.521240234375,E,1432.418212890625
692,717,745A6328,980,0.39858102798461914,101.45641326904297,31.931861877441406,81248.96875,E,1460.155029296875
693,723,745A6328,981,0.17124244570732117,32.99077224731445,13.519058227539062,4735.6025390625,E,1025.2559814453125
693,725,745A6328,982,0.2212405502796173,30.214563369750977,24.188304901123047,13884.0791015625,E,1017.391357421875
694,696,745A6328,983,0.014979006722569466,3.6656415462493896,31.286968231201172,2818.167724609375,E,970.0822143554688
695,762,745A6328,984,0.5430628061294556,108.08247375488281,26.632884979248047,60211.79296875,E,1380.381103515625
696,739,745A6328,985,0.27229005098342896,52.65312957763672,28.221744537353516,32936.828125,E,945.4549560546875
697,707,745A6328,986,0.11093410104513168,32.80656814575195,34.38550567626953,30465.0234375,E,937.9581909179688
697,714,745A6328,987,0.22528612613677979,56.76348876953125,27.214303970336914,33018.203125,E,933.0037231445312
698,872,745A6328,988,1.4236209392547607,351.76202392578125,31.469928741455078,273609.0,E,1201.20849609375
699,735,745A6328,989,0.4058986008167267,110.49027252197266,29.203981399536133,74011.3046875,E,1207.3336181640625
699,779,745A6328,990,0.5445712208747864,142.5916290283203,32.35610580444336,117245.5703125,E,1125.1729736328125
700,703,745A6328,991,0.3732851445674896,82.68348693847656,29.815797805786133,57730.0,E,1812.1505126953125
700,734,745A6328,992,0.4006354510784149,90.64369201660156,30.282955169677734,65286.58984375,E,1740.9130859375
701,713,745A6328,993,0.21493101119995117,49.87691879272461,30.463088989257812,36352.76171875,E,1574.1859130859375
701,722,745A6328,994,0.5514960289001465,128.89476013183594,29.154796600341797,86048.8671875,E,1638.14453125
702,708,745A6328,995,0.04210925102233887,7.331283092498779,26.313034057617188,3986.68310546875,E,939.8557739257812
702,718,745A6328,996,0.08700572699308395,17.254566192626953,28.081689834594727,10686.6201171875,E,937.332763671875
703,711,745A6328,997,0.1456993967294693,32.80656814575195,30.2128963470459,23519.896484375,E,1855.567138671875
704,708,745A6328,998,0.09039882570505142,24.401639938354492,15.362258911132812,4522.92138671875,E,941.0677490234375
704,719,745A6328,999,0.07841664552688599,10.99692440032959,19.30616569519043,3219.238525390625,E,939.26318359375
705,710,745A6328,1000,0.014166837558150291,3.6656415462493896,32.171295166015625,2979.730224609375,E,1021.7891845703125
706,712,745A6328,1001,0.017234181985259056,2.5920000076293945,24.527437210083008,1224.6986083984375,E,1703.124267578125
706,722,745A6328,1002,0.09638919681310654,18.772924423217773,23.797611236572266,8350.0400390625,E,1695.909423828125
707,724,745A6328,1003,0.03325803577899933,9.923283576965332,34.74296569824219,9407.6044921875,E,930.0750732421875
708,737,745A6328,1004,0.24404294788837433,29.58563995361328,18.537519454956055,7984.984375,E,923.5265502929688
709,710,745A6328,1005,0.03059818036854267,7.776000022888184,31.87652015686035,6205.65966796875,E,1018.5184326171875
709,732,745A6328,1006,0.35003867745399475,91.53312683105469,29.06793212890625,60743.03515625,E,988.7592163085938
710,733,745A6328,1007,0.057291146367788315,23.956926345825195,31.314071655273438,18450.15625,E,1012.623046875
711,716,745A6328,1008,0.18492086231708527,44.692928314208984,31.099218368530273,33949.05078125,E,1884.2249755859375
712,721,745A6328,1009,0.0645785704255104,7.331283092498779,21.345884323120117,2623.603515625,E,1703.17529296875
712,727,745A6328,1010,0.21977809071540833,19.846567153930664,16.682315826416016,4337.98388671875,E,1699.631591796875
713,717,745A6328,1011,0.3527040481567383,83.12820434570312,30.755781173706055,61757.796875,E,1522.796875
713,738,745A6328,1012,0.11842796951532364,30.659282684326172,15.457130432128906,5753.2021484375,E,1544.6431884765625
714,718,745A6328,1013,0.13210232555866241,34.32492446899414,24.207246780395508,15797.568359375,E,933.3197631835938
714,736,745A6328,1014,0.03175486996769905,31.2882080078125,21.488189697265625,11346.716796875,E,918.8508911132812
715,744,745A6328,1015,0.2542436718940735,65.79733276367188,28.377323150634766,41614.15234375,E,1207.8912353515625
715,755,745A6328,1016,0.2875686585903168,72.05497741699219,31.6290283203125,56614.2265625,E,1228.3831787109375
716,747,745A6328,1017,0.739689290523529,184.139892578125,31.767364501953125,145948.671875,E,1968.193603515625
717,754,745A6328,1018,0.4920675456523895,58.2818489074707,19.23569107055664,16937.08984375,E,1469.4510498046875
718,726,745A6328,1019,0.03838944435119629,7.776000022888184,28.466259002685547,4948.8798828125,E,926.8937377929688
719,731,745A6328,1020,0.23801665008068085,37.54584503173828,19.661083221435547,11398.998046875,E,929.8226318359375
720,761,745A6328,1021,0.4137282073497772,116.93212890625,31.562047958374023,91485.8828125,E,1059.5745849609375
720,775,745A6328,1022,0.42341476678848267,107.00883483886719,31.972185134887695,85912.0703125,E,1015.7432861328125
721,727,745A6328,1023,0.1237364262342453,8.849641799926758,14.623623847961426,1486.3653564453125,E,1703.4666748046875
722,740,745A6328,1024,0.05757329612970352,30.214567184448242,15.958587646484375,6043.59228515625,E,1684.8563232421875
723,728,745A6328,1025,0.05701703205704689,9.923283576965332,27.93260955810547,6080.90625,E,1014.5103759765625
724,1939,745A6328,1026,2.9316024780273438,926.2728881835938,35.861083984375,935568.625,F,463.13787841796875
725,1939,745A6328,1027,3.3843817710876465,1005.388671875,35.861083984375,1015478.375,F,502.69329833984375
726,736,745A6328,1028,0.12521424889564514,24.585847854614258,28.118118286132812,15266.78515625,E,913.6385498046875
726,737,745A6328,1029,0.08925845474004745,27.17784881591797,27.858070373535156,16565.59375,E,915.8875732421875
727,734,745A6328,1030,0.05189356207847595,12.51528263092041,22.043859481811523,4776.45654296875,E,1701.7503662109375
728,1939,745A6328,1031,3.398312568664551,1010.165283203125,35.861083984375,1020302.9375,F,505.0829772949219
729,731,745A6328,1032,0.036910686641931534,7.331283092498779,28.176565170288086,4571.36572265625,E,928.1005249023438
729,739,745A6328,1033,0.10381802916526794,34.95384979248047,27.668331146240234,21016.0390625,E,924.3298950195312
730,732,745A6328,1034,0.029583454132080078,7.331283092498779,31.46993064880371,5702.44921875,E,968.9334106445312
730,749,745A6328,1035,0.592719316482544,119.15571594238281,26.80376434326172,67235.1484375,E,944.861328125
731,746,745A6328,1036,0.14173351228237152,22.438568115234375,25.37364959716797,11346.2119140625,E,915.2135009765625
732,758,745A6328,1037,0.2734628915786743,59.094974517822266,29.658348083496094,40825.765625,E,941.3989868164062
733,750,745A6328,1038,0.3991853892803192,36.656410217285156,18.14835548400879,9482.314453125,E,987.2100219726562
733,768,745A6328,1039,0.3383990526199341,78.31261444091797,30.549413681030273,57402.04296875,E,987.1890258789062
734,740,745A6328,1040,0.12767836451530457,21.36492347717285,25.81072998046875,11178.712890625,E,1690.1142578125
735,766,745A6328,1041,0.18238042294979095,52.46892166137695,33.91758346557617,47406.9296875,E,1212.7059326171875
736,751,745A6328,1042,0.16971030831336975,39.6931266784668,30.820953369140625,29614.015625,E,893.3414306640625
737,746,745A6328,1043,0.28806400299072266,55.689849853515625,24.12694549560547,25460.716796875,E,905.06884765625
737,773,745A6328,1044,0.32783788442611694,67.1314926147461,28.8914794921875,44010.44140625,E,879.4053344726562
738,745,745A6328,1045,0.18534523248672485,39.064205169677734,21.06127166748047,13609.37109375,E,1548.9228515625
738,754,745A6328,1046,0.48682019114494324,101.0116958618164,29.20697784423828,67676.015625,E,1492.7230224609375
739,742,745A6328,1047,0.027106812223792076,5.184000015258789,27.654775619506836,3113.831787109375,E,918.5814819335938
740,753,745A6328,1048,0.33666539192199707,66.686767578125,28.97825050354004,43981.890625,E,1650.704345703125
741,776,745A6328,1049,1.27129065990448,115.41377258300781,19.977603912353516,36177.14453125,E,1384.361328125
742,749,745A6328,1050,0.11377590894699097,27.6225643157959,25.751558303833008,14386.69140625,E,914.4771118164062
742,759,745A6328,1051,0.2082996368408203,41.21148681640625,28.323226928710938,25965.31640625,E,897.7626953125
743,744,745A6328,1052,0.013744679279625416,2.5920000076293945,27.465036392211914,1535.625244140625,E,1176.0323486328125
743,752,745A6328,1053,0.08577373623847961,16.180925369262695,27.45825958251953,9581.6259765625,E,1167.7374267578125
744,757,745A6328,1054,0.259223997592926,33.435489654541016,17.901498794555664,8415.4306640625,E,1171.837890625
745,753,745A6328,1055,0.4361167252063751,97.34606170654297,28.041271209716797,60117.87890625,E,1592.305419921875
745,791,745A6328,1056,0.47028249502182007,110.22976684570312,30.988603591918945,83136.703125,E,1511.1671142578125
746,759,745A6328,1057,0.09661971777677536,38.17477035522461,22.092988967895508,14634.4111328125,E,893.4387817382812
748,808,745A6328,1058,1.3502377271652222,237.1614227294922,27.333417892456055,139162.375,E,993.4659423828125
748,1939,745A6328,1059,3.338300943374634,994.5987548828125,35.861083984375,1004580.1875,F,497.30108642578125
749,760,745A6328,1060,0.03790795058012009,22.883283615112305,16.537975311279297,4915.55908203125,E,901.5850219726562
751,1939,745A6328,1061,2.7792325019836426,884.1798095703125,35.861083984375,893053.125,F,442.09136962890625
752,757,745A6328,1062,0.11778530478477478,23.512208938598633,15.640094757080078,4517.12451171875,E,1160.564208984375
752,790,745A6328,1063,0.5206811428070068,85.19918060302734,25.632261276245117,43964.1953125,E,1120.690673828125
753,756,745A6328,1064,0.018849562853574753,5.184000015258789,33.16404724121094,4478.06005859375,E,1619.212890625
754,772,745A6328,1065,0.12754859030246735,48.098052978515625,31.106033325195312,36551.62109375,E,1427.237060546875
755,789,745A6328,1066,0.32210129499435425,58.28184509277344,19.590776443481445,17568.16796875,E,1196.52783203125
756,798,745A6328,1067,0.4395996630191803,116.48741149902344,32.63209533691406,97422.3984375,E,1562.5977783203125
756,856,745A6328,1068,1.1530532836914062,279.9991760253906,30.313323974609375,202075.546875,E,1624.3092041015625
757,810,745A6328,1069,0.45493561029434204,106.64041900634766,30.973464965820312,80351.0078125,E,1131.8050537109375
758,780,745A6328,1070,0.1720220297574997,49.17169189453125,28.5665225982666,31515.1796875,E,892.1148071289062
758,788,745A6328,1071,0.48276281356811523,115.22956085205078,31.286972045898438,88589.21875,E,906.44384765625
759,763,745A6328,1072,0.03192548453807831,7.776000022888184,31.2005615234375,5945.26123046875,E,877.66015625
760,764,745A6328,1073,0.06773348152637482,10.99692440032959,25.391435623168945,5568.466796875,E,889.242431640625
760,767,745A6328,1074,0.2140917032957077,33.88020324707031,18.441680908203125,9049.755859375,E,884.7650146484375
761,771,745A6328,1075,0.047971390187740326,18.772924423217773,30.921035766601562,14097.103515625,E,1051.1656494140625
762,765,745A6328,1076,0.04552321135997772,6.257641315460205,23.47369384765625,2708.091796875,E,1330.4979248046875
762,776,745A6328,1077,0.4260234534740448,29.769847869873047,14.314810752868652,4791.126953125,E,1333.8062744140625
763,767,745A6328,1078,0.0795135498046875,22.883283615112305,28.149457931518555,14241.255859375,E,875.0499267578125
763,793,745A6328,1079,0.23040065169334412,58.021331787109375,31.85505485534668,46241.75,E,849.058349609375
764,774,745A6328,1080,0.1075081154704094,20.920207977294922,22.817731857299805,8554.62109375,E,877.3424682617188
764,780,745A6328,1081,0.1410662978887558,43.358768463134766,27.32950782775879,25434.921875,E,880.769287109375
765,769,745A6328,1082,0.08540163934230804,9.923283576965332,21.67623519897461,3661.954833984375,E,1323.94091796875
765,778,745A6328,1083,0.2682945728302002,26.10420799255371,15.41308307647705,4870.56640625,E,1328.1922607421875
766,770,745A6328,1084,0.3959580361843109,69.09455871582031,24.003955841064453,31267.947265625,E,1219.5694580078125
766,786,745A6328,1085,0.1482900083065033,37.990562438964844,32.09288024902344,30731.447265625,E,1184.5604248046875
767,774,745A6328,1086,0.10138490796089172,27.622568130493164,24.33769416809082,12850.2861328125,E,870.0017700195312
768,775,745A6328,1087,0.0440218523144722,17.254566192626953,31.61223602294922,13542.6728515625,E,967.39697265625
768,799,745A6328,1088,0.1902683824300766,62.76061248779297,26.355051040649414,34237.71875,E,939.2908325195312
769,781,745A6328,1089,0.19401530921459198,27.17784881591797,14.957365036010742,4775.458984375,E,1318.8963623046875
769,782,745A6328,1090,0.3155933618545532,25.03056526184082,17.932802200317383,6322.0341796875,E,1306.4793701171875
770,786,745A6328,1091,0.9532718658447266,70.16820526123047,16.858165740966797,15662.1318359375,E,1204.5155029296875
771,777,745A6328,1092,0.048279814422130585,32.80656433105469,20.932518005371094,11289.990234375,E,1051.268310546875
771,794,745A6328,1093,0.18578088283538818,40.137847900390625,29.406494140625,27260.2890625,E,1033.675537109375
772,795,745A6328,1094,0.37969735264778137,96.9013442993164,32.06995391845703,78273.7890625,E,1427.381103515625
772,804,745A6328,1095,0.49179980158805847,120.5977783203125,31.376840591430664,93249.734375,E,1349.3017578125
773,1939,745A6328,1096,2.7384469509124756,849.3102416992188,35.861083984375,857833.625,F,424.6565856933594
774,783,745A6328,1097,0.31001603603363037,46.8402099609375,20.83025360107422,15962.38671875,E,864.83984375
775,806,745A6328,1098,0.29340818524360657,74.01805114746094,31.826913833618164,58886.61328125,E,947.8329467773438
776,778,745A6328,1099,0.051561739295721054,6.257641315460205,16.86324691772461,1397.6002197265625,E,1327.506103515625
777,794,745A6328,1100,0.11948775500059128,30.843490600585938,23.541460037231445,13425.181640625,E,1041.8597412109375
778,781,745A6328,1101,0.09517619013786316,7.331283092498779,17.652708053588867,1794.2896728515625,E,1321.3023681640625
779,807,745A6328,1102,0.41576477885246277,77.23897552490234,25.98679542541504,40966.78125,E,1055.440673828125
779,846,745A6328,1103,0.7470515966415405,190.6896514892578,31.97150421142578,153088.703125,E,970.8391723632812
780,783,745A6328,1104,0.01576804369688034,3.6656415462493896,30.494117736816406,2677.145751953125,E,868.3262329101562
781,785,745A6328,1105,0.12167812883853912,10.99692440032959,18.97242546081543,3108.90087890625,E,1312.1883544921875
782,785,745A6328,1106,0.09772279858589172,21.36492347717285,16.100893020629883,4350.01904296875,E,1302.358154296875
782,792,745A6328,1107,0.18232813477516174,16.180925369262695,19.17063331604004,4670.52978515625,E,1290.158203125
783,787,745A6328,1108,0.022554758936166763,8.849641799926758,30.3111515045166,6385.87548828125,E,863.1799926757812
784,792,745A6328,1109,0.0812002494931221,23.956926345825195,13.437742233276367,3397.610595703125,E,1277.80029296875
784,805,745A6328,1110,0.539396345615387,48.98748779296875,16.58254623413086,10579.7998046875,E,1252.474853515625
785,796,745A6328,1111,0.10966035723686218,15.107283592224121,19.038496017456055,4300.7236328125,E,1300.2998046875
786,843,745A6328,1112,0.6496272683143616,151.07281494140625,30.893131256103516,113240.0546875,E,1144.539306640625
787,815,745A6328,1113,0.30442631244659424,75.27589416503906,31.969324111938477,60424.44921875,E,827.6056518554688
787,819,745A6328,1114,0.45235303044319153,108.71141052246094,31.058412551879883,82361.359375,E,843.11767578125
788,799,745A6328,1115,0.17554885149002075,47.913848876953125,33.122589111328125,41285.68359375,E,909.5299072265625
788,818,745A6328,1116,0.5247949957847595,82.4229736328125,24.26592445373535,38118.15234375,E,868.1973266601562
789,810,745A6328,1117,0.6319348216056824,73.12861633300781,19.27228546142578,21332.59375,E,1142.536376953125
789,833,745A6328,1118,0.8693169355392456,121.30299377441406,22.083784103393555,46463.12109375,E,1134.0390625
790,826,745A6328,1119,0.6090245842933655,115.85848999023438,25.632848739624023,59787.6484375,E,1029.1695556640625
790,848,745A6328,1120,1.291344404220581,158.4040985107422,21.3232421875,56566.94921875,E,1027.685546875
791,795,745A6328,1121,0.025580205023288727,7.331283092498779,33.84169387817383,6594.38134765625,E,1456.4920654296875
791,800,745A6328,1122,0.35625678300857544,67.13148498535156,21.37403106689453,24087.349609375,E,1481.4503173828125
792,797,745A6328,1123,0.07078953087329865,8.849641799926758,22.3267765045166,3464.7158203125,E,1281.398681640625
793,1939,745A6328,1124,2.7018113136291504,824.553466796875,35.861083984375,832828.375,F,412.27813720703125
794,802,745A6328,1125,0.08530275523662567,21.36492347717285,31.64527130126953,16803.853515625,E,1018.4087524414062
795,821,745A6328,1126,0.2946305274963379,85.19918060302734,30.87746810913086,63798.23046875,E,1416.4404296875
796,797,745A6328,1127,0.09784914553165436,18.144001007080078,20.691274642944336,6100.94970703125,E,1287.491943359375
796,804,745A6328,1128,0.15914730727672577,29.769847869873047,22.44367027282715,11777.5302734375,E,1294.2655029296875
797,805,745A6328,1129,0.3520852029323578,43.358768463134766,22.228761672973633,16826.638671875,E,1259.056884765625
798,800,745A6328,1130,0.02282148413360119,6.257641315460205,33.116615295410156,5390.04541015625,E,1506.0274658203125
798,813,745A6328,1131,0.9035303592681885,93.8646240234375,26.84385871887207,53122.8984375,E,1530.431396484375
799,801,745A6328,1132,0.03503483161330223,9.923283576965332,33.65026092529297,8825.1513671875,E,907.8941040039062
800,858,745A6328,1133,0.731839656829834,187.65292358398438,32.13462829589844,152191.96875,E,1416.0687255859375
801,806,745A6328,1134,0.21192573010921478,77.4994888305664,29.06470489501953,51418.63671875,E,912.7322387695312
801,822,745A6328,1135,0.28892314434051514,72.68389129638672,31.837709426879883,57864.43359375,E,872.3289794921875
802,803,745A6328,1136,0.0357317216694355,8.849641799926758,31.444517135620117,6872.3525390625,E,1008.9908447265625
803,826,745A6328,1137,0.2743096947669983,63.02112579345703,27.48423194885254,37388.94921875,E,991.2227783203125
803,829,745A6328,1138,0.3650231659412384,77.8678970336914,29.551340103149414,53407.5546875,E,967.6221923828125
804,832,745A6328,1139,0.4306304454803467,87.79117584228516,29.022872924804688,58079.32421875,E,1249.249755859375
805,825,745A6328,1140,0.32439571619033813,65.35261535644531,24.616209030151367,31102.494140625,E,1209.357421875
806,844,745A6328,1141,0.38562673330307007,105.75099182128906,33.11491775512695,91079.71875,E,899.0986938476562
807,811,745A6328,1142,0.029932601377367973,6.257641315460205,28.928754806518555,4113.01220703125,E,1046.5504150390625
807,816,745A6328,1143,0.4604702293872833,65.79733276367188,21.788440704345703,24532.990234375,E,1062.092041015625
808,809,745A6328,1144,0.018441973254084587,3.6656415462493896,28.196895599365234,2288.982666015625,E,928.4751586914062
808,812,745A6328,1145,0.11397873610258102,32.80656814575195,27.254117965698242,19138.810546875,E,922.2249145507812
809,812,745A6328,1146,0.013898567296564579,2.5920000076293945,27.312564849853516,1518.6224365234375,E,927.020751953125
810,833,745A6328,1147,0.27204155921936035,61.947486877441406,26.588481903076172,34395.421875,E,1093.880859375
810,845,745A6328,1148,0.6296734809875488,130.7052764892578,29.2175350189209,87633.5,E,1044.41064453125
811,816,745A6328,1149,0.045933958142995834,10.99692440032959,30.966777801513672,8282.341796875,E,1045.5660400390625
812,814,745A6328,1150,0.034169092774391174,6.257641315460205,27.126211166381836,3616.419677734375,E,924.7366943359375
814,817,745A6328,1151,0.11453624069690704,16.180925369262695,23.927715301513672,7276.05078125,E,915.8723754882812
814,820,745A6328,1152,0.08984339982271194,20.920207977294922,30.47378921508789,15258.3935546875,E,920.1656494140625
815,1939,745A6328,1153,2.6535370349884033,794.759765625,35.861083984375,802735.6875,F,397.3820495605469
816,866,745A6328,1154,0.612011194229126,163.06707763671875,32.671024322509766,136704.140625,E,1040.512451171875
817,1939,745A6328,1155,3.006706476211548,909.41162109375,35.861083984375,918538.125,F,454.70721435546875
818,819,745A6328,1156,0.04624762013554573,9.923283576965332,29.248939514160156,6667.53857421875,E,827.9596557617188
818,822,745A6328,1157,0.17026537656784058,46.840206146240234,18.61496353149414,12747.736328125,E,836.143798828125
819,835,745A6328,1158,0.10720619559288025,41.65620803833008,18.393035888671875,11068.185546875,E,804.7649536132812
820,823,745A6328,1159,0.10594595223665237,24.585847854614258,30.98710823059082,18541.171875,E,905.17822265625
821,830,745A6328,1160,0.6033773422241211,124.3396987915039,30.243236541748047,89321.546875,E,1323.3087158203125
821,873,745A6328,1161,0.7687182426452637,144.73892211914062,26.510072708129883,79890.8515625,E,1312.752685546875
822,838,745A6328,1162,0.20029723644256592,49.61640930175781,31.52329444885254,38723.83984375,E,817.1939086914062
823,1939,745A6328,1163,2.9441657066345215,894.4165649414062,35.861083984375,903392.625,F,447.2095947265625
824,827,745A6328,1164,0.14638830721378326,40.58256149291992,33.43646240234375,35634.4453125,E,785.878662109375
824,1939,745A6328,1165,2.616901397705078,778.722412109375,35.861083984375,786537.375,F,389.36029052734375
825,837,745A6328,1166,0.25623974204063416,51.134769439697266,24.526514053344727,24158.935546875,E,1187.9185791015625
825,843,745A6328,1167,0.2642364203929901,62.76061248779297,26.59522819519043,34864.5859375,E,1148.9573974609375
826,868,745A6328,1168,0.39166954159736633,92.60678100585938,30.776884078979492,68894.09375,E,949.690185546875
827,831,745A6328,1169,0.042070839554071426,12.51528263092041,30.717742919921875,9274.8974609375,E,785.3431396484375
827,834,745A6328,1170,0.07014690339565277,16.180925369262695,31.0057430267334,12217.3642578125,E,779.0279541015625
828,862,745A6328,1171,1.2996203899383545,330.2892150878906,32.0968132019043,267244.09375,E,1794.777099609375
829,847,745A6328,1172,0.22161497175693512,62.131690979003906,28.804067611694336,40486.54296875,E,904.6951293945312
829,882,745A6328,1173,0.5182942152023315,124.52391052246094,27.835886001586914,75779.671875,E,907.85498046875
830,832,745A6328,1174,0.3412228226661682,79.2020492553711,27.874526977539062,48332.7265625,E,1239.4466552734375
830,875,745A6328,1175,0.5189588665962219,91.34891510009766,22.962915420532227,37830.95703125,E,1244.5103759765625
831,835,745A6328,1176,0.09411996603012085,22.883283615112305,31.14466094970703,17433.1328125,E,784.6422119140625
831,836,745A6328,1177,0.04104563593864441,12.51528263092041,30.478870391845703,9131.208984375,E,776.2142333984375
832,837,745A6328,1178,0.056753650307655334,14.662566184997559,32.08387756347656,11854.236328125,E,1204.7979736328125
833,840,745A6328,1179,0.09337128698825836,19.217641830444336,28.740707397460938,12467.6572265625,E,1076.9091796875
834,1939,745A6328,1180,2.597200393676758,771.5718383789062,35.861083984375,779315.0625,F,385.7880859375
835,839,745A6328,1181,0.09647051990032196,42.72984313964844,23.452009201049805,18457.859375,E,789.1511840820312
835,841,745A6328,1182,0.08236243575811386,20.291284561157227,31.614778518676758,15928.6767578125,E,776.3767700195312
836,1939,745A6328,1183,2.5944340229034424,770.630859375,35.861083984375,778364.625,F,385.317626953125
837,883,745A6328,1184,0.47309058904647827,116.48739624023438,31.371110916137695,90038.578125,E,1143.858154296875
838,839,745A6328,1185,0.02954385243356228,7.331283092498779,31.503808975219727,5714.73388671875,E,790.5733032226562
838,851,745A6328,1186,0.04750441014766693,38.61948776245117,27.21600341796875,22467.0,E,785.0355224609375
839,849,745A6328,1187,0.134201779961586,27.17784881591797,29.42795181274414,18485.236328125,E,774.5913696289062
840,848,745A6328,1188,0.7459776997566223,115.49005889892578,24.657320022583008,55147.5546875,E,1021.71533203125
840,870,745A6328,1189,0.3617078959941864,65.16840362548828,24.077198028564453,29671.45703125,E,1044.3543701171875
841,1939,745A6328,1190,2.580838680267334,766.903564453125,35.861083984375,774599.9375,F,383.4520263671875
842,855,745A6328,1191,0.35436975955963135,84.83076477050781,31.080961227416992,64362.38671875,E,816.8225708007812
843,871,745A6328,1192,0.3992307782173157,73.75753784179688,27.320878982543945,43239.9921875,E,1082.83447265625
844,847,745A6328,1193,0.046062860637903214,12.51528263092041,32.929588317871094,10658.6728515625,E,873.206787109375
844,879,745A6328,1194,0.32804957032203674,87.79117584228516,30.132610321044922,62605.75390625,E,828.6402587890625
845,848,745A6328,1195,0.012388979084789753,2.5920000076293945,28.928754806518555,1703.66552734375,E,981.5482177734375
846,850,745A6328,1196,0.21102333068847656,28.067283630371094,22.536605834960938,11196.11328125,E,871.6740112304688
846,867,745A6328,1197,0.1943155974149704,43.803489685058594,30.533422470092773,32073.73828125,E,864.8914184570312
847,876,745A6328,1198,0.23771050572395325,56.76348876953125,31.05521011352539,42995.98828125,E,860.9082641601562
848,868,745A6328,1199,0.17542706429958344,55.874053955078125,28.727157592773438,36214.73828125,E,955.1825561523438
849,1939,745A6328,1200,2.55779767036438,761.58056640625,35.861083984375,769223.5,F,380.79302978515625
850,1939,745A6328,1201,2.7935147285461426,860.6845092773438,35.861083984375,869322.0625,F,430.3434753417969
851,854,745A6328,1202,0.025772737339138985,12.51528263092041,31.198869705200195,9567.7158203125,E,775.4642333984375
851,859,745A6328,1203,0.08282996714115143,17.254566192626953,29.619951248168945,11889.47265625,E,767.8638305664062
852,853,745A6328,1204,0.11916418373584747,30.659282684326172,32.067955017089844,24762.49609375,E,1509.8392333984375
852,857,745A6328,1205,0.21280023455619812,50.9505615234375,30.990585327148438,38432.48046875,E,1543.501220703125
852,881,745A6328,1206,0.3097597360610962,57.39241409301758,24.588422775268555,27252.458984375,E,1516.780517578125
853,858,745A6328,1207,0.7189291715621948,192.1763916015625,32.79563522338867,162338.6875,E,1415.0565185546875
853,887,745A6328,1208,0.5944508910179138,62.39220428466797,23.146163940429688,26252.9609375,E,1484.62939453125
854,855,745A6328,1209,0.08174622803926468,22.883283615112305,33.45543670654297,20116.0,E,782.7903442382812
854,860,745A6328,1210,0.033176884055137634,8.849641799926758,32.6185417175293,7395.10986328125,E,771.7745361328125
855,874,745A6328,1211,0.4654531478881836,35.843284606933594,16.279342651367188,7460.5595703125,E,772.4698486328125
856,857,745A6328,1212,0.09508921205997467,24.401639938354492,32.026954650878906,19658.0390625,E,1572.49560546875
856,862,745A6328,1213,0.2903171181678772,77.94420623779297,32.76119613647461,65704.21875,E,1613.7835693359375
857,881,745A6328,1214,0.2031405121088028,52.20840835571289,27.37693977355957,30732.66015625,E,1543.41455078125
858,880,745A6328,1215,0.17133258283138275,58.021331787109375,31.936052322387695,46477.20703125,E,1306.503173828125
859,1939,745A6328,1216,2.5428202152252197,759.814208984375,35.861083984375,767439.4375,F,379.9089660644531
860,863,745A6328,1217,0.054556358605623245,9.923283576965332,29.025318145751953,6565.9755859375,E,762.772216796875
860,864,745A6328,1218,0.07456132024526596,12.51528263092041,25.808189392089844,6547.0498046875,E,763.8131103515625
861,912,745A6328,1219,0.4839673340320587,117.56103515625,28.924686431884766,77248.6015625,E,879.0463256835938
862,953,745A6328,1220,1.052518606185913,235.7509765625,28.635334014892578,151826.609375,E,1693.2283935546875
863,1939,745A6328,1221,2.5306084156036377,758.4335327148438,35.861083984375,766044.875,F,379.2185363769531
864,1939,745A6328,1222,2.5292251110076904,758.8187866210938,35.861083984375,766434.0,F,379.40850830078125
865,898,745A6328,1223,0.6758674383163452,96.01189422607422,21.91510581970215,36216.12890625,E,949.5271606445312
866,871,745A6328,1224,0.04270918294787407,9.923283576965332,30.48395538330078,7242.490234375,E,1045.4271240234375
866,878,745A6328,1225,0.16375529766082764,36.027488708496094,24.247907638549805,16636.8984375,E,1027.0859375
867,1939,745A6328,1226,2.7181894779205322,844.9482421875,35.861083984375,853427.8125,F,422.475341796875
868,869,745A6328,1227,0.013849975541234016,3.6656415462493896,32.53722381591797,3047.90087890625,E,927.4525146484375
869,885,745A6328,1228,0.10690964758396149,45.50605392456055,21.366212844848633,16316.017578125,E,905.0403442382812
869,898,745A6328,1229,0.20937985181808472,47.913848876953125,30.321916580200195,34599.05859375,E,917.064208984375
870,877,745A6328,1230,0.03396710008382797,18.772924423217773,20.776660919189453,6364.6328125,E,1005.5364379882812
870,891,745A6328,1231,0.23960818350315094,43.358768463134766,22.20479965209961,16790.380859375,E,1015.1624145507812
871,893,745A6328,1232,0.17213594913482666,39.064205169677734,24.361412048339844,18208.484375,E,1032.765869140625
872,891,745A6328,1233,0.2066730260848999,45.50605392456055,29.773876190185547,31683.255859375,E,1032.2784423828125
872,911,745A6328,1234,0.4019947052001953,85.4596939086914,26.7071533203125,47874.7421875,E,1047.471923828125
873,875,745A6328,1235,0.18288707733154297,31.73292350769043,26.56037712097168,17582.005859375,E,1234.3389892578125
873,888,745A6328,1236,0.07630227506160736,32.99077224731445,20.024471282958984,10389.7353515625,E,1252.4481201171875
874,1939,745A6328,1237,2.5109071731567383,757.8220825195312,35.861083984375,765427.3125,F,378.91265869140625
875,886,745A6328,1238,0.36002683639526367,82.68348693847656,30.301666259765625,59626.82421875,E,1185.5418701171875
876,884,745A6328,1239,0.08605490624904633,19.84656524658203,30.375045776367188,14381.6640625,E,846.4987182617188
876,889,745A6328,1240,0.33212077617645264,42.28512954711914,20.923484802246094,14539.369140625,E,831.9258422851562
877,895,745A6328,1241,0.19701263308525085,37.10112762451172,20.924774169921875,12758.46875,E,1003.1055908203125
877,909,745A6328,1242,0.6754450798034668,119.52410888671875,26.092796325683594,63912.62890625,E,938.4963989257812
878,893,745A6328,1243,0.02763761207461357,28.251487731933594,23.03322410583496,11771.740234375,E,1013.6414794921875
878,899,745A6328,1244,0.19000224769115448,36.027488708496094,21.505613327026367,13086.62109375,E,993.140869140625
879,889,745A6328,1245,0.30216461420059204,60.42912673950195,21.27134132385254,21474.642578125,E,797.1537475585938
879,894,745A6328,1246,0.14623938500881195,34.95384979248047,31.104001998901367,26559.349609375,E,776.45068359375
880,888,745A6328,1247,0.09982617199420929,26.10420799255371,32.37120056152344,21484.142578125,E,1269.345947265625
880,892,745A6328,1248,0.15921691060066223,42.7298469543457,26.38351058959961,23360.728515625,E,1292.603515625
881,897,745A6328,1249,0.12536317110061646,25.659488677978516,24.70023536682129,12295.326171875,E,1508.935546875
882,885,745A6328,1250,0.016553053632378578,3.6656415462493896,29.76226043701172,2550.18505859375,E,881.5963134765625
882,896,745A6328,1251,0.11521058529615402,23.512208938598633,28.494211196899414,14993.2763671875,E,870.1326293945312
883,886,745A6328,1252,0.4197082817554474,77.05477142333984,25.451539993286133,39202.84375,E,1119.6480712890625
883,939,745A6328,1253,0.964204728603363,158.7725067138672,26.484243392944336,87466.21875,E,1018.7553100585938
884,890,745A6328,1254,0.03390031307935715,7.331283092498779,29.416658401489258,4982.60595703125,E,840.079833984375
884,896,745A6328,1255,0.15364409983158112,37.990562438964844,25.730262756347656,19753.95703125,E,852.9174194335938
885,906,745A6328,1256,0.222493976354599,41.65620803833008,27.46232795715332,24674.271484375,E,871.9907836914062
886,915,745A6328,1257,0.41809797286987305,77.68368530273438,25.231704711914062,38843.01171875,E,1121.565185546875
887,892,745A6328,1258,1.0556920766830444,214.35446166992188,29.13584327697754,142914.921875,E,1386.26025390625
887,897,745A6328,1259,0.07570788264274597,26.54892349243164,18.60818862915039,7220.1298828125,E,1487.9002685546875
888,914,745A6328,1260,0.32388371229171753,84.57025146484375,28.38857078552246,53529.671875,E,1217.0634765625
889,890,745A6328,1261,0.26819106936454773,45.32184600830078,21.683351516723633,16735.947265625,E,821.0949096679688
890,921,745A6328,1262,0.31959137320518494,61.05805206298828,27.9885196685791,37565.80078125,E,824.6928100585938
891,895,745A6328,1263,0.016001878306269646,3.6656415462493896,30.27049446105957,2638.025146484375,E,1009.624755859375
892,917,745A6328,1264,0.12975512444972992,50.95056915283203,24.710397720336914,24434.21484375,E,1291.2523193359375
893,903,745A6328,1265,0.20816706120967865,33.435489654541016,25.615062713623047,17230.123046875,E,1000.798583984375
894,1939,745A6328,1266,2.4837169647216797,759.9998779296875,35.861083984375,767626.9375,F,379.9949951171875
895,910,745A6328,1267,0.2058270275592804,44.24820327758789,29.33279800415039,29901.466796875,E,993.5612182617188
896,902,745A6328,1268,0.01949109509587288,16.625642776489258,23.063720703125,6945.87744140625,E,854.6396484375
897,907,745A6328,1269,0.2003367841243744,34.32492446899414,19.221460342407227,9960.294921875,E,1489.28076171875
898,909,745A6328,1270,0.17505523562431335,36.91692352294922,29.044919967651367,24459.9609375,E,897.3355712890625
899,901,745A6328,1271,0.05088624358177185,9.923282623291016,27.978355407714844,6100.83935546875,E,979.0856323242188
899,904,745A6328,1272,0.24253667891025543,41.65620422363281,26.378089904785156,22764.404296875,E,962.8275146484375
900,931,745A6328,1273,0.9093765020370483,139.37071228027344,29.765491485595703,96981.1953125,E,1867.554931640625
901,903,745A6328,1274,0.07307537645101547,15.107283592224121,28.735624313354492,9797.55078125,E,982.3812866210938
901,918,745A6328,1275,0.09947025775909424,41.84041213989258,23.59025001525879,18287.35546875,E,958.0968017578125
902,906,745A6328,1276,0.1009259819984436,25.03056526184082,23.23651885986328,10614.576171875,E,854.0123291015625
902,921,745A6328,1277,0.26798155903816223,36.027488708496094,19.68177604675293,10961.0576171875,E,833.13525390625
903,939,745A6328,1278,0.6127573251724243,65.16841125488281,19.028329849243164,18532.259765625,E,965.0288696289062
904,918,745A6328,1279,0.12762287259101868,28.69620704650879,25.028411865234375,14118.2529296875,E,939.4713745117188
904,927,745A6328,1280,0.4998393654823303,112.89805603027344,30.47989273071289,82376.4765625,E,893.523193359375
905,960,745A6328,1281,0.571700930595398,164.58543395996094,31.864503860473633,131248.875,E,2103.81787109375
906,929,745A6328,1282,0.17932924628257751,39.248409271240234,29.596237182617188,27001.31640625,E,858.5167846679688
907,908,745A6328,1283,1.0875344276428223,211.31776428222656,28.95409393310547,139138.03125,E,1574.0638427734375
907,923,745A6328,1284,0.11101708561182022,23.512208938598633,29.015151977539062,15546.513671875,E,1471.61376953125
909,924,745A6328,1285,0.05496639013290405,11.441641807556152,28.806774139404297,7457.05810546875,E,883.5158081054688
910,925,745A6328,1286,0.736538827419281,69.27877044677734,19.136754989624023,19926.30078125,E,1006.0281982421875
910,930,745A6328,1287,0.06430365145206451,21.36492347717285,27.912282943725586,13073.201171875,E,973.631591796875
911,925,745A6328,1288,0.09028084576129913,14.662566184997559,22.296283721923828,5724.859375,E,1030.9031982421875
911,933,745A6328,1289,0.11712662875652313,30.843490600585938,24.463058471679688,14496.892578125,E,1042.1494140625
912,919,745A6328,1290,0.03341394662857056,7.331283092498779,29.59284782409668,5042.470703125,E,828.837646484375
912,920,745A6328,1291,0.1448255181312561,33.25128173828125,30.66926383972168,24564.333984375,E,815.8654174804688
913,951,745A6328,1292,0.4493981897830963,91.90154266357422,29.02829933166504,60821.3203125,E,1933.57177734375
914,926,745A6328,1293,0.397026002407074,90.01478576660156,30.30988311767578,64948.96875,E,1211.8992919921875
914,943,745A6328,1294,0.3154841959476471,85.64389038085938,33.01797866821289,73330.9375,E,1139.91552734375
915,944,745A6328,1295,0.2624184489250183,58.9107666015625,26.187408447265625,31729.962890625,E,1094.2310791015625
915,954,745A6328,1296,1.5005581378936768,204.3548583984375,25.019798278808594,100471.3984375,E,993.58349609375
916,922,745A6328,1297,0.01789596490561962,3.6656415462493896,28.623809814453125,2358.81982421875,E,1209.935302734375
917,923,745A6328,1298,1.264003038406372,222.13046264648438,28.57563591003418,142458.96875,E,1367.0426025390625
917,926,745A6328,1299,0.15486399829387665,37.990562438964844,31.349407196044922,29324.072265625,E,1263.596923828125
918,973,745A6328,1300,0.781598687171936,182.91363525390625,31.000505447387695,138061.796875,E,850.7713012695312
919,927,745A6328,1301,0.1549733430147171,32.80656433105469,29.376001358032227,22234.94140625,E,838.6029052734375
919,940,745A6328,1302,0.07632176578044891,34.32492446899414,16.649789810180664,7473.37939453125,E,816.683349609375
920,1939,745A6328,1303,2.5016584396362305,802.7838745117188,35.861083984375,810840.3125,F,401.3841857910156
921,949,745A6328,1304,0.21769189834594727,49.43220901489258,30.293081283569336,35627.6171875,E,806.4703979492188
922,928,745A6328,1305,0.1270432025194168,23.956924438476562,27.507951736450195,14237.6220703125,E,1197.5401611328125
922,935,745A6328,1306,1.0378105640411377,88.94112396240234,21.467859268188477,32193.6328125,E,1186.4014892578125
923,978,745A6328,1307,1.0343126058578491,221.9778594970703,28.458593368530273,141197.3125,E,1359.0465087890625
924,929,745A6328,1308,0.054638881236314774,23.956924438476562,28.949081420898438,15768.5048828125,E,869.8074340820312
924,942,745A6328,1309,0.05423354357481003,40.137847900390625,27.012706756591797,23002.771484375,E,877.142822265625
925,934,745A6328,1310,0.13825640082359314,16.180925369262695,21.63727378845215,5949.74462890625,E,1023.0875244140625
926,974,745A6328,1311,0.5090104937553406,119.60041809082031,27.79620361328125,72576.0859375,E,1228.15234375
927,940,745A6328,1312,0.2666447162628174,48.54277038574219,23.5858154296875,21208.806640625,E,825.3096923828125
928,935,745A6328,1313,0.11619048565626144,25.030563354492188,29.276611328125,16850.0859375,E,1175.447265625
929,936,745A6328,1314,0.049151599407196045,11.441641807556152,30.518512725830078,8369.6044921875,E,854.7763671875
930,932,745A6328,1315,0.017694318667054176,3.6656415462493896,28.786447525024414,2385.700927734375,E,966.065185546875
930,937,745A6328,1316,0.29898616671562195,60.873844146728516,28.531408309936523,38919.48046875,E,943.975830078125
931,953,745A6328,1317,0.317752480506897,75.72061157226562,31.15312957763672,57717.4765625,E,1775.3704833984375
931,957,745A6328,1318,1.3770008087158203,259.3394775390625,28.384546279907227,164105.234375,E,1772.97998046875
932,941,745A6328,1319,0.4937995374202728,71.42605590820312,22.24952507019043,27770.77734375,E,983.7117309570312
932,947,745A6328,1320,0.1911817491054535,39.248409271240234,28.635671615600586,25277.068359375,E,948.1511840820312
933,935,745A6328,1321,0.6584309339523315,148.55712890625,30.128929138183594,105913.375,E,1100.6966552734375
933,938,745A6328,1322,0.059333499521017075,10.99692440032959,27.180423736572266,6380.77734375,E,1038.97705078125
934,938,745A6328,1323,0.13235630095005035,17.699283599853516,23.294601440429688,7543.20849609375,E,1028.60205078125
934,941,745A6328,1324,0.058388601988554,19.846567153930664,15.846776962280273,3914.32763671875,E,1014.6712036132812
936,942,745A6328,1325,0.1753172129392624,45.32184600830078,28.38324546813965,28676.201171875,E,858.9737548828125
936,952,745A6328,1326,0.2211143523454666,56.94769287109375,32.197269439697266,46366.48046875,E,823.3616943359375
937,946,745A6328,1327,0.197196826338768,47.4691276550293,25.735187530517578,24691.974609375,E,894.1151733398438
937,947,745A6328,1328,0.10516512393951416,41.21148681640625,22.264774322509766,16045.185546875,E,920.4290771484375
938,948,745A6328,1329,0.048662733286619186,23.956924438476562,14.596517562866211,4008.8466796875,E,1025.7506103515625
939,954,745A6328,1330,0.1938258558511734,40.76676940917969,28.958467483520508,26850.1875,E,924.9666748046875
940,945,745A6328,1331,0.10844065994024277,19.846567153930664,27.75255012512207,12005.5224609375,E,796.87158203125
941,948,745A6328,1332,0.15869751572608948,22.438568115234375,23.820987701416016,10000.1044921875,E,1010.4617309570312
942,946,745A6328,1333,0.03067164123058319,7.331283092498779,30.921035766601562,5505.26171875,E,871.4451904296875
943,944,745A6328,1334,0.03636663407087326,10.368000030517578,33.76308822631836,9282.5908203125,E,1094.9334716796875
943,970,745A6328,1335,0.8294575214385986,91.27262115478516,17.66411781311035,22367.337890625,E,1109.5301513671875
944,962,745A6328,1336,0.35315465927124023,86.53333282470703,31.537925720214844,67598.890625,E,1051.528564453125
945,1939,745A6328,1337,2.504662275314331,787.6140747070312,35.861083984375,795518.3125,F,393.8081359863281
946,959,745A6328,1338,0.2101546674966812,43.358768463134766,28.951984405517578,28544.568359375,E,872.9175415039062
947,958,745A6328,1339,0.11231951415538788,31.732921600341797,24.491134643554688,14949.1923828125,E,922.73291015625
948,955,745A6328,1340,0.7811989784240723,122.63713073730469,25.130767822265625,60830.77734375,E,1059.0848388671875
949,1939,745A6328,1341,2.517446994781494,789.7820434570312,35.861083984375,797708.0,F,394.89215087890625
950,951,745A6328,1342,0.6303596496582031,84.83076477050781,21.474365234375,30724.4375,E,1932.97412109375
951,956,745A6328,1343,0.6054202318191528,169.47732543945312,31.787439346313477,134497.0,E,1819.0087890625
952,1939,745A6328,1344,2.569969415664673,797.5150756835938,35.861083984375,805518.625,F,398.75531005859375
953,956,745A6328,1345,0.0259762741625309,7.331283092498779,33.59096145629883,6497.02783203125,E,1745.9093017578125
954,965,745A6328,1346,0.2022702991962433,41.84041213989258,28.68167495727539,27033.0390625,E,889.2188110351562
956,961,745A6328,1347,0.07014957070350647,18.328208923339844,32.19500732421875,14920.6240234375,E,1736.28759765625
957,961,745A6328,1348,0.10004247725009918,48.35856628417969,25.71089744567871,25107.169921875,E,1708.554931640625
957,964,745A6328,1349,0.6934949159622192,186.54769897460938,32.85053634643555,158111.953125,E,1603.169677734375
958,963,745A6328,1350,0.062347617000341415,14.662566184997559,30.603897094726562,10785.8232421875,E,908.111083984375
958,969,745A6328,1351,1.276401400566101,255.1975555419922,28.601049423217773,163957.140625,E,1007.871337890625
959,963,745A6328,1352,0.10145745426416397,39.50891876220703,29.33759880065918,26707.556640625,E,888.4077758789062
959,972,745A6328,1353,0.27870655059814453,53.282047271728516,25.94032859802246,28159.29296875,E,849.854248046875
960,980,745A6328,1354,0.6324271559715271,165.10647583007812,32.36442184448242,135828.125,E,2098.23193359375
960,998,745A6328,1355,1.382957100868225,359.1696472167969,32.28723907470703,294070.40625,E,1872.1324462890625
961,1008,745A6328,1356,0.5678233504295349,150.18338012695312,30.69599151611328,111141.203125,E,1684.7169189453125
962,967,745A6328,1357,0.2476782351732254,69.7234878540039,29.736846923828125,48423.796875,E,1035.0087890625
962,979,745A6328,1358,0.7441614270210266,196.21047973632812,32.6771354675293,164550.8125,E,924.2254028320312
963,985,745A6328,1359,0.29386985301971436,70.16820526123047,31.106340408325195,53324.6640625,E,878.5497436523438
964,987,745A6328,1360,1.0277719497680664,265.04449462890625,31.51656723022461,206769.5,E,1404.0765380859375
964,1009,745A6328,1361,0.5842026472091675,149.10975646972656,32.14826965332031,121035.046875,E,1530.1822509765625
965,971,745A6328,1362,0.16462074220180511,39.6931266784668,24.709270477294922,19033.779296875,E,853.0503540039062
965,979,745A6328,1363,0.06980534642934799,40.58256149291992,21.24423599243164,14385.056640625,E,856.0189208984375
966,988,745A6328,1364,0.30460572242736816,78.12841033935547,32.02861022949219,62947.0078125,E,1210.57958984375
967,970,745A6328,1365,0.287907212972641,70.79712677001953,28.3402156829834,44659.29296875,E,1087.5101318359375
967,975,745A6328,1366,0.09669341146945953,22.883283615112305,30.83293914794922,17085.908203125,E,1057.094970703125
968,989,745A6328,1367,0.5620338916778564,136.1497802734375,31.133569717407227,103648.890625,E,1310.8135986328125
970,974,745A6328,1368,0.4470936059951782,117.89785766601562,32.478084564208984,97673.46875,E,1161.9232177734375
971,981,745A6328,1369,0.1599579006433487,30.843490600585938,27.9204158782959,18884.138671875,E,835.6364135742188
971,983,745A6328,1370,0.32386136054992676,54.80040740966797,26.585220336914062,30419.6484375,E,810.7989501953125
972,1939,745A6328,1371,2.722813844680786,825.2986450195312,35.861083984375,833581.0625,F,412.64532470703125
973,1939,745A6328,1372,2.4937350749969482,764.6400146484375,35.861083984375,772313.6875,F,382.1281433105469
974,978,745A6328,1373,0.23483631014823914,58.726558685302734,31.79150390625,46617.2421875,E,1235.7154541015625
975,990,745A6328,1374,0.22561995685100555,55.874053955078125,31.464277267456055,43444.578125,E,1061.86328125
975,1000,745A6328,1375,0.5037686824798584,138.29705810546875,30.05325698852539,98103.8203125,E,991.9984130859375
976,977,745A6328,1376,0.0525183230638504,11.441641807556152,23.080657958984375,4787.12353515625,E,765.0414428710938
976,1939,745A6328,1377,2.4931626319885254,761.1305541992188,35.861083984375,768769.0,F,380.5668029785156
977,984,745A6328,1378,0.22051936388015747,34.9538459777832,18.59269905090332,9490.0771484375,E,776.5001220703125
977,986,745A6328,1379,0.5967446565628052,55.689849853515625,21.46480941772461,20152.083984375,E,763.9366455078125
978,982,745A6328,1380,0.041202858090400696,8.849641799926758,29.299762725830078,5966.83154296875,E,1258.244873046875
979,981,745A6328,1381,0.01700298674404621,3.6656415462493896,29.36583709716797,2482.702392578125,E,838.4249877929688
981,983,745A6328,1382,0.188618004322052,59.35548782348633,24.958972930908203,29040.505859375,E,810.0255126953125
982,987,745A6328,1383,0.06987008452415466,39.248409271240234,20.830869674682617,13376.015625,E,1268.173583984375
982,993,745A6328,1384,0.16655033826828003,44.248207092285156,26.31235694885254,24060.5234375,E,1246.1014404296875
983,984,745A6328,1385,0.028888382017612457,6.257641315460205,29.45054054260254,4262.72314453125,E,785.5563354492188
984,986,745A6328,1386,0.04075964167714119,8.849641799926758,29.487810134887695,6043.66796875,E,780.2540283203125
985,1939,745A6328,1387,2.8581507205963135,855.5092163085938,35.861083984375,864094.8125,F,427.75628662109375
986,997,745A6328,1388,0.49417054653167725,37.54584884643555,16.29741096496582,7832.29443359375,E,771.1591186523438
987,999,745A6328,1389,0.09690529108047485,37.10112762451172,28.71965217590332,24034.513671875,E,1262.71728515625
988,989,745A6328,1390,0.17344193160533905,41.027278900146484,25.607666015625,21130.150390625,E,1229.72265625
988,992,745A6328,1391,0.03451339900493622,8.849641799926758,32.018821716308594,7125.67919921875,E,1207.7767333984375
989,1002,745A6328,1392,0.088590607047081,44.87712860107422,25.11495590209961,22232.064453125,E,1233.726318359375
990,994,745A6328,1393,0.07123713940382004,17.254566192626953,31.134490966796875,13136.4326171875,E,1070.314697265625
990,1010,745A6328,1394,1.0134333372116089,93.8646240234375,16.96440887451172,21216.283203125,E,1023.55126953125
991,1017,745A6328,1395,1.0285842418670654,115.04533386230469,23.68869400024414,50703.87109375,E,971.2564697265625
992,1002,745A6328,1396,0.0876949205994606,33.435489654541016,30.107858657836914,23804.404296875,E,1210.8331298828125
992,1017,745A6328,1397,1.0815346240997314,271.4863586425781,31.717496871948242,214504.171875,E,1080.468505859375
993,999,745A6328,1398,0.07645699381828308,18.328208923339844,30.92103385925293,13763.15234375,E,1242.634033203125
993,1011,745A6328,1399,0.7994364500045776,142.66790771484375,29.846481323242188,99816.5234375,E,1173.059326171875
994,1011,745A6328,1400,0.29123130440711975,73.57333374023438,28.82603645324707,48015.35546875,E,1092.8358154296875
994,1012,745A6328,1401,1.126612663269043,54.80040740966797,9.364235877990723,3774.14306640625,E,1048.92431640625
995,996,745A6328,1402,0.2937389612197876,25.47528076171875,18.778278350830078,7055.3798828125,E,788.808837890625
995,1001,745A6328,1403,0.4789232015609741,103.41950225830078,29.87835121154785,72511.28125,E,840.0899047851562
995,1004,745A6328,1404,0.05547033250331879,22.883283615112305,13.671529769897461,3359.250732421875,E,791.319091796875
996,997,745A6328,1405,0.1370619535446167,10.368000030517578,15.135246276855469,1865.3651123046875,E,773.548095703125
996,1005,745A6328,1406,0.24424752593040466,20.736000061035156,13.535322189331055,2983.6787109375,E,772.925048828125
997,1003,745A6328,1407,0.157093808054924,19.217641830444336,11.723294258117676,2074.384765625,E,762.8505859375
998,1008,745A6328,1408,0.174338236451149,57.837127685546875,32.015010833740234,46559.02734375,E,1677.4677734375
998,1030,745A6328,1409,1.095697045326233,295.6274719238281,32.859317779541016,250698.5,E,1815.6917724609375
999,1060,745A6328,1410,1.1085529327392578,282.4832763671875,31.945154190063477,226408.4375,E,1161.153076171875
1000,1001,745A6328,1411,0.24554218351840973,59.80020523071289,31.27495574951172,45939.46875,E,904.61376953125
1000,1010,745A6328,1412,0.33819779753685,84.38605499267578,31.7279052734375,66718.0546875,E,954.961181640625
1001,1028,745A6328,1413,0.8355833292007446,160.9197998046875,27.6553955078125,96662.75,E,905.1752319335938
1002,1050,745A6328,1414,0.864396870136261,205.7653350830078,30.863027572631836,153935.625,E,1194.8919677734375
1003,1005,745A6328,1415,0.1074887216091156,14.033641815185547,22.887527465820312,5773.75048828125,E,762.4127197265625
1003,1007,745A6328,1416,0.11834913492202759,16.180925369262695,24.534212112426758,7649.578125,E,750.45361328125
1004,1005,745A6328,1417,0.14632472395896912,20.291284561157227,23.536373138427734,8828.3291015625,E,774.9392700195312
1004,1013,745A6328,1418,0.4683379530906677,70.3524169921875,21.489255905151367,25515.9453125,E,805.2368774414062
1006,1047,745A6328,1419,0.983691930770874,245.2295379638672,31.583717346191406,192127.328125,E,1338.80224609375
1007,1939,745A6328,1420,2.483046054840088,742.6882934570312,35.861083984375,750141.625,F,371.3460388183594
1008,1021,745A6328,1421,0.34418928623199463,96.19611358642578,33.461509704589844,84593.78125,E,1610.654052734375
1009,1020,745A6328,1422,0.20199054479599,63.65005111694336,30.49547576904297,46489.9921875,E,1557.342529296875
1009,1022,745A6328,1423,0.5188776850700378,124.70813751220703,29.60470962524414,85843.2734375,E,1486.1199951171875
1010,1012,745A6328,1424,0.2252175211906433,55.689849853515625,31.44756507873535,43255.36328125,E,1006.8966674804688
1011,1014,745A6328,1425,0.13076607882976532,33.435489654541016,31.896848678588867,26717.333984375,E,1090.990234375
1012,1014,745A6328,1426,0.304841548204422,61.94748306274414,25.13193702697754,30730.205078125,E,1054.4158935546875
1013,1027,745A6328,1427,0.3086809813976288,80.45989227294922,28.881675720214844,52712.55859375,E,787.6268920898438
1013,1033,745A6328,1428,1.2005425691604614,148.84922790527344,23.66431999206543,65467.31640625,E,862.31884765625
1014,1025,745A6328,1429,0.4165012836456299,90.8279037475586,29.694257736206055,62900.50390625,E,1040.508056640625
1015,1016,745A6328,1430,1.3695660829544067,30.843490600585938,11.996386528015137,3486.2158203125,E,747.733642578125
1015,1939,745A6328,1431,2.473264694213867,736.1006469726562,35.861083984375,743487.875,F,368.0528869628906
1017,1019,745A6328,1432,0.05648574233055115,13.588926315307617,31.632564544677734,10679.326171875,E,956.0132446289062
1018,1030,745A6328,1433,4.744335174560547,158.8488311767578,22.87312889099121,65271.7265625,E,1996.7508544921875
1019,1939,745A6328,1434,3.1935596466064453,950.0908813476562,35.861083984375,959625.625,F,475.0460205078125
1020,1021,745A6328,1435,0.025043409317731857,7.331283092498779,34.22117233276367,6743.1005859375,E,1567.193603515625
1020,1048,745A6328,1436,0.8760350346565247,232.34585571289062,32.74503707885742,195666.1875,E,1464.0540771484375
1021,1039,745A6328,1437,0.6915249228477478,85.9044189453125,26.642915725708008,47892.65234375,E,1570.061767578125
1023,1042,745A6328,1438,0.35494446754455566,94.93826293945312,32.70805358886719,79770.1796875,E,1551.680419921875
1024,1051,745A6328,1439,0.8521559238433838,128.63427734375,23.009687423706055,53489.44140625,E,1033.1331787109375
1025,1028,745A6328,1440,1.355938196182251,65.16841125488281,17.866165161132812,16337.6552734375,E,973.8287963867188
1025,1036,745A6328,1441,0.2639784812927246,64.27897644042969,31.277816772460938,49389.1640625,E,978.4281005859375
1026,1027,745A6328,1442,0.11742950230836868,29.140928268432617,32.29234313964844,23866.69921875,E,746.1968383789062
1026,1939,745A6328,1443,2.4729294776916504,734.5382080078125,35.861083984375,741909.75,F,367.2713623046875
1027,1029,745A6328,1444,0.05428209900856018,15.107283592224121,33.353790283203125,13199.7783203125,E,753.6609497070312
1028,1036,745A6328,1445,0.18127129971981049,48.54277038574219,27.83466339111328,29538.361328125,E,946.7462768554688
1029,1031,745A6328,1446,0.055211156606674194,15.107283592224121,33.2860221862793,13146.1943359375,E,741.289306640625
1029,1034,745A6328,1447,0.12384293228387833,27.622568130493164,26.831920623779297,15619.15234375,E,743.6953125
1030,1082,745A6328,1448,1.2661504745483398,315.13720703125,31.200334548950195,240939.53125,E,1958.2989501953125
1031,1939,745A6328,1449,2.470400333404541,734.1585693359375,35.861083984375,741526.3125,F,367.0815734863281
1032,1056,745A6328,1450,0.6834235787391663,105.12206268310547,23.015518188476562,43734.609375,E,1060.822998046875
1034,1939,745A6328,1451,2.4664876461029053,733.7008666992188,35.861083984375,741064.0,F,366.85272216796875
1035,1040,745A6328,1452,0.7468675971031189,99.49333190917969,23.853574752807617,44462.18359375,E,1042.7283935546875
1035,1939,745A6328,1453,3.3936314582824707,1019.6810913085938,35.861083984375,1029914.25,F,509.8423767089844
1036,1044,745A6328,1454,0.12663139402866364,50.69004821777344,31.734210968017578,40092.94921875,E,932.7101440429688
1037,1038,745A6328,1455,0.1520109623670578,15.107283592224121,21.430587768554688,5449.34619140625,E,740.7113647460938
1038,1939,745A6328,1456,2.465914726257324,734.4193115234375,35.861083984375,741789.6875,F,367.21185302734375
1040,1939,745A6328,1457,3.394441604614258,1023.081787109375,35.861083984375,1033349.0625,F,511.5426025390625
1041,1049,745A6328,1458,0.7721865177154541,130.15261840820312,27.608245849609375,77914.8828125,E,830.5283203125
1042,1046,745A6328,1459,0.5375941395759583,75.09169006347656,19.87674331665039,23300.875,E,1498.1400146484375
1042,1059,745A6328,1460,0.2602628171443939,70.3524169921875,29.005788803100586,46487.72265625,E,1515.819580078125
1043,1046,745A6328,1461,0.17044997215270996,42.72984313964844,31.662378311157227,33644.05078125,E,1454.66015625
1044,1051,745A6328,1462,0.4745974838733673,120.85829162597656,31.930065155029297,96775.6171875,E,962.9157104492188
1044,1065,745A6328,1463,0.5325515866279602,143.22056579589844,32.80079650878906,121021.921875,E,853.9985961914062
1045,1049,745A6328,1464,0.3761443495750427,46.39548873901367,20.196348190307617,14863.166015625,E,754.7478637695312
1045,1939,745A6328,1465,2.4561338424682617,735.6532592773438,35.861083984375,743036.0,F,367.8289489746094
1046,1059,745A6328,1466,0.20939338207244873,51.76368713378906,31.464845657348633,40250.0390625,E,1482.5523681640625
1047,1053,745A6328,1467,0.13566970825195312,30.843490600585938,30.18307876586914,22068.890625,E,1258.064208984375
1047,1058,745A6328,1468,0.27488476037979126,64.72368621826172,27.120702743530273,37389.9609375,E,1219.9371337890625
1048,1057,745A6328,1469,0.29347988963127136,92.16206359863281,32.46230697631836,76278.2734375,E,1329.3135986328125
1048,1062,745A6328,1470,0.8350801467895508,229.4617462158203,33.19234085083008,198552.75,E,1469.6016845703125
1049,1054,745A6328,1471,0.1749495267868042,37.54584503173828,29.787281036376953,26164.564453125,E,755.8316040039062
1050,1052,745A6328,1472,0.7768828272819519,197.8051300048828,31.96937370300293,158779.953125,E,1082.973876953125
1050,1058,745A6328,1473,0.019139258190989494,33.435489654541016,27.67849349975586,20117.892578125,E,1186.701904296875
1051,1056,745A6328,1474,0.1518540382385254,36.027488708496094,30.814308166503906,26867.58984375,E,1025.343505859375
1052,1939,745A6328,1475,3.2564773559570312,991.6017456054688,35.861083984375,1001553.125,F,495.8026123046875
1053,1055,745A6328,1476,0.5215225219726562,110.30606079101562,29.6611328125,76219.2578125,E,1317.4615478515625
1053,1067,745A6328,1477,0.36072027683258057,83.05189514160156,28.471338272094727,52875.58984375,E,1286.3660888671875
1054,1939,745A6328,1478,2.4549880027770996,739.4244995117188,35.861083984375,746845.125,F,369.7145690917969
1056,1060,745A6328,1479,0.21151292324066162,59.35548400878906,28.879201889038086,38879.5390625,E,1063.802490234375
1057,1061,745A6328,1480,0.18988128006458282,40.76676940917969,24.16941261291504,18703.73828125,E,1301.245361328125
1057,1070,745A6328,1481,0.9904922246932983,235.0904541015625,31.519899368286133,183440.203125,E,1178.5146484375
1058,1080,745A6328,1482,0.40537184476852417,102.97476196289062,31.916078567504883,82383.3984375,E,1172.4073486328125
1059,1134,745A6328,1483,1.1892709732055664,304.7376403808594,32.09894561767578,246602.515625,E,1447.544677734375
1060,1069,745A6328,1484,0.2197389155626297,47.913848876953125,29.874670028686523,33585.9140625,E,1077.919677734375
1061,1064,745A6328,1485,0.3136433959007263,48.35856628417969,24.941930770874023,23627.80859375,E,1336.12060546875
1061,1066,745A6328,1486,0.06752821803092957,27.6225643157959,19.997365951538086,8675.599609375,E,1312.1944580078125
1062,1075,745A6328,1487,0.6947711110115051,181.7321014404297,32.49492263793945,150713.640625,E,1645.9912109375
1062,1079,745A6328,1488,0.4346438944339752,91.45681762695312,27.872509002685547,55803.0703125,E,1589.574951171875
1063,1065,745A6328,1489,0.35768505930900574,53.09784698486328,22.413959503173828,20950.962890625,E,771.4666137695312
1063,1939,745A6328,1490,2.451312780380249,748.2803955078125,35.861083984375,755789.875,F,374.1424560546875
1064,1071,745A6328,1491,0.0448814332485199,29.769847869873047,23.64310646057129,13069.9990234375,E,1337.8173828125
1064,1072,745A6328,1492,0.24199919402599335,60.42912292480469,31.777780532836914,47927.3359375,E,1375.0623779296875
1065,1076,745A6328,1493,0.21034133434295654,49.61640930175781,31.09002113342285,37666.671875,E,778.2039184570312
1066,1071,745A6328,1494,0.12649038434028625,22.438568115234375,26.758586883544922,12618.6064453125,E,1316.9398193359375
1066,1073,745A6328,1495,0.3178480267524719,64.53948211669922,28.551332473754883,41320.7421875,E,1279.513671875
1068,1072,745A6328,1496,0.5588923692703247,125.8580551147461,28.26601219177246,78976.8828125,E,1457.8719482421875
1069,1070,745A6328,1497,0.014131094329059124,3.6656415462493896,32.21195602416992,2987.26708984375,E,1068.9315185546875
1069,1078,745A6328,1498,0.25482097268104553,81.34933471679688,28.62720489501953,52360.2578125,E,1032.9307861328125
1070,1081,745A6328,1499,0.4522927403450012,72.05497741699219,20.85943031311035,24624.009765625,E,1094.0689697265625
1071,1089,745A6328,1500,0.5414577722549438,85.9044189453125,24.207244873046875,39536.30859375,E,1333.18212890625
1072,1088,745A6328,1501,0.5591487884521484,135.705078125,31.312498092651367,104501.234375,E,1447.8948974609375
1073,1077,745A6328,1502,0.24313610792160034,50.061126708984375,28.959842681884766,32974.85546875,E,1231.8953857421875
1073,1085,745A6328,1503,1.051343560218811,67.76040649414062,13.558155059814453,9782.8876953125,E,1273.156005859375
1074,1094,745A6328,1504,3.3250346183776855,193.35794067382812,26.964107513427734,110413.96875,E,1958.6527099609375
1075,1082,745A6328,1505,0.7184471487998962,187.8055419921875,32.37982177734375,154649.03125,E,1807.02490234375
1075,1092,745A6328,1506,0.40254274010658264,101.8248291015625,29.418920516967773,69214.4921875,E,1754.0677490234375
1076,1939,745A6328,1507,2.449594020843506,758.5398559570312,35.861083984375,766152.3125,F,379.27203369140625
1077,1083,745A6328,1508,0.16475553810596466,44.24820327758789,32.751953125,37278.62890625,E,1192.815673828125
1077,1085,745A6328,1509,0.43902382254600525,81.79405212402344,25.250822067260742,40960.25390625,E,1246.6435546875
1078,1087,745A6328,1510,0.4910460412502289,108.3429946899414,29.95346450805664,76345.7421875,E,1043.1201171875
1078,1090,745A6328,1511,0.8824107050895691,239.64553833007812,33.004798889160156,205028.109375,E,886.679931640625
1079,1095,745A6328,1512,0.7179215550422668,107.19305419921875,24.372783660888672,50011.14453125,E,1580.5821533203125
1079,1097,745A6328,1513,0.47088754177093506,101.8248291015625,29.740022659301758,70733.6640625,E,1653.336669921875
1080,1084,745A6328,1514,4.87749719619751,88.05168151855469,16.043973922729492,17801.287109375,E,1197.3709716796875
1080,1120,745A6328,1515,0.6954694986343384,169.8457489013672,31.433195114135742,131801.890625,E,1129.741943359375
1081,1083,745A6328,1516,0.28247886896133423,55.50564193725586,28.8843994140625,36370.87109375,E,1145.9140625
1081,1087,745A6328,1517,0.2195020467042923,39.248409271240234,20.01866340637207,12353.275390625,E,1103.9373779296875
1082,1110,745A6328,1518,1.0193357467651367,275.3362121582031,32.87334442138672,233690.453125,E,2003.9095458984375
1083,1096,745A6328,1519,0.5613949298858643,122.11613464355469,27.99837875366211,75184.5703125,E,1214.2430419921875
1085,1089,745A6328,1520,0.32320061326026917,68.83405303955078,29.37688636779785,46655.703125,E,1309.3603515625
1086,1098,745A6328,1521,0.3079461455345154,70.98133087158203,30.51886749267578,51924.3203125,E,1827.980712890625
1087,1101,745A6328,1522,0.48163044452667236,114.34013366699219,30.919912338256836,85854.8984375,E,1134.044677734375
1088,1091,745A6328,1523,0.04480275511741638,10.99692440032959,31.363201141357422,8495.7529296875,E,1504.7845458984375
1088,1093,745A6328,1524,0.39667361974716187,73.57333374023438,21.683349609375,27168.337890625,E,1522.8599853515625
1089,1106,745A6328,1525,0.7440322637557983,197.9130096435547,32.62324523925781,165431.625,E,1423.1666259765625
1090,1939,745A6328,1526,2.4406232833862305,775.3590087890625,35.861083984375,783140.25,F,387.68109130859375
1091,1093,745A6328,1527,0.05425579845905304,12.51528263092041,30.364009857177734,9062.515625,E,1513.7802734375
1092,1100,745A6328,1528,0.5893455147743225,103.15899658203125,22.675113677978516,41657.76171875,E,1736.6544189453125
1092,1105,745A6328,1529,0.27580589056015015,63.65005111694336,30.769052505493164,47327.86328125,E,1795.897705078125
1093,1095,745A6328,1530,0.237027108669281,32.361846923828125,24.5764102935791,15351.8271484375,E,1529.526611328125
1094,1098,745A6328,1531,0.32675808668136597,78.57312774658203,27.375402450561523,46247.1484375,E,1846.8487548828125
1094,1102,745A6328,1532,0.432431161403656,56.76348876953125,20.805885314941406,19298.845703125,E,1904.034423828125
1095,1103,745A6328,1533,0.048801206052303314,28.69620704650879,22.877365112304688,11795.7724609375,E,1549.118896484375
1096,1108,745A6328,1534,0.30812960863113403,66.42625427246094,22.50465965270996,26422.5390625,E,1240.2161865234375
1096,1125,745A6328,1535,0.7765030860900879,168.5115966796875,30.007719039916992,119175.140625,E,1330.607421875
1097,1100,745A6328,1536,0.06298524886369705,19.846567153930664,29.339406967163086,13417.6953125,E,1684.87255859375
1097,1104,745A6328,1537,0.5043445229530334,119.15571594238281,30.839237213134766,89004.5078125,E,1624.019287109375
1098,1107,745A6328,1538,0.28552788496017456,66.24205017089844,30.56434440612793,48601.9609375,E,1784.8779296875
1099,1102,745A6328,1539,2.711749792098999,135.1524200439453,28.018491744995117,83330.3515625,E,1990.8558349609375
1100,1115,745A6328,1540,0.4359450042247772,104.8615493774414,31.100414276123047,79659.671875,E,1735.9500732421875
1101,1108,745A6328,1541,0.22184044122695923,49.61640930175781,30.222209930419922,35593.25,E,1196.7578125
1101,1111,745A6328,1542,0.12246513366699219,36.472206115722656,27.693180084228516,21968.357421875,E,1169.9677734375
1102,1113,745A6328,1543,1.47041654586792,149.63076782226562,19.84592628479004,46286.41015625,E,1868.7957763671875
1103,1104,745A6328,1544,0.06948462873697281,17.699283599853516,31.902652740478516,14148.1337890625,E,1563.339599609375
1103,1106,745A6328,1545,0.18035301566123962,50.95056915283203,27.36338996887207,29962.548828125,E,1532.3104248046875
1104,1124,745A6328,1546,1.0113662481307983,169.66152954101562,23.42380714416504,73111.9296875,E,1588.7779541015625
1105,1115,745A6328,1547,0.10802148282527924,41.84041213989258,19.582305908203125,12601.24609375,E,1794.5333251953125
1105,1126,745A6328,1548,0.3468436300754547,67.76040649414062,28.341856002807617,42748.65625,E,1828.7950439453125
1106,1121,745A6328,1549,0.24751967191696167,53.726768493652344,30.151906967163086,38362.7890625,E,1520.00732421875
1107,1113,745A6328,1550,0.1810126006603241,46.39548873901367,25.92369842529297,24488.3515625,E,1780.2093505859375
1107,1117,745A6328,1551,0.32322782278060913,87.60697937011719,32.9126091003418,74533.7890625,E,1724.6497802734375
1108,1112,745A6328,1552,0.03300766274333,7.776000022888184,30.69232749938965,5753.1513671875,E,1216.9281005859375
1109,1111,745A6328,1553,1.6688557863235474,382.83447265625,31.019485473632812,289314.4375,E,984.7421875
1109,1939,745A6328,1554,2.5693798065185547,805.361572265625,35.861083984375,813443.875,F,402.6823425292969
1111,1116,745A6328,1555,0.077084019780159,21.99384880065918,27.554485321044922,13115.224609375,E,1173.385009765625
1112,1116,745A6328,1556,0.10626983642578125,41.65620803833008,22.431472778320312,16462.09765625,E,1199.275146484375
1112,1128,745A6328,1557,0.2900165319442749,72.68389129638672,31.655668258666992,57204.609375,E,1245.5865478515625
1113,1142,745A6328,1558,1.2995734214782715,213.0203094482422,26.081504821777344,113808.8828125,E,1846.030517578125
1114,1118,745A6328,1559,0.7838668823242188,181.9925994873047,30.612028121948242,133945.390625,E,977.8737182617188
1114,1939,745A6328,1560,2.8535103797912598,893.8154296875,35.861083984375,902785.4375,F,446.909423828125
1115,1131,745A6328,1561,0.29255586862564087,53.282047271728516,27.383716583251953,31380.189453125,E,1792.82373046875
1116,1132,745A6328,1562,1.432185411453247,264.49188232421875,29.39887046813965,179540.9375,E,1115.0709228515625
1117,1139,745A6328,1563,0.739952802658081,198.6182403564453,32.78246307373047,167645.609375,E,1599.6497802734375
1117,1141,745A6328,1564,0.3303537368774414,90.82789611816406,30.562423706054688,66632.2890625,E,1724.8565673828125
1118,1119,745A6328,1565,0.3044261634349823,44.87712860107422,21.074207305908203,15653.7158203125,E,1072.9320068359375
1118,1122,745A6328,1566,0.13210128247737885,16.180923461914062,22.538543701171875,6455.72314453125,E,1067.416748046875
1119,1120,745A6328,1567,0.0650632306933403,16.625642776489258,21.788047790527344,6198.76171875,E,1094.268798828125
1119,1122,745A6328,1568,0.18914690613746643,16.180925369262695,16.560338973999023,3485.231689453125,E,1080.3377685546875
1120,1133,745A6328,1569,0.08547241240739822,26.993640899658203,25.831907272338867,14146.9970703125,E,1105.5618896484375
1121,1124,745A6328,1570,0.04164639860391617,10.99692440032959,32.476234436035156,9109.4560546875,E,1538.3636474609375
1121,1127,745A6328,1571,1.3163642883300781,142.4836883544922,19.09236717224121,40791.9609375,E,1469.409912109375
1123,1132,745A6328,1572,0.188795804977417,40.137847900390625,23.30202293395996,17117.140625,E,986.8193359375
1123,1135,745A6328,1573,0.17248216271400452,25.47528076171875,11.018542289733887,2429.165771484375,E,974.3112182617188
1123,1136,745A6328,1574,0.436818927526474,54.616207122802734,20.558454513549805,18129.771484375,E,954.2613525390625
1124,1140,745A6328,1575,0.1432337760925293,32.17763900756836,30.211071014404297,23066.212890625,E,1541.1356201171875
1125,1127,745A6328,1576,0.06671598553657532,19.217641830444336,27.895341873168945,11745.0087890625,E,1396.474853515625
1125,1128,745A6328,1577,0.5993689894676208,131.2262725830078,27.82334327697754,79786.4765625,E,1330.7529296875
1126,1131,745A6328,1578,0.1620822697877884,36.47220993041992,12.787200927734375,4683.849609375,E,1825.0863037109375
1126,1222,745A6328,1579,3.5028421878814697,317.1766052246094,29.41142463684082,215488.03125,E,1924.0216064453125
1127,1137,745A6328,1580,0.12998539209365845,31.917129516601562,31.120264053344727,24277.291015625,E,1417.9356689453125
1128,1130,745A6328,1581,0.010550586506724358,2.5920000076293945,31.34795379638672,2000.521728515625,E,1274.41162109375
1129,1136,745A6328,1582,0.756601095199585,128.26585388183594,26.22875213623047,69303.6640625,E,889.5999755859375
1129,1939,745A6328,1583,2.6892638206481934,828.1795043945312,35.861083984375,836490.8125,F,414.09173583984375
1130,1158,745A6328,1584,0.6298762559890747,111.74811553955078,26.043601989746094,59529.49609375,E,1250.725830078125
1130,1177,745A6328,1585,0.8476311564445496,195.24472045898438,30.688417434692383,144416.953125,E,1339.1104736328125
1131,1225,745A6328,1586,3.8558998107910156,280.8570556640625,28.811702728271484,183110.421875,E,1841.53759765625
1132,1135,745A6328,1587,0.12402469664812088,25.03056526184082,28.50861358642578,15977.6435546875,E,988.9381713867188
1133,1134,745A6328,1588,1.0994958877563477,293.2643737792969,31.711116790771484,231617.984375,E,1247.2503662109375
1133,1145,745A6328,1589,0.28774118423461914,68.83405303955078,27.413084030151367,40626.46484375,E,1080.143798828125
1134,1139,745A6328,1590,0.4916302561759949,130.41314697265625,32.59566879272461,108825.6015625,E,1449.812255859375
1135,1136,745A6328,1591,0.2528158724308014,32.80656433105469,22.8553409576416,13459.412109375,E,964.9011840820312
1137,1138,745A6328,1592,0.33800047636032104,44.248207092285156,19.137371063232422,12727.7060546875,E,1449.5989990234375
1137,1163,745A6328,1593,0.7377879023551941,116.30319213867188,26.35761833190918,63459.09375,E,1459.2293701171875
1138,1140,745A6328,1594,1.5172686576843262,85.45968627929688,12.618144989013672,10686.666015625,E,1505.1668701171875
1138,1196,745A6328,1595,1.2720247507095337,232.530029296875,28.000280380249023,143183.734375,E,1550.3341064453125
1139,1155,745A6328,1596,0.2827001214027405,80.90460968017578,30.53090476989746,59230.10546875,E,1532.9261474609375
1140,1144,745A6328,1597,0.04141199588775635,10.99692440032959,32.57279968261719,9163.708984375,E,1546.2786865234375
1141,1142,745A6328,1598,0.18177098035812378,50.5058479309082,28.281341552734375,31727.185546875,E,1783.400390625
1141,1149,745A6328,1599,0.20187588036060333,44.87712860107422,30.06991195678711,31869.79296875,E,1773.281494140625
1142,1143,745A6328,1600,0.02232927829027176,3.6656415462493896,25.62522315979004,1890.4932861328125,E,1804.52880859375
1143,1149,745A6328,1601,0.15558095276355743,34.95384979248047,17.44771957397461,8357.2275390625,E,1793.859130859375
1143,1151,745A6328,1602,0.2835477888584137,37.54584884643555,19.190963745117188,10860.388671875,E,1799.3485107421875
1144,1150,745A6328,1603,0.6395168900489807,142.9284210205078,30.464012145996094,104179.59375,E,1617.193603515625
1144,1210,745A6328,1604,1.2284245491027832,262.29986572265625,28.993864059448242,173180.953125,E,1634.6214599609375
1145,1148,745A6328,1605,0.5312075018882751,127.82112884521484,31.063772201538086,96872.59375,E,997.7174682617188
1145,1157,745A6328,1606,0.350598007440567,95.56719207763672,29.932214736938477,67247.5390625,E,1095.090576171875
1146,1155,745A6328,1607,1.083211898803711,166.18011474609375,24.558324813842773,78716.6171875,E,1625.88232421875
1147,1148,745A6328,1608,0.2762298882007599,70.61292266845703,32.05571746826172,56988.21484375,E,906.2230834960938
1147,1939,745A6328,1609,2.8602874279022217,872.2725219726562,35.861083984375,881026.3125,F,436.1375732421875
1148,1193,745A6328,1610,0.7467597126960754,190.24490356445312,30.738069534301758,141174.4375,E,1009.5169067382812
1149,1151,745A6328,1611,0.029742266982793808,6.257641315460205,29.064279556274414,4151.6396484375,E,1792.7978515625
1151,1160,745A6328,1612,0.2357577532529831,59.094974517822266,31.65289306640625,46501.53125,E,1819.1649169921875
1152,1153,745A6328,1613,0.0852980837225914,21.809640884399414,32.2108268737793,17772.23828125,E,871.3532104492188
1152,1939,745A6328,1614,2.8419697284698486,861.1215209960938,35.861083984375,869763.4375,F,430.5627746582031
1153,1159,745A6328,1615,0.15542945265769958,30.214567184448242,26.980031967163086,17273.9296875,E,880.8897705078125
1153,1161,745A6328,1616,0.8274441957473755,213.98602294921875,32.18506622314453,174094.125,E,983.0232543945312
1154,1162,745A6328,1617,0.9571510553359985,137.74440002441406,24.53489112854004,65122.65625,E,1642.28857421875
1155,1156,745A6328,1618,0.03256762772798538,7.776000022888184,30.90578842163086,5833.4541015625,E,1558.485107421875
1156,1162,745A6328,1619,0.09596748650074005,25.03056526184082,32.24922180175781,20445.560546875,E,1569.877197265625
1156,1166,745A6328,1620,0.27594438195228577,93.8646240234375,30.0323486328125,66492.15625,E,1523.1070556640625
1157,1170,745A6328,1621,0.9866907596588135,253.23446655273438,32.16429138183594,205759.859375,E,1253.769287109375
1157,1189,745A6328,1622,0.346305251121521,100.5669937133789,31.350753784179688,77632.09375,E,1153.979736328125
1158,1161,745A6328,1623,0.6616619229316711,155.70420837402344,30.712228775024414,115348.7421875,E,1159.512939453125
1158,1167,745A6328,1624,0.46665871143341064,105.30628204345703,30.152584075927734,75195.7421875,E,1279.554931640625
1159,1939,745A6328,1625,2.910951614379883,877.1727905273438,35.861083984375,885975.8125,F,438.57537841796875
1160,1165,745A6328,1626,0.2216169387102127,33.435489654541016,19.37102699279785,9853.7802734375,E,1833.7235107421875
1160,1173,745A6328,1627,0.6791897416114807,136.4102783203125,27.311321258544922,79913.90625,E,1860.7071533203125
1161,1169,745A6328,1628,0.1140328049659729,41.47200012207031,20.18710708618164,13273.732421875,E,1089.944580078125
1162,1175,745A6328,1629,0.3298686146736145,79.3862533569336,31.129209518432617,60418.69921875,E,1608.097900390625
1163,1176,745A6328,1630,0.33255669474601746,61.05805206298828,27.2830867767334,35696.0234375,E,1512.3809814453125
1163,1179,745A6328,1631,0.26304134726524353,53.09784698486328,24.978071212768555,26018.640625,E,1483.42578125
1164,1182,745A6328,1632,0.2799971401691437,65.35261535644531,30.80515480041504,48707.9296875,E,885.43408203125
1164,1939,745A6328,1633,2.868447780609131,860.048095703125,35.861083984375,868679.25,F,430.026123046875
1165,1173,745A6328,1634,0.13589179515838623,29.140928268432617,29.70866584777832,20200.37890625,E,1824.447265625
1166,1170,745A6328,1635,0.4869091510772705,129.78421020507812,32.66978073120117,108793.8046875,E,1432.0655517578125
1166,1201,745A6328,1636,0.7343846559524536,172.6219482421875,30.866580963134766,129170.390625,E,1569.135986328125
1167,1177,745A6328,1637,0.8315131068229675,77.05477142333984,20.101919174194336,24454.8203125,E,1363.22412109375
1167,1188,745A6328,1638,0.4049796760082245,51.57948684692383,17.356801986694336,12204.115234375,E,1322.1639404296875
1168,1171,745A6328,1639,1.1506048440933228,81.60984802246094,14.643951416015625,13745.134765625,E,1155.802978515625
1168,1188,745A6328,1640,0.7289816737174988,132.74461364746094,27.16053581237793,76910.1171875,E,1252.6197509765625
1168,1190,745A6328,1641,0.2616185247898102,56.94769287109375,24.89505958557129,27719.943359375,E,1183.400634765625
1169,1171,745A6328,1642,0.15911732614040375,28.067279815673828,26.64631462097168,15651.806640625,E,1107.4189453125
1169,1178,745A6328,1643,0.23103579878807068,47.91384506225586,28.947887420654297,31534.404296875,E,1076.1754150390625
1170,1218,745A6328,1644,0.4945222735404968,131.59469604492188,30.939104080200195,98933.578125,E,1411.421875
1171,1190,745A6328,1645,0.31431666016578674,56.50297164916992,27.86086082458496,34446.90625,E,1144.7440185546875
1172,1178,745A6328,1646,0.5162914991378784,63.02112579345703,19.27736473083496,18393.796875,E,1040.2379150390625
1172,1180,745A6328,1647,0.0743197575211525,19.846567153930664,23.43473243713379,8560.4248046875,E,1031.9039306640625
1172,1185,745A6328,1648,0.2577703893184662,47.91384506225586,18.520095825195312,12907.357421875,E,1010.865234375
1173,1187,745A6328,1649,0.5828619003295898,141.41006469726562,31.447607040405273,109836.1796875,E,1761.2904052734375
1174,1192,745A6328,1650,0.3944253921508789,88.68062591552734,30.295730590820312,63926.5859375,E,949.4555053710938
1174,1939,745A6328,1651,3.045576810836792,910.747802734375,35.861083984375,919887.75,F,455.37579345703125
1175,1187,745A6328,1652,0.29941344261169434,67.3156967163086,30.06812286376953,47799.00390625,E,1670.279541015625
1175,1201,745A6328,1653,0.19817820191383362,56.13456726074219,23.632944107055664,24623.84765625,E,1642.4796142578125
1176,1186,745A6328,1654,0.06547655910253525,25.030563354492188,26.2940616607666,13591.765625,E,1530.41845703125
1176,1191,745A6328,1655,0.2647480368614197,43.803489685058594,22.74306869506836,17794.94921875,E,1548.93115234375
1177,1181,745A6328,1656,0.05138072371482849,13.588924407958984,32.52299499511719,11289.0146484375,E,1402.0780029296875
1178,1180,745A6328,1657,0.10474700480699539,23.956926345825195,30.227577209472656,17192.048828125,E,1048.6126708984375
1179,1181,745A6328,1658,0.4253324866294861,86.34912109375,26.062307357788086,46065.2578125,E,1444.317138671875
1179,1186,745A6328,1659,0.2562045454978943,47.913848876953125,23.82919692993164,21368.2890625,E,1504.5203857421875
1180,1185,745A6328,1660,0.22379304468631744,42.7298469543457,27.654775619506836,25666.1953125,E,1024.158447265625
1181,1183,745A6328,1661,0.019495360553264618,5.184000015258789,32.60837936401367,4329.25634765625,E,1407.09716796875
1182,1198,745A6328,1662,0.8193252682685852,168.1431884765625,29.097698211669922,111811.484375,E,988.9801635742188
1182,1243,745A6328,1663,0.6510457992553711,150.62811279296875,27.03394889831543,86459.9375,E,954.94921875
1183,1205,745A6328,1664,0.18648655712604523,55.2451286315918,29.044918060302734,36603.62890625,E,1425.1119384765625
1183,1208,745A6328,1665,0.2613052725791931,66.42625427246094,32.24245071411133,54235.76171875,E,1390.0654296875
1184,1245,745A6328,1666,0.9549118280410767,152.33067321777344,25.694717407226562,78988.6953125,E,910.530517578125
1184,1939,745A6328,1667,2.8788013458251953,857.368408203125,35.861083984375,865972.625,F,428.6861267089844
1185,1192,745A6328,1668,0.13858801126480103,25.03056526184082,27.105884552001953,14444.0078125,E,998.6724853515625
1186,1194,745A6328,1669,0.07144928723573685,21.99384880065918,24.883201599121094,10695.5625,E,1534.7781982421875
1187,1259,745A6328,1670,1.3045907020568848,216.79385375976562,28.688800811767578,140139.859375,E,1781.443115234375
1188,1209,745A6328,1671,0.20544447004795074,45.766563415527344,29.920108795166016,32178.40625,E,1314.752685546875
1189,1195,745A6328,1672,0.4083491861820221,104.49313354492188,32.06804275512695,84396.1328125,E,1133.900634765625
1189,1199,745A6328,1673,0.09807315468788147,25.03056526184082,32.009788513183594,20143.09375,E,1186.28125
1190,1217,745A6328,1674,0.18605788052082062,67.13148498535156,32.17308807373047,54575.98828125,E,1167.260498046875
1191,1194,745A6328,1675,0.10772769153118134,18.772924423217773,26.471797943115234,10332.1025390625,E,1550.9508056640625
1191,1211,745A6328,1676,0.2851945161819458,59.094974517822266,21.506488800048828,21467.400390625,E,1581.3751220703125
1192,1202,745A6328,1677,0.018362456932663918,28.067283630371094,28.25788116455078,17602.30078125,E,991.4121704101562
1193,1195,745A6328,1678,0.02953490987420082,7.331283092498779,31.510587692260742,5717.19287109375,E,1086.664306640625
1193,1198,745A6328,1679,0.09737999737262726,27.6225643157959,28.037160873413086,17053.83203125,E,1073.3642578125
1194,1260,745A6328,1680,0.7807675004005432,151.33334350585938,28.52480125427246,96709.6484375,E,1572.5926513671875
1195,1203,745A6328,1681,0.055671870708465576,19.217641830444336,30.524612426757812,14063.3984375,E,1094.210205078125
1196,1211,745A6328,1682,0.22489872574806213,37.10112762451172,20.949459075927734,12788.587890625,E,1614.1812744140625
1196,1256,745A6328,1683,1.190962791442871,175.58238220214844,27.94066619873047,107657.515625,E,1693.2105712890625
1197,1200,745A6328,1684,0.04378010705113411,6.257641315460205,25.49308204650879,3194.07568359375,E,934.4207153320312
1197,1939,745A6328,1685,3.129873037338257,931.9564819335938,35.861083984375,941309.25,F,465.98004150390625
1198,1207,745A6328,1686,0.06389733403921127,21.364927291870117,19.74663543701172,6543.0087890625,E,1066.4554443359375
1199,1219,745A6328,1687,0.9549511671066284,222.57518005371094,30.683515548706055,164579.921875,E,1298.41748046875
1199,1253,745A6328,1688,0.7012596130371094,156.62522888183594,29.006006240844727,103496.9296875,E,1237.691650390625
1200,1202,745A6328,1689,0.34107542037963867,62.39220428466797,27.31300926208496,36556.0546875,E,964.6747436523438
1200,1213,745A6328,1690,0.047471221536397934,33.435489654541016,17.57477569580078,8111.0517578125,E,931.479248046875
1201,1274,745A6328,1691,0.8819860219955444,221.08840942382812,31.801055908203125,175605.828125,E,1731.801513671875
1202,1217,745A6328,1692,0.7258462905883789,190.84225463867188,32.87057113647461,161949.25,E,1081.9530029296875
1203,1207,745A6328,1693,0.3531641960144043,37.990562438964844,18.23322296142578,9919.560546875,E,1082.4024658203125
1203,1236,745A6328,1694,0.38740044832229614,87.16226196289062,29.953937530517578,61422.3203125,E,1126.3802490234375
1204,1213,745A6328,1695,0.09821085631847382,20.920207977294922,29.70707893371582,14500.2607421875,E,918.4813842773438
1204,1939,745A6328,1696,3.0565035343170166,908.6134033203125,35.861083984375,917731.9375,F,454.3086242675781
1205,1212,745A6328,1697,1.1651153564453125,68.20513153076172,17.808565139770508,16988.8828125,E,1410.1221923828125
1205,1215,745A6328,1698,0.10431689023971558,24.585847854614258,30.81430435180664,18334.953125,E,1448.03857421875
1206,1216,745A6328,1699,0.19754579663276672,23.512208938598633,22.819766998291016,9616.2490234375,E,866.5774536132812
1206,1939,745A6328,1700,2.882476329803467,856.2745361328125,35.861083984375,864867.8125,F,428.13922119140625
1207,1214,745A6328,1701,0.18456809222698212,19.84656524658203,20.71567153930664,6689.18603515625,E,1061.8011474609375
1208,1209,745A6328,1702,0.2495979517698288,71.2418441772461,29.834430694580078,49803.578125,E,1346.244873046875
1208,1212,745A6328,1703,0.012189961038529873,3.6656415462493896,34.681976318359375,3462.960693359375,E,1379.028564453125
1209,1221,745A6328,1704,0.23066416382789612,69.9076919555664,26.04041290283203,37231.50390625,E,1290.4644775390625
1211,1238,745A6328,1705,0.47699663043022156,72.31549072265625,24.87303352355957,35138.13671875,E,1622.556884765625
1212,1239,745A6328,1706,0.31446269154548645,74.4627685546875,28.168432235717773,46403.89453125,E,1382.4725341796875
1213,1224,745A6328,1707,0.1748480200767517,43.358768463134766,31.501873016357422,33793.99609375,E,944.5513305664062
1214,1220,745A6328,1708,0.18853913247585297,41.21148681640625,23.053552627563477,17202.1953125,E,1044.960693359375
1214,1229,745A6328,1709,0.427206426858902,43.803489685058594,14.599421501159668,7332.80078125,E,1073.013427734375
1215,1223,745A6328,1710,0.1470228135585785,36.027488708496094,31.359811782836914,27827.28125,E,1471.1337890625
1215,1235,745A6328,1711,0.2771932780742645,58.4660530090332,26.23443031311035,31603.62890625,E,1442.5543212890625
1217,1221,745A6328,1712,0.39475566148757935,111.19548034667969,33.5861701965332,98514.0078125,E,1219.388916015625
1218,1219,745A6328,1713,0.445068895816803,62.8369255065918,22.26819610595703,24472.3046875,E,1431.0814208984375
1218,1228,745A6328,1714,0.09268537163734436,24.585847854614258,32.567718505859375,20480.93359375,E,1469.7984619140625
1219,1232,745A6328,1715,0.110218845307827,26.993640899658203,24.200714111328125,12416.744140625,E,1407.025146484375
1220,1229,745A6328,1716,0.3524934649467468,52.65312957763672,25.234447479248047,26333.080078125,E,1060.2403564453125
1220,1231,745A6328,1717,0.1275646835565567,29.769847869873047,30.471755981445312,21710.08203125,E,1028.6151123046875
1221,1239,745A6328,1718,0.45513251423835754,117.6373519897461,32.219139099121094,95909.796875,E,1325.7088623046875
1223,1233,745A6328,1719,0.1509435772895813,29.325130462646484,22.633413314819336,11798.5859375,E,1479.257568359375
1223,1234,745A6328,1720,0.13429942727088928,29.769847869873047,29.861873626708984,20849.73828125,E,1498.911376953125
1224,1237,745A6328,1721,0.20549580454826355,52.20840835571289,32.02958297729492,42066.1640625,E,985.5582275390625
1224,1246,745A6328,1722,0.22403910756111145,44.692928314208984,23.74644660949707,19793.654296875,E,966.326416015625
1226,1248,745A6328,1723,0.5623924136161804,121.3030014038086,30.726940155029297,89949.765625,E,914.0178833007812
1226,1939,745A6328,1724,2.8942136764526367,860.4542236328125,35.861083984375,869089.4375,F,430.2291564941406
1227,1230,745A6328,1725,0.07452844828367233,13.588926315307617,28.148101806640625,8456.16015625,E,864.118896484375
1227,1939,745A6328,1726,2.8861515522003174,858.1046752929688,35.861083984375,866716.3125,F,429.054443359375
1228,1232,745A6328,1727,1.0214898586273193,81.16513061523438,18.825037002563477,22590.771484375,E,1446.4560546875
1228,1244,745A6328,1728,0.17391625046730042,44.432411193847656,32.04641342163086,35838.40234375,E,1497.8758544921875
1229,1249,745A6328,1729,0.5156516432762146,76.16533660888672,23.91487693786621,34212.3984375,E,1116.811279296875
1231,1243,745A6328,1730,0.21714426577091217,41.21148681640625,28.114124298095703,25583.34375,E,1015.2130737304688
1231,1271,745A6328,1731,1.3523483276367188,102.2695541381836,19.534461975097656,30650.61328125,E,1070.35009765625
1232,1241,745A6328,1732,0.15789000689983368,27.17784881591797,26.480188369750977,14967.42578125,E,1403.01611328125
1233,1235,745A6328,1733,0.1984175145626068,43.803489685058594,24.28551483154297,20290.5234375,E,1455.6259765625
1233,1242,745A6328,1734,0.1601683497428894,24.585847854614258,20.986730575561523,8504.8115234375,E,1482.8267822265625
1234,1242,745A6328,1735,0.08325432240962982,23.512208938598633,28.013931274414062,14492.103515625,E,1500.6116943359375
1234,1267,745A6328,1736,0.30124494433403015,74.20225524902344,31.435457229614258,57589.9296875,E,1536.10302734375
1235,1247,745A6328,1737,0.12741832435131073,43.358768463134766,28.748046875,28143.849609375,E,1423.960205078125
1236,1249,745A6328,1738,0.10361812263727188,27.17784881591797,26.011484146118164,14442.26171875,E,1155.2611083984375
1236,1266,745A6328,1739,0.5827128887176514,122.56085205078125,29.2819766998291,82535.8125,E,1214.470947265625
1237,1287,745A6328,1740,0.812752366065979,149.29396057128906,27.72786521911621,90149.8515625,E,1059.375244140625
1237,1313,745A6328,1741,1.4506274461746216,400.4890441894531,33.49845886230469,352963.8125,E,1193.6065673828125
1239,1247,745A6328,1742,0.13044023513793945,34.95384979248047,32.76762390136719,29476.423828125,E,1396.02783203125
1240,1257,745A6328,1743,0.1465626060962677,40.137847900390625,33.193572998046875,34733.76953125,E,843.4871215820312
1240,1939,745A6328,1744,2.8066763877868652,837.0835571289062,35.861083984375,845484.25,F,418.5435485839844
1241,1254,745A6328,1745,0.570674479007721,108.78772735595703,26.54343605041504,60198.27734375,E,1349.8680419921875
1241,1270,745A6328,1746,0.3142212927341461,65.16841125488281,21.9930362701416,24756.96484375,E,1391.355224609375
1242,1277,745A6328,1747,1.3516639471054077,84.83076477050781,16.066490173339844,17198.291015625,E,1506.42724609375
1243,1251,745A6328,1748,0.07199616730213165,18.772924423217773,32.216304779052734,15302.8828125,E,1004.3868408203125
1244,1270,745A6328,1749,0.927915632724762,176.1033935546875,27.918567657470703,107806.234375,E,1453.2899169921875
1244,1281,745A6328,1750,0.5309568643569946,134.37091064453125,31.858219146728516,107111.9921875,E,1574.939697265625
1245,1252,745A6328,1751,0.132833331823349,40.137847900390625,16.995389938354492,9105.5517578125,E,983.66650390625
1245,1263,745A6328,1752,0.35205718874931335,41.65620803833008,24.276031494140625,19280.796875,E,973.71044921875
1246,1248,745A6328,1753,0.03101692721247673,3.6656415462493896,21.742305755615234,1360.9779052734375,E,971.5435180664062
1246,1264,745A6328,1754,0.3121337592601776,42.28512954711914,23.72587776184082,18694.85546875,E,990.1636962890625
1247,1314,745A6328,1755,0.7089533805847168,186.8397979736328,32.50225067138672,155019.421875,E,1479.2208251953125
1248,1262,745A6328,1756,0.21718065440654755,33.88020706176758,20.166776657104492,10822.03515625,E,970.2933959960938
1249,1329,745A6328,1757,0.7122055292129517,179.6611328125,31.786401748657227,142569.546875,E,1185.7374267578125
1250,1257,745A6328,1758,0.04685351997613907,21.99384880065918,31.60207176208496,17251.314453125,E,833.6476440429688
1250,1939,745A6328,1759,2.7494311332702637,823.0365600585938,35.861083984375,831296.25,F,411.51763916015625
1251,1252,745A6328,1760,0.01391074899584055,3.6656415462493896,32.46607208251953,3034.58544921875,E,1003.1036987304688
1251,1339,745A6328,1761,1.0083767175674438,222.8672637939453,28.03184700012207,137543.34375,E,1092.1912841796875
1252,1265,745A6328,1762,0.16219744086265564,38.17477035522461,30.80922508239746,28459.541015625,E,994.669189453125
1253,1254,745A6328,1763,0.030199233442544937,7.776000022888184,32.069644927978516,6281.08203125,E,1306.1375732421875
1253,1266,745A6328,1764,0.1392909586429596,51.134769439697266,25.05854034423828,25218.41015625,E,1286.6138916015625
1254,1272,745A6328,1765,0.32199031114578247,79.3862533569336,28.206043243408203,49604.32421875,E,1346.0029296875
1255,1258,745A6328,1766,0.45382755994796753,9.923283576965332,9.214305877685547,661.7142944335938,E,918.6932983398438
1255,1261,745A6328,1767,0.8900535106658936,18.328208923339844,11.160847663879395,1793.0989990234375,E,926.0271606445312
1257,1285,745A6328,1768,0.25539764761924744,70.3524169921875,33.26823425292969,61154.49609375,E,851.4428100585938
1258,1261,745A6328,1769,0.4169849157333374,9.923282623291016,9.12790584564209,649.3629760742188,E,926.560791015625
1261,1263,745A6328,1770,0.483484148979187,64.53948974609375,19.874990463256836,20023.005859375,E,956.4109497070312
1262,1264,745A6328,1771,0.14793622493743896,34.32492446899414,13.051483154296875,4592.18310546875,E,986.683349609375
1262,1289,745A6328,1772,0.3867933750152588,88.23589324951172,27.132373809814453,51016.5078125,E,967.1502075195312
1263,1265,745A6328,1773,0.015047373250126839,3.6656415462493896,31.21581268310547,2805.363525390625,E,984.7708129882812
1264,1269,745A6328,1774,0.046882111579179764,8.849641799926758,27.46503448486328,5242.9521484375,E,1003.9427490234375
1265,1278,745A6328,1775,0.1551220566034317,45.95076370239258,28.509967803955078,29334.3203125,E,984.132080078125
1266,1299,745A6328,1776,0.36762621998786926,104.41683197021484,30.794702529907227,77770.0546875,E,1310.4432373046875
1267,1275,745A6328,1777,0.16888639330863953,38.61948776245117,30.415931701660156,28060.708984375,E,1579.3284912109375
1267,1283,745A6328,1778,0.2011735737323761,47.913848876953125,26.600252151489258,26627.013671875,E,1560.314208984375
1268,1290,745A6328,1779,0.2808762490749359,81.34933471679688,30.534778594970703,59570.80078125,E,904.1332397460938
1268,1939,745A6328,1780,2.8990345001220703,868.7029418945312,35.861083984375,877420.9375,F,434.35308837890625
1269,1294,745A6328,1781,0.5394636988639832,91.27262115478516,26.2608585357666,49436.55859375,E,1040.7333984375
1269,1295,745A6328,1782,1.1199259757995605,86.53333282470703,15.335866928100586,15984.1650390625,E,1008.1234741210938
1270,1272,745A6328,1783,0.04772166535258293,10.99692440032959,30.285741806030273,7922.048828125,E,1384.4495849609375
1272,1280,745A6328,1784,0.09342324733734131,22.883283615112305,31.291481018066406,17597.884765625,E,1383.2933349609375
1273,1357,745A6328,1785,0.8863540887832642,230.56695556640625,32.36711502075195,189712.046875,E,1662.466796875
1275,1279,745A6328,1786,0.07312892377376556,17.254566192626953,30.7007999420166,12773.01171875,E,1600.5592041015625
1275,1283,745A6328,1787,0.27140840888023376,43.803489685058594,14.450146675109863,7183.61572265625,E,1579.1741943359375
1276,1284,745A6328,1788,0.1004713699221611,21.809640884399414,25.667917251586914,11285.470703125,E,791.1817016601562
1276,1939,745A6328,1789,2.5662944316864014,783.4274291992188,35.861083984375,791289.625,F,391.7152404785156
1278,1298,745A6328,1790,0.26173001527786255,76.79425048828125,30.244815826416016,55172.22265625,E,963.924072265625
1278,1312,745A6328,1791,0.8127895593643188,110.22976684570312,21.1499080657959,38726.27734375,E,1028.282470703125
1279,1286,745A6328,1792,0.19230535626411438,44.248207092285156,30.538589477539062,32410.333984375,E,1627.723876953125
1279,1293,745A6328,1793,0.1927143931388855,50.061126708984375,27.575151443481445,29896.912109375,E,1613.774658203125
1280,1300,745A6328,1794,0.27366650104522705,67.94461059570312,31.52801513671875,53044.23046875,E,1369.64208984375
1280,1340,745A6328,1795,4.028476715087891,256.5632629394531,21.55219841003418,93598.1953125,E,1468.5467529296875
1282,1288,745A6328,1796,0.07712863385677338,20.920207977294922,33.19211959838867,18101.970703125,E,781.190185546875
1282,1939,745A6328,1797,2.5057098865509033,772.0244750976562,35.861083984375,779772.25,F,386.01361083984375
1283,1316,745A6328,1798,0.5193403363227844,96.01191711425781,27.58242416381836,57369.33984375,E,1559.8931884765625
1284,1285,745A6328,1799,0.24420836567878723,80.09149169921875,31.697248458862305,63200.3359375,E,828.3761596679688
1284,1288,745A6328,1800,0.03930610418319702,19.84656524658203,31.785036087036133,15747.828125,E,795.014404296875
1285,1289,745A6328,1801,0.42820295691490173,124.78440856933594,34.176002502441406,114470.2734375,E,911.8958740234375
1286,1293,745A6328,1802,0.04752618819475174,36.656410217285156,17.56460952758789,8882.123046875,E,1638.645751953125
1286,1310,745A6328,1803,0.6936154365539551,176.54811096191406,31.994768142700195,141941.984375,E,1726.6287841796875
1287,1294,745A6328,1804,0.893498420715332,76.61004638671875,15.461788177490234,14384.5087890625,E,1100.5018310546875
1287,1352,745A6328,1805,0.5923651456832886,166.73272705078125,33.56629943847656,147542.671875,E,1195.91552734375
1288,1354,745A6328,1806,0.6845305562019348,183.54257202148438,32.784942626953125,154944.28125,E,877.055419921875
1289,1295,745A6328,1807,0.22727738320827484,58.2818489074707,32.122406005859375,47232.328125,E,990.5387573242188
1290,1296,745A6328,1808,0.07870779931545258,19.846567153930664,31.734210968017578,15697.5068359375,E,928.6618041992188
1290,1297,745A6328,1809,0.05976113677024841,14.662566184997559,31.347951889038086,11316.6591796875,E,939.7249145507812
1291,1301,745A6328,1810,0.28674405813217163,17.254566192626953,18.337129592895508,4556.76513671875,E,763.7453002929688
1291,1939,745A6328,1811,2.400665283203125,756.1979370117188,35.861083984375,763786.875,F,378.10015869140625
1292,1296,745A6328,1812,0.2059248983860016,47.28491973876953,30.514448165893555,34579.88671875,E,903.899169921875
1292,1939,745A6328,1813,2.9085779190063477,884.4191284179688,35.861083984375,893294.875,F,442.1977844238281
1293,1311,745A6328,1814,0.17133039236068726,40.137847900390625,30.56381607055664,29448.2265625,E,1641.845947265625
1294,1304,745A6328,1815,0.08695346117019653,14.033641815185547,25.37449073791504,7096.67578125,E,1077.5372314453125
1295,1302,745A6328,1816,0.0385376513004303,10.99692440032959,33.746822357177734,9836.189453125,E,1020.6710815429688
1296,1321,745A6328,1817,0.8152931332588196,57.837127685546875,16.844951629638672,12889.5009765625,E,931.697998046875
1297,1298,745A6328,1818,0.040979981422424316,10.368000030517578,31.807397842407227,8238.3671875,E,951.2518920898438
1297,1328,745A6328,1819,0.6936892867088318,69.27877044677734,21.878726959228516,26045.587890625,E,957.638671875
1298,1305,745A6328,1820,0.08317792415618896,20.920207977294922,31.687742233276367,16498.2734375,E,965.3609619140625
1299,1300,745A6328,1821,0.03160841763019562,7.776000022888184,31.342866897583008,5999.61767578125,E,1352.8338623046875
1299,1306,745A6328,1822,0.07298453897237778,18.328208923339844,31.710494995117188,14474.912109375,E,1345.7685546875
1300,1340,745A6328,1823,0.4737647473812103,107.19305419921875,28.41325569152832,67967.0703125,E,1405.482666015625
1302,1309,745A6328,1824,0.22404222190380096,44.87712860107422,29.489843368530273,30652.076171875,E,1045.402099609375
1302,1371,745A6328,1825,0.625125527381897,134.7076873779297,27.690107345581055,81120.671875,E,1047.0443115234375
1303,1322,745A6328,1826,0.15492048859596252,44.248207092285156,26.538015365600586,24474.984375,E,1276.0855712890625
1304,1309,745A6328,1827,0.08185181766748428,29.769847869873047,15.958587646484375,5954.63818359375,E,1073.3505859375
1304,1319,745A6328,1828,0.16300885379314423,45.95077133178711,26.972612380981445,26256.0078125,E,1092.2935791015625
1305,1312,745A6328,1829,0.5231741666793823,111.37969207763672,27.219890594482422,64813.97265625,E,1023.5421142578125
1305,1423,745A6328,1830,1.2126327753067017,242.2691192626953,28.275888442993164,152131.96875,E,1074.011962890625
1306,1308,745A6328,1831,0.0653335452079773,17.254566192626953,32.47962188720703,14296.0419921875,E,1338.0977783203125
1306,1330,745A6328,1832,0.24545656144618988,51.57948684692383,25.18970489501953,25704.73046875,E,1360.8013916015625
1307,1362,745A6328,1833,0.6059651970863342,171.28778076171875,33.66358947753906,152453.40625,E,822.4425048828125
1307,1939,745A6328,1834,2.327296018600464,745.9783325195312,35.861083984375,753464.6875,F,372.98980712890625
1308,1322,745A6328,1835,0.3075476288795471,76.61004638671875,31.573137283325195,59980.63671875,E,1312.2342529296875
1308,1330,745A6328,1836,0.19796714186668396,45.95077133178711,20.73600196838379,15517.892578125,E,1350.9212646484375
1309,1320,745A6328,1837,0.141923189163208,27.17784881591797,27.9823055267334,16713.673828125,E,1079.7607421875
1310,1318,745A6328,1838,0.1571805626153946,38.61948776245117,31.355772018432617,29821.6328125,E,1827.71142578125
1310,1326,745A6328,1839,0.8744000196456909,173.14297485351562,27.650390625,103967.4296875,E,1740.3123779296875
1311,1323,745A6328,1840,0.07695913314819336,20.291284561157227,32.50672912597656,16840.150390625,E,1657.095458984375
1311,1324,745A6328,1841,0.08605724573135376,34.9538459777832,16.412612915039062,7395.03662109375,E,1640.456787109375
1312,1339,745A6328,1842,0.6038097143173218,123.45027160644531,28.67898941040039,79746.1328125,E,1129.06005859375
1313,1336,745A6328,1843,0.30317819118499756,80.90460968017578,32.69438552856445,67921.8515625,E,1416.24365234375
1313,1341,745A6328,1844,0.1410190910100937,42.100929260253906,27.96772575378418,25864.01171875,E,1385.235107421875
1314,1316,745A6328,1845,0.02380830980837345,6.257641315460205,32.43896484375,5171.71435546875,E,1546.014892578125
1314,1347,745A6328,1846,0.06945978105068207,50.5058479309082,31.98106575012207,40571.16015625,E,1544.0150146484375
1315,1321,745A6328,1847,0.7208256721496582,47.913848876953125,18.698278427124023,13156.91796875,E,918.6847534179688
1315,1939,745A6328,1848,2.912252902984619,897.513427734375,35.861083984375,906520.5625,F,448.7579040527344
1316,1331,745A6328,1849,0.1894458383321762,34.509132385253906,22.249088287353516,13416.7822265625,E,1564.7921142578125
1317,1338,745A6328,1850,0.11575073003768921,26.548925399780273,30.752300262451172,19719.32421875,E,749.5678100585938
1317,1939,745A6328,1851,2.359208822250366,737.154052734375,35.861083984375,744551.875,F,368.5743713378906
1318,1343,745A6328,1852,0.7458224892616272,171.1798858642578,30.734342575073242,126996.125,E,1921.0589599609375
1318,1367,745A6328,1853,0.37392786145210266,92.79097747802734,25.808191299438477,48541.23046875,E,1871.701416015625
1319,1320,745A6328,1854,0.02043779566884041,5.184000015258789,31.82908058166504,4124.8017578125,E,1093.97509765625
1319,1325,745A6328,1855,0.02789144404232502,7.331283092498779,32.418636322021484,6051.44873046875,E,1099.75390625
1320,1377,745A6328,1856,0.5790172815322876,105.7509765625,23.288562774658203,45046.35546875,E,1095.1043701171875
1321,1328,745A6328,1857,0.37960949540138245,37.990562438964844,13.766400337219238,5654.6591796875,E,953.5816650390625
1322,1333,745A6328,1858,0.3694378435611725,73.83384704589844,28.35501480102539,46623.52734375,E,1260.18115234375
1323,1324,745A6328,1859,0.10235771536827087,33.25128173828125,27.8487548828125,20253.955078125,E,1647.9171142578125
1323,1326,745A6328,1860,0.026221556589007378,7.331283092498779,33.44188690185547,6439.48876953125,E,1665.301513671875
1324,1327,745A6328,1861,0.1465977430343628,25.47528076171875,26.348953247070312,13891.0673828125,E,1622.73486328125
1325,1337,745A6328,1862,0.22402912378311157,46.840206146240234,29.503955841064453,32023.529296875,E,1123.2591552734375
1325,1345,745A6328,1863,0.09307442605495453,29.14092445373535,27.94132423400879,17868.4609375,E,1112.258056640625
1326,1355,745A6328,1864,0.18636688590049744,47.28491973876953,31.914920806884766,37826.84375,E,1672.8304443359375
1327,1331,745A6328,1865,0.13724596798419952,38.435279846191406,17.89394760131836,9665.6767578125,E,1596.207275390625
1327,1348,745A6328,1866,0.252767950296402,35.398563385009766,19.663623809814453,10749.8564453125,E,1614.9716796875
1328,1387,745A6328,1867,0.5079389810562134,105.56678009033203,27.190587997436523,61299.13671875,E,994.3604736328125
1329,1333,745A6328,1868,0.036331914365291595,7.331283092498779,28.40018653869629,4644.21435546875,E,1229.0703125
1329,1346,745A6328,1869,0.0930868461728096,44.87712860107422,24.362768173217773,20920.31640625,E,1214.298583984375
1330,1373,745A6328,1870,0.593414843082428,84.38605499267578,25.795923233032227,44102.44921875,E,1391.1031494140625
1331,1349,745A6328,1871,0.17467230558395386,31.73292350769043,20.23357582092285,10203.4072265625,E,1586.5792236328125
1332,1357,745A6328,1872,1.0715770721435547,284.7831726074219,32.73054885864258,239613.21875,E,1743.8033447265625
1333,1342,745A6328,1873,0.04846905916929245,11.441641807556152,27.119436264038086,6609.05712890625,E,1235.4742431640625
1334,1343,745A6328,1874,0.7690681219100952,160.627685546875,29.210208892822266,107641.46875,E,2068.422607421875
1335,1336,745A6328,1875,0.18549545109272003,43.17456817626953,30.530963897705078,31608.140625,E,1470.7098388671875
1335,1347,745A6328,1876,0.23129335045814514,61.947486877441406,32.722957611083984,52097.71484375,E,1517.0364990234375
1335,1356,745A6328,1877,0.20438235998153687,39.6931266784668,15.297883033752441,7295.71484375,E,1488.56982421875
1336,1356,745A6328,1878,0.2002328485250473,40.137847900390625,23.012895584106445,16695.00390625,E,1466.356689453125
1337,1345,745A6328,1879,0.09601941704750061,35.39856719970703,16.39906120300293,7476.76123046875,E,1134.9556884765625
1337,1376,745A6328,1880,0.7690426707267761,137.85235595703125,28.078229904174805,85357.859375,E,1209.0452880859375
1338,1359,745A6328,1881,0.07082445919513702,47.6533317565918,29.022268295288086,31524.328125,E,762.6231689453125
1338,1402,745A6328,1882,0.5966014862060547,157.88308715820312,32.55344009399414,131407.234375,E,833.6436767578125
1339,1346,745A6328,1883,0.10559839755296707,25.03056526184082,30.720001220703125,18552.5234375,E,1192.689208984375
1340,1373,745A6328,1884,0.49307164549827576,101.38011169433594,28.897933959960938,66493.046875,E,1435.51318359375
1341,1350,745A6328,1885,3.310331106185913,138.7417449951172,20.119178771972656,44108.015625,E,1351.208251953125
1341,1363,745A6328,1886,0.2117457389831543,43.803489685058594,28.83252716064453,28599.8671875,E,1408.428466796875
1342,1361,745A6328,1887,0.17594850063323975,34.95384979248047,21.894775390625,13160.302734375,E,1238.4993896484375
1342,1364,745A6328,1888,0.2932701110839844,47.0244140625,16.62946128845215,10213.3828125,E,1260.5787353515625
1343,1370,745A6328,1889,0.4654223620891571,101.19591522216797,24.214981079101562,46603.77734375,E,1970.5291748046875
1344,1359,745A6328,1890,0.13740628957748413,33.435489654541016,31.41448402404785,25915.37109375,E,749.9662475585938
1344,1939,745A6328,1891,2.399183750152588,734.0807495117188,35.861083984375,741447.75,F,367.0419616699219
1345,1384,745A6328,1892,0.45105868577957153,83.49661254882812,24.10293960571289,38097.703125,E,1153.41162109375
1346,1361,745A6328,1893,0.20016998052597046,41.21148681640625,28.632524490356445,26535.51171875,E,1222.0426025390625
1347,1351,745A6328,1894,0.052912238985300064,14.662566184997559,33.271114349365234,12747.779296875,E,1552.0185546875
1348,1353,745A6328,1895,0.10127326101064682,22.438568115234375,29.80545997619629,15655.8505859375,E,1612.69921875
1348,1358,745A6328,1896,0.31044694781303406,60.87384796142578,28.29115104675293,38266.7734375,E,1647.7659912109375
1349,1351,745A6328,1897,0.1876455843448639,42.100921630859375,30.201881408691406,30161.259765625,E,1576.43017578125
1349,1353,745A6328,1898,0.0549156591296196,13.588924407958984,31.44146728515625,10550.6826171875,E,1600.08154296875
1351,1399,745A6328,1899,0.4457930624485016,94.12513732910156,27.308008193969727,55128.421875,E,1565.4599609375
1352,1376,745A6328,1900,0.15607532858848572,52.65312957763672,25.486305236816406,26861.349609375,E,1273.8038330078125
1352,1389,745A6328,1901,0.4278357923030853,98.34339904785156,30.55721092224121,72121.1328125,E,1315.2890625
1353,1419,745A6328,1902,0.671061635017395,133.11305236816406,25.17860984802246,66278.703125,E,1655.4393310546875
1354,1365,745A6328,1903,0.14853085577487946,33.435489654541016,30.37029266357422,24221.19140625,E,981.7841796875
1354,1375,745A6328,1904,0.17016905546188354,47.4691276550293,27.801393508911133,28816.037109375,E,973.4302978515625
1355,1358,745A6328,1905,0.014494701288640499,3.6656415462493896,31.805362701416016,2912.330078125,E,1676.222412109375
1355,1367,745A6328,1906,0.9083093404769897,246.79261779785156,33.064208984375,211903.59375,E,1790.816650390625
1356,1407,745A6328,1907,0.4870641827583313,101.64061737060547,29.041160583496094,67326.359375,E,1521.4149169921875
1357,1388,745A6328,1908,0.6436402797698975,166.1800994873047,31.142704010009766,126584.796875,E,1575.6572265625
1358,1412,745A6328,1909,0.49100762605667114,108.97191619873047,25.83399200439453,57119.90625,E,1708.614990234375
1359,1400,745A6328,1910,0.379711776971817,88.05169677734375,30.45887565612793,64158.66796875,E,806.0370483398438
1360,1391,745A6328,1911,0.3833494186401367,103.97212982177734,33.00098419189453,88932.5234375,E,969.6307983398438
1360,1939,745A6328,1912,2.9231796264648438,921.3092651367188,35.861083984375,930555.1875,F,460.6489562988281
1361,1364,745A6328,1913,0.307719886302948,48.98748779296875,25.720293045043945,25452.2890625,E,1262.494384765625
1362,1380,745A6328,1914,0.37831512093544006,79.3862533569336,26.375381469726562,43374.3203125,E,935.3383178710938
1362,1417,745A6328,1915,0.4351022243499756,99.30913543701172,30.43199920654297,72233.734375,E,937.9838256835938
1363,1372,745A6328,1916,0.12915681302547455,30.843490600585938,25.684762954711914,15981.0205078125,E,1416.544189453125
1363,1383,745A6328,1917,0.20535434782505035,42.7298469543457,28.892160415649414,28014.396484375,E,1438.18017578125
1364,1368,745A6328,1918,0.09013906121253967,17.254566192626953,27.736093521118164,10425.203125,E,1288.384765625
1365,1374,745A6328,1919,0.15640422701835632,36.027488708496094,31.03623390197754,27255.986328125,E,1015.432373046875
1365,1382,745A6328,1920,0.14738741517066956,39.248409271240234,18.245647430419922,10261.9638671875,E,998.3641967773438
1366,1369,745A6328,1921,0.02435549907386303,6.257641315460205,32.35087203979492,5143.66357421875,E,737.1030883789062
1366,1939,745A6328,1922,2.4494142532348633,733.9938354492188,35.861083984375,741359.9375,F,366.99871826171875
1367,1370,745A6328,1923,0.1806786060333252,46.211280822753906,32.10804748535156,37416.71875,E,1923.494873046875
1368,1381,745A6328,1924,0.20950216054916382,46.395484924316406,29.688566207885742,32117.669921875,E,1314.7344970703125
1368,1416,745A6328,1925,0.5642470121383667,77.4994888305664,20.368942260742188,25253.73828125,E,1311.184326171875
1369,1397,745A6328,1926,0.29656341671943665,57.837127685546875,28.13895606994629,35967.69140625,E,756.3579711914062
1369,1440,745A6328,1927,0.4809095859527588,115.85848999023438,27.17824363708496,67214.1171875,E,793.8606567382812
1370,1409,745A6328,1928,0.5821359157562256,156.8857421875,32.92817687988281,133600.703125,E,2017.1258544921875
1371,1377,745A6328,1929,0.19725210964679718,53.09784698486328,27.886144638061523,32429.763671875,E,1091.82763671875
1371,1378,745A6328,1930,0.08484502881765366,40.58256530761719,30.448379516601562,29550.017578125,E,1056.1534423828125
1372,1383,745A6328,1931,0.23271413147449493,37.54584884643555,26.345355987548828,20467.26953125,E,1431.325439453125
1372,1389,745A6328,1932,0.4095943570137024,84.38605499267578,23.793542861938477,37521.37890625,E,1385.1513671875
1373,1398,745A6328,1933,0.24664628505706787,60.61333084106445,23.51373863220215,26320.939453125,E,1407.4857177734375
1374,1378,745A6328,1934,0.05231354385614395,16.625642776489258,35.62002944946289,16567.49609375,E,1038.1533203125
1374,1386,745A6328,1935,0.14465372264385223,51.57948684692383,23.024511337280273,21475.71875,E,1021.0545043945312
1375,1380,745A6328,1936,0.07123257219791412,15.107283592224121,29.111719131469727,10055.6923828125,E,977.3818969726562
1375,1382,745A6328,1937,0.061138395220041275,18.772924423217773,28.6197452545166,12076.8408203125,E,989.2509765625
1376,1379,745A6328,1938,0.013563365675508976,2.5920000076293945,27.64800262451172,1556.1533203125,E,1274.675048828125
1377,1384,745A6328,1939,0.3546842038631439,88.31221008300781,31.603607177734375,69276.1796875,E,1150.192138671875
1378,1498,745A6328,1940,0.994641900062561,274.3704528808594,33.4027099609375,240431.109375,E,1169.90576171875
1379,1392,745A6328,1941,0.19052603840827942,50.69004821777344,26.376489639282227,27697.8828125,E,1265.406982421875
1379,1422,745A6328,1942,0.739209771156311,83.31241607666016,18.139183044433594,21529.5546875,E,1310.8243408203125
1380,1451,745A6328,1943,0.5365087985992432,100.38278198242188,26.198257446289062,54112.04296875,E,1004.2247924804688
1381,1398,745A6328,1944,0.31808900833129883,74.64697265625,27.669401168823242,44885.03515625,E,1368.9140625
1381,1411,745A6328,1945,0.6692933440208435,60.42912673950195,17.69167137145996,14855.04296875,E,1339.705322265625
1382,1386,745A6328,1946,0.06495439261198044,13.588926315307617,28.90842628479004,8919.1591796875,E,1003.047607421875
1383,1452,745A6328,1947,0.8816884160041809,113.26647186279297,22.47378921508789,44930.76953125,E,1493.9161376953125
1384,1392,745A6328,1948,0.29383227229118347,82.23876953125,33.43697738647461,72213.8515625,E,1220.8310546875
1385,1409,745A6328,1949,2.4052281379699707,144.37046813964844,24.01919937133789,65416.19921875,E,2139.710693359375
1386,1486,745A6328,1950,0.8932675123214722,188.09765625,30.434200286865234,136834.953125,E,1097.159912109375
1387,1391,745A6328,1951,0.04082044959068298,10.99692440032959,32.79133987426758,9287.0859375,E,1019.3613891601562
1387,1423,745A6328,1952,0.7810336947441101,182.1768341064453,30.756786346435547,135352.078125,E,1100.303466796875
1388,1396,745A6328,1953,0.2821332812309265,68.83405303955078,22.811166763305664,28131.197265625,E,1493.78271484375
1388,1406,745A6328,1954,0.09332644939422607,30.214567184448242,25.486305236816406,15414.166015625,E,1521.08642578125
1389,1452,745A6328,1955,0.6426911354064941,173.25086975097656,32.85602569580078,146891.0625,E,1444.2882080078125
1390,1395,745A6328,1956,0.11485950648784637,14.033641815185547,23.64310646057129,6161.2568359375,E,747.230224609375
1390,1939,745A6328,1957,2.4935388565063477,741.1533813476562,35.861083984375,748591.3125,F,370.57696533203125
1391,1511,745A6328,1958,1.1664217710494995,219.20162963867188,27.390705108642578,129163.5859375,E,1114.3914794921875
1392,1405,745A6328,1959,0.10092562437057495,23.512208938598633,30.524614334106445,17206.150390625,E,1268.4019775390625
1393,1403,745A6328,1960,0.14768853783607483,14.662566184997559,22.150928497314453,5650.45947265625,E,751.1504516601562
1393,1939,745A6328,1961,2.5057506561279297,744.33740234375,35.861083984375,751807.3125,F,372.1690673828125
1394,1548,745A6328,1962,1.530511498451233,294.738037109375,28.31973648071289,185654.078125,E,1087.9383544921875
1394,1939,745A6328,1963,2.9766106605529785,949.5780639648438,35.861083984375,959107.6875,F,474.78302001953125
1395,1397,745A6328,1964,0.3127281963825226,39.95363998413086,18.453006744384766,10685.1474609375,E,764.5123291015625
1395,1403,745A6328,1965,0.0662115067243576,10.99692440032959,21.095151901245117,3843.495849609375,E,755.9876708984375
1396,1398,745A6328,1966,0.4802033305168152,95.19877624511719,28.232769012451172,59597.51953125,E,1444.22705078125
1396,1406,745A6328,1967,0.25977152585983276,48.35856628417969,27.426639556884766,28569.88671875,E,1501.36669921875
1397,1436,745A6328,1968,0.20840522646903992,43.803489685058594,28.99787712097168,28928.83984375,E,790.0647583007812
1398,1401,745A6328,1969,0.011890852823853493,2.5920000076293945,29.528472900390625,1775.0347900390625,E,1404.965576171875
1399,1407,745A6328,1970,0.17240992188453674,29.140928268432617,19.123199462890625,8369.7861328125,E,1565.9603271484375
1399,1420,745A6328,1971,0.08886537700891495,30.843490600585938,18.4591064453125,8254.1953125,E,1590.3023681640625
1400,1433,745A6328,1972,0.1837501972913742,38.61948776245117,29.008506774902344,25523.90625,E,851.1721801757812
1400,1447,745A6328,1973,0.25576382875442505,67.1314926147461,24.686161041259766,32130.931640625,E,875.0478515625
1401,1411,745A6328,1974,0.41916391253471375,87.86750030517578,29.00054931640625,58040.42578125,E,1376.991455078125
1402,1413,745A6328,1975,0.079989954829216,20.920207977294922,32.3818473815918,17228.9609375,E,919.6207275390625
1402,1455,745A6328,1976,0.3885074853897095,69.9076919555664,20.959623336791992,24120.248046875,E,922.1319580078125
1403,1408,745A6328,1977,0.032801494002342224,6.257641315460205,21.142589569091797,2196.933349609375,E,761.0355834960938
1404,1414,745A6328,1978,0.10678970068693161,17.254566192626953,26.384191513061523,9433.6875,E,755.9207153320312
1404,1939,745A6328,1979,2.5179624557495117,747.9750366210938,35.861083984375,755481.4375,F,373.9879150390625
1405,1422,745A6328,1980,0.3247731626033783,61.94748306274414,28.072145462036133,38341.1171875,E,1306.4884033203125
1405,1474,745A6328,1981,1.3207613229751587,105.30625915527344,18.858917236328125,29415.591796875,E,1313.307373046875
1406,1489,745A6328,1982,0.8935996890068054,212.0545654296875,31.02424430847168,160302.359375,E,1620.8385009765625
1407,1421,745A6328,1983,0.08301006257534027,15.552000045776367,27.39824104309082,9168.990234375,E,1559.1439208984375
1408,1414,745A6328,1984,0.08593690395355225,21.36492347717285,23.179594039916992,9015.7705078125,E,763.1798095703125
1408,1436,745A6328,1985,0.3079943358898163,47.0244140625,20.107820510864258,14932.869140625,E,781.9114379882812
1409,1475,745A6328,1986,0.7926044464111328,118.89521026611328,27.67405891418457,71515.4609375,E,2134.8916015625
1410,1427,745A6328,1987,0.13661818206310272,16.180925369262695,20.40564727783203,5291.68505859375,E,758.2880859375
1410,1939,745A6328,1988,2.5268349647521973,751.1614379882812,35.861083984375,758699.8125,F,375.5764465332031
1411,1416,745A6328,1989,0.06244787946343422,14.033641815185547,29.999435424804688,9919.4228515625,E,1338.6407470703125
1412,1426,745A6328,1990,1.1678898334503174,163.21969604492188,29.189241409301758,109221.484375,E,1815.9940185546875
1412,1431,745A6328,1991,0.20405179262161255,45.32184600830078,30.093883514404297,32236.94921875,E,1731.8486328125
1412,1531,745A6328,1992,2.0692358016967773,261.30255126953125,28.24475860595703,163722.84375,E,1854.0263671875
1413,1417,745A6328,1993,0.41496625542640686,64.98419952392578,19.82625961303711,20062.232421875,E,950.8875732421875
1413,1458,745A6328,1994,0.23472510278224945,57.837127685546875,27.019243240356445,33162.171875,E,954.3912353515625
1414,1427,745A6328,1995,0.17003628611564636,27.17784881591797,25.262683868408203,13622.7236328125,E,767.578369140625
1415,1418,745A6328,1996,0.3819394111633301,97.9749755859375,26.67218589782715,54742.203125,E,1228.9459228515625
1415,1424,745A6328,1997,0.091504767537117,23.512208938598633,32.028987884521484,18943.916015625,E,1253.6060791015625
1415,1425,745A6328,1998,0.3942750096321106,89.57006072998047,30.156389236450195,63975.16796875,E,1289.32763671875
1416,1425,745A6328,1999,0.0700320452451706,16.180925369262695,30.39246940612793,11738.8408203125,E,1330.1971435546875
1417,1441,745A6328,2000,0.09669122099876404,24.401639938354492,31.762670516967773,19334.943359375,E,982.10205078125
1418,1424,745A6328,2001,0.09068131446838379,22.883283615112305,31.82682228088379,18205.171875,E,1237.916748046875
1418,1434,745A6328,2002,0.3392588794231415,67.1314926147461,28.443384170532227,42655.86328125,E,1205.4642333984375
1419,1431,745A6328,2003,0.05470763146877289,13.588926315307617,31.502456665039062,10591.65625,E,1711.0181884765625
1419,1443,745A6328,2004,0.29319751262664795,75.98112487792969,32.208560943603516,61906.78125,E,1679.068603515625
1420,1430,745A6328,2005,0.09706641733646393,12.51528263092041,22.675426483154297,5054.07275390625,E,1607.7799072265625
1420,1435,745A6328,2006,0.30374443531036377,40.58256530761719,18.398117065429688,10788.875,E,1589.3111572265625
1421,1435,745A6328,2007,0.06840679794549942,13.588926315307617,28.135910034179688,8448.837890625,E,1568.28515625
1421,1461,745A6328,2008,1.1509073972702026,70.98133087158203,14.207132339477539,11252.4443359375,E,1547.739990234375
1422,1432,745A6328,2009,0.05407777428627014,13.588924407958984,31.693552017211914,10720.54296875,E,1341.92236328125
1423,1434,745A6328,2010,0.059676192700862885,13.588924407958984,30.079397201538086,9656.3544921875,E,1180.378662109375
1425,1482,745A6328,2011,0.35093042254447937,103.78791809082031,28.25434684753418,65073.9609375,E,1329.5389404296875
1427,1438,745A6328,2012,0.09852440655231476,24.585847854614258,24.472545623779297,11564.673828125,E,769.947998046875
1428,1438,745A6328,2013,0.06999008357524872,12.51528263092041,27.90008544921875,7651.41259765625,E,763.774658203125
1428,1939,745A6328,2014,2.5471088886260986,758.1987915039062,35.861083984375,765807.8125,F,379.1015319824219
1429,1430,745A6328,2015,0.06650976836681366,9.923283576965332,19.644989013671875,3007.79931640625,E,1616.479248046875
1429,1443,745A6328,2016,0.4532983601093292,38.61948776245117,14.403388023376465,6292.53564453125,E,1635.802001953125
1429,1446,745A6328,2017,0.3063511848449707,27.622568130493164,16.75821304321289,6092.69384765625,E,1631.3212890625
1430,1450,745A6328,2018,0.2878013253211975,31.2882080078125,17.300329208374023,7354.943359375,E,1626.349609375
1431,1472,745A6328,2019,0.34631314873695374,72.94441223144531,26.05010986328125,38877.7421875,E,1741.11767578125
1432,1496,745A6328,2020,0.4433787763118744,104.93785858154297,25.84621238708496,55057.42578125,E,1373.24951171875
1432,1541,745A6328,2021,1.104873538017273,275.444091796875,31.62289810180664,216334.9375,E,1478.031982421875
1433,1440,745A6328,2022,0.19604307413101196,42.100921630859375,29.299766540527344,28386.3671875,E,852.92626953125
1433,1442,745A6328,2023,0.05170847848057747,13.588924407958984,27.693740844726562,8185.36767578125,E,867.4968872070312
1434,1467,745A6328,2024,0.1898726373910904,60.61333084106445,25.503246307373047,30963.423828125,E,1212.4296875
1435,1463,745A6328,2025,0.16204474866390228,39.5089225769043,24.31849479675293,18350.9453125,E,1585.419189453125
1436,1483,745A6328,2026,0.3756413757801056,91.71733093261719,31.25154685974121,70353.28125,E,834.2791137695312
1437,1444,745A6328,2027,0.06490392982959747,14.662566184997559,30.64455223083496,10814.4990234375,E,768.0626831054688
1437,1939,745A6328,2028,2.554598093032837,761.5408935546875,35.861083984375,769183.4375,F,380.77117919921875
1438,1444,745A6328,2029,0.03643648326396942,10.99692440032959,28.20366859436035,6870.24658203125,E,772.1310424804688
1439,1449,745A6328,2030,0.08292943239212036,18.772924423217773,30.48540687561035,13702.689453125,E,771.3182983398438
1439,1939,745A6328,2031,2.555981159210205,762.4622802734375,35.861083984375,770114.0625,F,381.2333068847656
1440,1468,745A6328,2032,0.22703205049037933,47.91384506225586,29.293485641479492,32291.85546875,E,867.48583984375
1441,1458,745A6328,2033,0.21882104873657227,51.134769439697266,26.865320205688477,28986.12890625,E,983.35205078125
1441,1494,745A6328,2034,0.3515476882457733,90.45948791503906,28.718687057495117,58596.703125,E,1021.9044189453125
1442,1447,745A6328,2035,0.1890506148338318,40.58256530761719,29.48713493347168,27713.701171875,E,887.85986328125
1442,1468,745A6328,2036,0.1577787846326828,51.76368713378906,23.773794174194336,22977.9921875,E,882.527099609375
1443,1446,745A6328,2037,0.09465868026018143,21.364927291870117,30.036706924438477,15138.9560546875,E,1646.9161376953125
1444,1448,745A6328,2038,0.04525113105773926,9.923283576965332,29.599620819091797,6828.37841796875,E,777.6931762695312
1445,1454,745A6328,2039,0.060256168246269226,12.51528263092041,29.70127296447754,8671.2294921875,E,773.5302124023438
1445,1939,745A6328,2040,2.568193197250366,767.9759521484375,35.861083984375,775683.0625,F,383.99017333984375
1446,1450,745A6328,2041,0.03209283575415611,6.257641315460205,27.86484718322754,3816.04833984375,E,1638.754150390625
1447,1453,745A6328,2042,0.029335539788007736,7.331283092498779,31.61901092529297,5756.60498046875,E,905.895751953125
1448,1449,745A6328,2043,0.011680832132697105,2.5920000076293945,29.79275131225586,1806.949951171875,E,780.0132446289062
1448,1471,745A6328,2044,0.26560401916503906,44.87712860107422,22.27179527282715,17483.380859375,E,800.9000854492188
1449,1454,745A6328,2045,0.06494035571813583,20.291284561157227,29.375999450683594,13752.59765625,E,780.083984375
1450,1457,745A6328,2046,0.06146039068698883,10.99692440032959,26.702682495117188,6158.44287109375,E,1635.165283203125
1451,1487,745A6328,2047,0.7279475927352905,102.26953887939453,22.120094299316406,39301.59375,E,1084.971923828125
1451,1490,745A6328,2048,0.25580257177352905,70.16820526123047,29.118831634521484,46728.1015625,E,1058.7421875
1452,1461,745A6328,2049,0.08770577609539032,24.585847854614258,33.4418830871582,21595.1640625,E,1533.3924560546875
1453,1455,745A6328,2050,0.185992032289505,47.72964096069336,26.495479583740234,26316.10546875,E,923.5498657226562
1453,1479,745A6328,2051,0.2611193060874939,56.31876754760742,29.487279891967773,38460.28125,E,931.7793579101562
1454,1459,745A6328,2052,0.0555446520447731,10.99692440032959,28.12574005126953,6832.33349609375,E,782.0557861328125
1455,1469,745A6328,2053,0.3521599769592285,56.31876754760742,25.887903213500977,29643.998046875,E,963.8046264648438
1456,1462,745A6328,2054,0.0684155747294426,10.99692440032959,27.073692321777344,6330.763671875,E,779.8567504882812
1456,1939,745A6328,2055,2.5817883014678955,775.1293334960938,35.861083984375,782908.25,F,387.56591796875
1457,1466,745A6328,2056,0.1052413135766983,36.027488708496094,26.00712776184082,19138.533203125,E,1622.19677734375
1457,1473,745A6328,2057,0.049765538424253464,33.25128173828125,14.433881759643555,5440.82275390625,E,1640.93603515625
1458,1469,745A6328,2058,0.10148295760154724,24.585847854614258,31.093833923339844,18669.111328125,E,983.7049560546875
1459,1462,745A6328,2059,0.06200208514928818,11.441641807556152,27.156024932861328,6626.9033203125,E,784.9136352539062
1459,1477,745A6328,2060,0.2132796198129654,39.064205169677734,22.0472469329834,14913.431640625,E,803.165771484375
1460,1465,745A6328,2061,0.14701344072818756,7.331283092498779,19.31294059753418,2147.665771484375,E,989.9744262695312
1460,1939,745A6328,2062,3.1689553260803223,986.3232421875,35.861083984375,996221.625,F,493.16259765625
1461,1470,745A6328,2063,0.11630859971046448,31.917129516601562,33.14100646972656,27532.46484375,E,1557.82373046875
1462,1464,745A6328,2064,0.1463976949453354,29.14092445373535,22.75732421875,11853.2001953125,E,787.578857421875
1463,1466,745A6328,2065,0.09245641529560089,22.883283615112305,31.44734001159668,17773.626953125,E,1604.579833984375
1463,1470,745A6328,2066,0.10777702927589417,41.21148681640625,28.33919906616211,25994.611328125,E,1583.061279296875
1464,1939,745A6328,2067,2.597339630126953,782.165771484375,35.861083984375,790015.3125,F,391.0850524902344
1466,1473,745A6328,2068,0.20517411828041077,41.21148681640625,28.664472579956055,26594.759765625,E,1631.4805908203125
1467,1480,745A6328,2069,0.3029681444168091,77.68368530273438,32.02742385864258,62584.0546875,E,1273.20556640625
1467,1502,745A6328,2070,0.369577556848526,79.83097076416016,29.497976303100586,54556.40625,E,1248.8074951171875
1468,1476,745A6328,2071,0.08376147598028183,21.36492347717285,31.914634704589844,17091.138671875,E,901.161865234375
1469,1491,745A6328,2072,0.1458032876253128,45.32184600830078,21.444143295288086,16368.7255859375,E,999.1705322265625
1470,1492,745A6328,2073,0.2076995074748993,47.0244140625,30.40060043334961,34133.24609375,E,1591.8846435546875
1471,1477,745A6328,2074,0.3494774103164673,35.398563385009766,12.852254867553711,4592.34130859375,E,817.8037109375
1471,1481,745A6328,2075,0.14228643476963043,20.291284561157227,23.818445205688477,9041.2041015625,E,828.7411499023438
1472,1519,745A6328,2076,0.8993207812309265,96.27242279052734,20.880407333374023,32966.26171875,E,1789.5328369140625
1472,1553,745A6328,2077,1.8349946737289429,170.9193878173828,18.219812393188477,44562.4453125,E,1821.7564697265625
1473,1519,745A6328,2078,0.6499619483947754,166.54852294921875,32.07120895385742,134543.078125,E,1723.876220703125
1476,1521,745A6328,2079,0.5094062685966492,107.89825439453125,27.592100143432617,64516.9453125,E,960.4024047851562
1476,1536,745A6328,2080,0.5673137903213501,110.30606079101562,28.69209861755371,71320.4140625,E,945.5641479492188
1477,1484,745A6328,2081,0.11224613338708878,16.180925369262695,24.04291534423828,7346.27978515625,E,826.9309692382812
1478,1518,745A6328,2082,0.512864887714386,109.34033203125,29.454137802124023,74501.1328125,E,1544.8272705078125
1479,1491,745A6328,2083,0.3826776444911957,74.4627685546875,25.74090576171875,38750.4453125,E,983.0455322265625
1479,1584,745A6328,2084,0.882215678691864,200.6892547607422,28.826427459716797,130977.1796875,E,1045.17724609375
1480,1482,745A6328,2085,0.1410580277442932,34.32492446899414,31.268199920654297,26357.560546875,E,1321.415283203125
1480,1488,745A6328,2086,1.0293684005737305,131.22625732421875,22.476198196411133,52066.25390625,E,1335.464599609375
1481,1484,745A6328,2087,0.45746713876724243,30.659282684326172,14.39612865447998,4990.49169921875,E,836.1828002929688
1481,1520,745A6328,2088,2.1051828861236572,89.1253433227539,11.419321060180664,9127.9169921875,E,873.665771484375
1482,1488,745A6328,2089,0.05621790885925293,13.588924407958984,31.063343048095703,10298.4375,E,1342.2437744140625
1483,1510,745A6328,2090,0.2382248342037201,57.837127685546875,31.21784019470215,44269.26171875,E,886.5388793945312
1483,1545,745A6328,2091,0.7774248123168945,122.56085968017578,23.873716354370117,54863.27734375,E,918.9813842773438
1484,1520,745A6328,2092,0.5896713733673096,78.57312774658203,23.540735244750977,34198.2578125,E,868.9585571289062
1485,1530,745A6328,2093,0.4496348202228546,116.67161560058594,32.3016471862793,95610.2421875,E,857.4739990234375
1485,1939,745A6328,2094,2.6428475379943848,811.2131958007812,35.861083984375,819354.25,F,405.60809326171875
1486,1527,745A6328,2095,0.3958236873149872,108.71141052246094,33.18683624267578,94036.5546875,E,1233.371826171875
1486,1644,745A6328,2096,2.294706344604492,333.3259582519531,25.278493881225586,167286.6875,E,1294.917236328125
1487,1490,745A6328,2097,0.6313849687576294,79.64676666259766,21.402029037475586,28652.85546875,E,1106.7113037109375
1487,1506,745A6328,2098,0.21254035830497742,40.137847900390625,27.41856575012207,23699.1875,E,1146.8875732421875
1488,1499,745A6328,2099,0.14182306826114655,36.027488708496094,31.83247184753418,28672.435546875,E,1363.2666015625
1489,1505,745A6328,2100,0.13770292699337006,30.659282684326172,29.8520450592041,21458.533203125,E,1724.323486328125
1489,1507,745A6328,2101,0.5111593008041382,69.9076919555664,23.31218910217285,29838.7734375,E,1745.8128662109375
1490,1494,745A6328,2102,0.2445315271615982,56.134559631347656,30.465070724487305,40918.9609375,E,1065.5303955078125
1490,1504,745A6328,2103,0.12000390887260437,29.14092254638672,31.292505264282227,22411.65234375,E,1093.121826171875
1491,1501,745A6328,2104,0.18651306629180908,34.509132385253906,27.256195068359375,20135.126953125,E,1026.827880859375
1492,1503,745A6328,2105,0.23809941112995148,50.5058479309082,25.0911865234375,24973.185546875,E,1635.7159423828125
1492,1509,745A6328,2106,0.18676453828811646,41.65620422363281,29.9276065826416,29303.09765625,E,1621.8013916015625
1493,1497,745A6328,2107,0.31546109914779663,85.72020721435547,33.0314826965332,73456.328125,E,1362.377685546875
1493,1498,745A6328,2108,0.13717840611934662,46.395484924316406,28.261947631835938,29105.14453125,E,1313.9451904296875
1493,1508,745A6328,2109,0.03829648345708847,36.47220993041992,19.567058563232422,10967.384765625,E,1334.081298828125
1494,1495,745A6328,2110,0.015457347966730595,3.6656415462493896,30.799062728881836,2730.95703125,E,1052.303955078125
1495,1501,745A6328,2111,0.1431824266910553,42.7298469543457,28.390026092529297,27049.099609375,E,1045.3468017578125
1495,1512,745A6328,2112,0.16670894622802734,37.36164093017578,30.059070587158203,26513.490234375,E,1065.7421875
1496,1497,745A6328,2113,0.012168551795184612,3.6656415462493896,34.71247100830078,3469.05322265625,E,1399.053466796875
1496,1535,745A6328,2114,0.5850865244865417,152.33067321777344,32.34990310668945,125205.4453125,E,1466.358642578125
1497,1542,745A6328,2115,0.3556843400001526,77.49948120117188,27.80356788635254,47053.26171875,E,1416.7471923828125
1498,1508,745A6328,2116,0.149330273270607,38.61948776245117,32.24713897705078,31541.23828125,E,1321.276123046875
1499,1550,745A6328,2117,0.33273783326148987,86.53333282470703,29.5462646484375,59330.5625,E,1390.5321044921875
1499,1552,745A6328,2118,0.6065844297409058,165.91958618164062,33.07173538208008,142528.421875,E,1456.6865234375
1500,1551,745A6328,2119,0.7050063014030457,96.64081573486328,24.070026397705078,43974.76953125,E,872.2298583984375
1500,1939,745A6328,2120,2.674760580062866,834.7568359375,35.861083984375,843134.1875,F,417.3802185058594
1501,1515,745A6328,2121,0.0849175676703453,42.28512954711914,22.098072052001953,16217.58984375,E,1062.4639892578125
1502,1526,745A6328,2122,0.31880253553390503,55.2451286315918,26.32552146911621,30070.3046875,E,1266.114990234375
1502,1547,745A6328,2123,1.675592064857483,88.68061065673828,17.423322677612305,21143.677734375,E,1292.547119140625
1503,1509,745A6328,2124,0.28724053502082825,42.7298469543457,14.641241073608398,7194.1083984375,E,1647.7049560546875
1503,1621,745A6328,2125,1.020599603652954,275.7046203613281,32.92694854736328,234766.921875,E,1780.361083984375
1504,1514,745A6328,2126,0.3147900104522705,55.24512481689453,22.825572967529297,22606.181640625,E,1128.954345703125
1504,1523,745A6328,2127,0.1731678545475006,47.913848876953125,26.648164749145508,26723.021484375,E,1117.0389404296875
1505,1507,745A6328,2128,0.17775468528270721,32.80656433105469,27.385412216186523,19323.650390625,E,1741.0108642578125
1506,1514,745A6328,2129,0.12422826886177063,37.54584503173828,20.231830596923828,12070.4130859375,E,1156.1444091796875
1506,1543,745A6328,2130,0.4692646265029907,59.35548782348633,22.6731014251709,23964.734375,E,1188.8843994140625
1508,1539,745A6328,2131,0.28532853722572327,67.94461059570312,30.78647232055664,50578.359375,E,1371.2523193359375
1509,1572,745A6328,2132,0.466622918844223,102.97478485107422,30.188629150390625,73706.796875,E,1657.684814453125
1510,1524,745A6328,2133,0.13953109085559845,32.361846923828125,30.434978485107422,23543.400390625,E,915.871337890625
1510,1540,745A6328,2134,0.19303499162197113,52.65312957763672,28.092121124267578,32634.96484375,E,928.2569580078125
1511,1513,745A6328,2135,0.026244379580020905,6.257641315460205,30.87360382080078,4684.62890625,E,1213.9571533203125
1511,1546,745A6328,2136,0.12294597923755646,46.840206146240234,24.343021392822266,21800.05859375,E,1224.509765625
1512,1515,745A6328,2137,0.029987644404172897,7.331283092498779,31.259859085083008,5626.572265625,E,1079.876220703125
1512,1528,745A6328,2138,0.1203840896487236,54.80040740966797,27.599716186523438,32785.58203125,E,1102.02392578125
1513,1517,745A6328,2139,0.06499471515417099,14.033641815185547,29.16254425048828,9373.701171875,E,1222.499267578125
1513,1529,745A6328,2140,0.15954342484474182,38.61948776245117,25.910964965820312,20364.021484375,E,1234.2293701171875
1514,1544,745A6328,2141,0.34702199697494507,44.87712860107422,22.766231536865234,18268.26171875,E,1172.1044921875
1515,1584,745A6328,2142,0.6234773397445679,119.33993530273438,29.283504486083984,80375.1484375,E,1111.511962890625
1516,1534,745A6328,2143,0.6721112728118896,143.5573272705078,30.045673370361328,101783.90625,E,1607.5599365234375
1517,1529,745A6328,2144,0.12089396268129349,20.920207977294922,20.415813446044922,6848.40234375,E,1238.7252197265625
1518,1534,745A6328,2145,0.09935153275728226,29.769847869873047,16.0670108795166,6035.8251953125,E,1548.353271484375
1518,1538,745A6328,2146,0.1356305181980133,25.03056526184082,27.40178871154785,14761.087890625,E,1535.2015380859375
1519,1553,745A6328,2147,0.19911383092403412,46.57969284057617,30.585601806640625,34223.1953125,E,1823.8084716796875
1520,1522,745A6328,2148,0.015621896833181381,3.6656415462493896,30.63642692565918,2702.19140625,E,906.3807983398438
1521,1582,745A6328,2149,0.34267303347587585,92.60678100585938,29.30748176574707,62472.61328125,E,1038.5234375
1521,1612,745A6328,2150,0.932945728302002,173.9561309814453,26.044050216674805,92671.6015625,E,1089.070556640625
1522,1530,745A6328,2151,0.19621866941452026,47.28491973876953,31.12546157836914,35978.58984375,E,905.41357421875
1522,1537,745A6328,2152,0.2058495283126831,52.024200439453125,21.000282287597656,18019.6171875,E,918.8258056640625
1523,1528,745A6328,2153,0.022070910781621933,6.257641315460205,33.67228317260742,5572.443359375,E,1127.9169921875
1523,1577,745A6328,2154,0.4114057719707489,103.52739715576172,31.759130477905273,82012.9453125,E,1178.011474609375
1524,1537,745A6328,2155,0.0746479332447052,16.180925369262695,29.4200439453125,10999.67578125,E,928.57568359375
1524,1540,745A6328,2156,0.09928251802921295,41.65620803833008,18.215152740478516,10855.134765625,E,938.5164184570312
1525,1559,745A6328,2157,0.24091936647891998,61.686973571777344,32.15898895263672,50105.8125,E,900.0628662109375
1525,1939,745A6328,2158,2.7363927364349365,878.6918334960938,35.861083984375,887510.0625,F,439.3466796875
1526,1547,745A6328,2159,0.1564340442419052,20.920207977294922,23.25394630432129,8884.83203125,E,1286.5267333984375
1526,1549,745A6328,2160,0.06753366440534592,30.843490600585938,20.80376625061035,10484.2490234375,E,1272.89501953125
1527,1532,745A6328,2161,0.15033337473869324,48.35856628417969,29.88593101501465,33923.20703125,E,1303.2529296875
1527,1556,745A6328,2162,0.15781350433826447,41.21148681640625,32.45881652832031,34101.50390625,E,1303.15625
1528,1592,745A6328,2163,0.46047067642211914,106.19569396972656,30.659500122070312,78401.9609375,E,1153.865966796875
1529,1533,745A6328,2164,0.028611522167921066,5.184000015258789,26.90936851501465,2948.233642578125,E,1249.984619140625
1530,1581,745A6328,2165,0.29337096214294434,90.38318634033203,28.50635528564453,57684.734375,E,942.671875
1532,1555,745A6328,2166,0.48676344752311707,92.16206359863281,28.814395904541016,60098.1484375,E,1361.74853515625
1532,1556,745A6328,2167,0.1497362107038498,40.76676940917969,16.71077537536621,8941.0673828125,E,1322.56884765625
1533,1546,745A6328,2168,0.1358765810728073,23.956924438476562,26.54117774963379,13254.4384765625,E,1247.614990234375
1533,1549,745A6328,2169,0.13544167578220367,22.438568115234375,22.297975540161133,8762.2548828125,E,1262.127685546875
1534,1538,745A6328,2170,0.24464151263237,34.32492446899414,17.509429931640625,8265.01171875,E,1551.2581787109375
1535,1541,745A6328,2171,1.8907911777496338,92.79097747802734,12.471077919006348,11334.533203125,E,1575.41455078125
1535,1565,745A6328,2172,1.332326889038086,94.30933380126953,25.123977661132812,46754.2734375,E,1577.1966552734375
1536,1545,745A6328,2173,0.14033140242099762,33.25128173828125,24.296188354492188,15416.1015625,E,979.6253662109375
1536,1574,745A6328,2174,0.21422582864761353,64.98420715332031,30.19482421875,46533.1796875,E,1013.0907592773438
1537,1567,745A6328,2175,0.1588054746389389,54.6161994934082,30.560916900634766,40063.0625,E,956.1634521484375
1538,1552,745A6328,2176,0.04439681023359299,18.328208923339844,31.44959831237793,14237.7080078125,E,1536.1142578125
1539,1554,745A6328,2177,0.16583549976348877,28.251487731933594,26.3740234375,15434.1943359375,E,1416.3095703125
1539,1555,745A6328,2178,0.4307478964328766,33.435489654541016,15.546191215515137,6346.6650390625,E,1404.379150390625
1540,1562,745A6328,2179,0.20561553537845612,48.98748779296875,30.985610961914062,36939.85546875,E,973.0421752929688
1541,1572,745A6328,2180,0.30099135637283325,75.72061157226562,28.768259048461914,49218.8125,E,1640.4818115234375
1542,1554,745A6328,2181,0.3573620915412903,29.769847869873047,14.854023933410645,5158.87158203125,E,1435.027099609375
1542,1569,745A6328,2182,1.0167028903961182,58.9107666015625,11.353052139282227,5963.61865234375,E,1460.8935546875
1543,1544,745A6328,2183,0.2628933787345886,23.328001022338867,16.051523208618164,4720.62939453125,E,1201.357177734375
1543,1560,745A6328,2184,0.5812016129493713,54.616207122802734,19.471511840820312,16263.376953125,E,1226.022705078125
1544,1560,745A6328,2185,0.38678446412086487,37.990562438964844,13.051482200622559,5082.59228515625,E,1208.698974609375
1545,1562,745A6328,2186,0.29534822702407837,63.2053337097168,24.48387336730957,29758.009765625,E,988.2698974609375
1546,1579,745A6328,2187,0.33925390243530273,64.53948974609375,27.987415313720703,39704.6171875,E,1259.89599609375
1547,1557,745A6328,2188,0.19509758055210114,28.69620704650879,24.669742584228516,13716.509765625,E,1299.43798828125
1549,1557,745A6328,2189,0.20119214057922363,34.95384979248047,19.501712799072266,10440.71875,E,1287.25439453125
1551,1563,745A6328,2190,0.3601545989513397,50.69004821777344,20.734302520751953,17115.57421875,E,927.3380737304688
1551,1568,745A6328,2191,0.3766232132911682,85.01496887207031,26.69074821472168,47567.109375,E,919.592529296875
1552,1616,745A6328,2192,0.9935134649276733,268.81805419921875,32.93510055541992,229016.25,E,1661.1397705078125
1553,1573,745A6328,2193,0.2683159112930298,70.0918960571289,32.31214904785156,57476.37109375,E,1879.7247314453125
1554,1558,745A6328,2194,0.0871250256896019,12.51528263092041,24.02123260498047,5671.802734375,E,1436.020263671875
1555,1566,745A6328,2195,0.19181355834007263,32.99077224731445,15.236894607543945,6015.54931640625,E,1418.789306640625
1556,1678,745A6328,2196,1.1268061399459839,311.51629638671875,33.291446685791016,271166.46875,E,1456.4788818359375
1557,1564,745A6328,2197,0.0709768533706665,17.699283599853516,31.443790435791016,13744.0703125,E,1309.9459228515625
1558,1566,745A6328,2198,0.5131874680519104,30.843490600585938,14.160887718200684,4857.7412109375,E,1437.7349853515625
1558,1569,745A6328,2199,0.11889028549194336,31.917129516601562,24.92047119140625,15567.7626953125,E,1457.150146484375
1559,1568,745A6328,2200,0.0890369564294815,24.585847854614258,33.20555114746094,21291.01953125,E,932.297607421875
1559,1576,745A6328,2201,0.17347435653209686,39.248409271240234,24.781553268432617,18930.80078125,E,936.0158081054688
1560,1577,745A6328,2202,0.29087406396865845,35.58277130126953,16.29063606262207,7416.615234375,E,1225.6900634765625
1561,1571,745A6328,2203,0.24792973697185516,66.0578384399414,32.72272872924805,55553.734375,E,942.4935913085938
1561,1939,745A6328,2204,3.001157760620117,934.2173461914062,35.861083984375,943592.8125,F,467.1103210449219
1562,1578,745A6328,2205,0.06459548324346542,18.144001007080078,33.474918365478516,15968.421875,E,1004.1746826171875
1563,1594,745A6328,2206,0.4087698459625244,60.61333084106445,19.320335388183594,17769.99609375,E,969.1762084960938
1563,1596,745A6328,2207,0.711571991443634,77.8678970336914,20.677148818969727,26147.46875,E,965.8788452148438
1564,1599,745A6328,2208,0.2531794011592865,65.16841125488281,28.813554763793945,42493.32421875,E,1323.6890869140625
1564,1630,745A6328,2209,1.0928504467010498,306.3638916015625,33.47343826293945,269605.09375,E,1451.4114990234375
1566,1570,745A6328,2210,0.9931641817092896,61.05805206298828,17.969167709350586,15484.19921875,E,1456.010498046875
1567,1581,745A6328,2211,0.16375163197517395,40.137847900390625,31.51349449157715,31306.685546875,E,978.8817138671875
1567,1609,745A6328,2212,0.3302595913410187,86.97806549072266,32.50062942504883,72157.78125,E,1016.3766479492188
1568,1575,745A6328,2213,0.05220964923501015,13.588926315307617,32.29530334472656,11131.5009765625,E,945.2452392578125
1569,1570,745A6328,2214,0.012233742512762547,2.5920000076293945,29.111717224121094,1725.28369140625,E,1471.1884765625
1569,1588,745A6328,2215,0.07750628888607025,34.509132385253906,29.83679962158203,24128.39453125,E,1488.99462890625
1571,1576,745A6328,2216,0.2008921504020691,37.99056625366211,27.800472259521484,23060.568359375,E,944.885498046875
1571,1604,745A6328,2217,0.5596902966499329,58.726558685302734,19.025787353515625,16695.89453125,E,971.0684814453125
1572,1601,745A6328,2218,0.22229616343975067,47.72964096069336,29.24653434753418,32064.67578125,E,1689.4312744140625
1573,1595,745A6328,2219,1.038611650466919,277.8966064453125,32.814857482910156,235025.046875,E,2031.2391357421875
1573,1621,745A6328,2220,2.7296431064605713,495.68792724609375,28.134994506835938,308171.09375,E,2003.297607421875
1574,1582,745A6328,2221,0.22585062682628632,58.726558685302734,32.5908203125,48990.85546875,E,1054.89111328125
1574,1585,745A6328,2222,0.07040155678987503,18.772924423217773,32.532867431640625,15605.09765625,E,1044.7225341796875
1575,1596,745A6328,2223,0.21712125837802887,54.35569381713867,31.625391006469727,42697.921875,E,965.5784912109375
1575,1600,745A6328,2224,0.2545958161354065,46.39548873901367,22.44182586669922,18351.94140625,E,969.604736328125
1576,1597,745A6328,2225,0.3088899552822113,35.398563385009766,13.491954803466797,5060.87109375,E,964.3116455078125
1577,1580,745A6328,2226,0.015426790341734886,3.6656415462493896,30.829551696777344,2736.36669921875,E,1227.193603515625
1578,1586,745A6328,2227,0.48708784580230713,72.76020812988281,23.416574478149414,31335.060546875,E,1028.447021484375
1578,1623,745A6328,2228,0.554516613483429,123.4502944946289,29.97426986694336,87112.25,E,1066.83837890625
1579,1583,745A6328,2229,9.425516128540039,187.98974609375,15.870035171508789,37186.03125,E,1222.799560546875
1579,1602,745A6328,2230,0.21246618032455444,48.98748779296875,30.396060943603516,35547.55078125,E,1294.584716796875
1580,1589,745A6328,2231,0.0811382383108139,24.585847854614258,29.203201293945312,16467.814453125,E,1227.5447998046875
1580,1644,745A6328,2232,0.8699590563774109,200.42872619628906,30.472820281982422,146175.6875,E,1318.5264892578125
1581,1593,745A6328,2233,0.10124752670526505,23.956924438476562,30.76291847229004,17806.396484375,E,993.005859375
1582,1619,745A6328,2234,0.3998953700065613,89.83056640625,30.3404541015625,64946.86328125,E,1110.8582763671875
1583,1587,745A6328,2235,0.1506337821483612,7.331283092498779,13.810447692871094,1098.2099609375,E,1180.251953125
1583,1590,745A6328,2236,5.353082180023193,94.30935668945312,13.04809284210205,12610.6875,E,1160.5885009765625
1584,1613,745A6328,2237,0.2993462383747101,82.42296600341797,33.27473068237305,71674.921875,E,1173.5384521484375
1585,1586,745A6328,2238,0.011523036286234856,2.5920000076293945,29.996047973632812,1831.694091796875,E,1050.1422119140625
1585,1618,745A6328,2239,0.5448494553565979,91.71734619140625,24.463809967041016,43111.1484375,E,1092.921630859375
1586,1623,745A6328,2240,1.102793574333191,108.3429946899414,16.910442352294922,24333.28125,E,1087.5943603515625
1587,1590,745A6328,2241,0.24810758233070374,7.331283092498779,11.038870811462402,701.6477661132812,E,1181.4923095703125
1588,1614,745A6328,2242,0.3792318105697632,98.34339141845703,32.238243103027344,80274.53125,E,1551.7374267578125
1588,1721,745A6328,2243,1.6577036380767822,376.8689270019531,31.5529842376709,294687.0625,E,1626.875732421875
1589,1592,745A6328,2244,0.35989126563072205,86.34912109375,29.117738723754883,57499.37109375,E,1205.3162841796875
1589,1626,745A6328,2245,0.5401665568351746,111.37969970703125,29.737762451171875,77359.296875,E,1260.0279541015625
1590,1591,745A6328,2246,0.1135663315653801,2.5920000076293945,9.554823875427246,185.85328674316406,E,1183.1885986328125
1592,1613,745A6328,2247,0.25329479575157166,67.3156967163086,25.012996673583984,33077.8828125,E,1202.1279296875
1593,1594,745A6328,2248,0.17222686111927032,37.990562438964844,29.752092361450195,26411.9609375,E,1001.6414184570312
1593,1609,745A6328,2249,0.334466814994812,69.27877044677734,23.38820457458496,29763.48828125,E,1031.642578125
1594,1607,745A6328,2250,0.5293853878974915,77.23897552490234,22.099088668823242,29626.142578125,E,1005.49267578125
1596,1610,745A6328,2251,0.18834450840950012,44.87712860107422,30.925098419189453,33708.3203125,E,1004.13916015625
1597,1600,745A6328,2252,0.33547911047935486,29.14092445373535,13.505505561828613,4174.60009765625,E,983.600341796875
1597,1604,745A6328,2253,0.6178115010261536,46.39548873901367,15.074260711669922,8280.1396484375,E,991.0269165039062
1598,1605,745A6328,2254,0.16695164144039154,23.956924438476562,25.066165924072266,11822.158203125,E,1008.0421752929688
1598,1939,745A6328,2255,3.273984670639038,998.4046020507812,35.861083984375,1008424.25,F,499.2035217285156
1599,1602,745A6328,2256,0.23169630765914917,42.100921630859375,21.099895477294922,14721.162109375,E,1324.748779296875
1599,1608,745A6328,2257,0.1336773782968521,30.214563369750977,23.195859909057617,12768.1259765625,E,1348.6549072265625
1600,1627,745A6328,2258,0.44406139850616455,90.4594955444336,28.866539001464844,59201.60546875,E,1030.1214599609375
1601,1624,745A6328,2259,0.505228579044342,90.19898223876953,27.076744079589844,51937.90625,E,1742.4547119140625
1601,1633,745A6328,2260,0.5373868942260742,106.1957015991211,23.924814224243164,47741.26953125,E,1721.5369873046875
1602,1656,745A6328,2261,0.6499276161193848,164.4775390625,31.80839729309082,130701.3359375,E,1378.20556640625
1603,1616,745A6328,2262,0.9356725811958313,67.94461059570312,22.97223663330078,28161.21875,E,1794.150146484375
1604,1622,745A6328,2263,0.5885229110717773,76.34953308105469,20.8151798248291,25981.04296875,E,1026.55224609375
1605,1611,745A6328,2264,0.12176572531461716,41.65620803833008,17.88479995727539,10464.96484375,E,1027.2740478515625
1605,1615,745A6328,2265,0.19361186027526855,47.0244140625,31.131105422973633,35793.3515625,E,1027.8626708984375
1606,1611,745A6328,2266,0.06289063394069672,13.588926315307617,30.229833602905273,9753.1865234375,E,1032.34716796875
1606,1939,745A6328,2267,3.3932957649230957,1027.8514404296875,35.861083984375,1038166.5625,F,513.9273681640625
1607,1610,745A6328,2268,0.05214628577232361,15.107283592224121,27.59209442138672,9033.2822265625,E,1022.7575073242188
1607,1620,745A6328,2269,0.6857255101203918,154.55426025390625,28.66879653930664,99767.6640625,E,1051.5404052734375
1609,1620,745A6328,2270,0.11461008340120316,34.7696418762207,34.80830764770508,33086.88671875,E,1066.904296875
1610,1634,745A6328,2271,0.3238576054573059,76.42584228515625,30.79397964477539,56919.5859375,E,1058.6954345703125
1611,1628,745A6328,2272,0.30608928203582764,58.726558685302734,27.90581512451172,35918.140625,E,1063.454833984375
1612,1629,745A6328,2273,0.29404664039611816,75.72061157226562,32.362728118896484,62286.546875,E,1194.4388427734375
1612,1675,745A6328,2274,0.7177964448928833,177.0691375732422,31.781028747558594,140465.171875,E,1231.645751953125
1613,1631,745A6328,2275,0.2449769228696823,68.38933563232422,33.40584182739258,59940.8828125,E,1245.4364013671875
1614,1633,745A6328,2276,0.642521858215332,166.1800994873047,30.89712142944336,124596.25,E,1667.828369140625
1614,1758,745A6328,2277,1.6710922718048096,435.519287109375,32.52411651611328,361833.09375,E,1778.785888671875
1615,1622,745A6328,2278,0.32122257351875305,61.50276565551758,24.47915267944336,28945.25,E,1042.3331298828125
1615,1663,745A6328,2279,0.6304807662963867,140.44436645507812,29.98773193359375,99193.09375,E,1094.38330078125
1616,1641,745A6328,2280,3.0079421997070312,123.81871032714844,27.26923179626465,72313.9375,E,1844.558349609375
1617,1642,745A6328,2281,0.47309771180152893,71.68656921386719,26.299482345581055,38942.33984375,E,1101.238525390625
1617,1939,745A6328,2282,3.5501508712768555,1068.161865234375,35.861083984375,1078881.5,F,534.08251953125
1618,1619,745A6328,2283,0.21568843722343445,29.58563995361328,24.437650680541992,13876.814453125,E,1139.853515625
1618,1672,745A6328,2284,1.637527585029602,162.3302459716797,21.354177474975586,58137.31640625,E,1200.036376953125
1619,1673,745A6328,2285,1.1560546159744263,152.66748046875,22.634063720703125,61427.30859375,E,1216.9422607421875
1620,1632,745A6328,2286,0.4734651744365692,88.05168151855469,26.177507400512695,47389.71875,E,1101.6845703125
1620,1649,745A6328,2287,0.2522023320198059,74.72328186035156,34.43100357055664,69573.71875,E,1117.06787109375
1621,1691,745A6328,2288,1.2159438133239746,198.6182403564453,24.94572639465332,97073.640625,E,1940.947998046875
1622,1637,745A6328,2289,0.3601309061050415,84.12554168701172,28.041038513183594,51952.44140625,E,1076.319580078125
1623,1645,745A6328,2290,0.21027003228664398,57.65291976928711,33.073184967041016,49529.41796875,E,1151.339111328125
1624,1643,745A6328,2291,0.5009904503822327,54.616207122802734,15.040068626403809,9703.1123046875,E,1784.456787109375
1624,1691,745A6328,2292,1.1353325843811035,236.1956787109375,29.168413162231445,157829.234375,E,1888.435791015625
1625,1639,745A6328,2293,2.927217483520508,50.061126708984375,10.409855842590332,4260.68994140625,E,1188.98828125
1625,1939,745A6328,2294,3.9299373626708984,1168.03759765625,35.861083984375,1179759.625,F,584.0191650390625
1626,1631,745A6328,2295,0.2549830973148346,50.50584411621094,26.267297744750977,27369.212890625,E,1282.3970947265625
1626,1662,745A6328,2296,0.5322620272636414,87.42277526855469,25.839433670043945,45843.78515625,E,1329.30419921875
1627,1635,745A6328,2297,0.125437393784523,33.88020324707031,27.038116455078125,19453.09765625,E,1076.9288330078125
1627,1636,745A6328,2298,0.12296430766582489,28.69620704650879,30.53680992126465,21016.5625,E,1083.22509765625
1628,1689,745A6328,2299,1.4318879842758179,206.50216674804688,24.763521194458008,99457.90625,E,1149.926025390625
1628,1695,745A6328,2300,0.6778409481048584,179.40060424804688,32.63728332519531,150086.546875,E,1169.0469970703125
1629,1640,745A6328,2301,0.9219525456428528,94.75403594970703,18.00881004333496,24135.572265625,E,1261.109130859375
1629,1654,745A6328,2302,0.44437548518180847,61.50276565551758,25.2065372467041,30690.990234375,E,1254.033447265625
1630,1660,745A6328,2303,0.6156215667724609,174.58502197265625,33.671817779541016,155464.046875,E,1670.7281494140625
1630,1676,745A6328,2304,0.44002389907836914,129.0789794921875,32.1951789855957,105081.6953125,E,1622.5780029296875
1631,1640,745A6328,2305,0.09149431437253952,23.956924438476562,32.35087585449219,19692.146484375,E,1285.832763671875
1633,1647,745A6328,2306,0.18652711808681488,41.21148681640625,29.781137466430664,28707.19140625,E,1760.12158203125
1634,1653,745A6328,2307,0.20856422185897827,51.76368713378906,26.98051643371582,29594.810546875,E,1111.827392578125
1634,1682,745A6328,2308,0.5436255931854248,138.55755615234375,31.928424835205078,110936.6640625,E,1152.802490234375
1635,1636,745A6328,2309,0.15303784608840942,39.064208984375,15.521506309509277,7391.5693359375,E,1094.167724609375
1635,1637,745A6328,2310,0.10341060161590576,23.956924438476562,30.44668197631836,17442.185546875,E,1089.824951171875
1636,1646,745A6328,2311,0.12371040880680084,26.54892349243164,29.329242706298828,17936.533203125,E,1106.6199951171875
1637,1638,745A6328,2312,0.03091326355934143,7.776000022888184,31.713882446289062,6142.4970703125,E,1097.72412109375
1638,1655,745A6328,2313,0.2597397565841675,58.4660530090332,21.639530181884766,21502.515625,E,1118.6156005859375
1638,1664,745A6328,2314,0.28436779975891113,70.0918960571289,27.73185920715332,42336.5703125,E,1125.02587890625
1640,1648,745A6328,2315,0.0729118287563324,19.84656524658203,32.98011016845703,16954.283203125,E,1301.784423828125
1643,1647,745A6328,2316,0.11840853095054626,34.32492446899414,24.51727294921875,16204.8046875,E,1788.343505859375
1643,1661,745A6328,2317,0.23769570887088776,37.990562438964844,25.50324821472168,19406.919921875,E,1811.453369140625
1644,1667,745A6328,2318,0.22095641493797302,61.686973571777344,33.381961822509766,53989.21875,E,1440.723388671875
1645,1670,745A6328,2319,0.32705387473106384,78.12841033935547,31.005367279052734,58989.21875,E,1215.2789306640625
1645,1692,745A6328,2320,0.6236511468887329,169.14051818847656,30.4210262298584,122937.75,E,1221.51953125
1646,1653,745A6328,2321,0.2742391526699066,55.06092071533203,20.553035736083984,18267.76171875,E,1124.2718505859375
1646,1655,745A6328,2322,0.07388632744550705,17.254566192626953,30.54155731201172,12640.8505859375,E,1124.605712890625
1647,1652,745A6328,2323,0.025083379819989204,6.257641315460205,31.578351974487305,4900.94091796875,E,1778.626953125
1648,1662,745A6328,2324,0.36099398136138916,71.87076568603516,22.85896873474121,29495.478515625,E,1336.1063232421875
1648,1680,745A6328,2325,0.39289072155952454,91.08841705322266,30.700586318969727,67428.9453125,E,1349.177734375
1649,1681,745A6328,2326,0.5159274339675903,97.9749755859375,25.943130493164062,51790.46484375,E,1184.262939453125
1649,1684,745A6328,2327,0.43939465284347534,97.790771484375,29.96381187438965,68957.5625,E,1197.085205078125
1650,1656,745A6328,2328,2.5456809997558594,151.4412384033203,21.927207946777344,57187.44921875,E,1463.16748046875
1651,1660,745A6328,2329,0.43162521719932556,98.86444091796875,30.635839462280273,72876.84375,E,1772.957763671875
1652,1665,745A6328,2330,0.15822350978851318,44.432411193847656,27.94684410095215,27255.57421875,E,1800.021484375
1652,1706,745A6328,2331,0.6707090139389038,150.2596893310547,30.38644790649414,108966.3125,E,1814.9801025390625
1653,1658,745A6328,2332,0.07552880048751831,16.625642776489258,29.640283584594727,11471.8388671875,E,1137.6441650390625
1654,1683,745A6328,2333,1.5150811672210693,107.45355224609375,16.026613235473633,21676.748046875,E,1327.04443359375
1654,1696,745A6328,2334,0.7266103625297546,127.11591339111328,24.778806686401367,61298.60546875,E,1335.7982177734375
1655,1659,745A6328,2335,0.05318329483270645,12.51528263092041,30.664886474609375,9243.0068359375,E,1136.172607421875
1656,1657,745A6328,2336,0.028973747044801712,7.331283092498779,31.788427352905273,5818.45849609375,E,1456.482666015625
1657,1676,745A6328,2337,1.1537541151046753,267.3760070800781,29.35224151611328,180923.4375,E,1560.447265625
1657,1744,745A6328,2338,1.0058965682983398,263.5261535644531,32.467445373535156,218177.4375,E,1572.040771484375
1658,1666,745A6328,2339,0.10782849788665771,21.99384880065918,28.551206588745117,14081.212890625,E,1152.4864501953125
1658,1668,745A6328,2340,0.44418206810951233,66.05784606933594,18.813419342041016,18363.2578125,E,1167.4122314453125
1659,1666,745A6328,2341,0.4218451976776123,50.50584411621094,16.68790626525879,11046.7666015625,E,1148.083984375
1659,1674,745A6328,2342,0.24252015352249146,53.54256057739258,29.742944717407227,37201.19921875,E,1165.9063720703125
1660,1671,745A6328,2343,0.44905155897140503,93.4198989868164,26.572166442871094,51806.375,E,1793.9205322265625
1661,1665,745A6328,2344,0.03617630898952484,7.331283092498779,28.44084930419922,4657.52294921875,E,1822.4659423828125
1661,1669,745A6328,2345,1.1229307651519775,65.16840362548828,11.118494987487793,6327.30810546875,E,1842.9007568359375
1662,1686,745A6328,2346,0.5183911323547363,146.7019500732422,33.631473541259766,130321.9453125,E,1425.9783935546875
1663,1664,745A6328,2347,0.014247753657400608,3.6656415462493896,32.079811096191406,2962.807861328125,E,1148.3138427734375
1663,1687,745A6328,2348,0.44375157356262207,81.16513061523438,25.07294273376465,40074.67578125,E,1183.3231201171875
1664,1674,745A6328,2349,0.4770951271057129,111.56389617919922,28.358219146728516,70464.6796875,E,1175.49462890625
1665,1669,745A6328,2350,0.13247056305408478,34.9538459777832,27.302400588989258,20463.810546875,E,1834.964599609375
1666,1668,745A6328,2351,0.08323189616203308,16.625642776489258,28.243362426757812,10416.00390625,E,1167.396728515625
1667,1685,745A6328,2352,0.4248042106628418,111.30341339111328,32.4720458984375,92175.9609375,E,1517.12060546875
1667,1688,745A6328,2353,0.2360314577817917,71.24185180664062,30.964595794677734,53648.29296875,E,1493.614990234375
1668,1679,745A6328,2354,0.14483770728111267,30.214567184448242,28.87885284423828,19790.927734375,E,1187.7880859375
1669,1715,745A6328,2355,0.6061780452728271,149.47816467285156,31.523237228393555,116661.9609375,E,1920.8544921875
1670,1672,745A6328,2356,0.0655459612607956,21.364927291870117,30.35858726501465,15465.16015625,E,1257.736328125
1670,1752,745A6328,2357,0.9964116215705872,238.31137084960938,31.353097915649414,183990.5625,E,1343.2674560546875
1672,1694,745A6328,2358,0.2561575472354889,62.131690979003906,31.154821395874023,47364.5703125,E,1292.929443359375
1674,1677,745A6328,2359,0.029487257823348045,7.331283092498779,31.524141311645508,5722.1123046875,E,1192.95556640625
1675,1701,745A6328,2360,0.2658737003803253,73.57333374023438,25.47817611694336,37509.9921875,E,1325.4730224609375
1675,1717,745A6328,2361,0.5367698073387146,117.82157135009766,28.245323181152344,73825.734375,E,1358.4486083984375
1676,1703,745A6328,2362,0.2934253513813019,64.98420715332031,29.81223487854004,45361.4375,E,1677.03466796875
1677,1679,745A6328,2363,0.18013037741184235,42.54563903808594,25.252826690673828,21309.091796875,E,1197.814697265625
1677,1699,745A6328,2364,0.26841527223587036,52.024208068847656,28.044958114624023,32136.970703125,E,1219.01318359375
1678,1685,745A6328,2365,0.059139691293239594,39.6931266784668,20.973176956176758,13713.0361328125,E,1570.8670654296875
1678,1697,745A6328,2366,0.2488372027873993,48.35856628417969,28.261272430419922,30335.189453125,E,1594.3905029296875
1679,1699,745A6328,2367,0.6070516705513,64.72368621826172,19.13505744934082,18612.841796875,E,1224.56201171875
1680,1683,745A6328,2368,0.0671684518456459,21.809640884399414,29.0032958984375,14408.974609375,E,1381.462646484375
1680,1747,745A6328,2369,0.7345192432403564,200.50502014160156,33.18895721435547,173461.203125,E,1475.209228515625
1681,1684,745A6328,2370,0.26553940773010254,44.692928314208984,17.227724075317383,10418.0029296875,E,1231.903076171875
1681,1690,745A6328,2371,0.16788095235824585,48.54277038574219,26.676254272460938,27130.896484375,E,1238.163330078125
1682,1690,745A6328,2372,0.19766469299793243,40.76676940917969,28.866207122802734,26679.375,E,1231.0113525390625
1682,1702,745A6328,2373,0.37514960765838623,73.12861633300781,25.636455535888672,37747.93359375,E,1234.384765625
1683,1698,745A6328,2374,0.24415285885334015,55.4293327331543,30.732091903686523,41116.27734375,E,1386.68505859375
1684,1692,745A6328,2375,0.1384815275669098,33.435489654541016,31.055950164794922,25327.201171875,E,1253.904052734375
1685,1693,745A6328,2376,0.10049527883529663,21.36492347717285,29.167625427246094,14275.5673828125,E,1579.162841796875
1686,1688,745A6328,2377,0.2149282544851303,41.027278900146484,23.82607078552246,18292.263671875,E,1503.1728515625
1686,1718,745A6328,2378,1.0453829765319824,91.71733093261719,17.771970748901367,22751.62890625,E,1526.087158203125
1687,1689,745A6328,2379,0.08982731401920319,34.32492446899414,16.880189895629883,7681.642578125,E,1224.91748046875
1687,1705,745A6328,2380,0.17850340902805328,43.174560546875,23.71764373779297,19074.83984375,E,1238.548583984375
1688,1718,745A6328,2381,0.3197663426399231,77.49948120117188,31.201292037963867,59256.20703125,E,1546.9688720703125
1689,1705,745A6328,2382,0.2806357741355896,53.726768493652344,28.310964584350586,33821.2734375,E,1247.5010986328125
1690,1719,745A6328,2383,0.26706424355506897,67.57620239257812,31.88220977783203,53948.640625,E,1278.17822265625
1691,1713,745A6328,2384,0.6387373805046082,53.282047271728516,18.94544792175293,15020.3662109375,E,2017.887451171875
1692,1748,745A6328,2385,0.528071939945221,147.48350524902344,33.425254821777344,129414.453125,E,1338.408447265625
1693,1697,745A6328,2386,0.038339413702487946,30.659282684326172,23.358495712280273,13138.3740234375,E,1599.8736572265625
1693,1700,745A6328,2387,0.04213593527674675,9.923283576965332,30.661836624145508,7327.26025390625,E,1590.271240234375
1694,1701,745A6328,2388,0.20389895141124725,37.54584884643555,27.780925750732422,22758.583984375,E,1333.7659912109375
1694,1716,745A6328,2389,0.3664916455745697,52.468929290771484,21.917648315429688,19796.1171875,E,1342.28955078125
1695,1727,745A6328,2390,0.5598034858703613,146.7019500732422,28.7614688873291,95312.0703125,E,1282.2060546875
1695,1776,745A6328,2391,0.8733574151992798,245.27426147460938,33.59675216674805,217438.484375,E,1360.5079345703125
1696,1698,745A6328,2392,0.012006284669041634,3.6656415462493896,34.946258544921875,3515.938232421875,E,1392.80517578125
1696,1711,745A6328,2393,0.16726014018058777,45.95077133178711,33.149139404296875,39657.671875,E,1396.51123046875
1697,1707,745A6328,2394,0.15577487647533417,28.067279815673828,26.845911026000977,15887.16796875,E,1622.27880859375
1698,1724,745A6328,2395,0.31926989555358887,77.05477142333984,28.293920516967773,48447.98046875,E,1430.1610107421875
1699,1704,745A6328,2396,0.06662752479314804,15.107283592224121,30.11802101135254,10762.8955078125,E,1248.952880859375
1700,1707,745A6328,2397,0.3329402804374695,44.87712860107422,16.188989639282227,9237.4990234375,E,1613.3857421875
1700,1768,745A6328,2398,0.9460657835006714,225.7198028564453,29.952396392822266,159045.984375,E,1638.0821533203125
1701,1708,745A6328,2399,0.06840000301599503,17.699283599853516,32.161128997802734,14378.3203125,E,1355.6815185546875
1702,1712,745A6328,2400,0.9880320429801941,78.94153594970703,14.783549308776855,13550.423828125,E,1258.5142822265625
1702,1723,745A6328,2401,0.3092862069606781,70.53661346435547,26.484439849853516,38858.5,E,1284.953369140625
1703,1709,745A6328,2402,0.10519532114267349,22.883283615112305,29.427955627441406,15564.2568359375,E,1711.2310791015625
1703,1710,745A6328,2403,4.68906307220459,41.027278900146484,7.510793685913086,1817.7503662109375,E,1716.4591064453125
1704,1712,745A6328,2404,0.15917131304740906,36.027488708496094,25.073789596557617,17789.50390625,E,1262.851318359375
1704,1733,745A6328,2405,0.47187167406082153,97.34606170654297,28.765518188476562,63263.41796875,E,1297.7554931640625
1705,1714,745A6328,2406,0.0977347269654274,26.10420799255371,32.66936111450195,21881.73046875,E,1268.1458740234375
1707,1726,745A6328,2407,0.1897343397140503,49.87691879272461,26.129547119140625,26745.658203125,E,1647.50830078125
1708,1720,745A6328,2408,0.14622972905635834,36.027488708496094,31.47162628173828,28026.072265625,E,1374.05712890625
1708,1722,745A6328,2409,0.5187139511108398,85.45968627929688,21.88686752319336,32152.76953125,E,1393.963623046875
1709,1710,745A6328,2410,2.3821334838867188,20.291284561157227,11.755481719970703,2202.319091796875,E,1727.377197265625
1711,1717,745A6328,2411,0.1569453626871109,30.843490600585938,28.652273178100586,19887.10546875,E,1409.1759033203125
1711,1724,745A6328,2412,0.3339855372905731,61.686973571777344,18.820518493652344,17161.154296875,E,1435.6142578125
1712,1723,745A6328,2413,0.20381347835063934,42.28512954711914,29.146570205688477,28213.208984375,E,1292.3682861328125
1714,1727,745A6328,2414,0.2569640874862671,58.4660530090332,30.321853637695312,42218.7265625,E,1302.1300048828125
1714,1734,745A6328,2415,0.40401384234428406,78.75733184814453,25.517284393310547,40276.3203125,E,1307.8857421875
1716,1720,745A6328,2416,0.19624274969100952,30.214567184448242,17.96781349182129,7661.19873046875,E,1375.218505859375
1716,1731,745A6328,2417,0.6579234600067139,60.42912673950195,15.833708763122559,11898.7548828125,E,1385.0594482421875
1717,1722,745A6328,2418,0.07435451447963715,19.846567153930664,32.6461296081543,16612.640625,E,1418.3114013671875
1718,1761,745A6328,2419,0.5820190906524658,134.7076873779297,30.883764266967773,100911.9765625,E,1617.1207275390625
1719,1728,745A6328,2420,1.2717976570129395,83.94132995605469,19.083772659301758,24010.11328125,E,1313.9090576171875
1719,1742,745A6328,2421,0.3075357675552368,76.42584991455078,31.6187686920166,60009.5078125,E,1343.6007080078125
1720,1735,745A6328,2422,0.2511361241340637,56.763484954833984,30.13936996459961,40497.41015625,E,1404.671875
1722,1730,745A6328,2423,0.16907858848571777,35.398563385009766,29.32439422607422,23907.470703125,E,1439.2747802734375
1723,1725,745A6328,2424,0.009315972216427326,2.5920000076293945,33.360565185546875,2265.644287109375,E,1311.3681640625
1724,1767,745A6328,2425,0.46819987893104553,129.96841430664062,33.330718994140625,113401.0546875,E,1520.746337890625
1725,1728,745A6328,2426,0.14297592639923096,30.843490600585938,25.147485733032227,15319.4287109375,E,1322.904296875
1725,1729,745A6328,2427,0.11052583903074265,29.769847869873047,32.80963897705078,25169.19921875,E,1319.681884765625
1726,1771,745A6328,2428,0.568894624710083,134.0787811279297,30.976213455200195,101043.0859375,E,1717.85498046875
1726,1772,745A6328,2429,1.1173655986785889,177.3612518310547,25.729461669921875,92216.796875,E,1691.012451171875
1727,1732,745A6328,2430,0.0600142776966095,15.107283592224121,31.710494995117188,11931.1494140625,E,1332.2896728515625
1728,1736,745A6328,2431,0.28126272559165955,26.10420799255371,14.752376556396484,4461.94677734375,E,1343.7410888671875
1729,1738,745A6328,2432,0.10374870896339417,44.87712860107422,24.183868408203125,20614.19921875,E,1338.189208984375
1729,1741,745A6328,2433,0.16726195812225342,33.251285552978516,28.581586837768555,21333.9375,E,1345.143310546875
1730,1755,745A6328,2434,1.447719693183899,76.61004638671875,15.753447532653809,14932.3037109375,E,1478.1810302734375
1730,1764,745A6328,2435,0.4076870381832123,102.08535766601562,31.838180541992188,81273.65625,E,1503.4193115234375
1731,1735,745A6328,2436,0.35202693939208984,31.73292350769043,15.003108024597168,5609.99462890625,E,1416.81494140625
1731,1740,745A6328,2437,0.2663341760635376,26.10420799255371,19.965742111206055,8172.80859375,E,1414.777587890625
1732,1739,745A6328,2438,0.3553565740585327,54.171485900878906,22.299800872802734,21157.416015625,E,1343.1552734375
1732,1781,745A6328,2439,0.6732146739959717,180.29005432128906,32.75776290893555,151946.296875,E,1423.3621826171875
1733,1734,745A6328,2440,0.07412661612033844,20.291284561157227,27.61750602722168,12155.3740234375,E,1342.07177734375
1733,1737,745A6328,2441,0.06756177544593811,14.662566184997559,29.489843368530273,10014.8583984375,E,1345.5025634765625
1734,1739,745A6328,2442,0.023934390395879745,20.920207977294922,24.751060485839844,10065.689453125,E,1347.85107421875
1735,1745,745A6328,2443,0.12073712795972824,27.6225643157959,30.199337005615234,19785.576171875,E,1433.7174072265625
1736,1746,745A6328,2444,0.2159849852323532,27.17784881591797,10.740706443786621,2462.46826171875,E,1364.0906982421875
1736,1749,745A6328,2445,0.7352215051651001,52.65312957763672,14.282195091247559,8435.3671875,E,1369.2257080078125
1737,1738,745A6328,2446,0.07171311229467392,16.625642776489258,30.427322387695312,12089.150390625,E,1352.8521728515625
1737,1750,745A6328,2447,0.11951092630624771,41.21148681640625,19.063905715942383,11763.3740234375,E,1367.4893798828125
1738,1743,745A6328,2448,0.16193626821041107,35.398563385009766,29.663740158081055,24463.994140625,E,1361.4581298828125
1739,1750,745A6328,2449,0.24501508474349976,41.21148681640625,26.451467514038086,22646.84375,E,1371.9326171875
1740,1745,745A6328,2450,0.30107560753822327,35.398563385009766,16.150264739990234,7251.6162109375,E,1433.6119384765625
1740,1760,745A6328,2451,0.5715735554695129,66.8709716796875,17.563159942626953,16200.6650390625,E,1443.09375
1741,1743,745A6328,2452,0.030391886830329895,7.331283092498779,31.04300880432129,5548.77978515625,E,1363.1719970703125
1741,1746,745A6328,2453,0.19894848763942719,40.58256530761719,23.600414276123047,17752.873046875,E,1366.31640625
1742,1754,745A6328,2454,0.15078581869602203,34.95384979248047,30.555105209350586,25630.228515625,E,1394.316162109375
1742,1756,745A6328,2455,0.2919570505619049,63.2053337097168,22.375289916992188,24853.12109375,E,1392.4556884765625
1743,1757,745A6328,2456,0.05299700051546097,42.100921630859375,28.135906219482422,26176.001953125,E,1385.1273193359375
1745,1814,745A6328,2457,2.085391044616699,411.4544677734375,29.192893981933594,275401.28125,E,1610.62890625
1746,1749,745A6328,2458,0.2184637188911438,27.622568130493164,22.646963119506836,11126.892578125,E,1382.875732421875
1747,1759,745A6328,2459,0.31766277551651,100.12226104736328,32.68388748168945,84001.671875,E,1598.957275390625
1747,1791,745A6328,2460,0.8196516036987305,232.57476806640625,33.71480941772461,207631.8125,E,1664.8687744140625
1748,1751,745A6328,2461,0.15488477051258087,40.137847900390625,26.414682388305664,21995.548828125,E,1410.389892578125
1748,1753,745A6328,2462,0.09842308610677719,22.438568115234375,30.412797927856445,16300.3818359375,E,1417.810546875
1749,1756,745A6328,2463,0.1664523333311081,31.917129516601562,28.131839752197266,19838.55078125,E,1401.185302734375
1750,1763,745A6328,2464,0.19881734251976013,51.76368713378906,32.275482177734375,42350.69921875,E,1402.92919921875
1751,1754,745A6328,2465,0.31077101826667786,55.06092071533203,22.510080337524414,21912.2734375,E,1411.1419677734375
1751,1779,745A6328,2466,1.6528784036636353,113.5270004272461,14.647692680358887,19130.552734375,E,1462.774169921875
1752,1753,745A6328,2467,0.48932671546936035,46.656002044677734,13.283819198608398,6466.11376953125,E,1433.40478515625
1752,1760,745A6328,2468,0.2318567931652069,30.843490600585938,24.220460891723633,14210.7900390625,E,1451.36181640625
1753,1777,745A6328,2469,0.46634024381637573,90.45948791503906,27.959714889526367,55540.46484375,E,1467.5389404296875
1754,1779,745A6328,2470,0.463323712348938,107.26935577392578,30.44521713256836,78091.4921875,E,1456.014404296875
1756,1765,745A6328,2471,0.10039783269166946,26.54892349243164,32.45184326171875,21959.1484375,E,1423.16064453125
1757,1762,745A6328,2472,0.08889617770910263,20.920207977294922,30.57253074645996,15357.43359375,E,1411.32958984375
1757,1763,745A6328,2473,0.12555113434791565,41.21148681640625,26.92376708984375,23462.798828125,E,1412.072509765625
1759,1761,745A6328,2474,0.102976493537426,41.027278900146484,30.847848892211914,30662.83984375,E,1652.9110107421875
1759,1773,745A6328,2475,0.19116714596748352,52.65312957763672,28.084299087524414,32616.791015625,E,1663.083984375
1760,1782,745A6328,2476,0.9972016215324402,122.56085205078125,21.498064041137695,44487.7421875,E,1506.639404296875
1761,1766,745A6328,2477,0.06321269273757935,16.180923461914062,31.984941482543945,13001.2255859375,E,1674.0655517578125
1762,1765,745A6328,2478,0.573453426361084,68.20512390136719,18.843801498413086,19021.462890625,E,1421.7735595703125
1762,1778,745A6328,2479,0.9007705450057983,82.86769104003906,24.579713821411133,39321.3828125,E,1453.8504638671875
1763,1785,745A6328,2480,0.46714285016059875,126.93168640136719,32.985599517822266,108469.765625,E,1478.55810546875
1764,1770,745A6328,2481,0.13814765214920044,31.288206100463867,23.945144653320312,14089.8203125,E,1560.0970458984375
1764,1784,745A6328,2482,0.4402911067008972,104.4931411743164,31.145193099975586,79608.546875,E,1592.8231201171875
1765,1778,745A6328,2483,0.26468217372894287,66.24205017089844,31.928260803222656,53036.41796875,E,1459.795654296875
1766,1768,745A6328,2484,0.06275374442338943,16.625642776489258,32.54158020019531,13827.5615234375,E,1685.9970703125
1766,1773,745A6328,2485,0.1633174866437912,43.358768463134766,26.98932456970215,24805.6640625,E,1686.4827880859375
1767,1769,745A6328,2486,0.042575765401124954,9.923282623291016,30.453458786010742,7228.005859375,E,1581.8992919921875
1767,1770,745A6328,2487,0.188880056142807,31.732921600341797,21.706729888916016,11743.26171875,E,1573.00146484375
1768,1772,745A6328,2488,0.13839255273342133,39.6931266784668,33.918846130371094,35866.36328125,E,1710.3214111328125
1769,1774,745A6328,2489,0.34287965297698975,31.917129516601562,17.5123348236084,7687.79541015625,E,1589.8323974609375
1769,1775,745A6328,2490,0.3212568759918213,28.69620704650879,23.382888793945312,12322.8369140625,E,1597.693359375
1770,1774,745A6328,2491,0.2780611217021942,26.54892349243164,16.655597686767578,5784.3857421875,E,1583.9095458984375
1771,1772,745A6328,2492,0.5378715395927429,125.33706665039062,30.97785186767578,94465.234375,E,1758.3939208984375
1771,1806,745A6328,2493,3.3460702896118164,266.5628662109375,29.302959442138672,179768.046875,E,1881.404296875
1773,1794,745A6328,2494,2.4805803298950195,212.5756072998047,21.46552848815918,76928.359375,E,1741.3841552734375
1774,1775,745A6328,2495,0.6786117553710938,27.6225643157959,11.837526321411133,3040.015380859375,E,1603.8193359375
1776,1780,745A6328,2496,0.21509282290935516,53.282047271728516,27.303964614868164,31197.671875,E,1492.217529296875
1776,1790,745A6328,2497,0.5229912996292114,138.5575408935547,32.61356735229492,115748.84375,E,1538.0909423828125
1777,1782,745A6328,2498,0.24020513892173767,48.54277038574219,28.678449630737305,31356.37109375,E,1526.88427734375
1777,1788,745A6328,2499,1.0541682243347168,86.9780502319336,17.595481872558594,21149.587890625,E,1540.8916015625
1778,1807,745A6328,2500,1.6370632648468018,210.94932556152344,24.015439987182617,95554.0546875,E,1583.8333740234375
1779,1789,745A6328,2501,0.28433895111083984,72.76020812988281,31.96160125732422,58376.87890625,E,1538.0731201171875
1780,1783,745A6328,2502,0.07860547304153442,40.137847900390625,21.823625564575195,15014.046875,E,1510.1920166015625
1780,1786,745A6328,2503,0.19143696129322052,41.65620803833008,29.61859893798828,28701.107421875,E,1528.599853515625
1781,1783,745A6328,2504,0.1504971981048584,31.73292350769043,29.623342514038086,21870.97265625,E,1512.2974853515625
1781,1792,745A6328,2505,0.4418870806694031,101.45643615722656,28.455930709838867,64523.078125,E,1553.104736328125
1782,1816,745A6328,2506,1.1850500106811523,264.86029052734375,30.1761417388916,189423.640625,E,1668.75927734375
1783,1786,745A6328,2507,0.11383488774299622,36.656410217285156,25.6929874420166,19005.048828125,E,1531.980224609375
1785,1796,745A6328,2508,0.48710012435913086,105.490478515625,30.051179885864258,74821.46875,E,1576.3912353515625
1785,1828,745A6328,2509,1.3639881610870361,293.8170166015625,28.143259048461914,182774.5,E,1670.7164306640625
1786,1787,745A6328,2510,0.0195077583193779,5.184000015258789,32.60159683227539,4327.45556640625,E,1548.578369140625
1787,1793,745A6328,2511,0.6279900670051575,82.60717010498047,22.976299285888672,34250.5703125,E,1576.169921875
1787,1800,745A6328,2512,0.5515213012695312,104.67733001708984,27.717458724975586,63161.05078125,E,1594.5919189453125
1789,1828,745A6328,2513,1.3933537006378174,302.9587707519531,29.507709503173828,207178.359375,E,1686.024658203125
1789,1838,745A6328,2514,1.3034510612487793,332.8049011230469,32.48495101928711,275831.625,E,1722.73046875
1790,1793,745A6328,2515,0.2029464840888977,31.2882080078125,21.389446258544922,11242.6748046875,E,1604.4735107421875
1790,1797,745A6328,2516,0.15534916520118713,41.21148681640625,32.58369064331055,34364.39453125,E,1617.933349609375
1791,1794,745A6328,2517,0.044182755053043365,13.588926315307617,30.118022918701172,9681.171875,E,1769.150634765625
1791,1802,745A6328,2518,0.31463706493377686,80.01517486572266,31.997644424438477,64342.55078125,E,1777.67919921875
1792,1795,745A6328,2519,0.27315208315849304,37.54584503173828,19.495908737182617,11208.2734375,E,1599.502197265625
1792,1798,745A6328,2520,0.18183329701423645,32.361846923828125,26.78491973876953,18234.921875,E,1610.792236328125
1793,1799,745A6328,2521,0.34882640838623047,34.32492446899414,11.888639450073242,3810.340576171875,E,1624.8270263671875
1794,1813,745A6328,2522,0.512393057346344,132.29989624023438,32.36984634399414,108875.625,E,1836.6148681640625
1795,1796,745A6328,2523,0.16909223794937134,40.58256530761719,24.714466094970703,19468.470703125,E,1611.778076171875
1795,1798,745A6328,2524,0.12497279047966003,32.361846923828125,14.372894287109375,5250.6328125,E,1617.0174560546875
1796,1809,745A6328,2525,0.48216676712036133,88.94112396240234,27.407855987548828,52473.8125,E,1657.5982666015625
1797,1799,745A6328,2526,0.49200335144996643,40.58256530761719,18.668498992919922,11108.314453125,E,1637.7147216796875
1797,1801,745A6328,2527,0.10740493983030319,29.14092445373535,32.96876525878906,24877.03125,E,1649.390625
1798,1810,745A6328,2528,0.896586537361145,88.49640655517578,20.265146255493164,28544.009765625,E,1662.17431640625
1799,1805,745A6328,2529,0.5415161848068237,48.54277038574219,15.637011528015137,9322.275390625,E,1660.9195556640625
1800,1812,745A6328,2530,1.243855595588684,102.71427917480469,16.57785415649414,22170.59375,E,1675.9190673828125
1800,1818,745A6328,2531,0.6531895995140076,145.444091796875,29.02750015258789,96251.0,E,1701.7657470703125
1801,1805,745A6328,2532,0.13403423130512238,35.58277130126953,25.696378707885742,18453.27734375,E,1671.991943359375
1801,1817,745A6328,2533,0.504338800907135,138.7417449951172,33.24446105957031,120430.265625,E,1721.326416015625
1802,1808,745A6328,2534,1.5273034572601318,203.72596740722656,29.72159767150879,141345.03125,E,1789.0548095703125
1802,1843,745A6328,2535,2.046659469604492,251.56349182128906,29.858243942260742,176143.25,E,1870.5904541015625
1803,1819,745A6328,2536,0.5060300230979919,120.22933959960938,30.944265365600586,90419.2109375,E,1788.9622802734375
1804,1819,745A6328,2537,0.9919916391372681,241.4560089111328,31.361509323120117,186518.453125,E,1832.5491943359375
1805,1822,745A6328,2538,0.5060325860977173,119.41621398925781,30.911550521850586,89617.8984375,E,1737.7664794921875
1809,1811,745A6328,2539,0.08049888908863068,20.291284561157227,16.073789596557617,4117.5224609375,E,1700.8289794921875
1809,1815,745A6328,2540,0.513005793094635,52.20840835571289,18.811965942382812,14511.0458984375,E,1718.5220947265625
1810,1811,745A6328,2541,0.0333443246781826,3.6656415462493896,20.96978759765625,1265.9832763671875,E,1701.956787109375
1810,1812,745A6328,2542,0.37148517370224,32.361846923828125,17.229175567626953,7544.876953125,E,1707.6064453125
1811,1815,745A6328,2543,0.3864176273345947,41.65620803833008,21.06669044494629,14519.8544921875,E,1721.295654296875
1812,1820,745A6328,2544,0.5122737288475037,70.98133087158203,23.53527069091797,30879.65625,E,1743.86865234375
1813,1836,745A6328,2545,0.902038037776947,157.7751922607422,28.560333251953125,101077.6484375,E,1946.1162109375
1813,1842,745A6328,2546,0.6634544134140015,164.0328369140625,31.635107040405273,128931.5703125,E,1970.8896484375
1814,1816,745A6328,2547,0.1292807161808014,42.100921630859375,18.9876708984375,11921.333984375,E,1794.552978515625
1814,1824,745A6328,2548,0.5732267498970032,145.88882446289062,32.21548080444336,118916.2265625,E,1840.284912109375
1815,1820,745A6328,2549,0.2430104911327362,28.067283630371094,21.867055892944336,10540.734375,E,1752.315673828125
1816,1853,745A6328,2550,0.7851477265357971,189.43177795410156,31.092823028564453,143834.5,E,1877.09130859375
1817,1827,745A6328,2551,0.8335590958595276,200.7655487060547,31.805795669555664,159511.359375,E,1823.733154296875
1817,1833,745A6328,2552,0.35046809911727905,79.83097076416016,27.399208068847656,47069.25390625,E,1816.7396240234375
1818,1825,745A6328,2553,0.19079038500785828,44.432411193847656,30.588504791259766,32651.734375,E,1778.0223388671875
1818,1826,745A6328,2554,0.15310481190681458,51.76368713378906,30.34442138671875,37434.56640625,E,1781.2252197265625
1819,1827,745A6328,2555,0.06353892385959625,48.098052978515625,30.412799835205078,34940.5859375,E,1849.06494140625
1820,1821,745A6328,2556,0.03471026569604874,7.331283092498779,20.553037643432617,2432.326904296875,E,1767.866943359375
1821,1830,745A6328,2557,0.5102289915084839,78.31261444091797,25.012495040893555,38480.046875,E,1789.737060546875
1821,1840,745A6328,2558,0.4462800920009613,83.75712585449219,24.73919677734375,40260.83984375,E,1808.004150390625
1822,1826,745A6328,2559,0.05211993306875229,13.588924407958984,32.24651336669922,11097.892578125,E,1797.3756103515625
1822,1839,745A6328,2560,0.5248013138771057,132.0394287109375,30.386051177978516,95750.7265625,E,1829.4515380859375
1823,1849,745A6328,2561,0.7317157983779907,190.50546264648438,32.29022216796875,156005.3125,E,1960.8734130859375
1825,1832,745A6328,2562,0.17554154992103577,34.32492446899414,27.979524612426758,21104.74609375,E,1809.37744140625
1825,1835,745A6328,2563,0.38712456822395325,89.75425720214844,27.884328842163086,54810.6953125,E,1801.59130859375
1826,1831,745A6328,2564,0.12467404454946518,29.58563995361328,30.79905891418457,22041.732421875,E,1813.8228759765625
1827,1849,745A6328,2565,0.6572054028511047,175.21395874023438,32.80560302734375,148099.859375,E,1927.44580078125
1828,1829,745A6328,2566,0.008963000029325485,2.5920000076293945,34.0111083984375,2354.8671875,E,1806.84765625
1829,1834,745A6328,2567,0.41573387384414673,48.98748779296875,22.780799865722656,19967.0078125,E,1814.2156982421875
1829,1837,745A6328,2568,0.14383473992347717,34.7696418762207,31.247758865356445,26664.15625,E,1824.8779296875
1829,1862,745A6328,2569,1.0975794792175293,199.35507202148438,27.63408851623535,119565.9296875,E,1871.521484375
1830,1834,745A6328,2570,0.36821049451828003,46.840206146240234,23.014089584350586,19484.814453125,E,1817.2515869140625
1830,1846,745A6328,2571,0.5000596046447754,66.24205017089844,18.701608657836914,18196.234375,E,1842.1177978515625
1831,1851,745A6328,2572,0.3116764724254608,71.87076568603516,22.908342361450195,29623.03125,E,1857.62744140625
1831,1874,745A6328,2573,1.4483916759490967,247.37680053710938,27.959436416625977,151881.78125,E,1927.3126220703125
1832,1848,745A6328,2574,0.37851613759994507,74.20225524902344,28.51332664489746,47380.84375,E,1847.0687255859375
1832,1851,745A6328,2575,0.4408971667289734,77.23897552490234,20.724563598632812,26055.3671875,E,1854.793701171875
1833,1839,745A6328,2576,0.05852743238210678,35.58277130126953,20.749555587768555,12032.26171875,E,1860.96728515625
1833,1844,745A6328,2577,0.14829692244529724,45.95077133178711,28.410354614257812,29129.69921875,E,1872.2535400390625
1834,1841,745A6328,2578,0.15048831701278687,32.361846923828125,12.888846397399902,4222.3212890625,E,1837.199951171875
1837,1841,745A6328,2579,0.1484837532043457,27.6225643157959,22.957714080810547,11434.341796875,E,1845.288330078125
1837,1860,745A6328,2580,0.4383849799633026,105.56678009033203,29.031665802001953,69881.3203125,E,1890.3592529296875
1838,1852,745A6328,2581,0.8138080835342407,111.74811553955078,23.276500701904297,47551.63671875,E,1903.1160888671875
1838,1856,745A6328,2582,0.408046692609787,92.34626007080078,30.35519790649414,66830.59375,E,1911.9676513671875
1839,1845,745A6328,2583,0.20388498902320862,30.843490600585938,24.997045516967773,15136.6845703125,E,1882.9259033203125
1840,1850,745A6328,2584,0.18902334570884705,45.95077133178711,25.0194091796875,22591.068359375,E,1858.0347900390625
1840,1854,745A6328,2585,0.3461838960647583,67.76040649414062,28.69186782836914,43811.03515625,E,1871.5611572265625
1841,1847,745A6328,2586,0.21791890263557434,30.843490600585938,24.236724853515625,14229.880859375,E,1861.7593994140625
1844,1845,745A6328,2587,0.12777791917324066,26.54892349243164,28.890127182006836,17403.46484375,E,1891.630126953125
1844,1861,745A6328,2588,0.3794785439968109,93.8646240234375,31.500751495361328,73153.2578125,E,1933.7220458984375
1845,1864,745A6328,2589,1.0465468168258667,83.75712585449219,16.989131927490234,18986.8984375,E,1931.5914306640625
1846,1847,745A6328,2590,0.11432107537984848,21.809640884399414,27.645740509033203,13091.6640625,E,1870.3465576171875
1846,1854,745A6328,2591,0.3476628065109253,58.9107666015625,23.19150161743164,24885.265625,E,1888.9683837890625
1847,1873,745A6328,2592,1.1326704025268555,142.03897094726562,21.176307678222656,50026.23828125,E,1936.204345703125
1848,1850,745A6328,2593,0.20924115180969238,49.87691879272461,26.766019821166992,28064.486328125,E,1872.6907958984375
1848,1855,745A6328,2594,0.1994015872478485,48.98748779296875,31.460363388061523,38080.48828125,E,1893.9932861328125
1849,1857,745A6328,2595,0.2811658978462219,80.01517486572266,30.821420669555664,59699.06640625,E,2011.141845703125
1850,1855,745A6328,2596,0.16437092423439026,55.2451286315918,29.842012405395508,38640.265625,E,1897.1903076171875
1851,1872,745A6328,2597,0.5207191705703735,126.67121887207031,29.733144760131836,87952.765625,E,1938.2734375
1851,1886,745A6328,2598,1.0116406679153442,260.5973205566406,31.574871063232422,204053.0,E,1994.02978515625
1853,1858,745A6328,2599,0.14728960394859314,37.54584884643555,25.642166137695312,19389.259765625,E,1978.213134765625
1853,1863,745A6328,2600,0.20288775861263275,45.32184600830078,30.002399444580078,32041.25,E,1979.845703125
1854,1865,745A6328,2601,0.1870456039905548,49.43220520019531,32.51011657714844,41033.34765625,E,1922.0155029296875
1855,1859,745A6328,2602,0.0706377923488617,20.291284561157227,33.89167022705078,18305.658203125,E,1923.4766845703125
1856,1866,745A6328,2603,0.5055578351020813,106.37989807128906,26.231714248657227,57491.38671875,E,1982.559326171875
1856,1909,745A6328,2604,1.1666862964630127,303.37188720703125,32.48200607299805,251391.671875,E,2095.044921875
1857,1876,745A6328,2605,0.6792701482772827,161.80921936035156,30.961694717407227,121826.7265625,E,2103.09619140625
1857,1882,745A6328,2606,0.5961886048316956,143.5573272705078,29.592113494873047,98734.109375,E,2105.513916015625
1858,1863,745A6328,2607,0.11029824614524841,41.65620803833008,21.658954620361328,15347.74609375,E,1997.017333984375
1858,1888,745A6328,2608,4.4137864112854,193.98687744140625,28.835817337036133,126685.4453125,E,2083.364013671875
1859,1871,745A6328,2609,0.27016276121139526,65.16841125488281,31.190868377685547,49794.5703125,E,1959.22900390625
1859,1872,745A6328,2610,0.28738635778427124,77.8678970336914,29.829669952392578,54418.328125,E,1958.919677734375
1860,1868,745A6328,2611,0.329237163066864,75.72061157226562,30.655906677246094,55889.76953125,E,1958.1033935546875
1860,1877,745A6328,2612,0.31266146898269653,76.87056732177734,31.3353328704834,59281.41796875,E,1974.432373046875
1861,1874,745A6328,2613,0.3539711833000183,84.12554168701172,25.247934341430664,42118.1640625,E,2001.7952880859375
1861,1883,745A6328,2614,0.6080611348152161,168.69580078125,33.36564636230469,147500.421875,E,2049.558349609375
1862,1867,745A6328,2615,0.6306174993515015,50.69004821777344,18.590465545654297,13759.1982421875,E,1965.7061767578125
1862,1869,745A6328,2616,0.4137358069419861,78.75733184814453,28.495582580566406,50226.85546875,E,1974.0709228515625
1863,1866,745A6328,2617,0.09806326031684875,26.10420799255371,32.6942138671875,21915.037109375,E,2005.6689453125
1865,1870,745A6328,2618,0.34829869866371155,54.35569381713867,21.943254470825195,20555.923828125,E,1964.757568359375
1865,1873,745A6328,2619,0.3482866883277893,66.24205017089844,27.870702743530273,40412.8515625,E,1971.5025634765625
1866,1884,745A6328,2620,0.5096067786216736,132.48414611816406,32.433921813964844,109459.3125,E,2072.865234375
1867,1868,745A6328,2621,0.053488269448280334,16.180925369262695,27.343059539794922,9501.396484375,E,1984.273193359375
1867,1869,745A6328,2622,0.7091745734214783,80.27569580078125,19.749584197998047,24591.7734375,E,1999.125
1868,1885,745A6328,2623,0.494576632976532,118.89521026611328,31.225454330444336,91048.28125,E,2038.51123046875
1870,1871,745A6328,2624,0.23668570816516876,41.02728271484375,20.28423500061035,13258.0576171875,E,1985.2861328125
1870,1878,745A6328,2625,0.2487914115190506,46.840206146240234,24.156034469604492,21466.435546875,E,2006.2548828125
1871,1875,745A6328,2626,0.0891769677400589,20.291284561157227,30.057035446166992,14397.65234375,E,1995.20947265625
1872,1880,745A6328,2627,0.2848251461982727,73.12861633300781,32.10102081298828,59185.44921875,E,2017.0838623046875
1873,1890,745A6328,2628,0.3711691200733185,96.53292083740234,32.275962829589844,78981.203125,E,2045.6383056640625
1874,1886,745A6328,2629,0.36792975664138794,92.79098510742188,31.888322830200195,74106.9609375,E,2065.587890625
1875,1878,745A6328,2630,0.18094739317893982,40.76676940917969,14.591435432434082,6816.98291015625,E,2014.1356201171875
1875,1879,745A6328,2631,0.16393771767616272,36.027488708496094,22.896726608276367,14834.4228515625,E,2018.790771484375
1877,1898,745A6328,2632,0.7083585262298584,140.704833984375,25.09933090209961,69618.265625,E,2068.724609375
1877,1899,745A6328,2633,0.7816673517227173,148.03611755371094,27.94381332397461,90788.09375,E,2072.431640625
1878,1881,745A6328,2634,0.1072724387049675,26.54892349243164,31.398778915405273,20557.12109375,E,2038.7469482421875
1879,1880,745A6328,2635,0.13263726234436035,27.622568130493164,29.221492767333984,18525.021484375,E,2039.737548828125
1879,1881,745A6328,2636,0.21585510671138763,48.98748779296875,24.995935440063477,24038.859375,E,2044.349365234375
1880,1891,745A6328,2637,0.20291709899902344,54.616207122802734,28.33513641357422,34439.9140625,E,2068.9921875
1881,1892,745A6328,2638,0.22223955392837524,48.35856628417969,29.656097412109375,33403.44921875,E,2072.54345703125
1883,1903,745A6328,2639,0.8649942874908447,220.53579711914062,31.248149871826172,169128.8125,E,2182.846923828125
1883,1905,745A6328,2640,0.4408203065395355,112.45335388183594,31.97139549255371,90278.7421875,E,2172.6201171875
1886,1887,745A6328,2641,0.012525416910648346,3.6656415462493896,34.21439743041992,3370.215576171875,E,2102.006103515625
1887,1894,745A6328,2642,0.12511751055717468,33.88020324707031,32.95058822631836,28890.974609375,E,2116.670654296875
1887,1900,745A6328,2643,0.45095744729042053,90.38318634033203,25.969898223876953,47876.01953125,E,2131.306396484375
1889,1901,745A6328,2644,1.054246187210083,253.86337280273438,31.621828079223633,199371.859375,E,2266.06591796875
1890,1896,745A6328,2645,0.092543825507164,45.50605392456055,25.51747703552246,23272.044921875,E,2107.589599609375
1890,1902,745A6328,2646,0.3620087504386902,69.9076919555664,28.062541961669922,43238.32421875,E,2118.0380859375
1891,1893,745A6328,2647,0.2973616421222687,39.064205169677734,20.51034164428711,12906.68359375,E,2098.84130859375
1891,1911,745A6328,2648,0.7266225814819336,150.4438934326172,28.822021484375,98155.203125,E,2160.2294921875
1892,1893,745A6328,2649,0.10830292105674744,17.254566192626953,25.299951553344727,8674.27734375,E,2099.044921875
1892,1895,745A6328,2650,0.19916029274463654,34.95384979248047,21.447528839111328,12628.140625,E,2104.819091796875
1893,1895,745A6328,2651,0.4651488661766052,56.76348876953125,20.99519920349121,19651.646484375,E,2120.18359375
1894,1897,745A6328,2652,0.0756489485502243,19.84656524658203,25.73297119140625,10321.7919921875,E,2138.309326171875
1894,1911,745A6328,2653,1.3655695915222168,238.41929626464844,29.401945114135742,161876.359375,E,2172.596923828125
1895,1902,745A6328,2654,0.36084553599357605,43.358768463134766,14.894682884216309,7554.91064453125,E,2133.236328125
1896,1898,745A6328,2655,0.05955754965543747,11.441641807556152,27.676462173461914,6883.34228515625,E,2126.127685546875
1896,1923,745A6328,2656,1.7779206037521362,232.94317626953125,27.092981338500977,134293.03125,E,2230.20263671875
1897,1904,745A6328,2657,0.4219132959842682,64.72368621826172,18.852140426635742,18066.517578125,E,2165.810302734375
1897,1927,745A6328,2658,1.4613364934921265,340.8414306640625,31.375,263517.65625,E,2293.110107421875
1898,1912,745A6328,2659,1.8805851936340332,212.68348693847656,28.16195297241211,132479.65625,E,2201.037109375
1900,1904,745A6328,2660,0.24063758552074432,27.17784881591797,17.540895462036133,6567.626953125,E,2176.792236328125
1900,1906,745A6328,2661,0.6307847499847412,97.97498321533203,25.06863021850586,48357.7734375,E,2190.490234375
1901,1903,745A6328,2662,0.13148604333400726,30.659282684326172,30.40093994140625,22254.9140625,E,2252.38720703125
1901,1917,745A6328,2663,1.3693041801452637,291.51715087890625,29.820987701416016,203609.5,E,2359.17431640625
1902,1910,745A6328,2664,0.2791145443916321,68.83405303955078,31.42485237121582,53387.51953125,E,2174.710205078125
1903,1918,745A6328,2665,0.8871591687202454,190.3212127685547,28.76120948791504,123649.2109375,E,2335.38037109375
1904,1907,745A6328,2666,0.2601163983345032,38.61948776245117,24.431262969970703,18104.5703125,E,2202.5751953125
1905,1906,745A6328,2667,0.10201988369226456,37.990562438964844,29.89552879333496,26667.23828125,E,2221.852294921875
1905,1913,745A6328,2668,0.35734641551971436,89.57006072998047,31.8581600189209,71399.3359375,E,2263.790283203125
1906,1908,745A6328,2669,0.32473352551460266,40.322052001953125,18.682727813720703,11053.837890625,E,2230.661376953125
1907,1908,745A6328,2670,0.323429673910141,57.20820617675781,19.633127212524414,17319.173828125,E,2227.02392578125
1907,1921,745A6328,2671,0.690580427646637,156.8857421875,28.86906623840332,102692.515625,E,2287.5986328125
1908,1914,745A6328,2672,0.4411996603012085,82.60717010498047,24.669742584228516,39485.4296875,E,2275.975830078125
1910,1915,745A6328,2673,0.8324961066246033,115.22955322265625,22.536075592041016,45963.20703125,E,2229.114013671875
1910,1924,745A6328,2674,0.567924976348877,145.07569885253906,32.12281799316406,117574.1484375,E,2269.42041015625
1911,1922,745A6328,2675,0.7268795371055603,112.00863647460938,28.448020935058594,71194.3515625,E,2276.01708984375
1913,1914,745A6328,2676,0.17110668122768402,40.137847900390625,30.83681297302246,29976.638671875,E,2306.27392578125
1913,1919,745A6328,2677,0.19543395936489105,56.76348876953125,29.902023315429688,39862.09375,E,2328.835205078125
1914,1916,745A6328,2678,0.05933094024658203,14.033641815185547,30.751623153686523,10423.087890625,E,2316.780029296875
1916,1919,745A6328,2679,0.20551469922065735,52.65312957763672,20.93348503112793,18121.625,E,2340.25830078125
1916,1921,745A6328,2680,0.2883794903755188,69.01825714111328,30.93362045288086,51869.89453125,E,2340.653564453125
1919,1926,745A6328,2681,0.3335516154766083,93.680419921875,33.526893615722656,82703.78125,E,2396.62890625
1920,1921,745A6328,2682,0.011186949908733368,2.5920000076293945,30.443294525146484,1886.72314453125,E,2359.01416015625
1920,1925,745A6328,2683,0.26749077439308167,56.94769287109375,29.296939849853516,38389.328125,E,2372.9296875
1921,1928,745A6328,2684,0.5657680630683899,135.33660888671875,27.62602424621582,81122.6171875,E,2421.9072265625
1926,1929,745A6328,2685,0.3367924988269806,88.23589324951172,29.41400718688965,59957.5078125,E,2462.86767578125
1926,1932,745A6328,2686,0.5030138492584229,128.1895751953125,31.94270896911621,102727.3515625,E,2497.859375
1928,1929,745A6328,2687,0.0814046710729599,29.58563995361328,27.784500122070312,17938.083984375,E,2487.388427734375
1928,1931,745A6328,2688,0.46551772952079773,111.56391906738281,31.266082763671875,85656.546875,E,2501.12451171875
1929,1935,745A6328,2689,0.6463654041290283,153.035888671875,30.963226318359375,115232.6640625,E,2554.255615234375
1930,1933,745A6328,2690,0.4516645669937134,99.93805694580078,29.904558181762695,70193.2890625,E,2579.0888671875
1932,1933,745A6328,2691,0.17725920677185059,54.6161994934082,29.882780075073242,38304.8125,E,2565.770751953125
1932,1934,745A6328,2692,0.1802821308374405,45.766563415527344,31.924352645874023,36633.8359375,E,2575.572021484375
1933,1936,745A6328,2693,2.8704326152801514,130.3368682861328,23.710514068603516,57549.17578125,E,2632.31103515625
1934,1937,745A6328,2694,1.3394514322280884,202.76019287109375,26.232070922851562,109581.625,E,2679.326904296875
1934,1938,745A6328,2695,4.410690784454346,256.7159118652344,29.416440963745117,174470.875,E,2710.734619140625
