EndNodes_1,EndNodes_2,name,edge_id,Weight,Length,Width,Volume,Type,Distance
1,12,745A6403,1,1.8378939628601074,309.1084899902344,25.961393356323242,163627.703125,E,3265.166015625
2,15,745A6403,2,6.575253009796143,262.2682800292969,21.272104263305664,93208.71875,E,3216.09814453125
3,4,745A6403,3,0.08033362776041031,9.923283576965332,22.20037841796875,3841.1923828125,E,3256.052734375
4,5,745A6403,4,0.04815179854631424,6.257641315460205,22.75653648376465,2545.146728515625,E,3249.16357421875
4,6,745A6403,5,12.211418151855469,124.3396987915039,8.614486694335938,7247.00390625,E,3255.564453125
5,6,745A6403,6,0.08270712196826935,10.99692440032959,23.05757713317871,4591.85791015625,E,3241.9873046875
6,8,745A6403,7,0.6046767830848694,70.53661346435547,21.753690719604492,26216.23828125,E,3208.586181640625
7,8,745A6403,8,1.1050996780395508,83.12820434570312,17.484094619750977,19958.34765625,E,3189.285888671875
8,13,745A6403,9,0.6301496028900146,71.16553497314453,21.281225204467773,25313.5390625,E,3153.71875
9,11,745A6403,10,0.18720203638076782,27.17784881591797,24.08995246887207,12387.3056640625,E,3160.35107421875
10,22,745A6403,11,2.664769411087036,148.6650390625,20.54234504699707,49271.83984375,E,3081.929443359375
11,16,745A6403,12,0.7085623145103455,95.12247467041016,23.26043701171875,40421.16015625,E,3119.94482421875
11,17,745A6403,13,4.9767165184021,71.2418441772461,7.535887718200684,3177.560791015625,E,3117.784912109375
12,25,745A6403,14,0.5961868762969971,120.0451431274414,28.402069091796875,76056.1640625,E,3073.697509765625
12,31,745A6403,15,3.389878273010254,188.43446350097656,22.28133773803711,73473.8359375,E,3072.3623046875
13,15,745A6403,16,0.42342910170555115,49.61640930175781,22.098331451416016,19029.796875,E,3110.951416015625
13,35,745A6403,17,9.041912078857422,158.2198944091797,15.982952117919922,31744.2421875,E,3064.554931640625
14,43,745A6403,18,1.1332818269729614,181.7321319580078,25.41996955871582,92229.8828125,E,3075.564453125
15,29,745A6403,19,0.6153143644332886,103.78791809082031,25.98422622680664,55037.19140625,E,3054.2041015625
16,17,745A6403,20,0.5029499530792236,75.35221099853516,22.910015106201172,31062.513671875,E,3085.560546875
16,25,745A6403,21,0.7833085656166077,122.30034637451172,23.271381378173828,52018.984375,E,3050.877685546875
17,18,745A6403,22,9.412317276000977,25.03056526184082,13.907906532287598,3802.630126953125,E,3077.0498046875
19,21,745A6403,23,0.2371588945388794,28.69620704650879,22.00342559814453,10911.7646484375,E,3033.953369140625
20,24,745A6403,24,0.03381098806858063,3.6656415462493896,17.511306762695312,882.829833984375,E,3023.37939453125
21,31,745A6403,25,1.1529067754745483,63.02112579345703,13.138242721557617,8543.791015625,E,3014.28564453125
21,36,745A6403,26,0.4110405147075653,64.09477233886719,21.86692237854004,24070.650390625,E,2995.41455078125
22,23,745A6403,27,0.3997606337070465,47.913848876953125,22.150253295898438,18463.2578125,E,3025.383056640625
22,30,745A6403,28,0.18296019732952118,39.6931266784668,23.951622009277344,17884.427734375,E,3017.25439453125
23,24,745A6403,29,2.3705050945281982,63.465843200683594,16.992908477783203,14393.4658203125,E,3026.28271484375
23,27,745A6403,30,0.1350966989994049,15.107283592224121,21.45033073425293,5459.3916015625,E,3018.427001953125
24,37,745A6403,31,0.7607263326644897,52.913639068603516,20.010005950927734,16639.947265625,E,2996.20263671875
25,28,745A6403,32,0.07506681978702545,15.107283592224121,28.369138717651367,9549.2353515625,E,3012.10107421875
26,32,745A6403,33,0.21498709917068481,33.435489654541016,24.949621200561523,16346.5263671875,E,3056.196533203125
28,38,745A6403,34,4.207644462585449,128.63429260253906,17.474090576171875,30848.625,E,2987.23876953125
28,98,745A6403,35,1.1648892164230347,236.6088409423828,28.567155838012695,151654.359375,E,2899.36083984375
29,30,745A6403,36,0.03650157153606415,6.257641315460205,26.192123413085938,3371.64599609375,E,3007.743896484375
29,35,745A6403,37,4.630719184875488,81.16512298583984,8.229305267333984,4317.0361328125,E,3004.207763671875
30,44,745A6403,38,0.39241862297058105,67.76040649414062,26.290027618408203,36783.0703125,E,2977.359130859375
31,36,745A6403,39,0.15905997157096863,26.10420799255371,25.57984161376953,13415.16796875,E,2981.200439453125
32,34,745A6403,40,0.20379218459129333,35.398563385009766,22.41365623474121,13966.9296875,E,3041.186767578125
32,41,745A6403,41,0.5231581926345825,78.75733184814453,24.589458465576172,37400.62109375,E,3023.63427734375
33,55,745A6403,42,0.8303263783454895,113.45069122314453,23.65155029296875,49844.38671875,E,2936.33984375
35,54,745A6403,43,0.615355908870697,83.12820434570312,23.233850479125977,35243.6328125,E,2953.9638671875
36,38,745A6403,44,0.04210320860147476,6.257641315460205,24.389291763305664,2923.4716796875,E,2968.142333984375
37,46,745A6403,45,10.785730361938477,122.63713073730469,8.057762145996094,6253.7529296875,E,2957.413818359375
37,64,745A6403,46,0.830632209777832,122.82135009765625,24.32141876220703,57061.2890625,E,2915.3017578125
38,40,745A6403,47,0.07058890163898468,9.923283576965332,23.78211212158203,4408.04638671875,E,2961.651123046875
39,58,745A6403,48,2.3645567893981934,66.94728088378906,16.6643123626709,14601.5048828125,E,2951.819091796875
40,55,745A6403,49,0.44078221917152405,71.42605590820312,22.6953067779541,28894.732421875,E,2927.77099609375
40,72,745A6403,50,0.8698645234107971,121.74771118164062,23.013690948486328,50643.4453125,E,2903.5458984375
41,47,745A6403,51,0.6636770963668823,37.36164093017578,12.643653869628906,4690.9521484375,E,2980.555419921875
41,51,745A6403,52,0.817283034324646,135.5208282470703,25.78847312927246,70785.96875,E,2963.2041015625
42,45,745A6403,53,0.4836031198501587,82.68348693847656,26.221378326416016,44649.8203125,E,3011.596923828125
43,45,745A6403,54,0.13723118603229523,29.58563995361328,23.146865844726562,12449.595703125,E,2994.110107421875
43,53,745A6403,55,0.31515976786613464,54.80040740966797,26.366737365722656,29921.7109375,E,2971.866455078125
44,46,745A6403,56,0.03551148250699043,6.257641315460205,26.54589080810547,3463.340087890625,E,2945.851318359375
44,52,745A6403,57,3.5733001232147217,72.76020812988281,10.017489433288574,5734.580078125,E,2937.3212890625
45,49,745A6403,58,0.16629832983016968,32.80656433105469,23.287179946899414,13972.8310546875,E,2983.283935546875
46,67,745A6403,59,0.5640089511871338,104.41683959960938,27.197141647338867,60660.6328125,E,2901.794189453125
47,48,745A6403,60,0.02742127515375614,3.6656415462493896,23.123905181884766,1539.43798828125,E,2962.0478515625
47,50,745A6403,61,0.046082187443971634,9.923283576965332,23.314393997192383,4236.36669921875,E,2959.03662109375
48,50,745A6403,62,0.045701902359724045,6.257641315460205,23.38242530822754,2687.07421875,E,2958.298583984375
49,56,745A6403,63,1.1875430345535278,21.36492347717285,9.517605781555176,1520.0108642578125,E,2961.557373046875
49,57,745A6403,64,0.3171864151954651,16.180925369262695,16.433008193969727,3431.8427734375,E,2965.239990234375
50,75,745A6403,65,0.4458756148815155,69.09456634521484,24.97174835205078,33840.1015625,E,2923.81884765625
51,58,745A6403,66,0.17893962562084198,30.659282684326172,26.30097770690918,16656.95703125,E,2924.703369140625
51,60,745A6403,67,0.11522626131772995,20.291284561157227,23.0728816986084,8484.0478515625,E,2921.152099609375
52,54,745A6403,68,5.507036209106445,55.06092834472656,8.045405387878418,2799.169921875,E,2911.276123046875
52,71,745A6403,69,3.747875928878784,58.28184509277344,9.453401565551758,4090.716552734375,E,2885.6767578125
53,66,745A6403,70,88.76072692871094,97.34606170654297,20.16929817199707,31102.111328125,E,2931.162353515625
53,77,745A6403,71,0.49715664982795715,80.27569580078125,25.49593734741211,40984.15234375,E,2911.911865234375
54,62,745A6403,72,0.11417897790670395,28.067279815673828,22.409570693969727,11070.24609375,E,2901.48974609375
55,61,745A6403,73,0.10800051689147949,17.699283599853516,25.599279403686523,9109.63671875,E,2890.091064453125
58,59,745A6403,74,0.018324026837944984,3.6656415462493896,28.287498474121094,2303.716064453125,E,2918.7744140625
59,62,745A6403,75,0.46071335673332214,75.98112487792969,25.84062957763672,39847.56640625,E,2902.052490234375
59,73,745A6403,76,0.3194735050201416,47.72964096069336,21.798748016357422,17813.16796875,E,2894.21044921875
60,73,745A6403,77,0.4743635952472687,58.4660530090332,17.542848587036133,14131.6826171875,E,2891.52587890625
60,75,745A6403,78,0.8719468712806702,128.18955993652344,23.304901123046875,54681.078125,E,2897.06005859375
61,72,745A6403,79,0.614719033241272,76.61004638671875,18.58535385131836,20783.431640625,E,2866.020751953125
61,91,745A6403,80,0.7456780076026917,112.82176971435547,24.631872177124023,53762.27734375,E,2838.69384765625
62,71,745A6403,81,0.4154413640499115,66.686767578125,25.34942626953125,33656.25390625,E,2872.388427734375
63,80,745A6403,82,0.3511131703853607,50.69004821777344,24.07421875,23073.6875,E,2910.915283203125
64,67,745A6403,83,2.820126533508301,91.08841705322266,10.208272933959961,7455.17041015625,E,2858.19775390625
64,91,745A6403,84,0.4036464989185333,74.01805114746094,23.944364547729492,33329.91015625,E,2828.78564453125
65,68,745A6403,85,0.0923515111207962,8.849641799926758,19.582866668701172,2665.435302734375,E,2884.59814453125
66,68,745A6403,86,2.804445266723633,87.16224670410156,17.793153762817383,21673.255859375,E,2904.354736328125
66,69,745A6403,87,0.014328528195619583,2.5920000076293945,26.899654388427734,1473.052734375,E,2892.12646484375
67,90,745A6403,88,0.4519437849521637,67.3156967163086,24.52751922607422,31806.32421875,E,2830.524169921875
68,74,745A6403,89,0.12696769833564758,13.588924407958984,20.6870174407959,4567.41748046875,E,2881.1787109375
69,70,745A6403,90,0.020356161519885063,3.6656415462493896,26.83842658996582,2073.738525390625,E,2889.361328125
69,77,745A6403,91,0.17475777864456177,42.28512954711914,21.045541763305664,14709.4951171875,E,2881.1904296875
70,74,745A6403,92,0.12459234148263931,30.659282684326172,16.271432876586914,6375.34130859375,E,2885.017822265625
70,79,745A6403,93,0.21304748952388763,28.067279815673828,23.48571014404297,12158.9921875,E,2874.975830078125
71,90,745A6403,94,0.8448069095611572,134.4471893310547,24.25101661682129,62101.41796875,E,2828.418701171875
72,76,745A6403,95,0.044117480516433716,9.923282623291016,29.98147964477539,7005.69677734375,E,2845.534423828125
73,111,745A6403,96,0.6648106575012207,125.67383575439453,27.49760627746582,74631.90625,E,2811.390869140625
74,78,745A6403,97,0.1212243139743805,24.585847854614258,21.148271560668945,8636.2431640625,E,2870.422607421875
75,87,745A6403,98,0.20637141168117523,33.251285552978516,25.394062042236328,16840.798828125,E,2877.1416015625
76,81,745A6403,99,0.16092805564403534,30.843490600585938,27.989517211914062,18977.728515625,E,2834.24267578125
76,85,745A6403,100,0.1887418031692505,26.54892349243164,21.80020523071289,9909.642578125,E,2829.970703125
77,106,745A6403,101,0.4666961431503296,81.16513061523438,26.397157669067383,44419.50390625,E,2838.67333984375
78,79,745A6403,102,0.02968190610408783,7.331283092498779,22.225887298583984,2844.383056640625,E,2864.0576171875
78,82,745A6403,103,0.019984999671578407,6.257641315460205,22.77694320678711,2549.713623046875,E,2860.374267578125
79,82,745A6403,104,0.04280918836593628,6.257641315460205,24.130769729614258,2861.823974609375,E,2860.915283203125
80,88,745A6403,105,2.2401251792907715,40.58256530761719,9.79653549194336,3058.96435546875,E,2888.9345703125
80,107,745A6403,106,0.6610399484634399,103.52739715576172,25.071359634399414,51109.41796875,E,2845.810546875
81,84,745A6403,107,0.03861953318119049,6.257641315460205,25.484596252441406,3191.949951171875,E,2823.4541015625
81,85,745A6403,108,0.31642574071884155,31.73292350769043,16.217859268188477,6555.2158203125,E,2817.6142578125
82,105,745A6403,109,0.46000048518180847,64.98419952392578,23.79401397705078,28895.689453125,E,2828.00146484375
83,101,745A6403,110,1.8218281269073486,50.061126708984375,11.038372039794922,4790.71728515625,E,2862.731689453125
84,86,745A6403,111,0.24197447299957275,32.361846923828125,23.263057708740234,13754.87890625,E,2823.01611328125
84,92,745A6403,112,0.23353640735149384,34.509132385253906,20.86610984802246,11800.67578125,E,2809.5029296875
85,94,745A6403,113,0.7553912997245789,77.4994888305664,17.198362350463867,18003.74609375,E,2806.29052734375
86,92,745A6403,114,0.06803061813116074,19.217641830444336,17.803842544555664,4784.28955078125,E,2808.583251953125
86,98,745A6403,115,0.49266964197158813,86.53333282470703,23.661649703979492,38050.76171875,E,2803.34326171875
87,107,745A6403,116,0.32850638031959534,66.05784606933594,24.639575958251953,31497.837890625,E,2834.02392578125
87,118,745A6403,117,1.2037478685379028,166.10379028320312,23.694936752319336,73245.4296875,E,2801.39453125
89,130,745A6403,118,2.639066696166992,159.66195678710938,21.940601348876953,60365.4375,E,2828.74658203125
90,110,745A6403,119,0.4789092242717743,79.83097076416016,25.850921630859375,41899.9375,E,2769.684326171875
91,93,745A6403,120,0.037464793771505356,6.257641315460205,25.845163345336914,3282.910888671875,E,2794.740478515625
92,96,745A6403,121,0.059206023812294006,7.776000022888184,22.868785858154297,3193.9814453125,E,2795.53564453125
93,94,745A6403,122,0.7887641191482544,61.76327896118164,17.552125930786133,14944.4404296875,E,2791.9658203125
93,110,745A6403,123,0.4018423557281494,80.45989227294922,25.361801147460938,40647.09375,E,2762.3544921875
94,97,745A6403,124,0.10887917131185532,12.51528263092041,21.47890281677246,4534.7646484375,E,2789.013427734375
95,112,745A6403,125,0.5076268315315247,78.75733184814453,24.93642807006836,38463.55078125,E,2902.286376953125
96,100,745A6403,126,0.6749387979507446,76.42584228515625,19.962892532348633,23920.875,E,2786.35107421875
96,119,745A6403,127,0.4871668815612793,91.97785186767578,24.91483497619629,44842.4375,E,2749.43310546875
97,100,745A6403,128,0.3537716865539551,37.36164093017578,20.8720645904541,12783.4072265625,E,2786.453369140625
97,136,745A6403,129,2.936589002609253,138.5575408935547,16.058048248291016,28061.15625,E,2733.365478515625
98,114,745A6403,130,0.3536494970321655,74.01805114746094,28.94304656982422,48698.546875,E,2763.31591796875
99,108,745A6403,131,0.4271242618560791,60.16861343383789,23.83256721496582,26841.17578125,E,2849.205078125
100,123,745A6403,132,1.6219496726989746,130.9657745361328,16.53721809387207,28130.185546875,E,2743.673095703125
101,102,745A6403,133,0.7526792287826538,22.883283615112305,15.932976722717285,4562.49169921875,E,2845.394775390625
101,104,745A6403,134,0.10974926501512527,18.772924423217773,26.138673782348633,10073.697265625,E,2836.94580078125
103,145,745A6403,135,0.8066590428352356,111.64022064208984,23.541812896728516,48594.8671875,E,2725.875
104,117,745A6403,136,0.30505186319351196,54.6161994934082,26.800668716430664,30810.7734375,E,2806.541259765625
104,121,745A6403,137,2.2294981479644775,118.97149658203125,22.19344711303711,46023.78515625,E,2801.7587890625
105,106,745A6403,138,2.946164608001709,34.7696418762207,6.00547981262207,984.885009765625,E,2799.248291015625
105,124,745A6403,139,0.5771527290344238,85.64389038085938,24.395336151123047,40031.31640625,E,2761.316650390625
106,120,745A6403,140,0.35248002409935,64.98420715332031,27.183685302734375,37715.0234375,E,2770.608154296875
107,135,745A6403,141,0.5400927066802979,100.30647277832031,27.26241683959961,58552.78125,E,2763.172607421875
108,117,745A6403,142,0.3716086149215698,72.94441223144531,24.841524124145508,35353.984375,E,2798.56103515625
108,134,745A6403,143,3.6075971126556396,86.7938461303711,13.344863891601562,12139.67578125,E,2802.690185546875
109,114,745A6403,144,0.4468120038509369,68.20513153076172,21.658958435058594,25129.396484375,E,2743.6044921875
110,129,745A6403,145,0.29154708981513977,55.689849853515625,27.680313110351562,33512.5859375,E,2711.582275390625
111,128,745A6403,146,0.22603745758533478,40.58256530761719,26.83842658996582,22958.498046875,E,2733.1162109375
111,159,745A6403,147,4.248719215393066,171.36412048339844,21.824928283691406,64108.46875,E,2695.406494140625
112,113,745A6403,148,0.6898209452629089,20.736000061035156,12.735496520996094,2641.475830078125,E,2863.200439453125
112,173,745A6403,149,0.9977642297744751,173.25086975097656,25.32212257385254,87250.015625,E,2790.49755859375
114,116,745A6403,150,0.027212634682655334,6.257641315460205,30.32843780517578,4520.6474609375,E,2730.85546875
115,145,745A6403,151,2.2411246299743652,127.30013275146484,19.19451904296875,36836.0625,E,2710.90283203125
116,119,745A6403,152,0.5443295836448669,91.97784423828125,24.45333480834961,43196.5703125,E,2716.79248046875
116,155,745A6403,153,0.5184001326560974,107.26933288574219,28.80931282043457,69924.8046875,E,2683.33056640625
117,122,745A6403,154,0.1284589320421219,21.36492347717285,25.991432189941406,11335.7861328125,E,2775.365234375
118,128,745A6403,155,0.29878297448158264,63.02112579345703,25.529821395874023,32260.537109375,E,2725.69140625
118,135,745A6403,156,0.641963005065918,87.60697937011719,21.12961196899414,30719.322265625,E,2727.75927734375
119,123,745A6403,157,0.03659053519368172,7.331283092498779,28.212661743164062,4583.0859375,E,2704.225830078125
120,121,745A6403,158,5.4354143142700195,74.278564453125,8.513141632080078,4227.9814453125,E,2747.661376953125
120,125,745A6403,159,0.03427348658442497,7.331283092498779,29.212724685668945,4913.7607421875,E,2737.871826171875
121,141,745A6403,160,0.18894506990909576,31.73292350769043,25.94891357421875,16781.791015625,E,2740.342041015625
122,126,745A6403,161,0.1387079656124115,20.291284561157227,24.203054428100586,9335.546875,E,2762.661376953125
122,127,745A6403,162,0.0457194559276104,9.923283576965332,23.402833938598633,4268.5673828125,E,2763.204833984375
123,140,745A6403,163,0.147165909409523,26.993640899658203,27.10560417175293,15576.4873046875,E,2688.47216796875
124,125,745A6403,164,0.4564147889614105,71.24185180664062,19.491024017333984,21256.62890625,E,2729.270263671875
124,162,745A6403,165,0.8494513034820557,169.14051818847656,26.862661361694336,95859.6015625,E,2666.226806640625
125,157,745A6403,166,0.4597572088241577,88.31221008300781,27.873125076293945,53886.7421875,E,2693.260009765625
126,133,745A6403,167,0.05107855796813965,17.254566192626953,22.321130752563477,6751.90478515625,E,2750.286376953125
126,141,745A6403,168,0.21274468302726746,47.4691276550293,24.879117965698242,23076.560546875,E,2740.859375
127,133,745A6403,169,0.11356861889362335,17.254566192626953,24.66822052001953,8246.498046875,E,2752.614990234375
127,134,745A6403,170,0.747770369052887,110.75077819824219,24.511749267578125,52261.9140625,E,2762.945556640625
128,148,745A6403,171,0.2536320686340332,46.8402099609375,27.192588806152344,27202.5625,E,2693.616943359375
129,131,745A6403,172,0.8964590430259705,48.35856628417969,14.972685813903809,8514.5703125,E,2687.02880859375
129,132,745A6403,173,0.03731909766793251,7.331283092498779,28.022172927856445,4521.40576171875,E,2684.083984375
130,137,745A6403,174,2.1500871181488037,149.55445861816406,22.174638748168945,57756.6953125,E,2784.684326171875
130,164,745A6403,175,0.6253647804260254,102.45375061035156,25.627683639526367,52848.96484375,E,2712.27294921875
132,138,745A6403,176,0.41218239068984985,60.24491882324219,22.42658233642578,23797.783203125,E,2679.158447265625
132,160,745A6403,177,0.4094436764717102,81.16512298583984,28.173480987548828,50598.81640625,E,2644.9794921875
133,178,745A6403,178,0.573361873626709,110.30606079101562,27.83429718017578,67119.6640625,E,2693.92822265625
134,144,745A6403,179,1.9898695945739746,34.9538459777832,8.417763710021973,1945.2630615234375,E,2766.641357421875
135,168,745A6403,180,0.565481960773468,99.67755126953125,26.579479217529297,55307.00390625,E,2676.355224609375
136,138,745A6403,181,0.02324792556464672,3.6656415462493896,25.113826751708984,1815.7901611328125,E,2673.761474609375
136,139,745A6403,182,0.24667584896087646,39.95363998413086,25.459510803222656,20339.78515625,E,2674.8115234375
137,143,745A6403,183,0.06079239398241043,10.99692440032959,26.85373306274414,6228.3134765625,E,2767.793701171875
137,158,745A6403,184,0.8670830130577087,135.78134155273438,25.125730514526367,67323.6015625,E,2770.995849609375
138,150,745A6403,185,0.9653570055961609,28.067279815673828,8.910181999206543,1750.1019287109375,E,2659.508056640625
139,146,745A6403,186,0.7226643562316895,117.45311737060547,25.571619033813477,60321.33203125,E,2665.208740234375
139,150,745A6403,187,1.833691954612732,59.80020523071289,10.671875,5349.01708984375,E,2653.64990234375
140,146,745A6403,188,0.06045176833868027,17.699283599853516,24.343368530273438,8237.7177734375,E,2667.6015625
140,147,745A6403,189,0.09600437432527542,34.32492446899414,16.2595272064209,7127.1396484375,E,2668.175048828125
141,157,745A6403,190,0.6249892711639404,116.93212890625,25.609909057617188,60233.734375,E,2684.0283203125
142,166,745A6403,191,0.9876889586448669,111.56391143798828,24.74066734313965,53633.5390625,E,2783.09619140625
143,151,745A6403,192,0.43903660774230957,79.64676666259766,26.948488235473633,45428.3359375,E,2743.458740234375
143,163,745A6403,193,0.37559643387794495,66.0578384399414,21.410968780517578,23784.109375,E,2732.8701171875
145,159,745A6403,194,0.3340573310852051,54.6161994934082,25.6658992767334,28256.888671875,E,2648.48828125
146,149,745A6403,195,0.046731121838092804,8.849641799926758,27.501731872558594,5256.9716796875,E,2655.919677734375
147,149,745A6403,196,0.07744152843952179,21.809640884399414,24.60971450805664,10374.126953125,E,2652.879638671875
147,155,745A6403,197,0.5735623836517334,121.74771118164062,27.1644229888916,70558.875,E,2643.8876953125
148,188,745A6403,198,1.157758355140686,116.56371307373047,20.634519577026367,38980.01171875,E,2642.954345703125
148,210,745A6403,199,0.6624056696891785,130.15261840820312,28.10879898071289,80765.7734375,E,2612.98486328125
149,181,745A6403,200,0.48821890354156494,89.12533569335938,27.049320220947266,51215.77734375,E,2613.882568359375
150,161,745A6403,201,1.189858078956604,43.174560546875,9.672038078308105,3172.150634765625,E,2627.1396484375
151,164,745A6403,202,0.5368192195892334,95.38298034667969,24.86853790283203,46329.890625,E,2693.825927734375
151,174,745A6403,203,2.9277114868164062,66.5025634765625,7.648101806640625,3055.171630859375,E,2695.43017578125
152,167,745A6403,204,0.38147857785224915,71.6102523803711,27.361644744873047,42106.53515625,E,2813.991943359375
153,279,745A6403,205,3.971045732498169,260.41314697265625,24.87213706970215,126525.7734375,E,2726.009033203125
154,171,745A6403,206,0.35665595531463623,53.282047271728516,24.461322784423828,25039.7890625,E,2721.56201171875
155,162,745A6403,207,0.11738941818475723,24.585847854614258,29.034990310668945,16278.65234375,E,2629.754638671875
156,169,745A6403,208,1.1696467399597168,28.067279815673828,13.732157707214355,4156.8828125,E,2792.9130859375
157,176,745A6403,209,0.18557964265346527,31.73292350769043,26.144506454467773,17035.734375,E,2636.92431640625
158,173,745A6403,210,0.23424068093299866,37.54584884643555,25.436450958251953,19079.40625,E,2719.02294921875
158,184,745A6403,211,0.5242093801498413,95.38298034667969,23.11184310913086,40015.65625,E,2702.97607421875
159,217,745A6403,212,0.3976767361164093,88.75691986083984,27.171537399291992,51466.01171875,E,2581.970703125
160,161,745A6403,213,1.4122241735458374,40.58256149291992,10.423105239868164,3462.76953125,E,2607.867919921875
160,211,745A6403,214,0.40351662039756775,77.94420623779297,27.819482803344727,47377.46484375,E,2572.11767578125
161,223,745A6403,215,2.3779385089874268,136.1497802734375,18.045089721679688,34819.6953125,E,2572.144775390625
162,165,745A6403,216,0.011136533692479134,2.5920000076293945,30.512126922607422,1895.2645263671875,E,2619.894287109375
163,174,745A6403,217,0.38121497631073,52.65312957763672,23.81896209716797,23461.71484375,E,2687.9775390625
163,184,745A6403,218,0.22609072923660278,40.58256530761719,26.798967361450195,22891.0390625,E,2686.749267578125
164,170,745A6403,219,0.11658991128206253,18.328208923339844,25.035593032836914,9022.4755859375,E,2661.152587890625
165,172,745A6403,220,0.10382567346096039,21.36492347717285,28.637006759643555,13760.888671875,E,2610.15185546875
165,175,745A6403,221,0.33842968940734863,60.42912673950195,23.68771743774414,26630.703125,E,2606.793212890625
166,179,745A6403,222,0.13103683292865753,22.438568115234375,26.1649169921875,12064.900390625,E,2723.421875
166,182,745A6403,223,4.568762302398682,72.76020812988281,10.199922561645508,5945.35205078125,E,2735.749267578125
167,169,745A6403,224,0.01958906650543213,3.6656415462493896,27.358867645263672,2154.944580078125,E,2783.4248046875
167,224,745A6403,225,5.156383991241455,93.05148315429688,9.292830467224121,6311.16064453125,E,2749.563232421875
168,183,745A6403,226,0.36551520228385925,50.061126708984375,20.48951530456543,16506.45703125,E,2623.654541015625
168,185,745A6403,227,0.09716896712779999,26.993640899658203,24.042329788208008,12254.75,E,2619.484375
169,194,745A6403,228,0.39156949520111084,66.8709716796875,26.173660278320312,35979.60546875,E,2753.363037109375
170,185,745A6403,229,0.768079400062561,138.3733367919922,26.971296310424805,79058.015625,E,2627.910888671875
170,200,745A6403,230,0.22666485607624054,57.39241409301758,23.415760040283203,24715.015625,E,2628.8984375
171,187,745A6403,231,0.21055501699447632,30.843490600585938,24.209686279296875,14198.1484375,E,2684.141845703125
171,189,745A6403,232,0.28124308586120605,40.76676940917969,21.013568878173828,14138.2548828125,E,2686.840576171875
172,195,745A6403,233,1.1738007068634033,48.35856628417969,9.19700813293457,3212.5986328125,E,2587.8994140625
172,206,745A6403,234,0.2954687774181366,61.05805206298828,28.76507568359375,39679.28515625,E,2578.50048828125
173,266,745A6403,235,0.8727236390113831,148.03610229492188,26.077442169189453,79065.59375,E,2643.35693359375
174,190,745A6403,236,0.3579489588737488,60.42912673950195,26.04634666442871,32198.068359375,E,2653.94580078125
175,180,745A6403,237,0.22903144359588623,41.65620803833008,26.963600158691406,23786.216796875,E,2590.883056640625
175,186,745A6403,238,0.11364568024873734,15.552000045776367,19.58082389831543,4683.1494140625,E,2585.41455078125
176,220,745A6403,239,0.930869996547699,100.12226104736328,23.87978744506836,44841.63671875,E,2605.348388671875
176,258,745A6403,240,0.7700931429862976,137.48390197753906,26.750274658203125,77267.7421875,E,2560.561279296875
177,179,745A6403,241,1.781440258026123,29.14092445373535,8.116157531738281,1507.6278076171875,E,2711.267333984375
178,226,745A6403,242,2.2022626399993896,121.56349182128906,20.55173110961914,40326.44140625,E,2631.4599609375
178,248,745A6403,243,0.5553531646728516,110.75077819824219,28.618637084960938,71241.7421875,E,2592.004150390625
179,221,745A6403,244,0.4403451979160309,73.57333374023438,25.845163345336914,38598.359375,E,2679.8916015625
180,191,745A6403,245,0.10345403850078583,16.625642776489258,21.32379150390625,5937.412109375,E,2574.916748046875
180,199,745A6403,246,0.39195945858955383,75.53640747070312,27.75606346130371,45704.81640625,E,2570.12646484375
181,201,745A6403,247,0.07833777368068695,30.214567184448242,18.409324645996094,8042.33154296875,E,2562.827880859375
181,202,745A6403,248,0.13999375700950623,36.47220993041992,24.619625091552734,17362.6015625,E,2559.670654296875
182,194,745A6403,249,0.825262188911438,130.3368377685547,23.884424209594727,58396.47265625,E,2754.7744140625
182,228,745A6403,250,0.5902136564254761,99.86175537109375,26.079875946044922,53345.78515625,E,2684.348876953125
183,188,745A6403,251,0.09489046037197113,15.107283592224121,20.475778579711914,4974.587890625,E,2599.655029296875
183,197,745A6403,252,0.07974177598953247,22.43856430053711,18.354896545410156,5937.2978515625,E,2596.061279296875
184,209,745A6403,253,0.17589789628982544,34.7696418762207,28.08485984802246,21539.44921875,E,2654.70458984375
185,197,745A6403,254,0.17359252274036407,27.17784881591797,25.042396545410156,13386.1826171875,E,2598.647705078125
186,191,745A6403,255,0.2979479432106018,36.91692352294922,14.756031036376953,6313.27197265625,E,2572.4580078125
186,193,745A6403,256,0.1622770130634308,27.6225643157959,19.395780563354492,8161.4697265625,E,2574.029052734375
187,189,745A6403,257,0.08549226075410843,20.291284561157227,16.096254348754883,4129.0400390625,E,2670.66064453125
187,196,745A6403,258,0.13251100480556488,18.328208923339844,23.600126266479492,8017.4921875,E,2662.646240234375
188,198,745A6403,259,0.14768433570861816,17.254566192626953,21.62040901184082,6334.63671875,E,2589.8115234375
189,208,745A6403,260,0.24326549470424652,31.2882080078125,22.81220054626465,12788.0673828125,E,2656.668701171875
190,200,745A6403,261,0.5467451810836792,92.60677337646484,24.315671920776367,43003.63671875,E,2618.869384765625
190,213,745A6403,262,0.49540549516677856,78.12841033935547,25.36667823791504,39484.44921875,E,2628.80419921875
191,244,745A6403,263,0.6317770481109619,87.42277526855469,23.881690979003906,39160.17578125,E,2527.74169921875
192,203,745A6403,264,0.7078156471252441,19.217641830444336,11.666040420532227,2054.172607421875,E,2642.7373046875
193,195,745A6403,265,0.1255127340555191,16.180925369262695,22.678298950195312,6536.0322265625,E,2570.007080078125
193,214,745A6403,266,0.33229562640190125,41.84041213989258,22.78950309753418,17066.935546875,E,2553.926513671875
194,204,745A6403,267,0.11389142274856567,20.920207977294922,27.06001091003418,12031.2802734375,E,2719.5712890625
195,206,745A6403,268,0.3596823513507843,55.68984603881836,21.31912612915039,19879.46484375,E,2558.246337890625
196,203,745A6403,269,0.21281573176383972,33.88020706176758,25.24818992614746,16962.755859375,E,2643.76025390625
196,208,745A6403,270,0.08214317262172699,31.73292350769043,17.640567779541016,7755.7734375,E,2645.705322265625
197,216,745A6403,271,0.27005860209465027,41.84041213989258,24.92621612548828,20417.310546875,E,2570.54736328125
198,210,745A6403,272,0.4521150290966034,86.97806549072266,24.53215789794922,41112.23828125,E,2563.21630859375
198,216,745A6403,273,0.1963038444519043,30.659282684326172,10.878235816955566,2849.5009765625,E,2568.791015625
199,201,745A6403,274,0.06187388673424721,11.441641807556152,27.16497802734375,6631.2734375,E,2551.299072265625
199,231,745A6403,275,0.2461680769920349,44.69292068481445,23.50827980041504,19398.59765625,E,2532.468017578125
200,293,745A6403,276,0.93589186668396,175.13763427734375,27.536663055419922,104301.8515625,E,2530.36572265625
201,202,745A6403,277,0.17102797329425812,27.622568130493164,25.64651107788086,14269.55859375,E,2544.94482421875
202,219,745A6403,278,0.1571422517299652,30.843490600585938,27.98135757446289,18966.6640625,E,2533.85009765625
203,207,745A6403,279,0.04560386762022972,7.331283092498779,25.36894416809082,3705.7373046875,E,2631.391357421875
204,224,745A6403,280,0.4584733545780182,80.72040557861328,24.42671012878418,37827.11328125,E,2706.10205078125
204,236,745A6403,281,0.4438489079475403,85.19918060302734,27.69797706604004,51335.921875,E,2679.15625
205,211,745A6403,282,0.8320802450180054,21.809640884399414,12.290570259094238,2587.5126953125,E,2536.386962890625
206,225,745A6403,283,0.12502378225326538,28.69620704650879,30.283538818359375,20669.388671875,E,2544.328125
207,227,745A6403,284,0.38700059056282043,64.09477233886719,25.73167610168457,33331.0234375,E,2611.83154296875
207,243,745A6403,285,0.3231517970561981,59.35548782348633,24.49013900756836,27959.748046875,E,2602.031494140625
208,246,745A6403,286,0.3620814383029938,60.873844146728516,26.349525451660156,33194.5078125,E,2616.492919921875
209,213,745A6403,287,0.2525847852230072,48.35856628417969,18.246047973632812,12644.478515625,E,2630.331298828125
209,254,745A6403,288,0.44629406929016113,74.90748596191406,26.16188621520996,40267.36328125,E,2609.47265625
210,215,745A6403,289,0.047396235167980194,10.99692440032959,30.45599937438965,8011.37060546875,E,2549.971435546875
211,283,745A6403,290,0.5116802453994751,107.52985382080078,29.069690704345703,71367.3828125,E,2485.090576171875
212,218,745A6403,291,0.06148967146873474,10.99692440032959,26.66494369506836,6141.04736328125,E,2786.0234375
213,251,745A6403,292,0.39674919843673706,65.61312866210938,25.6972713470459,34029.42578125,E,2597.245361328125
214,245,745A6403,293,0.5550998449325562,59.984413146972656,21.10235023498535,20979.248046875,E,2515.103515625
214,256,745A6403,294,0.7952600717544556,78.75733184814453,20.32781219482422,25560.076171875,E,2506.983642578125
215,217,745A6403,295,0.2139488160610199,39.5089225769043,27.6343936920166,23696.54296875,E,2540.11474609375
215,235,745A6403,296,0.10590271651744843,29.14092254638672,26.06578254699707,15550.15625,E,2532.975341796875
216,275,745A6403,297,0.6386829614639282,120.78199005126953,27.56069564819336,72056.375,E,2510.831298828125
217,222,745A6403,298,0.028860747814178467,6.257641315460205,29.44403076171875,4260.83837890625,E,2536.19873046875
218,232,745A6403,299,2.2151474952697754,27.17784881591797,12.94979476928711,3579.56884765625,E,2778.489013671875
218,237,745A6403,300,0.4769696891307831,89.12533569335938,27.40852928161621,52585.078125,E,2749.3740234375
219,223,745A6403,301,0.04495929926633835,8.849641799926758,28.057891845703125,5471.74267578125,E,2521.9853515625
219,238,745A6403,302,0.24391323328018188,37.990562438964844,20.829883575439453,12946.1103515625,E,2506.0322265625
220,248,745A6403,303,0.45226943492889404,65.16841125488281,22.92618751525879,26902.37890625,E,2551.5947265625
220,263,745A6403,304,3.5824575424194336,81.16513061523438,11.107843399047852,7865.365234375,E,2542.523681640625
221,228,745A6403,305,0.09819857776165009,30.214563369750977,14.585952758789062,5048.65625,E,2643.82568359375
221,234,745A6403,306,0.16867630183696747,23.512208938598633,23.751497268676758,10417.5419921875,E,2635.2412109375
222,235,745A6403,307,0.6476996541023254,48.35856628417969,16.00611114501953,9730.4951171875,E,2522.984130859375
222,287,745A6403,308,1.3602689504623413,257.00799560546875,26.710474014282227,144012.34375,E,2477.604736328125
223,233,745A6403,309,0.12899819016456604,24.585847854614258,27.639493942260742,14751.4677734375,E,2512.01904296875
224,229,745A6403,310,0.04513830691576004,6.257641315460205,23.525291442871094,2720.01025390625,E,2707.59912109375
225,249,745A6403,311,0.5435619354248047,69.27876281738281,21.50941276550293,25173.703125,E,2519.13037109375
225,257,745A6403,312,0.274920791387558,58.9107666015625,29.304906845092773,39734.2734375,E,2510.373046875
226,227,745A6403,313,0.05924113839864731,10.368000030517578,26.46697425842285,5704.18310546875,E,2590.681640625
226,242,745A6403,314,0.2608723044395447,44.432411193847656,26.15325355529785,23869.384765625,E,2572.306884765625
227,239,745A6403,315,0.09789103269577026,26.993640899658203,26.106599807739258,14449.4716796875,E,2579.48095703125
228,240,745A6403,316,0.29804548621177673,36.027488708496094,22.10003089904785,13820.0517578125,E,2628.8427734375
230,241,745A6403,317,1.6974519491195679,26.993640899658203,10.90885066986084,2522.953857421875,E,2724.0126953125
231,255,745A6403,318,0.3525395691394806,64.09477233886719,20.156686782836914,20452.70703125,E,2489.55712890625
231,286,745A6403,319,0.4865110516548157,84.83076477050781,26.445201873779297,46594.75390625,E,2475.02685546875
233,238,745A6403,320,0.8753840327262878,54.616207122802734,12.02116584777832,6198.75634765625,E,2490.753662109375
233,247,745A6403,321,0.17047643661499023,35.58277130126953,28.85710906982422,23272.083984375,E,2493.13232421875
234,240,745A6403,322,0.08959287405014038,26.54892349243164,16.70853614807129,5821.21435546875,E,2622.490478515625
234,250,745A6403,323,0.23749074339866638,37.10112762451172,24.94544792175293,18132.580078125,E,2608.358642578125
235,275,745A6403,324,0.2727457284927368,60.87384796142578,25.947612762451172,32189.591796875,E,2492.668701171875
236,253,745A6403,325,0.558922529220581,24.401639938354492,16.890275955200195,5467.41943359375,E,2631.159423828125
236,272,745A6403,326,0.32958003878593445,61.686973571777344,27.361549377441406,36271.43359375,E,2618.59912109375
237,241,745A6403,327,0.052234575152397156,11.441641807556152,29.593700408935547,7870.03759765625,E,2715.6572265625
237,261,745A6403,328,0.8469932079315186,26.993640899658203,14.805597305297852,4647.3271484375,E,2707.409423828125
238,255,745A6403,329,0.2023993581533432,32.361846923828125,25.458005905151367,16472.970703125,E,2476.882568359375
239,243,745A6403,330,1.155334711074829,39.95363998413086,20.71373748779297,13463.6611328125,E,2572.163330078125
239,273,745A6403,331,1.0734920501708984,64.53948211669922,13.674330711364746,9478.236328125,E,2545.513427734375
240,271,745A6403,332,0.35047978162765503,42.28512954711914,21.951818466186523,16003.630859375,E,2595.979736328125
241,265,745A6403,333,0.39842352271080017,88.49641418457031,29.869558334350586,62011.6328125,E,2684.03564453125
242,259,745A6403,334,0.33840906620025635,52.20840835571289,21.73606300354004,19372.787109375,E,2534.73193359375
242,273,745A6403,335,0.9430872201919556,36.472206115722656,18.21430015563965,9503.353515625,E,2540.731201171875
243,260,745A6403,336,0.13566742837429047,22.883283615112305,25.91773223876953,12072.638671875,E,2564.628173828125
244,245,745A6403,337,0.14208891987800598,18.144001007080078,19.531843185424805,5436.37451171875,E,2489.118408203125
244,286,745A6403,338,0.2554492652416229,56.76348876953125,25.559431076049805,29124.693359375,E,2463.363525390625
245,256,745A6403,339,4.845307350158691,43.17456817626953,10.406268119812012,3672.044189453125,E,2478.15185546875
246,250,745A6403,340,0.2573375701904297,39.5089225769043,22.440189361572266,15625.6513671875,E,2589.22216796875
246,264,745A6403,341,0.1157337874174118,28.69620704650879,31.55096435546875,22435.701171875,E,2577.12353515625
247,283,745A6403,342,0.2968306839466095,77.8678970336914,28.860036849975586,50938.0234375,E,2454.44287109375
247,284,745A6403,343,1.6917885541915894,63.46584701538086,12.796725273132324,8162.583984375,E,2459.24365234375
248,259,745A6403,344,0.10548113286495209,17.699283599853516,25.89084243774414,9318.326171875,E,2532.84814453125
249,262,745A6403,345,1.454890251159668,46.840206146240234,11.958367347717285,5260.80810546875,E,2490.1728515625
249,289,745A6403,346,0.4593598246574402,73.12861633300781,25.499387741088867,37345.3671875,E,2461.823974609375
250,252,745A6403,347,0.036506474018096924,5.184000015258789,23.84503936767578,2314.999755859375,E,2589.05908203125
251,274,745A6403,348,0.16316400468349457,27.622568130493164,26.081233978271484,14757.4130859375,E,2563.338623046875
251,282,745A6403,349,2.334476947784424,63.02112579345703,8.095129013061523,3243.572265625,E,2553.220703125
252,271,745A6403,350,0.23478952050209045,19.846567153930664,19.36857032775879,5847.50244140625,E,2581.639404296875
252,276,745A6403,351,0.06395039707422256,28.69620704650879,18.041954040527344,7336.375,E,2573.600830078125
254,266,745A6403,352,0.06063959002494812,16.180925369262695,24.34337043762207,7531.03466796875,E,2578.130859375
254,274,745A6403,353,0.10746439546346664,38.61948776245117,22.903484344482422,15911.0732421875,E,2563.212646484375
255,267,745A6403,354,0.034372344613075256,6.257641315460205,26.988096237182617,3579.68701171875,E,2463.9462890625
256,289,745A6403,355,0.2734120190143585,47.28491973876953,21.649715423583984,17406.71875,E,2452.650390625
257,262,745A6403,356,0.28536102175712585,26.993640899658203,17.237239837646484,6299.22021484375,E,2484.97216796875
257,291,745A6403,357,0.252553254365921,47.913848876953125,27.52994728088379,28520.80078125,E,2467.65283203125
258,263,745A6403,358,0.37363743782043457,75.79692077636719,26.295534133911133,41162.84765625,E,2500.4482421875
258,303,745A6403,359,0.3756103217601776,83.49661254882812,26.571250915527344,46300.1875,E,2463.57373046875
259,269,745A6403,360,0.045990049839019775,7.331283092498779,25.26009178161621,3674.0048828125,E,2521.8447265625
260,264,745A6403,361,0.6760145425796509,45.137638092041016,20.715591430664062,15213.298828125,E,2560.54541015625
260,334,745A6403,362,0.6386075615882874,118.08206176757812,27.202880859375,68628.359375,E,2500.246337890625
262,294,745A6403,363,0.6177830100059509,47.913848876953125,13.480441093444824,6838.47314453125,E,2461.404052734375
263,268,745A6403,364,0.11149252206087112,21.36492347717285,27.67776107788086,12854.4384765625,E,2508.13671875
264,270,745A6403,365,0.009839320555329323,2.5920000076293945,32.46122741699219,2145.1357421875,E,2562.970703125
265,279,745A6403,366,0.46559834480285645,98.4197006225586,29.217330932617188,65986.1796875,E,2630.889404296875
265,302,745A6403,367,2.793060064315796,60.24491882324219,8.405291557312012,3342.84228515625,E,2631.568359375
266,288,745A6403,368,0.1889842003583908,37.990562438964844,28.351638793945312,23984.01953125,E,2558.726806640625
267,277,745A6403,369,0.8607104420661926,35.398563385009766,10.332283020019531,2968.02880859375,E,2456.680908203125
267,278,745A6403,370,0.11798109859228134,20.291284561157227,26.25420570373535,10984.927734375,E,2452.35595703125
268,269,745A6403,371,0.23993854224681854,53.54256820678711,25.717267990112305,27812.416015625,E,2515.645263671875
268,298,745A6403,372,5.470197677612305,78.57312774658203,6.7207112312316895,2787.36865234375,E,2482.07861328125
269,298,745A6403,373,0.2617182731628418,47.28491973876953,27.024375915527344,27122.134765625,E,2496.3408203125
270,276,745A6403,374,0.23498815298080444,44.248207092285156,24.093353271484375,20173.4453125,E,2558.716064453125
270,292,745A6403,375,0.46799832582473755,68.20513153076172,26.317136764526367,37100.87890625,E,2541.20703125
271,301,745A6403,376,0.4972146153450012,57.837127685546875,17.053794860839844,13211.0908203125,E,2551.107177734375
272,290,745A6403,377,0.2943437099456787,49.17169189453125,25.903675079345703,25913.6015625,E,2573.1005859375
272,317,745A6403,378,2.191521406173706,101.01170349121094,17.146961212158203,23325.765625,E,2561.572998046875
273,315,745A6403,379,0.45136088132858276,78.38892364501953,26.405744552612305,42928.078125,E,2491.3994140625
274,282,745A6403,380,0.2395150065422058,44.248207092285156,27.20834732055664,25727.044921875,E,2538.3369140625
275,307,745A6403,381,0.2817954123020172,62.576412200927734,29.76766586303711,43550.1953125,E,2438.91650390625
276,292,745A6403,382,0.14335034787654877,31.2882080078125,20.443466186523438,10270.216796875,E,2546.297119140625
277,280,745A6403,383,0.23795174062252045,9.923282623291016,11.068724632263184,954.861572265625,E,2441.984130859375
277,284,745A6403,384,1.7836276292800903,41.21148681640625,8.32025146484375,2240.6865234375,E,2438.6650390625
278,280,745A6403,385,0.39001327753067017,19.217641830444336,15.13360595703125,3456.804443359375,E,2442.712158203125
278,285,745A6403,386,0.059139229357242584,9.923283576965332,25.87407875061035,5217.6513671875,E,2439.51220703125
279,305,745A6403,387,0.2970249652862549,69.01825714111328,30.48685646057129,50382.43359375,E,2579.064453125
280,285,745A6403,388,0.8275216817855835,21.809640884399414,7.7841644287109375,1037.91650390625,E,2436.09521484375
281,304,745A6403,389,1.562452793121338,58.2818489074707,17.929214477539062,14714.5078125,E,2702.44580078125
282,296,745A6403,390,0.46148645877838135,95.64349365234375,28.837383270263672,62467.9140625,E,2506.630615234375
283,287,745A6403,391,0.0295950286090374,6.257641315460205,29.069856643676758,4153.2333984375,E,2431.8125
284,312,745A6403,392,3.689040184020996,76.61004638671875,8.804821014404297,4664.62451171875,E,2410.026611328125
285,331,745A6403,393,0.4741683006286621,81.60984802246094,26.258798599243164,44195.91796875,E,2398.359130859375
286,330,745A6403,394,0.3558022975921631,73.64964294433594,28.794918060302734,47961.44140625,E,2402.137451171875
287,311,745A6403,395,0.1865580528974533,41.027278900146484,29.66131019592285,28349.361328125,E,2409.83251953125
288,323,745A6403,396,6.094484806060791,113.52699279785156,9.572759628295898,8170.77587890625,E,2540.211181640625
288,364,745A6403,397,0.6039713025093079,145.96511840820312,29.386632919311523,99000.7890625,E,2473.223876953125
289,295,745A6403,398,0.04270956665277481,8.849641799926758,28.772220611572266,5753.900390625,E,2432.164794921875
290,301,745A6403,399,0.26293691992759705,34.95384979248047,23.1256046295166,14681.5224609375,E,2537.3994140625
290,317,745A6403,400,1.3004306554794312,78.12840270996094,19.256757736206055,22754.388671875,E,2530.34912109375
291,294,745A6403,401,0.29466021060943604,26.993640899658203,16.208017349243164,5569.43505859375,E,2445.904296875
291,303,745A6403,402,0.1308014988899231,26.10420799255371,28.31697654724121,16439.708984375,E,2438.4775390625
292,316,745A6403,403,0.2863973379135132,48.35856628417969,21.883638381958008,18188.728515625,E,2511.1044921875
293,297,745A6403,404,0.1264592707157135,28.067279815673828,23.13265037536621,11796.1689453125,E,2459.57177734375
293,299,745A6403,405,0.04407341405749321,9.923282623291016,30.00699234008789,7017.62548828125,E,2455.381103515625
294,333,745A6403,406,0.6411681771278381,66.5025634765625,18.489940643310547,17856.623046875,E,2411.34375
295,314,745A6403,407,0.29014909267425537,47.0244140625,25.631542205810547,24264.021484375,E,2408.718017578125
295,322,745A6403,408,0.22378574311733246,52.024208068847656,20.75414276123047,17599.6875,E,2405.07080078125
296,297,745A6403,409,0.587568461894989,139.0785675048828,30.901060104370117,104303.0078125,E,2476.82421875
296,344,745A6403,410,4.8137993812561035,91.97785186767578,8.85149097442627,5659.8642578125,E,2445.996337890625
297,306,745A6403,411,0.047967247664928436,19.217641830444336,20.940093994140625,6618.3125,E,2450.13232421875
298,327,745A6403,412,0.26414573192596436,53.54256820678711,28.475261688232422,34097.65625,E,2450.8369140625
299,306,745A6403,413,0.12416670471429825,34.95384979248047,25.741416931152344,18190.716796875,E,2443.36474609375
299,319,745A6403,414,0.6561143398284912,142.03897094726562,29.477365493774414,96933.6875,E,2427.643798828125
300,304,745A6403,415,2.163879632949829,29.14092445373535,5.605795383453369,719.2297973632812,E,2688.77978515625
301,316,745A6403,416,0.3516450524330139,45.95077133178711,22.9565486907959,19019.359375,E,2506.328857421875
302,320,745A6403,417,0.40083643794059753,90.64370727539062,30.09471893310547,64477.4921875,E,2577.582763671875
302,336,745A6403,418,2.6687839031219482,89.57005310058594,20.30608558654785,29007.15234375,E,2601.58544921875
303,375,745A6403,419,0.5731042623519897,136.67076110839844,30.8856201171875,102394.8515625,E,2368.29638671875
304,335,745A6403,420,0.39023810625076294,83.49661254882812,29.248252868652344,56099.4453125,E,2647.628173828125
305,323,745A6403,421,0.19518136978149414,45.50605392456055,30.547115325927734,33350.28125,E,2531.0615234375
305,338,745A6403,422,7.627964019775391,53.987281799316406,12.198728561401367,6309.7255859375,E,2527.431640625
306,309,745A6403,423,0.08974768221378326,13.588924407958984,24.670940399169922,6496.00537109375,E,2438.011474609375
307,319,745A6403,424,0.14493921399116516,35.843284606933594,12.429354667663574,4349.0546875,E,2407.620361328125
307,324,745A6403,425,0.16396307945251465,30.214567184448242,27.54718780517578,18007.8046875,E,2397.842529296875
308,313,745A6403,426,0.03654848411679268,6.257641315460205,26.1649169921875,3364.645263671875,E,2406.264404296875
309,321,745A6403,427,0.23889422416687012,41.21148681640625,26.284454345703125,22361.767578125,E,2430.9658203125
309,352,745A6403,428,0.6260274648666382,87.86747741699219,22.756534576416016,35738.00390625,E,2394.75244140625
310,329,745A6403,429,0.8226262331008911,34.95384979248047,14.656900405883789,5897.5166015625,E,2391.7021484375
311,312,745A6403,430,2.8805501461029053,36.288002014160156,13.356850624084473,5084.650390625,E,2390.087890625
311,369,745A6403,431,0.45770519971847534,112.71385192871094,31.38535499572754,87200.9609375,E,2337.40625
312,391,745A6403,432,1.0989341735839844,145.96511840820312,23.356346130371094,62538.69140625,E,2321.1884765625
313,333,745A6403,433,0.29973137378692627,51.134769439697266,23.10349464416504,21436.87890625,E,2390.7294921875
313,357,745A6403,434,0.7056649327278137,107.00883483886719,24.665420532226562,51131.26953125,E,2358.787353515625
314,322,745A6403,435,0.12029703706502914,27.6225643157959,23.622478485107422,12106.115234375,E,2384.278076171875
314,330,745A6403,436,0.23872965574264526,54.17148971557617,25.469425201416016,27599.357421875,E,2374.92919921875
315,334,745A6403,437,0.2209971845149994,47.4691276550293,19.820491790771484,14646.3701171875,E,2449.765869140625
315,350,745A6403,438,0.5403088927268982,81.34932708740234,24.53972053527832,38475.39453125,E,2418.665771484375
316,351,745A6403,439,0.5394200086593628,93.60411071777344,26.355154037475586,51064.12890625,E,2448.15478515625
317,349,745A6403,440,0.4556177258491516,68.64984893798828,24.58440399169922,32587.3359375,E,2490.839599609375
318,335,745A6403,441,0.061166323721408844,22.883283615112305,26.0261287689209,12173.833984375,E,2623.985107421875
319,324,745A6403,442,0.1369064748287201,36.47220993041992,24.319316864013672,16941.611328125,E,2386.71044921875
320,338,745A6403,443,0.29518529772758484,62.5764045715332,29.157325744628906,41782.640625,E,2526.606689453125
320,341,745A6403,444,0.2527213990688324,58.4660530090332,27.333696365356445,34307.60546875,E,2535.251708984375
321,337,745A6403,445,0.18477798998355865,37.54584503173828,28.570087432861328,24069.93359375,E,2421.075439453125
321,352,745A6403,446,0.795036792755127,94.93824768066406,19.00313949584961,26926.619140625,E,2383.81982421875
322,370,745A6403,447,0.5149043798446655,92.42256164550781,26.847177505493164,52319.6875,E,2337.19970703125
323,364,745A6403,448,0.5726416110992432,128.11328125,30.080839157104492,91046.640625,E,2459.28369140625
324,329,745A6403,449,0.03232606500387192,7.331283092498779,30.11073875427246,5220.50732421875,E,2381.800537109375
325,349,745A6403,450,1.815211534500122,107.89826965332031,22.89545249938965,44422.48046875,E,2494.6845703125
326,354,745A6403,451,0.39909958839416504,65.42892456054688,25.613862991333008,33713.96484375,E,2634.299072265625
327,350,745A6403,452,1.311058521270752,77.94419860839844,12.901994705200195,10190.310546875,E,2413.43896484375
327,362,745A6403,453,0.417582631111145,77.94420623779297,27.346546173095703,45780.3046875,E,2390.885498046875
328,360,745A6403,454,1.3217889070510864,93.60411071777344,21.197397232055664,33033.140625,E,2359.506103515625
329,361,745A6403,455,0.43955686688423157,104.6010513305664,30.846574783325195,78169.9453125,E,2341.143798828125
329,407,745A6403,456,0.9787517786026001,153.9253387451172,25.000667572021484,75561.9609375,E,2322.7919921875
330,332,745A6403,457,0.017105914652347565,3.6656415462493896,29.277355194091797,2467.763671875,E,2364.5556640625
331,332,745A6403,458,9.548599243164062,38.880001068115234,3.334904432296753,339.6119384765625,E,2362.09765625
331,392,745A6403,459,0.6366370320320129,118.08206176757812,27.31075668334961,69173.7421875,E,2307.42138671875
332,348,745A6403,460,0.19721148908138275,42.100921630859375,29.223779678344727,28239.322265625,E,2343.900390625
333,374,745A6403,461,0.5156720876693726,94.75405883789062,27.10869598388672,54689.625,E,2338.244873046875
334,356,745A6403,462,0.33554667234420776,56.579280853271484,26.268817901611328,30663.966796875,E,2417.8095703125
335,342,745A6403,463,0.147804394364357,31.2882080078125,29.09088897705078,20796.228515625,E,2602.286376953125
336,340,745A6403,464,0.12239308655261993,25.030563354492188,28.600440979003906,16080.7373046875,E,2561.197265625
336,341,745A6403,465,1.7989037036895752,67.1314926147461,11.427833557128906,6885.63525390625,E,2547.453857421875
337,345,745A6403,466,0.28013429045677185,59.984413146972656,29.335521697998047,40543.00390625,E,2410.64697265625
337,377,745A6403,467,0.500166654586792,99.49333190917969,26.5245418548584,54976.82421875,E,2370.108154296875
338,418,745A6403,468,0.7233564257621765,160.9197998046875,29.889013290405273,112907.4296875,E,2428.70263671875
339,340,745A6403,469,1.2901777029037476,62.576412200927734,12.500106811523438,7679.412109375,E,2570.87646484375
339,342,745A6403,470,0.9510312676429749,43.17456817626953,11.904831886291504,4805.78564453125,E,2585.67822265625
339,353,745A6403,471,2.1912615299224854,64.53948211669922,9.785650253295898,4853.943359375,E,2561.017333984375
340,390,745A6403,472,0.41541197896003723,100.5669937133789,28.51763343811035,64235.0859375,E,2522.00146484375
341,343,745A6403,473,0.018892182037234306,3.6656415462493896,27.858898162841797,2234.43505859375,E,2526.90478515625
342,346,745A6403,474,0.056472547352313995,11.441641807556152,28.467098236083984,7282.234375,E,2583.623291015625
344,345,745A6403,475,0.012466601096093655,2.5920000076293945,28.838552474975586,1693.057861328125,E,2402.39599609375
344,404,745A6403,476,0.866411566734314,167.1774444580078,26.58171844482422,92775.5859375,E,2370.053466796875
345,366,745A6403,477,13.880172729492188,80.72040557861328,5.890345096588135,2199.65576171875,E,2370.523681640625
346,347,745A6403,478,5.63667106628418,32.17763900756836,6.434078216552734,1046.204833984375,E,2584.90625
346,353,745A6403,479,0.10152143985033035,20.920207977294922,28.710264205932617,13543.48046875,E,2568.38037109375
348,381,745A6403,480,0.734281063079834,77.94419860839844,19.179779052734375,22519.611328125,E,2307.179931640625
348,470,745A6403,481,0.7861981391906738,153.11219787597656,28.128795623779297,95148.5,E,2250.28662109375
349,424,745A6403,482,0.768860936164856,133.2972869873047,26.355234146118164,72718.5078125,E,2399.8486328125
350,363,745A6403,483,0.26856258511543274,27.6225643157959,20.840087890625,9422.21484375,E,2370.9296875
351,356,745A6403,484,0.11040735244750977,43.803489685058594,23.58991813659668,19144.828125,E,2400.292724609375
351,386,745A6403,485,0.3364028334617615,57.20820617675781,26.237802505493164,30931.654296875,E,2382.014892578125
352,367,745A6403,486,0.16575172543525696,28.69620704650879,26.291452407836914,15579.1416015625,E,2340.41357421875
353,390,745A6403,487,0.32047638297080994,68.38933563232422,29.228191375732422,45886.20703125,E,2527.63671875
354,355,745A6403,488,0.5794142484664917,18.144001007080078,15.596219062805176,3466.263671875,E,2613.047607421875
354,539,745A6403,489,1.2477515935897827,212.6519012451172,26.145309448242188,114168.6171875,E,2525.316650390625
356,359,745A6403,490,0.051211655139923096,10.99692440032959,29.287561416625977,7408.453125,E,2386.1005859375
357,370,745A6403,491,0.11534975469112396,31.2882080078125,23.82122802734375,13944.3701171875,E,2301.548095703125
357,374,745A6403,492,3.4210288524627686,78.57312774658203,8.474456787109375,4431.876953125,E,2299.63134765625
358,361,745A6403,493,1.153877854347229,29.58563995361328,11.965767860412598,3326.993896484375,E,2303.368408203125
359,376,745A6403,494,0.34181100130081177,66.686767578125,28.089614868164062,41325.78515625,E,2363.62841796875
359,385,745A6403,495,0.42335379123687744,41.65620422363281,15.643841743469238,8006.75244140625,E,2364.90087890625
360,378,745A6403,496,0.530916154384613,36.47220993041992,13.939655303955078,5566.16455078125,E,2309.70166015625
360,407,745A6403,497,0.5328251719474792,89.30953979492188,26.309236526489258,48551.671875,E,2286.2880859375
361,379,745A6403,498,0.1398715227842331,28.69620704650879,28.648738861083984,18498.025390625,E,2290.025634765625
362,363,745A6403,499,0.15836241841316223,21.809640884399414,19.69171714782715,6642.1025390625,E,2357.945068359375
362,384,745A6403,500,0.22323240339756012,35.84328079223633,25.55409049987793,18383.08984375,E,2339.050048828125
363,376,745A6403,501,0.16036516427993774,24.585847854614258,12.960000038146973,3243.28466796875,E,2351.174072265625
364,404,745A6403,502,0.24125252664089203,61.05805206298828,31.80608558654785,48512.45703125,E,2378.98046875
365,373,745A6403,503,1.1881476640701294,30.214563369750977,9.973417282104492,2360.446533203125,E,2649.84716796875
367,395,745A6403,504,0.24751628935337067,50.5058479309082,24.842670440673828,24480.939453125,E,2313.043212890625
367,396,745A6403,505,0.28572332859039307,51.76368713378906,26.94046974182129,29507.0234375,E,2305.93115234375
368,373,745A6403,506,0.45861607789993286,26.54892349243164,19.315502166748047,7779.44873046875,E,2637.538818359375
369,372,745A6403,507,1.8981118202209473,50.95056915283203,12.02845573425293,5789.734375,E,2286.152099609375
369,416,745A6403,508,0.24023322761058807,61.318565368652344,31.951431274414062,49165.734375,E,2255.8681640625
370,383,745A6403,509,0.09980761259794235,21.36492347717285,29.24418830871582,14350.609375,E,2283.82568359375
371,400,745A6403,510,0.951974093914032,114.34011840820312,23.28191375732422,48677.23046875,E,2666.557373046875
373,400,745A6403,511,0.24312521517276764,41.21148681640625,26.046831130981445,21959.2734375,E,2628.0927734375
374,405,745A6403,512,0.22358883917331696,44.87712860107422,28.33647918701172,28301.3203125,E,2275.61376953125
375,420,745A6403,513,5.067161560058594,101.01168823242188,9.623055458068848,7346.6181640625,E,2293.121337890625
375,430,745A6403,514,0.3008691072463989,68.02091979980469,30.077247619628906,48329.08203125,E,2273.906005859375
376,384,745A6403,515,0.2518464922904968,45.32184600830078,21.7789249420166,16883.8046875,E,2328.76611328125
377,380,745A6403,516,1.3909072875976562,24.401639938354492,12.303980827331543,2901.350341796875,E,2327.34326171875
377,419,745A6403,517,0.27960503101348877,53.54256820678711,27.732364654541016,32341.701171875,E,2299.85693359375
378,402,745A6403,518,1.0652824640274048,50.5058479309082,10.118551254272461,4061.32958984375,E,2293.89013671875
378,437,745A6403,519,2.793059825897217,74.90748596191406,11.553691864013672,7853.38037109375,E,2265.928466796875
379,397,745A6403,520,4.769121170043945,62.39220428466797,10.666205406188965,5574.9384765625,E,2273.23974609375
379,508,745A6403,521,0.7550620436668396,172.36143493652344,28.753084182739258,111917.71875,E,2207.4130859375
381,383,745A6403,522,0.19042053818702698,26.993640899658203,17.069101333618164,6176.9296875,E,2275.659423828125
381,411,745A6403,523,0.4851815104484558,41.65620803833008,16.34967041015625,8745.560546875,E,2256.45654296875
382,389,745A6403,524,1.2128658294677734,22.438568115234375,9.421001434326172,1564.1527099609375,E,2647.82275390625
383,387,745A6403,525,0.03759472072124481,7.776000022888184,28.756912231445312,5050.45654296875,E,2270.5390625
384,398,745A6403,526,0.07509639859199524,16.180925369262695,29.33177947998047,10933.7734375,E,2315.93310546875
385,386,745A6403,527,0.11241576820611954,20.291284561157227,20.858455657958984,6933.6787109375,E,2353.91748046875
385,399,745A6403,528,0.24928943812847137,41.65620803833008,20.948259353637695,14357.0595703125,E,2336.585205078125
386,453,745A6403,529,0.41525691747665405,79.64676666259766,27.72769546508789,48093.41015625,E,2318.935546875
387,405,745A6403,530,3.9361090660095215,80.09148406982422,8.488062858581543,4532.03662109375,E,2259.900390625
387,412,745A6403,531,0.1642945110797882,29.14092445373535,26.732666015625,16356.025390625,E,2253.403076171875
388,401,745A6403,532,1.3230876922607422,19.846567153930664,7.688530921936035,921.4292602539062,E,2696.70751953125
388,403,745A6403,533,1.5287150144577026,36.472206115722656,8.186739921569824,1919.8792724609375,E,2707.08056640625
389,394,745A6403,534,0.06671495735645294,9.923283576965332,24.394393920898438,4637.9423828125,E,2642.63037109375
389,409,745A6403,535,0.5900870561599731,59.984413146972656,21.019691467285156,20815.216796875,E,2654.26806640625
390,436,745A6403,536,0.15859055519104004,53.54256057739258,29.882570266723633,37551.296875,E,2469.881103515625
391,392,745A6403,537,3.1160054206848145,95.19877624511719,10.689448356628418,8543.4208984375,E,2256.386474609375
391,413,745A6403,538,0.13094481825828552,24.401639938354492,27.26906394958496,14251.1328125,E,2240.7880859375
392,456,745A6403,539,0.3681500256061554,77.68368530273438,29.17766571044922,51942.25390625,E,2221.04541015625
393,408,745A6403,540,0.12267225980758667,20.920207977294922,26.121179580688477,11210.92578125,E,2423.293701171875
394,409,745A6403,541,0.08304611593484879,23.512208938598633,17.749418258666992,5817.703125,E,2636.94921875
394,459,745A6403,542,0.703082263469696,156.8857421875,30.453248977661133,114272.2109375,E,2570.68115234375
395,396,745A6403,543,0.5619961023330688,56.13456726074219,15.297808647155762,10317.6005859375,E,2286.201171875
395,419,745A6403,544,0.21745052933692932,44.87712860107422,23.972938537597656,20256.177734375,E,2281.2763671875
396,402,745A6403,545,0.0505688451230526,9.923282623291016,28.073196411132812,6142.27099609375,E,2279.93505859375
398,414,745A6403,546,0.08699391782283783,19.217641830444336,25.423368453979492,9755.6484375,E,2299.879638671875
398,420,745A6403,547,0.5008262991905212,98.86441040039062,28.42278289794922,62728.23828125,E,2283.069580078125
399,406,745A6403,548,0.23986227810382843,40.58256530761719,26.0261287689209,21589.796875,E,2321.020263671875
399,417,745A6403,549,0.16419970989227295,20.736000061035156,22.745197296142578,8425.47265625,E,2315.8466796875
400,539,745A6403,550,1.0744123458862305,188.09765625,25.44469451904297,95646.203125,E,2529.523193359375
401,403,745A6403,551,0.5328692197799683,16.625642776489258,17.181840896606445,3854.852294921875,E,2693.998779296875
402,421,745A6403,552,0.13208213448524475,28.69620704650879,29.483489990234375,19591.701171875,E,2264.857421875
403,503,745A6403,553,0.524226188659668,104.93785858154297,28.294296264648438,65981.1484375,E,2657.40625
404,410,745A6403,554,0.03525823727250099,8.849641799926758,31.6856689453125,6978.16650390625,E,2346.87890625
405,446,745A6403,555,0.263865202665329,54.80040740966797,28.85442352294922,35834.26171875,E,2232.950439453125
406,415,745A6403,556,0.21340212225914001,27.6225643157959,22.94430160522461,11420.9853515625,E,2304.96337890625
406,423,745A6403,557,0.36063331365585327,26.54892349243164,15.170050621032715,4798.55908203125,E,2300.811767578125
407,488,745A6403,558,0.3260911703109741,83.12820434570312,28.9617919921875,54763.2421875,E,2217.196533203125
408,435,745A6403,559,0.24785330891609192,40.76676940917969,25.731605529785156,21199.712890625,E,2394.958251953125
408,444,745A6403,560,0.2742217481136322,46.8402099609375,17.337827682495117,11058.5478515625,E,2399.03515625
409,455,745A6403,561,0.31135502457618713,58.4660530090332,27.780485153198242,35438.3359375,E,2607.840087890625
410,418,745A6403,562,2.18379545211792,79.46256256103516,12.380599021911621,9566.119140625,E,2350.41796875
410,445,745A6403,563,0.18470260500907898,47.0244140625,31.914934158325195,37618.4765625,E,2321.77587890625
411,412,745A6403,564,0.2674475610256195,22.883283615112305,13.323287963867188,3190.296630859375,E,2241.30615234375
411,427,745A6403,565,0.07612696290016174,22.438568115234375,16.470426559448242,4780.7353515625,E,2229.3388671875
412,428,745A6403,566,0.11404433846473694,19.217641830444336,25.95571517944336,10168.478515625,E,2231.09716796875
413,416,745A6403,567,0.9762035012245178,62.836917877197266,12.61303997039795,7851.34912109375,E,2227.484130859375
413,480,745A6403,568,0.32042786478996277,73.38912963867188,26.338926315307617,39986.8984375,E,2196.760498046875
414,415,745A6403,569,0.11646487563848495,20.291284561157227,22.950424194335938,8394.23046875,E,2294.64794921875
414,443,745A6403,570,0.19242751598358154,34.32492446899414,26.805458068847656,19370.728515625,E,2275.016357421875
415,447,745A6403,571,0.34092026948928833,33.69599914550781,11.510929107666016,3506.622314453125,E,2279.4970703125
416,505,745A6403,572,0.39012980461120605,95.19877624511719,31.40233612060547,73730.15625,E,2185.047119140625
417,423,745A6403,573,0.30458903312683105,31.732921600341797,12.955917358398438,4183.46630859375,E,2300.882080078125
417,453,745A6403,574,0.2832236588001251,50.061126708984375,22.572851181030273,20033.80078125,E,2290.8310546875
418,467,745A6403,575,0.20004118978977203,51.57948684692383,32.104061126708984,41752.921875,E,2333.452392578125
419,431,745A6403,576,0.07602422684431076,14.033641815185547,27.158172607421875,8129.45361328125,E,2268.30126953125
420,430,745A6403,577,0.2918965816497803,73.83384704589844,28.344831466674805,46590.046875,E,2251.97412109375
421,429,745A6403,578,0.1284720003604889,36.91692352294922,26.158109664916992,19839.380859375,E,2250.3525390625
421,437,745A6403,579,0.11752140522003174,27.17784881591797,30.41461181640625,19745.560546875,E,2242.41650390625
422,449,745A6403,580,0.20865732431411743,23.328001022338867,22.181669235229492,9014.794921875,E,2412.420654296875
423,438,745A6403,581,0.19627171754837036,16.180925369262695,18.263051986694336,4238.77099609375,E,2285.5703125
424,457,745A6403,582,0.15341979265213013,36.027488708496094,24.021921157836914,16328.2373046875,E,2321.971435546875
424,458,745A6403,583,0.6931380033493042,48.98748779296875,12.508440971374512,6019.791015625,E,2332.09765625
425,448,745A6403,584,0.493838369846344,20.736000061035156,11.388473510742188,2112.2529296875,E,2363.03271484375
426,478,745A6403,585,1.3699294328689575,57.837127685546875,12.79808521270752,7440.234375,E,2926.794677734375
427,428,745A6403,586,0.1825590282678604,18.144001007080078,15.274431228637695,3324.704345703125,E,2221.105712890625
427,450,745A6403,587,0.14449328184127808,22.883283615112305,17.813365936279297,5702.95849609375,E,2209.76513671875
428,452,745A6403,588,0.1706622838973999,26.54892349243164,24.930139541625977,12959.4384765625,E,2210.26513671875
429,432,745A6403,589,0.24854417145252228,39.064208984375,25.11528205871582,19352.85546875,E,2255.177734375
429,442,745A6403,590,0.10553668439388275,14.033641815185547,21.270727157592773,4986.83447265625,E,2244.211669921875
430,518,745A6403,591,0.37781989574432373,86.79385375976562,30.31186294555664,62633.12890625,E,2201.06884765625
431,434,745A6403,592,0.24599966406822205,29.58563995361328,9.347527503967285,2030.3194580078125,E,2258.284423828125
431,464,745A6403,593,0.17838101089000702,32.80656433105469,27.120752334594727,18951.958984375,E,2248.5322265625
432,434,745A6403,594,0.03754768893122673,6.257641315460205,25.81114959716797,3274.275634765625,E,2254.165283203125
432,442,745A6403,595,0.43208375573158264,42.100921630859375,13.324454307556152,5870.57080078125,E,2243.2646484375
433,445,745A6403,596,1.815634846687317,30.659282684326172,11.846227645874023,3379.185546875,E,2299.866943359375
434,468,745A6403,597,0.3269449472427368,34.95384979248047,21.094863891601562,12216.2626953125,E,2240.48046875
435,444,745A6403,598,0.17818647623062134,30.214567184448242,21.132526397705078,10597.638671875,E,2375.6806640625
435,448,745A6403,599,0.2308330088853836,42.7298469543457,27.20171546936035,24832.12109375,E,2363.184326171875
436,449,745A6403,600,0.3681703209877014,89.38585662841797,31.189964294433594,68294.921875,E,2424.1279296875
436,463,745A6403,601,0.5835095643997192,146.59405517578125,31.715896606445312,115813.7734375,E,2464.682861328125
437,465,745A6403,602,0.16068251430988312,38.17477035522461,30.830171585083008,28498.248046875,E,2218.660888671875
438,451,745A6403,603,0.6336819529533386,40.58256149291992,12.05615234375,4632.8349609375,E,2272.14306640625
438,501,745A6403,604,0.498887836933136,68.20513153076172,21.139087677001953,23937.53515625,E,2254.78125
439,440,745A6403,605,1.2920265197753906,25.920000076293945,21.298189163208008,9234.4326171875,E,2684.261962890625
440,489,745A6403,606,2.9164769649505615,158.2198944091797,18.689748764038086,43406.8125,E,2666.194091796875
440,516,745A6403,607,0.3477857708930969,81.79405212402344,30.71330451965332,60598.89453125,E,2655.8701171875
441,471,745A6403,608,4.301835060119629,86.34912109375,9.79653549194336,6508.67919921875,E,2368.9111328125
441,491,745A6403,609,2.0275042057037354,48.35856628417969,11.881699562072754,5361.92138671875,E,2343.0283203125
441,495,745A6403,610,2.5411899089813232,81.79405212402344,11.391256332397461,8335.9453125,E,2331.270751953125
442,494,745A6403,611,0.5168240070343018,70.53661346435547,21.379499435424805,25322.091796875,E,2210.9384765625
443,447,745A6403,612,0.3313389718532562,26.993640899658203,16.412113189697266,5710.58154296875,E,2260.27978515625
443,529,745A6403,613,0.42986059188842773,87.86750030517578,28.61149787902832,56493.609375,E,2218.52099609375
444,596,745A6403,614,0.8054032921791077,148.55712890625,27.315635681152344,87057.46875,E,2312.51708984375
445,469,745A6403,615,0.112025186419487,28.69620704650879,31.981603622436523,23052.33203125,E,2287.380859375
446,506,745A6403,616,0.3963043987751007,82.60717010498047,28.905494689941406,54208.6328125,E,2177.752197265625
446,554,745A6403,617,1.4187437295913696,135.3366241455078,22.53599739074707,53983.22265625,E,2169.602783203125
447,451,745A6403,618,0.03054523468017578,3.6656415462493896,21.9095401763916,1381.9947509765625,E,2262.20703125
448,462,745A6403,619,0.37423938512802124,72.76020812988281,27.96019172668457,44674.953125,E,2335.921142578125
449,471,745A6403,620,0.34183555841445923,82.23876953125,31.023067474365234,62163.5703125,E,2375.6015625
450,452,745A6403,621,0.1371925175189972,21.809640884399414,17.51538848876953,5255.0634765625,E,2199.836669921875
450,466,745A6403,622,0.16998429596424103,16.180923461914062,19.54545021057129,4854.94775390625,E,2192.47509765625
451,579,745A6403,623,0.712356686592102,128.89476013183594,27.083335876464844,74255.640625,E,2205.031494140625
452,482,745A6403,624,0.19861719012260437,28.067279815673828,23.7565975189209,12441.0966796875,E,2185.385009765625
453,502,745A6403,625,0.23858068883419037,50.9505615234375,29.240291595458984,34213.875,E,2257.7041015625
454,655,745A6403,626,1.0782597064971924,215.16758728027344,28.324060440063477,135574.40625,E,2731.29150390625
455,484,745A6403,627,0.12623177468776703,31.2882080078125,31.469512939453125,24336.080078125,E,2567.231689453125
455,525,745A6403,628,2.985569477081299,126.93169403076172,11.567209243774414,13338.810546875,E,2586.82080078125
456,472,745A6403,629,0.04668772965669632,20.291284561157227,21.205415725708008,7166.26708984375,E,2179.140380859375
456,475,745A6403,630,0.10561677813529968,25.475284576416016,23.94368553161621,11470.7255859375,E,2178.43408203125
457,460,745A6403,631,0.06293654441833496,9.923283576965332,25.195463180541992,4947.54736328125,E,2305.310791015625
457,498,745A6403,632,0.3273684084415436,62.76061248779297,27.695621490478516,37809.35546875,E,2280.739013671875
458,460,745A6403,633,0.12693797051906586,17.699283599853516,23.561248779296875,7716.8876953125,E,2309.0576171875
458,461,745A6403,634,0.06765005737543106,7.331283092498779,20.838045120239258,2500.252197265625,E,2312.42724609375
459,463,745A6403,635,0.2515455186367035,63.02112579345703,31.671751022338867,49650.109375,E,2504.607177734375
459,490,745A6403,636,0.17118820548057556,29.58563995361328,22.139148712158203,11389.185546875,E,2506.04833984375
460,476,745A6403,637,0.1911287009716034,17.699283599853516,16.650028228759766,3853.678955078125,E,2296.61279296875
461,462,745A6403,638,0.19270163774490356,22.883283615112305,22.314329147338867,8949.0283203125,E,2316.1650390625
461,477,745A6403,639,0.1466962844133377,16.625642776489258,17.776630401611328,4126.36083984375,E,2303.73046875
462,483,745A6403,640,0.20712131261825562,27.622568130493164,19.66012954711914,8385.4560546875,E,2306.1328125
463,499,745A6403,641,0.16284479200839996,44.87712860107422,27.762975692749023,27167.330078125,E,2475.13720703125
464,468,745A6403,642,0.1776452362537384,19.217641830444336,18.569196701049805,5204.46630859375,E,2230.622314453125
464,479,745A6403,643,0.08954833447933197,17.699283599853516,28.12421989440918,10995.28515625,E,2227.967529296875
465,488,745A6403,644,0.2364862859249115,50.061126708984375,29.28395652770996,33717.0859375,E,2192.761474609375
465,526,745A6403,645,0.8357371091842651,66.0578384399414,17.51713752746582,15919.90625,E,2175.268798828125
466,474,745A6403,646,0.13333208858966827,13.588926315307617,20.017587661743164,4276.5986328125,E,2180.3544921875
466,481,745A6403,647,0.030694814398884773,22.883283615112305,18.378707885742188,6070.69189453125,E,2180.23486328125
467,492,745A6403,648,2.5031321048736572,85.90440368652344,10.764963150024414,7818.62548828125,E,2288.6728515625
467,513,745A6403,649,0.2112564742565155,49.43220901489258,30.81827163696289,36873.6796875,E,2287.1103515625
468,487,745A6403,650,0.12268274277448654,20.291284561157227,13.00082015991211,2693.6484375,E,2219.6962890625
469,492,745A6403,651,0.23117949068546295,35.398563385009766,20.281890869140625,11436.4814453125,E,2271.16552734375
469,510,745A6403,652,0.18829530477523804,44.87712860107422,30.897184371948242,33647.49609375,E,2253.18505859375
470,473,745A6403,653,0.016032323241233826,3.6656415462493896,25.4301700592041,1861.822998046875,E,2174.900634765625
470,474,745A6403,654,0.08588744699954987,19.217641830444336,16.279937744140625,4000.326904296875,E,2176.53955078125
471,491,745A6403,655,0.20971521735191345,48.98748779296875,30.570955276489258,35957.796875,E,2336.025146484375
472,473,745A6403,656,0.41523581743240356,84.64656066894531,28.723114013671875,54848.1796875,E,2175.146728515625
472,475,745A6403,657,0.10367331653833389,18.328208923339844,26.838424682617188,10368.6904296875,E,2166.95947265625
473,486,745A6403,658,0.05060174688696861,8.849641799926758,26.435338973999023,4857.19287109375,E,2169.686767578125
474,486,745A6403,659,0.19117258489131927,24.401639938354492,17.705196380615234,6007.7294921875,E,2168.191162109375
475,485,745A6403,660,0.061740048229694366,15.107283592224121,31.121009826660156,11491.6826171875,E,2165.4306640625
476,477,745A6403,661,0.13280309736728668,23.328001022338867,12.619842529296875,2917.9326171875,E,2293.1708984375
476,519,745A6403,662,0.3872292637825012,42.7298469543457,21.59047508239746,15643.921875,E,2269.521484375
477,483,745A6403,663,0.03871737793087959,3.6656415462493896,19.460411071777344,1090.294677734375,E,2296.2119140625
478,504,745A6403,664,1.923792839050293,37.54584884643555,17.636903762817383,9172.685546875,E,2901.6826171875
478,618,745A6403,665,0.8706137537956238,209.20205688476562,31.01968765258789,158099.5625,E,2797.521728515625
479,487,745A6403,666,0.12472308427095413,20.291284561157227,22.32793617248535,7945.04931640625,E,2215.946533203125
479,493,745A6403,667,0.06916274130344391,14.033641815185547,28.433761596679688,8911.05078125,E,2214.9716796875
480,485,745A6403,668,0.03451674431562424,8.849641799926758,32.02242660522461,7127.28369140625,E,2162.490234375
480,505,745A6403,669,0.43973246216773987,115.49005889892578,30.516210556030273,84468.6796875,E,2151.149169921875
481,482,745A6403,670,0.09036043286323547,12.960000038146973,18.65423583984375,3542.010498046875,E,2171.59521484375
481,558,745A6403,671,0.5286874175071716,76.42584991455078,21.754697799682617,28407.712890625,E,2135.57421875
482,506,745A6403,672,0.09756066650152206,26.54892349243164,24.2396240234375,12251.48046875,E,2160.77685546875
483,519,745A6403,673,0.40759557485580444,56.31876754760742,18.11988067626953,14522.912109375,E,2271.07275390625
484,490,745A6403,674,2.229616165161133,125.1528549194336,14.977901458740234,22051.21875,E,2517.365966796875
484,601,745A6403,675,0.48090407252311707,118.97149658203125,31.523784637451172,92855.90625,E,2501.4033203125
485,520,745A6403,676,0.1263531893491745,37.990562438964844,27.187654495239258,22055.103515625,E,2145.1181640625
486,605,745A6403,677,0.7055813074111938,130.15261840820312,27.4080753326416,76789.1484375,E,2108.14990234375
487,500,745A6403,678,0.09804834425449371,18.772924423217773,19.067527770996094,5360.5654296875,E,2203.993408203125
488,497,745A6403,679,0.07697797566652298,16.180925369262695,28.97121238708496,10666.6142578125,E,2172.259765625
489,525,745A6403,680,0.7709575295448303,65.79733276367188,22.83622932434082,26949.267578125,E,2588.340576171875
489,532,745A6403,681,1.3247838020324707,97.34605407714844,15.225446701049805,17723.453125,E,2610.250732421875
490,499,745A6403,682,0.31913307309150696,41.65620803833008,17.910425186157227,10494.974609375,E,2479.994384765625
491,495,745A6403,683,0.21604909002780914,50.5058479309082,30.58015251159668,37094.61328125,E,2308.76416015625
492,496,745A6403,684,0.038594938814640045,5.184000015258789,23.178329467773438,2187.3544921875,E,2258.2626953125
493,500,745A6403,685,0.10732097923755646,21.364927291870117,23.97089958190918,9641.8408203125,E,2202.61962890625
493,514,745A6403,686,0.0982343927025795,20.291284561157227,28.820693969726562,13237.5703125,E,2200.36474609375
494,526,745A6403,687,0.5704464316368103,70.98133087158203,23.012985229492188,29524.322265625,E,2164.335205078125
494,591,745A6403,688,0.4246886074542999,89.83056640625,29.113475799560547,59800.1328125,E,2138.79443359375
495,513,745A6403,689,0.22526420652866364,67.1314926147461,29.650394439697266,46352.921875,E,2278.737060546875
496,510,745A6403,690,0.676638662815094,49.43220901489258,12.485479354858398,6052.1591796875,E,2242.648193359375
496,533,745A6403,691,0.14191389083862305,37.54584884643555,23.82657241821289,16740.751953125,E,2243.752197265625
497,544,745A6403,692,0.7025098204612732,51.57948684692383,13.164094924926758,7020.1904296875,E,2146.7978515625
497,545,745A6403,693,0.39142367243766785,84.57025909423828,29.415306091308594,57471.73046875,E,2139.02587890625
498,530,745A6403,694,0.39156654477119446,72.49969482421875,27.369918823242188,42655.3046875,E,2228.213134765625
498,552,745A6403,695,0.5219197273254395,54.171485900878906,18.514286041259766,14583.9296875,E,2230.412841796875
499,619,745A6403,696,0.5203806757926941,124.96863555908203,31.012386322021484,94397.671875,E,2428.246337890625
500,511,745A6403,697,0.032258253544569016,7.776000022888184,25.328125,3917.8896484375,E,2193.337890625
501,502,745A6403,698,0.12330693006515503,18.144001007080078,19.30325698852539,5309.87255859375,E,2230.95166015625
501,551,745A6403,699,0.5336120128631592,56.76348876953125,20.18902587890625,18171.455078125,E,2204.618408203125
502,530,745A6403,700,0.07529788464307785,26.993640899658203,26.311180114746094,14676.822265625,E,2221.1083984375
503,507,745A6403,701,4.254843235015869,29.14092445373535,10.295109748840332,2425.801025390625,E,2619.08447265625
503,580,745A6403,702,0.3666341304779053,76.42584991455078,28.87864112854004,50059.16796875,E,2580.875244140625
505,508,745A6403,703,0.013429312035441399,3.6656415462493896,33.04289627075195,3143.374267578125,E,2141.45751953125
506,553,745A6403,704,0.15053220093250275,46.211280822753906,28.028976440429688,28513.62109375,E,2127.45556640625
508,517,745A6403,705,0.03254985064268112,8.849641799926758,32.971466064453125,7556.00244140625,E,2136.303955078125
509,537,745A6403,706,0.12715503573417664,26.54892349243164,28.885488510131836,17397.875,E,2755.22802734375
510,547,745A6403,707,0.17713762819766998,42.28512954711914,30.886783599853516,31682.751953125,E,2214.265869140625
511,514,745A6403,708,0.07757511734962463,19.217641830444336,24.385208129882812,8975.1748046875,E,2189.3583984375
511,567,745A6403,709,0.36080312728881836,80.01517486572266,29.766328811645508,55681.73828125,E,2157.556396484375
512,515,745A6403,710,0.023708082735538483,3.6656415462493896,24.868911743164062,1780.5469970703125,E,2403.798095703125
513,523,745A6403,711,0.09574127197265625,25.03056526184082,32.31949234008789,20534.7578125,E,2256.35107421875
514,588,745A6403,712,0.3342875838279724,79.2020492553711,30.835655212402344,59146.9921875,E,2161.650146484375
515,521,745A6403,713,2.6233010292053223,22.883283615112305,6.881385803222656,851.0597534179688,E,2396.540283203125
515,665,745A6403,714,0.8198589086532593,151.77806091308594,27.291885375976562,88790.390625,E,2337.86328125
516,531,745A6403,715,2.508229970932007,78.12841033935547,10.920255661010742,7317.529296875,E,2656.6474609375
516,532,745A6403,716,0.08304102718830109,18.772924423217773,30.042709350585938,13307.6083984375,E,2631.348876953125
517,557,745A6403,717,0.7728412747383118,73.57333374023438,21.98324203491211,27925.041015625,E,2119.0419921875
517,582,745A6403,718,0.24619823694229126,62.836917877197266,31.959495544433594,50408.59375,E,2102.63232421875
518,540,745A6403,719,0.2874537706375122,52.024200439453125,18.885543823242188,14573.177734375,E,2153.49072265625
518,541,745A6403,720,0.11133311688899994,24.401639938354492,29.632476806640625,16828.4765625,E,2148.89599609375
519,555,745A6403,721,0.22832459211349487,40.137847900390625,26.554153442382812,22228.435546875,E,2233.28173828125
520,534,745A6403,722,0.24028778076171875,33.88020324707031,20.008913040161133,10653.2685546875,E,2124.93310546875
520,548,745A6403,723,0.16433191299438477,32.361846923828125,28.037017822265625,19979.6015625,E,2115.515380859375
522,550,745A6403,724,0.2806011140346527,28.067279815673828,14.851275444030762,4862.03076171875,E,2121.406494140625
523,527,745A6403,725,0.08710381388664246,20.291284561157227,30.642236709594727,14963.74609375,E,2244.673583984375
523,556,745A6403,726,0.14039382338523865,32.80656433105469,25.685287475585938,16998.84765625,E,2234.321044921875
524,622,745A6403,727,0.49092361330986023,98.86441802978516,26.06356430053711,52746.96875,E,2670.40625
525,601,745A6403,728,0.45277029275894165,120.1530532836914,29.89780044555664,84353.515625,E,2501.85498046875
526,543,745A6403,729,0.11694081127643585,18.772924423217773,25.304800033569336,9441.208984375,E,2136.1279296875
527,533,745A6403,730,0.060859356075525284,14.033641815185547,30.348848342895508,10151.837890625,E,2234.42822265625
527,556,745A6403,731,0.042508967220783234,26.54892349243164,24.681825637817383,12702.5625,E,2227.382568359375
528,529,745A6403,732,1.954919695854187,48.803279876708984,10.107386589050293,3915.76513671875,E,2172.693603515625
529,606,745A6403,733,0.40342193841934204,80.27569580078125,28.37064552307129,50747.23828125,E,2142.548095703125
530,551,745A6403,734,0.1022820845246315,23.512208938598633,30.320785522460938,16977.12890625,E,2198.9013671875
531,542,745A6403,735,0.33438870310783386,35.398563385009766,21.72350311279297,13120.0419921875,E,2662.99365234375
531,549,745A6403,736,0.10190831869840622,17.699283599853516,26.427322387695312,9708.494140625,E,2646.334228515625
532,538,745A6403,737,0.016157519072294235,3.6656415462493896,30.124347686767578,2612.613525390625,E,2625.0205078125
533,566,745A6403,738,0.23549063503742218,54.80040740966797,30.53366470336914,40126.5234375,E,2210.76123046875
534,548,745A6403,739,0.38782012462615967,33.88020706176758,15.304171562194824,6232.404296875,E,2105.620361328125
535,562,745A6403,740,2.157257080078125,56.318763732910156,22.586814880371094,22565.91796875,E,2337.39453125
536,537,745A6403,741,0.6501608490943909,42.100921630859375,15.198915481567383,7638.47509765625,E,2763.0087890625
537,618,745A6403,742,0.3361346423625946,87.42277526855469,29.22555160522461,58646.20703125,E,2722.460205078125
538,575,745A6403,743,0.06840620934963226,42.7298469543457,26.071029663085938,22810.646484375,E,2614.210693359375
538,834,745A6403,744,1.459449291229248,349.20166015625,31.322561264038086,269079.5625,E,2458.15869140625
539,576,745A6403,745,0.2165386974811554,40.58256530761719,27.416688919067383,23958.486328125,E,2427.501708984375
540,541,745A6403,746,0.24372290074825287,32.17763900756836,17.024396896362305,7324.66064453125,E,2136.86083984375
540,559,745A6403,747,0.374142587184906,55.24512481689453,24.8243350982666,26738.626953125,E,2124.49365234375
540,574,745A6403,748,0.19930312037467957,33.25128173828125,13.245733261108398,4581.94921875,E,2118.916015625
541,578,745A6403,749,0.15367761254310608,35.84328079223633,30.541278839111328,26258.630859375,E,2120.115966796875
542,549,745A6403,750,0.1218881756067276,35.398563385009766,24.870370864868164,17196.498046875,E,2647.517578125
543,544,745A6403,751,0.10359283536672592,15.552000045776367,20.454349517822266,5110.3125,E,2126.817626953125
543,568,745A6403,752,0.12851285934448242,20.291284561157227,25.10872459411621,10047.28515625,E,2118.684326171875
544,564,745A6403,753,0.1086631566286087,17.699283599853516,17.975622177124023,4491.7275390625,E,2117.748779296875
545,550,745A6403,754,0.11165852844715118,25.475284576416016,30.19986343383789,18248.150390625,E,2112.712646484375
545,577,745A6403,755,0.35780006647109985,85.9044189453125,28.62503433227539,55283.7421875,E,2102.49658203125
546,580,745A6403,756,1.2099334001541138,108.52719116210938,22.934776306152344,44835.03125,E,2542.593994140625
547,569,745A6403,757,0.0862070620059967,37.54584884643555,16.05543327331543,7601.43994140625,E,2190.1630859375
547,590,745A6403,758,0.1313813477754593,44.248207092285156,28.301101684570312,27835.0625,E,2173.871826171875
548,599,745A6403,759,0.24227164685726166,52.468929290771484,29.568191528320312,36028.12109375,E,2078.142333984375
549,575,745A6403,760,0.18642352521419525,37.10112762451172,28.360628128051758,23437.359375,E,2621.6103515625
550,598,745A6403,761,0.4442829191684723,125.5975570678711,31.081846237182617,95298.1953125,E,2077.81982421875
551,561,745A6403,762,0.03876713663339615,9.923283576965332,31.98670768737793,7974.1494140625,E,2183.996826171875
552,555,745A6403,763,1.1274936199188232,39.95363998413086,12.618870735168457,4996.74560546875,E,2210.92333984375
552,592,745A6403,764,0.34031400084495544,50.24533462524414,24.589305877685547,23860.42578125,E,2182.768310546875
553,554,745A6403,765,0.2634996473789215,54.43199920654297,28.837623596191406,35551.921875,E,2108.399169921875
553,560,745A6403,766,0.03255733102560043,7.331283092498779,30.00188636779785,5182.830078125,E,2102.866943359375
554,559,745A6403,767,0.17480525374412537,34.32492446899414,28.05514144897461,21218.974609375,E,2111.447509765625
555,609,745A6403,768,0.2943704128265381,56.76348876953125,27.768075942993164,34375.62109375,E,2188.033935546875
556,571,745A6403,769,0.06318723410367966,14.033641815185547,29.73656463623047,9746.3466796875,E,2211.68017578125
557,583,745A6403,770,0.5991697311401367,49.43220520019531,12.79380989074707,6354.767578125,E,2087.23876953125
557,614,745A6403,771,0.3851965665817261,77.42317199707031,28.37445831298828,48957.1328125,E,2067.805908203125
558,560,745A6403,772,0.1035923957824707,26.993640899658203,23.069480895996094,11283.0615234375,E,2101.30517578125
558,615,745A6403,773,0.3767152428627014,70.53661346435547,27.38484001159668,41545.5859375,E,2072.0859375
559,608,745A6403,774,0.27809053659439087,57.39241409301758,19.579465866088867,17280.091796875,E,2090.7353515625
560,638,745A6403,775,0.3007914423942566,72.13127899169922,31.020170211791992,54513.22265625,E,2065.245361328125
561,572,745A6403,776,0.1590236872434616,25.030563354492188,22.855180740356445,10269.0400390625,E,2173.7060546875
561,585,745A6403,777,0.10488621890544891,22.883283615112305,29.68894386291504,15841.552734375,E,2169.81201171875
562,596,745A6403,778,3.4636573791503906,129.70791625976562,11.198184967041016,12774.7275390625,E,2289.8603515625
562,617,745A6403,779,0.37237998843193054,70.53661346435547,27.48967170715332,41864.27734375,E,2310.156982421875
563,643,745A6403,780,2.6299829483032227,111.74813079833984,18.019502639770508,28498.08984375,E,2438.58056640625
564,568,745A6403,781,0.0551740825176239,11.441641807556152,19.38897705078125,3378.220947265625,E,2110.53857421875
564,577,745A6403,782,0.10931447148323059,18.772924423217773,20.730897903442383,6336.62548828125,E,2101.833251953125
565,571,745A6403,783,18.514501571655273,30.659282684326172,4.510488033294678,489.890380859375,E,2210.51025390625
566,569,745A6403,784,0.03869625926017761,8.849641799926758,30.29782485961914,6380.26171875,E,2188.68798828125
566,675,745A6403,785,0.5969616770744324,104.30892181396484,24.27950096130371,48293.73828125,E,2142.172119140625
567,573,745A6403,786,0.07363039255142212,16.180925369262695,29.63111686706543,11158.0751953125,E,2124.666259765625
567,594,745A6403,787,0.11795059591531754,25.920000076293945,23.555418014526367,11295.52734375,E,2116.20458984375
568,586,745A6403,788,0.11416257917881012,19.217641830444336,26.243999481201172,10395.611328125,E,2100.118896484375
569,590,745A6403,789,0.25021690130233765,50.061126708984375,28.632055282592773,32232.615234375,E,2166.85888671875
570,629,745A6403,790,1.4094898700714111,84.83076477050781,24.8866024017334,41264.296875,E,2857.824951171875
571,713,745A6403,791,0.43434202671051025,127.82112884521484,31.618322372436523,100362.203125,E,2145.25390625
572,579,745A6403,792,0.07278091460466385,18.772924423217773,23.613733291625977,8221.5009765625,E,2156.551513671875
572,584,745A6403,793,0.0353596955537796,23.956924438476562,17.12352752685547,5517.056640625,E,2162.48046875
573,581,745A6403,794,0.08540818095207214,16.180925369262695,27.562963485717773,9654.83984375,E,2114.95703125
573,597,745A6403,795,0.04902041330933571,23.328001022338867,20.953699111938477,8044.310546875,E,2107.29833984375
574,578,745A6403,796,0.41152524948120117,33.25128173828125,14.8289213180542,5742.716796875,E,2102.966796875
574,608,745A6403,797,0.26816967129707336,37.54584884643555,24.17891502380371,17239.53125,E,2086.54736328125
575,613,745A6403,798,0.15660949051380157,39.50891876220703,31.7639102935791,31307.828125,E,2589.7265625
576,643,745A6403,799,0.5480278134346008,93.2356948852539,24.54273796081543,44108.078125,E,2407.030029296875
576,795,745A6403,800,1.0878312587738037,229.2012176513672,29.040794372558594,151818.171875,E,2309.353271484375
577,589,745A6403,801,0.06255457550287247,13.588924407958984,29.434505462646484,9246.736328125,E,2090.446044921875
578,689,745A6403,802,0.43442094326019287,107.08513641357422,31.39862823486328,82916.3984375,E,2052.89697265625
579,611,745A6403,803,0.3412812650203705,79.2020492553711,30.523466110229492,57955.4140625,E,2128.318603515625
580,751,745A6403,804,0.7391468286514282,157.14627075195312,27.630226135253906,94224.2734375,E,2484.50830078125
581,591,745A6403,805,0.09689921885728836,26.54892349243164,25.232879638671875,13276.09765625,E,2103.17236328125
581,603,745A6403,806,0.027579430490732193,20.736000061035156,19.388975143432617,6122.43994140625,E,2098.45458984375
582,583,745A6403,807,0.3329033851623535,31.104000091552734,18.83281898498535,8664.3662109375,E,2072.126953125
582,598,745A6403,808,0.08380026370286942,21.36492347717285,31.928028106689453,17105.486328125,E,2063.73779296875
583,632,745A6403,809,0.27391672134399414,55.2451286315918,28.531333923339844,35320.59375,E,2048.09912109375
584,585,745A6403,810,0.01388261467218399,2.5920000076293945,27.3282527923584,1520.36767578125,E,2159.09326171875
584,649,745A6403,811,0.325228214263916,75.09169006347656,27.106971740722656,43335.49609375,E,2123.994384765625
585,592,745A6403,812,0.07034832239151001,31.732921600341797,17.606552124023438,7725.8916015625,E,2160.45849609375
586,589,745A6403,813,0.02833622321486473,6.257641315460205,29.72296142578125,4341.94873046875,E,2088.82080078125
586,604,745A6403,814,0.24420613050460815,40.58256149291992,14.8172607421875,6997.85888671875,E,2087.4453125
587,634,745A6403,815,0.7409325242042542,54.17148971557617,23.517053604125977,23530.24609375,E,2642.270263671875
588,593,745A6403,816,0.027457835152745247,7.331283092498779,32.65511703491211,6140.056640625,E,2130.5576171875
588,594,745A6403,817,0.6277035474777222,114.86114501953125,26.515737533569336,63426.45703125,E,2120.75634765625
589,623,745A6403,818,0.03141753003001213,35.84328079223633,25.81795310974121,18764.68359375,E,2071.082763671875
590,610,745A6403,819,0.14801762998104095,36.027488708496094,31.14992332458496,27456.03515625,E,2140.44189453125
591,595,745A6403,820,0.030876178294420242,7.331283092498779,30.818267822265625,5468.7275390625,E,2093.71142578125
592,620,745A6403,821,0.12395915389060974,39.6931266784668,27.011905670166016,22746.5546875,E,2149.340576171875
593,607,745A6403,822,0.05227591097354889,14.033641815185547,32.7469596862793,11819.5859375,E,2122.75048828125
593,610,745A6403,823,0.5708998441696167,75.35220336914062,18.558191299438477,20382.486328125,E,2136.238525390625
594,597,745A6403,824,0.0696733370423317,15.107283592224121,25.638347625732422,7799.31298828125,E,2099.25439453125
595,604,745A6403,825,0.10883715003728867,36.91692352294922,29.03584098815918,24444.671875,E,2083.99267578125
595,612,745A6403,826,0.07841500639915466,17.699283599853516,30.03104591369629,12536.79296875,E,2083.50830078125
596,681,745A6403,827,0.38921406865119934,83.75713348388672,29.347429275512695,56656.7734375,E,2220.853759765625
597,603,745A6403,828,0.09846170246601105,15.107283592224121,24.712440490722656,7246.15380859375,E,2091.213623046875
598,683,745A6403,829,0.2801204323768616,75.79692077636719,32.908477783203125,64469.90234375,E,2018.6043701171875
599,605,745A6403,830,1.5809862613677979,39.95363998413086,16.182836532592773,8217.798828125,E,2054.065673828125
599,630,745A6403,831,0.14294308423995972,30.214563369750977,29.183656692504883,20210.8984375,E,2040.51708984375
600,633,745A6403,832,0.4984527826309204,29.58563995361328,14.059195518493652,4592.95068359375,E,2086.28271484375
601,740,745A6403,833,0.5143466591835022,130.33685302734375,31.85771942138672,103893.046875,E,2393.958740234375
602,625,745A6403,834,1.0960227251052856,29.14092254638672,19.064279556274414,8318.2880859375,E,2268.6962890625
603,612,745A6403,835,0.14249703288078308,26.54892349243164,21.593198776245117,9722.3388671875,E,2080.24267578125
604,623,745A6403,836,0.17296487092971802,37.54584884643555,29.548173904418945,25746.19921875,E,2065.646484375
605,639,745A6403,837,0.1542326807975769,41.65620803833008,19.82777976989746,12862.2744140625,E,2035.11181640625
606,611,745A6403,838,0.03596089035272598,30.659282684326172,24.164785385131836,14061.0498046875,E,2106.18212890625
606,633,745A6403,839,0.2138398438692093,44.432411193847656,28.802104949951172,28949.310546875,E,2087.94091796875
607,637,745A6403,840,0.4206605851650238,72.94441223144531,25.067907333374023,36001.2890625,E,2099.944580078125
607,647,745A6403,841,0.15263083577156067,49.61640930175781,29.382183074951172,33642.1171875,E,2101.046630859375
608,678,745A6403,842,0.44042566418647766,96.64083099365234,29.604585647583008,66522.4921875,E,2032.6693115234375
609,621,745A6403,843,0.02400265261530876,31.2882080078125,24.715839385986328,15011.404296875,E,2153.03857421875
609,659,745A6403,844,0.2068585753440857,49.43220901489258,25.44207763671875,25130.7265625,E,2142.010986328125
610,636,745A6403,845,0.07349187135696411,27.622568130493164,29.716157913208008,19157.51953125,E,2115.762939453125
611,657,745A6403,846,0.24729695916175842,42.54563903808594,26.69075584411621,23804.916015625,E,2086.75732421875
612,656,745A6403,847,0.2112889438867569,44.248207092285156,28.941877365112305,29109.78125,E,2056.0341796875
613,634,745A6403,848,2.226889133453369,101.45641326904297,12.581197738647461,12612.853515625,E,2602.362060546875
613,734,745A6403,849,0.36567094922065735,92.8672866821289,31.88692855834961,74161.4140625,E,2540.717041015625
614,630,745A6403,850,0.14617952704429626,26.10420799255371,26.9314022064209,14870.251953125,E,2032.7064208984375
614,632,745A6403,851,2.0678327083587646,60.87384796142578,7.957829475402832,3027.679443359375,E,2031.020263671875
615,638,745A6403,852,3.842930793762207,82.68348693847656,9.723491668701172,6139.78466796875,E,2031.508056640625
615,639,745A6403,853,0.18807418644428253,30.843490600585938,25.560792922973633,15827.125,E,2031.8121337890625
616,687,745A6403,854,2.821662664413452,86.7938461303711,10.886871337890625,8079.5087890625,E,2022.374755859375
617,665,745A6403,855,0.2258569896221161,53.726768493652344,25.876039505004883,28253.7578125,E,2279.476806640625
617,692,745A6403,856,0.7328107953071594,131.4104766845703,25.459476470947266,66898.875,E,2239.607421875
618,642,745A6403,857,0.1015542671084404,24.585847854614258,31.13971519470215,18724.24609375,E,2689.16455078125
619,624,745A6403,858,0.49094054102897644,35.843284606933594,14.962393760681152,6302.31103515625,E,2379.777587890625
619,669,745A6403,859,0.19742192327976227,51.57948684692383,32.31382369995117,42300.31640625,E,2375.578857421875
620,621,745A6403,860,0.03158331662416458,7.331283092498779,30.4713077545166,5346.28466796875,E,2141.81103515625
620,627,745A6403,861,0.026958048343658447,6.257641315460205,30.4713077545166,4563.3388671875,E,2137.98876953125
621,627,745A6403,862,0.026958048343658447,6.257641315460205,30.4713077545166,4563.3388671875,E,2139.064697265625
622,628,745A6403,863,0.14117547869682312,25.030563354492188,26.629798889160156,13941.0751953125,E,2635.428955078125
622,655,745A6403,864,0.13027310371398926,38.61948776245117,25.71335220336914,20054.587890625,E,2637.781005859375
623,626,745A6403,865,0.010989033617079258,2.5920000076293945,30.716218948364258,1920.703857421875,E,2053.73486328125
625,652,745A6403,866,0.20637251436710358,45.95077133178711,29.84677505493164,32149.7421875,E,2239.8642578125
625,715,745A6403,867,2.901407241821289,110.49029541015625,15.190196990966797,20023.5390625,E,2242.777587890625
626,653,745A6403,868,0.14632292091846466,25.47528076171875,22.68947410583496,10300.486328125,E,2041.3114013671875
626,680,745A6403,869,0.504256546497345,115.22956085205078,30.284931182861328,83005.5234375,E,2021.132568359375
627,631,745A6403,870,0.01119636744260788,2.5920000076293945,30.43048858642578,1885.13623046875,E,2134.83154296875
629,644,745A6403,871,1.8619014024734497,34.7696418762207,9.206930160522461,2314.833740234375,E,2840.447509765625
629,733,745A6403,872,0.39672037959098816,90.64369201660156,30.323833465576172,65462.96484375,E,2792.824951171875
630,660,745A6403,873,0.13243602216243744,31.288206100463867,24.81205940246582,15128.51171875,E,2014.595458984375
631,640,745A6403,874,0.0764574259519577,23.956924438476562,28.29429817199707,15063.25390625,E,2127.10595703125
631,646,745A6403,875,0.08998560905456543,18.772924423217773,29.0513916015625,12443.876953125,E,2130.191162109375
632,688,745A6403,876,0.24437803030014038,57.837127685546875,30.786632537841797,43054.7421875,E,1999.8492431640625
633,648,745A6403,877,0.1359340399503708,27.17784881591797,28.26935577392578,17058.341796875,E,2062.500732421875
634,645,745A6403,878,0.041719600558280945,9.923283576965332,30.83867645263672,7412.02294921875,E,2614.278076171875
635,662,745A6403,879,2.0534839630126953,26.993640899658203,11.912315368652344,3008.45654296875,E,2218.9765625
636,647,745A6403,880,0.1029055044054985,23.512208938598633,30.231494903564453,16877.28515625,E,2095.697021484375
636,676,745A6403,881,0.36631321907043457,90.19898223876953,31.416263580322266,69919.8671875,E,2098.36328125
637,706,745A6403,882,1.6314963102340698,64.98419952392578,10.364859580993652,5483.0791015625,E,2049.631103515625
637,721,745A6403,883,0.5193101167678833,114.34011840820312,29.732025146484375,79384.828125,E,2039.6131591796875
638,696,745A6403,884,0.22108472883701324,53.54256820678711,31.128490447998047,40747.8984375,E,2005.7767333984375
639,661,745A6403,885,0.19232313334941864,22.438568115234375,21.835559844970703,8402.599609375,E,2012.4476318359375
640,654,745A6403,886,0.29678159952163696,57.20820617675781,27.80350112915039,34733.390625,E,2106.799072265625
640,658,745A6403,887,0.07954868674278259,16.625642776489258,23.10349464416504,6969.85400390625,E,2112.971435546875
641,685,745A6403,888,2.010021924972534,88.68061065673828,21.93523406982422,33512.2109375,E,2561.941162109375
642,651,745A6403,889,9.61040210723877,40.58256149291992,7.855782985687256,1967.017822265625,E,2682.605712890625
642,699,745A6403,890,0.30255576968193054,71.16553497314453,30.665681838989258,52561.1484375,E,2642.521240234375
643,762,745A6403,891,0.5529964566230774,114.60063171386719,28.7741756439209,74521.6875,E,2356.718994140625
645,672,745A6403,892,0.17047849297523499,40.322052001953125,30.777448654174805,29998.376953125,E,2589.151123046875
645,694,745A6403,893,0.3430798053741455,53.726768493652344,19.862476348876953,16647.4375,E,2600.000244140625
646,658,745A6403,894,0.31214606761932373,34.95384979248047,17.70009422302246,8600.7451171875,E,2113.521728515625
646,659,745A6403,895,0.081364706158638,19.846567153930664,31.168142318725586,15142.4833984375,E,2122.86083984375
647,670,745A6403,896,0.09962446987628937,24.585847854614258,31.41779327392578,19060.15625,E,2075.32177734375
648,663,745A6403,897,0.19408293068408966,37.990562438964844,28.01051139831543,23410.3359375,E,2045.53125
648,684,745A6403,898,0.05182541161775589,29.58563995361328,20.810834884643555,10063.51953125,E,2039.8375244140625
649,654,745A6403,899,0.08939475566148758,18.772924423217773,28.99308204650879,12393.974609375,E,2091.764892578125
649,691,745A6403,900,0.18812307715415955,42.28512954711914,29.97564697265625,29841.091796875,E,2070.852294921875
650,693,745A6403,901,0.18983832001686096,40.137847900390625,29.105331420898438,26704.783203125,E,2749.74462890625
652,662,745A6403,902,0.08106972277164459,18.772924423217773,30.418825149536133,13642.8994140625,E,2214.412353515625
652,712,745A6403,903,1.7232643365859985,76.42584228515625,14.656646728515625,12894.3466796875,E,2199.947509765625
653,656,745A6403,904,0.5462828874588013,56.763484954833984,14.576428413391113,9472.4248046875,E,2033.6368408203125
653,722,745A6403,905,0.31603139638900757,55.689849853515625,26.818017959594727,31457.14453125,E,2005.3712158203125
654,697,745A6403,906,0.1326194703578949,37.990562438964844,19.01752281188965,10791.29296875,E,2075.28515625
655,818,745A6403,907,0.8085352182388306,162.9591827392578,28.491952896118164,103899.4296875,E,2565.26611328125
656,682,745A6403,908,0.11855972558259964,24.401639938354492,28.720178604125977,15808.2265625,E,2024.226806640625
657,684,745A6403,909,0.5230017900466919,89.57006072998047,26.392051696777344,49000.33984375,E,2045.2757568359375
657,714,745A6403,910,0.6791406273841858,73.83384704589844,20.43226432800293,24209.083984375,E,2043.6644287109375
658,718,745A6403,911,0.5218592286109924,62.576412200927734,17.495609283447266,15043.8388671875,E,2080.02490234375
659,785,745A6403,912,0.675153911113739,174.6929168701172,32.182899475097656,142107.015625,E,2091.9736328125
660,661,745A6403,913,0.19842404127120972,35.84328079223633,16.44661521911621,7614.6630859375,E,2004.6343994140625
660,671,745A6403,914,0.09641149640083313,14.033641815185547,24.086549758911133,6394.5419921875,E,1995.3843994140625
661,666,745A6403,915,0.07844768464565277,8.849641799926758,21.190109252929688,3120.915283203125,E,1999.166259765625
662,674,745A6403,916,0.09031042456626892,20.920207977294922,30.42757225036621,15212.146484375,E,2198.41455078125
663,667,745A6403,917,0.08283350616693497,17.699283599853516,29.188426971435547,11843.142578125,E,2033.4691162109375
663,705,745A6403,918,0.24300368130207062,32.17763900756836,19.450204849243164,9560.759765625,E,2021.372802734375
664,681,745A6403,919,2.979840040206909,36.47220993041992,6.2627854347229,1123.5360107421875,E,2183.30078125
665,755,745A6403,920,0.3430641293525696,75.98112487792969,29.84617042541504,53158.51171875,E,2243.876220703125
666,677,745A6403,921,0.09362787753343582,30.659282684326172,15.0825834274292,5477.76416015625,E,1993.354736328125
666,704,745A6403,922,0.10755299031734467,29.14092254638672,22.98103904724121,12087.3896484375,E,1982.32275390625
667,679,745A6403,923,0.06781923770904541,13.588926315307617,28.3323974609375,8567.2548828125,E,2024.3623046875
667,690,745A6403,924,0.16196715831756592,19.217641830444336,20.11351203918457,6106.12646484375,E,2019.8819580078125
668,685,745A6403,925,2.1184191703796387,44.692928314208984,7.71662712097168,2090.18017578125,E,2532.350341796875
669,695,745A6403,926,5.729059219360352,53.54256057739258,7.187041282653809,2172.147216796875,E,2343.187255859375
669,740,745A6403,927,0.19210201501846313,60.42912292480469,30.086078643798828,42960.3046875,E,2344.485107421875
670,706,745A6403,928,0.8715927600860596,90.0147705078125,21.457887649536133,32551.99609375,E,2047.4898681640625
670,774,745A6403,929,0.3974815905094147,100.7511978149414,31.873821258544922,80391.171875,E,2019.15087890625
671,677,745A6403,930,0.023266829550266266,3.6656415462493896,25.103622436523438,1814.3148193359375,E,1987.7020263671875
671,688,745A6403,931,2.6836037635803223,75.35220336914062,9.178583145141602,4985.826171875,E,1983.9757080078125
672,694,745A6403,932,0.33321085572242737,39.064205169677734,20.123714447021484,12424.6787109375,E,2574.987548828125
672,734,745A6403,933,0.27137231826782227,70.98133087158203,28.57562828063965,45522.4453125,E,2533.6611328125
673,715,745A6403,934,10.131853103637695,38.61948776245117,8.796472549438477,2347.002197265625,E,2241.4296875
674,754,745A6403,935,0.5414809584617615,124.7081298828125,30.33966636657715,90158.4140625,E,2142.332763671875
674,792,745A6403,936,2.6747138500213623,114.41641235351562,11.380309104919434,11638.212890625,E,2151.31201171875
675,676,745A6403,937,0.018927622586488724,5.184000015258789,33.1041259765625,4461.89306640625,E,2091.781982421875
675,713,745A6403,938,0.23798547685146332,59.984413146972656,32.31019973754883,49182.15625,E,2085.6787109375
676,716,745A6403,939,0.11007674038410187,26.993640899658203,24.92576789855957,13171.900390625,E,2077.92333984375
677,701,745A6403,940,0.09340730309486389,16.625642776489258,26.680980682373047,9295.4814453125,E,1978.68603515625
678,696,745A6403,941,0.1815692037343979,57.20820617675781,29.2540283203125,38452.0546875,E,1987.6693115234375
678,726,745A6403,942,0.49808934330940247,104.49311828613281,25.057512283325195,51529.20703125,E,1986.0784912109375
679,689,745A6403,943,0.12723281979560852,36.916927337646484,26.31798553466797,20082.634765625,E,2008.5631103515625
679,690,745A6403,944,0.0845126286149025,25.47528076171875,18.30047035217285,6700.90380859375,E,2010.8790283203125
680,686,745A6403,945,0.0897936001420021,21.36492347717285,30.843778610229492,15963.435546875,E,1990.13623046875
680,722,745A6403,946,5.382448673248291,131.6709747314453,11.109155654907227,12762.6845703125,E,1973.20556640625
681,698,745A6403,947,0.05868823826313019,12.51528263092041,29.197757720947266,8379.720703125,E,2183.47216796875
682,702,745A6403,948,0.09437540173530579,16.180925369262695,26.195526123046875,8720.6220703125,E,2005.9573974609375
682,703,745A6403,949,0.1687643826007843,32.80656433105469,22.613670349121094,13176.27734375,E,2008.13623046875
683,707,745A6403,950,0.3768043518066406,88.49641418457031,25.714885711669922,45960.50390625,E,1973.51123046875
683,750,745A6403,951,0.19632643461227417,50.9505615234375,32.24477767944336,41606.16015625,E,1958.9200439453125
684,708,745A6403,952,0.19280263781547546,37.54584884643555,21.677385330200195,13856.8837890625,E,2014.5390625
685,710,745A6403,953,0.12640069425106049,26.104204177856445,28.756914138793945,16954.49609375,E,2513.947509765625
686,687,745A6403,954,0.02253619208931923,5.184000015258789,30.328439712524414,3745.02734375,E,1984.14794921875
686,769,745A6403,955,0.4476765990257263,68.64984893798828,24.475011825561523,32297.97265625,E,1953.088134765625
687,723,745A6403,956,0.16881337761878967,38.61948776245117,30.284482955932617,27818.69140625,E,1973.581787109375
688,707,745A6403,957,0.045751653611660004,10.368000030517578,30.0712833404541,7363.57666015625,E,1969.947265625
689,726,745A6403,958,0.0820314958691597,21.36492347717285,32.2698860168457,17473.75,E,1993.6151123046875
690,705,745A6403,959,0.17911140620708466,20.291284561157227,17.735811233520508,5013.0439453125,E,2006.66845703125
691,697,745A6403,960,0.18184472620487213,26.993640899658203,20.246171951293945,8690.3486328125,E,2055.563720703125
691,714,745A6403,961,0.07693946361541748,17.254566192626953,29.947463989257812,12153.8544921875,E,2044.693603515625
692,698,745A6403,962,0.09795384109020233,24.401639938354492,24.321258544921875,11336.552734375,E,2185.112548828125
692,709,745A6403,963,0.17573602497577667,32.80656433105469,22.11874008178711,12605.8291015625,E,2194.802490234375
693,711,745A6403,964,0.1008603423833847,25.030563354492188,25.51861572265625,12801.9091796875,E,2732.21630859375
693,746,745A6403,965,0.25016388297080994,52.20840835571289,28.98381805419922,34446.21484375,E,2739.01025390625
694,700,745A6403,966,0.022278036922216415,3.6656415462493896,25.65467643737793,1894.841796875,E,2578.854248046875
696,725,745A6403,967,0.07609216868877411,18.772924423217773,31.398479461669922,14535.802734375,E,1973.199462890625
697,717,745A6403,968,0.07547574490308762,14.033641815185547,21.771780014038086,5224.541015625,E,2050.217529296875
698,736,745A6403,969,0.11938481777906418,26.548925399780273,29.84881591796875,18577.66015625,E,2167.117431640625
699,747,745A6403,970,0.27215027809143066,50.24533462524414,27.299678802490234,29410.384765625,E,2581.88916015625
699,758,745A6403,971,14.428796768188477,59.984413146972656,8.777338981628418,3629.560302734375,E,2597.755126953125
700,747,745A6403,972,0.3000209927558899,37.990562438964844,15.283276557922363,6969.4501953125,E,2568.510009765625
700,748,745A6403,973,0.26439034938812256,48.098052978515625,22.225889205932617,18661.03125,E,2554.21728515625
701,704,745A6403,974,0.10696893185377121,21.809640884399414,22.552438735961914,8712.1513671875,E,1969.0626220703125
701,724,745A6403,975,0.06723855435848236,14.033641815185547,28.872568130493164,9188.2138671875,E,1964.43896484375
702,703,745A6403,976,0.07563292980194092,12.960000038146973,23.670879364013672,5703.2666015625,E,1997.9832763671875
702,729,745A6403,977,0.11550455540418625,18.772924423217773,25.552629470825195,9627.044921875,E,1991.6002197265625
703,728,745A6403,978,0.10218989104032516,16.180923461914062,22.54427719116211,6459.00830078125,E,1989.5908203125
704,730,745A6403,979,0.11243607848882675,17.699283599853516,25.147356033325195,8790.8369140625,E,1961.4998779296875
705,708,745A6403,980,0.022101854905486107,3.6656415462493896,25.756725311279297,1909.9462890625,E,2005.3753662109375
706,727,745A6403,981,0.11889846622943878,27.6225643157959,30.481510162353516,20157.04296875,E,2013.695556640625
707,742,745A6403,982,0.1171928271651268,27.6225643157959,30.72234535217285,20476.82421875,E,1953.0780029296875
708,801,745A6403,983,0.5331358313560486,100.56697845458984,27.439302444458008,59469.109375,E,1965.8155517578125
709,737,745A6403,984,0.06840935349464417,18.144001007080078,17.844663619995117,4537.74072265625,E,2187.370361328125
709,739,745A6403,985,0.25174301862716675,48.35856628417969,22.805856704711914,19754.046875,E,2199.956298828125
710,732,745A6403,986,3.237861156463623,45.766563415527344,7.638235569000244,2097.124755859375,E,2496.55126953125
710,751,745A6403,987,0.5949594974517822,110.93498992919922,27.74879264831543,67088.2734375,E,2459.0625
713,720,745A6403,988,0.017245497554540634,5.184000015258789,34.67565155029297,4895.57958984375,E,2083.40234375
714,870,745A6403,989,0.674805760383606,166.80902099609375,31.48287010192871,129854.8046875,E,1960.441650390625
715,753,745A6403,990,0.17761898040771484,40.76676940917969,30.289186477661133,29374.5625,E,2217.26953125
716,779,745A6403,991,0.29303300380706787,60.24492645263672,29.02134895324707,39851.58203125,E,2039.649169921875
716,806,745A6403,992,0.6410877108573914,138.03656005859375,28.36527442932129,87228.4140625,E,2010.6290283203125
717,731,745A6403,993,0.10428141802549362,29.14092254638672,23.253164291381836,12375.3447265625,E,2044.7891845703125
717,992,745A6403,994,1.065864086151123,238.3876953125,30.462491989135742,173741.90625,E,1929.02978515625
718,731,745A6403,995,0.0897231251001358,16.180925369262695,26.828222274780273,9146.96484375,E,2049.903076171875
718,797,745A6403,996,1.1537522077560425,191.39486694335938,26.325227737426758,104175.234375,E,2056.11865234375
719,771,745A6403,997,2.105407238006592,128.5579833984375,25.0345458984375,63280.27734375,E,2687.03466796875
720,765,745A6403,998,0.3228122591972351,93.8646240234375,31.059253692626953,71117.0703125,E,2074.975341796875
720,784,745A6403,999,0.23047271370887756,62.392208099365234,32.954158782958984,53215.8125,E,2051.97265625
721,727,745A6403,1000,0.28126928210258484,62.836917877197266,29.920249938964844,44180.96484375,E,2000.0557861328125
721,741,745A6403,1001,0.14801310002803802,40.137847900390625,27.477243423461914,23800.73046875,E,1984.5010986328125
722,738,745A6403,1002,0.10025645047426224,19.84656524658203,28.10964012145996,12316.45703125,E,1975.2178955078125
723,750,745A6403,1003,0.23962700366973877,74.01805114746094,30.763484954833984,55017.21484375,E,1950.5443115234375
723,759,745A6403,1004,1.1132020950317383,41.65620422363281,12.75794506072998,5325.14013671875,E,1944.9351806640625
724,730,745A6403,1005,0.0693824514746666,25.475284576416016,19.810771942138672,7852.568359375,E,1954.48291015625
724,767,745A6403,1006,0.21975520253181458,42.54563903808594,27.824081420898438,25869.416015625,E,1937.1461181640625
725,735,745A6403,1007,2.8914382457733154,99.75383758544922,11.645628929138184,10625.4013671875,E,1959.6942138671875
725,744,745A6403,1008,0.07415469735860825,18.144001007080078,31.297887802124023,13958.9580078125,E,1956.0814208984375
726,749,745A6403,1009,0.08777176588773727,22.883283615112305,32.303619384765625,18754.71875,E,1973.51416015625
727,828,745A6403,1010,0.5674676299095154,129.44741821289062,28.56359100341797,82948.5703125,E,1952.4080810546875
728,729,745A6403,1011,0.059678446501493454,19.217641830444336,18.715463638305664,5286.779296875,E,1982.090087890625
728,738,745A6403,1012,0.04394010454416275,14.662566184997559,25.865575790405273,7704.49462890625,E,1976.787841796875
729,741,745A6403,1013,0.036251626908779144,12.51528263092041,26.28737449645996,6792.4267578125,E,1978.7178955078125
730,735,745A6403,1014,0.019989673048257828,3.6656415462493896,27.083335876464844,2111.758056640625,E,1952.4122314453125
731,839,745A6403,1015,0.8206142783164978,135.26036071777344,25.82184410095215,70832.890625,E,2007.2301025390625
733,746,745A6403,1016,0.05997447296977043,20.920207977294922,27.159873962402344,12120.244140625,E,2747.922119140625
733,833,745A6403,1017,3.423658609390259,194.95260620117188,19.57723617553711,58684.26953125,E,2762.8828125
734,761,745A6403,1018,0.12314794212579727,32.17763900756836,32.33641052246094,26425.771484375,E,2494.62939453125
735,770,745A6403,1019,0.21292346715927124,38.435279846191406,26.90781593322754,21856.310546875,E,1933.0743408203125
736,737,745A6403,1020,0.5413801670074463,62.836917877197266,22.332231521606445,24613.251953125,E,2165.6005859375
736,811,745A6403,1021,0.3389708995819092,84.20184326171875,31.526674270629883,65730.6328125,E,2116.546875
737,743,745A6403,1022,0.16888314485549927,28.067279815673828,25.790119171142578,14662.125,E,2182.82373046875
738,791,745A6403,1023,0.3229191303253174,67.76040649414062,28.946805953979492,44593.05078125,E,1940.6036376953125
739,743,745A6403,1024,0.021185636520385742,3.6656415462493896,26.307781219482422,1992.5457763671875,E,2188.179931640625
739,756,745A6403,1025,0.38325583934783936,74.90748596191406,27.95716094970703,45983.41796875,E,2198.9697265625
740,799,745A6403,1026,0.2668624222278595,70.79712677001953,32.57347869873047,58997.52734375,E,2301.595703125
741,780,745A6403,1027,0.22205376625061035,42.100921630859375,27.583370208740234,25158.001953125,E,1954.76416015625
742,766,745A6403,1028,0.5541974306106567,101.45641326904297,23.7335262298584,44884.24609375,E,1925.78955078125
742,777,745A6403,1029,0.17888540029525757,43.803489685058594,31.26591682434082,33631.08984375,E,1923.290771484375
743,793,745A6403,1030,1.9367130994796753,60.24491882324219,9.974552154541016,4707.57373046875,E,2161.382568359375
744,781,745A6403,1031,3.7498528957366943,81.16512298583984,13.328441619873047,11324.4755859375,E,1939.5318603515625
744,796,745A6403,1032,0.26512500643730164,64.53948974609375,31.217588424682617,49398.5390625,E,1917.9508056640625
745,788,745A6403,1033,0.2164115458726883,51.39527893066406,30.85806655883789,38437.09375,E,2841.72509765625
746,842,745A6403,1034,0.4967038035392761,114.78483581542969,30.5766658782959,84285.84375,E,2688.452880859375
747,757,745A6403,1035,0.1023029014468193,18.328208923339844,26.787399291992188,10329.302734375,E,2548.9873046875
748,763,745A6403,1036,0.27247512340545654,60.42912292480469,25.334928512573242,30463.201171875,E,2506.73388671875
748,772,745A6403,1037,0.20408037304878235,31.73292350769043,20.047908782958984,10017.0107421875,E,2526.32080078125
749,752,745A6403,1038,0.02400023117661476,6.257641315460205,32.301353454589844,5127.9287109375,E,1960.44677734375
749,775,745A6403,1039,0.4526221752166748,80.72040557861328,24.940345764160156,39434.66796875,E,1948.8741455078125
750,766,745A6403,1040,0.07598422467708588,19.217641830444336,31.79792022705078,15261.154296875,E,1926.8052978515625
751,890,745A6403,1041,0.7545894384384155,156.44102478027344,28.874969482421875,102443.3125,E,2347.71484375
752,768,745A6403,1042,0.20984484255313873,53.09783935546875,27.441287994384766,31403.330078125,E,1958.59228515625
752,817,745A6403,1043,0.2817300260066986,72.76020812988281,32.132781982421875,59003.86328125,E,1923.5157470703125
753,809,745A6403,1044,1.7724071741104126,114.15592193603516,20.67930793762207,38340.7265625,E,2171.2138671875
753,813,745A6403,1045,0.3503894805908203,86.27281951904297,31.38502311706543,66743.46875,E,2195.4560546875
754,764,745A6403,1046,0.07615794241428375,28.69620704650879,29.287559509277344,19332.17578125,E,2085.92529296875
754,773,745A6403,1047,0.15169422328472137,18.144001007080078,20.75640869140625,6139.42041015625,E,2087.85595703125
755,756,745A6403,1048,0.10130251944065094,26.54892349243164,27.377819061279297,15629.1181640625,E,2213.20361328125
755,795,745A6403,1049,0.3173229396343231,65.35261535644531,28.730382919311523,42367.77734375,E,2209.961181640625
756,863,745A6403,1050,1.997880220413208,112.89805603027344,14.925891876220703,19754.083984375,E,2162.313720703125
757,772,745A6403,1051,0.11633491516113281,23.512208938598633,28.491592407226562,14990.521484375,E,2528.77197265625
757,782,745A6403,1052,2.284115791320801,31.2882080078125,8.114213943481445,1617.9439697265625,E,2536.564453125
759,769,745A6403,1053,0.7966746091842651,36.916927337646484,11.419086456298828,3780.751708984375,E,1921.8377685546875
759,820,745A6403,1054,0.7519314289093018,71.87076568603516,16.67111587524414,15688.142578125,E,1896.6282958984375
760,785,745A6403,1055,0.39164817333221436,28.067279815673828,21.331274032592773,10030.5283203125,E,2078.1650390625
761,763,745A6403,1056,0.010053076781332493,2.5920000076293945,32.11426544189453,2099.524169921875,E,2483.105224609375
762,812,745A6403,1057,0.6144269108772278,125.5975570678711,28.86819076538086,82207.265625,E,2275.166259765625
762,861,745A6403,1058,0.4976165294647217,102.26953887939453,26.708227157592773,57296.265625,E,2308.021728515625
763,824,745A6403,1059,0.18370607495307922,63.465843200683594,27.110027313232422,36634.4609375,E,2462.006591796875
763,836,745A6403,1060,0.5448266863822937,144.55467224121094,32.6342658996582,120912.0859375,E,2418.6396484375
764,765,745A6403,1061,0.06686829030513763,17.699283599853516,32.49767303466797,14680.8125,E,2071.879638671875
764,776,745A6403,1062,0.04378899559378624,11.441641807556152,32.32040023803711,9387.10546875,E,2070.612060546875
765,914,745A6403,1063,0.7317386269569397,159.03305053710938,28.257308959960938,99733.0,E,1993.4371337890625
766,815,745A6403,1064,0.211975559592247,51.39527893066406,31.151962280273438,39172.73828125,E,1893.1524658203125
767,777,745A6403,1065,0.6767414808273315,47.28491973876953,11.580904006958008,4980.78125,E,1911.8907470703125
767,810,745A6403,1066,0.29114097356796265,46.211280822753906,25.323589324951172,23274.931640625,E,1894.4686279296875
768,801,745A6403,1067,0.2564808428287506,77.23897552490234,27.128238677978516,44644.6640625,E,1935.671875
768,947,745A6403,1068,0.8906170129776001,159.998779296875,27.413349151611328,94434.515625,E,1877.7645263671875
769,927,745A6403,1069,0.6298884749412537,150.4438934326172,29.44329261779785,102432.3671875,E,1858.1805419921875
770,796,745A6403,1070,0.3599557876586914,82.4229736328125,24.13545036315918,37709.34375,E,1904.4830322265625
770,896,745A6403,1071,0.5714519023895264,126.93169403076172,29.92206573486328,89257.1640625,E,1858.864501953125
771,787,745A6403,1072,0.20636259019374847,44.87712860107422,24.374448776245117,20940.380859375,E,2609.151123046875
771,802,745A6403,1073,0.10821273177862167,36.91692352294922,20.7237548828125,12452.3779296875,E,2613.978515625
772,824,745A6403,1074,0.3452722132205963,77.8678970336914,30.093732833862305,55386.0546875,E,2479.332275390625
773,776,745A6403,1075,0.25479206442832947,22.883283615112305,13.609021186828613,3328.60302734375,E,2073.065185546875
773,778,745A6403,1076,0.03277159854769707,13.588926315307617,17.786834716796875,3376.543701171875,E,2078.24609375
774,807,745A6403,1077,2.726689338684082,83.31241607666016,16.60648536682129,18044.923828125,E,1967.0281982421875
774,904,745A6403,1078,0.6028125286102295,152.07015991210938,31.769079208374023,120543.3203125,E,1906.767333984375
775,781,745A6403,1079,0.10573710501194,18.772924423217773,26.718883514404297,10525.880859375,E,1922.1124267578125
775,826,745A6403,1080,0.27534106373786926,62.576412200927734,22.49631690979004,24872.7265625,E,1902.697998046875
776,800,745A6403,1081,0.252623587846756,47.4691276550293,27.76705551147461,28744.900390625,E,2056.919921875
777,808,745A6403,1082,0.17910614609718323,35.398563385009766,28.232545852661133,22160.298828125,E,1889.6981201171875
778,783,745A6403,1083,0.07219886034727097,11.441641807556152,25.07504653930664,5650.17236328125,E,2078.120361328125
778,800,745A6403,1084,0.17022523283958435,24.401639938354492,18.331085205078125,6439.9912109375,E,2065.72509765625
779,784,745A6403,1085,0.42766207456588745,39.95363998413086,8.4971342086792,2265.641357421875,E,2018.6732177734375
779,851,745A6403,1086,0.28336620330810547,69.7234878540039,31.443613052368164,54141.94921875,E,1980.0653076171875
780,790,745A6403,1087,0.1333627700805664,36.91692352294922,16.501041412353516,7894.74462890625,E,1928.875732421875
780,829,745A6403,1088,0.2231195569038391,48.803279876708984,29.586177825927734,33551.86328125,E,1912.9427490234375
781,843,745A6403,1089,0.40530264377593994,79.3862533569336,24.882339477539062,38602.69140625,E,1884.7567138671875
783,789,745A6403,1090,0.404191792011261,87.86750030517578,29.593698501586914,60438.9140625,E,2090.0576171875
783,814,745A6403,1091,0.05748845264315605,32.17763900756836,13.429417610168457,4557.8330078125,E,2064.029541015625
784,825,745A6403,1092,0.1509491354227066,42.54563903808594,33.57234191894531,37662.421875,E,2003.433349609375
785,798,745A6403,1093,0.07482147216796875,17.254566192626953,30.386266708374023,12512.630859375,E,2061.72412109375
786,788,745A6403,1094,1.6311399936676025,114.78483581542969,23.653234481811523,50437.72265625,E,2872.531005859375
787,805,745A6403,1095,0.1010659784078598,31.2882080078125,25.6070556640625,16113.5,E,2588.577392578125
787,818,745A6403,1096,0.5167174339294434,120.22935485839844,28.466644287109375,76519.640625,E,2537.621826171875
788,832,745A6403,1097,0.1684684157371521,56.94769287109375,30.76331901550293,42328.453125,E,2802.576171875
789,792,745A6403,1098,0.13166368007659912,29.58563995361328,29.995086669921875,20906.0078125,E,2105.669677734375
789,850,745A6403,1099,2.409280776977539,95.19877624511719,13.12771224975586,12885.4423828125,E,2079.760009765625
790,791,745A6403,1100,0.18487203121185303,31.104000091552734,19.001195907592773,8819.98828125,E,1912.886474609375
790,893,745A6403,1101,0.46261391043663025,96.27241516113281,26.09461784362793,51486.53515625,E,1870.6668701171875
791,909,745A6403,1102,0.6042553186416626,117.37683868408203,27.970077514648438,72120.65625,E,1858.9451904296875
792,809,745A6403,1103,0.32625213265419006,49.43220901489258,26.0787410736084,26404.20703125,E,2113.39453125
793,794,745A6403,1104,0.07450351119041443,2.5920000076293945,11.796661376953125,283.2977294921875,E,2137.794189453125
793,864,745A6403,1105,1.504745364189148,56.579280853271484,10.653731346130371,5043.7177734375,E,2111.551025390625
795,823,745A6403,1106,0.08436708152294159,23.328001022338867,27.194133758544922,13549.3310546875,E,2194.0166015625
796,804,745A6403,1107,0.02107243239879608,5.184000015258789,31.36932373046875,4006.50048828125,E,1886.0589599609375
797,798,745A6403,1108,0.8973379731178284,89.75425720214844,17.59090232849121,21813.291015625,E,2036.502685546875
797,839,745A6403,1109,1.9590632915496826,162.95916748046875,22.4154052734375,64307.53125,E,1982.974609375
798,889,745A6403,1110,0.4647415578365326,105.04576873779297,30.08863067626953,74691.859375,E,2036.65478515625
799,803,745A6403,1111,0.009543054737150669,2.5920000076293945,32.96125793457031,2211.731689453125,E,2268.52783203125
799,849,745A6403,1112,3.5345866680145264,114.86113739013672,12.063299179077148,13127.8984375,E,2236.34375
800,814,745A6403,1113,0.07494796067476273,16.180925369262695,29.358991622924805,10954.0693359375,E,2050.905517578125
801,846,745A6403,1114,0.23553366959095,47.0244140625,28.22490692138672,29422.416015625,E,1914.018798828125
802,805,745A6403,1115,0.030653297901153564,6.257641315460205,28.58003044128418,4014.44873046875,E,2595.397216796875
802,819,745A6403,1116,0.6060356497764587,85.2754898071289,24.614450454711914,40578.3515625,E,2622.062255859375
803,816,745A6403,1117,1.2794954776763916,57.20820617675781,14.31518840789795,9207.5126953125,E,2279.3134765625
803,837,745A6403,1118,0.11960301548242569,32.80656433105469,33.11943054199219,28262.876953125,E,2252.386474609375
804,838,745A6403,1119,0.1275882124900818,37.10112762451172,26.71596908569336,20797.869140625,E,1870.305908203125
804,896,745A6403,1120,0.3774513304233551,96.45661926269531,29.064565658569336,63995.5234375,E,1842.3199462890625
805,862,745A6403,1121,0.26543521881103516,47.913848876953125,26.909255981445312,27249.234375,E,2572.42724609375
806,807,745A6403,1122,0.011003651656210423,2.5920000076293945,30.69580841064453,1918.152099609375,E,1953.283935546875
806,885,745A6403,1123,0.39898887276649475,93.68041229248047,25.115283966064453,46410.3515625,E,1925.3916015625
807,955,745A6403,1124,0.6322543025016785,145.62831115722656,30.36970329284668,105491.328125,E,1887.4298095703125
808,810,745A6403,1125,0.14364215731620789,32.17763900756836,12.232063293457031,3781.3203125,E,1874.359619140625
808,886,745A6403,1126,0.39183753728866577,73.20491790771484,27.34282875061035,42985.01171875,E,1839.1932373046875
809,831,745A6403,1127,0.10353147238492966,21.36492347717285,28.756912231445312,13876.365234375,E,2110.421875
810,822,745A6403,1128,0.052766501903533936,10.368000030517578,28.022174835205078,6394.234375,E,1867.192138671875
811,864,745A6403,1129,0.4897712767124176,110.49027252197266,27.995180130004883,68011.203125,E,2084.641357421875
811,889,745A6403,1130,0.2980746328830719,73.83384704589844,28.07659912109375,45712.4375,E,2046.9599609375
812,827,745A6403,1131,0.2664949297904968,56.31876754760742,25.83836555480957,29530.658203125,E,2213.9130859375
812,871,745A6403,1132,0.2947971224784851,54.6161994934082,27.512958526611328,32470.2734375,E,2205.59423828125
813,849,745A6403,1133,0.2824997901916504,71.42605590820312,31.820878982543945,56802.953125,E,2189.455810546875
813,877,745A6403,1134,16.226064682006836,64.98419952392578,8.404396057128906,3605.044921875,E,2158.6396484375
814,884,745A6403,1135,0.4182368814945221,97.26976013183594,30.49663734436035,71051.234375,E,2037.260986328125
815,821,745A6403,1136,0.031258173286914825,7.331283092498779,30.6209774017334,5398.93359375,E,1865.98388671875
815,938,745A6403,1137,0.6654344797134399,156.44102478027344,29.578733444213867,107497.8203125,E,1829.3048095703125
816,834,745A6403,1138,0.3953070640563965,32.80656433105469,15.441207885742188,6143.46240234375,E,2289.6669921875
816,837,745A6403,1139,3.27203631401062,87.86748504638672,9.772416114807129,6590.5546875,E,2257.809326171875
817,826,745A6403,1140,0.2987311780452728,37.990562438964844,19.21436309814453,11015.83984375,E,1887.4835205078125
817,866,745A6403,1141,0.16265562176704407,38.880001068115234,30.929243087768555,29211.560546875,E,1870.2548828125
818,930,745A6403,1142,0.573402464389801,120.33727264404297,28.983745574951172,79396.078125,E,2436.779296875
819,868,745A6403,1143,0.3982670307159424,75.72061157226562,27.572317123413086,45211.66796875,E,2600.327880859375
819,872,745A6403,1144,4.266969680786133,109.60083770751953,17.43098258972168,26154.564453125,E,2657.282470703125
820,821,745A6403,1145,0.19525441527366638,25.920000076293945,17.23577880859375,6047.65087890625,E,1864.2552490234375
820,942,745A6403,1146,0.843453049659729,136.1497802734375,25.25276756286621,68190.640625,E,1816.9365234375
821,917,745A6403,1147,0.31436023116111755,79.46256256103516,31.84758186340332,63300.2421875,E,1825.7064208984375
822,853,745A6403,1148,0.12200834602117538,22.883283615112305,27.39855194091797,13491.599609375,E,1851.5406494140625
822,859,745A6403,1149,0.2647061347961426,41.65620803833008,17.603151321411133,10137.9580078125,E,1852.258056640625
823,827,745A6403,1150,0.10847321897745132,21.809640884399414,22.51842498779297,8685.8916015625,E,2187.5595703125
823,844,745A6403,1151,0.09790346026420593,18.772924423217773,27.686874389648438,11302.3740234375,E,2175.308349609375
824,835,745A6403,1152,0.046791307628154755,11.441641807556152,31.2713565826416,8787.62890625,E,2440.818359375
825,851,745A6403,1153,0.25486236810684204,63.465843200683594,22.22589111328125,24623.416015625,E,1965.765625
825,919,745A6403,1154,0.3213376998901367,78.38892364501953,31.312856674194336,60365.6640625,E,1947.517578125
826,874,745A6403,1155,0.3334837555885315,71.42605590820312,25.908184051513672,37654.81640625,E,1853.47509765625
827,871,745A6403,1156,0.28422975540161133,56.31876754760742,21.112442016601562,19716.052734375,E,2181.2724609375
828,829,745A6403,1157,0.06071256101131439,25.47528076171875,18.667842864990234,6972.63818359375,E,1894.825439453125
828,852,745A6403,1158,0.0855177640914917,27.6225643157959,27.045921325683594,15869.2880859375,E,1885.2750244140625
829,852,745A6403,1159,0.07133351266384125,17.699283599853516,31.42471694946289,13727.400390625,E,1883.1737060546875
830,831,745A6403,1160,0.149601012468338,42.7298469543457,25.303180694580078,21486.78515625,E,2107.22509765625
831,850,745A6403,1161,0.07486441731452942,18.328208923339844,31.24346351623535,14051.6796875,E,2091.2138671875
832,840,745A6403,1162,0.026263277977705002,7.331283092498779,33.4102668762207,6427.31787109375,E,2771.838623046875
832,845,745A6403,1163,0.03184724971652031,8.849641799926758,33.33883285522461,7725.318359375,E,2774.359130859375
833,841,745A6403,1164,0.14472252130508423,38.435279846191406,32.595245361328125,32072.1796875,E,2716.290771484375
833,856,745A6403,1165,0.26078861951828003,67.57620239257812,32.21998596191406,55097.80859375,E,2679.06103515625
834,900,745A6403,1166,0.28780534863471985,74.64697265625,28.74443817138672,48440.62109375,E,2255.124267578125
835,906,745A6403,1167,0.7897544503211975,156.8857421875,27.9865665435791,96510.0703125,E,2375.224609375
835,963,745A6403,1168,0.42385002970695496,106.1957015991211,31.68207550048828,83719.0078125,E,2391.435791015625
836,880,745A6403,1169,0.39729946851730347,108.34297943115234,33.0285530090332,92826.0234375,E,2313.073486328125
836,906,745A6403,1170,0.2457534819841385,61.318565368652344,22.925376892089844,25311.3203125,E,2331.994873046875
837,882,745A6403,1171,0.1698847860097885,42.100921630859375,31.551733016967773,32917.58203125,E,2220.28515625
838,843,745A6403,1172,0.04959232732653618,8.849641799926758,26.77719497680664,4983.62939453125,E,1856.0780029296875
838,888,745A6403,1173,0.4840233325958252,60.42912673950195,17.070804595947266,13830.701171875,E,1833.441162109375
839,854,745A6403,1174,0.6281043291091919,21.36492347717285,13.851211547851562,3219.339111328125,E,1961.5506591796875
840,841,745A6403,1175,0.16215293109416962,58.726566314697266,32.821990966796875,49688.3203125,E,2748.4541015625
840,845,745A6403,1176,0.03166988492012024,8.849641799926758,33.42047119140625,7763.19873046875,E,2769.784423828125
841,932,745A6403,1177,0.3875174820423126,75.79692077636719,25.37254524230957,38323.8828125,E,2705.151123046875
842,847,745A6403,1178,0.0921909287571907,22.883283615112305,31.516719818115234,17852.138671875,E,2626.71435546875
842,856,745A6403,1179,0.09897136688232422,33.88020706176758,29.524822235107422,23195.86328125,E,2642.315185546875
843,860,745A6403,1180,0.06548568606376648,13.588926315307617,28.732421875,8810.884765625,E,1850.39892578125
844,863,745A6403,1181,0.6937503218650818,54.6161994934082,16.490835189819336,11665.3193359375,E,2153.41455078125
844,867,745A6403,1182,0.12297769635915756,25.030563354492188,28.50973129272461,15978.8955078125,E,2155.95361328125
845,857,745A6403,1183,0.10478775948286057,42.100929260253906,32.09849548339844,34068.3359375,E,2783.60986328125
846,870,745A6403,1184,0.10971866548061371,34.95384979248047,26.433151245117188,19181.509765625,E,1890.4095458984375
846,910,745A6403,1185,0.43085628747940063,68.64984893798828,19.832544326782227,21207.345703125,E,1869.453857421875
847,876,745A6403,1186,0.4679895341396332,119.60041809082031,31.97401237487793,96032.1953125,E,2571.904296875
847,933,745A6403,1187,2.3237462043762207,73.83384704589844,11.557580947875977,7746.03173828125,E,2589.48193359375
848,875,745A6403,1188,0.6826208829879761,29.58563995361328,15.344990730285645,5471.470703125,E,2531.345703125
849,865,745A6403,1189,0.08269097656011581,20.920207977294922,31.80375099182129,16619.29296875,E,2193.205322265625
850,883,745A6403,1190,0.15159545838832855,39.6931266784668,32.34740447998047,32620.009765625,E,2063.67138671875
851,881,745A6403,1191,0.15613974630832672,42.9140510559082,33.17477035522461,37094.13671875,E,1928.467041015625
852,858,745A6403,1192,0.024597451090812683,6.257641315460205,31.89997100830078,5001.27978515625,E,1874.0552978515625
853,859,745A6403,1193,0.12034861743450165,20.291284561157227,23.01505470275879,8441.57421875,E,1840.453857421875
853,869,745A6403,1194,0.11971133947372437,21.36492347717285,26.6955623626709,11958.298828125,E,1831.964111328125
855,879,745A6403,1195,0.49349212646484375,25.920000076293945,16.290142059326172,5402.2490234375,E,2864.74755859375
856,935,745A6403,1196,0.3557892441749573,73.83384704589844,28.58974838256836,47398.65625,E,2631.4833984375
857,879,745A6403,1197,0.4375840425491333,110.30606079101562,31.778032302856445,87486.9453125,E,2827.66015625
857,923,745A6403,1198,0.4606449604034424,92.16206359863281,28.71373748779297,59678.99609375,E,2764.16650390625
858,895,745A6403,1199,0.23347605764865875,44.248207092285156,19.526012420654297,13249.9033203125,E,1852.8162841796875
858,901,745A6403,1200,0.20342247188091278,43.17456817626953,29.209749221801758,28931.671875,E,1854.129638671875
859,869,745A6403,1201,0.14414526522159576,30.659282684326172,22.26087760925293,11932.63671875,E,1826.563232421875
860,874,745A6403,1202,0.17174892127513885,37.54584884643555,29.565439224243164,25776.29296875,E,1839.9056396484375
860,888,745A6403,1203,0.14772644639015198,36.472206115722656,24.94034767150879,17817.916015625,E,1829.8973388671875
861,890,745A6403,1204,0.18809320032596588,49.43220520019531,21.008975982666016,17136.0078125,E,2277.090576171875
861,978,745A6403,1205,0.8128435611724854,108.3429946899414,23.824445724487305,48298.796875,E,2242.704833984375
862,868,745A6403,1206,0.0953875482082367,31.732921600341797,14.858078956604004,5502.0595703125,E,2562.448974609375
862,878,745A6403,1207,0.13670334219932556,23.956924438476562,26.598045349121094,13311.296875,E,2545.02587890625
863,867,745A6403,1208,0.6142898797988892,38.435279846191406,14.048503875732422,5957.72021484375,E,2136.810791015625
864,922,745A6403,1209,0.4892726540565491,119.9688491821289,29.191513061523438,80291.8671875,E,2091.072265625
865,882,745A6403,1210,0.24022629857063293,53.726768493652344,29.983747482299805,37936.078125,E,2194.303955078125
865,918,745A6403,1211,1.5781376361846924,48.35856628417969,10.997291564941406,4593.40576171875,E,2171.818359375
866,897,745A6403,1212,0.12079194188117981,28.067283630371094,30.49913787841797,20505.263671875,E,1837.7183837890625
866,903,745A6403,1213,0.19541478157043457,44.692928314208984,18.650835037231445,12210.26953125,E,1842.990966796875
867,922,745A6403,1214,0.2199598103761673,51.134769439697266,30.53253173828125,37439.65234375,E,2120.56005859375
868,878,745A6403,1215,0.12114199995994568,32.80656814575195,25.599279403686523,16885.19921875,E,2550.138916015625
869,887,745A6403,1216,0.11073072999715805,20.291284561157227,27.029766082763672,11643.5126953125,E,1813.8182373046875
870,910,745A6403,1217,0.15365839004516602,36.472206115722656,30.81983757019043,27209.0,E,1868.4652099609375
871,1010,745A6403,1218,0.46122485399246216,102.34585571289062,29.882654190063477,71779.1796875,E,2146.0986328125
872,894,745A6403,1219,3.8608510494232178,37.54584884643555,9.381542205810547,2595.3759765625,E,2645.14453125
872,931,745A6403,1220,0.47876790165901184,91.90155029296875,27.789220809936523,55739.8046875,E,2602.8203125
873,891,745A6403,1221,0.0784781277179718,30.843490600585938,29.678739547729492,21337.537109375,E,2882.989501953125
874,939,745A6403,1222,0.3500904440879822,90.82789611816406,28.92551612854004,59685.84765625,E,1810.2938232421875
875,876,745A6403,1223,0.013546198606491089,3.6656415462493896,32.900028228759766,3116.250732421875,E,2522.37841796875
875,979,745A6403,1224,0.5891343355178833,141.96267700195312,31.283601760864258,109118.296875,E,2460.037841796875
876,945,745A6403,1225,1.461512804031372,64.53948211669922,14.53512954711914,10709.1044921875,E,2507.912353515625
878,984,745A6403,1226,0.34739458560943604,80.72040557861328,27.1983699798584,46898.5,E,2503.095703125
879,891,745A6403,1227,0.12223023921251297,29.769847869873047,31.21421241760254,22780.919921875,E,2862.098876953125
880,900,745A6403,1228,0.30271390080451965,68.20513153076172,30.182174682617188,48798.66796875,E,2243.507568359375
880,980,745A6403,1229,2.509085178375244,73.83384704589844,11.52647876739502,7704.3974609375,E,2246.861328125
881,885,745A6403,1230,0.06683231890201569,18.772924423217773,33.51231384277344,16558.869140625,E,1903.966064453125
881,915,745A6403,1231,0.10330867022275925,38.17477035522461,31.024913787841797,28859.4140625,E,1902.0074462890625
882,892,745A6403,1232,0.04021820053458214,8.849641799926758,29.670236587524414,6118.677734375,E,2198.791015625
883,907,745A6403,1233,0.10006842017173767,27.17784881591797,32.93858337402344,23158.734375,E,2032.321044921875
883,967,745A6403,1234,2.316709518432617,110.93497467041016,12.810331344604492,14298.1240234375,E,2045.7386474609375
884,907,745A6403,1235,0.10087423026561737,30.843490600585938,26.603715896606445,17145.01953125,E,2023.47900390625
884,925,745A6403,1236,0.5783705711364746,42.7298469543457,9.935319900512695,3312.721435546875,E,2008.6358642578125
885,916,745A6403,1237,0.14541345834732056,38.61948776245117,32.62528991699219,32285.32421875,E,1885.9990234375
886,887,745A6403,1238,0.028747474774718285,20.736000061035156,18.990991592407227,5873.67822265625,E,1804.409423828125
886,938,745A6403,1239,0.13942952454090118,41.21148681640625,26.276031494140625,22347.4375,E,1787.2806396484375
887,920,745A6403,1240,0.10702382028102875,23.956924438476562,29.899845123291016,16821.271484375,E,1794.3897705078125
888,929,745A6403,1241,0.13731443881988525,28.067279815673828,28.604768753051758,18037.115234375,E,1800.8668212890625
889,898,745A6403,1242,0.02634424716234207,6.257641315460205,30.825071334838867,4669.912109375,E,2011.5665283203125
890,1021,745A6403,1243,0.3868166506290436,91.53313446044922,30.76755142211914,68054.0625,E,2239.41259765625
891,899,745A6403,1244,0.02939811907708645,7.331283092498779,31.566614151000977,5737.5419921875,E,2868.445068359375
892,913,745A6403,1245,0.07192328572273254,40.137847900390625,22.608566284179688,16113.5048828125,E,2201.438232421875
892,948,745A6403,1246,0.13549618422985077,41.027278900146484,27.11395263671875,23689.083984375,E,2179.5009765625
893,902,745A6403,1247,0.14759524166584015,33.25128173828125,30.07567596435547,23622.673828125,E,1826.907470703125
893,908,745A6403,1248,0.11058718711137772,27.622568130493164,31.559127807617188,21607.470703125,E,1819.5279541015625
895,901,745A6403,1249,0.09134728461503983,26.993640899658203,25.127431869506836,13385.8994140625,E,1833.307861328125
895,902,745A6403,1250,0.09811753779649734,21.36492347717285,29.496755599975586,14599.55859375,E,1828.802978515625
896,982,745A6403,1251,0.2202938348054886,57.65291976928711,32.36196517944336,47422.1171875,E,1775.5146484375
897,903,745A6403,1252,0.12688526511192322,26.993640899658203,23.258024215698242,11468.2451171875,E,1824.580078125
897,939,745A6403,1253,0.1381174921989441,32.80656433105469,30.81486701965332,24466.46484375,E,1809.9239501953125
898,957,745A6403,1254,0.2053055614233017,49.61640930175781,31.089969635009766,37666.546875,E,1998.6864013671875
898,990,745A6403,1255,3.7613778114318848,119.60041809082031,12.250277519226074,14096.6025390625,E,1974.7755126953125
899,905,745A6403,1256,0.14291754364967346,30.659282684326172,23.912221908569336,13768.662109375,E,2879.57177734375
899,940,745A6403,1257,0.18472884595394135,34.9538459777832,28.129318237304688,21722.171875,E,2863.50244140625
900,913,745A6403,1258,0.09260126948356628,22.438568115234375,31.09889793395996,17044.13671875,E,2212.54052734375
901,904,745A6403,1259,0.05409257113933563,34.7696418762207,19.88560676574707,10798.6083984375,E,1839.081787109375
901,958,745A6403,1260,0.12810470163822174,44.24820327758789,28.32015037536621,27872.546875,E,1817.664794921875
902,1055,745A6403,1261,0.6760208606719971,148.03610229492188,26.902877807617188,84150.1640625,E,1763.4248046875
903,953,745A6403,1262,0.23313121497631073,44.432411193847656,27.54254722595215,26472.68359375,E,1812.205322265625
904,936,745A6403,1263,0.12649959325790405,26.54892349243164,29.14877700805664,17716.48046875,E,1828.22216796875
905,940,745A6403,1264,0.31163492798805237,33.25128173828125,22.006093978881836,12646.9033203125,E,2876.923828125
906,934,745A6403,1265,0.08378799259662628,20.291284561157227,31.109100341796875,15423.1943359375,E,2299.99462890625
907,924,745A6403,1266,0.04570586234331131,12.51528263092041,33.091880798339844,10763.9951171875,E,2015.21142578125
908,909,745A6403,1267,0.052512943744659424,37.990562438964844,21.926549911499023,14345.1865234375,E,1809.7701416015625
908,968,745A6403,1268,0.19315123558044434,46.39548873901367,25.786413192749023,24229.669921875,E,1792.5675048828125
909,926,745A6403,1269,0.07182490825653076,17.254566192626953,30.9509334564209,12981.9951171875,E,1801.914794921875
910,921,745A6403,1270,0.03588118031620979,8.849641799926758,31.405040740966797,6855.10791015625,E,1847.5721435546875
911,971,745A6403,1271,59.78600311279297,58.4660530090332,6.369206428527832,1862.7918701171875,E,2337.8544921875
912,966,745A6403,1272,4.40533971786499,88.68062591552734,11.24560546875,8808.142578125,E,2066.19091796875
913,948,745A6403,1273,0.18446609377861023,43.358768463134766,30.738086700439453,32175.140625,E,2183.484130859375
914,919,745A6403,1274,0.02378380112349987,21.809640884399414,20.878864288330078,7467.10302734375,E,1919.755859375
914,964,745A6403,1275,0.15207046270370483,35.398563385009766,23.24125862121582,15017.4033203125,E,1909.643310546875
915,981,745A6403,1276,0.383018434047699,80.90460968017578,29.47516632080078,55204.65234375,E,1884.7215576171875
915,995,745A6403,1277,0.36627069115638733,77.23897552490234,26.05776023864746,41190.83203125,E,1861.2149658203125
916,949,745A6403,1278,0.1568627953529358,40.76676940917969,32.22180938720703,33242.6796875,E,1856.7149658203125
916,995,745A6403,1279,2.7117812633514404,72.31548309326172,13.72229290008545,10694.845703125,E,1844.641357421875
917,989,745A6403,1280,0.4164164960384369,90.0147705078125,24.28316307067871,41688.296875,E,1774.8638916015625
917,1046,745A6403,1281,0.3970770835876465,98.86441802978516,31.659137725830078,77826.6015625,E,1743.4053955078125
919,965,745A6403,1282,0.18444973230361938,31.732921600341797,26.505067825317383,17508.85546875,E,1901.0999755859375
920,951,745A6403,1283,0.12096704542636871,22.883283615112305,27.645732879638672,13736.1328125,E,1773.7030029296875
920,952,745A6403,1284,0.1574685424566269,36.472206115722656,23.970897674560547,16459.646484375,E,1777.3779296875
921,969,745A6403,1285,0.16090217232704163,36.47220993041992,30.143186569213867,26027.369140625,E,1826.559326171875
921,970,745A6403,1286,0.25622546672821045,61.05805206298828,27.13368034362793,35306.140625,E,1835.1636962890625
922,928,745A6403,1287,0.010149601846933365,2.5920000076293945,31.961193084716797,2079.55712890625,E,2095.005126953125
923,941,745A6403,1288,0.2033897042274475,46.8402099609375,30.407678604125977,34015.37109375,E,2702.884765625
923,1059,745A6403,1289,0.7075239419937134,152.59117126464844,27.4362735748291,90213.0859375,E,2664.1181640625
924,954,745A6403,1290,0.13209056854248047,31.917129516601562,31.234622955322266,24456.046875,E,1993.675537109375
924,1041,745A6403,1291,2.5555260181427,95.82769775390625,12.541604995727539,11838.2412109375,E,1983.594482421875
925,946,745A6403,1292,0.1143312007188797,34.95384979248047,25.65176010131836,18064.22265625,E,1977.982421875
925,954,745A6403,1293,0.20655624568462372,29.769847869873047,20.307401657104492,9642.1787109375,E,1985.728759765625
926,927,745A6403,1294,0.041113920509815216,9.923283576965332,31.078489303588867,7527.748046875,E,1794.778076171875
926,956,745A6403,1295,0.07314260303974152,22.883283615112305,27.950742721557617,14040.900390625,E,1786.0196533203125
927,937,745A6403,1296,0.0842035785317421,19.846567153930664,30.75412368774414,14742.8681640625,E,1789.193603515625
928,1010,745A6403,1297,0.5736830234527588,136.1497802734375,29.121143341064453,90682.5390625,E,2101.85595703125
928,1122,745A6403,1298,0.7682271003723145,171.91671752929688,29.985013961791992,121399.390625,E,2011.2822265625
929,983,745A6403,1299,0.15993617475032806,37.990562438964844,30.821182250976562,28344.19921875,E,1770.81494140625
929,1013,745A6403,1300,1.7137190103530884,92.79097747802734,15.698004722595215,17959.099609375,E,1770.2113037109375
930,971,745A6403,1301,0.18303066492080688,41.84041213989258,30.27663803100586,30123.201171875,E,2357.382568359375
930,1003,745A6403,1302,2.556239128112793,70.79712677001953,11.275199890136719,7068.93505859375,E,2371.474365234375
931,960,745A6403,1303,0.2953130304813385,64.53948974609375,26.988433837890625,36920.7734375,E,2572.045654296875
931,984,745A6403,1304,0.5891705751419067,108.34297943115234,27.355831146240234,63678.15625,E,2513.708984375
932,941,745A6403,1305,0.017298316583037376,6.257641315460205,29.11408042907715,4165.87939453125,E,2684.705810546875
932,944,745A6403,1306,0.029441755264997482,9.923283576965332,29.1787109375,6635.55859375,E,2681.578125
933,945,745A6403,1307,2.086998701095581,80.72040557861328,10.735369682312012,7306.46337890625,E,2537.04296875
933,974,745A6403,1308,0.8133309483528137,40.76676940917969,11.764913558959961,4431.73388671875,E,2561.065673828125
934,963,745A6403,1309,0.5297538042068481,111.19548034667969,28.640689849853516,71638.0859375,E,2317.6806640625
934,1096,745A6403,1310,0.505398154258728,134.00250244140625,32.55400085449219,111535.09375,E,2229.6806640625
935,974,745A6403,1311,1.6291725635528564,60.873844146728516,12.118409156799316,7021.20751953125,E,2592.625732421875
935,998,745A6403,1312,0.12484847754240036,47.913848876953125,31.065032958984375,36315.7109375,E,2608.053955078125
936,955,745A6403,1313,3.340149402618408,76.87055969238281,9.642330169677734,5613.244140625,E,1819.0174560546875
936,958,745A6403,1314,0.07218839228153229,18.328208923339844,31.78771209716797,14545.4931640625,E,1808.17626953125
937,942,745A6403,1315,0.04631180688738823,11.441641807556152,31.418304443359375,8870.4111328125,E,1781.112548828125
937,977,745A6403,1316,0.14118699729442596,24.401639938354492,23.88197135925293,10930.732421875,E,1771.191162109375
938,950,745A6403,1317,0.032248884439468384,7.776000022888184,31.052974700927734,5889.14892578125,E,1766.465087890625
939,986,745A6403,1318,0.13936279714107513,33.25128173828125,30.89990234375,24935.177734375,E,1779.2906494140625
940,961,745A6403,1319,2.113983631134033,52.024200439453125,9.684285163879395,3832.043701171875,E,2849.2333984375
941,944,745A6403,1320,0.016858220100402832,3.6656415462493896,29.491653442382812,2504.021728515625,E,2681.817626953125
942,989,745A6403,1321,0.2926156222820282,67.3156967163086,30.4388370513916,48984.9140625,E,1761.304443359375
943,957,745A6403,1322,0.7787972688674927,49.43220520019531,14.795149803161621,8498.427734375,E,2002.1207275390625
944,998,745A6403,1323,0.3815038502216339,90.19898223876953,30.72846031188965,66891.8359375,E,2638.30322265625
945,994,745A6403,1324,0.3919321894645691,33.69599914550781,15.605574607849121,6445.07177734375,E,2493.65283203125
946,1004,745A6403,1325,0.2547076642513275,39.95363998413086,23.928035736083984,17966.369140625,E,1946.3697509765625
946,1012,745A6403,1326,0.6719158887863159,175.29025268554688,32.34502410888672,144033.203125,E,1912.1998291015625
947,953,745A6403,1327,0.04230986535549164,26.993640899658203,15.654047966003418,5195.22900390625,E,1803.4351806640625
947,987,745A6403,1328,0.16744205355644226,28.067283630371094,25.87175941467285,14755.1015625,E,1794.608642578125
948,1067,745A6403,1329,0.457120805978775,124.00291442871094,32.940277099609375,105675.984375,E,2106.258056640625
949,1000,745A6403,1330,0.24679109454154968,60.61333084106445,31.367172241210938,46839.125,E,1817.2452392578125
949,1036,745A6403,1331,4.571527004241943,102.08534240722656,9.786683082580566,7679.34814453125,E,1809.5526123046875
950,1017,745A6403,1332,0.2739032506942749,64.72368621826172,30.74343490600586,48046.07421875,E,1740.1734619140625
950,1018,745A6403,1333,0.2894825339317322,67.3156967163086,27.610584259033203,40304.859375,E,1739.5283203125
951,952,745A6403,1334,0.05731319263577461,18.144001007080078,19.055622100830078,5174.509765625,E,1763.713623046875
951,1018,745A6403,1335,0.17699295282363892,44.692928314208984,25.311426162719727,22488.57421875,E,1742.6556396484375
952,1024,745A6403,1336,0.29741376638412476,68.20513153076172,25.69789695739746,35375.4609375,E,1737.29833984375
953,991,745A6403,1337,0.24505791068077087,39.6931266784668,25.552629470825195,20355.248046875,E,1785.4554443359375
954,975,745A6403,1338,0.05446537584066391,13.588926315307617,31.585662841796875,10647.6806640625,E,1973.7548828125
955,1000,745A6403,1339,0.07473339140415192,33.25128173828125,29.001827239990234,21965.8984375,E,1808.705322265625
956,968,745A6403,1340,0.14667508006095886,26.54892349243164,27.15273094177246,15373.1845703125,E,1774.8470458984375
956,977,745A6403,1341,0.045558519661426544,31.2882080078125,17.93990707397461,7908.806640625,E,1767.1268310546875
957,1034,745A6403,1342,0.27073943614959717,61.05805206298828,30.24374008178711,43863.5546875,E,1973.454833984375
958,1079,745A6403,1343,0.3925881087779999,100.12226104736328,31.937692642211914,80209.8359375,E,1755.4937744140625
959,993,745A6403,1344,0.45275574922561646,25.475284576416016,13.94305419921875,3889.77783203125,E,1847.8248291015625
960,972,745A6403,1345,0.12696240842342377,25.475284576416016,28.314029693603516,16040.29296875,E,2595.428955078125
960,1085,745A6403,1346,3.010354995727539,96.08820343017578,10.110840797424316,7714.974609375,E,2553.77392578125
961,962,745A6403,1347,0.1550237089395523,7.331283092498779,13.837607383728027,1102.5338134765625,E,2833.406982421875
961,973,745A6403,1348,0.11913491040468216,6.257641315460205,14.456694602966309,1027.1611328125,E,2832.6240234375
962,973,745A6403,1349,0.12273113429546356,6.257641315460205,14.204976081848145,991.702880859375,E,2829.91015625
962,1023,745A6403,1350,2.3852200508117676,79.83097076416016,10.90699577331543,7458.84521484375,E,2802.063720703125
963,1016,745A6403,1351,0.030158743262290955,34.7696418762207,26.30097770690918,18890.0859375,E,2330.709228515625
964,965,745A6403,1352,0.034114815294742584,7.776000022888184,24.654611587524414,3712.294677734375,E,1891.6031494140625
964,988,745A6403,1353,0.0836634486913681,27.622568130493164,26.94046974182129,15745.7822265625,E,1882.28759765625
965,981,745A6403,1354,0.04732328653335571,13.588924407958984,24.926740646362305,6631.4111328125,E,1883.8001708984375
966,967,745A6403,1355,0.011789659969508648,2.5920000076293945,29.654926300048828,1790.270263671875,E,2030.044677734375
966,1026,745A6403,1356,1.1415154933929443,43.803489685058594,17.892282485961914,11013.619140625,E,2018.17724609375
967,1041,745A6403,1357,0.34204861521720886,82.60717010498047,31.135019302368164,62893.515625,E,1991.56640625
968,1005,745A6403,1358,0.1211349219083786,28.067279815673828,30.428630828857422,20410.564453125,E,1758.6495361328125
969,1001,745A6403,1359,0.23340699076652527,55.874053955078125,26.847843170166016,31631.43359375,E,1798.440185546875
969,1081,745A6403,1360,0.37718716263771057,85.2754898071289,30.077600479125977,60589.93359375,E,1770.8099365234375
970,985,745A6403,1361,0.08960998803377151,17.254566192626953,27.73303985595703,10422.908203125,E,1823.5045166015625
970,1014,745A6403,1362,0.2847554683685303,32.80656814575195,18.118488311767578,8458.525390625,E,1810.72900390625
971,976,745A6403,1363,0.0106467604637146,2.5920000076293945,31.20604705810547,1982.4508056640625,E,2336.6982421875
974,1030,745A6403,1364,0.6823548078536987,36.288002014160156,12.25332260131836,4279.18115234375,E,2553.36328125
975,1004,745A6403,1365,0.16690680384635925,45.95077133178711,33.17079544067383,39709.5,E,1948.3890380859375
975,1045,745A6403,1366,0.5532465577125549,55.06092834472656,15.013189315795898,9747.1884765625,E,1947.0570068359375
976,1015,745A6403,1367,0.35262322425842285,28.067279815673828,21.08587646484375,9801.0712890625,E,2327.768310546875
976,1035,745A6403,1368,0.2859179377555847,67.94461059570312,30.846450805664062,50775.62890625,E,2303.125
977,1006,745A6403,1369,0.25530606508255005,29.325130462646484,21.699779510498047,10845.2724609375,E,1748.37890625
978,1061,745A6403,1370,0.44648876786231995,84.75445556640625,27.62051773071289,50782.73046875,E,2152.39990234375
978,1062,745A6403,1371,0.39700424671173096,65.42892456054688,20.288267135620117,21151.908203125,E,2171.418212890625
979,999,745A6403,1372,0.5855552554130554,142.2994842529297,31.38703727722168,110101.65625,E,2433.885986328125
979,1016,745A6403,1373,0.34879204630851746,97.790771484375,31.027122497558594,73938.5234375,E,2356.1845703125
981,988,745A6403,1374,0.04641479253768921,9.923283576965332,29.195716857910156,6643.29541015625,E,1874.9931640625
982,983,745A6403,1375,1.0596774816513062,66.5025634765625,11.606173515319824,7035.6845703125,E,1750.243896484375
982,1024,745A6403,1376,0.1231987401843071,29.14092445373535,30.812702178955078,21729.65234375,E,1735.131591796875
983,1007,745A6403,1377,0.08314825594425201,20.291284561157227,31.241764068603516,15555.0185546875,E,1744.8043212890625
984,1072,745A6403,1378,0.44925811886787415,96.19611358642578,29.239702224731445,64594.16796875,E,2426.0927734375
985,992,745A6403,1379,0.09016076475381851,26.54892349243164,27.246614456176758,15479.6767578125,E,1817.04443359375
985,1014,745A6403,1380,0.14621807634830475,28.69620704650879,14.08251953125,4469.66650390625,E,1807.8223876953125
986,1019,745A6403,1381,0.6709260940551758,49.43220520019531,17.109399795532227,11365.0,E,1756.0274658203125
986,1038,745A6403,1382,0.15298432111740112,35.398563385009766,30.405366897583008,25702.537109375,E,1747.1038818359375
987,991,745A6403,1383,0.041176557540893555,9.923283576965332,24.702234268188477,4755.73583984375,E,1778.78662109375
987,1008,745A6403,1384,0.057829849421978,17.699283599853516,24.75156021118164,8516.294921875,E,1777.8028564453125
988,1012,745A6403,1385,0.06715385615825653,14.033641815185547,28.93379783630371,9227.2255859375,E,1866.504638671875
989,1048,745A6403,1386,0.3954452574253082,94.9382553100586,31.028282165527344,71787.1328125,E,1714.4969482421875
990,997,745A6403,1387,0.04062054678797722,9.923283576965332,31.257068634033203,7614.5068359375,E,1922.7708740234375
990,1002,745A6403,1388,0.14262868463993073,34.32492446899414,31.044342041015625,25981.509765625,E,1930.376953125
991,1025,745A6403,1389,0.04761610925197601,16.625642776489258,25.63936996459961,8583.8681640625,E,1767.902587890625
992,1009,745A6403,1390,0.040428727865219116,9.923283576965332,31.328502655029297,7649.3505859375,E,1816.114013671875
993,996,745A6403,1391,0.04106462746858597,8.849641799926758,29.364093780517578,5993.0625,E,1837.7410888671875
993,1009,745A6403,1392,0.1952471137046814,55.06092834472656,27.42300796508789,32520.9765625,E,1822.98974609375
994,999,745A6403,1393,0.023374171927571297,6.257641315460205,32.70954132080078,5258.349609375,E,2479.399169921875
994,1011,745A6403,1394,0.16307713091373444,42.100929260253906,32.15253448486328,34183.14453125,E,2493.1455078125
995,1032,745A6403,1395,1.08545982837677,22.438568115234375,10.538079261779785,1957.0772705078125,E,1818.442138671875
996,997,745A6403,1396,0.9521481990814209,229.72227478027344,31.080148696899414,174284.65625,E,1883.0687255859375
996,1042,745A6403,1397,0.7681554555892944,29.58563995361328,11.495622634887695,3070.68896484375,E,1823.5552978515625
997,1066,745A6403,1398,0.8627798557281494,52.46892166137695,10.656282424926758,4679.54345703125,E,1897.828369140625
998,1039,745A6403,1399,0.13499219715595245,31.917129516601562,30.983585357666016,24064.509765625,E,2583.73583984375
999,1047,745A6403,1400,0.13981077075004578,33.69599914550781,25.441511154174805,17129.869140625,E,2464.615234375
1000,1118,745A6403,1401,0.37386849522590637,97.5302734375,32.30113983154297,79921.7578125,E,1750.501708984375
1001,1008,745A6403,1402,0.07327313721179962,14.033641815185547,27.654802322387695,8429.4912109375,E,1773.9678955078125
1001,1056,745A6403,1403,0.41944167017936707,44.24820327758789,18.869462966918945,12373.84375,E,1757.083984375
1002,1020,745A6403,1404,0.18624866008758545,44.69292068481445,31.00795555114746,33750.0859375,E,1941.156982421875
1002,1066,745A6403,1405,0.2275051325559616,63.2053337097168,29.180072784423828,42268.453125,E,1907.1439208984375
1004,1043,745A6403,1406,0.13227300345897675,36.027488708496094,33.059906005859375,30926.23828125,E,1913.5223388671875
1005,1006,745A6403,1407,1.8311163187026978,77.68368530273438,12.465069770812988,9480.0166015625,E,1737.317626953125
1005,1055,745A6403,1408,0.17883512377738953,39.5089225769043,29.72431755065918,27416.30078125,E,1727.476318359375
1006,1064,745A6403,1409,0.4091462790966034,64.27897644042969,25.070966720581055,31732.2578125,E,1712.957275390625
1007,1027,745A6403,1410,1.1186374425888062,70.9813232421875,14.466697692871094,11667.3642578125,E,1738.3125
1007,1125,745A6403,1411,0.42160654067993164,90.0147705078125,29.4699649810791,61399.2265625,E,1694.994384765625
1008,1025,745A6403,1412,0.07828538864850998,16.180925369262695,28.777320861816406,10524.318359375,E,1765.590087890625
1009,1146,745A6403,1413,0.45061376690864563,105.5667724609375,30.624916076660156,77761.9140625,E,1769.9022216796875
1010,1107,745A6403,1414,0.3439529240131378,81.79405212402344,28.438871383666992,51956.0703125,E,2090.7568359375
1011,1030,745A6403,1415,0.23685915768146515,63.91056442260742,32.852413177490234,54174.76953125,E,2522.94189453125
1011,1052,745A6403,1416,0.15025417506694794,34.7696418762207,25.470991134643555,17716.65625,E,2492.813232421875
1012,1040,745A6403,1417,0.07539626955986023,21.36492347717285,28.355527877807617,13491.7001953125,E,1851.5662841796875
1013,1019,745A6403,1418,0.2540017366409302,8.849641799926758,9.299904823303223,601.1358032226562,E,1740.7247314453125
1013,1027,745A6403,1419,0.36403846740722656,9.923282623291016,8.9529447555542,624.7079467773438,E,1736.5147705078125
1014,1065,745A6403,1420,0.46211758255958557,50.061126708984375,21.0001220703125,17339.404296875,E,1780.208740234375
1016,1044,745A6403,1421,0.18339833617210388,45.95077133178711,31.65233039855957,36157.140625,E,2297.305419921875
1017,1046,745A6403,1422,0.13174128532409668,43.803489685058594,28.65486717224121,28248.5,E,1707.8245849609375
1017,1124,745A6403,1423,0.5039491057395935,103.97212982177734,27.773481369018555,62989.3984375,E,1683.64208984375
1018,1139,745A6403,1424,0.39493417739868164,94.56985473632812,31.021780014038086,71478.59375,E,1678.1357421875
1019,1037,745A6403,1425,0.23592029511928558,15.107283592224121,16.001008987426758,3037.8828125,E,1732.7568359375
1020,1034,745A6403,1426,0.11004706472158432,48.35856628417969,25.695493698120117,25077.095703125,E,1949.632080078125
1020,1358,745A6403,1427,1.2065523862838745,259.9367980957031,29.704524993896484,180136.984375,E,1840.3121337890625
1021,1058,745A6403,1428,0.16557756066322327,36.91692352294922,29.961071014404297,26027.35546875,E,2189.919921875
1021,1076,745A6403,1429,3.0659561157226562,115.04534912109375,11.926859855651855,12853.197265625,E,2218.9052734375
1022,1035,745A6403,1430,2.939645767211914,70.79712677001953,10.171424865722656,5752.6650390625,E,2272.147216796875
1023,1028,745A6403,1431,0.03779682517051697,6.257641315460205,16.56226921081543,1348.15625,E,2767.4130859375
1023,1029,745A6403,1432,0.12385369837284088,12.51528263092041,15.885355949401855,2480.41552734375,E,2766.210205078125
1024,1119,745A6403,1433,0.3151992857456207,79.64676666259766,31.797189712524414,63246.359375,E,1687.6463623046875
1025,1049,745A6403,1434,0.20918533205986023,43.358768463134766,28.816682815551758,28278.396484375,E,1745.8157958984375
1027,1037,745A6403,1435,0.24668483436107635,10.99692440032959,11.619778633117676,1166.156494140625,E,1729.087646484375
1028,1029,745A6403,1436,0.02893374115228653,2.5920000076293945,18.929763793945312,729.483154296875,E,2763.433349609375
1028,1089,745A6403,1437,2.0012593269348145,52.468929290771484,11.192225456237793,5162.0830078125,E,2754.506103515625
1029,1090,745A6403,1438,1.3923977613449097,68.64984893798828,13.31829833984375,9563.72265625,E,2733.449462890625
1030,1039,745A6403,1439,0.16784030199050903,47.28492736816406,33.5599365234375,41826.8203125,E,2553.466064453125
1031,1040,745A6403,1440,1.7198619842529297,59.35548782348633,11.550387382507324,6219.333984375,E,1838.616943359375
1032,1033,745A6403,1441,0.25164657831192017,2.5920000076293945,6.4187726974487305,83.8742904663086,E,1806.9591064453125
1032,1036,745A6403,1442,0.4723046123981476,13.588924407958984,5.571779251098633,331.33154296875,E,1806.21337890625
1033,1036,745A6403,1443,0.2761918902397156,3.6656415462493896,7.2861738204956055,152.84066772460938,E,1804.0889892578125
1034,1121,745A6403,1444,0.3116474449634552,75.09169006347656,31.00848388671875,56707.80078125,E,1939.6837158203125
1035,1076,745A6403,1445,0.20245175063610077,48.098052978515625,30.83595085144043,35919.64453125,E,2249.23046875
1037,1084,745A6403,1446,0.37924572825431824,52.20840835571289,24.206806182861328,24027.3203125,E,1703.90380859375
1038,1087,745A6403,1447,0.8696379661560059,62.392208099365234,16.054386138916016,12630.125,E,1717.8072509765625
1038,1103,745A6403,1448,0.26821619272232056,55.689849853515625,28.908966064453125,36553.67578125,E,1705.238525390625
1039,1051,745A6403,1449,0.07894311100244522,29.14092445373535,29.334209442138672,19694.365234375,E,2569.529541015625
1040,1054,745A6403,1450,0.0783759206533432,16.625642776489258,29.10679054260254,11062.59375,E,1833.9560546875
1041,1063,745A6403,1451,0.14957097172737122,36.027488708496094,31.052976608276367,27285.400390625,E,1940.275390625
1043,1053,745A6403,1452,0.15310519933700562,53.09784698486328,31.064638137817383,40243.83984375,E,1901.423095703125
1043,1078,745A6403,1453,0.17178460955619812,47.0244140625,33.083717346191406,40424.23828125,E,1877.959228515625
1044,1117,745A6403,1454,1.3883874416351318,53.54256057739258,14.248709678649902,8537.6845703125,E,2258.38330078125
1044,1130,745A6403,1455,0.44294583797454834,111.74811553955078,31.78858757019043,88689.5703125,E,2226.478271484375
1045,1053,745A6403,1456,0.09331920742988586,21.36492347717285,30.277416229248047,15382.5673828125,E,1917.2515869140625
1045,1063,745A6403,1457,0.1045226901769638,37.990562438964844,27.119056701660156,21943.94921875,E,1927.8070068359375
1046,1048,745A6403,1458,0.011047678999602795,3.6656415462493896,30.63458251953125,2701.865966796875,E,1697.7515869140625
1047,1052,745A6403,1459,0.08763767778873444,45.76656723022461,26.21253776550293,24697.689453125,E,2465.0478515625
1047,1077,745A6403,1460,0.1825769990682602,42.28512954711914,30.522329330444336,30939.47265625,E,2433.46533203125
1048,1195,745A6403,1461,0.5091944336891174,120.41357421875,30.76214027404785,89494.9296875,E,1645.3121337890625
1049,1075,745A6403,1462,0.14459647238254547,30.843490600585938,29.230411529541016,20697.755859375,E,1720.718505859375
1049,1111,745A6403,1463,0.521833598613739,50.5058479309082,18.71075439453125,13887.181640625,E,1710.726318359375
1050,1106,745A6403,1464,2.217224597930908,101.64061737060547,20.415081024169922,33270.50390625,E,1843.2064208984375
1051,1060,745A6403,1465,0.09973233938217163,23.956924438476562,30.952064514160156,18026.03515625,E,2581.577392578125
1051,1092,745A6403,1466,0.053117960691452026,28.511999130249023,19.878801345825195,8849.0771484375,E,2566.294677734375
1052,1156,745A6403,1467,0.277329683303833,74.278564453125,32.776119232177734,62671.265625,E,2461.073974609375
1053,1110,745A6403,1468,0.06612248718738556,33.69599914550781,18.48415756225586,9042.0634765625,E,1894.684326171875
1054,1159,745A6403,1469,0.3479960858821869,87.42277526855469,25.893468856811523,46035.72265625,E,1799.7529296875
1054,1194,745A6403,1470,0.5337206125259399,128.5579833984375,31.124935150146484,97815.0859375,E,1767.923583984375
1055,1069,745A6403,1471,0.05701548233628273,11.441641807556152,28.303821563720703,7198.9375,E,1704.3079833984375
1056,1081,745A6403,1472,0.5413811206817627,48.35856628417969,13.681983947753906,7109.8662109375,E,1732.6138916015625
1056,1120,745A6403,1473,0.3229731321334839,51.134769439697266,25.160049438476562,25423.13671875,E,1712.7994384765625
1057,1072,745A6403,1474,3.286670684814453,76.87055969238281,10.744244575500488,6969.5009765625,E,2357.7265625
1058,1062,745A6403,1475,0.18731693923473358,37.36164093017578,23.42800521850586,16105.9521484375,E,2161.662353515625
1058,1170,745A6403,1476,0.36094918847084045,79.46256256103516,29.67873764038086,54972.22265625,E,2147.819580078125
1059,1060,745A6403,1477,0.0479746013879776,12.960000038146973,32.852413177490234,10985.7431640625,E,2591.146484375
1059,1090,745A6403,1478,0.6423172354698181,171.8851318359375,32.72049331665039,144533.296875,E,2649.36083984375
1060,1091,745A6403,1479,0.08426342904567719,27.17784881591797,29.8114013671875,18970.10546875,E,2574.4482421875
1061,1070,745A6403,1480,0.034841738641262054,7.331283092498779,28.98822021484375,4838.52490234375,E,2107.8251953125
1061,1082,745A6403,1481,0.17284579575061798,37.54584503173828,23.831432342529297,16747.580078125,E,2114.872314453125
1062,1071,745A6403,1482,0.036124151200056076,6.257641315460205,26.28056526184082,3394.4541015625,E,2146.956787109375
1063,1097,745A6403,1483,0.10426938533782959,37.10112762451172,27.64314079284668,22266.490234375,E,1909.5345458984375
1064,1086,745A6403,1484,2.9004688262939453,108.60350036621094,12.164031982421875,12620.85546875,E,1687.27880859375
1064,1123,745A6403,1485,1.0919418334960938,47.0244140625,19.401220321655273,13901.810546875,E,1669.7474365234375
1065,1088,745A6403,1486,0.37272152304649353,34.9538459777832,12.95591926574707,4608.09423828125,E,1752.469482421875
1065,1145,745A6403,1487,0.32615652680397034,57.20820617675781,22.82158851623535,23401.296875,E,1739.2244873046875
1066,1106,745A6403,1488,0.15380623936653137,34.509132385253906,29.964780807495117,24335.828125,E,1862.0911865234375
1067,1093,745A6403,1489,2.3952724933624268,39.064208984375,18.949037551879883,11016.4892578125,E,2051.3017578125
1067,1157,745A6403,1490,0.2907494902610779,78.94153594970703,32.95700454711914,67342.765625,E,2008.4005126953125
1068,1073,745A6403,1491,0.15001726150512695,16.180925369262695,20.7428035736084,5467.9951171875,E,1708.7935791015625
1068,1074,745A6403,1492,0.11546580493450165,13.588924407958984,21.658506393432617,5006.47412109375,E,1705.8642578125
1068,1094,745A6403,1493,0.20219199359416962,16.625642776489258,15.613229751586914,3183.126220703125,E,1699.1893310546875
1069,1080,745A6403,1494,0.0504288524389267,12.51528263092041,26.562898635864258,6935.55859375,E,1697.3388671875
1069,1086,745A6403,1495,0.08148492872714996,16.180925369262695,28.161638259887695,10078.8056640625,E,1692.115478515625
1070,1107,745A6403,1496,0.12070837616920471,34.95384979248047,26.05411720275879,18635.353515625,E,2088.598876953125
1070,1115,745A6403,1497,0.44160160422325134,31.73292350769043,14.886140823364258,5522.8623046875,E,2095.33251953125
1071,1082,745A6403,1498,0.21469557285308838,34.95384979248047,25.539018630981445,17905.78125,E,2134.181884765625
1071,1108,745A6403,1499,0.10608822107315063,25.03056526184082,23.913070678710938,11241.6806640625,E,2138.98486328125
1072,1160,745A6403,1500,0.29440078139305115,81.53353118896484,29.423982620239258,55440.7421875,E,2339.05615234375
1073,1079,745A6403,1501,0.363026887178421,36.91692352294922,17.814897537231445,9201.99609375,E,1709.8111572265625
1073,1094,745A6403,1502,0.1619795709848404,21.809640884399414,8.000504493713379,1096.410400390625,E,1697.556884765625
1074,1080,745A6403,1503,0.12578347325325012,26.993640899658203,20.63395118713379,9026.4326171875,E,1700.013916015625
1074,1098,745A6403,1504,0.04430871829390526,15.552000045776367,15.296881675720215,2858.129638671875,E,1694.75
1075,1087,745A6403,1505,0.12618140876293182,27.622568130493164,29.583492279052734,18986.845703125,E,1701.51123046875
1075,1111,745A6403,1506,0.15463724732398987,29.769847869873047,23.634140014648438,13060.087890625,E,1698.7646484375
1076,1201,745A6403,1507,0.42222458124160767,105.93518829345703,31.63224220275879,83251.1171875,E,2176.612548828125
1077,1134,745A6403,1508,0.27774614095687866,72.05497741699219,32.21054458618164,58715.125,E,2382.01123046875
1077,1141,745A6403,1509,0.5538273453712463,48.35856628417969,20.922822952270508,16626.615234375,E,2402.81640625
1078,1148,745A6403,1510,0.41108274459838867,108.971923828125,32.54513168334961,90651.8203125,E,1821.2337646484375
1078,1197,745A6403,1511,0.4318373203277588,100.12225341796875,28.381980895996094,63344.0625,E,1813.6165771484375
1079,1228,745A6403,1512,0.490447074174881,121.30299377441406,31.466020584106445,94328.9609375,E,1655.13330078125
1080,1102,745A6403,1513,0.1291690319776535,17.699283599853516,23.6837100982666,7797.31494140625,E,1688.1405029296875
1081,1100,745A6403,1514,0.06079743802547455,12.960000038146973,29.219528198242188,8690.4296875,E,1723.858154296875
1082,1101,745A6403,1515,0.08908889442682266,12.960000038146973,21.662588119506836,4776.5634765625,E,2117.05078125
1083,1132,745A6403,1516,1.4880342483520508,44.87712860107422,11.033348083496094,4290.71435546875,E,2536.790283203125
1084,1099,745A6403,1517,0.052004314959049225,10.99692440032959,29.073259353637695,7300.43212890625,E,1679.0347900390625
1084,1103,745A6403,1518,0.37679243087768555,50.95056915283203,16.905826568603516,11436.990234375,E,1677.9842529296875
1085,1132,745A6403,1519,0.3678758442401886,40.58256912231445,24.2124080657959,18685.529296875,E,2522.186767578125
1085,1175,745A6403,1520,0.656996488571167,140.26011657714844,29.2640438079834,94339.328125,E,2456.23876953125
1086,1199,745A6403,1521,0.3865363597869873,88.05169677734375,30.218229293823242,63148.87890625,E,1645.8629150390625
1087,1104,745A6403,1522,0.04572790116071701,9.923283576965332,29.389606475830078,6731.8251953125,E,1689.850341796875
1088,1105,745A6403,1523,0.6570181846618652,51.134769439697266,15.245859146118164,9334.90625,E,1737.0584716796875
1088,1127,745A6403,1524,0.4438343942165375,42.7298469543457,15.75201416015625,8327.0927734375,E,1722.864990234375
1089,1090,745A6403,1525,0.16882450878620148,43.17456817626953,32.007118225097656,34738.49609375,E,2723.482421875
1089,1095,745A6403,1526,0.02430380880832672,6.257641315460205,32.097259521484375,5063.33251953125,E,2741.3876953125
1091,1092,745A6403,1527,0.031470444053411484,7.331283092498779,30.450897216796875,5339.12451171875,E,2558.392578125
1091,1246,745A6403,1528,0.7257005572319031,166.28802490234375,30.622085571289062,122467.3671875,E,2576.043701171875
1092,1226,745A6403,1529,0.553791880607605,145.36785888671875,32.400238037109375,119854.5859375,E,2488.2646484375
1094,1098,745A6403,1530,0.20207428932189941,16.180925369262695,17.9058895111084,4074.6005859375,E,1687.38330078125
1095,1116,745A6403,1531,0.15935996174812317,39.064205169677734,31.36057472229004,30174.279296875,E,2751.460693359375
1095,1137,745A6403,1532,4.683722019195557,148.925537109375,19.24713134765625,43330.23828125,E,2792.818115234375
1096,1130,745A6403,1533,0.4166033864021301,48.803279876708984,22.61052703857422,19595.677734375,E,2179.78173828125
1096,1142,745A6403,1534,0.07980944216251373,38.61948776245117,22.399370193481445,15218.3642578125,E,2151.96240234375
1097,1110,745A6403,1535,0.0780007392168045,20.291284561157227,32.28264236450195,16608.7734375,E,1886.9779052734375
1097,1131,745A6403,1536,0.26149752736091614,61.947486877441406,30.7978572845459,46148.1796875,E,1895.3673095703125
1098,1102,745A6403,1537,0.15744759142398834,21.809640884399414,17.12352752685547,5022.55712890625,E,1683.063720703125
1099,1135,745A6403,1538,0.16939711570739746,31.917129516601562,27.4445858001709,18881.08984375,E,1661.7235107421875
1099,1151,745A6403,1539,0.7378300428390503,69.27877044677734,16.129743576049805,14156.14453125,E,1653.801513671875
1100,1105,745A6403,1540,0.14848877489566803,24.401639938354492,22.610754013061523,9798.03515625,E,1720.34814453125
1100,1114,745A6403,1541,0.05518560856580734,12.51528263092041,30.11210060119629,8912.7685546875,E,1711.9176025390625
1101,1108,745A6403,1542,0.27897584438323975,36.91692352294922,18.606611251831055,10038.0634765625,E,2120.81298828125
1101,1115,745A6403,1543,0.12765169143676758,32.80656433105469,19.291011810302734,9588.7197265625,E,2099.771484375
1102,1162,745A6403,1544,0.2559020519256592,50.061126708984375,28.169841766357422,31200.337890625,E,1661.1676025390625
1103,1112,745A6403,1545,0.030785946175456047,7.331283092498779,30.83867645263672,5475.9736328125,E,1677.668701171875
1104,1112,745A6403,1546,0.11554175615310669,30.659282684326172,25.013235092163086,15065.779296875,E,1678.53662109375
1104,1187,745A6403,1547,0.2916165590286255,66.0578384399414,23.27085304260254,28095.6328125,E,1657.6103515625
1105,1127,745A6403,1548,0.09412585943937302,15.107283592224121,25.365541458129883,7634.2177734375,E,1715.604736328125
1106,1129,745A6403,1549,0.0862615704536438,18.772924423217773,29.46541404724121,12801.0888671875,E,1837.8668212890625
1107,1173,745A6403,1550,0.28142115473747253,54.6161994934082,27.936452865600586,33477.56640625,E,2055.8701171875
1108,1169,745A6403,1551,0.33852601051330566,50.9505615234375,24.7813663482666,24574.763671875,E,2114.96826171875
1109,1150,745A6403,1552,2.050509214401245,72.31548309326172,14.776440620422363,12401.1181640625,E,2326.3935546875
1110,1186,745A6403,1553,0.3609166741371155,98.78811645507812,33.16535568237305,85342.2109375,E,1838.0606689453125
1111,1120,745A6403,1554,0.06683187186717987,31.73292350769043,19.647497177124023,9620.8720703125,E,1690.76025390625
1112,1151,745A6403,1555,0.1578277200460434,37.54584884643555,30.84809684753418,28061.3515625,E,1658.9324951171875
1113,1118,745A6403,1556,0.8462122678756714,50.32164001464844,14.44517993927002,8246.8974609375,E,1715.2559814453125
1114,1140,745A6403,1557,0.3207480311393738,62.576412200927734,21.496252059936523,22710.46484375,E,1694.6629638671875
1114,1287,745A6403,1558,0.590636134147644,137.29969787597656,30.502548217773438,100330.203125,E,1642.0478515625
1115,1174,745A6403,1559,0.30302682518959045,44.69292068481445,19.878803253173828,13871.0419921875,E,2071.30908203125
1116,1133,745A6403,1560,0.1371050924062729,35.398563385009766,32.14174270629883,28721.98046875,E,2772.31396484375
1116,1155,745A6403,1561,1.2794369459152222,39.50892639160156,10.621983528137207,3501.033935546875,E,2749.57958984375
1118,1294,745A6403,1562,0.5101211667060852,139.2627716064453,33.0597038269043,119542.6328125,E,1642.745361328125
1119,1128,745A6403,1563,0.028919409960508347,7.331283092498779,31.83873748779297,5836.890625,E,1651.01611328125
1119,1139,745A6403,1564,1.6719639301300049,75.79692077636719,13.764372825622559,11278.5771484375,E,1643.383056640625
1120,1126,745A6403,1565,0.024587931111454964,3.6656415462493896,24.419906616210938,1716.832275390625,E,1688.6888427734375
1121,1122,745A6403,1566,0.047467559576034546,23.328001022338867,21.722457885742188,8645.4052734375,E,1925.0277099609375
1121,1149,745A6403,1567,0.131887748837471,29.769847869873047,30.040664672851562,21100.15234375,E,1911.9691162109375
1122,1149,745A6403,1568,0.09269463270902634,28.69620704650879,25.90639305114746,15126.14453125,E,1920.8482666015625
1124,1143,745A6403,1569,0.130628764629364,40.137847900390625,27.629289627075195,24064.861328125,E,1634.9195556640625
1124,1195,745A6403,1570,0.5796533823013306,94.12513732910156,22.1867733001709,36390.14453125,E,1613.44677734375
1125,1128,745A6403,1571,0.0657685399055481,29.58563995361328,19.67470932006836,8994.7158203125,E,1652.231201171875
1125,1163,745A6403,1572,0.16477791965007782,34.32492446899414,21.922298431396484,12956.0205078125,E,1639.0252685546875
1126,1140,745A6403,1573,0.09316091984510422,17.254566192626953,24.328062057495117,8020.638671875,E,1681.974365234375
1126,1144,745A6403,1574,0.16268031299114227,25.03056526184082,25.144441604614258,12429.23828125,E,1678.33203125
1127,1178,745A6403,1575,0.23981499671936035,46.39548873901367,27.7989444732666,28159.326171875,E,1693.624755859375
1128,1165,745A6403,1576,0.12441813200712204,30.659282684326172,31.416946411132812,23767.298828125,E,1634.48046875
1129,1153,745A6403,1577,0.1983974128961563,32.80656814575195,25.994834899902344,17411.044921875,E,1816.779541015625
1129,1166,745A6403,1578,0.11228107661008835,30.659282684326172,25.76437759399414,15984.2109375,E,1818.4759521484375
1130,1176,745A6403,1579,0.22594773769378662,52.83733367919922,30.65243911743164,38990.68359375,E,2148.8115234375
1131,1158,745A6403,1580,0.45194417238235474,101.45641326904297,30.05177879333496,71963.0859375,E,1918.3497314453125
1131,1224,745A6403,1581,2.0792009830474854,73.83384704589844,9.599244117736816,5343.42138671875,E,1867.3892822265625
1132,1136,745A6403,1582,0.01271736342459917,2.5920000076293945,28.55281639099121,1659.673828125,E,2515.37841796875
1133,1137,745A6403,1583,0.1030079796910286,26.548925399780273,32.083656311035156,21463.6953125,E,2789.93798828125
1133,1189,745A6403,1584,1.1171891689300537,44.692928314208984,11.045223236083984,4282.3056640625,E,2766.701171875
1134,1150,745A6403,1585,0.11679146438837051,29.769847869873047,31.946908950805664,23862.953125,E,2334.632568359375
1134,1208,745A6403,1586,1.5317792892456055,60.873844146728516,13.185781478881836,8312.513671875,E,2332.6708984375
1135,1163,745A6403,1587,0.16380035877227783,29.769847869873047,27.20987892150879,17310.90234375,E,1637.0628662109375
1135,1211,745A6403,1588,0.7294718027114868,67.76040649414062,16.165740966796875,13907.7568359375,E,1627.4991455078125
1136,1171,745A6403,1589,0.21358497440814972,41.84041213989258,28.062990188598633,25879.373046875,E,2494.55224609375
1136,1212,745A6403,1590,0.29956477880477905,60.42912673950195,25.15974998474121,30043.3828125,E,2497.36767578125
1137,1179,745A6403,1591,1.5935423374176025,39.064205169677734,21.832277297973633,14624.0263671875,E,2796.298583984375
1138,1232,745A6403,1592,3.804725170135498,71.24185180664062,10.326107025146484,5966.20703125,E,1700.9605712890625
1139,1143,745A6403,1593,0.025439228862524033,6.257641315460205,31.376123428344727,4838.37060546875,E,1633.3831787109375
1140,1152,745A6403,1594,0.07872150838375092,13.588926315307617,26.22614097595215,7340.80712890625,E,1670.953369140625
1141,1156,745A6403,1595,0.29766106605529785,74.278564453125,31.620800018310547,58330.95703125,E,2413.14404296875
1141,1208,745A6403,1596,1.5726983547210693,70.53661346435547,12.013001441955566,7994.79931640625,E,2359.012939453125
1142,1176,745A6403,1597,0.16721931099891663,27.6225643157959,21.225828170776367,9774.244140625,E,2130.645263671875
1142,1193,745A6403,1598,0.24482420086860657,42.100929260253906,20.895191192626953,14436.9111328125,E,2118.0615234375
1143,1259,745A6403,1599,0.3611885905265808,88.31221008300781,31.282119750976562,67873.9296875,E,1590.333251953125
1144,1152,745A6403,1600,0.036038435995578766,21.36492347717285,24.069543838500977,9721.3583984375,E,1666.1309814453125
1144,1172,745A6403,1601,0.16763025522232056,31.917129516601562,27.709909439086914,19247.92578125,E,1656.7757568359375
1145,1146,745A6403,1602,0.17779502272605896,31.104000091552734,20.047910690307617,9818.482421875,E,1721.3349609375
1145,1229,745A6403,1603,0.27717480063438416,61.76327896118164,25.554893493652344,31678.771484375,E,1687.28369140625
1146,1263,745A6403,1604,0.3617713749408722,88.31221008300781,31.270980834960938,67825.6015625,E,1689.862060546875
1147,1182,745A6403,1605,0.911687433719635,33.25128173828125,12.201934814453125,3888.26318359375,E,2274.156982421875
1148,1159,745A6403,1606,0.15285588800907135,29.14092445373535,28.1279296875,18107.927734375,E,1768.074462890625
1148,1214,745A6403,1607,0.7515263557434082,45.137638092041016,10.470047950744629,3886.2080078125,E,1759.9627685546875
1149,1154,745A6403,1608,0.010508851148188114,2.5920000076293945,31.410139083862305,2008.466552734375,E,1906.0054931640625
1150,1213,745A6403,1609,0.2218276709318161,60.16861343383789,32.93291091918945,51253.1015625,E,2291.049072265625
1151,1177,745A6403,1610,0.07528223842382431,17.699283599853516,30.663740158081055,13070.6083984375,E,1634.615478515625
1152,1222,745A6403,1611,0.3138415515422821,47.28491973876953,25.145572662353516,23482.02734375,E,1642.8529052734375
1153,1166,745A6403,1612,0.0464499406516552,26.54892349243164,21.314266204833984,9472.783203125,E,1802.21728515625
1153,1230,745A6403,1613,0.4521509110927582,74.20225524902344,25.661775588989258,38377.828125,E,1770.95458984375
1154,1252,745A6403,1614,0.6354233622550964,101.90113830566406,24.96011734008789,49861.1328125,E,1870.5537109375
1154,1273,745A6403,1615,0.3775380849838257,95.82770538330078,31.862863540649414,76410.0703125,E,1878.1646728515625
1156,1226,745A6403,1616,0.10642770677804947,56.76348876953125,28.981414794921875,37445.37109375,E,2426.711181640625
1157,1227,745A6403,1617,0.46680423617362976,59.800209045410156,18.505245208740234,16083.5625,E,1959.5115966796875
1157,1238,745A6403,1618,0.292253315448761,72.68389129638672,31.614238739013672,57054.97265625,E,1934.5423583984375
1159,1210,745A6403,1619,0.1557026356458664,39.064208984375,31.73086166381836,30891.048828125,E,1743.4498291015625
1160,1182,745A6403,1620,0.17762967944145203,41.21148681640625,30.453813552856445,30018.677734375,E,2283.96435546875
1160,1183,745A6403,1621,0.34292495250701904,91.53313446044922,29.515079498291016,62626.20703125,E,2322.396240234375
1161,1164,745A6403,1622,0.01780642569065094,3.6656415462493896,28.69568634033203,2370.680908203125,E,2588.914306640625
1162,1198,745A6403,1623,0.547092854976654,53.54256057739258,14.123339653015137,8388.1044921875,E,1631.5096435546875
1162,1228,745A6403,1624,0.19421370327472687,59.984413146972656,29.79235076904297,41815.5546875,E,1620.43994140625
1163,1168,745A6403,1625,0.027517132461071014,6.257641315460205,30.144758224487305,4466.0556640625,E,1623.76171875
1164,1185,745A6403,1626,0.39418667554855347,27.6225643157959,17.447162628173828,6603.9453125,E,2590.84619140625
1164,1258,745A6403,1627,0.661911129951477,147.14666748046875,29.856849670410156,103021.59375,E,2519.80810546875
1165,1168,745A6403,1628,0.03630543872714043,32.17763900756836,16.899024963378906,7217.17724609375,E,1621.8717041015625
1165,1200,745A6403,1629,0.11512646824121475,26.54892349243164,30.412118911743164,19285.466796875,E,1608.9405517578125
1166,1357,745A6403,1630,0.6195820569992065,146.1493377685547,30.711509704589844,108265.2421875,E,1754.8836669921875
1167,1191,745A6403,1631,5.398965358734131,55.689849853515625,7.561699867248535,2500.948974609375,E,2101.9033203125
1168,1196,745A6403,1632,0.10557153075933456,20.291284561157227,27.991559982299805,12486.87109375,E,1612.185546875
1169,1170,745A6403,1633,0.2196209728717804,33.69599914550781,10.089070320129395,2693.83203125,E,2108.9287109375
1169,1253,745A6403,1634,0.29183831810951233,60.873844146728516,28.870094299316406,39848.96484375,E,2071.71728515625
1170,1234,745A6403,1635,0.15550139546394348,51.57948684692383,29.73970603942871,35829.45703125,E,2107.767822265625
1171,1212,745A6403,1636,0.1850065141916275,42.100921630859375,17.025562286376953,9584.830078125,E,2468.095458984375
1171,1267,745A6403,1637,0.46801409125328064,104.6010513305664,29.894575119018555,73419.375,E,2424.199951171875
1172,1181,745A6403,1638,0.07263597100973129,16.180925369262695,29.818204879760742,11299.4228515625,E,1639.213623046875
1172,1222,745A6403,1639,0.22535346448421478,52.65312957763672,22.02859878540039,20067.248046875,E,1629.00048828125
1173,1174,745A6403,1640,0.1689693033695221,25.920000076293945,20.741832733154297,8758.2861328125,E,2047.1732177734375
1173,1206,745A6403,1641,0.1145646721124649,22.883283615112305,28.262550354003906,14355.9150390625,E,2031.9022216796875
1174,1207,745A6403,1642,0.10146588832139969,25.03056526184082,22.201396942138672,9689.94140625,E,2049.973876953125
1175,1184,745A6403,1643,0.21310585737228394,59.800209045410156,28.448219299316406,38010.42578125,E,2374.387451171875
1175,1266,745A6403,1644,0.3784998953342438,74.90748596191406,22.21628761291504,29037.423828125,E,2378.688720703125
1176,1190,745A6403,1645,0.06964727491140366,16.180925369262695,30.478111267089844,11805.0908203125,E,2116.97119140625
1177,1218,745A6403,1646,0.1318250149488449,30.214563369750977,30.274633407592773,21750.236328125,E,1613.3848876953125
1177,1219,745A6403,1647,0.43920236825942993,54.171485900878906,18.36170196533203,14344.5361328125,E,1623.107177734375
1178,1229,745A6403,1648,0.34995192289352417,65.79733276367188,27.5313720703125,39170.02734375,E,1666.44189453125
1178,1249,745A6403,1649,1.4072167873382568,53.09784698486328,11.283703804016113,5309.7021484375,E,1655.0408935546875
1180,1250,745A6403,1650,4.52194881439209,81.79405212402344,8.842615127563477,5023.1142578125,E,1738.04248046875
1181,1187,745A6403,1651,0.02753891423344612,6.257641315460205,30.137954711914062,4464.04052734375,E,1631.924072265625
1181,1277,745A6403,1652,0.3623197376728058,77.05476379394531,26.740089416503906,43272.8125,E,1601.770751953125
1182,1202,745A6403,1653,0.07254952937364578,17.254566192626953,30.842077255249023,12890.8388671875,E,2257.118896484375
1183,1184,745A6403,1654,0.031849637627601624,7.331283092498779,30.328439712524414,5296.2685546875,E,2349.881591796875
1183,1192,745A6403,1655,0.027576711028814316,6.257641315460205,30.13115119934082,4462.025390625,E,2346.26171875
1184,1192,745A6403,1656,0.027796056121587753,6.257641315460205,30.0154972076416,4427.8369140625,E,2348.79052734375
1186,1205,745A6403,1657,0.0629839152097702,19.84656524658203,28.45485496520996,12620.83203125,E,1792.735107421875
1186,1223,745A6403,1658,0.15059378743171692,55.2451286315918,31.003652572631836,41707.0625,E,1771.1815185546875
1187,1219,745A6403,1659,0.14099350571632385,29.769847869873047,29.081424713134766,19774.150390625,E,1618.292724609375
1188,1201,745A6403,1660,0.9895310997962952,49.43220901489258,12.058273315429688,5645.08056640625,E,2145.299560546875
1190,1193,745A6403,1661,0.02587132900953293,6.257641315460205,31.104001998901367,4754.80908203125,E,2106.70166015625
1190,1220,745A6403,1662,1.4933773279190063,33.88020324707031,16.381134033203125,7140.4208984375,E,2111.852294921875
1191,1203,745A6403,1663,0.03237413614988327,10.99692440032959,30.06311798095703,7806.01123046875,E,2095.77734375
1191,1204,745A6403,1664,0.13625511527061462,34.32492446899414,25.23514747619629,17167.6640625,E,2085.107177734375
1192,1289,745A6403,1665,0.5349188446998596,105.0457534790039,24.79924964904785,50739.41796875,E,2342.921875
1193,1203,745A6403,1666,0.04057744890451431,9.923282623291016,31.282583236694336,7626.94287109375,E,2099.362548828125
1194,1216,745A6403,1667,0.23729254305362701,57.837127685546875,26.986730575561523,33082.41015625,E,1707.04296875
1194,1232,745A6403,1668,0.1861516684293747,52.20840835571289,33.484703063964844,45975.16015625,E,1689.9434814453125
1195,1233,745A6403,1669,0.1289273500442505,31.2882080078125,31.176359176635742,23884.787109375,E,1581.19482421875
1196,1200,745A6403,1670,0.12913775444030762,29.58563995361328,22.3629207611084,11620.5830078125,E,1601.332763671875
1196,1244,745A6403,1671,0.19652195274829865,36.472206115722656,22.094362258911133,13983.466796875,E,1588.101318359375
1197,1221,745A6403,1672,0.18020673096179962,43.174560546875,19.970645904541016,13523.90234375,E,1755.3443603515625
1197,1223,745A6403,1673,0.0732823833823204,17.699283599853516,31.1010799407959,13446.1044921875,E,1759.7728271484375
1198,1199,745A6403,1674,0.1365247368812561,25.920000076293945,20.038677215576172,8174.53369140625,E,1608.892578125
1198,1241,745A6403,1675,0.21599778532981873,26.993640899658203,22.489355087280273,10722.7294921875,E,1598.0576171875
1199,1353,745A6403,1676,0.5358532071113586,129.8921356201172,31.250749588012695,99630.8046875,E,1550.8795166015625
1200,1298,745A6403,1677,0.3735349178314209,82.23876190185547,29.954736709594727,57955.875,E,1562.4364013671875
1201,1234,745A6403,1678,0.13929885625839233,31.917129516601562,30.357013702392578,23101.0546875,E,2114.6328125
1202,1242,745A6403,1679,0.642033040523529,26.993640899658203,19.114904403686523,7746.3232421875,E,2239.894287109375
1202,1321,745A6403,1680,0.6287564635276794,150.55178833007812,30.945711135864258,113233.96875,E,2178.365478515625
1203,1235,745A6403,1681,0.14636123180389404,36.027488708496094,31.3319034576416,27777.7734375,E,2078.557373046875
1204,1231,745A6403,1682,0.322165310382843,50.061126708984375,25.487802505493164,25542.021484375,E,2047.7041015625
1204,1235,745A6403,1683,0.19369696080684662,31.2882080078125,19.59307289123535,9433.5615234375,E,2067.796630859375
1205,1217,745A6403,1684,0.357005774974823,90.45948791503906,32.053958892822266,72997.3984375,E,1813.0347900390625
1205,1348,745A6403,1685,0.385210245847702,110.75077056884766,29.025053024291992,73279.53125,E,1742.56640625
1206,1207,745A6403,1686,0.16842401027679443,25.920000076293945,20.75932502746582,8773.064453125,E,2034.1422119140625
1206,1304,745A6403,1687,0.3556586503982544,80.09149169921875,30.022296905517578,56697.52734375,E,1995.517578125
1207,1255,745A6403,1688,0.24028927087783813,45.95077133178711,27.71331024169922,27717.84765625,E,2036.2315673828125
1208,1288,745A6403,1689,1.6625243425369263,81.34933471679688,14.89112377166748,14167.6826171875,E,2310.88525390625
1209,1213,745A6403,1690,1.2148017883300781,31.73292350769043,16.67160415649414,6927.15234375,E,2253.48583984375
1210,1215,745A6403,1691,0.013810507021844387,3.6656415462493896,32.583683013916016,3056.611328125,E,1724.8759765625
1210,1216,745A6403,1692,0.06280955672264099,21.36492347717285,31.08018684387207,16209.083984375,E,1722.9085693359375
1211,1218,745A6403,1693,0.1805461347103119,30.659282684326172,19.835067749023438,9473.69140625,E,1600.2637939453125
1211,1244,745A6403,1694,0.29314374923706055,43.358768463134766,24.224559783935547,19983.82421875,E,1586.920166015625
1212,1258,745A6403,1695,0.11530360579490662,39.50891876220703,27.566364288330078,23580.009765625,E,2460.595703125
1213,1278,745A6403,1696,0.2502578794956207,67.94461059570312,32.959312438964844,57969.71484375,E,2229.741943359375
1214,1215,745A6403,1697,0.08771875500679016,38.880001068115234,31.11079978942871,29555.51171875,E,1732.0087890625
1214,1221,745A6403,1698,0.0350138321518898,9.923283576965332,33.660282135009766,8830.408203125,E,1739.1953125
1215,1225,745A6403,1699,0.04925777390599251,12.51528263092041,31.912212371826172,10010.2373046875,E,1718.614990234375
1216,1225,745A6403,1700,0.05861480534076691,24.401639938354492,21.028535842895508,8474.7509765625,E,1711.05419921875
1217,1224,745A6403,1701,0.13578788936138153,34.32492446899414,31.76809310913086,27207.0703125,E,1829.7208251953125
1217,1348,745A6403,1702,0.6164364814758301,145.18359375,29.49114418029785,99172.3671875,E,1761.932861328125
1218,1280,745A6403,1703,0.2506065368652344,54.6161994934082,29.662073135375977,37741.08203125,E,1574.404296875
1219,1261,745A6403,1704,0.22497676312923431,41.21148681640625,27.076051712036133,23728.966796875,E,1589.3585205078125
1221,1254,745A6403,1705,0.08899965137243271,38.17477035522461,31.576330184936523,29894.384765625,E,1733.189453125
1222,1272,745A6403,1706,0.21300111711025238,41.027278900146484,27.781085968017578,24869.15625,E,1602.0263671875
1223,1254,745A6403,1707,0.10202305763959885,26.10420799255371,31.97026824951172,20955.255859375,E,1742.4466552734375
1224,1248,745A6403,1708,0.22202344238758087,54.616207122802734,31.366262435913086,42202.37890625,E,1842.86865234375
1225,1332,745A6403,1709,0.30654916167259216,81.60984802246094,32.65375900268555,68343.75,E,1676.712646484375
1226,1257,745A6403,1710,0.08908423781394958,23.512208938598633,32.48163986206055,19483.150390625,E,2406.72314453125
1227,1236,745A6403,1711,0.40846940875053406,113.15857696533203,33.28733444213867,98477.1328125,E,1972.2332763671875
1227,1237,745A6403,1712,0.026759430766105652,7.331283092498779,33.097320556640625,6307.47509765625,E,1937.502197265625
1228,1240,745A6403,1713,0.023688454180955887,6.257641315460205,32.52585983276367,5199.45849609375,E,1598.5418701171875
1229,1262,745A6403,1714,0.10960544645786285,25.47528076171875,30.477432250976562,18585.130859375,E,1647.9066162109375
1230,1250,745A6403,1715,0.10412758588790894,17.254566192626953,25.756723403930664,8990.3203125,E,1729.1298828125
1230,1264,745A6403,1716,10.08867359161377,78.75733184814453,9.742730140686035,5871.4072265625,E,1712.2144775390625
1231,1236,745A6403,1717,0.15819856524467468,39.50891876220703,31.59518814086914,30976.11328125,E,2015.826904296875
1231,1270,745A6403,1718,0.042883627116680145,29.58563995361328,22.334739685058594,11591.3125,E,2016.942626953125
1232,1279,745A6403,1719,0.2180539220571518,61.686973571777344,33.63691711425781,54817.0546875,E,1643.5064697265625
1233,1243,745A6403,1720,0.020814362913370132,5.184000015258789,31.5598087310791,4055.305908203125,E,1565.58740234375
1233,1318,745A6403,1721,0.8698886036872864,107.26934051513672,21.393051147460938,38557.68359375,E,1545.79833984375
1234,1383,745A6403,1722,0.4440200924873352,110.12185668945312,31.58088493347168,86260.5078125,E,2055.168212890625
1235,1270,745A6403,1723,0.3934757709503174,66.686767578125,26.454195022583008,36653.7734375,E,2033.4007568359375
1236,1347,745A6403,1724,0.6515412926673889,151.07281494140625,30.20326042175293,108239.0234375,E,1942.26904296875
1237,1247,745A6403,1725,0.13476361334323883,30.659282684326172,30.55804443359375,22485.521484375,E,1924.6807861328125
1237,1274,745A6403,1726,0.1181441992521286,28.511999130249023,25.950613021850586,15080.3974609375,E,1922.3668212890625
1238,1247,745A6403,1727,0.09212945401668549,30.659282684326172,29.29521369934082,20665.466796875,E,1906.9796142578125
1238,1271,745A6403,1728,0.1498163342475891,39.248409271240234,32.34727478027344,32254.279296875,E,1882.570556640625
1239,1279,745A6403,1729,0.670363187789917,34.7696418762207,19.835433959960938,10744.185546875,E,1636.56201171875
1240,1241,745A6403,1730,2.3111343383789062,63.465843200683594,11.915406227111816,7076.97412109375,E,1590.9327392578125
1240,1312,745A6403,1731,0.2194003313779831,61.318565368652344,33.4537467956543,53897.84765625,E,1567.58935546875
1241,1313,745A6403,1732,0.3151852488517761,59.17127990722656,24.246427536010742,27320.984375,E,1557.36083984375
1243,1265,745A6403,1733,2.1326398849487305,58.28184509277344,16.420082092285156,12341.6669921875,E,1559.94677734375
1243,1334,745A6403,1734,0.33108773827552795,76.61004638671875,30.44461441040039,55769.4765625,E,1530.6083984375
1244,1299,745A6403,1735,0.24491740763187408,51.57948684692383,21.073888778686523,17991.041015625,E,1552.964599609375
1245,1246,745A6403,1736,3.989841938018799,135.96554565429688,12.338531494140625,16257.19921875,E,2634.514404296875
1245,1251,745A6403,1737,1.1517164707183838,50.061126708984375,11.182677268981934,4916.79443359375,E,2648.0341796875
1245,1268,745A6403,1738,0.12911075353622437,45.95077133178711,30.293743133544922,33119.8671875,E,2612.9521484375
1246,1268,745A6403,1739,0.11264197528362274,25.659488677978516,30.25700569152832,18449.71875,E,2592.796630859375
1247,1276,745A6403,1740,0.0858343318104744,25.920000076293945,10.990488052368164,2459.001708984375,E,1902.502197265625
1248,1283,745A6403,1741,0.41046085953712463,69.09455871582031,25.454666137695312,35161.59375,E,1857.3077392578125
1248,1324,745A6403,1742,0.7082327008247375,79.83096313476562,17.984804153442383,20280.220703125,E,1815.4840087890625
1250,1264,745A6403,1743,0.1154218316078186,17.254566192626953,24.498140335083008,8133.17578125,E,1713.0302734375
1252,1315,745A6403,1744,0.3777643144130707,74.01805114746094,21.749666213989258,27500.001953125,E,1822.1441650390625
1252,1354,745A6403,1745,0.4160277247428894,82.23876953125,28.234712600708008,51491.22265625,E,1791.8551025390625
1253,1255,745A6403,1746,0.03878137469291687,19.217641830444336,23.185134887695312,8113.5185546875,E,2040.3267822265625
1253,1275,745A6403,1747,0.11427098512649536,25.030563354492188,29.625450134277344,17254.025390625,E,2038.375
1254,1442,745A6403,1748,0.5230591297149658,145.07568359375,33.31096649169922,126432.5703125,E,1664.1649169921875
1255,1275,745A6403,1749,0.056088872253894806,25.030563354492188,28.65486717224121,16141.9990234375,E,2028.283203125
1256,1338,745A6403,1750,0.6716671586036682,90.19898223876953,26.371732711791992,49268.44140625,E,2691.602783203125
1257,1292,745A6403,1751,0.1694415658712387,45.50605392456055,32.77028274536133,38381.27734375,E,2373.852783203125
1257,1323,745A6403,1752,1.4981043338775635,101.45641326904297,21.023365020751953,35218.7421875,E,2414.627685546875
1258,1281,745A6403,1753,0.10909947007894516,27.17784881591797,31.56888198852539,21272.736328125,E,2439.52197265625
1259,1260,745A6403,1754,0.01848170906305313,28.067279815673828,23.685165405273438,12366.3935546875,E,1552.0701904296875
1259,1297,745A6403,1755,0.15288706123828888,33.88020324707031,29.819902420043945,23661.830078125,E,1535.25634765625
1260,1297,745A6403,1756,0.19461676478385925,36.91692352294922,22.479873657226562,14652.2099609375,E,1535.3515625
1260,1302,745A6403,1757,0.30413058400154114,72.49969482421875,26.48426055908203,39939.41796875,E,1534.9871826171875
1261,1280,745A6403,1758,0.16554254293441772,45.32184600830078,21.763275146484375,16859.548828125,E,1560.2318115234375
1261,1285,745A6403,1759,0.13690732419490814,24.585847854614258,26.848628997802734,13919.361328125,E,1564.2701416015625
1262,1263,745A6403,1760,0.4370594620704651,38.880001068115234,6.91200065612793,1458.893798828125,E,1644.313232421875
1262,1425,745A6403,1761,0.5602275729179382,137.2234344482422,31.283510208129883,105474.90625,E,1577.1873779296875
1263,1307,745A6403,1762,0.15091533958911896,39.50891876220703,32.36530303955078,32504.56640625,E,1635.061767578125
1264,1269,745A6403,1763,4.346130847930908,50.061126708984375,8.464090347290039,2816.767822265625,E,1690.669189453125
1265,1284,745A6403,1764,0.2784053385257721,17.699283599853516,14.494791030883789,2920.58251953125,E,1538.033447265625
1265,1376,745A6403,1765,1.0790475606918335,107.19305419921875,19.00951385498047,30422.75390625,E,1510.0985107421875
1266,1267,745A6403,1766,0.022920168936252594,5.184000015258789,30.07672691345215,3683.121337890625,E,2371.152099609375
1266,1289,745A6403,1767,0.11289847642183304,25.030563354492188,29.78192138671875,17436.765625,E,2359.594970703125
1267,1322,745A6403,1768,1.7450871467590332,69.7234878540039,14.715211868286133,11857.7431640625,E,2382.72119140625
1268,1331,745A6403,1769,0.30038437247276306,71.6102523803711,30.909181594848633,53732.87890625,E,2561.64013671875
1270,1293,745A6403,1770,0.054312534630298615,22.883283615112305,29.075302124023438,15193.4599609375,E,1998.2587890625
1271,1282,745A6403,1771,0.8992136716842651,69.27877044677734,18.64027214050293,18905.779296875,E,1862.74560546875
1271,1283,745A6403,1772,0.07184187322854996,17.254566192626953,31.029165267944336,13047.7041015625,E,1855.5367431640625
1272,1277,745A6403,1773,0.21587345004081726,30.659282684326172,9.918992042541504,2369.119384765625,E,1577.8580322265625
1272,1301,745A6403,1774,0.15331563353538513,37.990562438964844,23.868850708007812,16999.205078125,E,1573.04736328125
1273,1306,745A6403,1775,0.10924085974693298,28.067283630371094,32.05210876464844,22646.623046875,E,1842.6971435546875
1273,1355,745A6403,1776,4.404385566711426,133.37353515625,13.920408248901367,20298.478515625,E,1864.2021484375
1274,1276,745A6403,1777,0.11490175127983093,29.58563995361328,25.182706832885742,14735.865234375,E,1900.5321044921875
1274,1347,745A6403,1778,0.16807836294174194,53.54256820678711,29.558713912963867,36741.77734375,E,1895.3607177734375
1275,1309,745A6403,1779,0.1287139654159546,30.214563369750977,30.640148162841797,22278.6015625,E,2020.7705078125
1276,1282,745A6403,1780,0.08353109657764435,12.51528263092041,24.499500274658203,5899.90478515625,E,1886.83837890625
1277,1319,745A6403,1781,0.20097556710243225,34.32492446899414,26.142932891845703,18425.025390625,E,1557.5467529296875
1278,1351,745A6403,1782,1.3406583070755005,77.05476379394531,18.121736526489258,19874.169921875,E,2207.20068359375
1278,1409,745A6403,1783,0.38391420245170593,122.92926788330078,32.988258361816406,105066.421875,E,2138.97607421875
1279,1314,745A6403,1784,0.1604938507080078,44.432411193847656,33.27031326293945,38628.1171875,E,1602.5244140625
1280,1300,745A6403,1785,0.05669230595231056,14.033641815185547,31.44755744934082,10900.19140625,E,1543.3233642578125
1281,1322,745A6403,1786,0.21272170543670654,53.282047271728516,31.657459259033203,41939.46484375,E,2401.34521484375
1281,1340,745A6403,1787,5.536965847015381,64.09477233886719,8.597179412841797,3720.6982421875,E,2417.197509765625
1282,1394,745A6403,1788,2.053715944290161,78.38892364501953,13.41308879852295,11076.490234375,E,1853.1990966796875
1283,1386,745A6403,1789,0.4042481780052185,110.85868835449219,33.121437072753906,95516.3984375,E,1794.5736083984375
1284,1286,745A6403,1790,0.05479494109749794,3.6656415462493896,16.358171463012695,770.3878173828125,E,1528.908203125
1284,1291,745A6403,1791,0.0857890248298645,9.923283576965332,17.375242233276367,2352.91943359375,E,1526.229736328125
1285,1328,745A6403,1792,0.3568744659423828,53.282047271728516,24.881519317626953,25907.4453125,E,1547.6605224609375
1285,1335,745A6403,1793,0.27208879590034485,33.25128173828125,11.33234691619873,3353.806396484375,E,1540.82861328125
1286,1291,745A6403,1794,0.06071847677230835,6.257641315460205,20.04888153076172,1975.517333984375,E,1525.03759765625
1287,1301,745A6403,1795,0.04203762486577034,9.923283576965332,30.71622085571289,7353.275390625,E,1573.5926513671875
1287,1329,745A6403,1796,1.7728240489959717,56.13456726074219,12.570944786071777,6967.1650390625,E,1575.991455078125
1288,1292,745A6403,1797,2.312485933303833,102.79055786132812,15.958333015441895,20559.765625,E,2317.15380859375
1288,1507,745A6403,1798,0.731335461139679,167.69845581054688,30.90778350830078,125821.4453125,E,2218.37255859375
1289,1337,745A6403,1799,0.1479799598455429,33.435489654541016,30.087242126464844,23771.814453125,E,2332.42236328125
1290,1352,745A6403,1800,2.2373948097229004,44.248207092285156,11.461946487426758,4565.64697265625,E,2068.866943359375
1291,1341,745A6403,1801,0.26554232835769653,36.027488708496094,23.31609344482422,15382.80078125,E,1508.4815673828125
1292,1385,745A6403,1802,0.26698970794677734,72.05497741699219,32.852115631103516,61077.3984375,E,2320.044677734375
1293,1317,745A6403,1803,0.09046677500009537,24.585847854614258,32.97401428222656,20995.13671875,E,1977.2371826171875
1293,1352,745A6403,1804,0.5971398949623108,153.48060607910156,32.1928825378418,124928.9609375,E,2024.1380615234375
1294,1295,745A6403,1805,0.16701632738113403,49.24800109863281,28.88665771484375,32275.505859375,E,1571.5460205078125
1294,1310,745A6403,1806,0.04563364386558533,12.51528263092041,33.091880798339844,10763.9951171875,E,1573.40966796875
1295,1296,745A6403,1807,0.08745147287845612,20.291284561157227,30.486614227294922,14812.1396484375,E,1565.075927734375
1295,1325,745A6403,1808,0.09830045700073242,25.475284576416016,27.07167625427246,14663.552734375,E,1554.1568603515625
1296,1311,745A6403,1809,0.10697824507951736,23.512208938598633,29.565637588500977,16142.0185546875,E,1555.984375
1296,1325,745A6403,1810,0.14840638637542725,24.401639938354492,21.750640869140625,9066.779296875,E,1550.833740234375
1297,1345,745A6403,1811,0.15170899033546448,32.80656814575195,29.45423698425293,22353.53515625,E,1507.7005615234375
1298,1299,745A6403,1812,0.21114765107631683,38.435279846191406,21.237165451049805,13614.8544921875,E,1529.5794677734375
1298,1302,745A6403,1813,0.014756102114915848,3.6656415462493896,31.52239227294922,2860.73876953125,E,1526.2384033203125
1299,1327,745A6403,1814,0.17562930285930634,36.47220993041992,21.505727767944336,13248.302734375,E,1522.1707763671875
1300,1327,745A6403,1815,0.08997984975576401,21.36492347717285,30.846330642700195,15966.0771484375,E,1527.1671142578125
1300,1335,745A6403,1816,0.3517795205116272,60.42912292480469,24.419906616210938,28302.458984375,E,1533.658447265625
1301,1380,745A6403,1817,0.27039405703544617,66.24205017089844,31.296039581298828,50956.83203125,E,1540.147705078125
1302,1415,745A6403,1818,0.3669688105583191,81.16513061523438,29.857616424560547,56828.953125,E,1490.117431640625
1303,1308,745A6403,1819,1.1719610691070557,30.659282684326172,15.694865226745605,5931.53466796875,E,1947.1431884765625
1304,1308,745A6403,1820,0.030999230220913887,7.331283092498779,30.75704002380371,5447.01953125,E,1957.77001953125
1304,1320,745A6403,1821,1.2983187437057495,50.9505615234375,14.204976081848145,8074.57861328125,E,1973.566162109375
1305,1307,745A6403,1822,1.7040581703186035,29.58563995361328,10.537107467651367,2579.964111328125,E,1625.1785888671875
1306,1315,745A6403,1823,0.22164340317249298,39.50891876220703,22.92185401916504,16303.6376953125,E,1820.412353515625
1306,1381,745A6403,1824,0.2069607377052307,53.09784698486328,32.038536071777344,42806.734375,E,1818.9490966796875
1307,1390,745A6403,1825,0.21752086281776428,56.579280853271484,32.26548385620117,46261.91796875,E,1593.5601806640625
1308,1387,745A6403,1826,0.26864388585090637,64.27897644042969,30.963171005249023,48400.484375,E,1924.071044921875
1309,1320,745A6403,1827,1.1315054893493652,47.28491973876953,12.839111328125,6121.8466796875,E,1999.00830078125
1309,1382,745A6403,1828,0.27042356133461,52.024208068847656,27.882530212402344,31765.79296875,E,2002.556640625
1310,1360,745A6403,1829,0.20785804092884064,40.58256912231445,22.61366844177246,16299.39453125,E,1553.190185546875
1310,1362,745A6403,1830,0.20028746128082275,34.32492446899414,26.71282958984375,19237.083984375,E,1553.31689453125
1311,1312,745A6403,1831,0.23785661160945892,41.47200012207031,22.24629783630371,16119.826171875,E,1542.99560546875
1311,1344,745A6403,1832,0.4183291494846344,56.76348876953125,18.300472259521484,14930.8173828125,E,1530.0960693359375
1312,1313,745A6403,1833,0.19460131227970123,51.84000015258789,28.98550033569336,34207.1171875,E,1533.904296875
1312,1344,745A6403,1834,0.06526241451501846,19.217641830444336,34.31848907470703,17776.501953125,E,1529.897216796875
1313,1326,745A6403,1835,0.04083273559808731,10.99692440032959,32.813289642333984,9299.5234375,E,1524.883544921875
1314,1333,745A6403,1836,0.04989447444677353,13.588924407958984,32.985748291015625,11612.55078125,E,1579.1953125
1314,1343,745A6403,1837,0.6764975786209106,81.16512298583984,19.93875503540039,25342.84765625,E,1589.521728515625
1315,1330,745A6403,1838,0.044360142201185226,7.331283092498779,25.81795310974121,3838.0751953125,E,1802.9891357421875
1316,1323,745A6403,1839,0.016558937728405,3.6656415462493896,29.756973266601562,2549.279296875,E,2414.863037109375
1316,1331,745A6403,1840,2.0098800659179688,210.79672241210938,25.93935203552246,111396.609375,E,2502.431396484375
1316,1464,745A6403,1841,0.6635283827781677,131.04205322265625,28.291067123413086,82375.71875,E,2398.422607421875
1317,1422,745A6403,1842,0.3602045774459839,102.4537582397461,33.72299575805664,91510.3203125,E,1917.5616455078125
1317,1424,745A6403,1843,2.375764846801758,132.29989624023438,15.65302848815918,25459.28125,E,1959.1290283203125
1318,1334,745A6403,1844,0.09338832646608353,35.84328079223633,19.286930084228516,10471.8603515625,E,1501.274658203125
1318,1349,745A6403,1845,0.15454921126365662,32.361846923828125,21.4775447845459,11724.4501953125,E,1495.9482421875
1319,1328,745A6403,1846,0.12255392968654633,14.033641815185547,20.07473373413086,4441.80859375,E,1540.5281982421875
1319,1336,745A6403,1847,0.03980077803134918,6.257641315460205,24.974365234375,3065.41650390625,E,1540.2418212890625
1320,1395,745A6403,1848,1.442275047302246,59.800209045410156,13.286551475524902,8291.1953125,E,1967.8809814453125
1321,1350,745A6403,1849,0.07139807939529419,31.2882080078125,29.13789176940918,20863.482421875,E,2092.894775390625
1321,1368,745A6403,1850,0.04097648710012436,29.58563995361328,22.75653648376465,12033.255859375,E,2097.537353515625
1322,1356,745A6403,1851,0.13237060606479645,33.435489654541016,31.799779891967773,26554.96875,E,2360.016357421875
1323,1418,745A6403,1852,0.3176001310348511,78.31261444091797,31.415040969848633,60701.14453125,E,2378.8662109375
1324,1386,745A6403,1853,0.2689255177974701,39.95363998413086,20.799495697021484,13575.375,E,1760.5648193359375
1324,1413,745A6403,1854,0.7433848977088928,173.9561309814453,31.147241592407227,132546.65625,E,1711.547119140625
1326,1353,745A6403,1855,0.3338924050331116,88.49641418457031,29.607576370239258,60928.609375,E,1506.2166748046875
1326,1405,745A6403,1856,0.18577167391777039,53.987281799316406,28.788209915161133,35140.72265625,E,1495.02490234375
1327,1416,745A6403,1857,0.24245764315128326,60.24491882324219,31.513076782226562,46988.53515625,E,1488.934814453125
1328,1342,745A6403,1858,0.07350810617208481,22.883283615112305,14.12333869934082,3584.94873046875,E,1531.7677001953125
1330,1339,745A6403,1859,0.07606299221515656,15.107283592224121,28.120819091796875,9382.7939453125,E,1794.388427734375
1330,1423,745A6403,1860,0.7847838997840881,77.05477142333984,16.422805786132812,16322.404296875,E,1784.7646484375
1331,1364,745A6403,1861,0.12843939661979675,32.99077224731445,32.02446365356445,26573.337890625,E,2510.47314453125
1332,1397,745A6403,1862,0.6357139348983765,79.20204162597656,21.235544204711914,28051.302734375,E,1614.02001953125
1332,1403,745A6403,1863,0.20387190580368042,51.39527893066406,31.769344329833984,40740.8046875,E,1618.1025390625
1333,1343,745A6403,1864,0.04965286701917648,13.588924407958984,33.087791442871094,11684.5107421875,E,1568.604248046875
1334,1372,745A6403,1865,0.1552809774875641,34.95384979248047,29.98488426208496,24682.52734375,E,1484.196044921875
1335,1379,745A6403,1866,0.2989574670791626,51.76368713378906,26.446821212768555,28435.57421875,E,1514.1185302734375
1336,1342,745A6403,1867,0.049369700253009796,6.257641315460205,22.470802307128906,2481.634033203125,E,1534.9957275390625
1336,1346,745A6403,1868,0.08311629295349121,9.923283576965332,21.94525909423828,3753.416015625,E,1534.4176025390625
1337,1356,745A6403,1869,0.5980268120765686,54.17148971557617,15.35017204284668,10025.064453125,E,2329.9248046875
1337,1393,745A6403,1870,0.3100554943084717,61.686973571777344,28.370210647583008,38994.95703125,E,2287.534912109375
1338,1389,745A6403,1871,1.9492238759994507,45.32184600830078,11.637468338012695,4820.74853515625,E,2635.749755859375
1338,1444,745A6403,1872,0.5732980966567993,150.3675994873047,32.38848876953125,123886.9296875,E,2576.626708984375
1339,1354,745A6403,1873,0.20897117257118225,52.65312957763672,26.624910354614258,29315.03125,E,1768.958251953125
1339,1432,745A6403,1874,0.36002984642982483,65.42892456054688,24.586244583129883,31063.046875,E,1760.528564453125
1341,1361,745A6403,1875,0.4926903247833252,36.027488708496094,13.794238090515137,5384.1767578125,E,1487.150634765625
1341,1429,745A6403,1876,0.31807374954223633,66.05784606933594,25.10702133178711,32704.2890625,E,1465.4139404296875
1342,1346,745A6403,1877,0.02337077632546425,3.6656415462493896,21.062549591064453,1277.2083740234375,E,1531.3057861328125
1343,1365,745A6403,1878,0.09248112142086029,24.585847854614258,32.57347869873047,20488.1796875,E,1554.2275390625
1344,1375,745A6403,1879,0.09487231075763702,27.6225643157959,34.11643600463867,25251.150390625,E,1508.9949951171875
1345,1349,745A6403,1880,0.07514520734548569,19.217641830444336,27.420095443725586,11348.2236328125,E,1492.7684326171875
1345,1371,745A6403,1881,0.10014693439006805,21.36492347717285,29.172758102416992,14280.591796875,E,1484.9779052734375
1346,1380,745A6403,1882,0.10577037185430527,29.769845962524414,26.100282669067383,15927.83984375,E,1520.787353515625
1347,1394,745A6403,1883,0.20162297785282135,55.4293327331543,33.161746978759766,47874.5078125,E,1850.78076171875
1348,1402,745A6403,1884,0.15245208144187927,51.134769439697266,29.0304012298584,33846.3828125,E,1671.8560791015625
1349,1370,745A6403,1885,0.0919855535030365,15.552000045776367,26.051204681396484,8289.5654296875,E,1482.2115478515625
1350,1367,745A6403,1886,0.06731726229190826,15.107283592224121,29.971277236938477,10658.271484375,E,2075.158203125
1350,1383,745A6403,1887,0.34803012013435364,82.23876953125,30.693706512451172,60850.640625,E,2041.802001953125
1352,1359,745A6403,1888,0.027742549777030945,7.331283092498779,32.51225280761719,6086.44921875,E,2055.026611328125
1353,1376,745A6403,1889,0.1984822303056717,48.98748779296875,31.429349899291992,38005.4453125,E,1482.7811279296875
1354,1366,745A6403,1890,0.0735778659582138,17.254566192626953,30.535940170288086,12636.201171875,E,1747.1954345703125
1355,1381,745A6403,1891,2.15093994140625,79.01783752441406,14.6903657913208,13393.0732421875,E,1831.7607421875
1355,1437,745A6403,1892,0.3446502983570099,77.8678970336914,26.799755096435547,43924.81640625,E,1850.807373046875
1356,1369,745A6403,1893,0.05421094596385956,13.588926315307617,31.630563735961914,10677.974609375,E,2339.07373046875
1357,1358,745A6403,1894,0.07732029259204865,33.69599914550781,18.15080451965332,8718.865234375,E,1711.046875
1357,1427,745A6403,1895,0.25883060693740845,49.87691879272461,27.938386917114258,30576.810546875,E,1682.8980712890625
1358,1391,745A6403,1896,0.09055668115615845,29.14092445373535,26.066268920898438,15550.736328125,E,1706.7755126953125
1359,1401,745A6403,1897,0.2772594690322876,72.49969482421875,32.39149475097656,59743.140625,E,2066.614501953125
1359,1453,745A6403,1898,0.4169710576534271,85.45968627929688,23.47653579711914,36992.96875,E,2035.891845703125
1360,1362,745A6403,1899,0.025216223672032356,18.772924423217773,24.11376190185547,8573.3740234375,E,1536.6798095703125
1360,1438,745A6403,1900,0.5315634608268738,148.66502380371094,31.889514923095703,118739.3125,E,1483.251708984375
1361,1372,745A6403,1901,2.66243577003479,102.53005981445312,13.243693351745605,14124.052734375,E,1469.2767333984375
1361,1439,745A6403,1902,9.953625679016113,79.01783752441406,9.351824760437012,5427.5986328125,E,1453.5267333984375
1362,1365,745A6403,1903,0.03258438780903816,32.17763900756836,17.837858200073242,8041.359375,E,1541.58740234375
1362,1414,745A6403,1904,0.10680099576711655,34.7696418762207,26.45064353942871,19105.68359375,E,1521.248291015625
1363,1396,745A6403,1905,0.29699650406837463,24.401639938354492,21.21562385559082,8626.2197265625,E,2158.1220703125
1364,1445,745A6403,1906,0.3254815340042114,79.5704574584961,31.42611312866211,61719.59375,E,2455.420166015625
1364,1466,745A6403,1907,0.36377304792404175,86.97806549072266,25.354982376098633,43916.3515625,E,2473.095947265625
1365,1404,745A6403,1908,0.1537766307592392,35.58277130126953,30.642004013061523,26240.009765625,E,1528.296875
1366,1391,745A6403,1909,0.3422977030277252,66.24205017089844,24.778270721435547,31942.259765625,E,1717.622802734375
1366,1392,745A6403,1910,0.11375375837087631,20.291284561157227,26.871591567993164,11507.638671875,E,1730.6636962890625
1367,1368,745A6403,1911,0.13834427297115326,22.883283615112305,25.89958953857422,12055.7431640625,E,2079.040283203125
1367,1434,745A6403,1912,0.2373085618019104,44.69292068481445,17.23577880859375,10427.74609375,E,2058.4951171875
1368,1384,745A6403,1913,0.09028349816799164,19.846567153930664,29.657846450805664,13710.5380859375,E,2089.713134765625
1369,1400,745A6403,1914,9.777353286743164,31.2882080078125,10.452552795410156,2684.82080078125,E,2329.196044921875
1369,1457,745A6403,1915,0.4531422257423401,99.41703796386719,29.733049392700195,69028.6796875,E,2283.051025390625
1370,1371,745A6403,1916,0.08893772214651108,25.920000076293945,24.21240997314453,11934.4091796875,E,1475.23291015625
1370,1378,745A6403,1917,0.04475286602973938,7.331283092498779,25.5050106048584,3745.595458984375,E,1471.72119140625
1371,1419,745A6403,1918,0.15129204094409943,34.32492446899414,30.132192611694336,24477.154296875,E,1460.858154296875
1372,1377,745A6403,1919,0.01568641886115074,3.6656415462493896,30.573354721069336,2691.07666015625,E,1468.849609375
1373,1390,745A6403,1920,0.17018716037273407,32.80656433105469,22.10634994506836,12591.7099609375,E,1578.4306640625
1374,1408,745A6403,1921,0.7236030697822571,20.736000061035156,13.71514892578125,3063.486083984375,E,2191.93994140625
1375,1405,745A6403,1922,0.3932754695415497,55.68984603881836,15.949984550476074,11127.2138671875,E,1485.5057373046875
1375,1438,745A6403,1923,0.18260177969932556,46.8402099609375,32.09925842285156,37905.1953125,E,1475.7564697265625
1376,1429,745A6403,1924,0.2309015691280365,55.874053955078125,31.122140884399414,42504.8984375,E,1452.07177734375
1377,1378,745A6403,1925,0.11883406341075897,38.435279846191406,21.57686996459961,14053.8984375,E,1470.467041015625
1377,1440,745A6403,1926,0.22309823334217072,52.20840835571289,30.604568481445312,38406.33203125,E,1447.2177734375
1378,1440,745A6403,1927,0.25335243344306946,49.43220520019531,23.849225997924805,22082.509765625,E,1447.694580078125
1379,1388,745A6403,1928,0.1802796870470047,34.32492446899414,21.651508331298828,12637.92578125,E,1502.195556640625
1379,1456,745A6403,1929,0.6058429479598999,97.7144775390625,21.904905319213867,36824.05078125,E,1463.3084716796875
1380,1388,745A6403,1930,0.048094768077135086,12.51528263092041,32.26325225830078,10231.677734375,E,1506.515380859375
1381,1411,745A6403,1931,0.09170932322740555,22.883283615112305,31.61196517944336,17960.201171875,E,1796.5635986328125
1382,1395,745A6403,1932,1.9164307117462158,48.35856628417969,9.132444381713867,3167.6513671875,E,1970.0087890625
1382,1417,745A6403,1933,0.07586459070444107,27.17784881591797,26.79352378845215,15323.7353515625,E,1986.2490234375
1383,1417,745A6403,1934,0.07920560985803604,28.251487731933594,29.522268295288086,19338.849609375,E,1997.252685546875
1384,1399,745A6403,1935,0.37507280707359314,93.05149841308594,31.522993087768555,72621.9921875,E,2118.60888671875
1384,1434,745A6403,1936,0.18217818439006805,51.134769439697266,28.64806365966797,32960.72265625,E,2068.83837890625
1385,1418,745A6403,1937,2.402254343032837,98.86441802978516,14.113133430480957,15465.9580078125,E,2315.812744140625
1385,1506,745A6403,1938,0.35432955622673035,111.30340576171875,32.32345962524414,91334.3203125,E,2234.885986328125
1386,1441,745A6403,1939,0.2604924440383911,73.12861633300781,33.515865325927734,64517.5859375,E,1714.4771728515625
1387,1437,745A6403,1940,0.21545211970806122,53.282047271728516,31.466567993164062,41435.20703125,E,1868.119384765625
1387,1443,745A6403,1941,2.3891007900238037,68.20512390136719,11.326170921325684,6871.84130859375,E,1884.9149169921875
1388,1398,745A6403,1942,0.03455215319991112,8.849641799926758,32.0122184753418,7122.740234375,E,1497.7960205078125
1390,1406,745A6403,1943,0.033788032829761505,8.849641799926758,32.35408020019531,7275.68115234375,E,1565.2607421875
1391,1427,745A6403,1944,0.10436569154262543,33.435489654541016,25.79414176940918,17471.884765625,E,1680.4888916015625
1392,1407,745A6403,1945,0.18909741938114166,29.14092254638672,20.059572219848633,9209.509765625,E,1727.37255859375
1392,1431,745A6403,1946,0.14807219803333282,27.6225643157959,27.526226043701172,16437.93359375,E,1709.250732421875
1393,1421,745A6403,1947,0.19128401577472687,45.32184600830078,30.80933952331543,33787.98046875,E,2238.589111328125
1393,1457,745A6403,1948,0.24220214784145355,59.35548782348633,22.086732864379883,22741.21875,E,2249.1748046875
1394,1488,745A6403,1949,0.3625561594963074,93.60409545898438,32.23235321044922,76378.078125,E,1779.7862548828125
1395,1412,745A6403,1950,0.2862491309642792,8.849641799926758,11.516031265258789,921.7671508789062,E,1947.959228515625
1396,1399,745A6403,1951,0.02597348764538765,6.257641315460205,31.01555824279785,4727.80712890625,E,2147.526611328125
1396,1408,745A6403,1952,0.2555527091026306,60.42912673950195,30.758981704711914,44903.48828125,E,2164.754638671875
1397,1410,745A6403,1953,0.10078365355730057,25.47528076171875,15.762898445129395,4971.42626953125,E,1579.4085693359375
1397,1556,745A6403,1954,0.634436309337616,149.47816467285156,30.91895294189453,112232.125,E,1509.627197265625
1398,1449,745A6403,1955,0.21540120244026184,55.4293327331543,28.18701934814453,34588.19140625,E,1473.2073974609375
1398,1483,745A6403,1956,0.21203669905662537,64.98419952392578,29.686141967773438,44978.5234375,E,1466.6490478515625
1399,1428,745A6403,1957,0.012171954847872257,15.552000045776367,29.18551254272461,10404.25,E,2139.1962890625
1401,1409,745A6403,1958,0.02945099025964737,8.849641799926758,34.65524673461914,8347.4443359375,E,2077.24658203125
1401,1453,745A6403,1959,0.20188908278942108,57.83712387084961,29.459579467773438,39423.0,E,2051.024169921875
1402,1413,745A6403,1960,0.048637766391038895,12.51528263092041,32.071407318115234,10110.359375,E,1650.7913818359375
1402,1442,745A6403,1961,0.17284731566905975,65.16841125488281,32.58708572387695,54352.3203125,E,1623.170166015625
1403,1410,745A6403,1962,0.24332964420318604,29.14092254638672,18.34226417541504,7700.14794921875,E,1590.8726806640625
1403,1516,745A6403,1963,0.23644664883613586,76.87055969238281,31.50847816467285,59938.3515625,E,1559.707275390625
1404,1414,745A6403,1964,0.02732263132929802,7.331283092498779,32.75716018676758,6178.48974609375,E,1508.9810791015625
1404,1556,745A6403,1965,2.2450032234191895,178.95591735839844,24.570619583129883,84853.1875,E,1500.608154296875
1405,1481,745A6403,1966,0.36183440685272217,91.90155029296875,31.816919326782227,73068.296875,E,1437.203125
1406,1426,745A6403,1967,0.20202133059501648,40.58256149291992,23.584251403808594,17728.5625,E,1552.00537109375
1406,1436,745A6403,1968,0.09547662734985352,22.883283615112305,31.001953125,17273.73828125,E,1552.0672607421875
1407,1431,745A6403,1969,0.3957597315311432,42.100929260253906,12.198047637939453,4919.9677734375,E,1712.691162109375
1407,1432,745A6403,1970,0.1771661788225174,38.61948776245117,22.947874069213867,15972.8095703125,E,1728.1915283203125
1408,1421,745A6403,1971,0.22744664549827576,55.06092071533203,31.122465133666992,41887.19921875,E,2202.111572265625
1409,1452,745A6403,1972,0.178486168384552,49.17169189453125,33.248348236083984,42691.8671875,E,2077.4208984375
1410,1696,745A6403,1973,0.9921112656593323,208.64944458007812,29.73748016357422,144915.71875,E,1486.25439453125
1411,1420,745A6403,1974,0.02547648921608925,6.257641315460205,31.33530616760254,4825.79052734375,E,1787.591064453125
1411,1454,745A6403,1975,0.614920973777771,110.93498992919922,24.362836837768555,51714.71484375,E,1807.7918701171875
1413,1525,745A6403,1976,1.3112263679504395,85.2754898071289,14.177762985229492,13462.6181640625,E,1626.7647705078125
1414,1455,745A6403,1977,0.17608359456062317,47.0244140625,32.636070251464844,39337.703125,E,1484.46484375
1415,1416,745A6403,1978,0.14463216066360474,36.288002014160156,24.963306427001953,17760.580078125,E,1457.51611328125
1415,1430,745A6403,1979,0.2735295295715332,35.398563385009766,20.22576332092285,11373.2705078125,E,1448.51953125
1415,1447,745A6403,1980,0.12241753935813904,26.993640899658203,23.695371627807617,11903.6015625,E,1442.213134765625
1416,1459,745A6403,1981,0.16318398714065552,41.02728271484375,31.732864379882812,32447.494140625,E,1440.8995361328125
1417,1711,745A6403,1982,1.1986979246139526,254.52389526367188,29.26500129699707,171204.65625,E,1868.36572265625
1418,1494,745A6403,1983,0.22753706574440002,70.98133087158203,31.071582794189453,53822.11328125,E,2310.88623046875
1419,1430,745A6403,1984,0.27320635318756104,41.65620422363281,21.115615844726562,14587.373046875,E,1446.3857421875
1419,1531,745A6403,1985,0.3686663508415222,84.38605499267578,30.29817771911621,60840.609375,E,1410.618896484375
1420,1423,745A6403,1986,0.26432690024375916,32.17763900756836,19.011402130126953,9134.23828125,E,1775.20654296875
1420,1504,745A6403,1987,0.251696914434433,66.05784606933594,32.41699981689453,54520.51171875,E,1766.1778564453125
1421,1484,745A6403,1988,2.4359023571014404,79.01783752441406,12.167631149291992,9188.1298828125,E,2207.49365234375
1422,1474,745A6403,1989,0.21100656688213348,61.242252349853516,34.089447021484375,55896.03125,E,1838.066162109375
1422,1495,745A6403,1990,2.8825392723083496,99.75383758544922,14.842769622802734,17260.341796875,E,1880.7591552734375
1423,1433,745A6403,1991,0.06111834570765495,5.184000015258789,18.40932273864746,1379.8455810546875,E,1762.0877685546875
1425,1460,745A6403,1992,0.22033369541168213,41.21148681640625,27.803499221801758,25021.13671875,E,1494.0128173828125
1425,1461,745A6403,1993,0.03258438780903816,32.17763900756836,17.837858200073242,8041.359375,E,1498.287109375
1426,1436,745A6403,1994,0.11450265347957611,36.91692352294922,18.373607635498047,9788.2314453125,E,1538.2266845703125
1426,1448,745A6403,1995,0.17342689633369446,30.843490600585938,26.7098445892334,17282.083984375,E,1523.2626953125
1427,1546,745A6403,1996,0.36976537108421326,86.79385375976562,30.634580612182617,63973.88671875,E,1627.941650390625
1428,1471,745A6403,1997,0.4506467580795288,91.27262115478516,28.86508560180664,59727.7421875,E,2095.508056640625
1428,1619,745A6403,1998,0.6203622817993164,127.82112884521484,28.956666946411133,84176.2734375,E,2089.751708984375
1429,1439,745A6403,1999,0.07475033402442932,18.772924423217773,31.698787689208984,14815.1865234375,E,1430.316162109375
1430,1446,745A6403,2000,0.21875570714473724,20.920207977294922,17.478652954101562,5019.630859375,E,1434.146484375
1431,1540,745A6403,2001,0.3417479395866394,83.31240844726562,31.216602325439453,63763.30859375,E,1662.50341796875
1432,1435,745A6403,2002,0.02076469175517559,3.6656415462493896,26.573101043701172,2032.93896484375,E,1731.5198974609375
1433,1435,745A6403,2003,1.2241721153259277,49.87691879272461,8.8781099319458,3087.667724609375,E,1744.5645751953125
1433,1503,745A6403,2004,0.43911534547805786,55.06092071533203,18.827035903930664,15328.416015625,E,1741.502197265625
1434,1479,745A6403,2005,0.27384358644485474,72.05497741699219,32.49184036254883,59745.12890625,E,2012.0965576171875
1435,1554,745A6403,2006,0.3136088252067566,83.12820434570312,28.858959197998047,54375.04296875,E,1698.9884033203125
1436,1451,745A6403,2007,0.06601263582706451,16.625642776489258,31.69295883178711,13115.7734375,E,1534.0794677734375
1437,1454,745A6403,2008,0.10775797069072723,26.10420799255371,31.113075256347656,19846.607421875,E,1832.783203125
1438,1530,745A6403,2009,0.24494998157024384,67.76040649414062,33.31443786621094,59065.09375,E,1423.355712890625
1439,1490,745A6403,2010,0.30091479420661926,74.64697265625,31.50963592529297,58208.828125,E,1410.19091796875
1440,1536,745A6403,2011,0.2929786443710327,73.57333374023438,31.68396759033203,58008.203125,E,1398.229736328125
1441,1475,745A6403,2012,0.1548486053943634,42.28512954711914,33.12015914916992,36430.26953125,E,1663.40625
1441,1480,745A6403,2013,0.01646551676094532,31.104000091552734,25.09341812133789,15382.458984375,E,1668.912109375
1442,1458,745A6403,2014,0.06588095426559448,19.217641830444336,34.12714767456055,17578.830078125,E,1593.3363037109375
1444,1463,745A6403,2015,0.190877303481102,42.28512954711914,29.856107711791992,29603.556640625,E,2490.31298828125
1444,1472,745A6403,2016,0.025602279230952263,25.920000076293945,20.123716354370117,8244.0625,E,2499.721435546875
1445,1469,745A6403,2017,0.21236589550971985,55.2451286315918,32.342529296875,45387.03515625,E,2391.70703125
1445,1519,745A6403,2018,0.1750403493642807,45.137638092041016,20.37203025817871,14712.8681640625,E,2403.874755859375
1446,1447,745A6403,2019,0.04632596671581268,17.699283599853516,14.960125923156738,3111.115234375,E,1429.95458984375
1446,1467,745A6403,2020,0.14125870168209076,25.47528076171875,20.480880737304688,8392.78515625,E,1417.2047119140625
1447,1468,745A6403,2021,0.06415067613124847,19.217641830444336,25.519973754882812,9829.9296875,E,1420.0186767578125
1448,1461,745A6403,2022,0.25793224573135376,54.17148971557617,28.947040557861328,35650.7734375,E,1496.0780029296875
1448,1462,745A6403,2023,0.6399005055427551,66.5025634765625,16.316570281982422,13905.4814453125,E,1506.9189453125
1449,1482,745A6403,2024,0.10201311111450195,34.509132385253906,26.25675392150879,18685.552734375,E,1436.426025390625
1449,1492,745A6403,2025,0.11689061671495438,29.58563995361328,13.585890769958496,4288.91162109375,E,1436.17578125
1450,1505,745A6403,2026,0.9289701581001282,41.65620803833008,20.53326416015625,13793.8525390625,E,2606.403564453125
1451,1462,745A6403,2027,0.04016510769724846,9.923283576965332,31.425447463989258,7696.76513671875,E,1521.740966796875
1451,1478,745A6403,2028,0.1264500468969345,37.54584503173828,26.84097671508789,21244.59375,E,1524.8875732421875
1452,1512,745A6403,2029,0.16452154517173767,50.5058479309082,22.473718643188477,20034.634765625,E,2055.70751953125
1452,1520,745A6403,2030,0.22508026659488678,56.50297164916992,31.692272186279297,44572.59375,E,2080.798583984375
1453,1486,745A6403,2031,0.08519019186496735,22.883283615112305,32.76396560668945,19293.060546875,E,2016.8538818359375
1454,1501,745A6403,2032,0.14543192088603973,35.58277130126953,31.287683486938477,27357.50390625,E,1803.0357666015625
1455,1476,745A6403,2033,0.06241247057914734,14.033641815185547,30.035903930664062,9943.5546875,E,1457.087890625
1455,1517,745A6403,2034,0.5699665546417236,71.87076568603516,18.612144470214844,19553.97265625,E,1449.7086181640625
1456,1459,745A6403,2035,0.16538351774215698,39.50892639160156,23.292282104492188,16834.84765625,E,1424.739990234375
1456,1511,745A6403,2036,0.1825341284275055,30.659282684326172,20.596050262451172,10214.5625,E,1416.63671875
1457,1484,745A6403,2037,0.07890208065509796,19.846567153930664,31.681293487548828,15645.19921875,E,2227.018798828125
1458,1516,745A6403,2038,0.3081205189228058,93.86461639404297,31.9301700592041,75161.296875,E,1552.4019775390625
1458,1571,745A6403,2039,0.24683886766433716,68.64984893798828,33.333526611328125,59908.98828125,E,1560.8660888671875
1459,1477,745A6403,2040,0.06324681639671326,16.180923461914062,31.964597702026367,12984.693359375,E,1414.874267578125
1460,1465,745A6403,2041,0.01570294052362442,23.956926345825195,25.69549560546875,12423.2421875,E,1477.049560546875
1460,1491,745A6403,2042,0.2725703716278076,91.97785186767578,32.98604202270508,78602.0,E,1455.6273193359375
1461,1465,745A6403,2043,0.019400469958782196,3.6656415462493896,27.491527557373047,2175.893310546875,E,1481.9681396484375
1462,1606,745A6403,2044,0.3526211380958557,91.53313446044922,32.211673736572266,74592.4375,E,1475.0411376953125
1463,1466,745A6403,2045,0.10695937275886536,26.993640899658203,31.82946014404297,21478.794921875,E,2459.392822265625
1463,1472,745A6403,2046,0.1232060045003891,37.99056625366211,28.258920669555664,23827.408203125,E,2478.4970703125
1464,1469,745A6403,2047,0.09511928260326385,20.291284561157227,29.346237182617188,13724.7451171875,E,2360.890869140625
1464,1473,745A6403,2048,0.05560740455985069,13.588924407958984,31.23053550720215,10409.595703125,E,2348.49560546875
1465,1736,745A6403,2049,0.7183638215065002,190.95016479492188,30.957050323486328,143723.921875,E,1395.285888671875
1466,1519,745A6403,2050,0.2295626550912857,61.50277328491211,32.75035858154297,51810.37109375,E,2420.53515625
1467,1468,745A6403,2051,0.012361399829387665,2.5920000076293945,28.961008071899414,1707.4666748046875,E,1410.5732421875
1467,1531,745A6403,2052,0.21024149656295776,48.54277038574219,25.378223419189453,24554.826171875,E,1393.7850341796875
1468,1470,745A6403,2053,0.01738351583480835,3.6656415462493896,29.042646408081055,2428.355224609375,E,1409.6114501953125
1469,1526,745A6403,2054,0.10849367082118988,26.993640899658203,24.785818099975586,13024.404296875,E,2359.623779296875
1470,1477,745A6403,2055,0.09391818940639496,29.58563995361328,26.173662185668945,15918.416015625,E,1410.1845703125
1470,1572,745A6403,2056,0.5421134233474731,57.65291976928711,18.358901977539062,15261.759765625,E,1381.1650390625
1471,1593,745A6403,2057,0.4859505593776703,120.1530532836914,31.447097778320312,93322.3828125,E,1995.158935546875
1471,1618,745A6403,2058,1.9317538738250732,102.08533477783203,20.301959991455078,33046.78125,E,2044.1337890625
1472,1533,745A6403,2059,0.5557825565338135,120.67405700683594,29.1805477142334,80703.1875,E,2529.9423828125
1473,1485,745A6403,2060,0.17062817513942719,34.95384979248047,28.840248107910156,22834.046875,E,2330.993896484375
1473,1527,745A6403,2061,0.12375381588935852,23.328001022338867,23.2259521484375,9883.583984375,E,2335.251953125
1474,1487,745A6403,2062,0.020632503554224968,6.257641315460205,34.825321197509766,5960.611328125,E,1805.50830078125
1474,1488,745A6403,2063,0.40790867805480957,119.60041809082031,29.657474517822266,82621.09375,E,1771.1090087890625
1475,1480,745A6403,2064,0.07377548515796661,29.14092445373535,30.378005981445312,21120.8671875,E,1647.8486328125
1475,1515,745A6403,2065,0.15715055167675018,43.803489685058594,33.40074157714844,38380.515625,E,1627.369873046875
1476,1545,745A6403,2066,0.22872567176818848,52.20840835571289,30.341646194458008,37749.2734375,E,1426.921142578125
1476,1576,745A6403,2067,0.2366323620080948,72.13127899169922,28.23467254638672,45162.60546875,E,1434.9462890625
1477,1578,745A6403,2068,0.21536707878112793,58.726558685302734,27.980077743530273,36109.56640625,E,1382.5997314453125
1478,1529,745A6403,2069,0.2016003280878067,43.358768463134766,29.321090698242188,29277.03515625,E,1518.585693359375
1478,1553,745A6403,2070,0.3213825821876526,51.134769439697266,16.483182907104492,10911.5966796875,E,1500.4923095703125
1479,1568,745A6403,2071,0.4133571684360504,55.68984603881836,19.721359252929688,17011.3828125,E,1958.774169921875
1479,1598,745A6403,2072,0.5615052580833435,114.96904754638672,28.739418029785156,74580.75,E,1924.9381103515625
1480,1489,745A6403,2073,0.15818800032138824,34.32492446899414,29.66120719909668,23717.94921875,E,1662.9691162109375
1481,1535,745A6403,2074,0.2346109002828598,83.31241607666016,29.62998390197754,57446.3515625,E,1392.8800048828125
1481,1557,745A6403,2075,0.44265151023864746,133.81825256347656,32.44404602050781,110630.5859375,E,1377.504150390625
1482,1492,745A6403,2076,0.14613373577594757,32.361846923828125,29.827482223510742,22612.90625,E,1417.906982421875
1482,1511,745A6403,2077,0.14204555749893188,36.47220993041992,32.06010437011719,29442.986328125,E,1411.7474365234375
1483,1491,745A6403,2078,0.012712787836790085,3.6656415462493896,33.96132278442383,3320.542724609375,E,1438.16259765625
1483,1500,745A6403,2079,0.17344430088996887,42.100921630859375,31.42544937133789,32654.607421875,E,1432.7427978515625
1484,1569,745A6403,2080,0.2513403296470642,59.53969192504883,30.778518676757812,44298.79296875,E,2191.968505859375
1485,1493,745A6403,2081,0.04525627940893173,9.923283576965332,29.58349609375,6820.94091796875,E,2311.9345703125
1485,1537,745A6403,2082,0.12600699067115784,39.064205169677734,18.281763076782227,10254.2763671875,E,2312.957275390625
1486,1512,745A6403,2083,0.16923394799232483,56.76348876953125,31.449596405029297,44094.9765625,E,2021.888671875
1486,1522,745A6403,2084,0.07889532297849655,20.920207977294922,32.558902740478516,17417.8828125,E,1996.9217529296875
1487,1497,745A6403,2085,0.02416074462234974,7.331283092498779,34.838932037353516,6988.75048828125,E,1802.069091796875
1487,1509,745A6403,2086,0.03733259066939354,14.662566184997559,34.33379364013672,13575.1123046875,E,1795.111083984375
1488,1498,745A6403,2087,0.07717667520046234,20.291284561157227,32.43571472167969,16766.65234375,E,1729.1376953125
1489,1499,745A6403,2088,0.15901146829128265,43.174560546875,32.95998001098633,36837.62890625,E,1682.150146484375
1489,1559,745A6403,2089,0.2404026836156845,71.87076568603516,25.657590866088867,37159.84375,E,1643.719970703125
1490,1510,745A6403,2090,0.13111767172813416,27.6225643157959,29.14877700805664,18432.935546875,E,1385.1854248046875
1490,1558,745A6403,2091,0.06670789420604706,39.95363998413086,18.04875373840332,10222.11328125,E,1369.91259765625
1491,1614,745A6403,2092,0.2763040363788605,76.42584991455078,33.27250671386719,66450.953125,E,1405.583251953125
1492,1500,745A6403,2093,0.0502217561006546,11.441641807556152,30.173328399658203,8181.34423828125,E,1421.465087890625
1493,1502,745A6403,2094,0.1540200114250183,31.73292350769043,28.896377563476562,20810.703125,E,2295.49658203125
1493,1538,745A6403,2095,0.14311915636062622,26.54892349243164,23.13265037536621,11158.0322265625,E,2297.979736328125
1494,1502,745A6403,2096,0.013412738218903542,3.6656415462493896,33.06330490112305,3147.258544921875,E,2282.31884765625
1494,1506,745A6403,2097,0.4896118640899658,127.82112884521484,32.5087776184082,106094.734375,E,2231.33740234375
1495,1496,745A6403,2098,0.22822198271751404,56.579280853271484,31.514039993286133,44132.1875,E,1844.1700439453125
1495,1514,745A6403,2099,0.06757313758134842,18.772924423217773,33.33154296875,16380.70703125,E,1865.326416015625
1496,1497,745A6403,2100,0.2107832431793213,41.027278900146484,21.54330825805664,14955.0341796875,E,1815.991455078125
1496,1539,745A6403,2101,0.058878809213638306,24.401639938354492,18.885541915893555,6835.4609375,E,1816.68994140625
1497,1539,745A6403,2102,0.290988028049469,48.98748779296875,27.25021743774414,28570.314453125,E,1800.979736328125
1498,1499,745A6403,2103,0.22818011045455933,61.318565368652344,32.775794982910156,51735.45703125,E,1706.639892578125
1498,1628,745A6403,2104,0.5820066928863525,110.75077056884766,24.459585189819336,52039.703125,E,1710.401611328125
1499,1580,745A6403,2105,1.196826457977295,48.803279876708984,15.880120277404785,9665.9931640625,E,1668.8275146484375
1500,1613,745A6403,2106,0.2599119544029236,70.16820526123047,30.202922821044922,50272.234375,E,1391.2501220703125
1501,1592,745A6403,2107,0.2505451738834381,78.94153594970703,30.775184631347656,58721.453125,E,1746.1422119140625
1501,1737,745A6403,2108,6.3637847900390625,183.69515991210938,11.939142227172852,20565.2421875,E,1759.5372314453125
1502,1538,745A6403,2109,0.14055289328098297,28.69620704650879,24.051076889038086,13037.1728515625,E,2284.1376953125
1503,1504,745A6403,2110,0.19473221898078918,33.69599914550781,21.613605499267578,12362.9658203125,E,1732.78955078125
1503,1518,745A6403,2111,0.03628067672252655,7.331283092498779,28.423559188842773,4651.86181640625,E,1719.0257568359375
1504,1592,745A6403,2112,0.21014264225959778,53.54256057739258,31.940786361694336,42902.265625,E,1725.650146484375
1505,1533,745A6403,2113,0.09489607810974121,23.512208938598633,31.44075584411621,18254.47265625,E,2579.0654296875
1505,1583,745A6403,2114,3.6709096431732178,64.53948974609375,11.786457061767578,7041.77197265625,E,2597.0771484375
1506,1548,745A6403,2115,0.15783938765525818,41.84041213989258,32.53266143798828,34779.6328125,E,2163.947265625
1507,1508,745A6403,2116,0.021780963987112045,2.5920000076293945,21.817699432373047,969.0424194335938,E,2148.21044921875
1507,1548,745A6403,2117,0.20859044790267944,35.39856719970703,20.706844329833984,11920.7451171875,E,2148.31005859375
1508,1520,745A6403,2118,2.9649717807769775,96.90133666992188,11.907212257385254,10790.4580078125,E,2117.397216796875
1508,1570,745A6403,2119,0.41336095333099365,44.87712860107422,17.137136459350586,10351.21875,E,2128.69970703125
1509,1628,745A6403,2120,0.34583717584609985,96.19611358642578,33.407447814941406,84320.6640625,E,1741.5496826171875
1509,1637,745A6403,2121,0.5614175200462341,82.68348693847656,20.276187896728516,26698.15625,E,1763.430908203125
1510,1542,745A6403,2122,0.3030558228492737,52.65312957763672,26.423431396484375,28873.0390625,E,1369.2347412109375
1510,1561,745A6403,2123,0.038794249296188354,31.104000091552734,16.34796905517578,6528.8056640625,E,1363.4534912109375
1511,1532,745A6403,2124,0.05441461130976677,14.662566184997559,32.814308166503906,12400.1328125,E,1397.0501708984375
1512,1521,745A6403,2125,0.013421021401882172,3.6656415462493896,33.0531005859375,3145.31591796875,E,2034.5020751953125
1513,1514,745A6403,2126,0.27229148149490356,71.68656158447266,32.50015640258789,59470.08203125,E,1891.4605712890625
1513,1524,745A6403,2127,0.07254675775766373,16.180925369262695,29.88283348083496,11348.4560546875,E,1918.8814697265625
1513,1555,745A6403,2128,0.030356770381331444,25.920000076293945,18.480754852294922,6952.873046875,E,1904.45849609375
1514,1585,745A6403,2129,0.11236198991537094,49.43220520019531,25.036561965942383,24336.001953125,E,1849.853271484375
1515,1525,745A6403,2130,0.03160189092159271,8.849641799926758,33.466392517089844,7784.546875,E,1606.51953125
1515,1586,745A6403,2131,0.2636171579360962,66.0578384399414,24.934070587158203,32255.265625,E,1595.0836181640625
1516,1581,745A6403,2132,0.1741163730621338,47.4691276550293,33.01738357543945,40643.0625,E,1501.89013671875
1517,1528,745A6403,2133,0.20191141963005066,30.214563369750977,25.947832107543945,15977.482421875,E,1416.7239990234375
1517,1545,745A6403,2134,0.3064400851726532,32.80656433105469,16.659942626953125,7151.50830078125,E,1410.8255615234375
1518,1563,745A6403,2135,0.22291670739650726,61.05805206298828,27.927413940429688,37401.953125,E,1688.4766845703125
1518,1607,745A6403,2136,0.21534143388271332,58.726566314697266,24.524309158325195,27740.740234375,E,1695.8070068359375
1519,1547,745A6403,2137,0.17551478743553162,42.28512954711914,31.11274528503418,32148.017578125,E,2372.849365234375
1520,1541,745A6403,2138,0.06944567710161209,18.772924423217773,32.85921096801758,15919.7451171875,E,2080.798095703125
1521,1534,745A6403,2139,0.037090618163347244,9.923283576965332,32.690834045410156,8329.0849609375,E,2030.044677734375
1521,1541,745A6403,2140,0.829058825969696,79.01783752441406,17.45135498046875,18900.501953125,E,2055.578857421875
1522,1523,745A6403,2141,0.45834463834762573,73.83384704589844,24.891176223754883,35928.265625,E,1965.4617919921875
1522,1550,745A6403,2142,0.10630042105913162,28.69620704650879,32.81023025512695,24262.353515625,E,1974.7030029296875
1523,1524,745A6403,2143,0.13408592343330383,28.067279815673828,28.94987678527832,18474.96484375,E,1931.52197265625
1523,1544,745A6403,2144,0.11220413446426392,18.144001007080078,22.317733764648438,7097.78955078125,E,1932.7161865234375
1524,1551,745A6403,2145,0.1582954078912735,20.736000061035156,18.902551651000977,5819.0986328125,E,1913.5267333984375
1525,1620,745A6403,2146,0.34384286403656006,95.12246704101562,33.286407470703125,82776.453125,E,1558.954345703125
1526,1527,745A6403,2147,0.02877839282155037,31.104000091552734,18.98078727722168,8801.0517578125,E,2340.9501953125
1526,1547,745A6403,2148,0.07703571021556854,25.03056526184082,25.479156494140625,12762.3505859375,E,2355.2939453125
1527,1537,745A6403,2149,0.06884883344173431,12.51528263092041,26.895572662353516,7110.36865234375,E,2322.6767578125
1528,1530,745A6403,2150,0.2277766466140747,65.87364196777344,30.149051666259766,47027.17578125,E,1400.55029296875
1528,1632,745A6403,2151,0.6544547080993652,79.20204162597656,21.352169036865234,28360.265625,E,1375.0263671875
1529,1553,745A6403,2152,0.254483163356781,34.95384979248047,22.4146785736084,13792.7197265625,E,1500.2003173828125
1529,1566,745A6403,2153,0.17420803010463715,41.84041213989258,30.994102478027344,31567.7734375,E,1507.923583984375
1530,1535,745A6403,2154,0.012621602974832058,3.6656415462493896,34.083778381347656,3344.531982421875,E,1391.874267578125
1531,1577,745A6403,2155,0.16056713461875916,31.73292350769043,28.34362030029297,20022.146484375,E,1362.1488037109375
1532,1578,745A6403,2156,0.1772497594356537,54.80040740966797,29.617250442504883,37754.015625,E,1371.879638671875
1532,1759,745A6403,2157,0.6405562162399292,154.1095428466797,31.537988662719727,120389.1640625,E,1328.5240478515625
1533,1640,745A6403,2158,0.2972466051578522,92.53047180175781,31.514970779418945,72178.6015625,E,2524.760986328125
1534,1575,745A6403,2159,0.15566755831241608,44.87712860107422,27.756851196289062,27155.345703125,E,2026.4090576171875
1534,1657,745A6403,2160,0.32179343700408936,82.86769104003906,32.10770797729492,67095.5546875,E,1986.65576171875
1535,1582,745A6403,2161,0.12493287026882172,34.95384979248047,33.462989807128906,30740.74609375,E,1374.995849609375
1536,1543,745A6403,2162,0.1341370940208435,39.50891876220703,20.527822494506836,13075.8759765625,E,1365.6298828125
1536,1562,745A6403,2163,0.08372180908918381,20.291284561157227,31.1295108795166,15443.4384765625,E,1360.72216796875
1537,1584,745A6403,2164,0.08140779286623001,29.58563995361328,27.745189666748047,17887.359375,E,2309.322265625
1539,1552,745A6403,2165,0.06719629466533661,23.956924438476562,27.320087432861328,14043.8154296875,E,1811.3779296875
1540,1597,745A6403,2166,0.15807056427001953,35.398563385009766,29.940662384033203,24922.884765625,E,1610.733154296875
1540,1624,745A6403,2167,0.30148613452911377,70.79712677001953,22.28240966796875,27607.673828125,E,1623.8079833984375
1541,1549,745A6403,2168,0.02632748708128929,7.331283092498779,33.36944580078125,6411.62109375,E,2078.768310546875
1542,1543,745A6403,2169,0.027828115969896317,5.184000015258789,27.30784034729004,3036.194580078125,E,1359.5172119140625
1542,1594,745A6403,2170,0.06754183024168015,28.511999130249023,17.606552124023438,6941.7060546875,E,1345.1612548828125
1543,1562,745A6403,2171,0.18055564165115356,47.913848876953125,25.295469284057617,24078.888671875,E,1352.2767333984375
1544,1550,745A6403,2172,0.4651704430580139,55.06092071533203,19.227060317993164,15986.7099609375,E,1944.6759033203125
1544,1551,745A6403,2173,0.023507241159677505,29.14092254638672,21.001323699951172,10094.5400390625,E,1915.305908203125
1545,1639,745A6403,2174,0.25799882411956787,64.72368621826172,31.715309143066406,51131.796875,E,1376.5308837890625
1546,1588,745A6403,2175,0.0920276939868927,21.809640884399414,30.761573791503906,16208.9736328125,E,1580.5555419921875
1546,1596,745A6403,2176,2.689120054244995,56.76348876953125,10.112201690673828,4558.798828125,E,1572.646240234375
1547,1584,745A6403,2177,0.27591773867607117,58.9107666015625,29.352869033813477,39864.44140625,E,2326.41455078125
1548,1589,745A6403,2178,0.15609784424304962,37.10112762451172,30.814865112304688,27669.259765625,E,2126.563720703125
1549,1573,745A6403,2179,0.06269890069961548,17.254566192626953,33.155147552490234,14896.8974609375,E,2078.787109375
1549,1575,745A6403,2180,0.7134113311767578,60.24491882324219,17.109920501708984,13851.802734375,E,2054.8564453125
1550,1673,745A6403,2181,0.33505308628082275,88.86482238769531,32.59766387939453,74163.9296875,E,1920.9959716796875
1551,1555,745A6403,2182,0.08608519285917282,14.033641815185547,25.64107322692871,7246.57275390625,E,1900.3614501953125
1552,1585,745A6403,2183,0.18405874073505402,43.803489685058594,30.897184371948242,32842.515625,E,1822.535888671875
1552,1668,745A6403,2184,0.263731986284256,74.01805114746094,29.16295051574707,49441.3671875,E,1784.23828125
1553,1623,745A6403,2185,0.1880721002817154,39.95363998413086,29.239086151123047,26827.10546875,E,1469.230224609375
1554,1563,745A6403,2186,0.026347119361162186,6.257641315460205,30.859086990356445,4680.224609375,E,1664.8775634765625
1554,1567,745A6403,2187,0.02620464563369751,9.923283576965332,30.9271183013916,7454.59716796875,E,1662.058349609375
1555,1564,745A6403,2188,0.03409932553768158,7.331283092498779,29.2807559967041,4936.67431640625,E,1891.5277099609375
1556,1560,745A6403,2189,0.0097593879327178,2.5920000076293945,32.59389114379883,2162.705078125,E,1445.30517578125
1557,1558,745A6403,2190,0.2159586250782013,59.17127990722656,33.106788635253906,50937.1875,E,1353.205322265625
1557,1675,745A6403,2191,0.3475547134876251,92.97518920898438,32.7529411315918,78335.3046875,E,1323.5574951171875
1558,1565,745A6403,2192,0.02636776678264141,7.331283092498779,33.349037170410156,6403.78125,E,1347.88134765625
1559,1586,745A6403,2193,0.0787554457783699,20.920207977294922,32.5997200012207,17461.58203125,E,1602.2772216796875
1559,1651,745A6403,2194,0.3464425802230835,82.60717010498047,30.895004272460938,61927.5859375,E,1609.56787109375
1560,1644,745A6403,2195,0.37180015444755554,102.26953887939453,33.12144088745117,88115.9765625,E,1405.3623046875
1560,1696,745A6403,2196,0.34460923075675964,85.4596939086914,26.332725524902344,46541.765625,E,1417.9727783203125
1561,1565,745A6403,2197,0.04838269576430321,21.809640884399414,30.875415802001953,16329.1669921875,E,1345.5550537109375
1561,1594,745A6403,2198,0.26851630210876465,51.57948684692383,27.83281707763672,31382.044921875,E,1338.8623046875
1562,1633,745A6403,2199,0.24768227338790894,52.20840835571289,29.049848556518555,34603.34375,E,1332.524169921875
1563,1567,745A6403,2200,0.014679963700473309,3.6656415462493896,31.604032516479492,2875.576171875,E,1661.4710693359375
1564,1650,745A6403,2201,0.29713842272758484,78.94153594970703,32.586238861083984,65836.0703125,E,1852.8826904296875
1564,1673,745A6403,2202,0.3070625364780426,78.75733184814453,25.58255958557129,40482.64453125,E,1888.5555419921875
1565,1723,745A6403,2203,0.35958099365234375,92.42257690429688,32.21194076538086,75318.5078125,E,1301.194580078125
1566,1630,745A6403,2204,0.2455432116985321,60.61333084106445,31.420883178710938,46999.671875,E,1499.4674072265625
1566,1635,745A6403,2205,0.3089328408241272,71.87076568603516,23.811994552612305,32006.171875,E,1473.7774658203125
1567,1625,745A6403,2206,0.20204122364521027,51.76368713378906,32.02369689941406,41692.5078125,E,1635.294677734375
1568,1593,745A6403,2207,0.14099274575710297,26.10420799255371,20.0257511138916,8222.0107421875,E,1936.37109375
1568,1600,745A6403,2208,0.05667008459568024,20.291284561157227,19.205289840698242,5878.15673828125,E,1925.245849609375
1569,1579,745A6403,2209,0.8355201482772827,28.067279815673828,18.4909610748291,7537.18505859375,E,2172.66162109375
1569,1627,745A6403,2210,0.1748153418302536,40.76676940917969,30.540386199951172,29863.810546875,E,2144.74658203125
1570,1573,745A6403,2211,0.8376045227050781,44.692928314208984,15.104846000671387,8008.68603515625,E,2095.92138671875
1570,1589,745A6403,2212,0.05925191938877106,12.51528263092041,29.00998878479004,8272.2890625,E,2110.782958984375
1571,1591,745A6403,2213,1.2110551595687866,66.686767578125,12.212701797485352,7811.8349609375,E,1522.0233154296875
1571,1620,745A6403,2214,0.06809535622596741,34.9538459777832,32.35480499267578,28738.388671875,E,1525.8148193359375
1572,1577,745A6403,2215,0.040494903922080994,21.809640884399414,16.001007080078125,4385.64013671875,E,1351.9693603515625
1572,1587,745A6403,2216,0.3661695420742035,35.843284606933594,15.85048770904541,7072.66259765625,E,1348.872314453125
1573,1574,745A6403,2217,0.009632311761379242,2.5920000076293945,32.80818557739258,2191.23681640625,E,2077.5576171875
1573,1603,745A6403,2218,0.07023302465677261,19.846567153930664,27.969106674194336,12193.615234375,E,2076.95947265625
1574,1616,745A6403,2219,0.2890380918979645,45.76656723022461,23.919876098632812,20566.294921875,E,2058.478759765625
1575,1610,745A6403,2220,0.20366719365119934,33.435489654541016,26.16120147705078,17972.68359375,E,2033.0601806640625
1576,1605,745A6403,2221,0.10754822939634323,25.03056526184082,30.41234588623047,18182.783203125,E,1393.5634765625
1576,1612,745A6403,2222,0.10588856041431427,25.03056526184082,30.77744483947754,18621.97265625,E,1395.997802734375
1577,1629,745A6403,2223,0.26517170667648315,30.659282684326172,21.911245346069336,11560.7490234375,E,1334.5013427734375
1578,1587,745A6403,2224,0.032479941844940186,7.331283092498779,30.042709350585938,5196.9443359375,E,1353.057373046875
1580,1590,745A6403,2225,0.10329261422157288,6.257641315460205,15.796913146972656,1226.436279296875,E,1647.2095947265625
1580,1604,745A6403,2226,0.7789437174797058,50.5058479309082,17.17455291748047,11700.4462890625,E,1646.067626953125
1581,1591,745A6403,2227,1.1716009378433228,58.726558685302734,16.707683563232422,12875.287109375,E,1492.0008544921875
1581,1733,745A6403,2228,0.3862880766391754,105.93519592285156,33.12633514404297,91301.296875,E,1431.61669921875
1582,1621,745A6403,2229,0.4441458582878113,58.726558685302734,22.178693771362305,22688.0078125,E,1358.59765625
1582,1689,745A6403,2230,0.24039365351200104,66.686767578125,33.30910873413086,58110.62890625,E,1328.94287109375
1584,1654,745A6403,2231,0.19553843140602112,60.61333084106445,29.8852596282959,42517.9296875,E,2275.3466796875
1585,1642,745A6403,2232,0.16745209693908691,35.84328079223633,29.69283103942871,24819.947265625,E,1813.396240234375
1586,1611,745A6403,2233,0.06982658058404922,18.772924423217773,32.7221794128418,15787.2412109375,E,1583.707275390625
1587,1684,745A6403,2234,0.25887325406074524,55.689849853515625,29.34674644470215,37669.15234375,E,1325.292724609375
1588,1597,745A6403,2235,1.2158650159835815,51.39527893066406,9.88724422454834,3946.0595703125,E,1584.8631591796875
1588,1694,745A6403,2236,0.25670650601387024,61.318565368652344,30.91942596435547,46041.0,E,1545.2237548828125
1589,1599,745A6403,2237,0.03549427166581154,7.331283092498779,28.722898483276367,4750.35888671875,E,2105.860595703125
1590,1604,745A6403,2238,0.11393976956605911,8.849641799926758,13.490646362304688,1264.9725341796875,E,1641.0748291015625
1591,1683,745A6403,2239,1.7585101127624512,91.08841705322266,15.07278823852539,16253.25,E,1483.0970458984375
1592,1615,745A6403,2240,0.053462736308574677,15.107283592224121,33.61436080932617,13406.826171875,E,1704.30517578125
1593,1608,745A6403,2241,0.06793468445539474,15.107283592224121,29.79779624938965,10535.2431640625,E,1933.868408203125
1594,1622,745A6403,2242,0.1298447847366333,27.17784881591797,28.92018699645996,17852.83203125,E,1323.9422607421875
1595,1648,745A6403,2243,0.8334490656852722,36.91692352294922,15.046865463256836,6564.587890625,E,1514.769287109375
1597,1661,745A6403,2244,0.10423028469085693,38.435279846191406,29.03130340576172,25442.103515625,E,1579.277587890625
1598,1617,745A6403,2245,0.16441446542739868,31.288206100463867,21.663171768188477,11532.2646484375,E,1858.373046875
1598,1636,745A6403,2246,0.1467500776052475,25.47528076171875,20.378835678100586,8309.3603515625,E,1864.9044189453125
1599,1602,745A6403,2247,0.045283425599336624,8.849641799926758,27.96094512939453,5433.99560546875,E,2097.97216796875
1599,1659,745A6403,2248,0.05006778612732887,36.91692352294922,22.42998504638672,14587.2470703125,E,2094.671630859375
1600,1608,745A6403,2249,0.09494416415691376,20.291284561157227,22.397329330444336,7994.51025390625,E,1922.5562744140625
1600,1626,745A6403,2250,0.15263034403324127,33.88020706176758,22.325021743774414,13262.3271484375,E,1902.6402587890625
1601,1653,745A6403,2251,0.20075847208499908,36.027488708496094,26.780595779418945,20293.845703125,E,2332.380859375
1602,1603,745A6403,2252,0.03598994389176369,25.47528076171875,24.246423721313477,11762.6240234375,E,2086.849609375
1602,1655,745A6403,2253,0.09704133868217468,37.54584884643555,27.9609432220459,23054.484375,E,2078.64794921875
1603,1656,745A6403,2254,0.14997416734695435,28.511999130249023,21.7331485748291,10577.0087890625,E,2067.4775390625
1604,1658,745A6403,2255,0.6808485984802246,33.25128173828125,10.709129333496094,2995.067138671875,E,1623.3372802734375
1605,1612,745A6403,2256,0.06734608113765717,19.217641830444336,26.185321807861328,10349.1767578125,E,1383.6851806640625
1605,1646,745A6403,2257,0.08261649310588837,39.6931266784668,23.032062530517578,16537.537109375,E,1371.01953125
1606,1623,745A6403,2258,0.2688712179660797,70.16820526123047,24.705636978149414,33637.39453125,E,1442.403076171875
1606,1788,745A6403,2259,0.48833972215652466,121.30299377441406,31.54523277282715,94804.4765625,E,1376.322998046875
1607,1615,745A6403,2260,0.31510964035987854,39.95363998413086,20.121450424194336,12704.7109375,E,1687.13134765625
1607,1709,745A6403,2261,0.3441486060619354,59.800209045410156,26.36900520324707,32657.287109375,E,1649.9720458984375
1608,1670,745A6403,2262,0.26360824704170227,52.20840835571289,28.255081176757812,32735.837890625,E,1902.8172607421875
1609,1672,745A6403,2263,2.212406635284424,32.17763900756836,8.808135032653809,1960.703857421875,E,2625.2177734375
1610,1616,745A6403,2264,0.05449458211660385,8.849641799926758,25.399559020996094,4484.02392578125,E,2037.6048583984375
1610,1657,745A6403,2265,0.45552581548690796,98.86441802978516,27.006628036499023,56633.140625,E,1993.950927734375
1611,1638,745A6403,2266,0.08498877286911011,21.99384880065918,32.15945816040039,17865.2265625,E,1564.4117431640625
1611,1681,745A6403,2267,0.13042819499969482,48.35856628417969,23.3513240814209,20710.298828125,E,1572.1431884765625
1612,1645,745A6403,2268,0.07980962097644806,20.291284561157227,31.90761947631836,16225.1328125,E,1378.494384765625
1613,1614,745A6403,2269,5.819362640380859,44.06399917602539,6.106507301330566,1290.504638671875,E,1366.6805419921875
1613,1660,745A6403,2270,0.11024357378482819,29.140928268432617,32.423194885253906,24060.51171875,E,1347.089599609375
1614,1736,745A6403,2271,0.2799222767353058,71.68656158447266,32.035274505615234,57780.9296875,E,1341.08837890625
1615,1710,745A6403,2272,0.20542410016059875,57.20820617675781,33.38304901123047,50072.609375,E,1674.4090576171875
1616,1679,745A6403,2273,0.1839652955532074,32.17763900756836,20.93134880065918,11072.3173828125,E,2031.5792236328125
1617,1662,745A6403,2274,0.16958189010620117,23.328001022338867,18.007936477661133,5941.4892578125,E,1835.60498046875
1617,1677,745A6403,2275,0.1435895562171936,39.064208984375,18.719547271728516,10751.265625,E,1825.9783935546875
1618,1619,745A6403,2276,0.10336342453956604,23.328001022338867,14.211780548095703,3700.53369140625,E,2038.748779296875
1618,1671,745A6403,2277,0.20305582880973816,28.067279815673828,23.635997772216797,12315.1044921875,E,2019.4971923828125
1619,1719,745A6403,2278,0.25078755617141724,56.579280853271484,30.174440383911133,40459.98828125,E,2033.2265625
1620,1634,745A6403,2279,0.03143127262592316,8.849641799926758,33.54802703857422,7822.5712890625,E,1514.77197265625
1621,1632,745A6403,2280,0.13607914745807648,20.291284561157227,12.572220802307129,2518.972412109375,E,1341.92431640625
1621,1669,745A6403,2281,0.19097992777824402,30.214567184448242,18.678049087524414,8278.8359375,E,1330.6483154296875
1622,1687,745A6403,2282,0.16243955492973328,47.4691276550293,27.222122192382812,27627.72265625,E,1303.7108154296875
1622,1692,745A6403,2283,0.07353131473064423,37.36164093017578,17.143936157226562,8624.5595703125,E,1298.1881103515625
1623,1635,745A6403,2284,0.05026198923587799,12.51528263092041,31.532596588134766,9773.498046875,E,1449.06787109375
1624,1625,745A6403,2285,0.019660107791423798,5.184000015258789,32.471431732177734,4292.96923828125,E,1610.23583984375
1624,1661,745A6403,2286,0.24775050580501556,57.39241409301758,30.628137588500977,42284.92578125,E,1585.545166015625
1625,1806,745A6403,2287,0.5202349424362183,138.29705810546875,30.797855377197266,103025.2734375,E,1586.6387939453125
1626,1636,745A6403,2288,0.17094066739082336,36.91692352294922,29.3312931060791,24944.673828125,E,1873.129150390625
1626,1670,745A6403,2289,0.1242142915725708,29.14092445373535,22.69530487060547,11788.681640625,E,1885.27978515625
1627,1631,745A6403,2290,0.7829855680465698,26.993640899658203,19.418132781982422,7994.0390625,E,2136.57080078125
1627,1663,745A6403,2291,0.12060737609863281,28.251487731933594,30.616437911987305,20798.908203125,E,2112.17431640625
1628,1643,745A6403,2292,0.199905663728714,68.64984893798828,32.368309020996094,56489.73046875,E,1713.594482421875
1628,1703,745A6403,2293,0.17534533143043518,67.94461059570312,33.669212341308594,60493.7890625,E,1664.9501953125
1629,1633,745A6403,2294,0.07812927663326263,19.217641830444336,16.484031677246094,4101.255859375,E,1318.82861328125
1629,1688,745A6403,2295,0.2840074300765991,32.80656814575195,16.654109954833984,7146.501953125,E,1306.56396484375
1630,1647,745A6403,2296,0.09568044543266296,25.030563354492188,32.29908752441406,20508.8359375,E,1496.71630859375
1630,1729,745A6403,2297,0.4383663833141327,124.07920837402344,29.386201858520508,84154.2109375,E,1449.33251953125
1632,1669,745A6403,2298,0.28039488196372986,34.95384979248047,22.846677780151367,14329.5,E,1327.19189453125
1633,1688,745A6403,2299,0.3858838379383087,41.65620803833008,21.914306640625,15711.7685546875,E,1300.25634765625
1634,1638,745A6403,2300,0.3287501335144043,86.16492462158203,28.10866928100586,53468.86328125,E,1534.1129150390625
1634,1683,745A6403,2301,0.09577503800392151,26.10420799255371,33.03835678100586,22378.82421875,E,1500.2391357421875
1635,1729,745A6403,2302,0.234333336353302,55.06092071533203,30.789112091064453,40994.6953125,E,1424.6614990234375
1636,1662,745A6403,2303,0.18625180423259735,36.47220993041992,27.9954833984375,22450.59765625,E,1841.998046875
1637,1643,745A6403,2304,0.030659936368465424,8.849641799926758,33.97152328491211,8021.31591796875,E,1732.56982421875
1637,1668,745A6403,2305,0.14501170814037323,41.65620803833008,33.89464569091797,37586.49609375,E,1742.0211181640625
1638,1682,745A6403,2306,0.07464520633220673,19.217641830444336,32.134674072265625,15586.111328125,E,1546.7642822265625
1639,1646,745A6403,2307,0.18259133398532867,37.36164093017578,22.212282180786133,14477.7861328125,E,1349.664306640625
1639,1734,745A6403,2308,0.33532899618148804,92.97518920898438,33.3349609375,81144.078125,E,1310.2138671875
1640,1665,745A6403,2309,0.11727084219455719,30.214563369750977,32.115196228027344,24475.263671875,E,2469.513427734375
1640,1672,745A6403,2310,0.6463753581047058,170.8114776611328,32.531700134277344,141977.796875,E,2547.487548828125
1641,1649,745A6403,2311,0.08582019805908203,23.956924438476562,33.412532806396484,21005.82421875,E,2186.82958984375
1641,1659,745A6403,2312,0.40769389271736145,114.2322006225586,33.480037689208984,100565.796875,E,2134.69970703125
1641,1695,745A6403,2313,0.17456549406051636,26.993640899658203,22.02179527282715,10281.5078125,E,2170.431884765625
1642,1650,745A6403,2314,0.045704714953899384,24.401639938354492,21.3278751373291,8717.7431640625,E,1806.38525390625
1642,1680,745A6403,2315,0.09356865286827087,18.772924423217773,28.316654205322266,11822.400390625,E,1792.10986328125
1643,1691,745A6403,2316,0.09993794560432434,24.401639938354492,26.6693172454834,13631.15625,E,1719.4449462890625
1644,1645,745A6403,2317,0.019204892218112946,5.184000015258789,32.8524055480957,4394.294921875,E,1371.296875
1644,1697,745A6403,2318,0.10382900387048721,28.067279815673828,32.87034606933594,23817.640625,E,1360.0628662109375
1645,1698,745A6403,2319,0.21954797208309174,49.43220520019531,26.268531799316406,26789.923828125,E,1356.091552734375
1646,1705,745A6403,2320,0.19768202304840088,32.80656433105469,26.362205505371094,17906.640625,E,1339.8433837890625
1647,1648,745A6403,2321,0.01899191550910473,5.184000015258789,33.04289627075195,4445.40234375,E,1497.540283203125
1647,1805,745A6403,2322,0.38321158289909363,107.71405792236328,31.403343200683594,83428.421875,E,1448.05615234375
1648,1760,745A6403,2323,0.3863668441772461,97.08554077148438,31.738670349121094,76810.734375,E,1485.2802734375
1649,1666,745A6403,2324,0.18675118684768677,49.87691879272461,32.708824157714844,41910.1640625,E,2211.042724609375
1649,1695,745A6403,2325,0.21820223331451416,48.803279876708984,19.683456420898438,14850.5185546875,E,2177.723876953125
1650,1680,745A6403,2326,0.08566296100616455,29.140928268432617,27.5833683013916,17413.572265625,E,1800.1483154296875
1651,1658,745A6403,2327,0.04249988868832588,8.849641799926758,28.853858947753906,5786.59912109375,E,1607.92578125
1651,1704,745A6403,2328,0.07075221836566925,38.435279846191406,21.01152801513672,13327.0859375,E,1591.8468017578125
1652,1653,745A6403,2329,0.12692445516586304,28.067279815673828,21.300661087036133,10001.7587890625,E,2306.806884765625
1653,1786,745A6403,2330,0.3810760974884033,92.16205596923828,28.137563705444336,57307.96875,E,2282.58935546875
1654,1666,745A6403,2331,0.10683197528123856,28.067279815673828,32.41947937011719,23168.73046875,E,2239.05810546875
1654,1678,745A6403,2332,0.15587806701660156,37.990562438964844,31.265817642211914,29167.900390625,E,2261.28955078125
1655,1656,745A6403,2333,0.018307166174054146,5.184000015258789,33.655181884765625,4611.67578125,E,2060.47607421875
1655,1667,745A6403,2334,0.02602473273873329,7.331283092498779,33.53953170776367,6477.1484375,E,2062.884033203125
1656,1679,745A6403,2335,0.16257353127002716,45.32184600830078,33.402610778808594,39715.33984375,E,2039.50146484375
1657,1690,745A6403,2336,0.2892436683177948,74.90748596191406,32.19552230834961,60982.6171875,E,1923.8192138671875
1658,1722,745A6403,2337,0.24361847341060638,56.763484954833984,26.29207992553711,30818.306640625,E,1606.097412109375
1659,1667,745A6403,2338,0.0911618247628212,29.58563995361328,27.202878952026367,17194.9375,E,2074.561279296875
1660,1699,745A6403,2339,0.13892291486263275,28.067279815673828,28.545398712158203,17962.3203125,E,1325.719482421875
1660,1700,745A6403,2340,0.0704103484749794,20.291284561157227,28.209264755249023,12681.861328125,E,1325.6915283203125
1661,1676,745A6403,2341,0.02828151360154152,7.331283092498779,32.1925048828125,5967.3212890625,E,1561.50537109375
1662,1677,745A6403,2342,0.12435296177864075,22.438568115234375,26.807811737060547,12665.0751953125,E,1817.7091064453125
1663,1685,745A6403,2343,0.4740126132965088,26.54892349243164,22.333768844604492,10400.658203125,E,2107.68798828125
1663,1777,745A6403,2344,0.41035735607147217,102.4537582397461,31.628721237182617,80497.25,E,2049.56201171875
1664,1672,745A6403,2345,0.23414789140224457,60.24491882324219,32.0792121887207,48692.0078125,E,2642.868408203125
1665,1686,745A6403,2346,0.7424240708351135,196.28677368164062,32.556983947753906,163406.46875,E,2378.14892578125
1665,1841,745A6403,2347,0.43909579515457153,120.6740493774414,30.24408721923828,86693.140625,E,2441.8896484375
1666,1789,745A6403,2348,1.2883234024047852,80.98091888427734,15.593894958496094,15466.134765625,E,2206.84130859375
1667,1746,745A6403,2349,0.15615488588809967,52.024200439453125,29.34368133544922,35182.3203125,E,2052.88916015625
1668,1702,745A6403,2350,0.11953642964363098,32.361846923828125,32.938995361328125,27576.80078125,E,1750.4959716796875
1669,1674,745A6403,2351,0.02035616524517536,3.6656415462493896,26.838424682617188,2073.738037109375,E,1316.60498046875
1670,1750,745A6403,2352,0.29886406660079956,73.75753784179688,31.400861740112305,57118.84375,E,1844.1041259765625
1671,1739,745A6403,2353,0.17291659116744995,43.17456817626953,24.875036239624023,20981.92578125,E,1993.36865234375
1671,1767,745A6403,2354,2.389125108718872,121.74771118164062,13.055244445800781,16297.48828125,E,1965.35107421875
1673,1690,745A6403,2355,0.10724052786827087,37.54584884643555,28.443119049072266,23856.474609375,E,1884.089599609375
1673,1731,745A6403,2356,0.2250896394252777,60.61333084106445,32.81516647338867,51263.3828125,E,1849.333251953125
1674,1689,745A6403,2357,0.1730591356754303,49.43220901489258,27.274444580078125,28880.966796875,E,1304.6591796875
1674,1734,745A6403,2358,0.08450821787118912,38.435279846191406,15.844535827636719,7578.42529296875,E,1297.8048095703125
1675,1714,745A6403,2359,0.4097556471824646,92.60678100585938,28.35552215576172,58480.078125,E,1285.664306640625
1675,1755,745A6403,2360,0.32120466232299805,94.9382553100586,31.895721435546875,75857.0546875,E,1265.3397216796875
1676,1694,745A6403,2361,0.1709074229001999,60.873844146728516,25.94244956970215,32176.779296875,E,1537.296875
1676,1753,745A6403,2362,0.2125178575515747,52.46892166137695,31.474430084228516,40823.26953125,E,1538.288818359375
1677,1708,745A6403,2363,0.2993888258934021,46.395484924316406,24.928865432739258,22644.91015625,E,1791.4605712890625
1678,1686,745A6403,2364,0.11886467784643173,31.73292350769043,32.687435150146484,26629.416015625,E,2284.881591796875
1678,1785,745A6403,2365,1.0224933624267578,76.42584228515625,16.030488967895508,15424.9453125,E,2248.30908203125
1679,1725,745A6403,2366,0.3321229815483093,93.2356948852539,33.519962310791016,82277.1328125,E,1980.7047119140625
1680,1721,745A6403,2367,0.07779064774513245,31.2882080078125,28.821542739868164,20412.9140625,E,1774.5224609375
1681,1682,745A6403,2368,0.11271557211875916,35.843284606933594,26.955780029296875,20455.09375,E,1548.788330078125
1681,1704,745A6403,2369,0.2459220439195633,54.6161994934082,29.919231414794922,38398.3203125,E,1569.3060302734375
1682,1727,745A6403,2370,0.13121776282787323,34.32492446899414,32.33955383300781,28194.703125,E,1524.4998779296875
1683,1713,745A6403,2371,0.08558501303195953,23.956924438476562,33.43974685668945,21040.056640625,E,1477.24951171875
1684,1693,745A6403,2372,0.06467031687498093,34.32492446899414,22.07282066345215,13134.548828125,E,1296.506591796875
1684,1718,745A6403,2373,0.16955186426639557,26.54892349243164,25.21995735168457,13262.5029296875,E,1288.4429931640625
1686,1730,745A6403,2374,0.12425317615270615,45.95077133178711,31.591785430908203,36018.94921875,E,2295.61474609375
1687,1692,745A6403,2375,0.14447295665740967,33.251285552978516,30.622020721435547,24488.71484375,E,1281.9036865234375
1687,1715,745A6403,2376,0.1516692340373993,29.769847869873047,28.020132064819336,18357.216796875,E,1279.10546875
1688,1693,745A6403,2377,0.04026711732149124,7.331283092498779,26.981294631958008,4191.75048828125,E,1290.1751708984375
1689,1755,745A6403,2378,0.19296464323997498,53.726768493652344,33.375118255615234,47003.0703125,E,1275.603515625
1690,1726,745A6403,2379,0.02877839282155037,28.067279815673828,18.98078727722168,7941.794921875,E,1883.900634765625
1691,1754,745A6403,2380,0.12625107169151306,50.061126708984375,23.846982955932617,22359.2578125,E,1701.6163330078125
1691,1757,745A6403,2381,0.23003645241260529,61.05805206298828,27.460233688354492,36161.07421875,E,1683.2994384765625
1692,1717,745A6403,2382,0.14832766354084015,40.137847900390625,32.88836669921875,34097.97265625,E,1271.6444091796875
1693,1707,745A6403,2383,0.04886399582028389,8.849641799926758,26.894554138183594,5027.40966796875,E,1284.3094482421875
1694,1760,745A6403,2384,0.1603073626756668,52.65312957763672,29.755409240722656,36613.89453125,E,1496.423583984375
1695,1745,745A6403,2385,0.2144300490617752,49.17169189453125,30.28626251220703,35423.8984375,E,2137.84375
1696,1854,745A6403,2386,0.5080291032791138,146.7019500732422,31.836639404296875,116783.1484375,E,1320.435546875
1697,1698,745A6403,2387,0.02060805819928646,31.104000091552734,22.429983139038086,12290.34375,E,1342.6475830078125
1697,1765,745A6403,2388,0.18733593821525574,49.87691879272461,32.67445373535156,41822.1328125,E,1326.9129638671875
1698,1706,745A6403,2389,0.030085235834121704,7.331283092498779,31.138015747070312,5582.7958984375,E,1334.5811767578125
1699,1700,745A6403,2390,0.039123985916376114,7.776000022888184,28.246679306030273,4872.826171875,E,1315.46337890625
1699,1759,745A6403,2391,0.1669873744249344,54.17148971557617,24.919937133789062,26421.32421875,E,1290.2391357421875
1700,1845,745A6403,2392,0.6435720920562744,100.82748413085938,24.018827438354492,45684.87109375,E,1275.1123046875
1701,1720,745A6403,2393,0.08361048996448517,16.180925369262695,27.790868759155273,9815.162109375,E,2385.44482421875
1702,1721,745A6403,2394,0.11958619207143784,31.2882080078125,32.32485580444336,25676.970703125,E,1756.85400390625
1702,1754,745A6403,2395,0.347389280796051,71.87076568603516,26.24349021911621,38876.3359375,E,1724.052734375
1703,1712,745A6403,2396,0.07984454929828644,23.956924438476562,34.65297317504883,22594.45703125,E,1624.6572265625
1703,1716,745A6403,2397,0.04958455264568329,14.662566184997559,34.31236267089844,13558.171875,E,1632.6182861328125
1704,1763,745A6403,2398,0.36020687222480774,44.06399917602539,22.752824783325195,17916.140625,E,1558.86083984375
1705,1706,745A6403,2399,0.15333770215511322,34.7696418762207,12.388537406921387,4191.12060546875,E,1328.5419921875
1705,1884,745A6403,2400,0.5683335065841675,145.18359375,32.04964065551758,117126.1171875,E,1258.4805908203125
1706,1766,745A6403,2401,0.17740432918071747,47.913848876953125,32.90483093261719,40744.62109375,E,1310.499755859375
1707,1715,745A6403,2402,0.16606546938419342,38.435279846191406,19.334552764892578,11284.65234375,E,1275.8201904296875
1707,1735,745A6403,2403,0.15454205870628357,27.17784881591797,26.584442138671875,15085.5126953125,E,1272.511474609375
1708,1711,745A6403,2404,0.15820510685443878,39.5089225769043,24.121700286865234,18055.142578125,E,1755.3671875
1708,1793,745A6403,2405,2.3890209197998047,90.19898223876953,11.500239372253418,9369.259765625,E,1765.138671875
1709,1710,745A6403,2406,0.104073166847229,33.69599914550781,16.42280387878418,7137.77490234375,E,1638.3634033203125
1709,1772,745A6403,2407,0.29122257232666016,45.76656723022461,25.137239456176758,22712.94140625,E,1607.78271484375
1710,1776,745A6403,2408,0.18305504322052002,49.43220520019531,32.867149353027344,41939.56640625,E,1631.0941162109375
1711,1738,745A6403,2409,0.11258406192064285,20.920207977294922,27.229122161865234,12182.1279296875,E,1733.994384765625
1712,1716,745A6403,2410,3.0884149074554443,123.71076965332031,15.051331520080566,22011.37890625,E,1600.04931640625
1712,1722,745A6403,2411,0.08130279928445816,23.956926345825195,34.29920959472656,22135.494140625,E,1605.0048828125
1713,1732,745A6403,2412,2.5957722663879395,101.27220153808594,14.528388023376465,16788.62109375,E,1487.30029296875
1713,1821,745A6403,2413,0.27370190620422363,75.98112487792969,33.3127555847168,66224.1953125,E,1430.3203125
1714,1749,745A6403,2414,0.04456774890422821,36.47220993041992,23.91987419128418,16389.65234375,E,1255.9990234375
1714,1751,745A6403,2415,0.09232160449028015,28.067283630371094,25.814552307128906,14689.921875,E,1252.981201171875
1715,1781,745A6403,2416,0.2706552743911743,59.53969192504883,25.514726638793945,30442.359375,E,1251.49951171875
1716,1757,745A6403,2417,0.2845430076122284,79.2020492553711,33.46469497680664,69662.65625,E,1642.5162353515625
1717,1728,745A6403,2418,0.1562822461128235,39.5089225769043,31.8387393951416,31455.513671875,E,1258.9407958984375
1717,1885,745A6403,2419,0.6982164978981018,126.22648620605469,25.816818237304688,66076.3125,E,1212.435302734375
1718,1735,745A6403,2420,0.07087769359350204,13.588924407958984,27.64255714416504,8155.1396484375,E,1270.6712646484375
1718,1796,745A6403,2421,2.513353109359741,120.85829162597656,16.770999908447266,26698.341796875,E,1263.443603515625
1719,1739,745A6403,2422,0.1890762746334076,43.174560546875,25.790124893188477,22554.05859375,E,1998.64599609375
1719,1777,745A6403,2423,0.120456263422966,44.248207092285156,30.536243438720703,32405.353515625,E,2009.2537841796875
1720,1724,745A6403,2424,1.6388015747070312,26.993640899658203,14.549020767211914,4487.64892578125,E,2389.500732421875
1720,1778,745A6403,2425,0.22177258133888245,62.131690979003906,27.95511245727539,38135.15625,E,2349.67724609375
1721,1741,745A6403,2426,0.12976090610027313,30.214563369750977,30.552942276000977,22151.966796875,E,1766.702880859375
1722,1763,745A6403,2427,0.23687885701656342,65.16841125488281,33.19411087036133,56396.10546875,E,1567.526611328125
1723,1728,745A6403,2428,0.014020485803484917,3.6656415462493896,32.338768005371094,3010.833984375,E,1255.8306884765625
1723,1749,745A6403,2429,0.027132973074913025,36.472206115722656,30.464502334594727,26585.208984375,E,1251.634033203125
1725,1773,745A6403,2430,0.3561881184577942,103.60369873046875,34.12856674194336,94776.625,E,1894.9779052734375
1725,1790,745A6403,2431,0.1331891417503357,41.47200012207031,18.001134872436523,10554.669921875,E,1926.8714599609375
1726,1731,745A6403,2432,0.5380880832672119,80.72040557861328,22.18043327331543,31189.849609375,E,1841.9866943359375
1726,1773,745A6403,2433,0.18030713498592377,31.104000091552734,20.418195724487305,10184.5263671875,E,1861.5322265625
1727,1732,745A6403,2434,0.014199144206941128,3.6656415462493896,32.134674072265625,2972.950439453125,E,1507.8770751953125
1727,1743,745A6403,2435,0.09485580772161484,29.14092445373535,27.64314079284668,17489.12109375,E,1514.2149658203125
1728,1758,745A6403,2436,0.05562558025121689,21.809640884399414,31.75370216369629,17271.384765625,E,1244.1697998046875
1729,1742,745A6403,2437,0.022895127534866333,6.257641315460205,33.04289627075195,5366.0751953125,E,1399.900390625
1730,1787,745A6403,2438,0.26534590125083923,69.46297454833984,32.3740234375,57179.0078125,E,2314.656005859375
1730,1816,745A6403,2439,0.27758288383483887,72.49968719482422,29.118614196777344,48280.015625,E,2275.431884765625
1731,1740,745A6403,2440,0.023054301738739014,6.257641315460205,32.94084930419922,5332.982421875,E,1817.5938720703125
1732,1770,745A6403,2441,0.11553660035133362,28.067279815673828,31.18749237060547,21441.30078125,E,1494.2752685546875
1733,1764,745A6403,2442,0.08368346095085144,33.435489654541016,30.407163619995117,24280.0390625,E,1376.96435546875
1733,1771,745A6403,2443,0.1266699880361557,33.435489654541016,32.51967239379883,27770.89453125,E,1365.685302734375
1734,1747,745A6403,2444,0.033959075808525085,9.923283576965332,34.185829162597656,9108.3037109375,E,1276.2843017578125
1735,1782,745A6403,2445,0.08203727751970291,37.54584503173828,24.76890754699707,18091.12109375,E,1248.9464111328125
1736,1812,745A6403,2446,0.18347328901290894,50.32164001464844,33.12555694580078,43368.1640625,E,1286.72802734375
1737,1738,745A6403,2447,0.0426938571035862,12.960000038146973,26.991497039794922,7415.6435546875,E,1719.066162109375
1737,1860,745A6403,2448,0.7146409749984741,167.6221466064453,30.856731414794922,125349.0703125,E,1636.6953125
1738,1877,745A6403,2449,0.4034360945224762,97.790771484375,31.28476905822754,75171.578125,E,1685.3563232421875
1739,1744,745A6403,2450,0.031203998252749443,7.331283092498779,30.627779006958008,5401.33203125,E,1976.7376708984375
1740,1741,745A6403,2451,0.20701614022254944,61.76327896118164,30.403635025024414,44840.5859375,E,1795.3114013671875
1740,1774,745A6403,2452,0.13911721110343933,33.435489654541016,31.115131378173828,25423.822265625,E,1800.9052734375
1741,1791,745A6403,2453,0.2827143967151642,60.42912292480469,25.97229766845703,32015.251953125,E,1748.8958740234375
1742,1752,745A6403,2454,0.1830882430076599,47.913848876953125,32.50745391845703,39766.45703125,E,1384.9522705078125
1742,1804,745A6403,2455,0.13619858026504517,47.28491973876953,31.26099395751953,36292.6015625,E,1378.6636962890625
1743,1770,745A6403,2456,0.17539788782596588,46.211280822753906,18.031747817993164,11800.8564453125,E,1499.1751708984375
1743,1780,745A6403,2457,0.27132776379585266,64.53948211669922,26.98582649230957,36913.6328125,E,1526.6939697265625
1744,1767,745A6403,2458,0.22025293111801147,54.17148971557617,31.357507705688477,41835.3828125,E,1948.561767578125
1744,1807,745A6403,2459,0.5332810878753662,50.5058479309082,18.059223175048828,12936.8828125,E,1964.302978515625
1745,1748,745A6403,2460,0.336019366979599,88.31221008300781,27.497360229492188,52443.6171875,E,2080.718017578125
1745,1810,745A6403,2461,0.23557130992412567,60.61333084106445,32.14487838745117,49190.5390625,E,2085.849853515625
1746,1748,745A6403,2462,0.012223167344927788,3.6656415462493896,34.63483428955078,3453.552978515625,E,2044.927001953125
1746,1790,745A6403,2463,0.5685861110687256,159.73825073242188,33.55313491821289,141242.375,E,1980.6649169921875
1747,1849,745A6403,2464,0.3825121223926544,88.86482238769531,30.664064407348633,65626.4921875,E,1235.5721435546875
1747,1924,745A6403,2465,0.5663526058197021,116.3794937133789,28.292457580566406,73165.71875,E,1217.9996337890625
1748,1833,745A6403,2466,0.24763135612010956,56.579280853271484,30.614173889160156,41647.83203125,E,2030.59912109375
1749,1751,745A6403,2467,0.12043720483779907,31.2882080078125,32.28218078613281,25609.216796875,E,1237.72900390625
1749,1758,745A6403,2468,0.07423381507396698,33.251285552978516,30.786195755004883,24752.00390625,E,1235.0858154296875
1750,1783,745A6403,2469,0.12824146449565887,28.251487731933594,29.9293212890625,19875.814453125,E,1793.4427490234375
1750,1784,745A6403,2470,0.1486770212650299,21.809640884399414,20.348220825195312,7092.3681640625,E,1802.47509765625
1751,1761,745A6403,2471,0.0730132907629013,21.36492347717285,34.193477630615234,19619.041015625,E,1236.6038818359375
1752,1788,745A6403,2472,0.25661584734916687,77.05477142333984,26.96224021911621,43994.8046875,E,1341.6851806640625
1752,1912,745A6403,2473,0.5055248141288757,113.52699279785156,30.326873779296875,82005.75,E,1319.76318359375
1753,1775,745A6403,2474,4.489437103271484,77.94419860839844,11.036709785461426,7456.80712890625,E,1491.4033203125
1753,1814,745A6403,2475,0.15152305364608765,39.5089225769043,32.27686309814453,32327.171875,E,1504.2919921875
1754,1792,745A6403,2476,0.10133332014083862,25.47528076171875,31.822412490844727,20261.662109375,E,1682.72900390625
1755,1822,745A6403,2477,0.17794696986675262,47.4691276550293,32.652565002441406,39749.87109375,E,1231.35302734375
1756,1757,745A6403,2478,0.009299633093178272,2.5920000076293945,33.38985824584961,2269.624755859375,E,1654.8787841796875
1756,1779,745A6403,2479,0.08618376404047012,20.920207977294922,31.200214385986328,15994.5126953125,E,1656.006103515625
1757,1902,745A6403,2480,0.5983638763427734,152.33067321777344,30.358335494995117,110263.84375,E,1585.9483642578125
1758,1903,745A6403,2481,0.3404405415058136,95.19877624511719,33.449886322021484,83658.59375,E,1191.133544921875
1759,1797,745A6403,2482,0.10735335946083069,27.622568130493164,32.046913146972656,22280.572265625,E,1258.8294677734375
1760,1775,745A6403,2483,0.04378862679004669,11.441641807556152,32.32448196411133,9389.4765625,E,1466.90185546875
1761,1811,745A6403,2484,0.0692417174577713,40.58256149291992,22.858583450317383,16654.361328125,E,1217.79443359375
1761,1822,745A6403,2485,0.4511203169822693,122.37661743164062,30.75476837158203,90910.3359375,E,1222.97607421875
1762,1798,745A6403,2486,0.24630874395370483,20.736000061035156,18.813426971435547,5764.35498046875,E,2392.911376953125
1763,1769,745A6403,2487,0.01350428070873022,3.6656415462493896,32.9510498046875,3125.923828125,E,1539.40478515625
1764,1771,745A6403,2488,0.07449077069759369,39.95363998413086,17.143938064575195,9222.8984375,E,1359.5213623046875
1764,1825,745A6403,2489,0.16099703311920166,45.50605392456055,33.57791519165039,40296.42578125,E,1361.751708984375
1765,1766,745A6403,2490,0.24734190106391907,49.24800109863281,20.41236686706543,16116.2958984375,E,1296.378662109375
1765,1843,745A6403,2491,0.18766625225543976,53.09784698486328,33.63799285888672,47187.49609375,E,1285.6929931640625
1766,1817,745A6403,2492,0.11839497089385986,34.95384979248047,34.35591506958008,32403.203125,E,1272.662353515625
1767,1794,745A6403,2493,0.6746029853820801,165.8116912841797,31.39585304260254,128365.875,E,1856.6114501953125
1768,1819,745A6403,2494,1.3924661874771118,29.58563995361328,9.776124954223633,2220.77392578125,E,2153.7607421875
1769,1780,745A6403,2495,0.055269964039325714,15.107283592224121,33.066707611083984,12973.5302734375,E,1531.2725830078125
1769,1902,745A6403,2496,2.355105400085449,147.66769409179688,22.177690505981445,57043.73828125,E,1505.631103515625
1770,1795,745A6403,2497,0.07777412980794907,17.699283599853516,30.168079376220703,12651.466796875,E,1476.722900390625
1771,1986,745A6403,2498,0.6282209157943726,165.0301513671875,32.439815521240234,136398.609375,E,1275.22119140625
1772,1776,745A6403,2499,0.01923665776848793,32.17763900756836,23.215747833251953,13621.0126953125,E,1602.159912109375
1772,1806,745A6403,2500,0.1128997653722763,28.69620704650879,24.26003074645996,13264.6884765625,E,1579.114501953125
1773,1800,745A6403,2501,0.14294718205928802,42.7298469543457,34.56135940551758,40086.93359375,E,1832.118896484375
1774,1834,745A6403,2502,0.041601769626140594,37.36164093017578,15.78670883178711,7313.0576171875,E,1771.88037109375
1774,1838,745A6403,2503,0.31729650497436523,69.27877044677734,26.18645668029785,37311.5703125,E,1754.8328857421875
1775,1827,745A6403,2504,0.14695076644420624,38.61948776245117,32.43375015258789,31907.34765625,E,1456.25048828125
1776,1860,745A6403,2505,0.1697668880224228,57.20820617675781,30.984262466430664,43135.07421875,E,1586.4990234375
1777,1832,745A6403,2506,0.21321193873882294,53.282047271728516,31.531400680541992,41606.12890625,E,1977.499755859375
1778,1786,745A6403,2507,0.3823930323123932,91.97785186767578,31.0457763671875,69627.0859375,E,2284.00341796875
1778,1798,745A6403,2508,0.3941184878349304,92.60678100585938,30.703847885131836,68567.4921875,E,2354.13330078125
1779,1792,745A6403,2509,0.08777550607919693,34.32492446899414,28.564481735229492,21996.4296875,E,1664.2362060546875
1779,1911,745A6403,2510,0.5304932594299316,86.7938461303711,21.044185638427734,30188.607421875,E,1622.860595703125
1780,1872,745A6403,2511,0.37076595425605774,97.7144775390625,32.49728775024414,81048.1328125,E,1481.16455078125
1781,1782,745A6403,2512,0.026777269318699837,5.184000015258789,27.838491439819336,3155.3408203125,E,1231.7064208984375
1781,1829,745A6403,2513,0.19102196395397186,37.10112762451172,27.858896255493164,22615.42578125,E,1215.808349609375
1782,1830,745A6403,2514,0.18002092838287354,36.027488708496094,28.421859741210938,22857.505859375,E,1219.3338623046875
1783,1784,745A6403,2515,0.1469990611076355,22.883283615112305,20.263179779052734,7379.4404296875,E,1786.653564453125
1783,1793,745A6403,2516,0.044326052069664,10.99692440032959,31.491779327392578,8565.5546875,E,1774.9664306640625
1784,1794,745A6403,2517,0.085274338722229,16.180925369262695,24.266834259033203,7483.75390625,E,1797.449462890625
1785,1809,745A6403,2518,0.1448744684457779,26.10420799255371,19.960439682006836,8168.4677734375,E,2217.1103515625
1785,1816,745A6403,2519,0.15968452394008636,36.47220993041992,22.718629837036133,14784.8271484375,E,2232.27294921875
1786,1808,745A6403,2520,0.22838756442070007,57.20820617675781,31.657974243164062,45031.296875,E,2223.001708984375
1787,1865,745A6403,2521,0.4000506103038788,105.93518829345703,32.571075439453125,88266.1796875,E,2350.919921875
1787,1919,745A6403,2522,0.42610710859298706,107.63775634765625,29.740942001342773,74776.296875,E,2278.991943359375
1788,1823,745A6403,2523,0.08811349421739578,22.438568115234375,31.910173416137695,17944.99609375,E,1310.1767578125
1789,1809,745A6403,2524,0.15931959450244904,30.214563369750977,27.49894905090332,17944.791015625,E,2197.243408203125
1789,1861,745A6403,2525,0.40310946106910706,96.01190185546875,30.859739303588867,71812.3984375,E,2145.129638671875
1790,1890,745A6403,2526,0.37799257040023804,121.04249572753906,33.244598388671875,105067.875,E,1859.712890625
1791,1820,745A6403,2527,0.0831529051065445,40.137847900390625,21.99628257751465,15252.5537109375,E,1703.3499755859375
1791,1853,745A6403,2528,0.21960923075675964,37.36164093017578,20.570171356201172,12416.2841796875,E,1709.4215087890625
1792,1801,745A6403,2529,0.021908216178417206,6.257641315460205,33.80485153198242,5616.4072265625,E,1671.42431640625
1793,1802,745A6403,2530,0.025141384452581406,6.257641315460205,31.553003311157227,4893.076171875,E,1766.435791015625
1794,1831,745A6403,2531,0.027842571958899498,20.736000061035156,19.297134399414062,6064.5771484375,E,1792.9232177734375
1795,1821,745A6403,2532,2.3898463249206543,135.78134155273438,14.209059715270996,21530.826171875,E,1427.22900390625
1795,1872,745A6403,2533,0.14770659804344177,50.9505615234375,30.163597106933594,36408.6953125,E,1452.22412109375
1796,1797,745A6403,2534,0.24783453345298767,33.69599914550781,18.865985870361328,9419.4873046875,E,1244.52880859375
1796,1803,745A6403,2535,0.04864222928881645,5.184000015258789,20.606740951538086,1728.9144287109375,E,1238.154296875
1797,1850,745A6403,2536,0.13916027545928955,34.32492446899414,31.43054962158203,26631.978515625,E,1234.4871826171875
1798,1815,745A6403,2537,0.1341429352760315,31.288206100463867,30.450895309448242,22786.134765625,E,2395.969970703125
1799,1841,745A6403,2538,0.30671313405036926,75.53640747070312,31.399150848388672,58490.05078125,E,2458.19970703125
1800,1834,745A6403,2539,0.25004225969314575,60.42912292480469,31.420827865600586,46856.66796875,E,1790.5103759765625
1800,1862,745A6403,2540,0.05474969744682312,38.880001068115234,19.9332275390625,12133.0888671875,E,1800.867919921875
1801,1820,745A6403,2541,0.14403100311756134,37.990562438964844,32.402915954589844,31328.08203125,E,1677.07080078125
1801,1901,745A6403,2542,0.3733140528202057,70.16820526123047,22.975208282470703,29090.36328125,E,1641.97802734375
1802,1831,745A6403,2543,0.27054738998413086,52.65312957763672,24.087858200073242,23994.4296875,E,1774.251220703125
1802,1917,745A6403,2544,0.4561035931110382,119.70833587646484,32.3914909362793,98645.25,E,1706.036865234375
1803,1856,745A6403,2545,0.7858486175537109,37.54584503173828,14.4781494140625,6181.2724609375,E,1222.2325439453125
1803,1864,745A6403,2546,1.5784921646118164,51.57948684692383,10.782992362976074,4710.2666015625,E,1215.1634521484375
1804,1824,745A6403,2547,1.6520850658416748,77.94419860839844,12.689874649047852,9857.9892578125,E,1375.469482421875
1804,1979,745A6403,2548,0.4821692109107971,109.67713165283203,30.365686416625977,79427.734375,E,1315.337646484375
1805,1824,745A6403,2549,0.03852161020040512,9.923283576965332,32.098960876464844,8030.21533203125,E,1394.296630859375
1805,1907,745A6403,2550,2.367199182510376,102.97476196289062,11.80346393585205,11267.8134765625,E,1399.8802490234375
1806,1875,745A6403,2551,0.23583023250102997,43.61928176879883,27.2850341796875,25504.533203125,E,1550.953369140625
1807,1832,745A6403,2552,0.1988731026649475,26.10420799255371,16.429607391357422,5534.19921875,E,1949.552001953125
1807,1918,745A6403,2553,0.9470716714859009,93.86461639404297,17.19544792175293,21798.107421875,E,1900.1705322265625
1808,1819,745A6403,2554,0.2556825280189514,63.91056823730469,31.616788864135742,50176.234375,E,2171.96533203125
1808,1840,745A6403,2555,0.2666378319263458,21.809640884399414,19.81077003479004,6722.6591796875,E,2192.293701171875
1809,1852,745A6403,2556,0.1507674604654312,39.6931266784668,24.830644607543945,19221.23046875,E,2207.03564453125
1810,1848,745A6403,2557,0.13773617148399353,40.76676940917969,28.117420196533203,25313.203125,E,2063.244873046875
1810,1859,745A6403,2558,0.18335698544979095,43.358768463134766,30.80223274230957,32309.57421875,E,2036.693603515625
1811,1818,745A6403,2559,0.028534233570098877,6.257641315460205,29.552881240844727,4292.39990234375,E,1205.2452392578125
1811,1826,745A6403,2560,0.023807357996702194,8.849641799926758,29.464441299438477,6034.0927734375,E,1202.0833740234375
1812,1851,745A6403,2561,0.09167451411485672,25.47528076171875,33.33475112915039,22233.267578125,E,1251.2802734375
1812,1855,745A6403,2562,4.088512897491455,119.60041809082031,12.389191627502441,14418.115234375,E,1268.52197265625
1813,1823,745A6403,2563,0.5416268706321716,33.25128173828125,17.11769676208496,7652.24609375,E,1296.4512939453125
1814,1827,745A6403,2564,0.556590735912323,60.24491882324219,18.747007369995117,16629.30859375,E,1472.5543212890625
1814,1983,745A6403,2565,0.4320637285709381,109.67713165283203,31.86220359802246,87449.5546875,E,1458.3167724609375
1816,1852,745A6403,2566,0.1378442794084549,32.361846923828125,30.753328323364258,24038.50390625,E,2227.078857421875
1817,1836,745A6403,2567,0.23850567638874054,49.43220520019531,24.967557907104492,24202.04296875,E,1261.540771484375
1817,1893,745A6403,2568,0.2621634900569916,65.35261535644531,31.70607566833496,51598.58984375,E,1227.5849609375
1818,1826,745A6403,2569,0.026669926941394806,6.257641315460205,30.586959838867188,4598.04443359375,E,1201.0677490234375
1819,1858,745A6403,2570,0.6377787590026855,165.8116912841797,32.250328063964844,135448.21875,E,2075.031982421875
1820,1869,745A6403,2571,0.15216676890850067,35.843284606933594,24.16478729248047,16438.5546875,E,1680.603515625
1821,1891,745A6403,2572,0.20673832297325134,52.024208068847656,31.764619827270508,41227.09375,E,1374.78564453125
1822,1844,745A6403,2573,0.07774019986391068,18.772924423217773,31.141902923583984,14299.2119140625,E,1202.4439697265625
1823,1855,745A6403,2574,0.09954362362623215,25.030563354492188,31.718549728393555,19778.21875,E,1288.6826171875
1824,1961,745A6403,2575,0.4144398272037506,100.75119018554688,31.225181579589844,77152.5,E,1343.4228515625
1825,1835,745A6403,2576,0.0942331850528717,23.956924438476562,31.91357421875,19163.3671875,E,1355.8125
1825,1882,745A6403,2577,0.13337427377700806,41.65620803833008,28.2303466796875,26073.662109375,E,1333.999267578125
1826,1828,745A6403,2578,0.015265739522874355,3.6656415462493896,30.99174690246582,2765.23486328125,E,1197.1583251953125
1827,1846,745A6403,2579,0.05640711635351181,15.107283592224121,32.72654724121094,12707.982421875,E,1447.2857666015625
1828,1839,745A6403,2580,0.05462687462568283,18.772924423217773,29.03448486328125,12429.396484375,E,1190.962646484375
1828,1914,745A6403,2581,0.2748259902000427,77.8678970336914,33.635623931884766,69190.6328125,E,1173.2777099609375
1829,1830,745A6403,2582,0.09152472764253616,33.69599914550781,15.177825927734375,6096.5947265625,E,1203.319580078125
1829,1870,745A6403,2583,0.1248900443315506,29.140928268432617,30.656848907470703,21510.390625,E,1187.582275390625
1830,1874,745A6403,2584,0.1270073801279068,30.659282684326172,31.078489303588867,23257.962890625,E,1191.889892578125
1831,1847,745A6403,2585,0.12086500972509384,22.438568115234375,27.282329559326172,13117.404296875,E,1789.0947265625
1832,1871,745A6403,2586,0.1419711410999298,30.214567184448242,29.285703659057617,20352.4921875,E,1941.123291015625
1833,1859,745A6403,2587,0.06578704714775085,24.585847854614258,21.56598472595215,8980.771484375,E,2014.9969482421875
1833,1878,745A6403,2588,0.28158503770828247,62.576412200927734,29.986337661743164,44192.37890625,E,1983.658203125
1834,1837,745A6403,2589,0.012851431965827942,3.6656415462493896,33.77763366699219,3284.7197265625,E,1759.5242919921875
1835,1881,745A6403,2590,0.14408928155899048,30.659282684326172,24.03467559814453,13910.041015625,E,1343.0260009765625
1835,1891,745A6403,2591,0.2691012918949127,67.76040649414062,27.906919479370117,41446.671875,E,1352.17138671875
1836,1843,745A6403,2592,0.31301212310791016,42.100929260253906,18.22110366821289,10978.193359375,E,1257.9615478515625
1836,1883,745A6403,2593,0.110501229763031,35.398563385009766,17.822551727294922,8831.109375,E,1242.7882080078125
1837,1842,745A6403,2594,0.13530896604061127,37.36164093017578,33.237464904785156,32416.91015625,E,1742.7052001953125
1837,1867,745A6403,2595,0.12179252505302429,48.98748779296875,32.85410690307617,41529.27734375,E,1765.8948974609375
1838,1842,745A6403,2596,0.013273087330162525,3.6656415462493896,33.236785888671875,3180.3720703125,E,1729.225341796875
1838,1853,745A6403,2597,0.14593860507011414,39.50891876220703,33.01160430908203,33815.69140625,E,1714.3350830078125
1839,1873,745A6403,2598,0.21197395026683807,57.837127685546875,33.011260986328125,49501.78125,E,1177.670166015625
1839,1930,745A6403,2599,0.24201661348342896,64.09477233886719,29.646522521972656,44244.57421875,E,1159.8134765625
1841,1865,745A6403,2600,0.21121665835380554,53.09784698486328,31.737764358520508,42006.7890625,E,2401.8310546875
1842,1920,745A6403,2601,0.2604016065597534,48.803279876708984,21.20796775817871,17239.990234375,E,1711.545166015625
1843,1854,745A6403,2602,0.026143472641706467,7.331283092498779,33.49190139770508,6458.76513671875,E,1264.5191650390625
1844,1849,745A6403,2603,0.05508631467819214,37.36164093017578,19.953636169433594,11683.1484375,E,1197.295166015625
1844,1914,745A6403,2604,0.16996146738529205,56.94769287109375,30.240522384643555,40902.0078125,E,1170.8431396484375
1845,1850,745A6403,2605,0.07697460055351257,32.17763900756836,18.90595245361328,9033.1904296875,E,1226.779052734375
1845,1851,745A6403,2606,0.23504920303821564,37.36164093017578,18.835371017456055,10410.3232421875,E,1236.284912109375
1845,1888,745A6403,2607,0.039781343191862106,26.993640899658203,16.143875122070312,5525.4404296875,E,1218.8336181640625
1846,1889,745A6403,2608,0.17736481130123138,45.95077133178711,27.411745071411133,27117.8984375,E,1424.0457763671875
1846,1913,745A6403,2609,0.1955995410680771,48.98748779296875,31.663455963134766,38573.734375,E,1433.5709228515625
1847,1896,745A6403,2610,0.395150363445282,92.79097747802734,30.651700973510742,68470.7109375,E,1811.808349609375
1847,1988,745A6403,2611,2.3874778747558594,93.05147552490234,11.856961250305176,10274.4814453125,E,1769.8450927734375
1848,1861,745A6403,2612,0.30729377269744873,57.20820617675781,18.560352325439453,15478.20703125,E,2089.704833984375
1848,1898,745A6403,2613,0.15963095426559448,32.17763900756836,21.581533432006836,11770.873046875,E,2060.677490234375
1849,1935,745A6403,2614,0.2616673707962036,62.576412200927734,26.675148010253906,34971.5,E,1170.1298828125
1850,1857,745A6403,2615,0.02465398795902729,6.257641315460205,31.85234260559082,4986.3564453125,E,1217.6236572265625
1851,1892,745A6403,2616,0.10628437250852585,28.067279815673828,32.54936218261719,23354.74609375,E,1226.6192626953125
1852,1964,745A6403,2617,0.21235719323158264,71.24185180664062,31.674386978149414,56136.00390625,E,2188.26904296875
1853,1863,745A6403,2618,0.03931714966893196,10.99692440032959,33.4051628112793,9638.03125,E,1692.015380859375
1854,1887,745A6403,2619,0.08199445903301239,22.883283615112305,33.398929595947266,20048.10546875,E,1254.44921875
1855,1904,745A6403,2620,0.1281747817993164,32.80656433105469,32.01902389526367,26415.984375,E,1261.7689208984375
1856,1857,745A6403,2621,0.11838410049676895,23.328001022338867,22.60686492919922,9363.712890625,E,1211.7620849609375
1856,1864,745A6403,2622,1.13711416721344,49.43220520019531,11.48177433013916,5118.20751953125,E,1196.231689453125
1857,1894,745A6403,2623,0.10186702758073807,25.47528076171875,31.620357513427734,20005.177734375,E,1204.079345703125
1858,1886,745A6403,2624,0.21378560364246368,57.837127685546875,28.09564781188965,35857.05859375,E,1984.2376708984375
1858,1909,745A6403,2625,0.050651974976062775,31.104000091552734,14.307024002075195,5000.39990234375,E,1995.919677734375
1859,1939,745A6403,2626,0.23497265577316284,61.686973571777344,32.45209884643555,51023.34375,E,1990.465576171875
1860,1876,745A6403,2627,0.04050983116030693,9.923283576965332,31.297889709472656,7634.40869140625,E,1561.559814453125
1861,1866,745A6403,2628,0.017286203801631927,3.6656415462493896,29.124279022216797,2442.02587890625,E,2098.08984375
1862,1867,745A6403,2629,0.05033888295292854,14.033641815185547,33.40005874633789,12295.7421875,E,1782.896484375
1862,1879,745A6403,2630,0.05807429552078247,16.180925369262695,33.40346145629883,14179.998046875,E,1790.4581298828125
1863,1868,745A6403,2631,0.021660787984728813,6.257641315460205,33.9885368347168,5677.60888671875,E,1684.0511474609375
1863,1910,745A6403,2632,0.07418984174728394,47.0244140625,28.6671142578125,30351.576171875,E,1687.1697998046875
1865,2000,745A6403,2633,0.47823184728622437,120.78199768066406,29.79648208618164,84221.3203125,E,2391.98974609375
1866,1898,745A6403,2634,0.21225330233573914,46.39548873901367,29.748044967651367,32246.4921875,E,2075.18505859375
1866,2023,745A6403,2635,2.5212197303771973,118.71097564697266,13.109903335571289,16024.32421875,E,2085.735595703125
1867,1945,745A6403,2636,0.1940726339817047,44.06399917602539,16.948007583618164,9940.5654296875,E,1762.2298583984375
1868,1869,745A6403,2637,0.06208408623933792,17.699283599853516,33.74848175048828,15832.6650390625,E,1676.17138671875
1868,1922,745A6403,2638,0.2446231245994568,31.104000091552734,20.71303939819336,10480.7841796875,E,1670.2464599609375
1869,1900,745A6403,2639,0.16905777156352997,46.39548873901367,33.16535186767578,40080.66015625,E,1649.4825439453125
1870,1874,745A6403,2640,0.21323053538799286,42.54563903808594,16.535734176635742,9136.7529296875,E,1174.7181396484375
1870,1880,745A6403,2641,0.028780870139598846,7.331283092498779,31.920377731323242,5866.8623046875,E,1171.58837890625
1871,1886,745A6403,2642,0.18784019351005554,49.43220901489258,28.153379440307617,30772.37109375,E,1943.43115234375
1871,1918,745A6403,2643,0.2898615598678589,71.42605590820312,31.407590866088867,55337.0234375,E,1895.2674560546875
1872,1905,745A6403,2644,0.09032206237316132,24.585847854614258,33.01738357543945,21050.400390625,E,1425.1649169921875
1873,1903,745A6403,2645,0.15506663918495178,57.837127685546875,32.213958740234375,47139.48046875,E,1152.2469482421875
1873,1931,745A6403,2646,0.10085267573595047,35.84328079223633,30.17877197265625,25638.982421875,E,1147.329345703125
1874,2011,745A6403,2647,0.3298531472682953,88.75692749023438,32.806983947753906,75028.2421875,E,1135.390380859375
1875,1876,745A6403,2648,0.2321038693189621,33.69599914550781,20.070140838623047,10660.291015625,E,1545.811279296875
1875,1942,745A6403,2649,0.30815085768699646,44.248207092285156,20.608442306518555,14759.6435546875,E,1515.81689453125
1876,1916,745A6403,2650,0.11349739134311676,28.067283630371094,31.439830780029297,21789.669921875,E,1545.6990966796875
1877,1895,745A6403,2651,0.7484601140022278,43.174560546875,13.180421829223633,5890.82958984375,E,1628.9873046875
1877,1908,745A6403,2652,0.09237144142389297,22.883283615112305,31.40560531616211,17726.482421875,E,1637.337158203125
1878,1927,745A6403,2653,0.09473991394042969,32.17763900756836,15.307087898254395,5921.4658203125,E,1945.95947265625
1878,1928,745A6403,2654,0.4698305130004883,110.49028015136719,30.686433792114258,81715.9453125,E,1909.3153076171875
1879,1890,745A6403,2655,0.0835210308432579,23.956924438476562,33.838871002197266,21545.306640625,E,1798.5537109375
1879,1944,745A6403,2656,0.1869392842054367,45.766563415527344,27.079626083374023,26358.671875,E,1777.6397705078125
1880,1885,745A6403,2657,0.1733471006155014,37.36164093017578,15.526487350463867,7073.9541015625,E,1166.6842041015625
1880,1963,745A6403,2658,0.20859263837337494,56.31876754760742,32.84846115112305,47727.984375,E,1145.0389404296875
1881,1882,745A6403,2659,0.0874541699886322,23.328001022338867,15.497574806213379,4400.427734375,E,1323.1329345703125
1881,1985,745A6403,2660,0.32493677735328674,62.836917877197266,27.865697860717773,38321.6875,E,1303.3876953125
1882,2138,745A6403,2661,1.2200838327407837,190.39755249023438,25.90639305114746,100361.03125,E,1230.5316162109375
1883,1941,745A6403,2662,0.5281823873519897,73.57333374023438,24.127370834350586,33638.0078125,E,1203.3577880859375
1883,1953,745A6403,2663,0.765612781047821,48.35856628417969,21.031938552856445,16800.48828125,E,1214.033447265625
1884,1924,745A6403,2664,0.1507594734430313,44.87712860107422,27.062931060791016,25814.552734375,E,1177.2623291015625
1884,1934,745A6403,2665,0.10552038252353668,37.54584884643555,18.8940486907959,10526.93359375,E,1181.0155029296875
1885,1963,745A6403,2666,0.3094130754470825,58.28184509277344,24.959394454956055,28516.17578125,E,1138.344482421875
1886,1909,745A6403,2667,0.2515966594219208,50.5058479309082,28.60837745666504,32465.1953125,E,1971.4798583984375
1887,1953,745A6403,2668,0.2358352690935135,62.131690979003906,29.468524932861328,42375.98828125,E,1221.90966796875
1887,1986,745A6403,2669,0.200630322098732,63.46584701538086,30.11113929748535,45194.3671875,E,1221.616455078125
1888,1892,745A6403,2670,0.1487765610218048,29.58563995361328,21.20541763305664,10448.7548828125,E,1211.085693359375
1888,1894,745A6403,2671,0.23410940170288086,33.25128173828125,18.068195343017578,8525.6572265625,E,1200.2427978515625
1889,1907,745A6403,2672,0.1481872946023941,36.47220993041992,31.403858184814453,28249.970703125,E,1387.5859375
1889,1913,745A6403,2673,0.8666000366210938,58.28184509277344,12.848880767822266,7557.07568359375,E,1409.84033203125
1890,1899,745A6403,2674,0.025930846109986305,7.331283092498779,33.62116622924805,6508.71728515625,E,1804.0643310546875
1891,1925,745A6403,2675,0.08651575446128845,21.809640884399414,31.752567291259766,17270.1484375,E,1342.10498046875
1892,2013,745A6403,2676,0.33286482095718384,79.46256256103516,30.918954849243164,59662.58203125,E,1176.06005859375
1893,1923,745A6403,2677,0.12471754103899002,21.99384880065918,26.634328842163086,12253.908203125,E,1188.8179931640625
1893,1941,745A6403,2678,0.21593090891838074,30.214567184448242,18.601755142211914,8211.341796875,E,1187.6160888671875
1894,1978,745A6403,2679,0.2213936299085617,49.87691879272461,30.049152374267578,35371.53515625,E,1171.7784423828125
1895,1916,745A6403,2680,3.01809024810791,120.22933197021484,12.195573806762695,14044.4521484375,E,1567.841552734375
1895,1932,745A6403,2681,1.1106500625610352,48.803279876708984,11.776251792907715,5315.609375,E,1605.688720703125
1896,1897,745A6403,2682,0.05429992452263832,12.51528263092041,25.583240509033203,6433.416015625,E,1837.1669921875
1896,1951,745A6403,2683,0.10774008929729462,29.58563995361328,25.57012367248535,15192.7548828125,E,1824.599853515625
1897,1933,745A6403,2684,0.16634812951087952,42.100929260253906,19.90261459350586,13097.9052734375,E,1848.00341796875
1897,1943,745A6403,2685,0.18192341923713684,26.993640899658203,19.26311683654785,7866.91455078125,E,1833.830810546875
1898,2039,745A6403,2686,0.40611815452575684,123.37397003173828,32.13039779663086,100033.53125,E,1994.0069580078125
1899,1940,745A6403,2687,0.18169736862182617,48.54277038574219,32.77629852294922,40957.578125,E,1812.96923828125
1899,1952,745A6403,2688,0.02852689102292061,28.511999130249023,26.8996524810791,16203.5771484375,E,1795.3831787109375
1900,1901,745A6403,2689,0.05948736518621445,17.699283599853516,34.48905563354492,16535.15234375,E,1624.4063720703125
1900,1962,745A6403,2690,0.028878986835479736,33.69599914550781,26.858835220336914,19091.611328125,E,1617.5751953125
1901,1906,745A6403,2691,0.025027725845575333,7.331283092498779,34.20623779296875,6737.2158203125,E,1614.724365234375
1902,1992,745A6403,2692,1.1132619380950928,56.579280853271484,13.578405380249023,8193.0361328125,E,1499.253662109375
1903,1995,745A6403,2693,0.21587784588336945,61.947486877441406,33.875972747802734,55833.7890625,E,1121.44873046875
1904,1915,745A6403,2694,0.2539590895175934,43.174560546875,23.910594940185547,19386.462890625,E,1250.9945068359375
1904,2008,745A6403,2695,0.34691256284713745,88.86482238769531,32.02242660522461,71569.5390625,E,1204.5916748046875
1905,1993,745A6403,2696,0.2814862132072449,75.90481567382812,32.836021423339844,64277.6953125,E,1375.38134765625
1905,2055,745A6403,2697,3.004422903060913,125.8580551147461,14.453492164611816,20649.830078125,E,1392.1727294921875
1906,1911,745A6403,2698,0.11455021798610687,31.2882080078125,33.08928298950195,26905.759765625,E,1601.28662109375
1906,1973,745A6403,2699,0.15056009590625763,34.7696418762207,25.867841720581055,18273.02734375,E,1599.2987060546875
1907,1974,745A6403,2700,0.3423011898994446,89.12533569335938,32.255088806152344,72826.1796875,E,1340.0811767578125
1908,1917,745A6403,2701,0.09643277525901794,35.84328079223633,15.028157234191895,6357.83251953125,E,1639.691650390625
1908,1932,745A6403,2702,0.07032781094312668,15.107283592224121,29.375999450683594,10239.0947265625,E,1623.039306640625
1909,1990,745A6403,2703,0.6070423126220703,151.0728302001953,31.55060386657715,118111.3359375,E,2028.3192138671875
1910,1920,745A6403,2704,0.03760332986712456,9.923283576965332,32.48163604736328,8222.8251953125,E,1692.7464599609375
1910,1921,745A6403,2705,0.027891390025615692,7.331283092498779,32.41020584106445,6048.30126953125,E,1687.951171875
1911,1957,745A6403,2706,0.1803213208913803,51.134769439697266,33.679195404052734,45554.32421875,E,1568.2978515625
1912,1915,745A6403,2707,0.1328289806842804,29.58563995361328,24.363779067993164,13793.044921875,E,1260.7685546875
1912,1960,745A6403,2708,0.12929704785346985,25.47528076171875,28.144628524780273,15848.9287109375,E,1255.68896484375
1913,1926,745A6403,2709,0.035534054040908813,8.849641799926758,31.542804718017578,6915.38232421875,E,1418.994384765625
1914,1929,745A6403,2710,0.026180751621723175,7.776000022888184,34.46135330200195,7252.884765625,E,1142.92578125
1915,1960,745A6403,2711,0.0969197154045105,41.02728271484375,22.62999725341797,16501.8125,E,1242.250732421875
1916,1949,745A6403,2712,0.07636985927820206,18.772924423217773,31.3547420501709,14495.3369140625,E,1525.9227294921875
1917,1937,745A6403,2713,0.06828007102012634,13.588926315307617,28.467098236083984,8648.9111328125,E,1644.2049560546875
1918,1933,745A6403,2714,0.09480149298906326,23.956926345825195,31.763906478881836,18984.046875,E,1853.6385498046875
1919,1938,745A6403,2715,0.06527750194072723,17.254566192626953,32.48843765258789,14303.8046875,E,2225.132568359375
1919,2014,745A6403,2716,1.0150431394577026,232.42214965820312,29.824724197387695,162375.40625,E,2314.257080078125
1920,1946,745A6403,2717,0.08240117877721786,20.920207977294922,31.859148025512695,16677.240234375,E,1695.4786376953125
1921,1922,745A6403,2718,0.11497657001018524,37.990562438964844,13.667527198791504,5573.72412109375,E,1672.2728271484375
1921,1972,745A6403,2719,0.12577180564403534,32.80656433105469,25.09487533569336,16226.3447265625,E,1672.28125
1922,1947,745A6403,2720,0.08224618434906006,16.180923461914062,28.171842575073242,10086.109375,E,1651.656494140625
1923,1934,745A6403,2721,0.09795163571834564,16.180925369262695,25.70570182800293,8397.5419921875,E,1174.14990234375
1923,1966,745A6403,2722,0.18126380443572998,24.401639938354492,20.015838623046875,7678.14794921875,E,1168.06005859375
1924,1948,745A6403,2723,0.05905875563621521,15.107283592224121,31.961196899414062,12120.55078125,E,1156.94921875
1925,1965,745A6403,2724,0.27050554752349854,56.579280853271484,20.79908561706543,19223.646484375,E,1341.951416015625
1925,1975,745A6403,2725,0.11538568884134293,29.14092445373535,31.799774169921875,23144.15234375,E,1319.210205078125
1926,1987,745A6403,2726,0.1630123257637024,40.137847900390625,31.395559310913086,31072.80078125,E,1408.154541015625
1926,2035,745A6403,2727,0.4196878671646118,87.86748504638672,27.74097442626953,53108.1875,E,1381.511474609375
1927,1939,745A6403,2728,0.34796953201293945,38.435279846191406,17.97052001953125,9748.576171875,E,1948.317626953125
1927,2015,745A6403,2729,0.5795563459396362,103.60369873046875,25.001571655273438,50862.74609375,E,1888.905517578125
1928,1955,745A6403,2730,0.1805693507194519,45.32184600830078,25.9700984954834,24007.375,E,1846.118896484375
1928,1991,745A6403,2731,0.1105939969420433,37.36164093017578,14.2730073928833,5977.87451171875,E,1851.0899658203125
1929,1936,745A6403,2732,0.012531396932899952,3.6656415462493896,34.206233978271484,3368.607421875,E,1137.946533203125
1929,2010,745A6403,2733,0.1866486519575119,63.65005111694336,31.976503372192383,51115.26171875,E,1111.5899658203125
1930,1931,745A6403,2734,0.09645061939954758,31.104000091552734,10.368000030517578,2626.00830078125,E,1131.22607421875
1930,1994,745A6403,2735,0.16550225019454956,39.50891876220703,31.075428009033203,29965.34375,E,1113.94677734375
1931,2005,745A6403,2736,0.23174484074115753,53.09784698486328,30.426193237304688,38606.64453125,E,1107.3385009765625
1932,1950,745A6403,2737,0.04239458590745926,9.923283576965332,30.583560943603516,7289.89697265625,E,1615.797119140625
1933,1943,745A6403,2738,0.08438121527433395,20.291284561157227,31.093795776367188,15408.0234375,E,1833.92919921875
1934,1958,745A6403,2739,0.10252115875482559,16.180925369262695,25.13423728942871,8028.31982421875,E,1161.305908203125
1935,1936,745A6403,2740,0.24003560841083527,41.027278900146484,21.59546661376953,15027.53515625,E,1141.775390625
1935,1998,745A6403,2741,0.1658303439617157,37.36164093017578,30.661794662475586,27587.412109375,E,1124.5096435546875
1936,1998,745A6403,2742,0.26424211263656616,58.9107666015625,26.91277503967285,33512.09375,E,1121.064208984375
1937,1950,745A6403,2743,0.09695973247289658,28.067283630371094,25.2532901763916,14058.0859375,E,1624.9512939453125
1937,1996,745A6403,2744,0.06084291264414787,34.7696418762207,19.71552848815918,10614.6806640625,E,1627.4725341796875
1938,1971,745A6403,2745,0.16515471041202545,42.7298469543457,32.17209243774414,34736.00390625,E,2197.427490234375
1938,1980,745A6403,2746,0.26757603883743286,23.328001022338867,23.2259521484375,9883.583984375,E,2211.03125
1939,2024,745A6403,2747,0.22258619964122772,65.16841125488281,34.2285041809082,59965.69140625,E,1934.2344970703125
1940,1952,745A6403,2748,0.2995024621486664,43.174560546875,21.29317855834961,15374.421875,E,1802.7069091796875
1940,1956,745A6403,2749,0.037215907126665115,10.99692440032959,34.37971496582031,10208.587890625,E,1820.7227783203125
1941,1966,745A6403,2750,0.07242675125598907,28.69620704650879,20.150930404663086,9151.7587890625,E,1165.513427734375
1942,1949,745A6403,2751,0.22523050010204315,34.7696418762207,19.447654724121094,10328.1982421875,E,1507.9554443359375
1942,1969,745A6403,2752,0.06380996108055115,16.180925369262695,19.8583927154541,5011.65771484375,E,1489.18505859375
1943,1951,745A6403,2753,0.044602975249290466,11.441641807556152,32.03059005737305,9219.5166015625,E,1820.8162841796875
1944,1945,745A6403,2754,0.04753746837377548,12.960000038146973,33.002079010009766,11086.06640625,E,1752.9481201171875
1944,1952,745A6403,2755,0.19345928728580475,44.248207092285156,24.953332901000977,21639.2734375,E,1770.1885986328125
1945,1981,745A6403,2756,0.16351015865802765,44.87712860107422,33.13541793823242,38699.01171875,E,1727.077880859375
1946,1981,745A6403,2757,0.11202776432037354,39.6931266784668,26.83259391784668,22445.564453125,E,1701.406005859375
1946,1984,745A6403,2758,0.1257018744945526,28.69620704650879,25.281475067138672,14405.1962890625,E,1684.68359375
1947,1962,745A6403,2759,0.2556705176830292,52.024200439453125,28.728984832763672,33723.74609375,E,1626.182861328125
1947,1972,745A6403,2760,0.1323261260986328,33.88020706176758,25.51691436767578,17325.7578125,E,1650.380859375
1948,1958,745A6403,2761,0.3216475546360016,46.211280822753906,22.41585350036621,18236.79296875,E,1152.7265625
1948,1959,745A6403,2762,0.029059473425149918,7.331283092498779,31.75029945373535,5804.509765625,E,1147.06005859375
1949,1976,745A6403,2763,0.0758722573518753,18.772924423217773,31.474287033081055,14606.078125,E,1509.4364013671875
1950,2009,745A6403,2764,0.14342297613620758,47.913848876953125,29.569581985473633,32903.44140625,E,1594.21728515625
1951,1970,745A6403,2765,0.06709610670804977,17.254566192626953,32.076847076416016,13943.6748046875,E,1808.11865234375
1953,2047,745A6403,2766,0.35226166248321533,85.8281021118164,31.252580642700195,65840.203125,E,1156.242431640625
1954,2003,745A6403,2767,2.6608951091766357,36.91692352294922,8.556661605834961,2122.87353515625,E,2424.836181640625
1955,1956,745A6403,2768,0.017434831708669662,5.184000015258789,34.485164642333984,4841.94091796875,E,1823.4443359375
1955,1991,745A6403,2769,0.16603657603263855,46.39548873901367,33.52762222290039,40961.0546875,E,1828.5836181640625
1956,2044,745A6403,2770,0.4718243479728699,82.86769104003906,22.135847091674805,31890.9453125,E,1794.748779296875
1957,1992,745A6403,2771,0.30186328291893005,86.53333282470703,33.86560821533203,77945.5,E,1512.13134765625
1957,2032,745A6403,2772,1.4554866552352905,90.90420532226562,16.229398727416992,18805.232421875,E,1531.9525146484375
1958,1967,745A6403,2773,0.033916931599378586,5.184000015258789,24.729446411132812,2489.91015625,E,1153.0643310546875
1959,2001,745A6403,2774,0.22698459029197693,72.49969482421875,30.694679260253906,53647.83984375,E,1124.8897705078125
1959,2042,745A6403,2775,0.28583139181137085,58.726558685302734,25.166126251220703,29211.724609375,E,1116.786865234375
1960,2027,745A6403,2776,0.23627027869224548,55.2451286315918,30.480972290039062,40312.6640625,E,1219.5357666015625
1961,1974,745A6403,2777,0.1622748225927353,39.064208984375,26.138378143310547,20961.68359375,E,1299.9278564453125
1961,1979,745A6403,2778,0.08419785648584366,33.88020706176758,29.87068748474121,23742.49609375,E,1282.642333984375
1962,1973,745A6403,2779,0.07706654071807861,20.291284561157227,24.658695220947266,9690.353515625,E,1597.9483642578125
1963,1968,745A6403,2780,0.00879792869091034,2.5920000076293945,34.32869338989258,2399.05078125,E,1119.0906982421875
1964,1971,745A6403,2781,0.06562315672636032,16.625642776489258,31.83290672302246,13231.8603515625,E,2171.83544921875
1964,2023,745A6403,2782,0.3380066454410553,94.9382553100586,33.51164627075195,83738.0078125,E,2122.188720703125
1965,1975,745A6403,2783,0.3969765603542328,43.61928176879883,18.137876510620117,11270.451171875,E,1318.2850341796875
1965,1993,745A6403,2784,0.36374431848526,46.8402099609375,22.13868522644043,18030.69140625,E,1333.55810546875
1966,1977,745A6403,2785,0.09355208277702332,9.923283576965332,20.582927703857422,3301.8671875,E,1153.2130126953125
1967,1977,745A6403,2786,0.17006348073482513,23.956924438476562,19.18147850036621,6922.85302734375,E,1150.231689453125
1967,2042,745A6403,2787,0.426737904548645,80.90460968017578,24.805644989013672,39098.8671875,E,1114.6820068359375
1968,1999,745A6403,2788,0.11619982123374939,33.435489654541016,33.91864776611328,30211.66015625,E,1106.6568603515625
1968,2079,745A6403,2789,0.3800753951072693,85.72020721435547,29.34198760986328,57963.171875,E,1078.599853515625
1969,1976,745A6403,2790,0.22720539569854736,35.84328079223633,19.975749969482422,11233.208984375,E,1491.3221435546875
1969,2028,745A6403,2791,0.4608200192451477,93.86461639404297,29.283607482910156,63218.0234375,E,1436.4921875
1970,1988,745A6403,2792,0.27133119106292725,69.7234878540039,32.05915832519531,56282.48046875,E,1771.595703125
1970,2060,745A6403,2793,0.27550429105758667,70.16820526123047,28.449748992919922,44605.3671875,E,1782.9315185546875
1971,2046,745A6403,2794,1.1917037963867188,58.28184509277344,11.976265907287598,6565.47314453125,E,2167.289306640625
1972,1982,745A6403,2795,0.0560799315571785,8.849641799926758,25.113828659057617,4383.70654296875,E,1655.1619873046875
1973,2032,745A6403,2796,0.17175279557704926,50.061126708984375,34.12459945678711,45785.25390625,E,1566.872802734375
1974,2006,745A6403,2797,0.09857277572154999,25.920000076293945,26.54102897644043,14340.37109375,E,1295.1905517578125
1975,1989,745A6403,2798,0.048077329993247986,12.51528263092041,32.25917434692383,10229.0908203125,E,1300.9520263671875
1976,2136,745A6403,2799,0.5186020731925964,139.1864776611328,32.74296951293945,117198.765625,E,1438.85791015625
1977,2018,745A6403,2800,0.5492173433303833,40.137847900390625,15.48520565032959,7559.236328125,E,1131.4033203125
1978,2012,745A6403,2801,0.13614557683467865,30.214563369750977,29.7922306060791,21062.61328125,E,1138.4603271484375
1978,2037,745A6403,2802,0.3466007113456726,76.61004638671875,28.370101928710938,48428.09375,E,1130.0899658203125
1979,2002,745A6403,2803,0.11528979986906052,27.17784881591797,30.736629486083984,20165.892578125,E,1257.190185546875
1981,2016,745A6403,2804,0.20047315955162048,49.61640930175781,31.635921478271484,39001.04296875,E,1682.2838134765625
1982,1984,745A6403,2805,0.03357577696442604,26.993640899658203,17.57253646850586,6546.6669921875,E,1662.9364013671875
1982,2031,745A6403,2806,0.2769800126552582,49.17169189453125,26.665624618530273,27460.5078125,E,1630.13330078125
1983,1987,745A6403,2807,0.10076731443405151,32.17763900756836,10.143495559692383,2600.275390625,E,1410.5999755859375
1983,2028,745A6403,2808,0.1239621713757515,35.84328079223633,26.455181121826172,19702.3984375,E,1408.4918212890625
1984,2016,745A6403,2809,0.08199319243431091,25.47528076171875,26.73637580871582,14302.564453125,E,1666.0633544921875
1985,1989,745A6403,2810,0.31689172983169556,42.54563903808594,15.092788696289062,7611.7392578125,E,1284.4417724609375
1985,2115,745A6403,2811,0.7823967337608337,105.5667724609375,24.941001892089844,51575.67578125,E,1229.1368408203125
1986,2068,745A6403,2812,0.26100313663482666,67.1314926147461,32.07004928588867,54226.984375,E,1167.4736328125
1987,2052,745A6403,2813,0.21415668725967407,49.87691879272461,30.522869110107422,36495.57421875,E,1382.9725341796875
1988,1996,745A6403,2814,0.6647716760635376,174.03240966796875,32.34706497192383,143017.703125,E,1681.712158203125
1988,2084,745A6403,2815,3.787374496459961,93.05149841308594,10.525444030761719,8096.43994140625,E,1728.2293701171875
1989,2096,745A6403,2816,0.2728511393070221,84.20184326171875,31.206893920898438,64403.9609375,E,1257.329345703125
1990,2022,745A6403,2817,0.6676723957061768,23.328001022338867,18.668813705444336,6385.58740234375,E,2063.006103515625
1990,2038,745A6403,2818,0.41744673252105713,106.1957015991211,31.906597137451172,84909.796875,E,2100.29345703125
1991,1997,745A6403,2819,0.012546363286674023,3.6656415462493896,34.18582534790039,3364.5888671875,E,1838.553955078125
1992,2050,745A6403,2820,0.46362733840942383,130.15261840820312,33.51004409790039,114787.0234375,E,1425.14453125
1993,2089,745A6403,2821,0.29594337940216064,89.7542495727539,31.128114700317383,68304.6953125,E,1294.3167724609375
1994,2010,745A6403,2822,0.6072630882263184,56.134559631347656,12.349984169006348,6724.39208984375,E,1086.8895263671875
1994,2019,745A6403,2823,0.061848945915699005,27.17784881591797,28.732421875,17621.765625,E,1085.152099609375
1995,1999,745A6403,2824,0.3165806829929352,52.913639068603516,21.162046432495117,18611.134765625,E,1095.730712890625
1995,2073,745A6403,2825,0.2330428510904312,62.836917877197266,32.89748001098633,53410.9140625,E,1064.8148193359375
1996,2009,745A6403,2826,0.20486316084861755,46.39548873901367,30.4202823638916,33720.3515625,E,1595.2698974609375
1997,2004,745A6403,2827,0.03742280602455139,10.99692440032959,34.28276824951172,10151.0947265625,E,1839.6610107421875
1997,2036,745A6403,2828,0.28795868158340454,53.09783935546875,25.69986915588379,27544.099609375,E,1816.9176025390625
1998,2001,745A6403,2829,0.02430291473865509,7.331283092498779,34.736881256103516,6947.86669921875,E,1104.088134765625
1999,2073,745A6403,2830,0.27378207445144653,82.86769104003906,30.903614044189453,62157.51953125,E,1061.4305419921875
2000,2003,745A6403,2831,0.02536083199083805,6.257641315460205,31.44415855407715,4859.3759765625,E,2413.801025390625
2000,2014,745A6403,2832,0.2336502969264984,37.99056625366211,13.204914093017578,5202.7958984375,E,2394.303466796875
2001,2007,745A6403,2833,0.017235368490219116,5.184000015258789,34.68925857543945,4899.42236328125,E,1099.411376953125
2002,2021,745A6403,2834,0.245449960231781,31.288206100463867,19.397722244262695,9246.3857421875,E,1246.5140380859375
2002,2158,745A6403,2835,0.5756481885910034,147.33087158203125,32.001564025878906,118502.1015625,E,1175.6942138671875
2003,2090,745A6403,2836,0.5533983707427979,140.26011657714844,31.99846649169922,112793.0703125,E,2450.8564453125
2004,2017,745A6403,2837,0.07745365798473358,22.438568115234375,34.03530502319336,20414.76171875,E,1844.6317138671875
2004,2064,745A6403,2838,0.9352922439575195,81.16512298583984,17.396053314208984,19291.26953125,E,1830.56298828125
2005,2019,745A6403,2839,0.05041433870792389,13.588924407958984,32.79390335083008,11477.8662109375,E,1079.352783203125
2005,2116,745A6403,2840,2.7518532276153564,119.78463745117188,13.562076568603516,17303.875,E,1049.1114501953125
2006,2021,745A6403,2841,0.44145438075065613,60.24491882324219,20.66996955871582,20215.755859375,E,1265.9093017578125
2006,2034,745A6403,2842,0.12095507234334946,32.361846923828125,32.69036865234375,27162.06640625,E,1284.3563232421875
2007,2033,745A6403,2843,0.226036936044693,74.90748596191406,31.94180679321289,60025.26171875,E,1083.1517333984375
2007,2048,745A6403,2844,1.046431303024292,80.53620147705078,24.22601890563965,37123.17578125,E,1078.5948486328125
2008,2020,745A6403,2845,0.054421085864305496,16.180925369262695,30.377426147460938,11727.2236328125,E,1163.1533203125
2008,2045,745A6403,2846,0.12395654618740082,30.843490600585938,31.520349502563477,24067.748046875,E,1151.5394287109375
2009,2083,745A6403,2847,0.3754626214504242,100.7511978149414,32.76545333862305,84951.7734375,E,1532.4571533203125
2010,2033,745A6403,2848,0.04818524420261383,12.51528263092041,32.23468017578125,10213.5625,E,1079.4102783203125
2011,2037,745A6403,2849,2.1275951862335205,91.97785186767578,14.063037872314453,14286.6845703125,E,1096.8126220703125
2011,2133,745A6403,2850,0.3226698338985443,91.97785186767578,33.763832092285156,82352.4609375,E,1050.9847412109375
2012,2013,745A6403,2851,0.13781292736530304,36.288002014160156,16.75615692138672,8002.06005859375,E,1132.8817138671875
2012,2128,745A6403,2852,0.3832351267337799,89.3858413696289,30.857229232788086,66845.546875,E,1086.839599609375
2013,2080,745A6403,2853,0.16452689468860626,50.95056915283203,28.522991180419922,32555.853515625,E,1118.1397705078125
2014,2167,745A6403,2854,1.2175474166870117,124.9686279296875,25.72950553894043,64976.12109375,E,2376.6865234375
2015,2017,745A6403,2855,0.012898148968815804,3.6656415462493896,33.716407775878906,3272.822509765625,E,1850.97216796875
2015,2029,745A6403,2856,0.2518196105957031,67.57621002197266,32.87635803222656,57365.54296875,E,1877.2813720703125
2016,2076,745A6403,2857,0.2945061922073364,77.8678970336914,32.52670669555664,64703.61328125,E,1622.1285400390625
2017,2025,745A6403,2858,0.012984462082386017,3.6656415462493896,33.604156494140625,3251.066650390625,E,1849.469482421875
2018,2056,745A6403,2859,0.23195728659629822,34.509132385253906,18.493877410888672,9270.0029296875,E,1098.6063232421875
2018,2086,745A6403,2860,0.7842097878456116,55.06092834472656,12.907275199890137,7204.478515625,E,1098.5948486328125
2019,2065,745A6403,2861,0.12493358552455902,34.32492446899414,33.146514892578125,29619.328125,E,1058.9287109375
2020,2026,745A6403,2862,0.11778859049081802,23.512208938598633,28.420156478881836,14915.447265625,E,1166.4345703125
2020,2054,745A6403,2863,0.14327247440814972,23.328001022338867,21.683582305908203,8614.48828125,E,1151.2550048828125
2021,2057,745A6403,2864,0.06788350641727448,32.361846923828125,20.892473220825195,11094.3759765625,E,1231.9208984375
2023,2062,745A6403,2865,0.12447909265756607,49.61640930175781,32.285892486572266,40620.0859375,E,2054.786865234375
2024,2029,745A6403,2866,0.04559032618999481,13.588924407958984,34.520545959472656,12718.3359375,E,1904.552734375
2024,2040,745A6403,2867,0.0626184344291687,29.14092445373535,32.666778564453125,24423.3828125,E,1917.555419921875
2025,2030,745A6403,2868,0.013232426717877388,3.6656415462493896,33.287811279296875,3190.14453125,E,1850.0833740234375
2025,2041,745A6403,2869,0.03613719344139099,9.923283576965332,33.099021911621094,8538.3828125,E,1846.4710693359375
2026,2027,745A6403,2870,0.3211445212364197,64.35527801513672,28.389543533325195,40737.16796875,E,1181.7178955078125
2026,2049,745A6403,2871,0.07331998646259308,12.960000038146973,23.993345260620117,5859.71484375,E,1160.775390625
2027,2126,745A6403,2872,0.3575551509857178,85.4596939086914,28.065542221069336,52868.63671875,E,1154.3092041015625
2028,2059,745A6403,2873,0.1419697105884552,25.47528076171875,26.836389541625977,14409.76953125,E,1391.2972412109375
2029,2103,745A6403,2874,0.4397639334201813,65.61312866210938,19.541120529174805,19677.935546875,E,1878.184814453125
2030,2041,745A6403,2875,0.023491112515330315,6.257641315460205,32.70273971557617,5256.1630859375,E,1848.1917724609375
2031,2072,745A6403,2876,0.7337927222251892,104.23261260986328,24.484777450561523,49077.88671875,E,1557.35009765625
2031,2076,745A6403,2877,0.2505172789096832,38.435279846191406,15.4826078414917,7236.15966796875,E,1596.412353515625
2032,2072,745A6403,2878,0.13449253141880035,37.990562438964844,33.60852813720703,33702.69140625,E,1530.914306640625
2033,2069,745A6403,2879,0.13410894572734833,36.027488708496094,32.85921096801758,30551.89453125,E,1059.3104248046875
2034,2074,745A6403,2880,0.35821038484573364,89.1253433227539,31.57001304626465,69765.484375,E,1295.056396484375
2034,2123,745A6403,2881,0.31479769945144653,77.05476379394531,24.242341995239258,35566.2890625,E,1263.2535400390625
2035,2067,745A6403,2882,0.14351877570152283,32.80656814575195,24.386741638183594,15323.509765625,E,1339.778076171875
2035,2081,745A6403,2883,0.18251709640026093,41.65620803833008,24.913137435913086,20306.09765625,E,1324.723876953125
2036,2044,745A6403,2884,0.05878596752882004,15.107283592224121,32.070045471191406,12203.2470703125,E,1787.228515625
2036,2211,745A6403,2885,5.744166374206543,176.54811096191406,13.14868450164795,23972.734375,E,1766.6204833984375
2037,2097,745A6403,2886,0.22713127732276917,59.53969192504883,32.432762145996094,49188.58203125,E,1071.2408447265625
2038,2043,745A6403,2887,0.5987027287483215,153.11219787597656,32.00834655761719,123204.390625,E,2198.971435546875
2038,2171,745A6403,2888,0.5161108374595642,134.37094116210938,30.570438385009766,98627.625,E,2139.7333984375
2039,2040,745A6403,2889,0.07093438506126404,20.736000061035156,34.1654167175293,19010.271484375,E,1935.3026123046875
2039,2051,745A6403,2890,0.2810389995574951,82.05455780029297,34.17529296875,75269.1640625,E,1973.594482421875
2040,2121,745A6403,2891,0.27886003255844116,79.83096313476562,26.00299835205078,42394.36328125,E,1898.3111572265625
2041,2064,745A6403,2892,0.09011727571487427,27.17784881591797,28.787527084350586,17689.423828125,E,1844.78955078125
2042,2048,745A6403,2893,0.024480709806084633,5.184000015258789,29.097070693969727,3447.096435546875,E,1087.18896484375
2043,2061,745A6403,2894,0.4452952444553375,113.3427963256836,31.91090965270996,90648.8203125,E,2304.91357421875
2043,2134,745A6403,2895,2.370239496231079,81.16512298583984,11.369836807250977,8240.7705078125,E,2235.83984375
2044,2218,745A6403,2896,0.6491718888282776,180.32164001464844,33.313133239746094,157169.65625,E,1692.4649658203125
2045,2054,745A6403,2897,0.2406017780303955,46.8402099609375,23.91817283630371,21045.763671875,E,1131.9178466796875
2045,2066,745A6403,2898,0.10105486214160919,23.512208938598633,30.481508255004883,17157.587890625,E,1126.8531494140625
2046,2053,745A6403,2899,0.5258451104164124,17.699283599853516,9.870009422302246,1354.1934814453125,E,2161.71044921875
2046,2119,745A6403,2900,1.8702507019042969,75.98112487792969,11.702778816223145,8172.8515625,E,2127.072509765625
2047,2093,745A6403,2901,0.18696396052837372,42.28512954711914,30.0878963470459,30064.998046875,E,1098.5357666015625
2047,2130,745A6403,2902,3.399982213973999,190.1370391845703,14.822265625,32808.453125,E,1085.08154296875
2048,2056,745A6403,2903,0.3338119089603424,40.58256530761719,20.523738861083984,13425.8662109375,E,1084.3690185546875
2049,2054,745A6403,2904,0.07402636110782623,21.364927291870117,18.416126251220703,5690.99072265625,E,1147.3621826171875
2049,2141,745A6403,2905,1.0051333904266357,106.56411743164062,19.652185440063477,32323.8125,E,1126.734130859375
2050,2055,745A6403,2906,0.12330374866724014,29.14092445373535,30.83125114440918,21755.822265625,E,1363.802734375
2050,2098,745A6403,2907,0.13807454705238342,39.95363998413086,16.434709548950195,8475.5966796875,E,1359.6671142578125
2051,2062,745A6403,2908,0.14304132759571075,39.5089225769043,33.245628356933594,34296.84765625,E,2017.9302978515625
2051,2163,745A6403,2909,0.6066135764122009,170.7351837158203,32.469505310058594,141372.28125,E,1940.1773681640625
2052,2058,745A6403,2910,0.04031781479716301,7.331283092498779,26.913259506225586,4170.6376953125,E,1367.314697265625
2052,2067,745A6403,2911,0.22819122672080994,48.35856628417969,18.85577964782715,13503.685546875,E,1351.9173583984375
2055,2070,745A6403,2912,0.06564123183488846,17.254566192626953,32.35917663574219,14190.2119140625,E,1344.3326416015625
2056,2087,745A6403,2913,0.18277646601200104,25.030563354492188,23.55250358581543,10905.2255859375,E,1075.228759765625
2057,2118,745A6403,2914,0.6026319861412048,114.15592193603516,28.477624893188477,72710.28125,E,1227.9385986328125
2057,2135,745A6403,2915,0.2581925690174103,66.686767578125,32.17683029174805,54227.05859375,E,1185.2679443359375
2058,2059,745A6403,2916,0.016722943633794785,20.736000061035156,24.89952850341797,10097.1103515625,E,1373.683837890625
2058,2100,745A6403,2917,0.09261869639158249,33.25128173828125,27.010448455810547,19052.93359375,E,1353.7039794921875
2059,2106,745A6403,2918,0.15765857696533203,38.435279846191406,31.310813903808594,29594.33984375,E,1366.3704833984375
2060,2071,745A6403,2919,0.26685667037963867,30.659282684326172,20.15688133239746,9783.59765625,E,1759.068603515625
2060,2101,745A6403,2920,0.1820468306541443,40.137847900390625,29.672420501708984,27755.5546875,E,1768.4510498046875
2062,2063,745A6403,2921,0.013512644916772842,3.6656415462493896,32.94084930419922,3123.98876953125,E,2031.4781494140625
2063,2088,745A6403,2922,0.21990886330604553,50.5058479309082,30.470170974731445,36828.2734375,E,2046.372314453125
2063,2155,745A6403,2923,0.5192421078681946,86.53333282470703,22.048648834228516,33039.7890625,E,2020.407958984375
2064,2103,745A6403,2924,0.17008832097053528,41.84041213989258,31.403860092163086,32407.9765625,E,1847.9805908203125
2065,2069,745A6403,2925,0.21189039945602417,42.54563903808594,12.572219848632812,5281.64111328125,E,1045.00244140625
2065,2150,745A6403,2926,0.21029938757419586,72.31548309326172,31.957117080688477,58003.7890625,E,1011.5186767578125
2066,2080,745A6403,2927,0.12752895057201385,27.6225643157959,29.68758201599121,19120.6875,E,1107.1075439453125
2066,2104,745A6403,2928,0.2024870216846466,55.689849853515625,22.59326171875,22326.662109375,E,1096.683837890625
2067,2082,745A6403,2929,0.02963375300168991,12.51528263092041,29.042646408081055,8290.9228515625,E,1326.134765625
2068,2175,745A6403,2930,2.387014865875244,139.2627716064453,17.35823631286621,32956.125,E,1137.1134033203125
2068,2246,745A6403,2931,0.6492631435394287,135.78134155273438,29.21187400817871,91001.5546875,E,1074.0965576171875
2069,2077,745A6403,2932,0.026604266837239265,7.776000022888184,34.1909294128418,7139.50244140625,E,1040.4266357421875
2070,2095,745A6403,2933,0.3218296766281128,86.79385375976562,32.846458435058594,73545.4765625,E,1307.5718994140625
2070,2098,745A6403,2934,0.17059226334095,46.39548873901367,28.47118377685547,29537.701171875,E,1336.5989990234375
2071,2075,745A6403,2935,0.062328897416591644,3.6656415462493896,15.337700843811035,677.2677612304688,E,1744.2109375
2071,2085,745A6403,2936,0.20846661925315857,13.588926315307617,16.017335891723633,2738.1396484375,E,1743.9830322265625
2072,2186,745A6403,2937,0.30079180002212524,89.38585662841797,30.82847023010254,66721.015625,E,1482.47265625
2073,2078,745A6403,2938,0.008808399550616741,2.5920000076293945,34.308284759521484,2396.198974609375,E,1033.9652099609375
2074,2081,745A6403,2939,0.060793712735176086,14.033641815185547,30.38966941833496,10179.166015625,E,1304.68310546875
2074,2142,745A6403,2940,1.6020509004592896,79.20204162597656,13.059327125549316,10608.8388671875,E,1267.416259765625
2075,2085,745A6403,2941,0.042199764400720596,2.5920000076293945,15.674456596374512,500.1610412597656,E,1741.630126953125
2076,2091,745A6403,2942,0.038132090121507645,9.923283576965332,32.26223373413086,8112.115234375,E,1581.9876708984375
2077,2127,745A6403,2943,0.18379391729831696,46.39548873901367,27.21940040588379,26997.451171875,E,1020.6821899414062
2077,2149,745A6403,2944,0.34420841932296753,66.686767578125,28.830568313598633,43534.7421875,E,1007.435302734375
2078,2112,745A6403,2945,0.17090199887752533,43.358768463134766,32.0909423828125,35069.67578125,E,1020.0742797851562
2078,2122,745A6403,2946,0.08547480404376984,35.398563385009766,30.37946128845215,25658.759765625,E,1017.4507446289062
2079,2111,745A6403,2947,0.21492545306682587,50.9505615234375,21.765541076660156,18957.35546875,E,1031.099609375
2079,2152,745A6403,2948,0.3053605258464813,61.947486877441406,28.776391983032227,40288.98046875,E,1013.633544921875
2080,2099,745A6403,2949,0.05871051549911499,15.552000045776367,32.53266143798828,12927.5224609375,E,1090.645263671875
2081,2082,745A6403,2950,0.10441870987415314,22.883283615112305,29.614112854003906,15761.794921875,E,1312.4471435546875
2082,2100,745A6403,2951,0.2773171663284302,63.02112579345703,30.431419372558594,45837.453125,E,1327.6572265625
2083,2124,745A6403,2952,1.5613043308258057,34.32492446899414,12.424251556396484,4161.40478515625,E,1476.8138427734375
2083,2136,745A6403,2953,0.45955246686935425,125.5975570678711,31.207746505737305,96071.796875,E,1432.7662353515625
2084,2085,745A6403,2954,0.3920285105705261,12.960000038146973,8.954646110534668,816.1908569335938,E,1735.6480712890625
2084,2101,745A6403,2955,10.961421966552734,126.04228973388672,8.376700401306152,6946.27783203125,E,1724.8055419921875
2086,2087,745A6403,2956,0.13809232413768768,25.475284576416016,27.111907958984375,14707.1689453125,E,1071.446044921875
2086,2093,745A6403,2957,0.09250590950250626,30.659282684326172,27.04835319519043,17617.064453125,E,1077.5665283203125
2087,2110,745A6403,2958,0.698409914970398,22.883283615112305,12.259276390075684,2701.082763671875,E,1058.50830078125
2088,2102,745A6403,2959,0.1462922990322113,40.137847900390625,33.11870193481445,34577.2578125,E,2073.092041015625
2088,2143,745A6403,2960,0.3811083734035492,50.5058479309082,22.418994903564453,19937.18359375,E,2046.8489990234375
2089,2092,745A6403,2961,0.024261239916086197,6.257641315460205,32.11766815185547,5069.7734375,E,1254.8956298828125
2089,2095,745A6403,2962,0.1472102552652359,38.435279846191406,32.32857131958008,31549.533203125,E,1265.5947265625
2090,2107,745A6403,2963,0.6017271280288696,50.50584411621094,18.87403106689453,14130.6064453125,E,2511.934326171875
2090,2166,745A6403,2964,0.49483418464660645,125.1528549194336,32.129940032958984,101472.984375,E,2437.304443359375
2091,2199,745A6403,2965,0.46119171380996704,124.4476318359375,32.912715911865234,105877.5703125,E,1517.819580078125
2091,2226,745A6403,2966,0.6251856088638306,104.9378433227539,25.346267700195312,52948.05859375,E,1544.1597900390625
2092,2096,745A6403,2967,0.2013840675354004,50.9505615234375,31.88385581970215,40679.9609375,E,1235.040283203125
2092,2173,745A6403,2968,0.26887014508247375,69.7234878540039,29.123210906982422,46445.91015625,E,1222.8729248046875
2093,2130,745A6403,2969,0.15150052309036255,34.32492446899414,30.09451675415039,24415.982421875,E,1063.6114501953125
2094,2107,745A6403,2970,0.10727910697460175,16.180925369262695,19.36346435546875,4764.9609375,E,2528.516845703125
2095,2144,745A6403,2971,0.14257146418094635,41.027278900146484,26.895572662353516,23309.029296875,E,1259.4200439453125
2096,2114,745A6403,2972,0.13581696152687073,37.54584884643555,33.239139556884766,32580.0234375,E,1206.04833984375
2097,2117,745A6403,2973,0.08989417552947998,34.95384979248047,30.879493713378906,26177.322265625,E,1039.9517822265625
2097,2133,745A6403,2974,0.1964367777109146,61.947486877441406,30.3502140045166,44816.4140625,E,1021.3714599609375
2098,2109,745A6403,2975,0.026844818145036697,13.588924407958984,33.015682220458984,11633.63671875,E,1343.586669921875
2099,2104,745A6403,2976,0.02936268225312233,7.331283092498779,31.58702278137207,5744.96337890625,E,1081.82421875
2099,2128,745A6403,2977,0.33137407898902893,70.16820526123047,22.79298210144043,28630.736328125,E,1061.993896484375
2100,2105,745A6403,2978,0.03536150977015495,9.923283576965332,33.49700927734375,8744.9501953125,E,1343.90380859375
2101,2125,745A6403,2979,1.5787131786346436,28.69620704650879,17.570493698120117,6957.96630859375,E,1769.3890380859375
2102,2120,745A6403,2980,0.10401373356580734,27.6225643157959,32.57551574707031,23021.650390625,E,2092.0146484375
2102,2143,745A6403,2981,1.3095847368240356,61.318565368652344,12.670866966247559,7732.0478515625,E,2061.0966796875
2103,2108,745A6403,2982,0.00983313750475645,2.5920000076293945,32.471431732177734,2146.484619140625,E,1849.8135986328125
2104,2154,745A6403,2983,0.13464732468128204,33.69599914550781,31.729402542114258,26643.546875,E,1064.562255859375
2105,2106,745A6403,2984,0.03528449684381485,9.923283576965332,33.54292678833008,8768.94140625,E,1348.0474853515625
2105,2165,745A6403,2985,0.15864121913909912,47.28491973876953,28.918489456176758,31057.302734375,E,1326.3206787109375
2106,2213,745A6403,2986,0.2704610526561737,93.4198989868164,30.308027267456055,67397.625,E,1335.991943359375
2107,2252,745A6403,2987,0.4282625615596771,120.1530532836914,30.850919723510742,89817.484375,E,2469.69873046875
2108,2121,745A6403,2988,0.08683706820011139,21.36492347717285,31.420345306396484,16565.828125,E,1854.9674072265625
2108,2185,745A6403,2989,0.2811730206012726,84.12554168701172,31.37709617614746,65049.390625,E,1812.6295166015625
2109,2113,745A6403,2990,0.022533874958753586,6.257641315460205,33.3286247253418,5459.279296875,E,1341.75634765625
2109,2180,745A6403,2991,0.7175414562225342,199.2471923828125,33.33445739746094,173887.703125,E,1389.7891845703125
2111,2132,745A6403,2992,0.11702742427587509,19.846567153930664,26.10076904296875,10618.9580078125,E,1004.4221801757812
2111,2205,745A6403,2993,0.4940818250179291,81.60984802246094,26.599634170532227,45350.6796875,E,984.1930541992188
2112,2116,745A6403,2994,0.014919867739081383,3.6656415462493896,31.348915100097656,2829.33837890625,E,1004.501953125
2112,2122,745A6403,2995,0.10840976238250732,38.435279846191406,17.79193687438965,9555.78515625,E,1003.7324829101562
2113,2187,745A6403,2996,0.533926784992218,127.30014038085938,30.60964012145996,93677.4765625,E,1288.71923828125
2113,2274,745A6403,2997,0.3944375216960907,115.93476867675781,32.23672103881836,94624.8671875,E,1291.2467041015625
2114,2115,745A6403,2998,0.05616685375571251,15.107283592224121,32.82179260253906,12782.0595703125,E,1187.5552978515625
2114,2174,745A6403,2999,0.315175861120224,46.211280822753906,21.666330337524414,17037.607421875,E,1172.6929931640625
2115,2138,745A6403,3000,0.18834562599658966,50.5058479309082,32.7424201965332,42525.859375,E,1165.29833984375
2116,2176,745A6403,3001,0.21794776618480682,58.021331787109375,32.634708404541016,48532.98828125,E,981.4293212890625
2117,2140,745A6403,3002,0.19278377294540405,58.2818489074707,29.44131088256836,39676.875,E,1037.26806640625
2117,2178,745A6403,3003,0.1441008448600769,41.47200012207031,15.189732551574707,7515.279296875,E,1016.6577758789062
2118,2123,745A6403,3004,0.09126341342926025,19.217641830444336,28.961008071899414,12659.5234375,E,1236.8486328125
2118,2145,745A6403,3005,0.14882096648216248,26.548925399780273,22.70697021484375,10751.1572265625,E,1220.141845703125
2119,2120,745A6403,3006,0.030520649626851082,7.776000022888184,31.910175323486328,6218.77001953125,E,2102.683349609375
2119,2137,745A6403,3007,0.11541537195444107,28.69620704650879,31.5550479888916,22441.509765625,E,2113.330078125
2120,2169,745A6403,3008,0.18289120495319366,34.7696418762207,23.713512420654297,15356.1337890625,E,2089.182861328125
2121,2163,745A6403,3009,0.09741289168596268,39.6931266784668,30.407527923583984,28824.873046875,E,1859.1314697265625
2122,2131,745A6403,3010,0.04578410089015961,8.849641799926758,27.792566299438477,5368.74609375,E,998.0059814453125
2123,2142,745A6403,3011,0.08471579104661942,19.846567153930664,30.611255645751953,14606.2109375,E,1237.000732421875
2126,2148,745A6403,3012,0.1366458684206009,28.251487731933594,28.786394119262695,18386.783203125,E,1101.6466064453125
2126,2158,745A6403,3013,0.1365216076374054,45.32184600830078,23.330913543701172,19375.859375,E,1107.189208984375
2128,2140,745A6403,3014,0.03260231018066406,9.923283576965332,34.88995361328125,9487.375,E,1040.649658203125
2129,2168,745A6403,3015,0.38247185945510864,25.920000076293945,15.242457389831543,4729.7138671875,E,2279.380859375
2130,2139,745A6403,3016,0.029304182156920433,6.257641315460205,29.165102005004883,4180.4931640625,E,1046.188720703125
2131,2132,745A6403,3017,0.1464049220085144,28.511999130249023,14.429478645324707,4662.49951171875,E,995.1495361328125
2131,2151,745A6403,3018,0.0959324911236763,18.772924423217773,27.975522994995117,11539.267578125,E,986.383056640625
2132,2201,745A6403,3019,0.4641062021255493,52.46892166137695,21.548294067382812,19134.53125,E,971.8048706054688
2133,2146,745A6403,3020,0.05377686023712158,16.180925369262695,34.68585968017578,15289.671875,E,1003.5184326171875
2135,2203,745A6403,3021,0.6148514747619629,108.97190856933594,25.887737274169922,57357.8203125,E,1163.5438232421875
2135,2337,745A6403,3022,0.5323309898376465,139.7074737548828,32.46476364135742,115646.9140625,E,1094.30615234375
2136,2213,745A6403,3023,0.25248226523399353,65.16841125488281,32.20054244995117,53070.5234375,E,1355.73388671875
2137,2160,745A6403,3024,0.15962405502796173,42.7298469543457,32.716346740722656,35921.19921875,E,2132.9462890625
2137,2169,745A6403,3025,0.2471160888671875,55.06092071533203,20.8768253326416,18847.869140625,E,2101.699951171875
2138,2175,745A6403,3026,0.2438735067844391,65.16840362548828,32.679229736328125,54660.1171875,E,1123.872802734375
2140,2147,745A6403,3027,0.029062360525131226,8.849641799926758,34.9001579284668,8465.845703125,E,1031.8646240234375
2141,2154,745A6403,3028,0.48282966017723083,58.726558685302734,18.78077507019043,16268.6474609375,E,1061.732421875
2141,2183,745A6403,3029,0.1852378398180008,33.25128173828125,20.065404891967773,10514.6328125,E,1065.669677734375
2142,2179,745A6403,3030,0.13038700819015503,28.69620704650879,29.732486724853516,19924.013671875,E,1229.00244140625
2143,2155,745A6403,3031,0.04765041172504425,9.923283576965332,28.848756790161133,6486.3369140625,E,2031.8299560546875
2144,2164,745A6403,3032,0.03877953439950943,33.88020324707031,23.21234703063965,14337.5185546875,E,1233.305908203125
2144,2187,745A6403,3033,0.11228771507740021,39.064205169677734,26.33329200744629,21275.470703125,E,1239.5399169921875
2145,2196,745A6403,3034,0.7210948467254639,40.58256530761719,12.960001945495605,5353.521484375,E,1198.394775390625
2145,2203,745A6403,3035,0.18724021315574646,47.4691276550293,25.968238830566406,25141.20703125,E,1187.343505859375
2146,2152,745A6403,3036,0.2073121964931488,39.95363998413086,23.99130630493164,18061.5078125,E,993.4142456054688
2146,2207,745A6403,3037,0.07896806299686432,39.95363998413086,33.1902961730957,34567.5390625,E,978.2740478515625
2147,2153,745A6403,3038,0.020550191402435303,6.257641315460205,34.9001579284668,5986.2568359375,E,1027.9295654296875
2147,2156,745A6403,3039,0.024097194895148277,7.331283092498779,34.8797492980957,7005.13623046875,E,1024.7099609375
2148,2183,745A6403,3040,0.178275004029274,43.358768463134766,31.19292640686035,33134.39453125,E,1071.283935546875
2148,2202,745A6403,3041,0.11734749376773834,49.61640930175781,26.18240737915039,26713.71875,E,1077.042236328125
2149,2150,745A6403,3042,0.009299633093178272,2.5920000076293945,33.38985824584961,2269.624755859375,E,979.9730834960938
2149,2209,745A6403,3043,0.8810203075408936,47.91384506225586,18.64324188232422,13079.5791015625,E,962.10595703125
2150,2162,745A6403,3044,0.03628439083695412,9.923283576965332,33.04289627075195,8509.4501953125,E,977.0134887695312
2151,2177,745A6403,3045,0.10303910076618195,18.772924423217773,27.0017032623291,10749.892578125,E,970.95751953125
2151,2181,745A6403,3046,0.34548768401145935,38.435279846191406,17.584781646728516,9334.560546875,E,973.0933837890625
2152,2206,745A6403,3047,0.3319289982318878,66.0578384399414,22.393878936767578,26017.9375,E,968.777587890625
2153,2157,745A6403,3048,0.2753288447856903,65.42892456054688,23.089887619018555,27397.015625,E,1038.1104736328125
2153,2212,745A6403,3049,0.562092661857605,98.4197006225586,27.13020133972168,56895.5078125,E,1011.8656616210938
2154,2157,745A6403,3050,0.013297571800649166,3.6656415462493896,33.206172943115234,3174.51611328125,E,1047.1634521484375
2155,2161,745A6403,3051,0.012431384064257145,2.5920000076293945,28.879371643066406,1697.8541259765625,E,2027.0638427734375
2156,2178,745A6403,3052,0.1904829740524292,49.43220520019531,32.45215606689453,40887.1640625,E,1009.619384765625
2156,2262,745A6403,3053,0.1982380598783493,74.4627685546875,29.099498748779297,49522.21875,E,989.0377197265625
2157,2212,745A6403,3054,0.15241985023021698,42.100921630859375,33.25336837768555,36563.921875,E,1028.724365234375
2158,2202,745A6403,3055,0.17554183304309845,40.76676940917969,30.49956512451172,29784.029296875,E,1089.142578125
2159,2160,745A6403,3056,0.057202622294425964,15.107283592224121,32.4680290222168,12508.0068359375,E,2152.244140625
2159,2168,745A6403,3057,0.517959475517273,138.6338348388672,32.76618957519531,116899.0546875,E,2214.72021484375
2159,2193,745A6403,3058,0.03742695599794388,26.993640899658203,16.643905639648438,5873.02490234375,E,2151.2373046875
2160,2193,745A6403,3059,0.10225377231836319,31.732921600341797,29.162548065185547,21195.8515625,E,2141.309814453125
2161,2189,745A6403,3060,0.08349933475255966,24.401639938354492,26.09008026123047,13045.46875,E,2022.93701171875
2161,2190,745A6403,3061,0.4740426242351532,97.790771484375,26.77175521850586,55047.984375,E,1981.2384033203125
2162,2176,745A6403,3062,0.1653263419866562,49.43220520019531,28.65800666809082,31885.3984375,E,973.3264770507812
2162,2184,745A6403,3063,0.1920134574174881,49.43220901489258,27.777259826660156,29955.646484375,E,960.874267578125
2163,2170,745A6403,3064,0.00964430533349514,2.5920000076293945,32.78778076171875,2188.511962890625,E,1860.60009765625
2164,2173,745A6403,3065,0.12700222432613373,41.65620803833008,26.670045852661133,23271.111328125,E,1202.9208984375
2164,2241,745A6403,3066,0.32207435369491577,53.54256820678711,23.81468391418457,23849.46875,E,1203.35400390625
2165,2217,745A6403,3067,0.5657516717910767,113.08226776123047,25.429414749145508,57432.421875,E,1265.2197265625
2165,2292,745A6403,3068,0.3353779911994934,90.0147705078125,32.73866653442383,75774.9453125,E,1269.185302734375
2166,2167,745A6403,3069,0.06315310299396515,17.699283599853516,33.48898696899414,15590.1240234375,E,2372.361328125
2166,2268,745A6403,3070,0.9730181694030762,65.42892456054688,14.635275840759277,11006.810546875,E,2368.945556640625
2167,2168,745A6403,3071,0.39348727464675903,109.67713928222656,33.38984680175781,96036.171875,E,2317.20458984375
2169,2189,745A6403,3072,0.32711994647979736,69.7234878540039,29.211631774902344,46728.37109375,E,2049.931396484375
2170,2194,745A6403,3073,0.22744987905025482,41.21148681640625,27.6825008392334,24803.833984375,E,1866.7896728515625
2170,2221,745A6403,3074,0.2537902593612671,65.61312866210938,23.663055419921875,28855.080078125,E,1829.2491455078125
2171,2197,745A6403,3075,0.145219624042511,33.435489654541016,30.33771514892578,24169.2578125,E,2163.408203125
2171,2236,745A6403,3076,3.6720995903015137,50.061126708984375,11.03209400177002,4785.26953125,E,2139.511474609375
2172,2197,745A6403,3077,1.5131325721740723,30.214567184448242,10.888440132141113,2813.439453125,E,2183.201171875
2173,2245,745A6403,3078,0.19114139676094055,52.65312957763672,33.184627532958984,45539.46875,E,1166.9666748046875
2174,2245,745A6403,3079,1.419053554534912,77.68368530273438,11.628283500671387,8249.9423828125,E,1140.21337890625
2174,2271,745A6403,3080,0.46808385848999023,96.64083099365234,28.843994140625,63148.25390625,E,1110.8865966796875
2175,2216,745A6403,3081,0.21788136661052704,55.874053955078125,32.033756256103516,45031.43359375,E,1076.1475830078125
2176,2182,745A6403,3082,0.018662020564079285,5.184000015258789,33.33543014526367,4524.46240234375,E,959.32373046875
2177,2181,745A6403,3083,0.21101270616054535,21.809640884399414,16.63370132446289,4739.32177734375,E,962.3764038085938
2177,2200,745A6403,3084,0.12425176054239273,20.291284561157227,25.641918182373047,10478.5322265625,E,954.2665405273438
2178,2195,745A6403,3085,0.11152639240026474,32.361846923828125,34.0707893371582,29504.455078125,E,985.8016967773438
2179,2217,745A6403,3086,0.1495545208454132,38.17477035522461,31.971403121948242,30647.123046875,E,1220.222900390625
2179,2250,745A6403,3087,0.49373486638069153,73.83384704589844,22.65157127380371,29753.7734375,E,1198.9578857421875
2180,2192,745A6403,3088,0.10655529797077179,27.6225643157959,32.17345428466797,22456.869140625,E,1440.9549560546875
2180,2240,745A6403,3089,0.431434690952301,48.987483978271484,13.706400871276855,7228.0615234375,E,1416.902099609375
2181,2188,745A6403,3090,0.0717669427394867,21.36492347717285,17.014678955078125,4857.7900390625,E,954.8396606445312
2182,2184,745A6403,3091,0.013354966416954994,3.6656415462493896,33.134742736816406,3160.873046875,E,955.4702758789062
2182,2188,745A6403,3092,0.23636190593242645,41.027278900146484,23.372901916503906,17603.046875,E,953.938720703125
2183,2212,745A6403,3093,0.17261216044425964,63.02112579345703,31.899967193603516,50368.20703125,E,1028.4483642578125
2184,2242,745A6403,3094,0.29997292160987854,67.13148498535156,26.31458282470703,36509.7734375,E,931.0316772460938
2185,2211,745A6403,3095,0.149556502699852,34.95384979248047,30.634580612182617,25763.732421875,E,1756.275146484375
2185,2256,745A6403,3096,0.06481482088565826,38.880001068115234,18.803905487060547,10797.2275390625,E,1762.1494140625
2186,2192,745A6403,3097,0.02433917485177517,6.257641315460205,32.05644226074219,5050.462890625,E,1449.0380859375
2186,2199,745A6403,3098,0.03861897438764572,18.772924423217773,32.104061126708984,15196.4375,E,1454.0758056640625
2187,2215,745A6403,3099,0.09080741554498672,24.585847854614258,32.900028228759766,20901.025390625,E,1220.19091796875
2188,2228,745A6403,3100,0.32518845796585083,26.993640899658203,13.511054992675781,3870.168701171875,E,938.470947265625
2189,2255,745A6403,3101,0.2467244565486908,61.50277328491211,27.198993682861328,35734.7109375,E,1989.3509521484375
2190,2191,745A6403,3102,0.23813360929489136,45.76656723022461,18.113386154174805,11793.359375,E,1921.51123046875
2190,2238,745A6403,3103,0.23444904386997223,28.511999130249023,18.86707878112793,7971.25830078125,E,1931.124267578125
2191,2194,745A6403,3104,0.29835307598114014,31.732921600341797,15.546168327331543,6023.46875,E,1890.30322265625
2191,2231,745A6403,3105,0.12135475128889084,25.920000076293945,21.89593505859375,9760.0458984375,E,1895.5736083984375
2192,2264,745A6403,3106,0.15594863891601562,47.91384506225586,28.992551803588867,31631.791015625,E,1429.311767578125
2193,2270,745A6403,3107,0.4298609495162964,90.82789611816406,29.364973068237305,61513.203125,E,2164.49072265625
2194,2232,745A6403,3108,0.07852931320667267,24.401639938354492,26.841827392578125,13808.072265625,E,1868.607421875
2195,2207,745A6403,3109,0.19434192776679993,53.54256820678711,33.20310974121094,46360.33984375,E,963.5380859375
2195,2269,745A6403,3110,0.16837956011295319,41.47200012207031,16.465320587158203,8830.4990234375,E,954.938232421875
2196,2204,745A6403,3111,0.0737210065126419,3.6656415462493896,14.102930068969727,572.6095581054688,E,1181.1744384765625
2196,2210,745A6403,3112,0.12305732071399689,9.923283576965332,14.286614418029785,1590.7572021484375,E,1180.6640625
2197,2208,745A6403,3113,0.028962332755327225,6.257641315460205,29.40321159362793,4249.03271484375,E,2170.96923828125
2198,2224,745A6403,3114,0.09830375760793686,23.512208938598633,31.170330047607422,17941.8046875,E,2580.50048828125
2199,2214,745A6403,3115,0.0595126636326313,16.180925369262695,32.99187088012695,13832.705078125,E,1458.265625
2200,2201,745A6403,3116,0.04360773414373398,20.736000061035156,15.41933822631836,3872.09814453125,E,946.1034545898438
2200,2219,745A6403,3117,0.07453644275665283,15.107283592224121,28.46778106689453,9615.7578125,E,938.7166137695312
2201,2220,745A6403,3118,0.09202037751674652,14.033641815185547,19.792064666748047,4317.6005859375,E,940.6347045898438
2202,2248,745A6403,3119,0.1184309795498848,31.2882080078125,32.50853729248047,25969.611328125,E,1054.5838623046875
2203,2235,745A6403,3120,0.11866025626659393,23.956924438476562,28.414487838745117,15191.4970703125,E,1155.096435546875
2204,2210,745A6403,3121,0.11460806429386139,6.257641315460205,14.701606750488281,1062.25830078125,E,1177.8089599609375
2205,2247,745A6403,3122,0.21192669868469238,33.88020706176758,21.031936645507812,11770.4873046875,E,936.6605834960938
2205,2259,745A6403,3123,0.16720689833164215,33.88020706176758,28.7739200592041,22030.990234375,E,934.90771484375
2206,2207,745A6403,3124,0.009507698006927967,2.5920000076293945,33.02248764038086,2219.95654296875,E,958.9751586914062
2206,2234,745A6403,3125,0.09299079328775406,24.585847854614258,32.49184036254883,20385.609375,E,948.3541259765625
2209,6114,745A6403,3126,3.091547727584839,942.9324340820312,35.55324935913086,936114.6875,F,471.4679870605469
2210,2243,745A6403,3127,0.20292487740516663,21.364927291870117,15.747932434082031,4161.3896484375,E,1166.614990234375
2211,2222,745A6403,3128,0.06283408403396606,13.588926315307617,29.434505462646484,9246.7373046875,E,1733.751953125
2212,2230,745A6403,3129,0.039368726313114166,11.441641807556152,34.07969665527344,10436.8564453125,E,1008.0916137695312
2213,2394,745A6403,3130,0.509252667427063,134.4471893310547,32.504539489746094,111565.421875,E,1266.744140625
2214,2227,745A6403,3131,0.12802483141422272,36.91692352294922,33.95111846923828,33421.31640625,E,1470.2467041015625
2214,2309,745A6403,3132,0.9680677652359009,94.75403594970703,17.31537437438965,22312.662109375,E,1420.8406982421875
2215,2241,745A6403,3133,0.08231143653392792,23.512208938598633,33.800594329833984,21097.548828125,E,1197.27685546875
2215,2257,745A6403,3134,0.16634240746498108,41.21148681640625,26.564937591552734,22841.560546875,E,1210.3984375
2216,2261,745A6403,3135,0.20314455032348633,44.87712860107422,30.310754776000977,32382.357421875,E,1036.1915283203125
2216,2295,745A6403,3136,0.3321034014225006,47.72964096069336,20.54603385925293,15824.646484375,E,1032.5545654296875
2217,2223,745A6403,3137,0.022953614592552185,6.257641315460205,33.02248764038086,5359.44921875,E,1214.8809814453125
2218,2225,745A6403,3138,0.1777411848306656,48.803279876708984,33.13849639892578,42092.4765625,E,1593.970947265625
2218,2239,745A6403,3139,0.4937617778778076,135.5971221923828,31.511735916137695,105751.1328125,E,1660.9354248046875
2219,2229,745A6403,3140,0.048948854207992554,9.923283576965332,28.399749755859375,6285.9990234375,E,929.771728515625
2219,2253,745A6403,3141,0.10224954783916473,21.99384880065918,29.30797004699707,14837.564453125,E,923.9437255859375
2220,2229,745A6403,3142,0.10728146135807037,22.883283615112305,20.589052200317383,7618.701171875,E,930.7932739257812
2220,2247,745A6403,3143,0.107330821454525,22.438568115234375,22.503456115722656,8924.4912109375,E,926.8621215820312
2221,2232,745A6403,3144,0.28592023253440857,71.68656921386719,31.659589767456055,56433.6640625,E,1833.636474609375
2221,2256,745A6403,3145,0.22708672285079956,60.87384796142578,32.69222640991211,51098.671875,E,1778.857177734375
2222,2239,745A6403,3146,0.06660857051610947,13.588926315307617,28.5650634765625,8708.541015625,E,1721.1082763671875
2222,2273,745A6403,3147,0.029058927670121193,32.17763900756836,18.888944625854492,9016.9453125,E,1720.89453125
2223,2283,745A6403,3148,0.2986260652542114,72.49969482421875,27.594650268554688,43358.66015625,E,1181.0120849609375
2223,2297,745A6403,3149,0.2034093141555786,53.282047271728516,32.382591247558594,43882.765625,E,1207.2335205078125
2224,2237,745A6403,3150,0.11598716676235199,32.80656433105469,33.624568939208984,29131.583984375,E,2558.859130859375
2224,2306,745A6403,3151,1.2657662630081177,78.31261444091797,21.876014709472656,29434.591796875,E,2586.002685546875
2225,2226,745A6403,3152,0.3060976266860962,82.0545654296875,32.7861328125,69274.4453125,E,1541.4927978515625
2225,2280,745A6403,3153,0.021007558330893517,31.104000091552734,22.21568489074707,12056.619140625,E,1564.441650390625
2226,2233,745A6403,3154,0.012494096532464027,3.6656415462493896,34.25725555419922,3378.6640625,E,1509.4979248046875
2227,2233,745A6403,3155,0.13258087635040283,37.36164093017578,33.60619354248047,33140.1484375,E,1494.885498046875
2227,2341,745A6403,3156,0.5243685245513916,97.97498321533203,25.713638305664062,50878.25390625,E,1445.57568359375
2228,2242,745A6403,3157,0.041466839611530304,7.331283092498779,26.56629753112793,4063.79638671875,E,922.8853759765625
2228,2253,745A6403,3158,0.08144478499889374,26.54892349243164,26.3928165435791,14524.7373046875,E,921.9467163085938
2229,2276,745A6403,3159,0.15396520495414734,29.58563995361328,21.58736801147461,10828.5478515625,E,913.19482421875
2230,2262,745A6403,3160,0.40056630969047546,111.82441711425781,31.416555404663086,86684.9375,E,975.2405395507812
2230,2277,745A6403,3161,0.12134337425231934,33.88020324707031,33.44768142700195,29769.251953125,E,992.9925537109375
2231,2232,745A6403,3162,0.13346222043037415,33.25128173828125,31.58597183227539,26054.7421875,E,1874.5694580078125
2231,2238,745A6403,3163,0.16872484982013702,44.692928314208984,32.54706954956055,37183.69140625,E,1905.1202392578125
2233,2324,745A6403,3164,0.2560926675796509,61.318565368652344,23.315753936767578,26180.673828125,E,1487.5640869140625
2234,2266,745A6403,3165,0.4082987904548645,55.06092071533203,19.01956558227539,15643.5224609375,E,933.180908203125
2234,2290,745A6403,3166,0.17945630848407745,39.064205169677734,29.665130615234375,26999.853515625,E,920.539794921875
2235,2249,745A6403,3167,0.20241166651248932,25.47528076171875,19.394805908203125,7526.26953125,E,1149.052978515625
2235,2372,745A6403,3168,0.4615899324417114,112.82176971435547,31.255029678344727,86561.0703125,E,1091.25927734375
2237,2244,745A6403,3169,0.09301266074180603,26.54892349243164,33.785797119140625,23801.544921875,E,2533.338623046875
2237,2278,745A6403,3170,0.4100148677825928,25.920000076293945,19.74468421936035,7936.431640625,E,2539.278564453125
2238,2255,745A6403,3171,0.20582564175128937,55.06092071533203,32.70759963989258,46262.671875,E,1944.6295166015625
2239,2286,745A6403,3172,0.05834922194480896,28.511999130249023,19.198488235473633,8253.755859375,E,1706.6363525390625
2240,2264,745A6403,3173,0.3165448307991028,33.88020324707031,15.893129348754883,6721.322265625,E,1400.536376953125
2240,2328,745A6403,3174,0.603973925113678,112.8217544555664,28.567983627319336,72317.25,E,1339.3134765625
2241,2260,745A6403,3175,0.04773743823170662,13.588926315307617,33.76131057739258,12165.0419921875,E,1180.535400390625
2242,2275,745A6403,3176,0.04629094526171684,26.54892349243164,23.46406364440918,11480.03515625,E,908.6557006835938
2243,2249,745A6403,3177,0.030660754069685936,3.6656415462493896,18.388914108276367,973.5360107421875,E,1155.812744140625
2243,2250,745A6403,3178,0.21343716979026794,21.809640884399414,14.670312881469727,3686.52490234375,E,1163.7352294921875
2244,2251,745A6403,3179,0.13379700481891632,36.91692352294922,33.2280387878418,32012.8828125,E,2506.0390625
2244,2294,745A6403,3180,1.227143406867981,77.49948120117188,20.736928939819336,26174.44921875,E,2503.12158203125
2245,2329,745A6403,3181,0.30646538734436035,68.83404541015625,30.09950065612793,48979.20703125,E,1112.56103515625
2246,6114,745A6403,3182,3.464207887649536,1012.3444213867188,35.55324935913086,1005024.8125,F,506.1694030761719
2247,2259,745A6403,3183,0.10317721217870712,28.067283630371094,24.68182373046875,13429.0341796875,E,919.9052734375
2248,2291,745A6403,3184,0.1643838733434677,58.4660530090332,31.917236328125,46778.27734375,E,1041.9647216796875
2248,2302,745A6403,3185,0.15131589770317078,42.28512954711914,33.42630386352539,37106.86328125,E,1020.4100341796875
2249,2347,745A6403,3186,0.6465316414833069,76.61004638671875,19.756345748901367,23484.90625,E,1121.956298828125
2250,2283,745A6403,3187,0.09407949447631836,26.54892349243164,24.44031524658203,12455.1904296875,E,1158.6776123046875
2251,2254,745A6403,3188,0.27748292684555054,65.42892456054688,30.987260818481445,49343.0546875,E,2460.58642578125
2251,2294,745A6403,3189,0.18219412863254547,29.58563995361328,22.93766975402832,12225.5791015625,E,2483.544921875
2252,2254,745A6403,3190,0.022883892059326172,6.257641315460205,33.06330490112305,5372.7060546875,E,2428.142822265625
2252,2268,745A6403,3191,0.28650936484336853,78.57312774658203,33.12089538574219,67696.78125,E,2391.801025390625
2253,2258,745A6403,3192,0.012171956710517406,2.5920000076293945,29.185510635375977,1734.0413818359375,E,914.5068359375
2254,2285,745A6403,3193,0.12973833084106445,36.027488708496094,26.876693725585938,20439.75,E,2434.58740234375
2255,2263,745A6403,3194,0.028141766786575317,7.331283092498779,32.274139404296875,5997.6240234375,E,1967.413818359375
2256,2273,745A6403,3195,0.19784261286258698,42.7298469543457,29.385522842407227,28979.3125,E,1731.660888671875
2257,2274,745A6403,3196,0.2619282603263855,71.24185180664062,32.993446350097656,60908.85546875,E,1227.80908203125
2257,2310,745A6403,3197,0.47062745690345764,48.54277038574219,13.98047161102295,7451.74658203125,E,1190.0682373046875
2258,2275,745A6403,3198,0.08234882354736328,24.585847854614258,29.02223777770996,16264.3564453125,E,904.1458129882812
2258,2276,745A6403,3199,0.13275259733200073,28.69620704650879,29.534515380859375,19659.572265625,E,906.2603149414062
2259,2266,745A6403,3200,0.030855754390358925,7.331283092498779,30.8250675201416,5471.1416015625,E,918.6176147460938
2260,2310,745A6403,3201,0.5234599709510803,52.024200439453125,21.549236297607422,18974.0078125,E,1176.2130126953125
2260,2376,745A6403,3202,0.3582574427127838,100.75119018554688,33.53464126586914,88987.1640625,E,1125.7200927734375
2261,6114,745A6403,3203,3.473576545715332,1016.5994262695312,35.55324935913086,1009249.0625,F,508.3019104003906
2262,2267,745A6403,3204,0.012045066803693771,3.6656415462493896,34.88995361328125,3504.61767578125,E,952.5753173828125
2263,2272,745A6403,3205,0.21219302713871002,55.689849853515625,32.462249755859375,46091.7421875,E,1989.775146484375
2263,2321,745A6403,3206,0.20500370860099792,50.9505615234375,26.686138153076172,28497.734375,E,1954.7432861328125
2264,2309,745A6403,3207,0.14451844990253448,34.95384979248047,31.097192764282227,26547.72265625,E,1392.873046875
2265,2266,745A6403,3208,0.010916379280388355,2.5920000076293945,30.818265914916992,1933.487060546875,E,916.2289428710938
2265,2301,745A6403,3209,0.18498843908309937,34.509132385253906,27.729021072387695,20839.7734375,E,902.2131958007812
2266,2296,745A6403,3210,0.09226897358894348,34.509132385253906,30.068952560424805,24505.328125,E,908.8352661132812
2267,2269,745A6403,3211,0.14118048548698425,52.46892166137695,31.988893508911133,42168.72265625,E,944.9588012695312
2267,2336,745A6403,3212,0.23713935911655426,64.72368621826172,33.25088119506836,56202.9921875,E,922.5325317382812
2268,2279,745A6403,3213,0.10124339908361435,27.6225643157959,33.03268814086914,23672.3671875,E,2344.9638671875
2269,2282,745A6403,3214,0.08649375289678574,22.438568115234375,32.193355560302734,18264.908203125,E,927.278076171875
2270,2307,745A6403,3215,0.18823972344398499,43.61928176879883,17.009235382080078,9911.4677734375,E,2202.44873046875
2270,2308,745A6403,3216,0.12824642658233643,23.328001022338867,21.05234718322754,8120.232421875,E,2185.4404296875
2271,2281,745A6403,3217,0.0418027862906456,9.923283576965332,30.81316566467285,7399.7646484375,E,1060.6905517578125
2271,2299,745A6403,3218,0.9380670189857483,39.5089225769043,14.166200637817383,6227.1865234375,E,1069.7825927734375
2272,2319,745A6403,3219,0.41575706005096436,118.08206176757812,33.713016510009766,105406.8984375,E,2050.431640625
2272,2366,745A6403,3220,0.3844854533672333,71.87076568603516,26.184249877929688,38701.01953125,E,1998.7615966796875
2273,2288,745A6403,3221,0.055211715400218964,10.99692440032959,28.205860137939453,6871.314453125,E,1707.5018310546875
2274,2350,745A6403,3222,0.17572437226772308,51.39527893066406,34.20317459106445,47222.16796875,E,1228.782470703125
2275,2315,745A6403,3223,0.17920812964439392,28.69620704650879,26.95271873474121,16372.6708984375,E,886.821044921875
2276,2287,745A6403,3224,0.02607741579413414,6.257641315460205,30.981544494628906,4717.44287109375,E,896.3425903320312
2277,2302,745A6403,3225,0.6221437454223633,74.90748596191406,20.765153884887695,25367.953125,E,993.3755493164062
2277,2349,745A6403,3226,0.22162076830863953,56.31876754760742,32.0428352355957,45415.58203125,E,965.404052734375
2278,2284,745A6403,3227,0.15568487346172333,3.6656415462493896,9.704692840576172,271.14617919921875,E,2535.42236328125
2278,2293,745A6403,3228,0.3056585192680359,9.923283576965332,9.259086608886719,668.1616821289062,E,2532.0849609375
2279,2303,745A6403,3229,0.36840397119522095,98.2354965209961,32.66191864013672,82307.9296875,E,2288.816650390625
2279,2326,745A6403,3230,0.0470106303691864,33.69599914550781,21.97417449951172,12778.8974609375,E,2325.81591796875
2280,2289,745A6403,3231,0.1398879736661911,40.58256530761719,25.66374969482422,20992.763671875,E,1569.53759765625
2280,2324,745A6403,3232,0.39764922857284546,97.34605407714844,31.4749755859375,75742.3984375,E,1513.1575927734375
2281,2295,745A6403,3233,0.35302549600601196,77.94419860839844,27.1267032623291,45047.1875,E,1036.387939453125
2281,2410,745A6403,3234,0.4808485805988312,93.2356948852539,28.008779525756836,57446.08984375,E,1012.8272705078125
2282,2316,745A6403,3235,0.23273466527462006,43.803489685058594,27.92829132080078,26834.119140625,E,908.8743286132812
2282,2336,745A6403,3236,0.5868220329284668,63.02112579345703,17.631908416748047,15387.7333984375,E,903.0968017578125
2283,2317,745A6403,3237,0.06399713456630707,20.291284561157227,26.71596908569336,11374.7353515625,E,1143.02197265625
2284,2293,745A6403,3238,0.20624791085720062,6.257641315460205,11.000691413879395,594.75830078125,E,2534.460205078125
2285,2294,745A6403,3239,0.27481725811958313,43.174560546875,20.847322463989258,14737.3154296875,E,2459.743408203125
2285,2339,745A6403,3240,2.540078639984131,123.26605987548828,14.299219131469727,19795.115234375,E,2400.505615234375
2286,2288,745A6403,3241,0.032132916152477264,6.257641315460205,27.892913818359375,3823.73974609375,E,1700.8507080078125
2286,2314,745A6403,3242,0.16967999935150146,37.54584884643555,30.04741668701172,26623.556640625,E,1681.986572265625
2287,2300,745A6403,3243,0.15612153708934784,31.732921600341797,28.833450317382812,20720.162109375,E,892.815185546875
2287,2342,745A6403,3244,0.24744388461112976,43.174560546875,22.46152687072754,17107.88671875,E,875.2792358398438
2288,2334,745A6403,3245,0.04372340068221092,31.104000091552734,15.398929595947266,5792.7822265625,E,1694.1041259765625
2289,2304,745A6403,3246,0.16661609709262848,44.69292068481445,32.71034240722656,37557.6875,E,1597.7818603515625
2289,2421,745A6403,3247,0.4262414276599884,113.89541625976562,32.93326187133789,97020.9765625,E,1533.15087890625
2290,2296,745A6403,3248,0.01140962541103363,2.5920000076293945,30.144758224487305,1849.9010009765625,E,901.2792358398438
2291,2337,745A6403,3249,0.24057531356811523,55.874053955078125,30.65159034729004,41229.3125,E,1033.195068359375
2291,2362,745A6403,3250,1.2296717166900635,54.6161994934082,16.10169792175293,11121.2783203125,E,1014.9036865234375
2292,2297,745A6403,3251,0.1271306276321411,42.54563903808594,19.54817008972168,12769.0068359375,E,1217.5836181640625
2292,2332,745A6403,3252,0.1362726241350174,32.80656433105469,31.160125732421875,25017.794921875,E,1219.5726318359375
2293,2338,745A6403,3253,0.6756913661956787,37.990562438964844,15.5009765625,7169.4150390625,E,2534.974853515625
2295,2311,745A6403,3254,0.05152229219675064,10.99692440032959,23.831430435180664,4905.251953125,E,1007.5404663085938
2296,2316,745A6403,3255,0.09555717557668686,30.214563369750977,27.43613052368164,17862.8984375,E,897.2813720703125
2296,2345,745A6403,3256,0.17252640426158905,41.21148681640625,31.089418411254883,31284.798828125,E,881.808349609375
2297,2320,745A6403,3257,0.061872683465480804,15.107283592224121,31.209449768066406,11557.0908203125,E,1198.668212890625
2298,2329,745A6403,3258,2.8130016326904297,42.7298469543457,8.969952583312988,2700.23486328125,E,1081.35546875
2300,2301,745A6403,3259,0.08099286258220673,15.107283592224121,27.297637939453125,8841.5087890625,E,888.781982421875
2300,2344,745A6403,3260,0.6417264342308044,38.61948776245117,13.643716812133789,5646.271484375,E,872.76904296875
2301,2305,745A6403,3261,0.02003493346273899,3.6656415462493896,27.05272674560547,2106.98779296875,E,888.7982788085938
2302,2370,745A6403,3262,0.17920614778995514,61.50277328491211,31.635923385620117,48344.3359375,E,974.0531005859375
2303,2313,745A6403,3263,0.14793936908245087,41.027278900146484,33.294185638427734,35719.0078125,E,2225.318115234375
2303,2359,745A6403,3264,0.3767043650150299,42.54563903808594,23.77886390686035,18894.140625,E,2235.67236328125
2304,2323,745A6403,3265,0.15642355382442474,52.024200439453125,29.182371139526367,34796.5703125,E,1630.845947265625
2304,2363,745A6403,3266,0.17971119284629822,45.137638092041016,20.60129737854004,15045.8896484375,E,1600.779052734375
2305,2351,745A6403,3267,0.29960405826568604,41.65620803833008,23.517250061035156,18094.3359375,E,870.1604614257812
2305,2356,745A6403,3268,0.2627364695072174,51.39527893066406,24.850858688354492,24928.48828125,E,875.9386596679688
2306,2338,745A6403,3269,0.16092108190059662,43.358768463134766,32.82130813598633,36684.16015625,E,2553.21142578125
2306,2416,745A6403,3270,8.362340927124023,125.78177642822266,8.652925491333008,7396.62451171875,E,2583.783203125
2307,2308,745A6403,3271,0.09899609535932541,25.47528076171875,32.09589385986328,20611.4140625,E,2190.555908203125
2307,2313,745A6403,3272,0.023132987320423126,6.257641315460205,32.87961959838867,5313.1748046875,E,2204.108154296875
2308,2318,745A6403,3273,0.1839379370212555,66.94728088378906,32.20825958251953,54545.296875,E,2150.04638671875
2309,2325,745A6403,3274,0.07593126595020294,18.772924423217773,31.433467864990234,14568.2177734375,E,1371.992919921875
2310,2436,745A6403,3275,0.33183079957962036,80.98091888427734,31.36603546142578,62573.69921875,E,1136.96923828125
2311,2312,745A6403,3276,0.029643338173627853,5.184000015258789,27.858896255493164,3159.968017578125,E,1001.0172119140625
2311,2330,745A6403,3277,0.08928410708904266,22.438568115234375,23.797414779663086,9980.3232421875,E,997.015869140625
2312,6114,745A6403,3278,3.4057259559631348,999.7764282226562,35.55324935913086,992547.6875,F,499.8897399902344
2313,2374,745A6403,3279,0.39306050539016724,54.6161994934082,21.01444435119629,18942.931640625,E,2193.26953125
2314,2322,745A6403,3280,0.054623447358608246,16.180925369262695,34.37971115112305,15020.9599609375,E,1657.3585205078125
2314,2334,745A6403,3281,0.19888438284397125,46.8402099609375,27.75174903869629,28332.794921875,E,1672.864501953125
2315,6114,745A6403,3282,2.779176712036133,876.111328125,35.55324935913086,869776.75,F,438.05657958984375
2316,2335,745A6403,3283,0.0972004383802414,19.217641830444336,24.41650390625,8998.2265625,E,886.008056640625
2317,2353,745A6403,3284,0.19780486822128296,38.17477035522461,27.741540908813477,23074.244140625,E,1116.76513671875
2317,2382,745A6403,3285,0.3783110976219177,65.42892456054688,26.831079483032227,36994.39453125,E,1131.74951171875
2318,2319,745A6403,3286,0.10788769274950027,30.659282684326172,33.70960235595703,27362.7109375,E,2106.977783203125
2318,2395,745A6403,3287,0.26717960834503174,69.90768432617188,32.50248718261719,58002.66796875,E,2118.839599609375
2319,2427,745A6403,3288,0.46487459540367126,90.64369201660156,27.90298080444336,55427.93359375,E,2068.478759765625
2320,2332,745A6403,3289,0.14194421470165253,31.2882080078125,29.80150604248047,21824.634765625,E,1199.818359375
2320,2406,745A6403,3290,0.3575204908847809,60.24491882324219,19.59307098388672,18164.16015625,E,1174.61669921875
2321,2384,745A6403,3291,3.688080310821533,119.60041809082031,15.237298965454102,21809.140625,E,1949.339111328125
2321,2389,745A6403,3292,0.3705151379108429,97.08554077148438,32.352272033691406,79809.3984375,E,1889.9222412109375
2322,2323,745A6403,3293,0.01712433248758316,5.184000015258789,34.79811096191406,4930.21923828125,E,1647.14453125
2322,2420,745A6403,3294,0.219700425863266,76.16532897949219,32.95588684082031,64970.046875,E,1644.6512451171875
2323,2363,745A6403,3295,0.1976436823606491,58.4660530090332,34.43825912475586,54459.796875,E,1618.4322509765625
2324,2327,745A6403,3296,0.02634388953447342,7.331283092498779,33.369449615478516,6411.62255859375,E,1465.65625
2325,2358,745A6403,3297,0.15132734179496765,30.843490600585938,28.6956844329834,19947.4140625,E,1350.5250244140625
2325,2385,745A6403,3298,0.2950221002101898,39.50891876220703,19.4583683013916,11748.91796875,E,1356.260986328125
2326,2339,745A6403,3299,0.13726402819156647,33.25128173828125,31.132253646850586,25311.587890625,E,2332.99072265625
2326,2340,745A6403,3300,0.05397384613752365,12.51528263092041,30.434566497802734,9104.681640625,E,2313.717041015625
2327,2364,745A6403,3301,0.1573820561170578,41.21148681640625,32.443729400634766,34069.8125,E,1443.7166748046875
2327,2390,745A6403,3302,0.021801352500915527,36.288002014160156,21.8074951171875,13553.90625,E,1451.4586181640625
2328,2350,745A6403,3303,0.36936521530151367,98.23548126220703,29.46209144592285,66970.7890625,E,1249.2161865234375
2328,2375,745A6403,3304,0.05546720325946808,28.511999130249023,20.749605178833008,9641.3359375,E,1279.064697265625
2329,2368,745A6403,3305,0.14990033209323883,32.361846923828125,29.352495193481445,21898.443359375,E,1065.3408203125
2330,2331,745A6403,3306,0.04257272556424141,7.776000022888184,28.144628524780273,4837.6806640625,E,989.577880859375
2330,2425,745A6403,3307,0.29741474986076355,66.24205017089844,25.705101013183594,34376.546875,E,974.566162109375
2331,6114,745A6403,3308,3.358502149581909,987.6608276367188,35.55324935913086,980519.6875,F,493.83001708984375
2332,2388,745A6403,3309,0.10300247371196747,34.7696418762207,28.46664810180664,22129.05078125,E,1193.976318359375
2333,2448,745A6403,3310,2.2564399242401123,75.98112487792969,11.33438777923584,7666.4052734375,E,1770.1954345703125
2334,2448,745A6403,3311,0.5003138780593872,133.11305236816406,32.61867141723633,111235.4140625,E,1716.201171875
2335,2352,745A6403,3312,0.06514886021614075,13.588924407958984,28.805896759033203,8856.0029296875,E,873.4036254882812
2335,2357,745A6403,3313,0.041655607521533966,30.214563369750977,15.776503562927246,5906.46630859375,E,871.5380859375
2336,2343,745A6403,3314,0.009276940487325191,2.5920000076293945,33.43067169189453,2275.176513671875,E,892.7898559570312
2337,2371,745A6403,3315,0.07833171635866165,26.54892349243164,30.07478141784668,18860.001953125,E,1027.0601806640625
2338,2383,745A6403,3316,0.150455042719841,39.6931266784668,32.5734748840332,33077.55078125,E,2515.8994140625
2339,2402,745A6403,3317,1.0761945247650146,42.100921630859375,18.441211700439453,11245.0244140625,E,2340.12646484375
2340,2348,745A6403,3318,0.16968515515327454,35.398563385009766,28.899778366088867,23220.125,E,2293.356201171875
2340,2426,745A6403,3319,0.9999364614486694,60.42912292480469,14.8925199508667,10526.22265625,E,2298.619384765625
2341,2385,745A6403,3320,0.3661620616912842,53.282047271728516,21.651283264160156,19617.248046875,E,1373.89892578125
2341,2408,745A6403,3321,0.3678561747074127,42.54563903808594,21.706375122070312,15744.1611328125,E,1386.3663330078125
2342,2344,745A6403,3322,0.12757275998592377,8.849641799926758,16.60308837890625,1915.9903564453125,E,857.2579956054688
2342,2354,745A6403,3323,0.4461227059364319,22.438568115234375,15.599621772766113,4288.57666015625,E,852.3742065429688
2343,2346,745A6403,3324,0.013208124786615372,3.6656415462493896,33.31842041015625,3196.01416015625,E,890.6712646484375
2343,2393,745A6403,3325,0.13817527890205383,46.57969284057617,30.995824813842773,35147.375,E,871.2296752929688
2344,2355,745A6403,3326,0.16408571600914001,9.923283576965332,15.46015739440918,1862.82958984375,E,852.6168823242188
2345,2357,745A6403,3327,0.08314899355173111,26.54892349243164,29.733652114868164,18434.583984375,E,862.663818359375
2345,2360,745A6403,3328,0.05827557295560837,16.180925369262695,33.31842041015625,14107.8896484375,E,856.7529296875
2346,2403,745A6403,3329,0.4106905162334442,105.75099182128906,32.33876419067383,86860.265625,E,888.0416259765625
2346,2451,745A6403,3330,0.5546711087226868,66.05784606933594,18.38041114807129,17527.69140625,E,862.3531494140625
2347,2353,745A6403,3331,0.23713459074497223,28.067279815673828,16.419403076171875,5942.9892578125,E,1091.3736572265625
2347,2447,745A6403,3332,0.9487969875335693,106.37989044189453,20.88449478149414,36441.59375,E,1034.7880859375
2348,2359,745A6403,3333,0.22052732110023499,53.09784698486328,25.41447639465332,26935.75390625,E,2254.28564453125
2348,2413,745A6403,3334,0.08944719284772873,44.24820327758789,24.773666381835938,21328.78515625,E,2267.2626953125
2349,2361,745A6403,3335,0.056833066046237946,14.662566184997559,32.13671875,11893.3154296875,E,948.2456665039062
2349,2404,745A6403,3336,0.5393627285957336,64.09477233886719,17.637474060058594,15659.7666015625,E,931.2927856445312
2350,2399,745A6403,3337,0.12450743466615677,31.732921600341797,31.985002517700195,25497.21484375,E,1202.2752685546875
2351,2355,745A6403,3338,0.8383496999740601,34.7696418762207,14.674392700195312,5880.44775390625,E,851.1109008789062
2351,2356,745A6403,3339,0.033555299043655396,8.849641799926758,32.507144927978516,7344.685546875,E,854.19140625
2352,2369,745A6403,3340,0.06559159606695175,27.6225643157959,29.205923080444336,18505.283203125,E,867.2918090820312
2352,2377,745A6403,3341,0.09120441228151321,19.846567153930664,23.625978469848633,8700.712890625,E,860.29638671875
2353,2381,745A6403,3342,0.11638548970222473,22.438568115234375,27.818077087402344,13637.6396484375,E,1087.4302978515625
2354,6114,745A6403,3343,2.7419042587280273,846.5806884765625,35.55324935913086,840459.625,F,423.2921142578125
2355,2379,745A6403,3344,0.6048946380615234,17.699283599853516,13.502891540527344,2534.539794921875,E,841.0635986328125
2356,2360,745A6403,3345,0.02675127610564232,7.331283092498779,33.09731674194336,6307.4736328125,E,851.924072265625
2357,2377,745A6403,3346,0.09024368226528168,26.10420799255371,24.57297706604004,12379.865234375,E,855.3930053710938
2358,2365,745A6403,3347,0.0475303940474987,7.331283092498779,24.7702693939209,3532.89990234375,E,1332.239990234375
2358,2396,745A6403,3348,0.07910788059234619,27.622568130493164,18.001134872436523,7029.97412109375,E,1334.6622314453125
2359,2373,745A6403,3349,0.0420953705906868,10.99692440032959,32.28264236450195,9001.17578125,E,2224.93701171875
2360,2434,745A6403,3350,0.24559518694877625,40.58256530761719,24.305612564086914,18829.662109375,E,831.00537109375
2361,2370,745A6403,3351,0.03784432262182236,9.923283576965332,32.38468933105469,8173.8134765625,E,945.4973754882812
2361,2404,745A6403,3352,0.15797919034957886,41.21148681640625,26.242013931274414,22289.611328125,E,930.4285888671875
2362,2401,745A6403,3353,3.203702688217163,78.57312774658203,12.002610206604004,8890.2783203125,E,963.3154296875
2362,2512,745A6403,3354,3.1431925296783447,141.14955139160156,13.012332916259766,18770.66796875,E,952.479736328125
2363,2439,745A6403,3355,0.20496699213981628,60.16861343383789,34.28334045410156,55542.59375,E,1562.072021484375
2364,2390,745A6403,3356,0.08232374489307404,36.027488708496094,32.21886444091797,29372.73046875,E,1431.3270263671875
2364,2408,745A6403,3357,0.19430147111415863,53.726768493652344,33.24812316894531,46646.0546875,E,1400.66455078125
2365,2367,745A6403,3358,0.0862993448972702,31.732921600341797,15.715274810791016,6155.224609375,E,1318.5283203125
2365,2392,745A6403,3359,0.15962789952754974,17.699283599853516,21.20250129699707,6249.1328125,E,1321.115234375
2366,2384,745A6403,3360,0.036810461431741714,8.849641799926758,31.001951217651367,6680.26416015625,E,1993.7713623046875
2366,2427,745A6403,3361,1.5694655179977417,71.2418441772461,11.405054092407227,7278.12841796875,E,2020.4114990234375
2367,2378,745A6403,3362,0.27967530488967896,43.174560546875,25.14826774597168,21445.390625,E,1290.3658447265625
2367,2397,745A6403,3363,0.15998214483261108,16.625642776489258,20.616458892822266,5550.044921875,E,1299.67919921875
2368,2376,745A6403,3364,1.1985459327697754,52.913639068603516,17.01013946533203,12024.6728515625,E,1066.230224609375
2368,2437,745A6403,3365,0.24063193798065186,49.17169189453125,28.63309669494629,31662.244140625,E,1026.1817626953125
2369,2380,745A6403,3366,0.021079424768686295,5.184000015258789,31.348915100097656,4001.28857421875,E,858.75048828125
2369,2386,745A6403,3367,0.05033877491950989,12.51528263092041,31.512187957763672,9760.8505859375,E,859.0266723632812
2370,2401,745A6403,3368,0.0758700966835022,19.846567153930664,32.3460578918457,16308.6484375,E,940.2777709960938
2371,2372,745A6403,3369,0.031003907322883606,31.104000091552734,18.286865234375,8169.29638671875,E,1028.724365234375
2371,2411,745A6403,3370,0.10961930453777313,23.956924438476562,29.5755615234375,16458.375,E,1010.5569458007812
2372,2411,745A6403,3371,0.1927102953195572,45.32184600830078,24.919937133789062,22105.044921875,E,1020.771728515625
2373,2417,745A6403,3372,0.1652841866016388,46.39548873901367,27.719743728637695,27999.099609375,E,2228.86572265625
2373,2419,745A6403,3373,0.22483870387077332,54.80040740966797,31.27975082397461,42111.453125,E,2194.75634765625
2374,2391,745A6403,3374,0.12340349704027176,17.254566192626953,21.107452392578125,6037.61669921875,E,2164.0947265625
2374,2419,745A6403,3375,0.18358930945396423,29.14092445373535,18.358299255371094,7713.6171875,E,2170.256103515625
2375,2378,745A6403,3376,0.03300878778100014,6.257641315460205,27.532346725463867,3725.52099609375,E,1270.4903564453125
2375,2398,745A6403,3377,0.27862340211868286,49.43220901489258,26.657005310058594,27588.154296875,E,1249.3974609375
2376,2400,745A6403,3378,0.05524463951587677,15.107283592224121,33.07351303100586,12978.8720703125,E,1073.9376220703125
2377,2380,745A6403,3379,0.15248391032218933,34.32492446899414,21.590280532836914,12566.5498046875,E,850.8198852539062
2378,2433,745A6403,3380,0.21229292452335358,25.920000076293945,19.144062042236328,7460.93212890625,E,1263.48974609375
2379,6114,745A6403,3381,2.7266652584075928,833.0770263671875,35.55324935913086,827053.5625,F,416.53662109375
2380,2386,745A6403,3382,0.010632846504449844,3.6656415462493896,31.226457595825195,2807.27734375,E,855.3084716796875
2381,2387,745A6403,3383,0.235428124666214,26.993640899658203,18.22272300720215,7040.08447265625,E,1085.079833984375
2381,2405,745A6403,3384,0.07839463651180267,16.180923461914062,28.729700088500977,10489.5146484375,E,1068.9072265625
2382,2387,745A6403,3385,0.1337982416152954,26.993640899658203,15.068977355957031,4814.14208984375,E,1101.9722900390625
2382,2468,745A6403,3386,0.22363543510437012,59.35548400878906,32.5744514465332,49465.7890625,E,1097.278076171875
2383,2416,745A6403,3387,0.21080836653709412,69.27877044677734,31.692649841308594,54652.13671875,E,2526.73291015625
2383,2499,745A6403,3388,0.5839952230453491,160.29086303710938,33.14943313598633,138340.984375,E,2431.41162109375
2384,2463,745A6403,3389,0.2260986715555191,53.09784698486328,30.693660736083984,39288.38671875,E,1990.1546630859375
2385,2396,745A6403,3390,0.11456958204507828,21.364927291870117,22.906204223632812,8804.35546875,E,1338.9957275390625
2386,2393,745A6403,3391,0.0296945683658123,7.331283092498779,31.423749923706055,5685.7255859375,E,852.5316162109375
2387,2405,745A6403,3392,0.43216371536254883,45.95077133178711,17.039852142333984,10478.8671875,E,1072.2763671875
2388,2394,745A6403,3393,0.36807122826576233,46.211280822753906,21.44105339050293,16685.150390625,E,1194.8507080078125
2388,2406,745A6403,3394,0.2549290657043457,36.91692352294922,20.772737503051758,12511.3115234375,E,1167.5809326171875
2389,2453,745A6403,3395,1.768880844116211,35.843284606933594,12.5676851272583,4446.3974609375,E,1835.9766845703125
2389,2458,745A6403,3396,0.23645153641700745,65.35261535644531,33.24393081665039,56725.40234375,E,1813.1966552734375
2390,2429,745A6403,3397,0.16093796491622925,66.05784606933594,34.065773010253906,60207.53125,E,1459.63525390625
2391,2395,745A6403,3398,0.14649072289466858,29.58563995361328,21.887676239013672,11131.921875,E,2142.707763671875
2391,2435,745A6403,3399,0.12217841297388077,26.54892349243164,13.136881828308105,3598.498779296875,E,2154.2490234375
2392,2396,745A6403,3400,0.028593624010682106,21.809640884399414,19.042015075683594,6211.0380859375,E,1321.486083984375
2392,2422,745A6403,3401,0.08030149340629578,16.625642776489258,21.19011116027832,5863.201171875,E,1308.2181396484375
2393,2415,745A6403,3402,0.0373380221426487,11.441641807556152,30.77234649658203,8509.41015625,E,845.9567260742188
2394,2526,745A6403,3403,0.4505159556865692,117.8215560913086,32.35995864868164,96901.5078125,E,1160.638671875
2395,2414,745A6403,3404,0.03053954243659973,8.849641799926758,34.03785705566406,8052.671875,E,2127.73779296875
2396,2430,745A6403,3405,0.06320078670978546,18.772924423217773,23.64944839477539,8246.3896484375,E,1322.6287841796875
2397,2431,745A6403,3406,0.19082783162593842,28.69620704650879,18.031749725341797,7328.0791015625,E,1297.091552734375
2397,2432,745A6403,3407,0.03284693509340286,19.84656524658203,17.76642608642578,4920.11669921875,E,1283.801513671875
2398,2399,745A6403,3408,0.20487080514431,48.35856628417969,23.94584846496582,21778.2890625,E,1211.736572265625
2398,2444,745A6403,3409,0.12852302193641663,23.328001022338867,12.851150512695312,3025.8779296875,E,1220.294921875
2399,2409,745A6403,3410,0.025517461821436882,6.257641315460205,31.30809211730957,4817.41162109375,E,1192.5272216796875
2400,2423,745A6403,3411,0.18331284821033478,39.50891876220703,24.418771743774414,18502.595703125,E,1076.195068359375
2400,2424,745A6403,3412,0.05645965784788132,15.107283592224121,32.68572998046875,12676.3037109375,E,1060.1134033203125
2401,2470,745A6403,3413,0.18811477720737457,50.5058479309082,32.85014343261719,42806.14453125,E,922.3154296875
2402,2426,745A6403,3414,0.9605152606964111,56.76348876953125,10.993271827697754,5387.81787109375,E,2302.81787109375
2402,2490,745A6403,3415,1.2513304948806763,96.01190185546875,22.98653221130371,39843.90625,E,2315.68408203125
2403,2446,745A6403,3416,0.20214857161045074,57.837127685546875,33.86845779418945,52105.96484375,E,888.3843994140625
2403,2483,745A6403,3417,0.35805177688598633,74.01805114746094,25.909255981445312,39024.50390625,E,852.8899536132812
2404,2446,745A6403,3418,0.0483849011361599,26.10420799255371,32.214271545410156,21276.345703125,E,900.1689453125
2405,2477,745A6403,3419,0.35015401244163513,69.9076919555664,28.699234008789062,45222.59375,E,1029.4466552734375
2406,2412,745A6403,3420,0.025025231763720512,3.6656415462493896,24.205604553222656,1686.831787109375,E,1154.6785888671875
2407,2442,745A6403,3421,3.2509403228759766,31.2882080078125,5.622802734375,776.9199829101562,E,1650.9114990234375
2408,2449,745A6403,3422,0.13513924181461334,37.10112762451172,33.11942672729492,31962.638671875,E,1358.2828369140625
2409,2436,745A6403,3423,3.320385456085205,117.45311737060547,12.451801300048828,14302.724609375,E,1146.408447265625
2409,2455,745A6403,3424,0.12410058081150055,30.214563369750977,31.237590789794922,23155.876953125,E,1184.4449462890625
2410,2425,745A6403,3425,0.07321010529994965,13.588924407958984,27.23028564453125,7913.6962890625,E,965.6832885742188
2410,2437,745A6403,3426,1.6970038414001465,85.90440368652344,12.898771286010742,11225.4033203125,E,990.2667236328125
2411,2447,745A6403,3427,0.08855985850095749,21.36492347717285,31.04277229309082,16170.0810546875,E,998.8883666992188
2412,2468,745A6403,3428,0.5604576468467712,88.05168151855469,21.220722198486328,31142.095703125,E,1120.9244384765625
2412,2525,745A6403,3429,0.6482190489768982,101.45641326904297,25.03502082824707,49941.92578125,E,1114.3194580078125
2413,2417,745A6403,3430,0.03963049501180649,8.849641799926758,29.87432861328125,6203.14404296875,E,2246.958740234375
2413,2426,745A6403,3431,0.18694987893104553,41.21148681640625,29.660762786865234,28475.595703125,E,2263.6484375
2414,2457,745A6403,3432,0.14188113808631897,31.2882080078125,23.056848526000977,13063.828125,E,2131.02197265625
2414,2465,745A6403,3433,0.2378460019826889,36.91692352294922,27.449247360229492,21846.21875,E,2117.75341796875
2415,2445,745A6403,3434,0.08633700013160706,27.17784881591797,28.2908992767334,17084.349609375,E,831.8724365234375
2415,2451,745A6403,3435,0.17477963864803314,38.61948776245117,29.76796531677246,26877.859375,E,835.7435913085938
2416,2533,745A6403,3436,0.4237546920776367,101.9011459350586,31.260108947753906,78207.7734375,E,2544.7197265625
2417,2484,745A6403,3437,0.2978285849094391,56.579280853271484,18.893024444580078,15861.720703125,E,2230.25048828125
2418,2471,745A6403,3438,7.030776023864746,56.94769287109375,22.75426483154297,23157.5,E,1806.263427734375
2419,2435,745A6403,3439,0.058155037462711334,12.51528263092041,29.365116119384766,8476.0595703125,E,2163.158935546875
2420,2491,745A6403,3440,2.5689356327056885,84.83076477050781,13.19810962677002,11605.576171875,E,1611.0003662109375
2420,2545,745A6403,3441,0.457396537065506,130.70529174804688,33.80693817138672,117326.125,E,1655.3359375
2421,2428,745A6403,3442,0.01177490595728159,3.6656415462493896,35.28793716430664,3585.02685546875,E,1478.513916015625
2421,2440,745A6403,3443,0.25881361961364746,68.02091979980469,24.395570755004883,31794.671875,E,1505.5008544921875
2422,2430,745A6403,3444,0.12936317920684814,18.772924423217773,24.24350929260254,8665.8818359375,E,1307.4012451171875
2422,2431,745A6403,3445,0.02173861861228943,3.6656415462493896,25.971019744873047,1941.8599853515625,E,1301.2783203125
2423,2424,745A6403,3446,0.01923665776848793,31.104000091552734,23.215747833251953,13166.5341796875,E,1064.15087890625
2423,2492,745A6403,3447,0.29581373929977417,70.98133087158203,31.044544219970703,53728.48828125,E,1064.0230712890625
2424,2507,745A6403,3448,0.32889825105667114,84.12554168701172,31.97689437866211,67560.109375,E,1014.8176879882812
2425,2450,745A6403,3449,0.07443851232528687,15.107283592224121,28.460975646972656,9611.1611328125,E,955.8078002929688
2427,2463,745A6403,3450,0.14146928489208221,45.95077133178711,28.264820098876953,28832.025390625,E,2007.0927734375
2428,2429,745A6403,3451,0.0202129278331995,6.257641315460205,35.206302642822266,6091.74072265625,E,1475.527099609375
2429,2443,745A6403,3452,0.03284534066915512,9.923283576965332,34.78280258178711,9429.19140625,E,1471.3463134765625
2430,2467,745A6403,3453,0.21199920773506165,30.214567184448242,26.10368537902832,16169.99609375,E,1311.916015625
2431,2459,745A6403,3454,0.15463510155677795,26.10420799255371,26.001638412475586,13861.232421875,E,1287.8001708984375
2432,2433,745A6403,3455,0.2590298354625702,28.067279815673828,14.946520805358887,4924.59375,E,1266.329833984375
2432,2459,745A6403,3456,0.19374863803386688,29.14092445373535,17.732410430908203,7196.62353515625,E,1274.1600341796875
2433,2444,745A6403,3457,0.2683359384536743,54.6161994934082,28.56914710998535,35011.109375,E,1232.142333984375
2433,2459,745A6403,3458,0.41154763102531433,58.09764099121094,17.295305252075195,13649.126953125,E,1257.555908203125
2434,6114,745A6403,3459,2.699002265930176,812.3180541992188,35.55324935913086,806444.6875,F,406.1611022949219
2435,2457,745A6403,3460,0.08959473669528961,31.2882080078125,27.83168601989746,19034.857421875,E,2144.1689453125
2436,2497,745A6403,3461,0.1853885054588318,57.20820617675781,29.46171760559082,38999.9765625,E,1082.2747802734375
2437,2500,745A6403,3462,0.3715178966522217,76.79425048828125,28.73649787902832,49806.52734375,E,967.2124633789062
2438,2442,745A6403,3463,2.502925395965576,24.401639938354492,15.176467895507812,4414.1826171875,E,1628.3956298828125
2439,2440,745A6403,3464,0.009087334387004375,2.5920000076293945,33.77763366699219,2322.647705078125,E,1532.0985107421875
2439,2466,745A6403,3465,0.13381683826446533,42.7298469543457,28.824264526367188,27882.884765625,E,1539.0758056640625
2440,2622,745A6403,3466,0.6900593042373657,196.057861328125,33.77130126953125,175618.28125,E,1438.6849365234375
2441,2443,745A6403,3467,0.012201588600873947,3.6656415462493896,34.66544723510742,3459.66064453125,E,1472.11572265625
2442,2508,745A6403,3468,0.29929277300834656,61.318565368652344,28.673498153686523,39595.26171875,E,1623.810546875
2443,2486,745A6403,3469,0.14081458747386932,59.094974517822266,34.383644104003906,54871.171875,E,1443.00927734375
2444,2455,745A6403,3470,0.1291448473930359,39.50891876220703,26.19212532043457,21287.58984375,E,1196.575439453125
2446,2452,745A6403,3471,0.008787479251623154,2.5920000076293945,34.349098205566406,2401.903564453125,E,886.7758178710938
2447,2460,745A6403,3472,0.04652409255504608,11.441641807556152,31.35707664489746,8835.87109375,E,990.7769775390625
2448,2461,745A6403,3473,0.11501220613718033,40.58256530761719,28.496124267578125,25882.1875,E,1762.11962890625
2449,2469,745A6403,3474,0.14237143099308014,36.027488708496094,31.828536987304688,28665.349609375,E,1323.9234619140625
2449,2518,745A6403,3475,1.466954231262207,78.12841033935547,13.262060165405273,10792.4697265625,E,1332.4981689453125
2450,2454,745A6403,3476,0.08430055528879166,16.625642776489258,28.70734977722168,10761.046875,E,945.6880493164062
2450,2482,745A6403,3477,0.16952410340309143,43.803489685058594,27.213214874267578,25477.587890625,E,942.2824096679688
2451,2493,745A6403,3478,0.22698089480400085,60.61333084106445,32.65404510498047,50761.2109375,E,817.211181640625
2452,2456,745A6403,3479,0.04276217520236969,12.51528263092041,34.19807052612305,11495.65625,E,886.0908813476562
2452,2503,745A6403,3480,0.18294431269168854,65.79733276367188,32.93064498901367,56040.06640625,E,855.3300170898438
2454,6114,745A6403,3481,3.1710145473480225,941.1280517578125,35.55324935913086,934323.375,F,470.56536865234375
2455,2474,745A6403,3482,0.09549601376056671,25.475284576416016,32.65919876098633,21341.2578125,E,1174.26318359375
2456,2462,745A6403,3483,0.05833236500620842,15.107283592224121,32.25033187866211,12340.8369140625,E,886.7351684570312
2456,2475,745A6403,3484,0.25351741909980774,26.993640899658203,18.158580780029297,6990.61181640625,E,874.6980590820312
2457,2465,745A6403,3485,0.06219535320997238,18.772924423217773,25.379148483276367,9496.76953125,E,2121.47607421875
2458,2461,745A6403,3486,0.023214560002088547,6.257641315460205,32.838802337646484,5299.99169921875,E,1778.6134033203125
2458,2476,745A6403,3487,0.3288511037826538,26.54892349243164,23.529176712036133,11543.8388671875,E,1779.4068603515625
2459,2464,745A6403,3488,0.030054880306124687,5.184000015258789,26.246551513671875,2804.783935546875,E,1274.4324951171875
2460,2512,745A6403,3489,0.32286930084228516,69.46297454833984,29.660493850708008,47995.44140625,E,954.149169921875
2460,2517,745A6403,3490,0.1647329330444336,62.392208099365234,27.885587692260742,38104.81640625,E,969.8449096679688
2461,2511,745A6403,3491,0.24322159588336945,65.35261535644531,32.825538635253906,55306.55078125,E,1747.940673828125
2462,2470,745A6403,3492,0.1790810376405716,57.20820617675781,29.66659164428711,39544.26953125,E,894.5325317382812
2462,2475,745A6403,3493,0.3545030355453491,31.73292350769043,17.126079559326172,7309.97509765625,E,875.0475463867188
2463,2521,745A6403,3494,0.16369310021400452,61.318565368652344,32.23732376098633,50049.5078125,E,1977.3450927734375
2464,2467,745A6403,3495,0.2523385286331177,45.137638092041016,17.27805519104004,10583.234375,E,1288.95556640625
2464,2522,745A6403,3496,0.40677475929260254,78.49681091308594,27.91391372680664,48037.828125,E,1234.9990234375
2465,2473,745A6403,3497,0.05741432309150696,16.180925369262695,33.47489547729492,14240.7119140625,E,2107.428955078125
2466,2491,745A6403,3498,0.2303892821073532,62.5764045715332,32.964176177978516,53405.375,E,1566.2916259765625
2466,2598,745A6403,3499,2.723024606704712,125.8580551147461,13.187596321105957,17191.041015625,E,1508.3714599609375
2467,2469,745A6403,3500,0.014326242730021477,3.6656415462493896,31.991811752319336,2946.5751953125,E,1306.6636962890625
2468,2478,745A6403,3501,0.06865574419498444,17.699283599853516,32.11280822753906,14335.146484375,E,1080.8800048828125
2469,2539,745A6403,3502,0.29552513360977173,86.27281951904297,31.548368453979492,67440.015625,E,1265.2171630859375
2470,2570,745A6403,3503,0.3280060291290283,94.75405883789062,33.994102478027344,85999.2890625,E,879.922607421875
2471,2489,745A6403,3504,1.095638632774353,27.6225643157959,17.056467056274414,6311.4921875,E,1788.114990234375
2471,2510,745A6403,3505,0.16329394280910492,39.248409271240234,31.013856887817383,29649.919921875,E,1762.78125
2472,2623,745A6403,3506,11.485108375549316,144.55467224121094,21.55536651611328,52751.2578125,E,1931.74609375
2473,2480,745A6403,3507,0.05527767911553383,22.883283615112305,31.93738555908203,18331.876953125,E,2109.661376953125
2473,2521,745A6403,3508,0.4791886508464813,141.59426879882812,34.38075637817383,131451.765625,E,2035.863525390625
2474,2519,745A6403,3509,2.000795364379883,72.76020812988281,12.891351699829102,9496.875,E,1140.06884765625
2474,2585,745A6403,3510,0.38275885581970215,92.60677337646484,31.327884674072266,71382.9921875,E,1149.3980712890625
2477,2517,745A6403,3511,0.2650887668132782,55.874053955078125,29.54947853088379,38317.72265625,E,975.9240112304688
2477,2592,745A6403,3512,0.6019788980484009,124.3396987915039,26.697355270385742,69604.3125,E,986.3926391601562
2478,2488,745A6403,3513,0.08022066205739975,23.956924438476562,26.954078674316406,13670.0439453125,E,1067.1229248046875
2478,2542,745A6403,3514,0.28551536798477173,59.35548782348633,28.971696853637695,39128.984375,E,1064.4246826171875
2479,2480,745A6403,3515,0.30660533905029297,74.278564453125,31.241764068603516,56940.921875,E,2152.527099609375
2479,2485,745A6403,3516,0.14185254275798798,35.398563385009766,31.731983184814453,27994.322265625,E,2198.36767578125
2479,2506,745A6403,3517,0.04972916841506958,18.144001007080078,21.225828170776367,6420.25439453125,E,2180.8486328125
2480,2515,745A6403,3518,0.18514931201934814,29.58563995361328,11.191181182861328,2910.198974609375,E,2113.248291015625
2481,2543,745A6403,3519,0.29586660861968994,62.131690979003906,28.956928253173828,40917.40234375,E,1484.5576171875
2482,2487,745A6403,3520,0.13552597165107727,21.809640884399414,22.19867706298828,8440.9736328125,E,926.0340576171875
2482,2501,745A6403,3521,0.040928810834884644,14.662566184997559,26.763587951660156,8248.7578125,E,931.1303100585938
2483,2493,745A6403,3522,0.05440870672464371,22.883283615112305,29.426342010498047,15562.55078125,E,812.9759521484375
2483,2503,745A6403,3523,0.18597674369812012,49.43220901489258,19.429794311523438,14656.7041015625,E,820.1765747070312
2484,2485,745A6403,3524,0.026530316099524498,7.776000022888184,34.23685073852539,7158.69384765625,E,2215.05078125
2484,2496,745A6403,3525,0.1414499431848526,38.435279846191406,33.0211296081543,32915.75,E,2234.909423828125
2485,2506,745A6403,3526,0.21557672321796417,43.17456817626953,23.734333038330078,19101.6953125,E,2194.83203125
2486,2518,745A6403,3527,0.4689388573169708,112.00862884521484,31.763010025024414,88753.328125,E,1367.936279296875
2486,2660,745A6403,3528,0.682313859462738,172.9903564453125,30.971555709838867,130328.0234375,E,1340.430908203125
2487,6114,745A6403,3529,3.073169708251953,918.1865234375,35.55324935913086,911547.6875,F,459.0946044921875
2488,2494,745A6403,3530,0.013155617751181126,2.5920000076293945,28.073196411132812,1604.385009765625,E,1056.6536865234375
2488,2498,745A6403,3531,0.038691144436597824,12.51528263092041,27.72283363342285,7554.5009765625,E,1054.297119140625
2490,2495,745A6403,3532,0.06735561043024063,19.217641830444336,33.762332916259766,17205.0078125,E,2274.586181640625
2490,2505,745A6403,3533,0.10400422662496567,23.956924438476562,30.580156326293945,17595.44921875,E,2289.62353515625
2491,2566,745A6403,3534,0.6528137922286987,129.89212036132812,29.29727554321289,87564.3203125,E,1612.53271484375
2492,2497,745A6403,3535,0.012568864040076733,3.6656415462493896,34.15521240234375,3358.5654296875,E,1059.3736572265625
2492,2507,745A6403,3536,3.5720977783203125,127.82113647460938,13.617305755615234,18615.509765625,E,1012.9148559570312
2493,2502,745A6403,3537,0.02261507511138916,6.257641315460205,33.267398834228516,5439.240234375,E,804.6311645507812
2494,2498,745A6403,3538,0.02913719229400158,6.257641315460205,29.301164627075195,4219.59033203125,E,1052.680419921875
2495,2496,745A6403,3539,0.06153550371527672,17.699283599853516,33.894264221191406,15969.74609375,E,2259.086669921875
2495,2565,745A6403,3540,0.7137649059295654,66.686767578125,19.072031021118164,19051.248046875,E,2249.67919921875
2496,2551,745A6403,3541,0.3386344015598297,61.05804443359375,23.957778930664062,27524.908203125,E,2232.890625
2497,2513,745A6403,3542,0.07126392424106598,20.920207977294922,34.25872039794922,19284.044921875,E,1058.9197998046875
2498,2592,745A6403,3543,0.4486590623855591,103.08268737792969,30.437288284301758,75004.53125,E,998.5546264648438
2499,2505,745A6403,3544,0.26961612701416016,63.91056442260742,27.68488121032715,38472.27734375,E,2327.703857421875
2499,2606,745A6403,3545,0.4251612424850464,105.490478515625,31.515901565551758,82292.9453125,E,2318.564697265625
2500,2501,745A6403,3546,0.013222825713455677,2.5920000076293945,28.00176239013672,1596.23046875,E,930.7930297851562
2500,2556,745A6403,3547,0.29340100288391113,69.27876281738281,23.771177291870117,30746.1953125,E,920.410888671875
2501,2516,745A6403,3548,0.10659392178058624,19.846567153930664,27.26410484313965,11586.6474609375,E,920.685791015625
2502,2524,745A6403,3549,0.484140008687973,37.54584884643555,14.562142372131348,6253.20068359375,E,797.7014770507812
2502,2538,745A6403,3550,0.2442602664232254,34.7696418762207,25.581787109375,17871.125,E,786.9384155273438
2503,2530,745A6403,3551,0.10019836574792862,28.69620704650879,33.81029510498047,25763.943359375,E,812.9005737304688
2504,2508,745A6403,3552,0.08533830940723419,24.401639938354492,25.81795310974121,12774.7529296875,E,1622.028564453125
2505,2601,745A6403,3553,0.38068071007728577,84.83076477050781,27.308656692504883,49687.13671875,E,2273.63427734375
2506,2527,745A6403,3554,0.25399112701416016,50.061126708984375,28.197460174560547,31261.548828125,E,2155.333740234375
2507,2556,745A6403,3555,0.24667081236839294,55.4293327331543,30.023500442504883,39242.09375,E,947.1045532226562
2508,2549,745A6403,3556,0.15524141490459442,35.84328079223633,30.378005981445312,25978.625,E,1601.785400390625
2509,2533,745A6403,3557,2.5708320140838623,188.8028564453125,27.949068069458008,115833.2109375,E,2614.62353515625
2510,2561,745A6403,3558,0.22590070962905884,51.76368713378906,30.2786922454834,37272.5703125,E,1722.7615966796875
2510,2568,745A6403,3559,1.6059218645095825,63.02112579345703,13.77637767791748,9393.9052734375,E,1754.6292724609375
2511,2553,745A6403,3560,0.17767180502414703,48.098052978515625,32.91771697998047,40933.30078125,E,1695.7252197265625
2511,2602,745A6403,3561,1.944572925567627,101.45641326904297,13.91584300994873,15430.7998046875,E,1734.77880859375
2512,2520,745A6403,3562,0.046134039759635925,11.441641807556152,31.48361587524414,8907.328125,E,918.5247192382812
2513,2558,745A6403,3563,0.1629098504781723,44.432411193847656,33.05455780029297,38128.73828125,E,1057.0380859375
2513,2636,745A6403,3564,0.8425658941268921,124.89234924316406,24.752832412719727,60100.14453125,E,1004.7659301757812
2514,2516,745A6403,3565,0.08513841032981873,14.033641815185547,26.66834831237793,7838.85302734375,E,909.2463989257812
2514,6114,745A6403,3566,3.0177435874938965,905.7695922851562,35.55324935913086,899220.5625,F,452.8861083984375
2515,2544,745A6403,3567,0.19105763733386993,29.14092445373535,18.293668746948242,7659.4013671875,E,2108.495849609375
2515,2552,745A6403,3568,0.22145244479179382,44.432411193847656,22.26897621154785,17305.744140625,E,2085.987548828125
2516,2567,745A6403,3569,0.7041149139404297,39.5089225769043,15.197617530822754,7166.97802734375,E,899.0007934570312
2517,2554,745A6403,3570,0.09281335771083832,24.401639938354492,32.40407943725586,20123.720703125,E,943.2765502929688
2518,2531,745A6403,3571,0.11411819607019424,34.32492446899414,34.678794860839844,32421.078125,E,1303.580078125
2520,2548,745A6403,3572,0.10488706082105637,26.10420799255371,31.49178123474121,20332.69140625,E,901.6332397460938
2520,2557,745A6403,3573,0.15219032764434814,29.769847869873047,24.3892879486084,13908.0009765625,E,908.4013061523438
2521,2534,745A6403,3574,0.06223475933074951,17.254566192626953,33.31161880493164,15037.837890625,E,1962.14501953125
2522,2528,745A6403,3575,0.026180794462561607,6.257641315460205,30.920316696166992,4698.8154296875,E,1194.414794921875
2522,2540,745A6403,3576,0.19160306453704834,50.95056915283203,20.377376556396484,16616.34375,E,1208.6446533203125
2523,2529,745A6403,3577,0.16272631287574768,13.588926315307617,20.446186065673828,4461.69287109375,E,766.4893188476562
2523,2532,745A6403,3578,0.030694814398884773,18.772924423217773,18.378707885742188,4980.25732421875,E,770.7636108398438
2523,2536,745A6403,3579,0.12929274141788483,10.368000030517578,20.323726654052734,3363.5009765625,E,763.3394165039062
2524,2530,745A6403,3580,0.28600233793258667,26.993640899658203,17.5283145904541,6513.7587890625,E,795.4650268554688
2524,2547,745A6403,3581,0.055282462388277054,17.699283599853516,13.694740295410156,2607.072998046875,E,781.5692749023438
2525,2526,745A6403,3582,0.2556955814361572,46.656002044677734,18.627994537353516,12715.38671875,E,1092.67529296875
2525,2542,745A6403,3583,0.06805367767810822,22.43856430053711,28.311986923217773,14126.2099609375,E,1064.732421875
2526,2577,745A6403,3584,0.16770578920841217,41.65620803833008,31.533958435058594,32533.185546875,E,1098.388427734375
2527,2544,745A6403,3585,0.11985675245523453,26.10420799255371,29.51659393310547,17862.115234375,E,2119.889404296875
2527,2572,745A6403,3586,0.052891284227371216,32.17763900756836,14.000883102416992,4953.98779296875,E,2128.760498046875
2528,2546,745A6403,3587,0.0710371881723404,16.180925369262695,30.13115119934082,11537.8447265625,E,1184.6392822265625
2528,2569,745A6403,3588,0.19835378229618073,59.35548400878906,24.741819381713867,28537.375,E,1171.6756591796875
2529,6114,745A6403,3589,2.606403350830078,762.330078125,35.55324935913086,756818.1875,F,381.167236328125
2530,2559,745A6403,3590,0.1130218580365181,27.17784881591797,31.20831298828125,20789.572265625,E,786.4629516601562
2531,2535,745A6403,3591,0.12363795936107635,32.80656433105469,32.70784378051758,27564.77734375,E,1277.2889404296875
2531,2583,745A6403,3592,0.11571525782346725,38.435279846191406,28.074329376220703,23792.42578125,E,1279.57568359375
2532,2537,745A6403,3593,0.05970121547579765,17.254566192626953,25.618959426879883,8894.404296875,E,769.3662109375
2532,2541,745A6403,3594,0.10009139776229858,10.99692440032959,23.67496109008789,4841.05078125,E,762.8274536132812
2533,2614,745A6403,3595,0.2612469494342804,82.60717010498047,31.892822265625,65992.3359375,E,2497.34716796875
2534,2588,745A6403,3596,0.03837595134973526,33.69599914550781,24.001510620117188,15245.6298828125,E,1948.1610107421875
2534,2602,745A6403,3597,0.9044063091278076,249.12411499023438,33.21220397949219,215824.65625,E,1839.4263916015625
2535,2539,745A6403,3598,0.15468834340572357,44.692928314208984,26.066946029663086,23851.1328125,E,1243.242431640625
2535,2584,745A6403,3599,0.1300830990076065,32.17763900756836,24.24897575378418,14860.412109375,E,1253.9412841796875
2536,6114,745A6403,3600,2.595386505126953,758.4645385742188,35.55324935913086,752980.5625,F,379.2345275878906
2537,2538,745A6403,3601,0.04120563343167305,7.776000022888184,27.47111701965332,4608.916015625,E,769.1661987304688
2537,2562,745A6403,3602,0.09703467786312103,15.552000045776367,26.573102951049805,8625.03125,E,760.4971923828125
2538,2547,745A6403,3603,0.1119319498538971,22.883283615112305,22.872190475463867,9402.0751953125,E,771.2168579101562
2539,2540,745A6403,3604,0.009368222206830978,2.5920000076293945,33.26740264892578,2253.0078125,E,1225.8990478515625
2540,2690,745A6403,3605,0.4965938329696655,136.333984375,33.1259880065918,117498.328125,E,1163.42529296875
2541,6114,745A6403,3606,2.5939791202545166,757.8220825195312,35.55324935913086,752342.75,F,378.91339111328125
2542,2564,745A6403,3607,0.067224882543087,15.107283592224121,29.988283157348633,10670.3701171875,E,1049.7225341796875
2543,2560,745A6403,3608,3.1169378757476807,39.5089225769043,10.235339164733887,3250.794677734375,E,1471.498046875
2543,2578,745A6403,3609,0.15554668009281158,31.917129516601562,28.66914939880371,20603.609375,E,1442.927978515625
2544,2587,745A6403,3610,0.3159165382385254,53.282047271728516,26.084474563598633,28473.115234375,E,2083.064697265625
2545,2553,745A6403,3611,0.02306065522134304,6.257641315460205,32.96125793457031,5339.5927734375,E,1672.9400634765625
2545,2566,745A6403,3612,0.06213429197669029,22.438568115234375,32.06324005126953,18117.56640625,E,1661.369140625
2546,2569,745A6403,3613,0.10510697215795517,20.920207977294922,28.24667739868164,13109.634765625,E,1168.178955078125
2547,2559,745A6403,3614,0.04523731395602226,18.772924423217773,27.971149444580078,11535.6591796875,E,773.84033203125
2548,2557,745A6403,3615,0.022173307836055756,28.067283630371094,21.623811721801758,10307.533203125,E,894.0162963867188
2548,2579,745A6403,3616,0.12856480479240417,48.98748779296875,30.66315269470215,36175.01171875,E,867.52001953125
2549,2555,745A6403,3617,0.7690872550010681,26.993640899658203,11.548832893371582,2827.662109375,E,1579.8575439453125
2549,2644,745A6403,3618,0.3180450201034546,75.35221099853516,30.777446746826172,56059.734375,E,1574.4853515625
2550,2568,745A6403,3619,0.12235908210277557,28.69620704650879,30.59784507751465,21100.662109375,E,1768.3758544921875
2551,2565,745A6403,3620,0.0860881358385086,27.6225643157959,15.64044189453125,5307.03466796875,E,2213.9140625
2551,2575,745A6403,3621,0.1389414221048355,27.17784881591797,28.044849395751953,16788.47265625,E,2192.51025390625
2552,2582,745A6403,3622,0.3329056203365326,87.42277526855469,32.63998031616211,73149.984375,E,2024.6083984375
2552,2587,745A6403,3623,0.08671552687883377,26.993640899658203,24.88932228088379,13133.41015625,E,2061.30859375
2553,2615,745A6403,3624,0.1479949802160263,58.9107666015625,25.756723403930664,30694.8671875,E,1681.68701171875
2554,2589,745A6403,3625,0.6317724585533142,58.28184509277344,16.390827178955078,12297.728515625,E,914.8472900390625
2554,2632,745A6403,3626,0.2452051043510437,63.46584701538086,32.17771530151367,51610.77734375,E,918.9300537109375
2556,2590,745A6403,3627,0.12052173167467117,28.067283630371094,30.513978958129883,20525.224609375,E,910.0929565429688
2557,2589,745A6403,3628,0.12440484762191772,26.54892349243164,29.201839447021484,17781.04296875,E,894.2716064453125
2558,2635,745A6403,3629,0.3212089240550995,87.79119110107422,33.05952835083008,75358.828125,E,1056.4801025390625
2558,2651,745A6403,3630,0.41564562916755676,98.34339141845703,28.657312393188477,63431.6484375,E,1005.9418334960938
2559,2563,745A6403,3631,0.011765354312956333,2.5920000076293945,29.685543060302734,1793.96875,E,772.2215576171875
2561,2597,745A6403,3632,0.21323606371879578,44.432411193847656,28.87937355041504,29104.845703125,E,1679.532470703125
2561,2600,745A6403,3633,0.5108350515365601,41.21148681640625,12.792642593383789,5296.98486328125,E,1702.99072265625
2562,6114,745A6403,3634,2.5801475048065186,753.2915649414062,35.55324935913086,747845.0,F,376.64801025390625
2563,2586,745A6403,3635,0.10876492410898209,19.846567153930664,26.832592010498047,11222.7822265625,E,761.49169921875
2563,2605,745A6403,3636,0.16391995549201965,50.061126708984375,21.870182037353516,18805.951171875,E,761.9058837890625
2564,2571,745A6403,3637,0.02830592915415764,6.257641315460205,29.668535232543945,4326.06201171875,E,1042.0513916015625
2564,2593,745A6403,3638,0.37251123785972595,64.53948211669922,24.909732818603516,31452.37890625,E,1017.4998779296875
2565,2594,745A6403,3639,0.13215850293636322,25.03056526184082,27.527809143066406,14897.171875,E,2216.71630859375
2566,2620,745A6403,3640,0.12325580418109894,39.5089225769043,16.847999572753906,8808.0908203125,E,1637.725341796875
2567,6114,745A6403,3641,2.9150938987731934,884.115234375,35.55324935913086,877722.75,F,442.0557861328125
2568,2600,745A6403,3642,0.2229006439447403,52.20840835571289,30.585363388061523,38358.1484375,E,1730.6236572265625
2569,2595,745A6403,3643,0.1743367612361908,37.54584884643555,29.347217559814453,25397.189453125,E,1140.012451171875
2570,2579,745A6403,3644,0.033507272601127625,9.923283576965332,34.41033172607422,9228.3271484375,E,850.7950439453125
2570,2611,745A6403,3645,0.5125776529312134,130.5973358154297,31.114206314086914,99298.265625,E,811.4058837890625
2571,2577,745A6403,3646,0.3629968464374542,59.17127990722656,25.041194915771484,29141.435546875,E,1060.8109130859375
2571,2638,745A6403,3647,0.28401175141334534,59.984405517578125,25.907245635986328,31620.64453125,E,1016.1544799804688
2572,2576,745A6403,3648,0.535969078540802,89.57006072998047,24.1149845123291,40909.73828125,E,2160.7724609375
2572,2659,745A6403,3649,0.5224032402038574,102.4537582397461,28.070890426635742,63405.96875,E,2078.189453125
2573,2597,745A6403,3650,0.49990934133529663,26.10420799255371,13.78454303741455,3895.697021484375,E,1657.6807861328125
2574,2623,745A6403,3651,0.2188681662082672,37.990562438964844,26.772823333740234,21387.201171875,E,1874.8131103515625
2575,2576,745A6403,3652,0.024766474962234497,5.184000015258789,28.933792114257812,3408.51806640625,E,2179.483642578125
2575,2594,745A6403,3653,0.10147595405578613,37.99056625366211,17.868473052978516,9526.6572265625,E,2193.133056640625
2576,2581,745A6403,3654,0.03474324569106102,7.331283092498779,29.07666015625,4868.09326171875,E,2173.747314453125
2577,2617,745A6403,3655,0.11633602529764175,29.14092445373535,31.642065048217773,22915.158203125,E,1069.6334228515625
2578,2599,745A6403,3656,0.13095882534980774,28.251487731933594,29.33064842224121,19088.62109375,E,1414.3311767578125
2578,2626,745A6403,3657,3.067938804626465,164.6617431640625,20.97780418395996,56911.84375,E,1416.40771484375
2579,2591,745A6403,3658,0.0298154316842556,8.849641799926758,34.446044921875,8246.9677734375,E,846.8250122070312
2580,2625,745A6403,3659,1.7328015565872192,43.17456817626953,9.770002365112305,3236.73583984375,E,1376.724609375
2581,2621,745A6403,3660,0.34397923946380615,53.09783935546875,18.358299255371094,14055.0244140625,E,2178.47119140625
2581,2658,745A6403,3661,0.3265705406665802,89.93846893310547,33.196346282958984,77842.3515625,E,2130.585693359375
2582,2588,745A6403,3662,0.18046227097511292,49.43220901489258,33.09959030151367,42534.875,E,1963.1395263671875
2582,2648,745A6403,3663,0.19785672426223755,64.53948211669922,24.534196853637695,30511.18359375,E,1988.479248046875
2583,2584,745A6403,3664,0.04801395162940025,25.920000076293945,14.694803237915039,4395.94677734375,E,1258.2177734375
2583,2661,745A6403,3665,0.22254355251789093,57.65291976928711,26.80440902709961,32532.96484375,E,1259.232421875
2584,2667,745A6403,3666,0.26976850628852844,63.91056442260742,26.1060848236084,34209.4453125,E,1225.240478515625
2585,2595,745A6403,3667,0.03712940216064453,10.99692440032959,28.144630432128906,6841.51416015625,E,1123.1318359375
2585,2624,745A6403,3668,0.05902675539255142,42.7298469543457,27.44050407409668,25270.0078125,E,1103.6524658203125
2587,2645,745A6403,3669,0.29441529512405396,66.42625427246094,30.179452896118164,47517.3671875,E,2029.7718505859375
2588,2649,745A6403,3670,0.3821319341659546,96.01191711425781,31.808456420898438,76295.7265625,E,1899.735595703125
2589,2642,745A6403,3671,0.1765008121728897,44.248207092285156,31.657604217529297,34829.05078125,E,877.6769409179688
2590,2636,745A6403,3672,4.602924346923828,118.97149658203125,14.324957847595215,19174.30078125,E,921.0580444335938
2590,2654,745A6403,3673,0.3110778331756592,56.76348876953125,28.19565200805664,35442.41015625,E,873.0779418945312
2591,2662,745A6403,3674,0.2763291597366333,83.05189514160156,31.138015747070312,63244.28515625,E,807.0281372070312
2591,2674,745A6403,3675,0.2807444632053375,72.49969482421875,32.16529083251953,58911.62890625,E,830.7780151367188
2592,2596,745A6403,3676,0.010844442993402481,2.5920000076293945,30.920312881469727,1946.312744140625,E,948.5068359375
2593,2596,745A6403,3677,0.22914032638072968,59.800209045410156,27.634395599365234,35866.7890625,E,965.9833374023438
2593,2656,745A6403,3678,0.2630024254322052,53.09783935546875,20.413532257080078,17378.130859375,E,970.375244140625
2594,2621,745A6403,3679,0.09262605011463165,20.291284561157227,29.598800659179688,13962.0,E,2203.2060546875
2595,2624,745A6403,3680,0.17223256826400757,37.54584884643555,29.543460845947266,25737.986328125,E,1107.311279296875
2596,2632,745A6403,3681,0.14619080722332,50.061126708984375,29.90540885925293,35163.33203125,E,924.6326904296875
2597,2612,745A6403,3682,0.05505160242319107,10.99692440032959,28.261981964111328,6898.685546875,E,1655.5289306640625
2598,2604,745A6403,3683,0.18317747116088867,49.87691879272461,33.002079010009766,42665.03515625,E,1492.85107421875
2598,2608,745A6403,3684,0.21611444652080536,61.76327896118164,33.80654525756836,55439.8203125,E,1444.534423828125
2599,2626,745A6403,3685,0.12182901799678802,27.17784881591797,29.92025375366211,19108.890625,E,1388.9591064453125
2600,2639,745A6403,3686,0.2120111584663391,41.21148681640625,28.016340255737305,25405.689453125,E,1690.630615234375
2601,2606,745A6403,3687,0.037127867341041565,24.401639938354492,23.600122451782227,10674.25,E,2268.156982421875
2601,2643,745A6403,3688,0.1890973448753357,40.322052001953125,29.14129066467285,26893.671875,E,2239.28369140625
2602,2615,745A6403,3689,0.19077078998088837,48.803279876708984,31.995569229125977,39239.05859375,E,1704.7391357421875
2603,2604,745A6403,3690,0.15319380164146423,41.027278900146484,32.7239990234375,34506.05859375,E,1531.2467041015625
2603,2607,745A6403,3691,0.1470237374305725,39.5089225769043,32.780296325683594,33343.47265625,E,1564.327880859375
2603,2670,745A6403,3692,0.19133232533931732,54.171485900878906,22.113637924194336,20805.63671875,E,1541.9178466796875
2604,2684,745A6403,3693,0.29676687717437744,66.0578384399414,26.82028579711914,37319.94921875,E,1505.1839599609375
2605,2609,745A6403,3694,0.01594078727066517,3.6656415462493896,30.328441619873047,2648.134765625,E,755.5781860351562
2605,2610,745A6403,3695,0.015468805097043514,3.6656415462493896,30.787654876708984,2728.934326171875,E,756.81494140625
2606,2700,745A6403,3696,0.3414217531681061,84.38603973388672,28.28394889831543,53020.1015625,E,2253.8876953125
2607,2620,745A6403,3697,0.2156480848789215,63.46584701538086,34.342002868652344,58786.98828125,E,1604.0247802734375
2607,2670,745A6403,3698,0.17018763720989227,53.09783935546875,29.797794342041016,37028.40234375,E,1566.4493408203125
2608,2622,745A6403,3699,0.23556873202323914,79.2020492553711,32.38201904296875,65228.015625,E,1383.4072265625
2608,2689,745A6403,3700,0.6872382164001465,91.97785186767578,20.291627883911133,29744.517578125,E,1388.596923828125
2609,2616,745A6403,3701,0.11297911405563354,20.291284561157227,24.62740135192871,9665.7734375,E,750.8720703125
2609,2628,745A6403,3702,0.08124616742134094,12.960000038146973,27.17518424987793,7516.91943359375,E,748.12744140625
2610,2611,745A6403,3703,0.08017148077487946,20.291284561157227,31.80812644958496,16124.1044921875,E,762.4043579101562
2610,2631,745A6403,3704,0.06469433009624481,15.552000045776367,27.324169158935547,9119.4794921875,E,749.4867553710938
2611,2646,745A6403,3705,2.1904375553131104,30.659282684326172,13.531464576721191,4409.01416015625,E,753.1834716796875
2612,2653,745A6403,3706,0.16419537365436554,35.398563385009766,15.138710021972656,6371.66943359375,E,1647.9080810546875
2612,2666,745A6403,3707,0.30270853638648987,57.57661437988281,27.587574005126953,34416.20703125,E,1623.3682861328125
2613,2663,745A6403,3708,0.17863976955413818,53.282047271728516,27.45442008972168,31542.44140625,E,2661.282470703125
2614,2627,745A6403,3709,0.025284860283136368,11.441641807556152,31.457763671875,8892.705078125,E,2461.174072265625
2614,2629,745A6403,3710,0.03690945357084274,15.107283592224121,31.068283081054688,11452.7763671875,E,2464.495361328125
2615,2630,745A6403,3711,0.046207137405872345,20.920207977294922,30.86418914794922,15651.84765625,E,1672.7635498046875
2616,6114,745A6403,3712,2.54006028175354,744.26513671875,35.55324935913086,738883.8125,F,372.1346435546875
2617,2618,745A6403,3713,2.29350209236145,31.104000091552734,14.926959991455078,5443.13232421875,E,1070.766845703125
2617,2652,745A6403,3714,0.14905184507369995,36.027488708496094,31.095495223999023,27360.173828125,E,1042.76123046875
2619,2647,745A6403,3715,0.17948122322559357,25.920000076293945,18.375307083129883,6873.755859375,E,2618.37060546875
2620,2630,745A6403,3716,0.15530014038085938,45.766563415527344,34.29988098144531,42288.609375,E,1645.858642578125
2621,2634,745A6403,3717,0.06030600517988205,12.960000038146973,29.27735710144043,8724.86328125,E,2195.15625
2622,2671,745A6403,3718,0.18440717458724976,55.4293327331543,34.73688888549805,52530.48046875,E,1328.0565185546875
2623,2753,745A6403,3719,0.6138452887535095,138.92599487304688,30.11058235168457,98926.2890625,E,1822.7515869140625
2624,2635,745A6403,3720,0.07690247893333435,32.361846923828125,30.076723098754883,22992.39453125,E,1075.26025390625
2625,2626,745A6403,3721,0.010247522033751011,2.5920000076293945,31.808124542236328,2059.685791015625,E,1374.3133544921875
2625,2723,745A6403,3722,0.6990407109260559,177.9901580810547,31.911266326904297,142355.390625,E,1288.392578125
2627,2629,745A6403,3723,0.01413622684776783,3.6656415462493896,32.20610809326172,2986.182861328125,E,2460.203857421875
2627,2700,745A6403,3724,0.918660581111908,246.27157592773438,32.76591110229492,207658.015625,E,2346.512451171875
2628,6114,745A6403,3725,2.5276360511779785,742.439453125,35.55324935913086,737071.375,F,371.22161865234375
2629,2633,745A6403,3726,0.4387339949607849,110.12185668945312,31.739177703857422,87127.3984375,E,2510.959716796875
2630,2650,745A6403,3727,0.081351138651371,20.920207977294922,32.0399169921875,16867.03125,E,1666.0982666015625
2631,6114,745A6403,3728,2.526228666305542,742.6882934570312,35.55324935913086,737318.375,F,371.3460388183594
2632,2637,745A6403,3729,0.01888096332550049,5.184000015258789,33.13814163208008,4471.06689453125,E,901.8160400390625
2633,2647,745A6403,3730,0.27546992897987366,66.05784606933594,31.03001594543457,49954.921875,E,2587.8349609375
2633,2681,745A6403,3731,0.10882792621850967,34.7696418762207,28.36459732055664,21970.671875,E,2555.993896484375
2634,2643,745A6403,3732,0.05101519823074341,33.25128173828125,14.256000518798828,5307.544921875,E,2207.36767578125
2634,2678,745A6403,3733,0.11051259189844131,36.91692352294922,27.356313705444336,21698.541015625,E,2183.22314453125
2635,2640,745A6403,3734,0.014289753511548042,3.6656415462493896,32.032630920410156,2954.099365234375,E,1061.9564208984375
2636,2641,745A6403,3735,0.0120536582544446,2.5920000076293945,29.328378677368164,1751.0599365234375,E,939.8685302734375
2637,2642,745A6403,3736,0.16392725706100464,45.137638092041016,21.51495933532715,16410.044921875,E,884.6298217773438
2637,2655,745A6403,3737,0.060420066118240356,16.180925369262695,32.712947845458984,13599.8017578125,E,897.4837036132812
2638,2668,745A6403,3738,0.04929134249687195,28.69620704650879,22.57965087890625,11490.76171875,E,975.5676879882812
2638,2669,745A6403,3739,0.12798954546451569,26.54892349243164,21.87212562561035,9975.134765625,E,986.382080078125
2639,2653,745A6403,3740,0.14421404898166656,27.6225643157959,23.397974014282227,11877.099609375,E,1661.1734619140625
2639,2675,745A6403,3741,0.17725124955177307,29.14092445373535,26.0072021484375,15480.3388671875,E,1669.625
2640,2702,745A6403,3742,0.25628969073295593,75.09169006347656,26.280078887939453,40731.9375,E,1026.4693603515625
2640,2707,745A6403,3743,0.3637203872203827,71.4260482788086,28.4932918548584,45544.0625,E,1037.0712890625
2641,2651,745A6403,3744,0.29472339153289795,36.91692352294922,12.725292205810547,4695.16552734375,E,948.3035888671875
2641,2735,745A6403,3745,0.4242599606513977,108.08246612548828,29.20063018798828,72381.8359375,E,885.7073974609375
2642,2672,745A6403,3746,0.049377162009477615,22.883283615112305,30.361093521118164,16566.96875,E,861.55029296875
2643,2678,745A6403,3747,0.2290792316198349,50.061126708984375,29.76658058166504,34837.61328125,E,2201.21142578125
2644,2666,745A6403,3748,1.0262285470962524,59.35548400878906,13.069469451904297,7962.81591796875,E,1577.1151123046875
2644,2716,745A6403,3749,0.3716059923171997,68.20512390136719,27.310392379760742,39954.23046875,E,1532.169921875
2645,2648,745A6403,3750,0.03381311148405075,8.849641799926758,32.40510177612305,7298.646484375,E,1996.69921875
2645,2659,745A6403,3751,0.24579033255577087,39.50891876220703,14.9519624710083,6937.15576171875,E,2017.094482421875
2646,6114,745A6403,3752,2.508999824523926,740.5775146484375,35.55324935913086,735222.875,F,370.29046630859375
2647,2663,745A6403,3753,0.11549613624811172,31.73292350769043,33.155147552490234,27396.927734375,E,2627.99658203125
2648,2664,745A6403,3754,0.040238700807094574,10.99692440032959,33.06330871582031,9441.77734375,E,1987.68212890625
2649,2754,745A6403,3755,0.39152994751930237,96.71713256835938,26.560346603393555,53587.1640625,E,1842.048095703125
2649,2777,745A6403,3756,0.5025513768196106,137.8523406982422,33.19905471801758,119331.6015625,E,1802.300048828125
2650,2694,745A6403,3757,0.29441404342651367,68.38933563232422,30.589122772216797,50258.82421875,E,1689.9056396484375
2650,2695,745A6403,3758,0.1284119337797165,33.69599914550781,12.953197479248047,4440.4013671875,E,1662.998291015625
2651,2725,745A6403,3759,0.6743792295455933,73.83384704589844,23.814767837524414,32888.046875,E,930.2777709960938
2652,2683,745A6403,3760,0.09918557852506638,40.76676940917969,30.848880767822266,30470.1796875,E,1007.6360473632812
2652,2727,745A6403,3761,0.33453017473220825,79.2020492553711,28.110902786254883,49155.92578125,E,1018.2839965820312
2653,2657,745A6403,3762,0.02831377275288105,3.6656415462493896,22.756534576416016,1490.9124755859375,E,1646.021240234375
2654,6114,745A6403,3763,2.7406132221221924,849.6423950195312,35.55324935913086,843499.1875,F,424.82220458984375
2655,2677,745A6403,3764,0.09946001321077347,44.24820327758789,23.31167221069336,18885.669921875,E,876.364013671875
2655,2692,745A6403,3765,0.12671086192131042,30.214567184448242,30.918458938598633,22685.1640625,E,887.7478637695312
2656,2692,745A6403,3766,0.3733166456222534,72.94441223144531,25.040245056152344,35921.87890625,E,911.0734252929688
2656,2699,745A6403,3767,0.3180665969848633,38.435279846191406,18.674644470214844,10527.484375,E,935.4091796875
2657,2675,745A6403,3768,0.09291161596775055,31.73292350769043,15.021354675292969,5623.64892578125,E,1654.7972412109375
2657,2717,745A6403,3769,0.46767204999923706,74.8311767578125,25.36894416809082,37824.8515625,E,1610.64794921875
2658,2718,745A6403,3770,0.39858850836753845,101.38009643554688,32.088260650634766,81985.1015625,E,2043.0302734375
2658,2731,745A6403,3771,1.0824098587036133,83.75712585449219,17.80992889404297,20865.84765625,E,2092.77880859375
2659,2718,745A6403,3772,0.20599022507667542,61.50277328491211,29.48757553100586,42001.296875,E,2011.826904296875
2660,2661,745A6403,3773,0.06302472949028015,15.552000045776367,31.42471694946289,12061.9873046875,E,1254.1798095703125
2660,2673,745A6403,3774,0.14936286211013794,48.35856628417969,21.065465927124023,16854.095703125,E,1276.6583251953125
2661,2665,745A6403,3775,0.013495917432010174,3.6656415462493896,32.96125793457031,3127.861083984375,E,1245.677978515625
2662,2680,745A6403,3776,0.28409191966056824,34.9538459777832,20.549762725830078,11593.0712890625,E,754.1253051757812
2662,2686,745A6403,3777,0.4660051465034485,69.27877044677734,22.4052791595459,27314.34375,E,774.0280151367188
2663,2805,745A6403,3778,0.7739576101303101,184.32412719726562,30.13222312927246,131442.078125,E,2683.302001953125
2664,2720,745A6403,3779,0.39994537830352783,111.11920166015625,33.34111022949219,97015.0546875,E,1932.4580078125
2664,2743,745A6403,3780,0.4578027129173279,90.45948791503906,23.06073570251465,37782.46875,E,1963.84375
2665,2667,745A6403,3781,0.16340741515159607,44.69292068481445,33.07771301269531,38406.04296875,E,1224.478515625
2665,2711,745A6403,3782,0.26558420062065125,47.72964096069336,19.316085815429688,13986.7333984375,E,1232.5389404296875
2666,2697,745A6403,3783,0.19906337559223175,36.656410217285156,27.135290145874023,21198.677734375,E,1579.935791015625
2667,2676,745A6403,3784,0.04916809871792793,13.588924407958984,33.24699020385742,11797.21875,E,1200.3048095703125
2668,2669,745A6403,3785,0.18543852865695953,28.067279815673828,25.2168025970459,14017.4892578125,E,972.3736572265625
2668,2696,745A6403,3786,0.16146041452884674,31.917129516601562,28.28749656677246,20058.697265625,E,948.5327758789062
2669,2683,745A6403,3787,0.08356021344661713,20.920207977294922,31.590911865234375,16397.59765625,E,985.5993041992188
2670,2688,745A6403,3788,0.07987319678068161,19.846567153930664,31.491779327392578,15458.58203125,E,1537.7017822265625
2671,2673,745A6403,3789,0.028409089893102646,8.849641799926758,35.29304122924805,8657.5244140625,E,1298.3890380859375
2671,2685,745A6403,3790,0.13513346016407013,44.248207092285156,28.8162899017334,28857.697265625,E,1315.4228515625
2672,2677,745A6403,3791,0.03079456277191639,7.331283092498779,30.85228157043457,5480.80615234375,E,856.0914306640625
2672,2682,745A6403,3792,0.052543845027685165,12.51528263092041,30.8631649017334,9362.9228515625,E,851.34814453125
2673,2711,745A6403,3793,0.306721955537796,77.23897552490234,31.862415313720703,61586.25,E,1258.78369140625
2674,2686,745A6403,3794,0.2197481244802475,34.32492446899414,21.05744743347168,11953.9365234375,E,803.000244140625
2674,2687,745A6403,3795,0.051437556743621826,11.441641807556152,29.85086441040039,8007.40966796875,E,811.6354370117188
2675,2829,745A6403,3796,0.5390754342079163,136.04185485839844,31.758703231811523,107767.53125,E,1638.2110595703125
2676,2679,745A6403,3797,0.08814175426959991,23.956924438476562,32.97032928466797,20453.494140625,E,1185.41552734375
2676,2712,745A6403,3798,0.3107267916202545,38.435279846191406,17.30948257446289,9044.57421875,E,1184.197998046875
2677,2682,745A6403,3799,0.030774196609854698,7.331283092498779,30.865888595581055,5485.6416015625,E,852.3582153320312
2678,2731,745A6403,3800,0.35297685861587524,91.45681762695312,32.21704864501953,74555.1171875,E,2138.340087890625
2679,2690,745A6403,3801,0.357136994600296,91.71734619140625,29.439403533935547,62430.8671875,E,1138.3956298828125
2679,2706,745A6403,3802,0.1351882368326187,30.659282684326172,25.044944763183594,15104.001953125,E,1167.014892578125
2680,6114,745A6403,3803,2.482743978500366,740.5004272460938,35.55324935913086,735146.375,F,370.248779296875
2682,2693,745A6403,3804,0.04540304094552994,13.588924407958984,29.568187713623047,9330.91796875,E,842.107666015625
2682,2719,745A6403,3805,0.12124353647232056,39.064208984375,28.53240966796875,24977.318359375,E,842.638427734375
2683,2708,745A6403,3806,0.12273617833852768,30.214567184448242,31.37303352355957,23357.119140625,E,974.9887084960938
2684,2688,745A6403,3807,0.022836599498987198,32.17763900756836,21.307464599609375,11473.80859375,E,1515.8626708984375
2684,2709,745A6403,3808,0.45729318261146545,101.45641326904297,29.96106719970703,71529.2890625,E,1452.5911865234375
2685,2689,745A6403,3809,0.10696403682231903,29.14092445373535,32.992801666259766,24913.318359375,E,1342.5693359375
2685,2736,745A6403,3810,0.11071592569351196,52.46892166137695,27.18283462524414,30449.59375,E,1317.255859375
2686,2687,745A6403,3811,0.14956194162368774,36.91692352294922,23.6826114654541,16262.0234375,E,795.3665771484375
2687,2691,745A6403,3812,0.01609203964471817,3.6656415462493896,30.185575485229492,2623.24462890625,E,807.9600830078125
2688,2730,745A6403,3813,0.23179224133491516,50.061126708984375,24.04789924621582,22737.609375,E,1514.2373046875
2689,2709,745A6403,3814,0.2883695363998413,82.23876953125,33.783973693847656,73720.4453125,E,1379.8421630859375
2690,2773,745A6403,3815,0.6315252780914307,141.5179901123047,30.148927688598633,101028.8125,E,1036.209716796875
2691,2693,745A6403,3816,0.25549834966659546,49.43220520019531,28.032381057739258,30508.4296875,E,823.876220703125
2691,2705,745A6403,3817,0.3742745816707611,88.68062591552734,25.261524200439453,44446.515625,E,803.8781127929688
2692,2722,745A6403,3818,0.16763631999492645,38.435279846191406,30.32708168029785,27763.943359375,E,871.2734985351562
2693,2705,745A6403,3819,0.0639210194349289,16.625642776489258,26.79352378845215,9374.0654296875,E,830.5872802734375
2694,2698,745A6403,3820,0.25667712092399597,48.803279876708984,20.27241325378418,15752.5107421875,E,1684.93408203125
2694,2744,745A6403,3821,0.23912934958934784,68.57353210449219,33.8562126159668,61733.8203125,E,1722.7054443359375
2695,2698,745A6403,3822,0.04445105791091919,9.923282623291016,29.74677085876465,6896.43896484375,E,1659.27001953125
2695,2701,745A6403,3823,0.17136150598526,44.69292068481445,32.27574157714844,36566.3046875,E,1636.8798828125
2696,2699,745A6403,3824,0.030261848121881485,7.331283092498779,31.124406814575195,5577.9169921875,E,929.2418823242188
2696,2708,745A6403,3825,0.39914506673812866,61.318565368652344,21.767606735229492,22819.34765625,E,947.76416015625
2697,2716,745A6403,3826,0.22104880213737488,53.726768493652344,26.535423278808594,29712.05078125,E,1538.8284912109375
2697,2717,745A6403,3827,0.19341984391212463,34.95384979248047,14.827465057373047,6035.57568359375,E,1569.8646240234375
2698,2833,745A6403,3828,1.0910307168960571,135.07614135742188,24.639169692993164,64405.16015625,E,1675.74755859375
2699,2703,745A6403,3829,0.03035132586956024,7.331283092498779,31.09039306640625,5565.73193359375,E,921.93994140625
2700,2729,745A6403,3830,0.1851695477962494,50.69004821777344,33.096466064453125,43608.97265625,E,2213.558349609375
2701,2730,745A6403,3831,0.49559393525123596,128.00534057617188,32.44059371948242,105802.40625,E,1557.8218994140625
2701,2836,745A6403,3832,0.6992964148521423,148.22030639648438,28.069406509399414,91720.0,E,1637.693603515625
2702,2704,745A6403,3833,0.026898937299847603,6.257641315460205,30.491714477539062,4569.453125,E,995.2176513671875
2702,2714,745A6403,3834,0.18516221642494202,37.990562438964844,28.826885223388672,24794.82421875,E,979.8930053710938
2703,2722,745A6403,3835,0.28964871168136597,65.61312866210938,26.886445999145508,37251.8125,E,886.7005004882812
2703,2758,745A6403,3836,0.31608426570892334,44.06399917602539,24.962324142456055,21564.71875,E,904.3911743164062
2704,2707,745A6403,3837,0.06827310472726822,16.625642776489258,31.191469192504883,12703.986328125,E,999.8179321289062
2704,2724,745A6403,3838,0.03448855131864548,36.027488708496094,26.95408058166504,20557.625,E,977.2640991210938
2705,2719,745A6403,3839,0.05300634726881981,19.846567153930664,27.425193786621094,11723.9697265625,E,828.2318725585938
2706,2712,745A6403,3840,0.15946120023727417,22.883283615112305,19.201889038085938,6626.68212890625,E,1163.5152587890625
2706,2713,745A6403,3841,0.0718798041343689,12.51528263092041,26.34859848022461,6824.10302734375,E,1150.318603515625
2707,2773,745A6403,3842,0.2663722336292267,56.134559631347656,20.679309844970703,18853.513671875,E,988.2935791015625
2708,2721,745A6403,3843,0.05183110013604164,12.51528263092041,31.0672607421875,9487.166015625,E,961.4298095703125
2709,2749,745A6403,3844,0.08969120681285858,33.69599914550781,15.232253074645996,6140.3974609375,E,1401.466552734375
2710,2766,745A6403,3845,2.18731427192688,45.766563415527344,7.210658073425293,1868.9083251953125,E,1078.9849853515625
2711,2733,745A6403,3846,0.08653409779071808,23.512208938598633,32.938297271728516,20034.828125,E,1214.01611328125
2712,2737,745A6403,3847,0.13430310785770416,21.809640884399414,8.78626823425293,1322.352783203125,E,1168.169677734375
2713,2734,745A6403,3848,0.1666131466627121,38.61948776245117,30.538816452026367,28287.904296875,E,1127.530517578125
2713,2738,745A6403,3849,0.19731667637825012,24.401639938354492,19.54933738708496,7324.41552734375,E,1138.6702880859375
2714,2724,745A6403,3850,0.06244061887264252,16.180925369262695,28.40178871154785,10251.43359375,E,961.9296875
2714,2725,745A6403,3851,0.26426005363464355,64.98419952392578,31.44755744934082,50474.4375,E,936.04931640625
2715,2791,745A6403,3852,1.582108736038208,169.66152954101562,24.482481002807617,79870.078125,E,1262.399169921875
2716,2817,745A6403,3853,0.5923768877983093,131.1499786376953,29.8615779876709,91850.9453125,E,1459.4627685546875
2717,2838,745A6403,3854,0.5281674861907959,121.04248809814453,30.297563552856445,87265.609375,E,1531.4442138671875
2718,2769,745A6403,3855,0.1980370730161667,51.134769439697266,32.14728927612305,41504.47265625,E,1982.392333984375
2719,2750,745A6403,3856,0.1778622567653656,39.248409271240234,29.78249168395996,27342.234375,E,829.57470703125
2720,2743,745A6403,3857,0.21967732906341553,70.3524169921875,32.42652893066406,58099.15625,E,1907.7061767578125
2720,2754,745A6403,3858,0.1978130340576172,55.874053955078125,33.63023376464844,49631.77734375,E,1857.8270263671875
2721,2751,745A6403,3859,0.6345193982124329,71.87076568603516,22.08608627319336,27534.658203125,E,976.4500122070312
2721,2761,745A6403,3860,0.14443494379520416,32.80656433105469,30.185577392578125,23477.376953125,E,944.3343505859375
2722,2741,745A6403,3861,0.0742475613951683,15.107283592224121,28.51540184020996,9647.9541015625,E,854.9320678710938
2723,2764,745A6403,3862,0.34996291995048523,80.72040557861328,30.481510162353516,58904.1875,E,1170.7208251953125
2723,2780,745A6403,3863,0.12322644889354706,42.54563903808594,19.62980842590332,12875.884765625,E,1197.4149169921875
2724,2866,745A6403,3864,0.6599735021591187,177.7296600341797,32.93314743041992,151396.640625,E,879.1187133789062
2725,2739,745A6403,3865,0.1755254715681076,50.95056915283203,34.065521240234375,46437.515625,E,885.5759887695312
2726,2735,745A6403,3866,0.16257862746715546,35.84328079223633,30.125804901123047,25549.0625,E,830.5897216796875
2726,6114,745A6403,3867,2.618985652923584,819.5189208984375,35.55324935913086,813593.5,F,409.76031494140625
2727,2748,745A6403,3868,0.0920780599117279,17.699283599853516,22.556522369384766,7072.775390625,E,1003.5796508789062
2727,2752,745A6403,3869,0.14825977385044098,25.03056526184082,26.956348419189453,14285.080078125,E,1012.8040161132812
2728,2768,745A6403,3870,0.8040117621421814,32.17763900756836,15.266266822814941,5889.9248046875,E,2765.596435546875
2729,2781,745A6403,3871,0.5471004247665405,43.61928176879883,19.07541275024414,12465.6884765625,E,2187.3330078125
2729,2841,745A6403,3872,0.5136807560920715,155.5515899658203,32.81791687011719,131578.921875,E,2121.37060546875
2730,2732,745A6403,3873,0.025900276377797127,6.257641315460205,31.069982528686523,4744.4140625,E,1495.800048828125
2731,2802,745A6403,3874,0.4405609369277954,118.45047760009766,32.81785583496094,100195.2421875,E,2043.4034423828125
2732,2749,745A6403,3875,0.5703526735305786,115.04534912109375,27.96910858154297,70683.1953125,E,1444.7249755859375
2732,2851,745A6403,3876,0.6373897194862366,160.47508239746094,31.80769920349121,127515.2109375,E,1421.7071533203125
2733,2745,745A6403,3877,0.2895275950431824,90.01478576660156,32.02922821044922,72526.5,E,1236.1612548828125
2733,2756,745A6403,3878,0.11946481466293335,34.95384979248047,34.22494125366211,32156.61328125,E,1187.23583984375
2734,2757,745A6403,3879,0.1423790603876114,34.95384979248047,24.54491424560547,16538.951171875,E,1116.008544921875
2734,2798,745A6403,3880,0.41516974568367004,113.71119689941406,33.131160736083984,98031.6796875,E,1056.5416259765625
2735,2740,745A6403,3881,0.040934041142463684,9.923283576965332,31.12950897216797,7552.484375,E,841.9765014648438
2736,2745,745A6403,3882,0.12419240176677704,33.25128173828125,32.74303436279297,27998.587890625,E,1286.901123046875
2736,2747,745A6403,3883,0.05059943348169327,13.588924407958984,32.769405364990234,11460.7255859375,E,1304.9833984375
2737,2738,745A6403,3884,0.2601964473724365,34.32492446899414,21.670297622680664,12659.8701171875,E,1149.5909423828125
2737,2756,745A6403,3885,0.06955648958683014,20.920207977294922,34.65232849121094,19729.708984375,E,1167.0921630859375
2738,2757,745A6403,3886,0.050891730934381485,12.51528263092041,22.205480575561523,4846.75341796875,E,1130.1414794921875
2739,2740,745A6403,3887,0.12991531193256378,30.659282684326172,30.82337188720703,22877.689453125,E,855.3942260742188
2739,2775,745A6403,3888,0.2505559027194977,49.87691879272461,24.709562301635742,23917.708984375,E,846.19287109375
2740,2775,745A6403,3889,0.0263180211186409,25.920000076293945,19.848188400268555,8019.857421875,E,834.7357788085938
2741,2750,745A6403,3890,0.10252071171998978,21.364927291870117,28.833450317382812,13950.3310546875,E,839.6519165039062
2741,2771,745A6403,3891,0.07504431903362274,25.03056526184082,27.45411491394043,14817.517578125,E,847.8555297851562
2742,2762,745A6403,3892,0.11638575792312622,27.6225643157959,30.795818328857422,20574.884765625,E,2792.57861328125
2743,2769,745A6403,3893,0.1377066820859909,42.7298469543457,28.303369522094727,26884.224609375,E,1948.3642578125
2744,2746,745A6403,3894,0.013437611050903797,3.6656415462493896,33.032691955566406,3141.432861328125,E,1739.3245849609375
2744,2755,745A6403,3895,0.03668859228491783,9.923283576965332,32.838802337646484,8404.6552734375,E,1736.04736328125
2745,2871,745A6403,3896,0.34794068336486816,112.71383666992188,30.689476013183594,83376.9609375,E,1253.817138671875
2746,2755,745A6403,3897,0.024676326662302017,6.257641315460205,31.954391479492188,5018.35791015625,E,1738.50732421875
2747,2749,745A6403,3898,0.3765234649181366,101.27220153808594,32.81785202026367,85664.40625,E,1351.052001953125
2747,2779,745A6403,3899,0.23740242421627045,23.328001022338867,19.768009185791016,7159.67431640625,E,1303.307373046875
2748,2751,745A6403,3900,0.0464683473110199,6.257641315460205,23.19873809814453,2645.02197265625,E,994.4732055664062
2748,2752,745A6403,3901,0.1062244325876236,26.54892349243164,23.93688201904297,11947.3603515625,E,1000.6361694335938
2750,2771,745A6403,3902,0.1543390452861786,40.58256530761719,20.046161651611328,12808.3095703125,E,831.798095703125
2751,2785,745A6403,3903,0.0706617534160614,23.328001022338867,17.314016342163086,5492.41162109375,E,984.9909057617188
2752,2770,745A6403,3904,0.17221172153949738,43.17456817626953,31.702251434326172,34079.8828125,E,1024.0682373046875
2753,2767,745A6403,3905,2.1718719005584717,42.100929260253906,14.195697784423828,6663.3876953125,E,1786.4937744140625
2753,2880,745A6403,3906,0.6591503024101257,149.03350830078125,30.075641632080078,105877.484375,E,1707.82177734375
2754,2776,745A6403,3907,0.0855463296175003,24.585847854614258,33.91795349121094,22214.388671875,E,1822.8319091796875
2755,2777,745A6403,3908,0.0433022640645504,33.88020706176758,26.185319900512695,18245.328125,E,1742.2418212890625
2756,2788,745A6403,3909,0.08241109549999237,40.76676940917969,33.856727600097656,36701.6953125,E,1151.5831298828125
2757,2796,745A6403,3910,0.06949793547391891,28.511999130249023,30.2176456451416,20447.43359375,E,1118.559814453125
2758,2763,745A6403,3911,0.015468808822333813,3.6656415462493896,30.78765106201172,2728.93359375,E,890.9356079101562
2758,2774,745A6403,3912,0.3207056522369385,59.80020523071289,21.271747589111328,21251.955078125,E,868.7799682617188
2759,2760,745A6403,3913,0.11059586703777313,41.027278900146484,29.787588119506836,28591.2578125,E,913.6771240234375
2760,2761,745A6403,3914,0.022199124097824097,5.184000015258789,30.55974769592285,3802.370361328125,E,930.1676635742188
2760,2794,745A6403,3915,0.13426899909973145,30.214563369750977,30.050132751464844,21428.857421875,E,918.038330078125
2761,2784,745A6403,3916,0.3755333423614502,70.79712677001953,24.985248565673828,34711.45703125,E,952.0199584960938
2762,2768,745A6403,3917,0.06947465986013412,17.699283599853516,31.934953689575195,14176.7978515625,E,2771.8720703125
2762,2830,745A6403,3918,1.2913634777069092,68.20512390136719,14.937447547912598,11952.525390625,E,2771.42236328125
2763,2765,745A6403,3919,0.026417119428515434,6.257641315460205,30.73662757873535,4643.15283203125,E,891.3353271484375
2764,2772,745A6403,3920,0.16267095506191254,44.69292068481445,33.14614486694336,38565.1171875,E,1113.6385498046875
2764,2786,745A6403,3921,0.20341265201568604,44.87712860107422,25.3466796875,22644.205078125,E,1141.6405029296875
2765,2789,745A6403,3922,0.18571898341178894,46.39548873901367,26.406116485595703,25408.24609375,E,868.3593139648438
2765,2790,745A6403,3923,0.11060846596956253,21.36492347717285,27.971147537231445,13128.400390625,E,886.7462768554688
2766,2770,745A6403,3924,0.1371806412935257,36.91692352294922,32.7994384765625,31192.359375,E,1053.927001953125
2766,2772,745A6403,3925,0.12183231115341187,33.25128173828125,33.04132843017578,28511.0546875,E,1080.8900146484375
2768,2787,745A6403,3926,0.11456333100795746,29.769847869873047,32.2306022644043,24288.6484375,E,2750.867431640625
2769,2809,745A6403,3927,0.2381044179201126,59.53969192504883,31.874187469482422,47508.87109375,E,1939.8895263671875
2770,2799,745A6403,3928,0.043342508375644684,28.511999130249023,22.906204223632812,11749.6201171875,E,1031.1473388671875
2771,2774,745A6403,3929,0.017213745042681694,3.6656415462493896,29.18551254272461,2452.30517578125,E,843.8423461914062
2772,2804,745A6403,3930,0.018120793625712395,31.104000091552734,23.91987419128418,13977.3203125,E,1085.65771484375
2773,2827,745A6403,3931,0.2426917850971222,60.16861343383789,31.517860412597656,46943.26953125,E,942.9811401367188
2774,2789,745A6403,3932,0.08351851254701614,18.772924423217773,29.94940757751465,13225.0791015625,E,844.5020751953125
2775,2793,745A6403,3933,0.12951786816120148,27.6225643157959,29.552881240844727,18947.5703125,E,812.9247436523438
2776,2821,745A6403,3934,0.1908130794763565,52.20840835571289,33.31782531738281,45518.05078125,E,1790.5552978515625
2776,2825,745A6403,3935,0.05083205923438072,38.880001068115234,20.817638397216797,13233.6318359375,E,1806.60888671875
2777,2782,745A6403,3936,0.010744920000433922,2.5920000076293945,31.06317901611328,1964.3399658203125,E,1752.29833984375
2778,2779,745A6403,3937,0.11428111046552658,7.776000022888184,13.470237731933594,1108.145263671875,E,1302.0755615234375
2778,2783,745A6403,3938,0.2527885437011719,11.441641807556152,13.466156005859375,1629.5418701171875,E,1310.17236328125
2779,2783,745A6403,3939,0.8955681324005127,47.913848876953125,14.674393653869629,8103.47412109375,E,1299.083251953125
2780,2786,745A6403,3940,0.17796355485916138,36.91692352294922,29.20591926574707,24731.880859375,E,1170.6153564453125
2780,2791,745A6403,3941,0.027847308665513992,7.331283092498779,32.45102310180664,6063.5458984375,E,1187.029052734375
2781,2797,745A6403,3942,0.3980795741081238,22.438568115234375,19.05221939086914,6396.9970703125,E,2196.642578125
2781,2807,745A6403,3943,0.6857219338417053,33.435489654541016,12.750802993774414,4269.45703125,E,2175.600341796875
2782,2821,745A6403,3944,0.1813015341758728,54.17148971557617,23.014205932617188,22534.74609375,E,1761.8702392578125
2782,2831,745A6403,3945,0.21053068339824677,51.134769439697266,31.458162307739258,39744.1171875,E,1733.1343994140625
2783,2803,745A6403,3946,0.9353636503219604,35.398563385009766,11.429290771484375,3631.734619140625,E,1323.4541015625
2784,2785,745A6403,3947,0.05260637402534485,7.776000022888184,24.271936416625977,3597.948974609375,E,975.400390625
2784,2810,745A6403,3948,0.19786086678504944,42.100921630859375,18.37433433532715,11163.611328125,E,958.89306640625
2785,2799,745A6403,3949,0.3828190863132477,70.79712677001953,27.688274383544922,42628.23046875,E,999.09130859375
2786,2812,745A6403,3950,0.053201060742139816,25.920000076293945,13.960062026977539,3967.34130859375,E,1148.773681640625
2787,2805,745A6403,3951,0.2605605721473694,65.16841125488281,31.668973922729492,51332.8046875,E,2708.825927734375
2787,2814,745A6403,3952,0.39907896518707275,28.067279815673828,17.289716720581055,6589.70458984375,E,2738.052978515625
2788,2795,745A6403,3953,0.04897521808743477,15.107283592224121,35.111053466796875,14627.294921875,E,1125.88623046875
2788,2864,745A6403,3954,0.5890509486198425,97.1618423461914,21.7759952545166,36186.08984375,E,1136.351806640625
2789,2822,745A6403,3955,0.3532489538192749,62.131690979003906,24.477306365966797,29236.83203125,E,851.7373657226562
2790,2794,745A6403,3956,0.14004935324192047,29.14092445373535,22.05240821838379,11130.2587890625,E,894.0133056640625
2790,2822,745A6403,3957,0.22597891092300415,32.17763900756836,9.844157218933105,2449.069580078125,E,874.0122680664062
2791,2813,745A6403,3958,0.10469131171703339,24.401639938354492,30.5651912689209,17904.537109375,E,1185.03857421875
2792,2817,745A6403,3959,1.3623584508895874,33.25128173828125,11.388472557067871,3387.109619140625,E,1403.913818359375
2793,6114,745A6403,3960,2.6152467727661133,801.8292236328125,35.55324935913086,796031.75,F,400.9157409667969
2794,2828,745A6403,3961,0.0933387354016304,31.104000091552734,26.094938278198242,16634.841796875,E,895.8035888671875
2795,2796,745A6403,3962,0.024963999167084694,7.776000022888184,35.29303741455078,7607.18896484375,E,1115.293701171875
2795,2848,745A6403,3963,0.4305649995803833,49.24800109863281,20.67768669128418,16537.9765625,E,1107.6849365234375
2796,2840,745A6403,3964,0.3045729398727417,83.94132995605469,33.326438903808594,73222.328125,E,1074.3521728515625
2798,2827,745A6403,3965,0.5293928384780884,102.08533477783203,23.843338012695312,45581.3671875,E,955.9423828125
2798,2853,745A6403,3966,0.4716465473175049,49.24800109863281,23.970111846923828,22223.81640625,E,990.6408081054688
2799,2811,745A6403,3967,0.21410946547985077,50.95056915283203,30.836528778076172,38051.33203125,E,1041.746337890625
2800,2846,745A6403,3968,2.896714687347412,44.248207092285156,10.352126121520996,3724.300048828125,E,2634.96533203125
2801,2806,745A6403,3969,0.9145748019218445,19.217641830444336,9.406204223632812,1335.4227294921875,E,2233.380859375
2802,2809,745A6403,3970,0.41722479462623596,84.83076477050781,25.723556518554688,44086.46484375,E,1952.6009521484375
2802,2847,745A6403,3971,0.08640319108963013,38.880001068115234,16.912628173828125,8734.505859375,E,1986.2655029296875
2804,2811,745A6403,3972,0.09082301706075668,20.291284561157227,29.904945373535156,14252.31640625,E,1069.0543212890625
2804,2816,745A6403,3973,0.09090673923492432,21.36492347717285,30.665197372436523,15779.119140625,E,1084.38427734375
2805,2846,745A6403,3974,0.22780270874500275,59.53969192504883,32.32426834106445,48860.04296875,E,2656.537109375
2806,2820,745A6403,3975,0.6945865750312805,18.772924423217773,10.350507736206055,1579.5926513671875,E,2244.0205078125
2806,2824,745A6403,3976,0.640785276889801,16.180925369262695,9.065876960754395,1044.5106201171875,E,2233.414306640625
2807,2808,745A6403,3977,0.05936805531382561,2.5920000076293945,13.215119361877441,355.5224609375,E,2163.0400390625
2807,2815,745A6403,3978,0.17685511708259583,13.588924407958984,12.987213134765625,1800.1427001953125,E,2160.07470703125
2808,2815,745A6403,3979,0.0790032222867012,3.6656415462493896,13.623308181762695,534.3244018554688,E,2161.181884765625
2809,2825,745A6403,3980,0.418121337890625,123.08184814453125,34.31050491333008,113798.90625,E,1858.2958984375
2810,2832,745A6403,3981,0.08252336084842682,25.030563354492188,23.809663772583008,11144.6650390625,E,930.6458129882812
2810,2837,745A6403,3982,0.20223596692085266,20.291284561157227,16.331642150878906,4250.68701171875,E,939.0425415039062
2811,2855,745A6403,3983,0.07473933696746826,41.027278900146484,22.10343360900879,15742.8037109375,E,1054.946533203125
2812,2816,745A6403,3984,0.2913162112236023,60.24491882324219,29.00005340576172,39793.109375,E,1116.7283935546875
2812,2818,745A6403,3985,0.13591697812080383,20.291284561157227,24.417354583740234,9501.59765625,E,1149.693359375
2813,2818,745A6403,3986,0.12874282896518707,25.47528076171875,23.479610443115234,11030.384765625,E,1169.626953125
2813,2858,745A6403,3987,0.17464080452919006,42.7298469543457,31.35843849182129,33001.2265625,E,1181.257080078125
2814,2830,745A6403,3988,0.5113925933837891,21.36492347717285,12.99316692352295,2832.834716796875,E,2745.746826171875
2814,2876,745A6403,3989,1.8432323932647705,83.31241607666016,12.839115142822266,10786.2333984375,E,2721.0751953125
2815,2860,745A6403,3990,1.0964899063110352,41.02728271484375,14.03489875793457,6347.185546875,E,2150.85595703125
2816,2856,745A6403,3991,0.08238294720649719,33.69599914550781,16.103055953979492,6862.5390625,E,1083.3143310546875
2817,2886,745A6403,3992,0.5416189432144165,132.03941345214844,31.245893478393555,101246.34375,E,1340.4639892578125
2818,2857,745A6403,3993,0.06259286403656006,32.17763900756836,18.34809684753418,8507.97265625,E,1152.8739013671875
2819,2849,745A6403,3994,0.1850249022245407,40.76676940917969,29.63766098022461,28124.447265625,E,2334.40478515625
2820,2824,745A6403,3995,0.747700035572052,20.291284561157227,8.037240982055664,1029.4693603515625,E,2236.870849609375
2821,2826,745A6403,3996,0.008492294698953629,2.5920000076293945,34.94097137451172,2485.3916015625,E,1771.6494140625
2822,2828,745A6403,3997,0.15267762541770935,33.88020706176758,29.738271713256836,23532.462890625,E,874.55322265625
2823,2930,745A6403,3998,0.421902060508728,113.3427734375,30.306867599487305,81764.6953125,E,2193.8466796875
2824,2870,745A6403,3999,2.235220432281494,44.692928314208984,8.620950698852539,2608.78955078125,E,2220.928955078125
2825,2826,745A6403,4000,0.0658622458577156,33.25128173828125,31.92329216003418,26614.2109375,E,1785.763671875
2826,2835,745A6403,4001,0.04518021643161774,13.588924407958984,34.61442565917969,12787.60546875,E,1765.0283203125
2827,2844,745A6403,4002,0.1343175619840622,33.435489654541016,31.530742645263672,26107.54296875,E,899.86328125
2828,2834,745A6403,4003,0.1288469135761261,25.030563354492188,27.976818084716797,15387.1123046875,E,894.2611694335938
2829,2908,745A6403,4004,0.2848348915576935,79.46256256103516,29.471242904663086,54206.24609375,E,1613.2491455078125
2829,2935,745A6403,4005,0.8593091368675232,161.62503051757812,26.383718490600586,88363.0078125,E,1563.74267578125
2830,2850,745A6403,4006,0.5285609364509583,25.475284576416016,11.34765338897705,2576.446044921875,E,2746.83642578125
2831,2833,745A6403,4007,0.13708658516407013,39.50891876220703,33.96812438964844,35803.71875,E,1697.8685302734375
2831,2835,745A6403,4008,0.06977274268865585,48.803279876708984,27.739843368530273,29494.8984375,E,1737.4808349609375
2832,2834,745A6403,4009,0.08223260939121246,19.217641830444336,30.5963134765625,14129.544921875,E,910.6359252929688
2832,2837,745A6403,4010,0.14709234237670898,27.622568130493164,27.856853485107422,16835.19140625,E,925.746337890625
2833,2836,745A6403,4011,0.111810602247715,31.73292350769043,33.6891975402832,28286.63671875,E,1665.75927734375
2834,2883,745A6403,4012,0.5645983815193176,93.2356948852539,26.152061462402344,50082.26171875,E,904.6292114257812
2835,2979,745A6403,4013,0.5118467211723328,154.73846435546875,32.75761795043945,130410.5703125,E,1711.586669921875
2836,2842,745A6403,4014,0.42739972472190857,120.48983764648438,33.58533477783203,106743.0703125,E,1596.512939453125
2837,2854,745A6403,4015,0.22391678392887115,51.57948684692383,30.41688346862793,37479.71875,E,950.1784057617188
2838,2843,745A6403,4016,2.4152944087982178,46.211280822753906,12.259797096252441,5455.1220703125,E,1511.875244140625
2838,2957,745A6403,4017,0.589724600315094,131.41050720214844,29.953950881958008,92603.671875,E,1452.493896484375
2839,2875,745A6403,4018,0.19137057662010193,41.65620803833008,29.532470703125,28534.4296875,E,2023.422119140625
2840,2852,745A6403,4019,0.21404798328876495,71.24185180664062,31.992292404174805,57268.5,E,1060.305419921875
2840,2853,745A6403,4020,0.2117414027452469,63.465843200683594,34.637508392333984,59803.03515625,E,1007.91455078125
2841,2847,745A6403,4021,0.3236684799194336,87.86750030517578,32.969547271728516,75014.3125,E,2021.4991455078125
2841,2861,745A6403,4022,0.2844834327697754,77.4994888305664,33.06840896606445,66560.3046875,E,2093.159423828125
2842,2881,745A6403,4023,0.6566799879074097,187.36083984375,33.81186294555664,168231.34375,E,1460.48779296875
2842,2974,745A6403,4024,0.5020742416381836,149.73867797851562,32.75099563598633,126145.828125,E,1554.314453125
2844,2865,745A6403,4025,0.08648166060447693,33.88020324707031,27.867645263671875,20665.048828125,E,869.5792236328125
2844,2888,745A6403,4026,0.06904827058315277,42.54563903808594,24.626041412353516,20264.41796875,E,875.2098388671875
2845,2866,745A6403,4027,0.6328065991401672,27.17784881591797,17.943986892700195,6872.94482421875,E,789.5274047851562
2845,6114,745A6403,4028,2.6081104278564453,785.3802490234375,35.55324935913086,779701.6875,F,392.6916809082031
2846,2887,745A6403,4029,0.22341354191303253,70.53661346435547,30.707813262939453,52239.890625,E,2601.371826171875
2847,2863,745A6403,4030,0.18667013943195343,49.43220520019531,32.55987548828125,41159.05078125,E,1958.5595703125
2848,2852,745A6403,4031,0.03583705052733421,9.923283576965332,33.25719451904297,8620.18359375,E,1092.2852783203125
2848,2864,745A6403,4032,0.25252383947372437,59.35548782348633,30.892133712768555,44488.375,E,1117.10791015625
2849,2877,745A6403,4033,0.17418552935123444,37.10112762451172,29.427024841308594,25233.046875,E,2302.462646484375
2849,2878,745A6403,4034,0.03775029256939888,26.993640899658203,16.572473526000977,5822.7216796875,E,2317.276123046875
2850,2859,745A6403,4035,1.0042378902435303,25.475284576416016,9.102614402770996,1657.834716796875,E,2753.912353515625
2850,2876,745A6403,4036,0.41396063566207886,27.622568130493164,12.05858325958252,3154.615966796875,E,2735.244384765625
2851,2879,745A6403,4037,0.21255406737327576,67.3156967163086,30.30803108215332,48564.80859375,E,1318.966064453125
2851,2895,745A6403,4038,0.22243022918701172,42.54563903808594,15.629556655883789,8162.783203125,E,1344.2567138671875
2852,2882,745A6403,4039,0.08073420077562332,30.659282684326172,31.83363914489746,24401.9453125,E,1083.304443359375
2853,2888,745A6403,4040,0.46148255467414856,127.56063079833984,33.35274887084961,111447.3671875,E,921.0291748046875
2854,2855,745A6403,4041,0.3757251501083374,102.34585571289062,33.026241302490234,87675.5390625,E,1006.2618408203125
2854,2885,745A6403,4042,0.055118054151535034,31.104000091552734,13.715149879455566,4595.2294921875,E,957.7220458984375
2855,2862,745A6403,4043,0.06298015266656876,15.107283592224121,31.018957138061523,11416.4384765625,E,1054.9559326171875
2856,2862,745A6403,4044,0.06931231170892715,17.699283599853516,31.975772857666016,14213.0625,E,1067.807373046875
2856,2867,745A6403,4045,0.17797519266605377,47.28491973876953,32.59275436401367,39450.6953125,E,1094.03662109375
2857,2858,745A6403,4046,0.11483237147331238,36.288002014160156,25.555179595947266,18612.76171875,E,1163.3170166015625
2857,2867,745A6403,4047,0.15279778838157654,36.91692352294922,31.09524917602539,28035.1875,E,1130.071533203125
2858,2914,745A6403,4048,0.2468012273311615,66.686767578125,32.862762451171875,56563.68359375,E,1180.802001953125
2860,2861,745A6403,4049,0.08642573654651642,25.030563354492188,34.029354095458984,22765.013671875,E,2135.787109375
2860,2873,745A6403,4050,0.17310680449008942,46.8402099609375,32.89883041381836,39817.1015625,E,2164.470458984375
2861,2928,745A6403,4051,0.48148447275161743,85.01496887207031,22.16345977783203,32798.984375,E,2128.3134765625
2862,2917,745A6403,4052,0.1598961353302002,58.726558685302734,25.78325843811035,30661.970703125,E,1044.4591064453125
2863,2890,745A6403,4053,1.3394500017166138,30.659282684326172,14.46009349822998,5034.93701171875,E,1931.7862548828125
2863,2959,745A6403,4054,0.8285444974899292,231.3485107421875,33.4351806640625,203125.25,E,1833.7562255859375
2864,2868,745A6403,4055,0.04622718691825867,12.51528263092041,32.9081916809082,10644.826171875,E,1142.5465087890625
2865,2892,745A6403,4056,0.14900122582912445,32.80656814575195,30.02570152282715,23229.34765625,E,853.239990234375
2865,2893,745A6403,4057,0.23912715911865234,51.134769439697266,29.269548416137695,34406.3203125,E,831.115966796875
2866,2869,745A6403,4058,0.028529759496450424,6.257641315460205,29.62091064453125,4312.1845703125,E,790.9210205078125
2867,2943,745A6403,4059,1.2157602310180664,77.94419860839844,12.675468444824219,9835.619140625,E,1093.366943359375
2868,2872,745A6403,4060,0.20817066729068756,57.65291976928711,33.27853775024414,50146.390625,E,1171.99658203125
2868,2911,745A6403,4061,0.2688054144382477,43.61928176879883,23.177711486816406,18403.884765625,E,1138.8271484375
2869,2874,745A6403,4062,0.045652829110622406,9.923283576965332,30.440692901611328,7221.9482421875,E,782.98291015625
2869,2884,745A6403,4063,0.12138597667217255,22.438568115234375,23.729385375976562,9923.3427734375,E,786.4139404296875
2870,2873,745A6403,4064,0.15182994306087494,36.91692352294922,31.239574432373047,28296.03515625,E,2200.80126953125
2870,2889,745A6403,4065,1.0442177057266235,282.89642333984375,32.93218231201172,240967.453125,E,2348.706298828125
2871,2872,745A6403,4066,0.1839502453804016,50.9505615234375,33.284584045410156,44332.79296875,E,1217.001220703125
2871,2879,745A6403,4067,0.23428578674793243,61.318565368652344,32.51225280761719,50906.82421875,E,1263.91064453125
2872,2919,745A6403,4068,0.2885802388191223,53.54256057739258,24.377628326416016,24990.32421875,E,1184.9427490234375
2873,2906,745A6403,4069,0.1127263680100441,34.32492446899414,27.292537689208984,20081.08984375,E,2183.70361328125
2874,6114,745A6403,4070,2.6069445610046387,778.6792602539062,35.55324935913086,773049.125,F,389.3411865234375
2875,2900,745A6403,4071,4.022287368774414,94.75405883789062,19.91962242126465,29529.078125,E,1974.5106201171875
2875,2973,745A6403,4072,0.3865596055984497,94.56985473632812,31.301097869873047,72771.5703125,E,1999.66357421875
2876,2921,745A6403,4073,1.2429789304733276,43.61928176879883,9.847558975219727,3322.198486328125,E,2721.188720703125
2877,2878,745A6403,4074,0.08535496145486832,28.067279815673828,28.25542640686035,17599.2421875,E,2301.87939453125
2877,2930,745A6403,4075,0.5118954181671143,122.11612701416016,30.91874122619629,91686.7421875,E,2235.318603515625
2878,2966,745A6403,4076,0.6332801580429077,156.517333984375,29.5977840423584,107688.84375,E,2361.708984375
2879,2891,745A6403,4077,0.0481092669069767,11.441641807556152,30.863168716430664,8559.7138671875,E,1285.6429443359375
2880,2910,745A6403,4078,0.12680195271968842,43.358768463134766,29.33291244506836,29300.646484375,E,1631.991943359375
2880,2960,745A6403,4079,2.485724925994873,116.56371307373047,14.12597370147705,18267.958984375,E,1670.4307861328125
2881,2895,745A6403,4080,0.13827082514762878,36.47220993041992,32.479286193847656,30217.9453125,E,1354.3375244140625
2881,2931,745A6403,4081,1.4367035627365112,50.32164001464844,11.102738380432129,4871.97314453125,E,1363.673095703125
2882,2896,745A6403,4082,0.15269936621189117,44.24820327758789,28.291576385498047,27816.328125,E,1061.728759765625
2882,2901,745A6403,4083,0.06934872269630432,18.772924423217773,32.926273345947266,15984.7919921875,E,1082.317626953125
2883,2885,745A6403,4084,0.13939619064331055,33.88020706176758,31.18393898010254,25876.04296875,E,938.5668334960938
2883,2945,745A6403,4085,1.3348009586334229,66.686767578125,11.139184951782227,6498.84814453125,E,920.3598022460938
2884,2897,745A6403,4086,0.12282208353281021,27.6225643157959,20.96050453186035,9531.4140625,E,794.9214477539062
2884,2902,745A6403,4087,0.07032608240842819,14.033641815185547,17.33442497253418,3311.914794921875,E,782.6180419921875
2885,2899,745A6403,4088,0.07889741659164429,19.846567153930664,31.68129539489746,15645.2001953125,E,955.1784057617188
2886,2918,745A6403,4089,0.2621896266937256,66.24205017089844,31.775657653808594,52530.6484375,E,1252.358642578125
2886,2934,745A6403,4090,2.497309684753418,99.93806457519531,17.04715919494629,22809.978515625,E,1310.899169921875
2887,2889,745A6403,4091,0.34462401270866394,93.94092559814453,33.02475357055664,80468.1328125,E,2526.08740234375
2887,2922,745A6403,4092,0.5686910152435303,148.7413330078125,32.40481185913086,122670.609375,E,2634.295654296875
2888,2892,745A6403,4093,0.07648332417011261,19.217641830444336,31.63974380493164,15109.7021484375,E,856.6378173828125
2889,2985,745A6403,4094,5.53296422958374,98.23548126220703,10.687748908996582,8813.1416015625,E,2480.416259765625
2891,2903,745A6403,4095,0.03396681323647499,11.441641807556152,30.22129249572754,8207.3759765625,E,1283.1915283203125
2891,2904,745A6403,4096,0.054212987422943115,12.51528263092041,30.361095428466797,9060.7763671875,E,1279.7625732421875
2892,2893,745A6403,4097,0.13820908963680267,53.09784698486328,26.44837760925293,29171.91015625,E,825.8596801757812
2893,2897,745A6403,4098,0.032381221652030945,7.331283092498779,30.083526611328125,5211.07568359375,E,804.2098388671875
2894,2966,745A6403,4099,0.43916642665863037,96.19610595703125,29.61481285095215,66262.125,E,2411.748046875
2895,2916,745A6403,4100,0.12112165987491608,30.843490600585938,31.891803741455078,24638.345703125,E,1323.623046875
2896,2901,745A6403,4101,0.1892077922821045,47.72964096069336,20.91676902770996,16400.8828125,E,1060.2484130859375
2896,2953,745A6403,4102,0.35691094398498535,97.08554077148438,33.06133270263672,83346.078125,E,995.4826049804688
2897,2905,745A6403,4103,0.028144890442490578,6.257641315460205,29.82500648498535,4371.81396484375,E,798.5505981445312
2898,2902,745A6403,4104,0.17571216821670532,10.99692440032959,19.521636962890625,3291.497802734375,E,775.42578125
2898,6114,745A6403,4105,2.6009740829467773,772.155029296875,35.55324935913086,766572.0625,F,386.0791015625
2899,2907,745A6403,4106,0.1600528359413147,36.91692352294922,30.466934204101562,26913.66796875,E,974.1019897460938
2899,2926,745A6403,4107,0.11906759440898895,28.511999130249023,24.9224853515625,13909.138671875,E,953.7398681640625
2900,2973,745A6403,4108,0.4115569293498993,100.30647277832031,28.86630630493164,65644.9453125,E,1958.33056640625
2900,3000,745A6403,4109,0.5460490584373474,123.37398529052734,30.027809143066406,87369.6875,E,1887.4017333984375
2901,2925,745A6403,4110,0.12491454929113388,34.509132385253906,33.21916198730469,29908.955078125,E,1088.1434326171875
2902,2909,745A6403,4111,0.06315471231937408,8.849641799926758,20.14412498474121,2820.410888671875,E,776.8677978515625
2903,2904,745A6403,4112,0.011749194003641605,2.5920000076293945,29.705951690673828,1796.4361572265625,E,1280.7635498046875
2903,2916,745A6403,4113,0.08117671310901642,39.064205169677734,20.036975860595703,12317.8017578125,E,1296.3109130859375
2904,2923,745A6403,4114,0.04194086045026779,26.548925399780273,24.66822052001953,12688.564453125,E,1270.411376953125
2905,2912,745A6403,4115,0.10091855376958847,18.772924423217773,27.153316497802734,10870.9521484375,E,786.1929321289062
2905,2932,745A6403,4116,0.30452942848205566,34.32492446899414,19.547719955444336,10301.291015625,E,791.912353515625
2906,2928,745A6403,4117,0.18162615597248077,49.61640930175781,28.413665771484375,31460.80078125,E,2164.32958984375
2906,2967,745A6403,4118,0.30907607078552246,77.8678970336914,31.707778930664062,61486.52734375,E,2207.724853515625
2907,2917,745A6403,4119,0.23095715045928955,55.68984603881836,31.06624412536621,42212.7265625,E,1006.5252075195312
2907,2942,745A6403,4120,0.24609801173210144,33.25128173828125,18.633825302124023,9067.8076171875,E,980.4590454101562
2908,2910,745A6403,4121,0.04831352457404137,10.99692440032959,30.23659896850586,7896.36083984375,E,1610.1348876953125
2908,2915,745A6403,4122,0.022281058132648468,8.849641799926758,30.498519897460938,6465.06787109375,E,1606.01171875
2909,2912,745A6403,4123,0.04474722221493721,6.257641315460205,23.63414192199707,2745.239501953125,E,777.1005859375
2909,2913,745A6403,4124,0.04034346714615822,6.257641315460205,27.076536178588867,3603.1865234375,E,772.2369384765625
2910,2915,745A6403,4125,0.031175030395388603,7.331283092498779,30.654993057250977,5410.93505859375,E,1610.06884765625
2911,2919,745A6403,4126,0.39828434586524963,39.5089225769043,13.204912185668945,5410.73291015625,E,1151.06396484375
2911,2936,745A6403,4127,0.09264801442623138,34.509132385253906,27.345258712768555,20266.931640625,E,1121.4923095703125
2912,2933,745A6403,4128,0.6929242610931396,25.47528076171875,12.758820533752441,3257.09130859375,E,773.0648193359375
2913,6114,745A6403,4129,2.600390911102295,769.57958984375,35.55324935913086,764015.25,F,384.7888488769531
2914,2918,745A6403,4130,0.10918974131345749,49.43220520019531,27.243698120117188,28815.888671875,E,1201.356689453125
2914,2927,745A6403,4131,0.05917850509285927,15.552000045776367,32.41603469848633,12835.0009765625,E,1178.138916015625
2915,2920,745A6403,4132,0.026474058628082275,6.257641315460205,30.743432998657227,4645.20947265625,E,1605.4205322265625
2916,2952,745A6403,4133,0.1023627296090126,42.9140510559082,31.10144805908203,32602.478515625,E,1292.08203125
2917,2943,745A6403,4134,0.2744775116443634,65.61312866210938,30.910554885864258,49237.296875,E,1049.7705078125
2918,2956,745A6403,4135,0.158574178814888,47.4691276550293,28.320894241333008,29903.021484375,E,1204.4664306640625
2919,2924,745A6403,4136,0.04449457302689552,8.849641799926758,28.20585823059082,5529.60595703125,E,1164.88623046875
2920,2944,745A6403,4137,0.36112868785858154,66.0578384399414,20.966333389282227,22806.529296875,E,1576.05322265625
2920,2947,745A6403,4138,0.11306419223546982,26.54892349243164,30.654993057250977,19594.728515625,E,1597.2305908203125
2921,2922,745A6403,4139,0.07007551193237305,19.217641830444336,33.08116149902344,16517.7734375,E,2707.980224609375
2921,2948,745A6403,4140,0.39846694469451904,102.97476196289062,32.148189544677734,83586.0390625,E,2761.912109375
2922,2971,745A6403,4141,0.14703479409217834,44.24820327758789,28.0487060546875,27340.798828125,E,2699.302001953125
2923,2952,745A6403,4142,0.10210341215133667,27.17784881591797,32.56894302368164,22641.87109375,E,1268.49072265625
2923,2962,745A6403,4143,0.5690644979476929,84.38605499267578,29.250263214111328,56704.83984375,E,1227.289794921875
2924,2977,745A6403,4144,0.330535888671875,42.54563903808594,13.74780559539795,6315.55712890625,E,1157.2926025390625
2924,2980,745A6403,4145,0.3196949362754822,53.09784698486328,21.953763961791992,20099.478515625,E,1142.7906494140625
2925,2929,745A6403,4146,0.03685089573264122,9.923283576965332,32.85411071777344,8412.4931640625,E,1094.2005615234375
2925,2982,745A6403,4147,0.5830149054527283,94.75403594970703,21.128637313842773,33222.3671875,E,1049.0279541015625
2926,2941,745A6403,4148,0.07059265673160553,13.588926315307617,27.777257919311523,8234.8134765625,E,948.9241943359375
2926,2945,745A6403,4149,0.4434312582015991,28.067279815673828,12.723834037780762,3568.83251953125,E,936.4036254882812
2927,2950,745A6403,4150,0.08036220073699951,31.2882080078125,30.640413284301758,23070.6484375,E,1161.192138671875
2927,2956,745A6403,4151,0.10189466178417206,26.10420799255371,32.045101165771484,21053.470703125,E,1180.0
2928,2976,745A6403,4152,0.1792452484369278,45.95077133178711,32.04419708251953,37057.95703125,E,2127.30517578125
2929,2936,745A6403,4153,0.05588916689157486,15.107283592224121,32.87281799316406,12821.833984375,E,1101.703369140625
2929,2987,745A6403,4154,0.4141688942909241,55.68984603881836,16.96025276184082,12581.4453125,E,1078.9962158203125
2930,2951,745A6403,4155,0.06099735572934151,15.107283592224121,31.467966079711914,11749.34375,E,2179.088623046875
2932,2933,745A6403,4156,0.1306668221950531,18.144001007080078,12.653857231140137,2281.75390625,E,778.8411254882812
2932,2939,745A6403,4157,0.05153031647205353,3.6656415462493896,14.18456745147705,579.2579956054688,E,787.2470703125
2933,2940,745A6403,4158,0.15536201000213623,6.257641315460205,18.797101974487305,1736.5302734375,E,767.8453369140625
2935,2946,745A6403,4159,0.06484551727771759,13.588924407958984,28.903860092163086,8916.3408203125,E,1505.3221435546875
2935,2958,745A6403,4160,0.13467814028263092,30.214563369750977,29.961071014404297,21302.0234375,E,1487.672119140625
2936,2980,745A6403,4161,0.2548334300518036,53.282047271728516,29.748571395874023,37034.203125,E,1118.2547607421875
2937,2938,745A6403,4162,0.1939476728439331,22.883283615112305,21.95829963684082,8665.740234375,E,811.489990234375
2937,2949,745A6403,4163,0.394985556602478,98.68020629882812,31.873493194580078,78737.0703125,E,861.1984252929688
2937,2968,745A6403,4164,0.07550369948148727,23.328001022338867,16.59968376159668,5048.5546875,E,814.369873046875
2938,2939,745A6403,4165,0.18412154912948608,17.699283599853516,15.858141899108887,3495.828857421875,E,795.4593505859375
2938,2963,745A6403,4166,0.1883084774017334,20.736000061035156,15.315251350402832,3819.998046875,E,796.54248046875
2939,2964,745A6403,4167,0.23800811171531677,20.736000061035156,14.286615371704102,3324.095947265625,E,782.8104248046875
2940,6114,745A6403,4168,2.5992252826690674,765.1669921875,35.55324935913086,759634.5625,F,382.58282470703125
2941,2942,745A6403,4169,0.0323987752199173,25.920000076293945,17.88888168334961,6514.65234375,E,962.5068359375
2941,2954,745A6403,4170,0.05174577608704567,11.441641807556152,29.75289535522461,7954.93603515625,E,946.6494750976562
2942,3004,745A6403,4171,0.2896654009819031,66.686767578125,26.70516586303711,37352.5390625,E,978.2946166992188
2943,2970,745A6403,4172,0.32802248001098633,61.318565368652344,24.377286911010742,28618.87890625,E,1095.4146728515625
2944,2946,745A6403,4173,0.24559056758880615,45.32184600830078,27.191762924194336,26319.171875,E,1529.02392578125
2944,2947,745A6403,4174,0.25808393955230713,46.211280822753906,22.975936889648438,19159.5078125,E,1568.6033935546875
2945,2954,745A6403,4175,0.41742074489593506,28.067283630371094,12.177638053894043,3269.01123046875,E,933.2243041992188
2946,2984,745A6403,4176,0.11423498392105103,34.32492446899414,26.74913215637207,19289.404296875,E,1503.1402587890625
2947,2975,745A6403,4177,0.11123210191726685,26.54892349243164,30.88153648376465,19885.412109375,E,1583.658935546875
2949,2953,745A6403,4178,0.16267865896224976,62.392208099365234,32.605369567871094,52095.29296875,E,927.0321044921875
2949,3050,745A6403,4179,0.6456676125526428,160.91978454589844,30.654064178466797,118761.4296875,E,925.51708984375
2950,2955,745A6403,4180,0.03792715445160866,8.849641799926758,30.54784393310547,6485.99609375,E,1144.50927734375
2950,2981,745A6403,4181,0.645858883857727,30.214567184448242,11.922035217285156,3372.927978515625,E,1148.978759765625
2951,2997,745A6403,4182,0.3310481905937195,81.97825622558594,31.476076126098633,63789.57421875,E,2140.48291015625
2951,3042,745A6403,4183,0.8841856718063354,163.58810424804688,28.928993225097656,107524.703125,E,2232.044189453125
2952,3031,745A6403,4184,0.3447102904319763,96.01190185546875,33.37734603881836,84007.59375,E,1240.8245849609375
2953,2982,745A6403,4185,0.34727710485458374,95.82769775390625,33.287193298339844,83394.09375,E,983.5219116210938
2954,3003,745A6403,4186,0.2467450499534607,52.024208068847656,29.155433654785156,34732.3671875,E,941.1476440429688
2955,2970,745A6403,4187,0.17149028182029724,36.47220993041992,29.17137908935547,24376.193359375,E,1122.968017578125
2955,2983,745A6403,4188,0.2736795246601105,28.067279815673828,18.555103302001953,7589.56640625,E,1138.5418701171875
2956,2990,745A6403,4189,0.12430006265640259,32.17763900756836,32.18412780761719,26177.462890625,E,1179.4903564453125
2957,2965,745A6403,4190,0.05180036276578903,10.368000030517578,28.279333114624023,6512.13232421875,E,1406.5245361328125
2957,3025,745A6403,4191,4.4434332847595215,151.77804565429688,12.731415748596191,19322.0078125,E,1355.425537109375
2958,2965,745A6403,4192,0.3861832618713379,76.42584991455078,28.27291488647461,47981.2265625,E,1439.42919921875
2958,2984,745A6403,4193,0.10902628302574158,45.76656723022461,24.045730590820312,20783.283203125,E,1480.592041015625
2959,2961,745A6403,4194,0.05908855050802231,16.180925369262695,33.053096771240234,13884.09375,E,1737.5589599609375
2959,2979,745A6403,4195,0.18661226332187653,65.16841125488281,32.7907829284668,55033.94140625,E,1702.9742431640625
2960,2972,745A6403,4196,0.07260925322771072,13.588926315307617,27.373153686523438,7996.9560546875,E,1691.984619140625
2960,3020,745A6403,4197,2.308821678161621,275.4125061035156,25.975492477416992,145949.0,E,1779.60791015625
2961,3019,745A6403,4198,13.56347370147705,74.278564453125,5.210903644561768,1584.088623046875,E,1726.494384765625
2961,3073,745A6403,4199,0.9958080649375916,275.7809143066406,33.27737808227539,239856.953125,E,1849.4716796875
2962,2977,745A6403,4200,0.1535925418138504,42.7298469543457,33.349037170410156,37323.97265625,E,1170.1829833984375
2962,3024,745A6403,4201,2.404332160949707,67.57620239257812,16.02433204650879,13628.357421875,E,1179.00244140625
2963,2964,745A6403,4202,0.0949799045920372,15.552000045776367,25.57303810119629,7988.0498046875,E,784.8361206054688
2963,2968,745A6403,4203,0.13260364532470703,21.809640884399414,25.63426971435547,11255.90234375,E,799.9688110351562
2964,2969,745A6403,4204,0.1336750090122223,21.36492347717285,26.14450454711914,11469.7001953125,E,768.5471801757812
2965,3005,745A6403,4205,0.17730358242988586,47.0244140625,27.465551376342773,27860.564453125,E,1387.6011962890625
2966,3017,745A6403,4206,0.2737412750720978,62.576412200927734,30.236112594604492,44931.66015625,E,2357.296142578125
2967,2978,745A6403,4207,1.2696536779403687,76.87055969238281,15.052504539489746,13679.4130859375,E,2188.071044921875
2967,3014,745A6403,4208,0.22677849233150482,57.39241409301758,31.815109252929688,45625.875,E,2233.740966796875
2968,2995,745A6403,4209,0.3241186738014221,66.686767578125,25.08661651611328,32962.01171875,E,830.9752197265625
2969,6114,745A6403,4210,2.593254804611206,760.6758422851562,35.55324935913086,755175.875,F,380.3398132324219
2970,2999,745A6403,4211,0.4037558138370514,93.23570251464844,30.39668083190918,67658.8203125,E,1063.2703857421875
2971,3012,745A6403,4212,3.0388033390045166,55.874053955078125,16.12119483947754,11404.9794921875,E,2718.822265625
2971,3018,745A6403,4213,8.080559730529785,63.65005111694336,8.39788818359375,3525.56591796875,E,2686.33642578125
2972,2996,745A6403,4214,0.22575126588344574,28.69620704650879,20.164535522460938,9164.12109375,E,1691.03271484375
2972,2998,745A6403,4215,0.16120782494544983,32.361846923828125,28.547252655029297,20713.419921875,E,1675.1229248046875
2973,3026,745A6403,4216,0.2431442141532898,61.318565368652344,31.794374465942383,48683.57421875,E,1983.8768310546875
2974,3023,745A6403,4217,0.22100374102592468,73.12861633300781,31.565013885498047,57225.44921875,E,1584.6376953125
2974,3033,745A6403,4218,0.3526458144187927,99.23283386230469,30.757822036743164,73732.0703125,E,1532.032958984375
2975,3007,745A6403,4219,2.720702886581421,107.26935577392578,14.142963409423828,16851.802734375,E,1618.0867919921875
2975,3052,745A6403,4220,0.3656766712665558,85.27547454833984,30.562156677246094,62557.87890625,E,1557.8192138671875
2976,2978,745A6403,4221,1.1327964067459106,39.95363998413086,13.302879333496094,5553.1259765625,E,2132.2900390625
2976,3002,745A6403,4222,0.12822513282299042,34.95384979248047,33.02078628540039,29933.65234375,E,2102.56005859375
2977,2986,745A6403,4223,0.03725748509168625,18.772924423217773,32.6500129699707,15717.6826171875,E,1142.1435546875
2978,3037,745A6403,4224,1.5373778343200684,69.09456634521484,15.503662109375,13043.7470703125,E,2144.38818359375
2979,3022,745A6403,4225,0.30433908104896545,85.19918060302734,33.48483657836914,75027.703125,E,1638.0181884765625
2980,2986,745A6403,4226,0.026481276378035545,7.331283092498779,33.267398834228516,6372.466796875,E,1132.042724609375
2981,2983,745A6403,4227,0.15319903194904327,10.99692440032959,14.218585014343262,1746.119140625,E,1141.470703125
2981,2988,745A6403,4228,0.047288715839385986,5.184000015258789,14.807056427001953,892.6728515625,E,1144.3924560546875
2982,2987,745A6403,4229,0.18586108088493347,49.87691879272461,32.75823974609375,42036.89453125,E,1039.6319580078125
2983,2989,745A6403,4230,0.059415869414806366,6.257641315460205,20.83124351501465,2132.70556640625,E,1137.8453369140625
2983,2992,745A6403,4231,0.05398046225309372,9.923283576965332,21.7564697265625,3689.114501953125,E,1134.5728759765625
2984,3006,745A6403,4232,0.10646351426839828,21.809640884399414,28.623117446899414,14033.7021484375,E,1491.7933349609375
2986,2994,745A6403,4233,0.0452413447201252,12.51528263092041,33.23882293701172,10859.7998046875,E,1128.86328125
2987,2994,745A6403,4234,0.3575291037559509,72.76020812988281,25.81503677368164,38082.83984375,E,1093.1788330078125
2988,2989,745A6403,4235,0.04145307093858719,6.257641315460205,18.807308197021484,1738.4163818359375,E,1140.6229248046875
2988,2990,745A6403,4236,0.2892119288444519,32.17763900756836,18.13233757019043,8309.0556640625,E,1157.76171875
2989,2992,745A6403,4237,0.027061814442276955,3.6656415462493896,23.276975631713867,1559.8863525390625,E,1136.267822265625
2990,3039,745A6403,4238,0.22093835473060608,60.24491882324219,33.01893997192383,51586.55859375,E,1169.109619140625
2991,3030,745A6403,4239,0.5343801379203796,91.27262115478516,26.290090560913086,49546.68359375,E,1369.826904296875
2992,3078,745A6403,4240,0.6457620859146118,126.59490966796875,28.132495880126953,78690.5625,E,1080.915771484375
2993,3002,745A6403,4241,13.638849258422852,52.024200439453125,7.812108516693115,2493.629150390625,E,2068.80126953125
2994,3009,745A6403,4242,0.08180924504995346,20.920207977294922,32.0428352355957,16870.103515625,E,1116.3797607421875
2995,3041,745A6403,4243,0.3272448778152466,73.12861633300781,30.3728084564209,52984.29296875,E,820.61669921875
2995,3098,745A6403,4244,1.0043766498565674,177.10072326660156,27.11244010925293,102246.2578125,E,896.1210327148438
2996,2998,745A6403,4245,0.1054062619805336,31.73292350769043,26.21739387512207,17130.853515625,E,1679.4498291015625
2996,3062,745A6403,4246,1.85080885887146,158.6646270751953,18.700822830200195,43580.421875,E,1738.6866455078125
2997,3013,745A6403,4247,0.19717246294021606,46.39548873901367,30.66646957397461,34268.3515625,E,2084.32861328125
2997,3086,745A6403,4248,2.3934974670410156,128.00534057617188,18.124759674072266,33026.49609375,E,2118.675048828125
2998,3007,745A6403,4249,0.057130951434373856,13.588924407958984,30.84684181213379,10155.384765625,E,1659.8106689453125
2999,3004,745A6403,4250,0.22155699133872986,52.024208068847656,30.647470474243164,38378.203125,E,998.4200439453125
2999,3081,745A6403,4251,0.5571785569190979,86.79385375976562,23.571056365966797,37873.6328125,E,1013.130859375
3000,3020,745A6403,4252,0.1669178158044815,38.61948776245117,30.551372528076172,28311.171875,E,1829.4949951171875
3000,3026,745A6403,4253,0.5999152660369873,153.9253387451172,30.09444236755371,109489.53125,E,1909.9385986328125
3001,3027,745A6403,4254,0.5425083041191101,30.659282684326172,18.205228805541992,7980.7587890625,E,2523.29345703125
3002,3038,745A6403,4255,0.14122146368026733,53.282047271728516,31.395296096801758,41247.71875,E,2072.9111328125
3003,3010,745A6403,4256,0.03809257224202156,7.331283092498779,27.75004768371582,4434.0166015625,E,940.4998779296875
3003,3016,745A6403,4257,0.10150392353534698,21.36492347717285,25.879180908203125,11238.083984375,E,930.2294311523438
3004,3011,745A6403,4258,0.06939654052257538,16.180925369262695,30.51892852783203,11836.7314453125,E,967.9913940429688
3005,3006,745A6403,4259,4.456474304199219,133.63406372070312,12.264973640441895,15788.4794921875,E,1428.44189453125
3005,3025,745A6403,4260,0.20189528167247772,39.248409271240234,27.908218383789062,24009.115234375,E,1354.0028076171875
3006,3090,745A6403,4261,0.5444772243499756,93.94092559814453,26.285104751586914,50975.8125,E,1478.9637451171875
3007,3053,745A6403,4262,0.2774159908294678,72.49969482421875,28.58570098876953,46529.00390625,E,1623.0025634765625
3008,3036,745A6403,4263,1.6451481580734253,66.686767578125,13.09326171875,8978.943359375,E,2492.42236328125
3009,3049,745A6403,4264,0.358176052570343,87.16226196289062,31.397024154663086,67483.1484375,E,1068.1375732421875
3009,3118,745A6403,4265,0.8439227938652039,138.81805419921875,26.669584274291992,77547.59375,E,1078.685546875
3010,3011,745A6403,4266,0.10143552720546722,21.809640884399414,29.276222229003906,14681.43359375,E,951.7222290039062
3010,3021,745A6403,4267,0.09039056301116943,19.217641830444336,25.62066078186035,9907.6494140625,E,936.8956909179688
3011,3060,745A6403,4268,0.5633574724197388,61.50277328491211,19.468061447143555,18307.5390625,E,959.9722900390625
3013,3032,745A6403,4269,0.15508463978767395,36.027488708496094,30.488317489624023,26302.12109375,E,2049.19287109375
3013,3040,745A6403,4270,0.019475622102618217,32.17763900756836,23.0728816986084,13453.8857421875,E,2061.39208984375
3014,3047,745A6403,4271,0.5016290545463562,57.20820617675781,18.295028686523438,15038.8408203125,E,2226.66943359375
3014,3055,745A6403,4272,0.21051768958568573,48.54277038574219,30.412628173828125,35263.25,E,2251.68115234375
3015,3045,745A6403,4273,1.6819089651107788,69.9076919555664,12.812331199645996,9013.037109375,E,766.638671875
3015,6114,745A6403,4274,2.5895156860351562,756.384521484375,35.55324935913086,750915.625,F,378.1945495605469
3016,6114,745A6403,4275,3.155475616455078,922.3478393554688,35.55324935913086,915678.9375,F,461.17578125
3017,3063,745A6403,4276,0.20919877290725708,50.061126708984375,30.95873260498047,37683.98828125,E,2326.615234375
3017,3079,745A6403,4277,3.059892177581787,138.81805419921875,14.41766357421875,22663.427734375,E,2396.8642578125
3020,3035,745A6403,4278,0.06688029319047928,16.625642776489258,31.558837890625,13004.9990234375,E,1812.3670654296875
3021,6114,745A6403,4279,3.1910996437072754,933.6130981445312,35.55324935913086,926862.75,F,466.8083190917969
3022,3023,745A6403,4280,0.025646576657891273,7.776000022888184,34.81341552734375,7401.8349609375,E,1597.5118408203125
3022,3176,745A6403,4281,0.708888590335846,177.6980438232422,30.71700668334961,131683.171875,E,1600.080078125
3023,3080,745A6403,4282,0.38853082060813904,113.71119689941406,34.23216247558594,104655.4296875,E,1545.4755859375
3024,3031,745A6403,4283,0.5295476913452148,51.39527893066406,22.12541389465332,19760.408203125,E,1186.9288330078125
3024,3119,745A6403,4284,0.6728264689445496,134.63140869140625,28.354888916015625,85014.34375,E,1115.14794921875
3025,3071,745A6403,4285,0.2556696832180023,52.83733367919922,28.801559448242188,34424.1171875,E,1317.255859375
3026,3065,745A6403,4286,0.07798895239830017,35.398563385009766,30.080610275268555,25156.419921875,E,1980.62890625
3027,3028,745A6403,4287,0.011378790251910686,2.5920000076293945,30.185575485229492,1854.9140625,E,2525.4130859375
3027,3036,745A6403,4288,0.10990246385335922,25.03056526184082,30.16516876220703,17888.421875,E,2513.0556640625
3028,3043,745A6403,4289,6.849668502807617,56.31876754760742,20.667966842651367,18894.63671875,E,2544.518310546875
3028,3054,745A6403,4290,0.17142170667648315,24.401639938354492,26.22410011291504,13179.8388671875,E,2527.679443359375
3029,3046,745A6403,4291,3.034834623336792,19.217641830444336,5.004396915435791,378.0014343261719,E,2493.838623046875
3030,3033,745A6403,4292,0.41748327016830444,98.2354965209961,30.73208999633789,72868.953125,E,1446.215576171875
3030,3070,745A6403,4293,0.471155047416687,33.69599914550781,15.694866180419922,6519.037109375,E,1398.717041015625
3031,3165,745A6403,4294,0.6050370931625366,162.9591827392578,32.83443069458008,137983.671875,E,1169.9820556640625
3032,3040,745A6403,4295,0.09019455313682556,27.622568130493164,28.191280364990234,17241.837890625,E,2045.728759765625
3032,3069,745A6403,4296,0.23893572390079498,59.094974517822266,31.46683692932129,45956.46484375,E,2010.61474609375
3033,3080,745A6403,4297,0.6159247756004333,52.46892166137695,19.921890258789062,16355.0966796875,E,1488.0582275390625
3034,3058,745A6403,4298,0.20267613232135773,18.144001007080078,20.4543514251709,5962.033203125,E,1981.8385009765625
3035,3062,745A6403,4299,0.25085198879241943,66.0578384399414,28.58343505859375,42388.01171875,E,1779.675048828125
3035,3097,745A6403,4300,0.31908759474754333,72.31549072265625,30.115713119506836,51511.89453125,E,1801.575927734375
3036,3074,745A6403,4301,0.2845572829246521,64.72368621826172,30.17099380493164,46273.5,E,2474.89599609375
3037,3047,745A6403,4302,0.27561572194099426,78.38893127441406,33.74565887451172,70110.078125,E,2172.859619140625
3037,3048,745A6403,4303,0.19495445489883423,55.06092071533203,33.61727523803711,48871.8046875,E,2110.26220703125
3038,3044,745A6403,4304,0.0726872906088829,20.291284561157227,33.41791534423828,17797.46484375,E,2047.467529296875
3038,3048,745A6403,4305,0.11976867914199829,31.73292350769043,32.57177734375,26441.302734375,E,2070.289306640625
3039,3082,745A6403,4306,0.3713718056678772,97.9749755859375,30.189218521118164,70130.796875,E,1121.4959716796875
3039,3133,745A6403,4307,0.4453067183494568,117.89785766601562,32.551212310791016,98113.8046875,E,1159.8658447265625
3040,3154,745A6403,4308,0.575127124786377,133.00514221191406,30.502126693725586,97189.328125,E,2060.352294921875
3041,3068,745A6403,4309,0.08864375203847885,24.585847854614258,33.300567626953125,21413.041015625,E,782.56494140625
3041,3102,745A6403,4310,2.175015449523926,107.26933288574219,13.042423248291016,14331.181640625,E,815.0142822265625
3042,3063,745A6403,4311,1.4281692504882812,63.91056823730469,13.263001441955566,8829.705078125,E,2283.143310546875
3042,3100,745A6403,4312,0.44969451427459717,110.22976684570312,31.263671875,84619.171875,E,2208.2421875
3043,3054,745A6403,4313,3.9166953563690186,29.769847869873047,7.2841315269470215,1240.5721435546875,E,2533.736083984375
3044,3058,745A6403,4314,0.23493030667304993,64.53948974609375,33.166236877441406,55758.078125,E,2009.190673828125
3044,3087,745A6403,4315,1.6099635362625122,44.06399917602539,15.674456596374512,8502.7373046875,E,2035.2889404296875
3045,3051,745A6403,4316,0.038659293204545975,6.257641315460205,27.72283363342285,3777.25048828125,E,756.9830322265625
3045,3057,745A6403,4317,0.018205614760518074,7.331283092498779,28.37934112548828,4637.3994140625,E,761.506103515625
3046,3066,745A6403,4318,0.342140793800354,16.180925369262695,13.664124488830566,2372.776611328125,E,2487.3271484375
3046,3171,745A6403,4319,9.644930839538574,167.69847106933594,10.549236297607422,14657.537109375,E,2501.925048828125
3047,3056,745A6403,4320,0.019200395792722702,3.6656415462493896,27.63439178466797,2198.56689453125,E,2211.103271484375
3048,3093,745A6403,4321,1.4306042194366455,69.7234878540039,11.027905464172363,6659.7060546875,E,2071.5859375
3049,3050,745A6403,4322,0.41601404547691345,72.76020812988281,24.81661605834961,35194.0234375,E,1001.2947998046875
3049,3094,745A6403,4323,0.24141258001327515,69.46297454833984,33.97059631347656,62957.8125,E,1006.0693969726562
3050,3094,745A6403,4324,0.21573784947395325,58.9107666015625,29.27803611755371,39661.4375,E,972.078125
3051,6114,745A6403,4325,2.5829622745513916,754.2542114257812,35.55324935913086,748800.6875,F,377.1293029785156
3052,3053,745A6403,4326,0.21379083395004272,61.76327896118164,29.92132568359375,43429.20703125,E,1572.640869140625
3052,3091,745A6403,4327,0.23532921075820923,53.726768493652344,30.23320198059082,38569.93359375,E,1528.336669921875
3053,3064,745A6403,4328,0.12034183740615845,26.54892349243164,29.734527587890625,18435.66796875,E,1613.0552978515625
3055,3056,745A6403,4329,0.33437299728393555,44.06399917602539,15.458700180053711,8270.2705078125,E,2234.095703125
3055,3077,745A6403,4330,0.0956333801150322,22.883283615112305,30.91577911376953,17177.84375,E,2259.03857421875
3056,3083,745A6403,4331,0.20273025333881378,29.58563995361328,19.942947387695312,9241.650390625,E,2208.178466796875
3057,3059,745A6403,4332,0.03634409233927727,8.849641799926758,31.792818069458008,7025.44140625,E,758.66552734375
3057,3068,745A6403,4333,0.06506070494651794,17.254566192626953,32.53606033325195,14345.7705078125,E,767.2428588867188
3058,3073,745A6403,4334,0.06299057602882385,31.2882080078125,32.14828109741211,25397.212890625,E,1966.78173828125
3059,6114,745A6403,4335,2.584369659423828,754.8018188476562,35.55324935913086,749344.3125,F,377.38958740234375
3060,6114,745A6403,4336,3.281566619873047,963.809326171875,35.55324935913086,956840.625,F,481.906494140625
3061,3064,745A6403,4337,0.3925490379333496,93.05149841308594,30.829668045043945,69462.5859375,E,1667.034423828125
3061,3067,745A6403,4338,0.1555575728416443,38.435279846191406,31.43871307373047,29836.607421875,E,1726.4149169921875
3061,3115,745A6403,4339,1.251484990119934,75.35220336914062,14.474939346313477,12399.93359375,E,1698.1458740234375
3062,3067,745A6403,4340,0.030887745320796967,7.331283092498779,30.831876754760742,5473.55859375,E,1746.7955322265625
3063,3076,745A6403,4341,0.075202576816082,18.772924423217773,31.605487823486328,14728.1025390625,E,2309.55126953125
3064,3106,745A6403,4342,0.7571235299110413,63.02112579345703,20.655563354492188,21117.869140625,E,1624.91796875
3065,3069,745A6403,4343,0.02540486305952072,8.849641799926758,31.36932373046875,6839.5244140625,E,1985.743408203125
3065,3072,745A6403,4344,0.03602646291255951,8.849641799926758,31.333606719970703,6823.9580078125,E,1982.9166259765625
3067,3096,745A6403,4345,0.56011962890625,43.61928176879883,15.388724327087402,8112.853515625,E,1743.1273193359375
3068,3088,745A6403,4346,0.08534713089466095,28.511999130249023,29.412569046020508,19372.40234375,E,766.8594970703125
3069,3072,745A6403,4347,0.014775224030017853,3.6656415462493896,31.50198745727539,2857.036376953125,E,1985.7845458984375
3070,3075,745A6403,4348,0.19221821427345276,15.107283592224121,15.682621955871582,2918.190185546875,E,1401.108642578125
3070,3084,745A6403,4349,0.3392922878265381,36.91692352294922,16.740283966064453,8125.33056640625,E,1397.5050048828125
3071,3111,745A6403,4350,0.6726405620574951,138.1128387451172,27.496389389038086,82011.6015625,E,1342.7978515625
3071,3125,745A6403,4351,0.4261420667171478,110.22976684570312,29.71263885498047,76431.2890625,E,1255.8218994140625
3072,3135,745A6403,4352,0.4842848479747772,114.96905517578125,29.15456771850586,76751.0,E,1947.7696533203125
3073,3107,745A6403,4353,0.24743306636810303,67.94461059570312,33.210052490234375,58855.08984375,E,1969.4654541015625
3074,3079,745A6403,4354,0.08414742350578308,21.364927291870117,31.787715911865234,16955.474609375,E,2437.917724609375
3074,3131,745A6403,4355,1.7066980600357056,90.45948028564453,15.075441360473633,16146.7109375,E,2448.041748046875
3075,3084,745A6403,4356,0.14422933757305145,18.772924423217773,22.80027198791504,7664.81884765625,E,1411.363037109375
3076,3108,745A6403,4357,1.8349761962890625,91.53312683105469,13.445940017700195,12997.2216796875,E,2343.073486328125
3076,3152,745A6403,4358,0.5206095576286316,115.85847473144531,29.996374130249023,81875.734375,E,2273.84033203125
3077,3083,745A6403,4359,0.22762341797351837,55.06092834472656,27.180280685424805,31947.82421875,E,2232.4287109375
3077,3116,745A6403,4360,0.24892427027225494,63.02112579345703,31.8294620513916,50145.80859375,E,2266.92529296875
3078,3081,745A6403,4361,0.13515886664390564,20.291284561157227,24.59593963623047,9641.0927734375,E,1017.0040893554688
3078,3092,745A6403,4362,0.04609301686286926,24.401639938354492,21.24623680114746,8651.1318359375,E,1024.0765380859375
3079,3108,745A6403,4363,0.311714231967926,78.31261444091797,31.688522338867188,61762.6015625,E,2395.408935546875
3080,3124,745A6403,4364,0.48165616393089294,123.18977355957031,32.10615921020508,99733.5390625,E,1444.793212890625
3081,3085,745A6403,4365,0.08016196638345718,12.51528263092041,26.413909912109375,6857.9755859375,E,1001.8211669921875
3082,3092,745A6403,4366,0.3020678162574768,56.76348876953125,27.538467407226562,33809.48046875,E,1049.5445556640625
3082,3138,745A6403,4367,1.3809643983840942,85.27547454833984,13.820420265197754,12792.5322265625,E,1077.2054443359375
3083,3132,745A6403,4368,0.4439548850059509,123.37399291992188,33.31814956665039,107566.0625,E,2156.678466796875
3084,3124,745A6403,4369,0.84510737657547,66.50257110595703,21.547006607055664,24249.46875,E,1398.5428466796875
3085,6114,745A6403,4370,3.3754310607910156,996.4141845703125,35.55324935913086,989209.75,F,498.208984375
3086,3100,745A6403,4371,0.1617286056280136,35.398563385009766,22.039287567138672,13504.2548828125,E,2152.31396484375
3086,3110,745A6403,4372,0.10381550341844559,33.251285552978516,26.37192153930664,18162.76171875,E,2132.68505859375
3087,3093,745A6403,4373,0.13215230405330658,18.772924423217773,19.499187469482422,5606.02294921875,E,2039.9482421875
3087,3107,745A6403,4374,1.149701476097107,53.09784698486328,19.753206253051758,16272.0380859375,E,2013.2061767578125
3088,3089,745A6403,4375,0.043457210063934326,7.776000022888184,27.996662139892578,4786.94775390625,E,758.6300048828125
3088,3095,745A6403,4376,0.01549303438514471,12.51528263092041,25.868976593017578,6577.9267578125,E,763.2430419921875
3089,6114,745A6403,4377,2.5778160095214844,754.9308471679688,35.55324935913086,749472.4375,F,377.46759033203125
3090,3091,745A6403,4378,0.2583026885986328,42.54563903808594,22.41143035888672,16783.560546875,E,1493.1611328125
3090,3123,745A6403,4379,0.22247891128063202,60.42912673950195,24.045732498168945,27441.77734375,E,1459.3673095703125
3091,3166,745A6403,4380,0.447135865688324,91.08841705322266,28.592365264892578,58486.17578125,E,1496.1126708984375
3092,3099,745A6403,4381,0.15913733839988708,26.54892349243164,26.39554214477539,14527.73828125,E,1011.1339721679688
3093,3101,745A6403,4382,0.1086324155330658,8.849641799926758,18.021541595458984,2257.352783203125,E,2048.68798828125
3094,3105,745A6403,4383,0.06753499805927277,19.846567153930664,34.255802154541016,18291.2578125,E,970.5392456054688
3095,3103,745A6403,4384,0.2874186336994171,49.87691879272461,26.31744956970215,27131.705078125,E,785.77734375
3095,3104,745A6403,4385,0.07242747396230698,11.441641807556152,26.483301162719727,6302.63916015625,E,761.3446044921875
3096,3097,745A6403,4386,0.7653258442878723,44.06399917602539,15.330897331237793,8134.08935546875,E,1765.02978515625
3096,3115,745A6403,4387,0.7662053108215332,67.76040649414062,15.563482284545898,12890.7880859375,E,1717.97216796875
3097,3203,745A6403,4388,0.4835229814052582,131.4867706298828,30.68366050720215,97226.859375,E,1786.0555419921875
3098,3105,745A6403,4389,0.13362206518650055,39.5089225769043,17.71540069580078,9738.38671875,E,945.2227783203125
3098,3121,745A6403,4390,0.6473392248153687,113.08226776123047,27.799280166625977,68635.921875,E,876.697509765625
3099,6114,745A6403,4391,3.3728580474853516,999.1848754882812,35.55324935913086,991960.4375,F,499.593505859375
3100,3110,745A6403,4392,0.18562380969524384,41.21148681640625,29.892549514770508,28922.384765625,E,2147.2294921875
3102,3103,745A6403,4393,0.02293003909289837,3.6656415462493896,25.287307739257812,1840.9630126953125,E,808.4074096679688
3102,3121,745A6403,4394,0.5112729072570801,58.726558685302734,20.275508880615234,18961.29296875,E,826.0608520507812
3103,3128,745A6403,4395,0.2058771848678589,38.880001068115234,13.909039497375488,5907.59130859375,E,801.9307861328125
3104,6114,745A6403,4396,2.5786404609680176,756.9749755859375,35.55324935913086,751501.8125,F,378.4883728027344
3105,3120,745A6403,4397,0.05429455637931824,29.14092445373535,33.37965393066406,25500.98046875,E,954.7155151367188
3106,3112,745A6403,4398,0.7981364727020264,22.438568115234375,15.38532543182373,4171.55908203125,E,1626.8330078125
3106,3126,745A6403,4399,0.2891760766506195,50.24533462524414,26.3785343170166,27459.142578125,E,1652.5438232421875
3107,3163,745A6403,4400,0.3663119077682495,100.30647277832031,33.1126823425293,86378.875,E,2022.55712890625
3108,3136,745A6403,4401,0.3192921280860901,72.49969482421875,30.251054763793945,52108.32421875,E,2332.49169921875
3109,3111,745A6403,4402,0.019214579835534096,3.6656415462493896,27.624189376831055,2196.94384765625,E,1397.7218017578125
3109,3113,745A6403,4403,0.0522516667842865,9.923283576965332,27.557857513427734,5918.833984375,E,1402.66455078125
3109,3114,745A6403,4404,1.7384792566299438,119.15569305419922,15.526981353759766,22562.05859375,E,1415.1669921875
3110,3117,745A6403,4405,0.0439264178276062,10.99692440032959,31.649951934814453,8651.8154296875,E,2125.8818359375
3111,3151,745A6403,4406,0.18446509540081024,41.47200012207031,18.195024490356445,10783.26171875,E,1393.4564208984375
3113,3114,745A6403,4407,0.05530332028865814,10.368000030517578,27.393564224243164,6110.57275390625,E,1411.2720947265625
3114,3123,745A6403,4408,0.20456135272979736,38.61948776245117,27.452280044555664,22858.791015625,E,1430.4373779296875
3115,3134,745A6403,4409,0.34188467264175415,32.80656433105469,17.97780990600586,8327.68359375,E,1684.6795654296875
3116,3162,745A6403,4410,0.427019864320755,111.56391143798828,30.62470817565918,82178.3671875,E,2227.550048828125
3116,3172,745A6403,4411,0.27618029713630676,70.3524169921875,31.971399307250977,56479.67578125,E,2285.4296875
3117,3154,745A6403,4412,0.3365645706653595,77.23897552490234,30.341503143310547,55847.09375,E,2090.00830078125
3117,3204,745A6403,4413,1.545279860496521,108.15877532958984,18.030292510986328,27615.7734375,E,2120.115478515625
3118,3119,745A6403,4414,0.0732310488820076,26.993640899658203,11.898709297180176,3001.587890625,E,1067.098876953125
3118,3148,745A6403,4415,0.11418986320495605,32.17763900756836,24.453433990478516,15112.064453125,E,1049.3592529296875
3119,3155,745A6403,4416,0.1317591816186905,35.843284606933594,25.28730583190918,18001.255859375,E,1072.8172607421875
3120,3149,745A6403,4417,0.31172487139701843,88.49641418457031,33.705875396728516,78963.5703125,E,984.699951171875
3120,3167,745A6403,4418,0.25967922806739807,73.12861633300781,33.564666748046875,64705.609375,E,917.5952758789062
3121,3128,745A6403,4419,0.13266423344612122,31.73292350769043,31.008752822875977,23964.509765625,E,811.8026123046875
3122,3130,745A6403,4420,0.28139135241508484,47.91384506225586,22.356849670410156,18809.27734375,E,778.1973876953125
3122,6114,745A6403,4421,2.5706799030303955,758.7833862304688,35.55324935913086,753297.125,F,379.31591796875
3123,3166,745A6403,4422,0.2084788829088211,53.726768493652344,26.40302276611328,29416.291015625,E,1458.0172119140625
3124,3127,745A6403,4423,0.009484238922595978,3.6656415462493896,33.06330490112305,3147.258544921875,E,1394.184326171875
3125,3150,745A6403,4424,0.1404179185628891,32.361846923828125,30.4063663482666,23499.154296875,E,1227.8797607421875
3125,3173,745A6403,4425,0.30157190561294556,81.97825622558594,29.48042869567871,55957.2265625,E,1184.7503662109375
3126,3134,745A6403,4426,0.07338225841522217,13.588924407958984,27.23028564453125,7913.6962890625,E,1673.1588134765625
3126,3139,745A6403,4427,0.9775912165641785,33.25128173828125,15.649510383605957,6395.87255859375,E,1653.2431640625
3127,3137,745A6403,4428,0.07781103998422623,21.36492347717285,33.134735107421875,18422.91015625,E,1383.2061767578125
3127,3169,745A6403,4429,0.6453068256378174,181.9925994873047,33.61593246459961,161522.828125,E,1473.3353271484375
3128,3130,745A6403,4430,0.02444199100136757,6.257641315460205,31.988405227661133,5029.04736328125,E,794.4168090820312
3129,3177,745A6403,4431,1.3588858842849731,50.95056915283203,14.097826957702637,7953.224609375,E,1234.808349609375
3130,3156,745A6403,4432,0.1618061065673828,36.472206115722656,30.446186065673828,26553.25390625,E,778.5656127929688
3131,3141,745A6403,4433,0.029161877930164337,7.331283092498779,31.7094783782959,5789.59375,E,2445.064697265625
3131,3142,745A6403,4434,0.13123346865177155,33.25128173828125,31.824607849121094,26449.921875,E,2463.3037109375
3132,3162,745A6403,4435,0.3172549307346344,85.2754898071289,32.941505432128906,72677.671875,E,2141.80126953125
3132,3163,745A6403,4436,0.09271059930324554,56.76348876953125,32.21744918823242,46274.44921875,E,2081.56494140625
3133,3138,745A6403,4437,0.28700733184814453,75.35220336914062,32.41530227661133,62185.05078125,E,1113.031982421875
3133,3173,745A6403,4438,0.10872938483953476,39.50891876220703,30.677440643310547,29202.716796875,E,1148.6876220703125
3134,3192,745A6403,4439,0.3044651448726654,70.0918960571289,30.366348266601562,50762.48046875,E,1698.7222900390625
3135,3140,745A6403,4440,0.017692990601062775,3.6656415462493896,28.787527084350586,2385.880126953125,E,1908.797607421875
3135,3160,745A6403,4441,1.5907995700836182,65.61312866210938,15.506649017333984,12391.2900390625,E,1937.9913330078125
3136,3145,745A6403,4442,0.2002829611301422,45.76656723022461,25.06279945373535,22578.619140625,E,2328.4150390625
3136,3152,745A6403,4443,0.24687914550304413,68.64984893798828,29.110319137573242,45690.23828125,E,2276.36279296875
3137,3164,745A6403,4444,0.24052803218364716,60.873844146728516,31.891613006591797,48626.5625,E,1346.239501953125
3137,3190,745A6403,4445,0.2796573042869568,44.06399917602539,19.514833450317383,13179.6396484375,E,1371.300048828125
3138,3158,745A6403,4446,0.3941423296928406,93.4962158203125,30.817686080932617,69740.328125,E,1034.28125
3140,3153,745A6403,4447,2.753520965576172,68.64984893798828,15.420356750488281,12820.8935546875,E,1876.497314453125
3140,3268,745A6403,4448,0.7657978534698486,176.91651916503906,30.442880630493164,128774.4609375,E,1860.94580078125
3141,3146,745A6403,4449,0.2055812031030655,52.46892166137695,31.94894790649414,42063.47265625,E,2417.82421875
3141,3179,745A6403,4450,0.03793695569038391,36.288002014160156,16.531652450561523,7789.06787109375,E,2441.139404296875
3142,3147,745A6403,4451,0.4028213918209076,104.93785858154297,32.281986236572266,85889.9921875,E,2527.549560546875
3142,3175,745A6403,4452,0.16600462794303894,33.69599914550781,24.908597946166992,16419.7578125,E,2477.4345703125
3143,3207,745A6403,4453,10.566357612609863,89.75425720214844,20.237668991088867,28871.26953125,E,2386.3876953125
3144,3150,745A6403,4454,0.19511280953884125,37.990562438964844,27.987186431884766,23371.365234375,E,1256.603515625
3144,3159,745A6403,4455,0.5276038646697998,110.56655883789062,29.016401290893555,73114.0390625,E,1325.173583984375
3144,3191,745A6403,4456,0.19746963679790497,43.61928176879883,18.01133918762207,11113.744140625,E,1268.71435546875
3145,3146,745A6403,4457,0.19401970505714417,46.211280822753906,30.92144775390625,34702.2421875,E,2371.0615234375
3145,3184,745A6403,4458,0.37842267751693726,65.61312866210938,20.95467185974121,22627.80078125,E,2332.421875
3146,3189,745A6403,4459,0.08399665355682373,38.880001068115234,16.035024642944336,7851.55029296875,E,2391.74951171875
3148,3149,745A6403,4460,0.10543164610862732,28.067283630371094,32.66995620727539,23528.12890625,E,1033.7427978515625
3148,3161,745A6403,4461,0.06033460795879364,16.180925369262695,32.74015808105469,13622.4365234375,E,1052.5054931640625
3149,3194,745A6403,4462,0.20792841911315918,53.09783935546875,26.94361114501953,30274.595703125,E,1013.23193359375
3150,3178,745A6403,4463,0.1472485512495041,36.027488708496094,25.432723999023438,18302.46484375,E,1244.8487548828125
3151,3159,745A6403,4464,0.08029840141534805,15.107283592224121,27.433700561523438,8929.8681640625,E,1384.116943359375
3151,3174,745A6403,4465,0.6079304814338684,93.680419921875,23.974302291870117,42289.3125,E,1430.390380859375
3152,3183,745A6403,4466,0.29389744997024536,69.9076919555664,30.842226028442383,52228.34765625,E,2215.958740234375
3154,3231,745A6403,4467,0.3172314167022705,99.30912017822266,29.16935157775879,66364.0078125,E,2044.698974609375
3155,3161,745A6403,4468,0.042387157678604126,11.441641807556152,32.85512924194336,9700.287109375,E,1063.7061767578125
3155,3168,745A6403,4469,0.19579507410526276,61.318565368652344,30.45569610595703,44670.3046875,E,1096.3533935546875
3156,6114,745A6403,4470,2.5661163330078125,762.52392578125,35.55324935913086,757010.625,F,381.25323486328125
3157,3158,745A6403,4471,0.11969166249036789,28.067279815673828,30.87578582763672,21014.84765625,E,976.76123046875
3157,6114,745A6403,4472,3.214099407196045,963.8930053710938,35.55324935913086,956923.75,F,481.94830322265625
3158,3181,745A6403,4473,0.4006909132003784,25.920000076293945,17.797040939331055,6447.9326171875,E,987.5615844726562
3159,3182,745A6403,4474,0.4929453134536743,26.993640899658203,14.575262069702148,4503.8515625,E,1375.770751953125
3161,3235,745A6403,4475,0.7941697239875793,104.67733001708984,21.83367347717285,39191.8828125,E,1033.2293701171875
3162,3232,745A6403,4476,0.755974292755127,161.80921936035156,29.27069854736328,108882.8125,E,2237.03564453125
3163,3209,745A6403,4477,0.4439956247806549,125.78177642822266,33.70212173461914,112207.5546875,E,2005.982421875
3163,3303,745A6403,4478,1.0660653114318848,286.8857421875,32.32135009765625,235384.484375,E,2160.02734375
3164,3177,745A6403,4479,0.34301620721817017,90.45948028564453,32.4893684387207,74994.0,E,1277.88671875
3164,3186,745A6403,4480,0.12506887316703796,38.61948776245117,27.014455795288086,22135.474609375,E,1330.37109375
3165,3168,745A6403,4481,0.0460897758603096,12.51528263092041,32.953094482421875,10673.896484375,E,1129.450439453125
3165,3197,745A6403,4482,0.6401892900466919,64.09477233886719,20.343116760253906,20832.79296875,E,1154.692626953125
3166,3174,745A6403,4483,0.0867789164185524,17.699283599853516,28.564481735229492,11342.2255859375,E,1474.7279052734375
3167,3198,745A6403,4484,0.2806971073150635,79.3862533569336,33.6217041015625,70481.4140625,E,852.2218627929688
3167,3265,745A6403,4485,2.5490880012512207,120.04512786865234,17.488924026489258,28837.69921875,E,873.7728881835938
3168,3208,745A6403,4486,0.23423409461975098,56.76348876953125,31.225439071655273,43468.640625,E,1110.0704345703125
3169,3176,745A6403,4487,0.1915530115365982,53.54256057739258,33.54088592529297,47308.3828125,E,1577.968994140625
3169,3201,745A6403,4488,0.4066971242427826,41.47200012207031,22.463382720947266,16435.96484375,E,1552.2637939453125
3170,3171,745A6403,4489,0.06371738761663437,17.699283599853516,33.33154296875,15443.87890625,E,2494.779541015625
3171,3220,745A6403,4490,0.5507931709289551,136.1497802734375,31.727880477905273,107643.78125,E,2429.939697265625
3172,3207,745A6403,4491,0.3396759033203125,79.3862533569336,30.635398864746094,58517.03125,E,2325.279296875
3172,3232,745A6403,4492,0.3138991594314575,79.01783752441406,29.12598991394043,52647.3359375,E,2293.927978515625
3173,3199,745A6403,4493,0.13384023308753967,35.398563385009766,32.532657623291016,29424.873046875,E,1145.544921875
3174,3236,745A6403,4494,0.39254921674728394,81.79405212402344,28.9267520904541,53754.01953125,E,1452.6856689453125
3175,3179,745A6403,4495,0.14872950315475464,37.36164093017578,31.70403480529785,29494.76171875,E,2458.1904296875
3175,3205,745A6403,4496,1.816957950592041,53.09784698486328,20.83221435546875,18098.294921875,E,2488.649658203125
3176,3185,745A6403,4497,0.025130219757556915,7.331283092498779,34.15861511230469,6718.47021484375,E,1604.50830078125
3177,3197,745A6403,4498,0.28648221492767334,77.05477142333984,32.795711517333984,65091.38671875,E,1200.92333984375
3178,3191,745A6403,4499,0.0694400742650032,13.588926315307617,27.92012596130371,8319.740234375,E,1258.577392578125
3178,3200,745A6403,4500,0.5067241191864014,43.803489685058594,16.780277252197266,9687.16796875,E,1236.8994140625
3179,3189,745A6403,4501,0.22068852186203003,55.689849853515625,31.777507781982422,44167.78125,E,2415.225341796875
3180,3209,745A6403,4502,13.612485885620117,60.42912673950195,6.054802894592285,1739.94775390625,E,1935.87841796875
3181,3187,745A6403,4503,0.22333994507789612,3.6656415462493896,8.102551460266113,189.00941467285156,E,984.286865234375
3181,3188,745A6403,4504,0.16071473062038422,3.6656415462493896,9.55162239074707,262.66015625,E,986.8571166992188
3183,3196,745A6403,4505,0.4468856453895569,104.67733001708984,28.872356414794922,68534.140625,E,2230.674560546875
3183,3204,745A6403,4506,0.29257383942604065,76.61004638671875,32.368595123291016,63041.03125,E,2153.057373046875
3184,3196,745A6403,4507,0.14241930842399597,36.027488708496094,24.572975158691406,17085.958984375,E,2290.734130859375
3184,3206,745A6403,4508,0.2256195992231369,36.91692352294922,20.241071701049805,11879.0693359375,E,2308.00927734375
3185,3210,745A6403,4509,0.10982794314622879,36.288002014160156,27.85889434814453,22119.7734375,E,1605.58984375
3185,3217,745A6403,4510,0.6509864330291748,180.658447265625,33.34706115722656,157784.109375,E,1684.305908203125
3186,3190,745A6403,4511,0.14920242130756378,26.993640899658203,27.036954879760742,15497.6875,E,1356.2393798828125
3186,3202,745A6403,4512,0.02501535229384899,25.920000076293945,20.35842514038086,8437.4892578125,E,1342.3507080078125
3189,3206,745A6403,4513,0.3392212688922882,86.9780502319336,32.04011154174805,70127.375,E,2352.281982421875
3190,3193,745A6403,4514,0.04924141988158226,10.99692440032959,29.838611602783203,7689.8583984375,E,1372.585693359375
3191,3279,745A6403,4515,0.5858327746391296,138.92599487304688,30.8192138671875,103637.390625,E,1297.110107421875
3192,3203,745A6403,4516,0.3094453513622284,75.53640747070312,31.319087982177734,58192.15234375,E,1751.83984375
3192,3223,745A6403,4517,1.9183270931243896,259.4158020019531,27.954057693481445,159212.078125,E,1606.4913330078125
3193,3212,745A6403,4518,0.22489650547504425,57.39241409301758,32.012760162353516,46194.53515625,E,1398.3790283203125
3193,3213,745A6403,4519,0.03983857482671738,36.472206115722656,25.08321189880371,18022.6328125,E,1369.0631103515625
3194,3244,745A6403,4520,0.4809900224208832,68.20513153076172,22.2006778717041,26402.15625,E,980.0382690429688
3194,3256,745A6403,4521,3.8786098957061768,147.66769409179688,13.69075870513916,21738.541015625,E,938.6876831054688
3195,3198,745A6403,4522,0.2704288959503174,56.76348876953125,25.396154403686523,28753.775390625,E,794.9625854492188
3195,6114,745A6403,4523,2.5609700679779053,770.5349731445312,35.55324935913086,764963.75,F,385.2696228027344
3196,3218,745A6403,4524,0.20785707235336304,33.88020706176758,26.300973892211914,18406.85546875,E,2282.83251953125
3197,3208,745A6403,4525,0.2217607945203781,64.98420715332031,29.207120895385742,43538.671875,E,1135.6807861328125
3198,3230,745A6403,4526,0.22082050144672394,54.80040740966797,31.69700813293457,43242.44140625,E,800.3226928710938
3199,3200,745A6403,4527,1.8876452445983887,89.38585662841797,15.022111892700195,15842.3896484375,E,1183.89208984375
3199,3250,745A6403,4528,0.22213499248027802,58.2818489074707,32.41215133666992,48088.24609375,E,1133.505126953125
3200,3274,745A6403,4529,2.984508752822876,107.08513641357422,12.105618476867676,12325.173828125,E,1204.56689453125
3201,3211,745A6403,4530,0.27252575755119324,56.13456726074219,20.397201538085938,18342.623046875,E,1576.1856689453125
3201,3212,745A6403,4531,0.5013264417648315,136.04183959960938,31.132841110229492,103561.8671875,E,1485.886474609375
3202,3213,745A6403,4532,0.09448523819446564,19.84656524658203,29.05722427368164,13160.8359375,E,1348.640625
3202,3214,745A6403,4533,0.25270435214042664,60.87384796142578,31.09101104736328,46215.78125,E,1313.813720703125
3203,3268,745A6403,4534,0.32683804631233215,79.2020492553711,31.152372360229492,60368.2421875,E,1795.3338623046875
3204,3237,745A6403,4535,0.35415318608283997,87.60697937011719,31.47770118713379,68176.484375,E,2082.958251953125
3206,3219,745A6403,4536,0.13594581186771393,32.361846923828125,30.907325744628906,24279.8515625,E,2303.179443359375
3207,3221,745A6403,4537,0.06573604792356491,26.10420799255371,28.916107177734375,17142.732421875,E,2362.294921875
3208,3215,745A6403,4538,0.027847308665513992,7.331283092498779,32.45102310180664,6063.5458984375,E,1102.9639892578125
3209,3246,745A6403,4539,0.18085092306137085,50.69004821777344,33.51869201660156,44728.74609375,E,1937.786376953125
3210,3211,745A6403,4540,0.015578952617943287,2.5920000076293945,25.797544479370117,1354.820068359375,E,1603.12890625
3210,3248,745A6403,4541,0.23956148326396942,64.72368621826172,28.727575302124023,41951.84375,E,1628.220458984375
3211,3273,745A6403,4542,0.3660005033016205,78.75733184814453,29.47516632080078,53739.47265625,E,1586.8927001953125
3212,3243,745A6403,4543,0.21540996432304382,55.874053955078125,32.2911491394043,45758.00390625,E,1436.95458984375
3213,3240,745A6403,4544,0.17539271712303162,34.32492446899414,27.995485305786133,21128.830078125,E,1359.12744140625
3214,3233,745A6403,4545,0.3712214231491089,44.248207092285156,19.12550926208496,12711.9326171875,E,1294.1702880859375
3214,3238,745A6403,4546,0.2599985599517822,59.984413146972656,30.490697860717773,43798.8828125,E,1261.40673828125
3215,3234,745A6403,4547,0.09325198084115982,32.361846923828125,28.482839584350586,20620.05078125,E,1107.664794921875
3215,3239,745A6403,4548,0.3964351713657379,92.16206359863281,30.65498924255371,68021.21875,E,1059.427490234375
3216,3217,745A6403,4549,0.11829903721809387,31.288206100463867,32.54008483886719,26020.0390625,E,1775.0137939453125
3216,3247,745A6403,4550,0.4522569477558136,121.74771118164062,32.80367660522461,102895.34375,E,1841.7996826171875
3216,3258,745A6403,4551,0.21673481166362762,45.137638092041016,16.555463790893555,9716.5341796875,E,1786.92333984375
3217,3258,745A6403,4552,0.16137388348579407,56.31876754760742,31.505908966064453,43906.32421875,E,1767.5966796875
3218,3219,745A6403,4553,0.01812731847167015,3.6656415462493896,28.44056510925293,2328.71484375,E,2288.89697265625
3218,3224,745A6403,4554,0.10343677550554276,29.14092445373535,25.406848907470703,14773.8896484375,E,2274.538330078125
3219,3257,745A6403,4555,0.11532048135995865,36.288002014160156,13.633511543273926,5297.46875,E,2289.60888671875
3220,3221,745A6403,4556,0.023494377732276917,6.257641315460205,32.63470458984375,5234.31591796875,E,2370.30810546875
3220,3271,745A6403,4557,0.9496276378631592,60.873844146728516,15.930173873901367,12132.81640625,E,2384.268798828125
3221,3288,745A6403,4558,0.48447200655937195,114.52433013916016,30.955734252929688,86192.578125,E,2325.44189453125
3222,3223,745A6403,4559,0.04639352113008499,9.923283576965332,23.375619888305664,4258.64599609375,E,1491.0665283203125
3222,3229,745A6403,4560,0.028011495247483253,3.6656415462493896,22.878990173339844,1507.0010986328125,E,1488.346923828125
3222,3241,745A6403,4561,0.06876873970031738,32.80656814575195,20.74960708618164,11093.5478515625,E,1474.855224609375
3223,3229,745A6403,4562,0.04270757734775543,6.257641315460205,24.08995246887207,2852.150634765625,E,1492.208740234375
3224,3242,745A6403,4563,0.1017945259809494,37.54584503173828,27.675212860107422,22585.70703125,E,2245.7998046875
3224,3255,745A6403,4564,0.030797326937317848,26.993640899658203,18.348094940185547,7137.2890625,E,2263.450439453125
3225,3226,745A6403,4565,0.28676891326904297,15.552000045776367,22.67198371887207,6278.48974609375,E,1039.3370361328125
3225,3227,745A6403,4566,1.6960954666137695,97.9749984741211,16.449289321899414,20820.8984375,E,1052.4202880859375
3225,3286,745A6403,4567,0.3032294511795044,70.61292266845703,30.506834030151367,51614.09765625,E,1029.2855224609375
3226,3227,745A6403,4568,0.511776864528656,15.552000045776367,8.138267517089844,808.9842529296875,E,1054.8516845703125
3227,3269,745A6403,4569,2.452690601348877,85.2754898071289,12.57051944732666,10583.287109375,E,1082.2137451171875
3228,3245,745A6403,4570,0.8652141094207764,42.7298469543457,18.983055114746094,12093.5400390625,E,1413.1085205078125
3229,3254,745A6403,4571,0.08990805596113205,23.328001022338867,15.939780235290527,4655.1328125,E,1489.072998046875
3230,6114,745A6403,4572,2.5572314262390137,783.0972290039062,35.55324935913086,777435.1875,F,391.55059814453125
3231,3237,745A6403,4573,0.05571522191166878,14.033641815185547,31.729888916015625,11096.7900390625,E,2039.651611328125
3231,3302,745A6403,4574,0.8994585871696472,216.2412109375,31.088693618774414,164147.125,E,1940.5384521484375
3232,3290,745A6403,4575,0.2579849660396576,71.24185180664062,25.393436431884766,36080.125,E,2283.166259765625
3233,3240,745A6403,4576,0.45157590508461,58.2818489074707,17.46538734436035,13963.029296875,E,1336.181884765625
3233,3263,745A6403,4577,0.18550728261470795,29.58563995361328,19.047847747802734,8430.681640625,E,1309.7501220703125
3234,3252,745A6403,4578,0.3962981104850769,65.16841125488281,22.085575103759766,24965.73828125,E,1140.828369140625
3234,3266,745A6403,4579,0.014842013828456402,32.17763900756836,26.430238723754883,17654.125,E,1110.7098388671875
3235,3239,745A6403,4580,0.0237254835665226,6.257641315460205,32.478233337402344,5184.2431640625,E,1015.4334716796875
3235,3244,745A6403,4581,0.18080081045627594,46.8402099609375,32.189300537109375,38118.15234375,E,991.8050537109375
3236,3241,745A6403,4582,0.11268991976976395,33.25128173828125,26.945573806762695,18961.521484375,E,1452.90625
3236,3245,745A6403,4583,0.04492070898413658,10.99692440032959,31.267274856567383,8443.8623046875,E,1433.37744140625
3237,3300,745A6403,4584,1.3971810340881348,94.56983947753906,16.57989501953125,20417.666015625,E,2060.857666015625
3238,3249,745A6403,4585,0.12776988744735718,35.398563385009766,33.292518615722656,30815.47265625,E,1222.2218017578125
3238,3263,745A6403,4586,0.31357041001319885,80.72040557861328,28.81104278564453,52624.88671875,E,1272.280517578125
3239,3266,745A6403,4587,0.41246962547302246,105.12205505371094,29.695751190185547,72806.875,E,1063.556640625
3240,3281,745A6403,4588,0.32814326882362366,53.09784698486328,22.744630813598633,21573.697265625,E,1371.859375
3241,3254,745A6403,4589,0.1386973112821579,25.03056526184082,27.003971099853516,14335.59765625,E,1478.394775390625
3242,3255,745A6403,4590,0.1848226636648178,42.28512954711914,30.410078048706055,30712.318359375,E,2246.517333984375
3242,3287,745A6403,4591,0.5599170923233032,139.1864776611328,31.604473114013672,109190.296875,E,2171.14306640625
3243,3277,745A6403,4592,0.32302126288414,88.68061065673828,33.121009826660156,76405.6875,E,1493.609375
3243,3305,745A6403,4593,3.2914016246795654,79.01783752441406,11.847685813903809,8711.2822265625,E,1448.2542724609375
3244,3253,745A6403,4594,0.1120063066482544,29.14092445373535,32.25249481201172,23807.83203125,E,957.9307861328125
3245,3251,745A6403,4595,0.025173937901854515,6.257641315460205,31.5325984954834,4886.7490234375,E,1428.3671875
3246,3247,745A6403,4596,0.09900697320699692,28.067279815673828,33.69600296020508,25029.203125,E,1908.4952392578125
3246,3291,745A6403,4597,0.47028452157974243,140.704833984375,32.894813537597656,119578.6796875,E,1977.9661865234375
3247,3292,745A6403,4598,0.17145536839962006,63.465843200683594,26.930267333984375,36150.24609375,E,1887.90771484375
3248,3259,745A6403,4599,0.10225732624530792,23.512208938598633,30.67795181274414,17379.451171875,E,1640.1185302734375
3248,3316,745A6403,4600,0.4391201138496399,110.22975158691406,31.94078826904297,88324.25,E,1687.48681640625
3249,3252,745A6403,4601,0.15009185671806335,39.95363998413086,32.69083023071289,33534.98828125,E,1186.8758544921875
3249,3299,745A6403,4602,0.42876365780830383,115.22956085205078,30.790435791015625,85799.640625,E,1242.2822265625
3250,3269,745A6403,4603,0.06432436406612396,26.10420799255371,31.72308349609375,20632.46875,E,1121.1065673828125
3250,3274,745A6403,4604,0.2641216516494751,67.76040649414062,32.080989837646484,54772.35546875,E,1156.7540283203125
3251,3260,745A6403,4605,0.1731303632259369,42.7298469543457,26.369007110595703,23335.052734375,E,1408.389892578125
3251,3267,745A6403,4606,0.08072574436664581,19.217641830444336,30.89735221862793,14408.9560546875,E,1425.9298095703125
3252,3272,745A6403,4607,0.2592010498046875,57.837127685546875,25.15532684326172,28744.6171875,E,1142.56884765625
3253,3256,745A6403,4608,0.1642264574766159,43.61928176879883,32.56867599487305,36338.6328125,E,923.9320678710938
3253,3345,745A6403,4609,1.5080056190490723,101.08799743652344,17.078929901123047,23158.51953125,E,943.9630126953125
3254,3278,745A6403,4610,0.3525609076023102,85.45968627929688,31.153963088989258,65144.50390625,E,1524.521484375
3255,3257,745A6403,4611,0.11985549330711365,28.067283630371094,30.636438369750977,20690.30078125,E,2276.2265625
3256,3264,745A6403,4612,0.07352633774280548,18.772924423217773,31.969942092895508,15069.7314453125,E,895.1695556640625
3257,3270,745A6403,4613,0.1485285460948944,36.472206115722656,31.32536506652832,28108.921875,E,2304.61865234375
3258,3293,745A6403,4614,0.1615685373544693,61.686973571777344,32.23593521118164,50345.875,E,1803.6343994140625
3259,3261,745A6403,4615,0.012501968070864677,2.5920000076293945,28.797733306884766,1688.2684326171875,E,1630.863525390625
3259,3262,745A6403,4616,0.062046729028224945,13.588924407958984,29.724319458007812,9429.7197265625,E,1627.7620849609375
3260,3267,745A6403,4617,0.16594010591506958,36.91692352294922,15.643842697143555,7095.814453125,E,1406.6588134765625
3260,3279,745A6403,4618,0.29555824398994446,70.3524169921875,26.882648468017578,39931.26171875,E,1359.7376708984375
3261,3262,745A6403,4619,0.016026955097913742,3.6656415462493896,30.246803283691406,2633.897216796875,E,1629.505859375
3262,3301,745A6403,4620,0.3657214343547821,78.94153594970703,27.87726402282715,48183.2109375,E,1600.222412109375
3263,3281,745A6403,4621,0.3249649703502655,79.64676666259766,31.375154495239258,61578.59765625,E,1341.5584716796875
3264,3265,745A6403,4622,0.10295991599559784,27.6225643157959,32.736751556396484,23250.111328125,E,875.5750122070312
3264,3312,745A6403,4623,2.1923434734344482,128.89476013183594,15.956208229064941,25774.16015625,E,862.4447021484375
3265,3284,745A6403,4624,0.29562756419181824,75.98112487792969,32.14942169189453,61679.65234375,E,830.8734130859375
3266,3272,745A6403,4625,0.04055141657590866,9.923283576965332,31.272377014160156,7621.96728515625,E,1113.7000732421875
3267,3298,745A6403,4626,0.17463341355323792,43.61928176879883,31.69586944580078,34417.0546875,E,1419.616943359375
3268,3307,745A6403,4627,0.21893192827701569,62.131690979003906,30.197052001953125,44497.14453125,E,1793.4896240234375
3269,3327,745A6403,4628,0.30878183245658875,75.98112487792969,31.382932662963867,58773.6484375,E,1106.01171875
3270,3276,745A6403,4629,0.1407204568386078,34.9538459777832,31.518991470336914,27272.78515625,E,2334.26513671875
3270,3289,745A6403,4630,0.2855786085128784,63.465843200683594,26.126497268676758,34024.54296875,E,2306.363525390625
3271,3283,745A6403,4631,1.0307154655456543,50.061126708984375,11.59627628326416,5287.22265625,E,2397.505859375
3271,3325,745A6403,4632,2.033270835876465,80.53620147705078,12.329968452453613,9616.232421875,E,2364.430908203125
3272,3323,745A6403,4633,0.4497414231300354,116.48741912841797,32.26223373413086,95226.484375,E,1162.62744140625
3273,3277,745A6403,4634,0.0978005975484848,43.174560546875,21.115615844726562,15119.078125,E,1546.6861572265625
3273,3285,745A6403,4635,0.1736161708831787,33.88020324707031,28.43206214904785,21510.603515625,E,1557.4376220703125
3274,3282,745A6403,4636,0.08679063618183136,23.512208938598633,32.93064498901367,20025.51953125,E,1193.7763671875
3275,3278,745A6403,4637,1.0091609954833984,72.76020812988281,23.499589920043945,31557.62890625,E,1594.20751953125
3276,3309,745A6403,4638,0.15999257564544678,47.4691276550293,29.13727569580078,31651.84375,E,2356.48046875
3276,3353,745A6403,4639,1.2792586088180542,258.1579284667969,30.550424575805664,189238.640625,E,2423.044921875
3277,3285,745A6403,4640,0.08375907689332962,22.438568115234375,32.74185562133789,18892.59375,E,1536.1256103515625
3278,3295,745A6403,4641,0.5403649210929871,41.027278900146484,17.429668426513672,9789.056640625,E,1553.275390625
3279,3306,745A6403,4642,0.1719975471496582,37.54584884643555,29.604686737060547,25844.775390625,E,1338.10546875
3280,3283,745A6403,4643,0.08968199789524078,3.6656415462493896,12.786520004272461,470.7004089355469,E,2417.068359375
3281,3305,745A6403,4644,0.2906622290611267,76.61004638671875,32.46044158935547,63399.30078125,E,1408.782958984375
3282,3297,745A6403,4645,0.33818310499191284,88.94112396240234,32.45612335205078,73584.40625,E,1242.880615234375
3282,3362,745A6403,4646,1.4799020290374756,168.1431884765625,27.373062133789062,98950.03125,E,1157.862060546875
3283,3330,745A6403,4647,1.3851407766342163,50.32164001464844,11.170248031616211,4931.40087890625,E,2417.646728515625
3284,6114,745A6403,4648,2.548104763031006,800.9951171875,35.55324935913086,795203.625,F,400.498779296875
3285,3301,745A6403,4649,0.1270226538181305,34.95384979248047,26.249101638793945,18915.32421875,E,1556.7327880859375
3286,3324,745A6403,4650,0.6570479869842529,66.5025634765625,18.114408493041992,17138.6484375,E,1053.3939208984375
3286,3367,745A6403,4651,0.4949534237384796,82.68348693847656,26.028169631958008,43994.25,E,1033.1453857421875
3287,3300,745A6403,4652,0.17530380189418793,45.32184600830078,32.16146469116211,36818.7578125,E,2093.04833984375
3287,3308,745A6403,4653,0.09131684899330139,33.435489654541016,29.584957122802734,22984.734375,E,2123.10009765625
3288,3290,745A6403,4654,0.017129788175225258,3.6656415462493896,29.256946563720703,2464.324462890625,E,2282.2568359375
3288,3321,745A6403,4655,0.08641733974218369,42.100929260253906,22.42998504638672,16635.640625,E,2290.59326171875
3289,3296,745A6403,4656,0.13741672039031982,31.288206100463867,30.300609588623047,22561.775390625,E,2268.002685546875
3289,3315,745A6403,4657,0.11892545223236084,26.993640899658203,24.08023452758789,12293.4208984375,E,2280.7626953125
3290,3303,745A6403,4658,0.051141589879989624,20.920207977294922,29.30797004699707,14113.2607421875,E,2273.943603515625
3291,3337,745A6403,4659,0.5139904022216797,48.803279876708984,16.5648193359375,10517.4951171875,E,2036.259033203125
3291,3354,745A6403,4660,0.4051690697669983,125.78177642822266,32.509246826171875,104405.0234375,E,2088.1328125
3292,3293,745A6403,4661,0.15393827855587006,60.689640045166016,32.877220153808594,51522.2265625,E,1849.39404296875
3292,3304,745A6403,4662,0.2565692365169525,62.39220428466797,31.26461410522461,47898.98828125,E,1907.72998046875
3293,3294,745A6403,4663,0.00861260574311018,2.5920000076293945,34.69606399536133,2450.672607421875,E,1818.29541015625
3293,3313,745A6403,4664,0.06997928768396378,20.291284561157227,34.032752990722656,18458.380859375,E,1822.2413330078125
3294,3317,745A6403,4665,0.5396994352340698,117.26891326904297,27.643526077270508,70381.6875,E,1761.2147216796875
3296,3310,745A6403,4666,0.5320447087287903,112.71385192871094,29.829383850097656,78769.0703125,E,2202.041259765625
3296,3315,745A6403,4667,0.09730888903141022,32.361846923828125,27.91429328918457,19805.072265625,E,2266.178955078125
3297,3306,745A6403,4668,0.33446261286735535,67.57621002197266,26.8566837310791,38281.45703125,E,1314.21044921875
3297,3408,745A6403,4669,2.4003469944000244,108.60347747802734,15.509668350219727,20518.169921875,E,1288.91552734375
3298,3350,745A6403,4670,0.2124100774526596,57.39241409301758,32.8839225769043,48742.9296875,E,1404.599609375
3298,3428,745A6403,4671,1.477404236793518,142.8521270751953,22.075443267822266,54675.83984375,E,1461.97216796875
3299,3363,745A6403,4672,0.2946825623512268,78.12841033935547,26.022048950195312,41551.03515625,E,1268.2171630859375
3299,3410,745A6403,4673,0.7972010970115662,192.46852111816406,31.451616287231445,149532.46875,E,1364.8038330078125
3300,3328,745A6403,4674,0.2880464792251587,71.87076568603516,31.659137725830078,56577.0546875,E,2042.718505859375
3301,3334,745A6403,4675,0.05640605092048645,39.064208984375,25.578140258789062,20072.75,E,1579.1671142578125
3302,3307,745A6403,4676,0.29659023880958557,80.09148406982422,29.53162384033203,54859.375,E,1814.5125732421875
3302,3319,745A6403,4677,0.22800183296203613,44.248207092285156,23.56951141357422,19305.751953125,E,1867.8521728515625
3303,3322,745A6403,4678,0.04579973593354225,19.217641830444336,31.712200164794922,15178.984375,E,2270.4091796875
3304,3311,745A6403,4679,0.13728885352611542,30.659282684326172,29.894742965698242,21519.962890625,E,1950.5533447265625
3304,3332,745A6403,4680,0.18070445954799652,25.920000076293945,19.58724021911621,7810.36572265625,E,1936.4510498046875
3305,3335,745A6403,4681,0.2909814119338989,75.53640747070312,32.23201370239258,61634.1015625,E,1473.84716796875
3306,3350,745A6403,4682,0.3023976981639862,70.3524169921875,27.193323135375977,40859.5390625,E,1367.2899169921875
3307,3314,745A6403,4683,0.046232640743255615,10.99692440032959,30.83867645263672,8213.9599609375,E,1774.3330078125
3308,3310,745A6403,4684,0.0364655926823616,16.625642776489258,29.216127395629883,11145.8603515625,E,2143.64892578125
3308,3378,745A6403,4685,1.8288074731826782,71.68656158447266,10.587061882019043,6310.71435546875,E,2133.880126953125
3309,3353,745A6403,4686,0.23038917779922485,48.98748779296875,25.222368240356445,24476.35546875,E,2384.491943359375
3310,3430,745A6403,4687,1.0171581506729126,211.05723571777344,30.35643196105957,152753.640625,E,2238.058837890625
3311,3338,745A6403,4688,0.21385398507118225,23.328001022338867,18.913728713989258,6554.23046875,E,1965.017333984375
3311,3340,745A6403,4689,0.419944167137146,72.94440460205078,26.563308715820312,40424.64453125,E,1996.0672607421875
3312,6114,745A6403,4690,2.5945041179656982,811.5609741210938,35.55324935913086,805693.125,F,405.7819519042969
3313,3348,745A6403,4691,0.15223048627376556,40.76676940917969,32.75245666503906,34346.61328125,E,1835.7720947265625
3313,3355,745A6403,4692,0.9947269558906555,65.61312866210938,19.133859634399414,18866.259765625,E,1801.35791015625
3314,3336,745A6403,4693,0.24948684871196747,56.318763732910156,30.088899612426758,40045.671875,E,1747.257568359375
3314,3358,745A6403,4694,0.3057020306587219,38.880001068115234,20.949373245239258,13401.6484375,E,1770.8927001953125
3316,3317,745A6403,4695,0.025107474997639656,6.257641315460205,31.539398193359375,4888.85693359375,E,1716.127197265625
3316,3318,745A6403,4696,0.07544687390327454,19.217641830444336,31.922924041748047,15381.3798828125,E,1704.4735107421875
3317,3355,745A6403,4697,0.2980961203575134,77.68368530273438,32.316795349121094,63720.07421875,E,1751.497314453125
3318,3333,745A6403,4698,0.3688441514968872,100.38278198242188,33.01398468017578,85930.0390625,E,1650.0572509765625
3318,3402,745A6403,4699,3.1350796222686768,82.05455780029297,11.529190063476562,8566.2392578125,E,1691.3209228515625
3319,3320,745A6403,4700,0.2620897591114044,43.17456817626953,25.935304641723633,22808.703125,E,1906.5799560546875
3319,3346,745A6403,4701,0.05859636887907982,23.328001022338867,18.912755966186523,6553.556640625,E,1887.418212890625
3320,3328,745A6403,4702,0.3985064625740051,95.64349365234375,31.03927230834961,72371.6328125,E,1970.18017578125
3320,3359,745A6403,4703,0.0799446702003479,33.69599914550781,16.545259475708008,7244.6162109375,E,1926.4183349609375
3321,3325,745A6403,4704,0.2793552279472351,68.02091979980469,31.394439697265625,52654.78515625,E,2326.559814453125
3321,3326,745A6403,4705,0.015235625207424164,3.6656415462493896,31.022361755371094,2770.70068359375,E,2292.891357421875
3322,3326,745A6403,4706,0.07980965822935104,21.809640884399414,32.99300765991211,18645.8515625,E,2281.23974609375
3322,3354,745A6403,4707,0.5422680377960205,145.07568359375,32.78738784790039,122489.3046875,E,2204.884033203125
3323,3360,745A6403,4708,0.11162836849689484,36.472206115722656,28.87030029296875,23875.61328125,E,1201.1461181640625
3323,3363,745A6403,4709,0.23135201632976532,56.94769287109375,31.49064826965332,44353.63671875,E,1230.16943359375
3324,3327,745A6403,4710,0.3090151250362396,29.58563995361328,15.038849830627441,5255.3310546875,E,1080.1005859375
3324,3367,745A6403,4711,0.5317057967185974,56.76348876953125,15.375736236572266,10539.76171875,E,1053.5516357421875
3325,3330,745A6403,4712,0.22999051213264465,62.836917877197266,33.06330871582031,53950.73828125,E,2388.855224609375
3326,3502,745A6403,4713,3.6096620559692383,164.0328369140625,18.180644989013672,42583.296875,E,2326.430908203125
3327,3362,745A6403,4714,0.15223310887813568,32.80656433105469,29.500158309936523,22423.2890625,E,1090.4974365234375
3328,3372,745A6403,4715,0.39861246943473816,96.9013442993164,29.282630920410156,65258.9140625,E,2051.610107421875
3329,3331,745A6403,4716,0.5698149800300598,144.00205993652344,31.9117431640625,115175.375,E,2523.53759765625
3330,3331,745A6403,4717,0.14388573169708252,39.95363998413086,33.319698333740234,34837.609375,E,2438.088623046875
3331,3498,745A6403,4718,0.7332435250282288,132.37620544433594,30.055057525634766,93914.9921875,E,2462.069580078125
3332,3338,745A6403,4719,0.06949090957641602,31.73292350769043,21.205415725708008,11207.107421875,E,1950.9879150390625
3332,3348,745A6403,4720,0.4072916805744171,95.64350128173828,28.232603073120117,59875.23046875,E,1892.713134765625
3333,3334,745A6403,4721,0.05671917647123337,15.552000045776367,33.1012077331543,13383.318359375,E,1597.210693359375
3333,3397,745A6403,4722,0.40085193514823914,101.01168823242188,26.84608268737793,57177.265625,E,1632.175537109375
3334,3341,745A6403,4723,0.1484891176223755,53.987281799316406,30.71622085571289,40005.2421875,E,1563.597412109375
3335,3341,745A6403,4724,0.12790629267692566,35.398563385009766,33.26896667480469,30771.88671875,E,1522.0872802734375
3335,3379,745A6403,4725,0.7981584072113037,44.06399917602539,15.97719669342041,8834.357421875,E,1507.35009765625
3336,3365,745A6403,4726,0.2575308680534363,54.80040740966797,25.21150016784668,27357.1640625,E,1746.643310546875
3336,3370,745A6403,4727,0.33100688457489014,81.34933471679688,31.36025047302246,62835.19140625,E,1690.9918212890625
3337,3340,745A6403,4728,0.02170448563992977,3.6656415462493896,25.99143409729004,1944.9136962890625,E,2028.7474365234375
3337,3574,745A6403,4729,4.624933242797852,320.21331787109375,24.885284423828125,155745.140625,E,2141.178466796875
3338,3373,745A6403,4730,0.5877225995063782,87.60697937011719,22.32172393798828,34283.4140625,E,2001.214599609375
3339,3357,745A6403,4731,0.12074892967939377,34.509132385253906,26.426834106445312,18928.412109375,E,836.1768798828125
3339,6114,745A6403,4732,2.657890796661377,822.8446655273438,35.55324935913086,816895.1875,F,411.424072265625
3340,3373,745A6403,4733,0.16794265806674957,34.32492446899414,22.94277000427246,14190.2861328125,E,2030.711181640625
3341,3343,745A6403,4734,0.012976577505469322,3.6656415462493896,33.61436462402344,3253.042236328125,E,1539.099609375
3342,3344,745A6403,4735,0.4781421720981598,120.48985290527344,31.75755500793457,95440.8828125,E,1042.9847412109375
3342,3360,745A6403,4736,0.4528927206993103,109.8613510131836,30.075239181518555,78046.421875,E,1148.21630859375
3342,3423,745A6403,4737,1.6032073497772217,73.64964294433594,11.962488174438477,8277.5830078125,E,1100.92138671875
3343,3349,745A6403,4738,0.026434337720274925,7.331283092498779,33.281005859375,6377.6806640625,E,1543.112548828125
3343,3356,745A6403,4739,0.03644375875592232,13.588926315307617,32.99187469482422,11616.8662109375,E,1540.095947265625
3344,3345,745A6403,4740,0.16732807457447052,43.61928176879883,32.28414535522461,35706.47265625,E,965.5372924804688
3344,3387,745A6403,4741,0.46032989025115967,41.47200012207031,17.2493839263916,9691.5234375,E,987.71142578125
3345,3357,745A6403,4742,0.40270984172821045,103.41949462890625,32.040687561035156,83386.546875,E,897.4923095703125
3346,3351,745A6403,4743,0.14655600488185883,26.993640899658203,27.116735458374023,15589.2822265625,E,1874.799560546875
3346,3359,745A6403,4744,0.22326511144638062,43.174560546875,27.874202728271484,26346.48828125,E,1907.3095703125
3347,3396,745A6403,4745,3.424008369445801,90.64369201660156,21.195541381835938,31982.80078125,E,2642.32666015625
3348,3369,745A6403,4746,0.13592833280563354,52.65312957763672,25.575590133666992,27049.8828125,E,1827.1666259765625
3348,3413,745A6403,4747,0.3043971359729767,70.3524169921875,30.537635803222656,51527.57421875,E,1864.2313232421875
3349,3356,745A6403,4748,0.0239257849752903,6.257641315460205,32.42380905151367,5166.88232421875,E,1545.022216796875
3350,3434,745A6403,4749,0.2551158368587494,81.34933471679688,31.60198974609375,63807.6484375,E,1373.868896484375
3351,3352,745A6403,4750,0.2084140181541443,34.32492446899414,25.668806076049805,17762.775390625,E,1846.2957763671875
3351,3399,745A6403,4751,0.39833444356918335,62.39220428466797,18.705259323120117,17145.40234375,E,1854.0345458984375
3352,3358,745A6403,4752,0.4171605706214905,63.91056442260742,21.838109970092773,23938.263671875,E,1801.06591796875
3352,3393,745A6403,4753,0.37327876687049866,43.174560546875,14.653984069824219,7281.64013671875,E,1826.0859375
3353,3394,745A6403,4754,0.2618147134780884,63.65005111694336,31.31878662109375,49034.1328125,E,2366.69384765625
3354,3461,745A6403,4755,0.4518204927444458,122.92927551269531,33.02702331542969,105313.515625,E,2181.357177734375
3355,3369,745A6403,4756,0.10236476361751556,27.17784881591797,32.59162139892578,22673.412109375,E,1794.96826171875
3356,3383,745A6403,4757,0.0899420976638794,38.61948776245117,32.387245178222656,31815.912109375,E,1552.6627197265625
3357,3361,745A6403,4758,0.09186320006847382,20.291284561157227,30.152408599853516,14489.1669921875,E,840.9405517578125
3358,3365,745A6403,4759,0.0216195210814476,6.257641315460205,26.042457580566406,3333.2236328125,E,1769.7960205078125
3359,3371,745A6403,4760,0.147481307387352,33.88020706176758,30.313135147094727,24451.05859375,E,1941.3463134765625
3360,3374,745A6403,4761,0.08167369663715363,17.254566192626953,29.073259353637695,11454.6376953125,E,1202.649658203125
3361,6114,745A6403,4762,2.7096776962280273,831.9674072265625,35.55324935913086,825952.0,F,415.9840087890625
3362,3385,745A6403,4763,0.14714768528938293,33.435489654541016,30.18000602722168,23918.625,E,1082.516357421875
3363,3366,745A6403,4764,0.009870327077805996,2.5920000076293945,32.41020202636719,2138.39697265625,E,1251.2314453125
3364,3368,745A6403,4765,0.053542524576187134,15.107283592224121,33.774234771728516,13534.6591796875,E,877.494140625
3364,6114,745A6403,4766,2.8361101150512695,870.9312744140625,35.55324935913086,864634.125,F,435.4674072265625
3365,3380,745A6403,4767,0.14652977883815765,26.10420799255371,26.76812744140625,14690.4931640625,E,1776.9183349609375
3366,3374,745A6403,4768,0.10942306369543076,47.28491973876953,24.526323318481445,22339.705078125,E,1229.474609375
3366,3398,745A6403,4769,0.2037045657634735,55.4293327331543,32.96846008300781,47318.05078125,E,1273.0703125
3367,3376,745A6403,4770,0.08221805840730667,12.51528263092041,24.68318748474121,5988.70654296875,E,1035.391357421875
3368,3384,745A6403,4771,0.22775991261005402,64.53948974609375,33.6640510559082,57444.4609375,E,913.5117797851562
3368,3479,745A6403,4772,1.2246556282043457,82.49928283691406,17.176162719726562,19115.794921875,E,884.6884155273438
3369,3416,745A6403,4773,0.24349483847618103,54.35569381713867,30.055917739868164,38565.140625,E,1821.998046875
3370,3386,745A6403,4774,0.19159239530563354,50.50584411621094,32.47370147705078,41830.6953125,E,1636.344970703125
3370,3429,745A6403,4775,0.31012508273124695,81.34933471679688,29.53803825378418,55745.1640625,E,1680.597900390625
3371,3400,745A6403,4776,0.17938297986984253,33.88020324707031,28.034080505371094,20912.623046875,E,1960.3162841796875
3371,3401,745A6403,4777,0.6665945649147034,91.97784423828125,22.349048614501953,36082.046875,E,1996.6568603515625
3372,3378,745A6403,4778,0.18686488270759583,44.248207092285156,30.773618698120117,32911.125,E,2112.6474609375
3372,3449,745A6403,4779,1.0142878293991089,102.08534240722656,19.37265396118164,30090.64453125,E,2119.238037109375
3373,3443,745A6403,4780,0.2601489722728729,60.42912673950195,30.538368225097656,44261.67578125,E,2047.52587890625
3374,3468,745A6403,4781,0.3011140525341034,74.90748596191406,31.54998016357422,58561.6484375,E,1218.1334228515625
3375,3396,745A6403,4782,1.3727443218231201,41.02728271484375,11.207056045532227,4047.11669921875,E,2608.212646484375
3376,3382,745A6403,4783,0.05763892084360123,10.99692440032959,27.68541717529297,6620.080078125,E,1033.7626953125
3376,3385,745A6403,4784,0.11536724120378494,40.58256912231445,20.250255584716797,13070.447265625,E,1055.8818359375
3377,3406,745A6403,4785,1.1479707956314087,132.11569213867188,28.4642333984375,84070.4296875,E,2429.26806640625
3378,3457,745A6403,4786,0.6095994114875793,154.7384490966797,31.87131690979004,123449.1640625,E,2199.491455078125
3379,3381,745A6403,4787,0.17313823103904724,26.993640899658203,24.992298126220703,13242.310546875,E,1495.4541015625
3379,3383,745A6403,4788,0.27663537859916687,58.726566314697266,24.302209854125977,27240.560546875,E,1535.90673828125
3380,3392,745A6403,4789,0.1734059751033783,35.398563385009766,28.56380844116211,22683.37890625,E,1801.095947265625
3380,3436,745A6403,4790,0.07141907513141632,37.36164093017578,17.98072624206543,9487.0302734375,E,1784.2725830078125
3381,3417,745A6403,4791,0.316241055727005,61.318565368652344,24.03873062133789,27829.470703125,E,1460.5906982421875
3381,3420,745A6403,4792,0.12748992443084717,33.25128173828125,13.71514892578125,4912.46337890625,E,1482.8955078125
3382,3389,745A6403,4793,0.08176691085100174,20.291284561157227,31.42544937133789,15738.4658203125,E,1021.3135375976562
3382,3390,745A6403,4794,0.16550053656101227,45.137638092041016,19.81174087524414,13914.7041015625,E,1050.132080078125
3383,3403,745A6403,4795,0.06983237713575363,19.846567153930664,33.6843376159668,17686.068359375,E,1568.671142578125
3384,3389,745A6403,4796,0.27483582496643066,75.35221099853516,33.121620178222656,64924.5625,E,977.5763549804688
3384,3464,745A6403,4797,0.43966493010520935,51.84000015258789,19.52674102783203,15524.3857421875,E,945.6541137695312
3385,3390,745A6403,4798,0.01934298686683178,3.6656415462493896,27.532346725463867,2182.359619140625,E,1073.153076171875
3386,3435,745A6403,4799,0.5601091384887695,147.2229766845703,32.437286376953125,121661.875,E,1549.6376953125
3386,3484,745A6403,4800,0.7278456687927246,88.49641418457031,19.591999053955078,26679.216796875,E,1606.777099609375
3387,3391,745A6403,4801,0.07133658230304718,11.441641807556152,25.299551010131836,5751.80078125,E,984.2596435546875
3387,3395,745A6403,4802,0.10092373937368393,15.107283592224121,24.460723876953125,7099.28955078125,E,996.0684204101562
3388,3391,745A6403,4803,0.22595331072807312,34.7696418762207,24.80768394470215,16805.9296875,E,962.2973022460938
3388,3424,745A6403,4804,0.19760191440582275,25.920000076293945,17.96031379699707,6566.78369140625,E,946.91357421875
3388,3425,745A6403,4805,0.4366111159324646,48.803279876708984,15.370583534240723,9055.6494140625,E,930.50146484375
3389,3465,745A6403,4806,0.4097992777824402,49.24800109863281,18.257709503173828,12893.5078125,E,1015.2704467773438
3390,3426,745A6403,4807,0.06984677910804749,26.993640899658203,28.61064338684082,17354.279296875,E,1075.55419921875
3391,3433,745A6403,4808,0.045026738196611404,25.920000076293945,15.17442512512207,4687.58740234375,E,980.6871948242188
3392,3393,745A6403,4809,0.02441214956343174,5.184000015258789,29.14469337463379,3458.388916015625,E,1819.5211181640625
3392,3442,745A6403,4810,0.046074192970991135,31.104000091552734,15.000945091247559,5497.22314453125,E,1817.8458251953125
3393,3399,745A6403,4811,0.13193874061107635,23.956926345825195,27.062931060791016,13780.6796875,E,1832.711669921875
3394,3406,745A6403,4812,0.06729181110858917,25.03056526184082,30.059715270996094,17763.5703125,E,2360.88671875
3394,3430,745A6403,4813,0.21362203359603882,53.282047271728516,31.527795791625977,41596.6171875,E,2330.249755859375
3395,3418,745A6403,4814,0.11023968458175659,35.398563385009766,24.6429500579834,16883.4375,E,1017.4295654296875
3395,3432,745A6403,4815,0.1434946358203888,23.328001022338867,12.06878662109375,2668.66845703125,E,1004.0090942382812
3396,3459,745A6403,4816,0.3455849587917328,90.19898223876953,32.32584762573242,74027.2109375,E,2575.456787109375
3397,3402,745A6403,4817,0.1282375454902649,29.58563995361328,30.411781311035156,21490.900390625,E,1673.9073486328125
3397,3407,745A6403,4818,0.18412719666957855,35.84328079223633,27.978437423706055,22036.59765625,E,1642.8814697265625
3398,3404,745A6403,4819,0.02394726499915123,6.257641315460205,32.32856750488281,5136.57275390625,E,1297.6966552734375
3398,3483,745A6403,4820,0.3341526687145233,58.28184509277344,26.81418800354004,32911.86328125,E,1291.264892578125
3399,3452,745A6403,4821,0.27765926718711853,63.02112579345703,25.736316680908203,32784.515625,E,1869.010009765625
3400,3409,745A6403,4822,0.0957990363240242,19.846567153930664,28.739416122436523,12874.5224609375,E,1978.0224609375
3400,3412,745A6403,4823,0.01677790842950344,28.067279815673828,24.85870933532715,13622.203125,E,1959.7255859375
3401,3409,745A6403,4824,0.25517505407333374,41.027278900146484,19.59103012084961,12367.3642578125,E,2005.138427734375
3401,3456,745A6403,4825,0.6076533198356628,57.20820617675781,14.582551956176758,9554.6611328125,E,2046.5469970703125
3402,3419,745A6403,4826,0.3018324375152588,62.392208099365234,28.890905380249023,40901.80859375,E,1716.993408203125
3403,3407,745A6403,4827,0.2359965592622757,57.20820617675781,26.302335739135742,31083.998046875,E,1600.0677490234375
3403,3447,745A6403,4828,0.10362406820058823,26.993640899658203,32.378662109375,22226.40234375,E,1575.05712890625
3404,3410,745A6403,4829,0.4760819971561432,142.4836883544922,30.370285034179688,103217.359375,E,1365.00390625
3404,3487,745A6403,4830,0.29413875937461853,71.6102523803711,31.37860107421875,55377.35546875,E,1323.37109375
3405,3411,745A6403,4831,0.07691574841737747,17.254566192626953,30.376062393188477,12504.2275390625,E,858.1351318359375
3405,6114,745A6403,4832,2.8132519721984863,851.6485595703125,35.55324935913086,845490.875,F,425.82574462890625
3406,3520,745A6403,4833,1.5511434078216553,90.45948028564453,21.216110229492188,31979.78125,E,2388.658447265625
3407,3467,745A6403,4834,0.4230782687664032,36.288002014160156,7.395023345947266,1558.590576171875,E,1627.5933837890625
3408,3426,745A6403,4835,0.8430981636047363,231.05641174316406,33.13141632080078,199199.359375,E,1185.9580078125
3408,3427,745A6403,4836,0.1618245244026184,45.76656723022461,33.63596725463867,40667.3671875,E,1316.4759521484375
3409,3455,745A6403,4837,0.1123884990811348,29.58563995361328,24.788732528686523,14278.3984375,E,1988.8741455078125
3410,3422,745A6403,4838,0.08274075388908386,21.36492347717285,32.111717224121094,17302.875,E,1439.2763671875
3411,3414,745A6403,4839,0.0486319325864315,11.441641807556152,31.2060489654541,8750.9619140625,E,860.2931518554688
3411,3425,745A6403,4840,0.23226648569107056,65.42892456054688,29.75493812561035,45496.4765625,E,896.5944213867188
3412,3454,745A6403,4841,0.25651735067367554,60.87384796142578,25.530860900878906,31163.880859375,E,1922.8609619140625
3412,3466,745A6403,4842,0.1306755691766739,31.104000091552734,22.543691635131836,12415.2705078125,E,1948.16845703125
3413,3416,745A6403,4843,0.15497297048568726,39.95363998413086,17.654170989990234,9780.044921875,E,1858.0897216796875
3413,3450,745A6403,4844,0.12195359915494919,27.17784881591797,29.877166748046875,19053.89453125,E,1885.6236572265625
3414,6114,745A6403,4845,2.831646680831909,855.2225341796875,35.55324935913086,849039.0,F,427.61328125
3415,3450,745A6403,4846,4.221721172332764,63.46584701538086,10.580498695373535,5580.10302734375,E,1921.438232421875
3416,3444,745A6403,4847,0.07160597294569016,14.033641815185547,28.00856590270996,8646.533203125,E,1840.99072265625
3417,3421,745A6403,4848,0.01438124105334282,3.6656415462493896,31.930580139160156,2935.306884765625,E,1452.4285888671875
3417,3422,745A6403,4849,0.014226232655346394,3.6656415462493896,32.10406494140625,2967.28955078125,E,1449.8453369140625
3418,3423,745A6403,4850,0.3092000186443329,76.24163818359375,31.41014289855957,59077.48046875,E,1065.4974365234375
3418,3432,745A6403,4851,0.1265334188938141,25.475284576416016,28.348724365234375,16079.626953125,E,1016.7867431640625
3419,3431,745A6403,4852,0.11479200422763824,21.36492347717285,27.310394287109375,12515.4697265625,E,1754.8642578125
3419,3446,745A6403,4853,0.04089944064617157,12.960000038146973,22.634078979492188,5214.59423828125,E,1746.360107421875
3420,3421,745A6403,4854,0.08666591346263885,28.067279815673828,25.72951316833496,14593.294921875,E,1466.572021484375
3420,3448,745A6403,4855,0.23022198677062988,28.69620704650879,22.599382400512695,11510.853515625,E,1491.9989013671875
3421,3439,745A6403,4856,0.035186346620321274,8.849641799926758,31.736690521240234,7000.65771484375,E,1453.5069580078125
3422,3439,745A6403,4857,0.034652695059776306,8.849641799926758,31.97140121459961,7104.587890625,E,1449.632568359375
3423,3440,745A6403,4858,0.1642438769340515,39.50891876220703,31.02780532836914,29873.572265625,E,1121.292724609375
3424,3425,745A6403,4859,0.10555703938007355,22.883283615112305,29.44403076171875,15581.265625,E,938.39501953125
3424,3433,745A6403,4860,0.17636126279830933,34.7696418762207,28.084854125976562,21539.44140625,E,965.4382934570312
3426,3470,745A6403,4861,0.21825018525123596,70.35240936279297,31.035249710083008,53220.546875,E,1048.721923828125
3427,3434,745A6403,4862,0.11041504144668579,31.288206100463867,33.66630935668945,27852.33203125,E,1350.60595703125
3427,3509,745A6403,4863,1.2157713174819946,69.09455871582031,17.443958282470703,16512.91796875,E,1342.582275390625
3428,3435,745A6403,4864,0.032645970582962036,8.849641799926758,32.92554473876953,7534.97021484375,E,1481.1094970703125
3428,3441,745A6403,4865,0.10490131378173828,29.14092254638672,33.32676696777344,25420.232421875,E,1464.41357421875
3429,3437,745A6403,4866,0.13520421087741852,35.398563385009766,32.34583282470703,29087.890625,E,1728.0369873046875
3429,3481,745A6403,4867,0.25311365723609924,33.69599914550781,20.377700805664062,10989.5166015625,E,1713.5714111328125
3430,3458,745A6403,4868,0.07406339794397354,46.39548873901367,27.71943473815918,27998.474609375,E,2290.943603515625
3431,3444,745A6403,4869,0.39798063039779663,85.2754898071289,27.284168243408203,49858.08203125,E,1803.3934326171875
3431,3446,745A6403,4870,0.15507769584655762,30.659282684326172,23.042266845703125,12785.044921875,E,1758.8360595703125
3432,3433,745A6403,4871,0.1506948471069336,25.47528076171875,26.087356567382812,13616.6103515625,E,994.0086669921875
3434,3445,745A6403,4872,0.08729967474937439,23.956924438476562,33.11092758178711,20628.30859375,E,1374.4044189453125
3435,3521,745A6403,4873,0.28525465726852417,86.08861541748047,31.844951629638672,68567.2578125,E,1503.615478515625
3436,3438,745A6403,4874,0.10323209315538406,23.956924438476562,30.51212501525879,17517.24609375,E,1774.6025390625
3436,3442,745A6403,4875,0.14927589893341064,37.990562438964844,31.89559555053711,30354.77734375,E,1802.033935546875
3437,3438,745A6403,4876,0.10199576616287231,25.030563354492188,31.299020767211914,19258.48046875,E,1753.896728515625
3437,3482,745A6403,4877,0.10607902705669403,29.58563995361328,27.560407638549805,17649.89453125,E,1745.419921875
3438,3495,745A6403,4878,0.11775892227888107,39.95363998413086,17.694992065429688,9825.326171875,E,1765.71630859375
3439,3548,745A6403,4879,0.39311841130256653,106.56411743164062,28.36913299560547,67358.59375,E,1485.391357421875
3440,3468,745A6403,4880,0.42573249340057373,95.19877624511719,27.3751220703125,56031.6484375,E,1183.436279296875
3440,3534,745A6403,4881,1.3619614839553833,77.94419860839844,12.944392204284668,10257.3935546875,E,1144.8775634765625
3441,3445,745A6403,4882,0.261523962020874,70.61292266845703,32.87961959838867,59955.3046875,E,1418.281005859375
3441,3559,745A6403,4883,1.9290187358856201,103.41949462890625,16.806396484375,22942.5390625,E,1456.882568359375
3442,3451,745A6403,4884,0.06946957111358643,16.180925369262695,30.474706649780273,11802.4541015625,E,1825.61083984375
3443,3491,745A6403,4885,3.3774683475494385,84.38605499267578,15.496724128723145,15916.2353515625,E,2022.0537109375
3443,3515,745A6403,4886,1.9050145149230957,107.08514404296875,24.15693473815918,49079.796875,E,2081.414794921875
3444,3576,745A6403,4887,0.477594792842865,120.67405700683594,31.935564041137695,96661.375,E,1863.4971923828125
3445,3509,745A6403,4888,1.9585117101669312,98.4197006225586,14.374085426330566,15971.009765625,E,1383.2078857421875
3446,3489,745A6403,4889,0.4465290307998657,70.16820526123047,21.655502319335938,25844.419921875,E,1717.465087890625
3447,3448,745A6403,4890,0.6579636335372925,93.23567962646484,19.571643829345703,28049.599609375,E,1534.158203125
3447,3463,745A6403,4891,0.05565793067216873,16.180925369262695,34.07357406616211,14754.6396484375,E,1578.97900390625
3448,3641,745A6403,4892,0.9436123371124268,215.27549743652344,30.437397003173828,156638.84375,E,1577.1796875
3449,3478,745A6403,4893,0.3460458517074585,41.21148681640625,19.405677795410156,12188.9365234375,E,2177.936279296875
3449,3486,745A6403,4894,0.3151554763317108,31.73292350769043,15.04759693145752,5643.31494140625,E,2157.357421875
3450,3556,745A6403,4895,0.41631650924682617,104.86155700683594,31.740894317626953,82974.46875,E,1921.0416259765625
3451,3452,745A6403,4896,0.2706765830516815,61.318565368652344,30.11103057861328,43664.96484375,E,1860.9501953125
3451,3529,745A6403,4897,0.20399589836597443,71.87076568603516,27.896800994873047,43928.96484375,E,1825.007568359375
3452,3460,745A6403,4898,0.06353361904621124,15.107283592224121,30.84547996520996,11289.1005859375,E,1895.755126953125
3453,3474,745A6403,4899,0.06523284316062927,18.772924423217773,34.10710525512695,17151.873046875,E,860.291015625
3453,6114,745A6403,4900,2.8458194732666016,853.5279541015625,35.55324935913086,847356.625,F,426.7660217285156
3454,3460,745A6403,4901,0.03673623502254486,8.849641799926758,31.078487396240234,6713.28857421875,E,1906.23583984375
3454,3466,745A6403,4902,0.16957610845565796,43.17456817626953,31.901241302490234,34509.0546875,E,1929.761474609375
3455,3456,745A6403,4903,0.2856462895870209,71.68656158447266,31.693605422973633,56554.98828125,E,2024.0479736328125
3455,3471,745A6403,4904,0.20258116722106934,42.100921630859375,29.11025047302246,28020.337890625,E,1971.0557861328125
3456,3472,745A6403,4905,0.17119017243385315,42.100921630859375,31.382080078125,32564.5390625,E,2077.069580078125
3457,3458,745A6403,4906,0.019234929233789444,5.184000015258789,32.81839370727539,4385.201171875,E,2269.569580078125
3457,3500,745A6403,4907,0.18312296271324158,35.84328079223633,24.094486236572266,16343.0439453125,E,2266.42724609375
3458,3496,745A6403,4908,0.15223437547683716,51.134769439697266,30.501920700073242,37364.62109375,E,2289.197509765625
3459,3498,745A6403,4909,0.2957790493965149,78.75733184814453,32.65040588378906,65941.375,E,2507.433349609375
3459,3532,745A6403,4910,3.10588002204895,61.76327896118164,12.465638160705566,7537.880859375,E,2541.4716796875
3460,3553,745A6403,4911,1.7413501739501953,89.83056640625,14.345989227294922,14520.28125,E,1910.0333251953125
3461,3502,745A6403,4912,0.4730345904827118,125.41333770751953,32.613372802734375,104767.125,E,2285.218505859375
3461,3574,745A6403,4913,0.34492865204811096,105.12206268310547,32.369380950927734,86507.2578125,E,2236.4619140625
3462,3463,745A6403,4914,0.09651879966259003,22.883283615112305,31.026899337768555,17301.548828125,E,1595.10009765625
3462,3467,745A6403,4915,0.12389601767063141,26.54892349243164,29.456958770751953,18093.083984375,E,1617.2471923828125
3462,3499,745A6403,4916,0.10971970111131668,30.659282684326172,13.810394287109375,4592.6572265625,E,1605.669677734375
3463,3499,745A6403,4917,0.12166450917720795,36.472206115722656,27.718584060668945,22008.6796875,E,1591.391845703125
3464,3469,745A6403,4918,0.012094542384147644,3.6656415462493896,34.81851577758789,3490.28125,E,950.5491943359375
3464,3480,745A6403,4919,0.15017612278461456,43.174560546875,33.9549446105957,39095.23828125,E,930.4466552734375
3465,3470,745A6403,4920,0.012636732310056686,3.6656415462493896,34.06336975097656,3340.52783203125,E,1019.7820434570312
3465,3473,745A6403,4921,0.06884761899709702,20.291284561157227,34.333797454833984,18786.380859375,E,1009.7057495117188
3466,3471,745A6403,4922,0.014127270318567753,3.6656415462493896,32.21631622314453,2988.07568359375,E,1950.6080322265625
3467,3489,745A6403,4923,0.28277865052223206,76.42584991455078,32.857025146484375,64801.73828125,E,1664.676513671875
3468,3488,745A6403,4924,0.05671167001128197,15.107283592224121,32.61770248413086,12623.59375,E,1231.505859375
3469,3473,745A6403,4925,0.16788026690483093,50.32164001464844,34.6307487487793,47398.921875,E,976.39111328125
3469,3549,745A6403,4926,0.38611337542533875,65.87364196777344,22.794218063354492,26881.341796875,E,957.5951538085938
3470,3527,745A6403,4927,0.31128138303756714,99.23283386230469,32.587608337402344,82765.6796875,E,1061.6365966796875
3471,3530,745A6403,4928,0.2895491421222687,89.12533569335938,27.793371200561523,54072.13671875,E,1982.0203857421875
3472,3477,745A6403,4929,0.15530656278133392,30.214563369750977,27.940532684326172,18525.740234375,E,2109.671630859375
3472,3506,745A6403,4930,0.08585362136363983,33.69599914550781,15.599621772766113,6440.15576171875,E,2098.03369140625
3473,3562,745A6403,4931,2.4002792835235596,100.82749938964844,17.09576988220215,23144.4140625,E,999.141845703125
3474,3479,745A6403,4932,0.08242270350456238,24.401639938354492,34.41033172607422,22692.72265625,E,877.7655639648438
3474,3493,745A6403,4933,0.06066460162401199,29.14092445373535,33.33446502685547,25431.98046875,E,859.2865600585938
3475,3476,745A6403,4934,0.1682354360818863,45.76656723022461,32.95764923095703,39043.67578125,E,1665.3665771484375
3475,3484,745A6403,4935,0.3061177432537079,66.05784606933594,29.719558715820312,45824.63671875,E,1615.783447265625
3475,3516,745A6403,4936,0.06231579929590225,36.288002014160156,12.898773193359375,4741.87158203125,E,1646.8228759765625
3476,3481,745A6403,4937,0.1720494031906128,29.58563995361328,26.632631301879883,16481.5859375,E,1700.6070556640625
3476,3510,745A6403,4938,0.053670816123485565,31.104000091552734,13.898835182189941,4719.140625,E,1687.815673828125
3477,3485,745A6403,4939,0.0969681665301323,19.84656524658203,28.60821533203125,12757.2412109375,E,2130.829833984375
3477,3507,745A6403,4940,0.06410378962755203,28.511999130249023,18.1848201751709,7405.17919921875,E,2124.0693359375
3478,3490,745A6403,4941,0.055305056273937225,11.441641807556152,19.300535202026367,3347.4716796875,E,2195.240478515625
3478,3504,745A6403,4942,0.6219875812530518,51.39527893066406,14.65738582611084,8672.1376953125,E,2215.825439453125
3479,3480,745A6403,4943,0.0860433503985405,25.475284576416016,34.41032791137695,23691.171875,E,901.014892578125
3480,3549,745A6403,4944,0.2408735454082489,77.68368530273438,32.05609893798828,62696.17578125,E,931.316650390625
3481,3482,745A6403,4945,0.13630375266075134,35.84328079223633,15.266268730163574,6560.900390625,E,1731.9395751953125
3482,3495,745A6403,4946,0.09519700706005096,19.846567153930664,28.940597534179688,13055.40234375,E,1756.69873046875
3483,3487,745A6403,4947,0.5295830965042114,70.16820526123047,19.512794494628906,20983.076171875,E,1317.3818359375
3483,3492,745A6403,4948,0.050333429127931595,12.51528263092041,31.5325984954834,9773.498046875,E,1281.688720703125
3484,3494,745A6403,4949,0.08878297358751297,23.512208938598633,32.527557373046875,19538.275390625,E,1577.371826171875
3485,3486,745A6403,4950,0.06340248137712479,12.51528263092041,28.054828643798828,7736.5224609375,E,2143.935791015625
3485,3508,745A6403,4951,0.044293634593486786,23.328001022338867,22.117040634155273,8962.3408203125,E,2139.770263671875
3486,3490,745A6403,4952,0.5793366432189941,48.35856628417969,19.079435348510742,13825.9296875,E,2171.5498046875
3487,3569,745A6403,4953,0.38360413908958435,94.04883575439453,31.36017608642578,72644.09375,E,1379.79541015625
3488,3492,745A6403,4954,0.29923897981643677,46.211280822753906,17.840774536132812,11552.2158203125,E,1255.7635498046875
3488,3540,745A6403,4955,0.32458654046058655,45.137638092041016,22.968050003051758,18701.521484375,E,1234.2657470703125
3489,3544,745A6403,4956,0.39499783515930176,103.78791809082031,32.45042037963867,85837.5546875,E,1745.0732421875
3490,3523,745A6403,4957,0.23137684166431427,36.027488708496094,18.843751907348633,10047.513671875,E,2204.338623046875
3492,3539,745A6403,4958,0.13334351778030396,46.39548873901367,30.177410125732422,33184.06640625,E,1271.67578125
3493,6114,745A6403,4959,2.846985340118408,847.9049682617188,35.55324935913086,841774.3125,F,423.95452880859375
3494,3521,745A6403,4960,0.15726424753665924,51.134769439697266,29.003681182861328,33784.10546875,E,1549.7606201171875
3494,3528,745A6403,4961,0.024594411253929138,31.104000091552734,20.531906127929688,10298.279296875,E,1570.6295166015625
3495,3511,745A6403,4962,0.09720420837402344,25.659488677978516,32.471435546875,21249.1171875,E,1774.845703125
3496,3497,745A6403,4963,0.13894741237163544,32.80656433105469,30.818267822265625,24471.865234375,E,2324.318603515625
3496,3514,745A6403,4964,0.07252153009176254,18.144001007080078,31.619338989257812,14247.1669921875,E,2310.92822265625
3497,3520,745A6403,4965,0.2455417662858963,65.61312866210938,32.67641830444336,55023.6640625,E,2367.845458984375
3497,3525,745A6403,4966,0.05771159380674362,40.58256530761719,22.702110290527344,16427.134765625,E,2333.673583984375
3498,3501,745A6403,4967,0.03627876192331314,9.923283576965332,33.058204650878906,8517.3369140625,E,2473.598876953125
3499,3640,745A6403,4968,0.7111111879348755,156.80943298339844,29.760883331298828,109082.1640625,E,1655.2041015625
3500,3504,745A6403,4969,0.45455729961395264,43.174560546875,18.1337947845459,11150.5224609375,E,2245.0966796875
3500,3514,745A6403,4970,0.42188403010368347,52.024208068847656,18.132095336914062,13433.5673828125,E,2288.177978515625
3501,3543,745A6403,4971,0.1083015650510788,43.358768463134766,31.310359954833984,33384.3515625,E,2457.26904296875
3501,3555,745A6403,4972,0.11931567639112473,44.06399917602539,19.527759552001953,13197.1044921875,E,2472.99072265625
3502,3533,745A6403,4973,0.2924306094646454,82.23876953125,33.53272247314453,72628.0078125,E,2379.185302734375
3503,3526,745A6403,4974,0.7013376951217651,185.4740447998047,32.55487060546875,154384.953125,E,974.5646362304688
3503,6114,745A6403,4975,2.9870076179504395,888.5684204101562,35.55324935913086,882143.75,F,444.2831115722656
3504,3512,745A6403,4976,0.024899104610085487,7.331283092498779,24.266834259033203,3390.7529296875,E,2223.365966796875
3505,3560,745A6403,4977,0.6682353615760803,87.16226196289062,25.28553009033203,43768.5859375,E,2554.92431640625
3506,3507,745A6403,4978,0.11610741913318634,28.067279815673828,31.091005325317383,21308.8359375,E,2112.469970703125
3506,3530,745A6403,4979,0.3699927031993866,95.64350128173828,32.16645812988281,77723.40625,E,2056.274169921875
3507,3508,745A6403,4980,0.09027061611413956,17.699283599853516,28.03383445739746,10924.7265625,E,2133.10791015625
3508,3518,745A6403,4981,0.04912453144788742,16.180925369262695,26.874141693115234,9178.3037109375,E,2147.44921875
3509,3577,745A6403,4982,3.8606460094451904,64.35527801513672,9.33800220489502,4407.3955078125,E,1352.112548828125
3510,3516,745A6403,4983,0.18606550991535187,43.61928176879883,30.730627059936523,32352.751953125,E,1669.2447509765625
3510,3517,745A6403,4984,0.22612546384334564,56.13456726074219,31.497608184814453,43739.66015625,E,1715.331787109375
3511,3517,745A6403,4985,0.16347473859786987,46.211280822753906,28.309471130371094,29087.1640625,E,1763.119873046875
3511,3524,745A6403,4986,0.06251803040504456,17.254566192626953,33.206172943115234,14942.7861328125,E,1791.747802734375
3512,3513,745A6403,4987,0.015904420986771584,2.5920000076293945,25.53221893310547,1327.094970703125,E,2221.09814453125
3512,3519,745A6403,4988,0.04510721564292908,12.51528263092041,25.607053756713867,6445.39794921875,E,2217.461669921875
3513,3519,745A6403,4989,0.03501303493976593,6.257641315460205,26.804410934448242,3531.125,E,2218.766357421875
3513,3537,745A6403,4990,0.0325760543346405,30.214563369750977,21.215621948242188,10681.1435546875,E,2233.21044921875
3514,3525,745A6403,4991,0.0522582121193409,12.51528263092041,30.92031478881836,9397.630859375,E,2315.61962890625
3516,3522,745A6403,4992,0.013579869642853737,3.6656415462493896,32.859214782714844,3108.524169921875,E,1647.600341796875
3517,3573,745A6403,4993,0.33304426074028015,59.35548400878906,20.791105270385742,20151.4296875,E,1738.059814453125
3518,3531,745A6403,4994,0.2526399493217468,60.87384796142578,26.495290756225586,33562.7890625,E,2181.73876953125
3518,3566,745A6403,4995,1.5571823120117188,198.43406677246094,27.174482345581055,115087.640625,E,2108.386474609375
3519,3523,745A6403,4996,0.018430251628160477,3.6656415462493896,28.205860137939453,2290.438232421875,E,2215.073974609375
3520,3542,745A6403,4997,0.13361690938472748,37.54584884643555,33.52800750732422,33148.76171875,E,2413.173828125
3521,3535,745A6403,4998,0.040110792964696884,11.441641807556152,33.78580093383789,10257.62109375,E,1534.9053955078125
3522,3528,745A6403,4999,0.2914648652076721,77.31527709960938,29.690645217895508,53529.66015625,E,1609.50732421875
3522,3582,745A6403,5000,0.29685840010643005,76.16533660888672,32.14161682128906,61799.17578125,E,1667.39892578125
3523,3531,745A6403,5001,0.046601369976997375,9.923283576965332,29.170204162597656,6631.6904296875,E,2211.648193359375
3524,3529,745A6403,5002,0.05028306320309639,14.033641815185547,33.4102668762207,12303.2587890625,E,1805.3636474609375
3524,3563,745A6403,5003,0.09056874364614487,35.84328079223633,31.15389060974121,27322.611328125,E,1797.69921875
3525,3585,745A6403,5004,0.26271429657936096,65.16841125488281,31.688451766967773,51395.96875,E,2336.542236328125
3526,3546,745A6403,5005,0.22838760912418365,58.726558685302734,32.087364196777344,47488.9453125,E,1089.916259765625
3526,3575,745A6403,5006,0.6466227769851685,41.47200012207031,19.259096145629883,12081.3828125,E,1066.5726318359375
3527,3552,745A6403,5007,0.37265920639038086,105.5667724609375,33.704593658447266,94187.9453125,E,1152.2579345703125
3527,3622,745A6403,5008,0.3224334120750427,91.08841705322266,33.698551177978516,81241.046875,E,1119.9322509765625
3528,3536,745A6403,5009,0.08657543361186981,33.25128173828125,28.479928970336914,21182.4453125,E,1557.342529296875
3529,3541,745A6403,5010,0.04956114664673805,13.588926315307617,33.08779525756836,11684.5146484375,E,1817.446044921875
3530,3550,745A6403,5011,0.15942545235157013,32.80656433105469,28.852157592773438,21449.009765625,E,2002.08447265625
3531,3567,745A6403,5012,0.1800231635570526,39.6931266784668,29.71458625793457,27526.09375,E,2219.2021484375
3532,3547,745A6403,5013,1.3129061460494995,61.318565368652344,15.169323921203613,11081.90234375,E,2576.794677734375
3532,3587,745A6403,5014,2.4769768714904785,53.987281799316406,14.825423240661621,9319.5625,E,2545.062255859375
3533,3543,745A6403,5015,0.10971634089946747,30.659282684326172,33.434078216552734,26917.244140625,E,2430.647216796875
3533,3568,745A6403,5016,2.476736545562744,32.17763900756836,14.76368522644043,5508.50341796875,E,2417.3798828125
3534,3545,745A6403,5017,0.29121077060699463,69.5392837524414,30.922584533691406,52224.18359375,E,1186.350341796875
3534,3546,745A6403,5018,0.15610533952713013,38.435279846191406,31.351633071899414,29671.552734375,E,1134.935546875
3535,3536,745A6403,5019,0.017738083377480507,5.184000015258789,34.18582534790039,4758.2470703125,E,1539.678466796875
3535,3559,745A6403,5020,0.29280582070350647,84.83076477050781,31.226457595825195,64966.38671875,E,1501.46875
3536,3596,745A6403,5021,0.31461629271507263,87.79119110107422,33.44276809692383,77116.1328125,E,1575.35400390625
3537,3567,745A6403,5022,0.22067365050315857,33.88020324707031,20.80597496032715,11518.9267578125,E,2236.7919921875
3537,3585,745A6403,5023,0.5307744145393372,123.00554656982422,28.534212112426758,78658.625,E,2297.325927734375
3538,3547,745A6403,5024,1.902624249458313,85.9044189453125,12.14184856414795,9946.6083984375,E,2628.40380859375
3538,3554,745A6403,5025,0.840945303440094,31.2882080078125,12.388535499572754,3771.46875,E,2641.44189453125
3538,3633,745A6403,5026,1.6708546876907349,133.11306762695312,24.838298797607422,64499.19140625,E,2663.66259765625
3539,3540,745A6403,5027,0.14307063817977905,37.990562438964844,32.57056427001953,31653.095703125,E,1254.3861083984375
3539,3579,745A6403,5028,0.37040644884109497,97.5302734375,32.433807373046875,80579.6171875,E,1313.04345703125
3540,3545,745A6403,5029,0.07559342682361603,19.217641830444336,31.88976287841797,15349.4404296875,E,1228.564697265625
3541,3564,745A6403,5030,0.244306281208992,48.54277038574219,28.459701538085938,30879.84375,E,1843.530517578125
3541,3570,745A6403,5031,0.02886795625090599,31.732921600341797,26.702362060546875,17770.484375,E,1821.708984375
3542,3560,745A6403,5032,0.3879314064979553,104.49313354492188,32.853843688964844,88582.921875,E,2477.852783203125
3542,3643,745A6403,5033,3.1962344646453857,159.73825073242188,27.780040740966797,96819.8828125,E,2424.200439453125
3543,3555,745A6403,5034,0.1308254897594452,34.95384979248047,32.711246490478516,29375.08203125,E,2460.10791015625
3544,3576,745A6403,5035,0.5696249008178711,99.0486068725586,28.57950782775879,63540.08203125,E,1833.4261474609375
3544,3654,745A6403,5036,2.7595295906066895,119.15570068359375,12.144326210021973,13802.302734375,E,1798.5606689453125
3545,3580,745A6403,5037,0.16783279180526733,38.880001068115234,14.796852111816406,6685.822265625,E,1223.464599609375
3546,3584,745A6403,5038,0.09966790676116943,41.47200012207031,21.24623680114746,14703.099609375,E,1121.973876953125
3547,3554,745A6403,5039,0.9095683097839355,31.73292350769043,12.014361381530762,3597.50439453125,E,2618.134521484375
3548,3561,745A6403,5040,0.0936981588602066,19.846567153930664,29.217580795288086,13306.498046875,E,1513.9248046875
3548,3608,745A6403,5041,0.3209627866744995,73.12861633300781,30.30181884765625,52736.90625,E,1543.6986083984375
3549,3562,745A6403,5042,0.08364555984735489,24.585847854614258,34.275123596191406,22684.703125,E,972.2257690429688
3550,3551,745A6403,5043,0.09332489967346191,24.401639938354492,32.32652282714844,20027.505859375,E,1977.2386474609375
3550,3566,745A6403,5044,0.11412569880485535,43.803489685058594,24.433509826660156,20538.57421875,E,2003.8851318359375
3551,3553,745A6403,5045,0.18825778365135193,48.35856628417969,32.016754150390625,38933.00390625,E,1944.2313232421875
3551,3601,745A6403,5046,0.18526090681552887,44.06399917602539,17.241901397705078,10288.3115234375,E,1968.440673828125
3552,3558,745A6403,5047,0.12669484317302704,35.398563385009766,33.440093994140625,31089.267578125,E,1217.27978515625
3552,3593,745A6403,5048,0.24005922675132751,33.69599914550781,21.443527221679688,12169.162109375,E,1205.0482177734375
3553,3565,745A6403,5049,0.09807860851287842,21.36492347717285,29.519716262817383,14622.2958984375,E,1914.1444091796875
3555,3587,745A6403,5050,0.2889959514141083,79.2020492553711,33.10411834716797,68169.5390625,E,2509.67138671875
3556,3606,745A6403,5051,0.21842710673809052,54.80040740966797,31.73668670654297,43350.76953125,E,1966.375
3556,3607,745A6403,5052,0.5516918301582336,56.579280853271484,18.880596160888672,15840.857421875,E,1937.9720458984375
3557,3592,745A6403,5053,0.1801902949810028,41.21148681640625,24.396944046020508,19265.4453125,E,930.0396118164062
3557,6114,745A6403,5054,3.097376823425293,914.0613403320312,35.55324935913086,907452.375,F,457.03265380859375
3558,3572,745A6403,5055,0.14160500466823578,40.58256530761719,33.86335372924805,36550.16015625,E,1251.9315185546875
3558,3593,745A6403,5056,0.5380523204803467,60.873844146728516,20.542112350463867,20174.873046875,E,1228.3011474609375
3559,3578,745A6403,5057,0.07946789264678955,20.920207977294922,32.4451904296875,17296.43359375,E,1460.241455078125
3560,3586,745A6403,5058,0.28180643916130066,70.79712677001953,31.726890563964844,55970.671875,E,2558.663330078125
3561,3569,745A6403,5059,5.714982032775879,109.67713165283203,10.703701972961426,9869.0185546875,E,1460.0335693359375
3561,3614,745A6403,5060,0.26748719811439514,48.803279876708984,27.292804718017578,28551.9140625,E,1515.669921875
3562,3645,745A6403,5061,0.33041489124298096,95.75139617919922,34.04879379272461,87184.328125,E,1021.8037719726562
3563,3570,745A6403,5062,0.11903218179941177,22.883283615112305,23.538896560668945,9958.1904296875,E,1808.109375
3563,3598,745A6403,5063,0.14124730229377747,36.47220993041992,32.16843032836914,29642.28515625,E,1794.7994384765625
3564,3565,745A6403,5064,0.21828806400299072,45.766563415527344,28.926193237304688,30076.048828125,E,1884.8526611328125
3564,3594,745A6403,5065,0.059058718383312225,40.76676940917969,25.904693603515625,21485.87890625,E,1853.00927734375
3565,3597,745A6403,5066,0.18205325305461884,44.248207092285156,26.365297317504883,24157.439453125,E,1915.068359375
3566,3605,745A6403,5067,0.22663334012031555,33.69599914550781,19.677261352539062,10247.0185546875,E,2023.705322265625
3567,3663,745A6403,5068,0.7585520148277283,130.0763397216797,28.85896110534668,85084.328125,E,2286.449951171875
3569,3609,745A6403,5069,0.160023495554924,40.137847900390625,31.68129539489746,31640.970703125,E,1421.4312744140625
3570,3599,745A6403,5070,0.13482597470283508,25.920000076293945,20.429859161376953,8496.8046875,E,1820.4290771484375
3571,3612,745A6403,5071,0.19508099555969238,53.282047271728516,33.125732421875,45919.98828125,E,859.5682373046875
3571,6114,745A6403,5072,2.8566949367523193,839.187744140625,35.55324935913086,833120.125,F,419.59588623046875
3572,3581,745A6403,5073,0.28677478432655334,79.46257019042969,33.289852142333984,69163.3828125,E,1308.915283203125
3572,3688,745A6403,5074,3.1815683841705322,122.19241333007812,15.852874755859375,24118.494140625,E,1289.188720703125
3573,3582,745A6403,5075,0.13576442003250122,35.398563385009766,23.01602554321289,14727.7421875,E,1709.2703857421875
3573,3613,745A6403,5076,0.23201331496238708,36.288002014160156,19.75634765625,11124.1357421875,E,1726.5682373046875
3574,3678,745A6403,5077,0.407667875289917,110.30606079101562,32.89741516113281,93758.9609375,E,2266.574951171875
3575,3591,745A6403,5078,0.12259936332702637,37.54584503173828,20.266582489013672,12111.9150390625,E,1056.9505615234375
3575,3610,745A6403,5079,0.14519119262695312,32.80656814575195,24.214353561401367,15107.6328125,E,1078.7613525390625
3576,3602,745A6403,5080,0.08921042084693909,25.03056526184082,33.500972747802734,22063.548828125,E,1880.483154296875
3577,3578,745A6403,5081,0.4115826487541199,109.67713928222656,32.65255355834961,91841.78125,E,1406.126708984375
3577,3581,745A6403,5082,0.04765954613685608,12.51528263092041,32.41428756713867,10327.697265625,E,1351.3714599609375
3578,3658,745A6403,5083,0.6442000269889832,178.25067138671875,31.795654296875,141532.625,E,1533.21337890625
3579,3589,745A6403,5084,0.086480051279068,16.180925369262695,27.525543212890625,9628.642578125,E,1363.932373046875
3579,3629,745A6403,5085,0.14060473442077637,37.36164093017578,15.286677360534668,6857.12451171875,E,1357.979736328125
3580,3583,745A6403,5086,0.03317127004265785,6.257641315460205,27.5051326751709,3718.159912109375,E,1224.752685546875
3580,3637,745A6403,5087,0.5246748328208923,132.29989624023438,29.618698120117188,91155.171875,E,1285.872802734375
3581,3696,745A6403,5088,0.47251254320144653,139.3707275390625,32.37744140625,114748.359375,E,1383.8297119140625
3582,3616,745A6403,5089,0.12380111217498779,35.39856719970703,26.103683471679688,18944.326171875,E,1706.4791259765625
3583,3590,745A6403,5090,0.5865511298179626,87.60697937011719,20.007381439208984,27542.86328125,E,1186.1326904296875
3583,3638,745A6403,5091,0.20403136312961578,54.35569381713867,27.209197998046875,31605.771484375,E,1214.04736328125
3584,3590,745A6403,5092,0.13779900968074799,28.067279815673828,28.641876220703125,18083.943359375,E,1139.469970703125
3584,3610,745A6403,5093,0.24363000690937042,56.76348876953125,30.6784610748291,41959.09375,E,1104.6370849609375
3585,3643,745A6403,5094,0.20287424325942993,55.2451286315918,33.023563385009766,47318.5859375,E,2362.998046875
3587,3626,745A6403,5095,0.2480233758687973,67.3156967163086,32.95290756225586,57410.81640625,E,2573.264404296875
3588,3648,745A6403,5096,1.778269648551941,56.13456726074219,13.372271537780762,7883.7099609375,E,1724.0638427734375
3589,3604,745A6403,5097,0.18160265684127808,19.846567153930664,21.52322006225586,7220.87353515625,E,1379.485595703125
3589,3620,745A6403,5098,0.46198421716690063,23.328001022338867,14.17873477935791,3683.344482421875,E,1373.2958984375
3590,3638,745A6403,5099,0.27481189370155334,58.021331787109375,29.71615219116211,40240.4375,E,1178.185791015625
3591,3621,745A6403,5100,0.13718578219413757,31.2882080078125,22.773544311523438,12744.7646484375,E,1056.23046875
3591,3630,745A6403,5101,0.215598925948143,37.99056625366211,20.60588836669922,12669.1748046875,E,1038.197265625
3592,3595,745A6403,5102,0.04426933079957962,11.441641807556152,32.516334533691406,9501.263671875,E,939.457275390625
3592,3642,745A6403,5103,0.3519446551799774,80.90460968017578,30.436767578125,58865.41796875,E,980.49365234375
3593,3622,745A6403,5104,0.241165891289711,79.64676666259766,31.503440856933594,62083.19140625,E,1176.7445068359375
3594,3600,745A6403,5105,0.0316682830452919,14.662566184997559,30.450897216796875,10678.2490234375,E,1834.44970703125
3594,3603,745A6403,5106,0.022214068099856377,8.849641799926758,30.55974769592285,6491.05224609375,E,1839.3360595703125
3595,6114,745A6403,5107,3.1791582107543945,934.6055908203125,35.55324935913086,927848.0625,F,467.3046875
3596,3625,745A6403,5108,0.21169255673885345,56.31876754760742,32.67445373535156,47223.6640625,E,1636.258544921875
3596,3658,745A6403,5109,0.1573144495487213,57.65291976928711,26.255826950073242,31214.9453125,E,1615.5322265625
3597,3601,745A6403,5110,0.17730110883712769,42.100921630859375,30.890974044799805,31553.291015625,E,1951.9549560546875
3597,3659,745A6403,5111,0.640619695186615,55.50564193725586,21.28093147277832,19742.77734375,E,1933.760498046875
3598,3599,745A6403,5112,0.08811452984809875,32.80656433105469,31.188188552856445,25062.876953125,E,1808.4173583984375
3598,3617,745A6403,5113,0.24270954728126526,66.0578384399414,33.0003776550293,56500.46875,E,1765.663330078125
3599,3600,745A6403,5114,0.041739657521247864,9.923283576965332,30.823368072509766,7404.666015625,E,1826.22314453125
3600,3603,745A6403,5115,0.03665102273225784,8.849641799926758,31.068283081054688,6708.880859375,E,1834.012451171875
3601,3605,745A6403,5116,0.22106575965881348,60.87384796142578,33.18669128417969,52656.08203125,E,1998.5260009765625
3602,3619,745A6403,5117,0.104383684694767,42.7298469543457,31.68453598022461,33691.15625,E,1902.8907470703125
3602,3627,745A6403,5118,0.08697380870580673,23.956924438476562,33.163082122802734,20693.345703125,E,1881.6297607421875
3603,3659,745A6403,5119,0.47357678413391113,115.22956085205078,31.280160903930664,88550.6484375,E,1886.497802734375
3604,3609,745A6403,5120,0.3738609850406647,45.137638092041016,20.110727310180664,14337.857421875,E,1410.4000244140625
3604,3620,745A6403,5121,0.08426229655742645,29.14092445373535,11.092535972595215,2816.144287109375,E,1384.52734375
3605,3623,745A6403,5122,0.11334387212991714,31.2882080078125,33.22843551635742,27132.533203125,E,2039.5291748046875
3606,3607,745A6403,5123,0.2031208723783493,45.766563415527344,25.797544479370117,23921.859375,E,1959.68017578125
3606,3724,745A6403,5124,0.516424298286438,133.81825256347656,32.21453857421875,109070.9453125,E,2012.9495849609375
3607,3618,745A6403,5125,0.04240071401000023,19.846567153930664,30.4202823638916,14424.5322265625,E,1931.6981201171875
3608,3624,745A6403,5126,0.08453868329524994,15.107283592224121,27.0765323638916,8698.8603515625,E,1565.85205078125
3608,3635,745A6403,5127,0.12002931535243988,34.32492446899414,25.473543167114258,17493.560546875,E,1580.140869140625
3609,3611,745A6403,5128,0.027812311425805092,7.331283092498779,32.471431732177734,6071.1748046875,E,1435.100830078125
3610,3621,745A6403,5129,0.09956172853708267,25.03056526184082,31.70267677307129,19758.427734375,E,1074.0093994140625
3611,3615,745A6403,5130,0.23724733293056488,54.6161994934082,26.709165573120117,30600.74609375,E,1461.92333984375
3611,3628,745A6403,5131,0.03950008749961853,10.368000030517578,32.40203857421875,8549.2802734375,E,1439.115478515625
3612,3656,745A6403,5132,0.6503603458404541,169.66156005859375,32.54511260986328,141138.296875,E,959.8213500976562
3612,3746,745A6403,5133,0.5896425247192383,155.1831817626953,30.820003509521484,115771.03125,E,929.5853271484375
3613,3616,745A6403,5134,0.07087969034910202,19.217641830444336,32.894927978515625,16332.3193359375,E,1720.665283203125
3613,3617,745A6403,5135,0.031805913895368576,8.849641799926758,33.3592414855957,7734.779296875,E,1733.2098388671875
3614,3615,745A6403,5136,0.1509011834859848,33.25128173828125,29.73185920715332,23085.666015625,E,1502.2630615234375
3614,3631,745A6403,5137,0.24131645262241364,49.43220901489258,25.401018142700195,25049.677734375,E,1540.90673828125
3615,3667,745A6403,5138,1.117356777191162,68.20512390136719,13.992716789245605,10488.4423828125,E,1501.5115966796875
3616,3625,745A6403,5139,0.2410745769739151,56.134559631347656,30.613204956054688,41317.859375,E,1686.455810546875
3617,3660,745A6403,5140,0.6126821637153625,54.17148971557617,17.47833824157715,12997.5341796875,E,1746.8505859375
3618,3619,745A6403,5141,0.010188600048422813,2.5920000076293945,31.899967193603516,2071.597412109375,E,1923.54736328125
3618,3698,745A6403,5142,0.4195285141468048,101.1958999633789,31.072458267211914,76736.859375,E,1954.7923583984375
3619,3627,745A6403,5143,0.15678223967552185,42.54563903808594,18.82567596435547,11842.5732421875,E,1904.8475341796875
3620,3629,745A6403,5144,0.10585880279541016,17.699283599853516,26.156164169311523,9510.2880859375,E,1368.54052734375
3621,3630,745A6403,5145,0.15264877676963806,31.732927322387695,28.86066246032715,20759.296875,E,1052.854248046875
3622,3632,745A6403,5146,0.03636019676923752,11.441641807556152,35.47162628173828,11306.8193359375,E,1147.6737060546875
3623,3650,745A6403,5147,0.3975909650325775,101.01170349121094,31.925621032714844,80861.21875,E,2098.11962890625
3623,3668,745A6403,5148,0.3683634102344513,44.06399917602539,13.637594223022461,6436.4931640625,E,2056.293701171875
3624,3631,745A6403,5149,0.038987476378679276,8.849641799926758,25.49140167236328,4516.5107421875,E,1563.212646484375
3624,3636,745A6403,5150,0.03997936472296715,12.51528263092041,25.20566749572754,6244.9208984375,E,1566.889404296875
3625,3670,745A6403,5151,0.30274975299835205,70.35240936279297,27.479711532592773,41724.6953125,E,1680.3125
3626,3633,745A6403,5152,0.11314310133457184,31.73292350769043,33.491905212402344,27956.30078125,E,2616.46484375
3626,3728,745A6403,5153,1.0303586721420288,168.327392578125,29.98426055908203,118858.8125,E,2572.69384765625
3627,3634,745A6403,5154,0.03964242711663246,9.923283576965332,31.624439239501953,7794.54833984375,E,1882.5767822265625
3628,3672,745A6403,5155,0.25390520691871643,65.35261535644531,32.3469352722168,53705.546875,E,1423.0213623046875
3628,3681,745A6403,5156,0.20906388759613037,66.24205017089844,30.99234962463379,49972.6796875,E,1459.765380859375
3629,3637,745A6403,5157,0.08528845012187958,18.772924423217773,29.649097442626953,12961.1865234375,E,1354.7803955078125
3630,3642,745A6403,5158,0.10229595750570297,32.80656814575195,27.14748191833496,18989.3359375,E,1027.6214599609375
3631,3636,745A6403,5159,0.018337253481149673,3.6656415462493896,28.277294158935547,2302.05419921875,E,1564.7882080078125
3632,3645,745A6403,5160,0.29613885283470154,100.19856262207031,33.89754104614258,90424.8515625,E,1105.2572021484375
3632,3657,745A6403,5161,0.08367924392223358,25.03056526184082,34.60988998413086,23548.376953125,E,1158.090087890625
3633,3723,745A6403,5162,0.7250181436538696,189.43177795410156,32.36768341064453,155871.21875,E,2709.760498046875
3634,3647,745A6403,5163,0.3429304361343384,52.024200439453125,23.475574493408203,22517.892578125,E,1857.9007568359375
3634,3671,745A6403,5164,0.16444182395935059,43.174560546875,32.3948974609375,35585.328125,E,1886.26904296875
3635,3644,745A6403,5165,0.05152994021773338,16.180925369262695,27.802770614624023,9823.5712890625,E,1581.1104736328125
3635,3680,745A6403,5166,0.308139443397522,76.16533660888672,24.66550064086914,36393.7734375,E,1617.0247802734375
3636,3644,745A6403,5167,0.05053935945034027,10.99692440032959,29.47124671936035,7501.6728515625,E,1570.8402099609375
3637,3673,745A6403,5168,0.18318748474121094,42.100929260253906,30.39604949951172,30550.32421875,E,1347.725341796875
3638,3691,745A6403,5169,0.19744615256786346,69.7234878540039,32.37392044067383,57393.08203125,E,1198.1522216796875
3639,3692,745A6403,5170,0.4676576554775238,82.86768341064453,26.889448165893555,47058.58203125,E,866.1973266601562
3639,6114,745A6403,5171,2.862423896789551,836.4171752929688,35.55324935913086,830369.5625,F,418.21063232421875
3640,3648,745A6403,5172,0.06490281224250793,17.254566192626953,32.60749816894531,14408.8349609375,E,1717.0504150390625
3640,3666,745A6403,5173,1.3960723876953125,51.134769439697266,16.175947189331055,10508.6181640625,E,1696.052978515625
3641,3666,745A6403,5174,0.15875275433063507,38.17477035522461,31.131210327148438,29057.505859375,E,1664.2620849609375
3641,3680,745A6403,5175,0.20138992369174957,46.8402099609375,26.13508415222168,25127.91796875,E,1644.74365234375
3642,3662,745A6403,5176,0.11819211393594742,27.17784881591797,30.326171875,19630.896484375,E,1011.9197998046875
3643,3651,745A6403,5177,0.03281758725643158,8.849641799926758,32.838802337646484,7495.3203125,E,2376.6767578125
3644,3653,745A6403,5178,0.03927670419216156,8.849641799926758,29.996788024902344,6254.10400390625,E,1575.4844970703125
3645,3646,745A6403,5179,0.00911484844982624,2.5920000076293945,33.72661590576172,2315.63671875,E,1061.010009765625
3646,3656,745A6403,5180,0.1008782684803009,31.732921600341797,29.49675750732422,21684.455078125,E,1048.202392578125
3646,3718,745A6403,5181,0.32457563281059265,90.19898223876953,33.34223937988281,78755.53125,E,1086.31396484375
3647,3654,745A6403,5182,0.14233221113681793,35.84328079223633,31.697336196899414,28284.15234375,E,1820.3720703125
3647,3671,745A6403,5183,0.4082206189632416,60.42912673950195,17.88888168334961,15188.0693359375,E,1861.7108154296875
3648,3664,745A6403,5184,0.11113109439611435,29.769847869873047,32.718387603759766,25029.392578125,E,1737.2637939453125
3649,3655,745A6403,5185,0.04170527309179306,6.257641315460205,26.858835220336914,3545.47900390625,E,957.3671875
3649,6114,745A6403,5186,3.264920711517334,955.7277221679688,35.55324935913086,948817.5,F,477.8656005859375
3650,3661,745A6403,5187,0.2200998067855835,55.689849853515625,31.83159828186035,44318.2734375,E,2168.85302734375
3650,3668,745A6403,5188,0.6955897212028503,130.41311645507812,29.427995681762695,88701.8203125,E,2115.694091796875
3651,3663,745A6403,5189,0.18982107937335968,54.616207122802734,29.25626564025879,36715.48046875,E,2351.57080078125
3651,3749,745A6403,5190,0.4749878942966461,124.07919311523438,32.34300231933594,101941.1484375,E,2410.781494140625
3652,3710,745A6403,5191,0.42548730969429016,84.12552642822266,29.094453811645508,55929.1328125,E,2211.28515625
3653,3667,745A6403,5192,0.46809855103492737,57.20820617675781,21.94015884399414,21628.56640625,E,1551.7921142578125
3653,3785,745A6403,5193,0.5857341885566711,143.5573272705078,31.408143997192383,111224.328125,E,1604.7728271484375
3654,3664,745A6403,5194,0.1959483027458191,61.318565368652344,29.510860443115234,41941.66015625,E,1776.764404296875
3655,3662,745A6403,5195,0.19328227639198303,52.024200439453125,27.390939712524414,30655.552734375,E,983.2518920898438
3655,3687,745A6403,5196,0.08126714080572128,39.5089225769043,23.021860122680664,16446.212890625,E,961.75830078125
3656,3683,745A6403,5197,0.059578269720077515,36.472206115722656,20.5931339263916,12147.7763671875,E,1036.8846435546875
3657,3688,745A6403,5198,0.5374764800071716,154.5542755126953,33.935245513916016,139788.953125,E,1236.68408203125
3657,3763,745A6403,5199,0.5351455211639404,163.32760620117188,33.331668853759766,142515.984375,E,1215.0758056640625
3658,3669,745A6403,5200,0.043769195675849915,17.254566192626953,30.11924171447754,12293.6826171875,E,1618.9620361328125
3659,3685,745A6403,5201,0.18362340331077576,50.69004821777344,33.24060821533203,43989.6484375,E,1959.02734375
3661,3674,745A6403,5202,0.42725592851638794,114.86114501953125,32.80818557739258,97101.84375,E,2247.433349609375
3661,3697,745A6403,5203,0.16561390459537506,48.35856628417969,28.355527877807617,30537.87109375,E,2200.9375
3662,3682,745A6403,5204,0.25653964281082153,56.76348876953125,29.95086669921875,39992.4296875,E,1032.08056640625
3663,3674,745A6403,5205,0.14723986387252808,33.88020324707031,30.522329330444336,24789.69921875,E,2315.04833984375
3664,3787,745A6403,5206,0.6134920716285706,164.14073181152344,32.75382995605469,138302.625,E,1809.463134765625
3665,3687,745A6403,5207,0.15101498365402222,36.027488708496094,31.18903923034668,27525.03515625,E,948.8394165039062
3665,6114,745A6403,5208,3.203282356262207,936.2969970703125,35.55324935913086,929527.25,F,468.14776611328125
3666,3779,745A6403,5209,0.5829644799232483,153.77272033691406,32.48594665527344,127455.9765625,E,1735.1573486328125
3667,3690,745A6403,5210,0.24616709351539612,49.61640930175781,23.35211944580078,21250.435546875,E,1512.4718017578125
3668,3689,745A6403,5211,0.2344997525215149,79.2020492553711,32.60409164428711,66125.7265625,E,2027.4757080078125
3669,3677,745A6403,5212,0.07250893861055374,19.846567153930664,33.03123474121094,17006.890625,E,1634.8118896484375
3669,3741,745A6403,5213,0.6906379461288452,181.02687072753906,31.009408950805664,136716.1875,E,1562.556396484375
3670,3677,745A6403,5214,0.5848425030708313,77.94419860839844,21.5875301361084,28528.54296875,E,1675.04296875
3670,3731,745A6403,5215,0.368028849363327,92.08574676513672,31.64900779724121,72444.0078125,E,1746.1566162109375
3671,3719,745A6403,5216,0.18648487329483032,51.39527893066406,33.2122917175293,44525.703125,E,1894.471435546875
3672,3673,745A6403,5217,0.20815704762935638,66.5025634765625,31.084665298461914,50468.52734375,E,1379.3756103515625
3672,3675,745A6403,5218,0.01216574665158987,3.6656415462493896,34.71647262573242,3469.85302734375,E,1411.087890625
3673,3704,745A6403,5219,0.20651991665363312,74.4627685546875,27.85015296936035,45361.16796875,E,1323.0806884765625
3674,3703,745A6403,5220,0.15394409000873566,41.65620803833008,26.899654388427734,23673.529296875,E,2311.51220703125
3675,3681,745A6403,5221,0.45384666323661804,69.5392837524414,21.881649017333984,26150.509765625,E,1446.568359375
3675,3699,745A6403,5222,0.12429983168840408,31.73292350769043,32.20951461791992,25856.41796875,E,1413.134033203125
3676,3694,745A6403,5223,0.19185994565486908,34.95384979248047,27.423498153686523,20645.748046875,E,850.51513671875
3676,6114,745A6403,5224,2.867570400238037,837.2521362304688,35.55324935913086,831198.5,F,418.62811279296875
3677,3684,745A6403,5225,0.008978503756225109,2.5920000076293945,33.98173141479492,2350.80126953125,E,1643.7318115234375
3678,3791,745A6403,5226,0.4118960201740265,129.4474334716797,32.64986038208008,108379.21875,E,2321.814208984375
3678,3792,745A6403,5227,0.8053717613220215,212.0545654296875,30.2761173248291,152664.4375,E,2223.536865234375
3679,3710,745A6403,5228,3.4365055561065674,35.84328079223633,8.526046752929688,2046.411865234375,E,2182.422119140625
3680,3693,745A6403,5229,0.10544952750205994,21.809640884399414,28.813608169555664,14221.1162109375,E,1648.4000244140625
3681,3686,745A6403,5230,0.028264109045267105,7.331283092498779,32.2197151184082,5977.41259765625,E,1482.545654296875
3682,3691,745A6403,5231,0.5585401058197021,153.74111938476562,33.18110656738281,132941.828125,E,1128.402587890625
3682,3700,745A6403,5232,0.6677449345588684,24.401639938354492,20.50857925415039,8060.83544921875,E,1060.8897705078125
3683,3708,745A6403,5233,0.18652689456939697,53.282047271728516,27.855497360229492,32470.76953125,E,1015.590576171875
3683,3717,745A6403,5234,0.26577916741371155,43.17456817626953,21.16459846496582,15189.306640625,E,1044.80078125
3684,3715,745A6403,5235,0.20251929759979248,51.76368713378906,32.07089614868164,41815.5,E,1665.6240234375
3684,3755,745A6403,5236,0.30603939294815063,81.16513061523438,29.29435920715332,54705.046875,E,1646.14013671875
3685,3689,745A6403,5237,0.062116630375385284,17.699283599853516,33.74264907836914,15827.1943359375,E,1988.753662109375
3685,3795,745A6403,5238,2.588953971862793,115.49005889892578,14.5533447265625,19211.447265625,E,1980.6759033203125
3686,3690,745A6403,5239,0.047048792243003845,12.51528263092041,32.59797286987305,10445.0791015625,E,1491.2999267578125
3686,3712,745A6403,5240,0.16543835401535034,40.76676940917969,26.312313079833984,22167.373046875,E,1476.84423828125
3687,3705,745A6403,5241,0.10733209550380707,28.251487731933594,32.41020202636719,23307.4453125,E,976.2437133789062
3688,3695,745A6403,5242,0.31396862864494324,83.12820434570312,32.733463287353516,69955.5546875,E,1346.8162841796875
3689,3702,745A6403,5243,0.11023461073637009,29.769847869873047,32.902076721191406,25311.22265625,E,2007.577880859375
3690,3711,745A6403,5244,0.13130462169647217,32.99077224731445,31.73056983947754,26087.837890625,E,1511.011474609375
3691,3704,745A6403,5245,0.41278475522994995,114.2322006225586,33.26502227783203,99278.2421875,E,1254.2174072265625
3691,3831,745A6403,5246,6.72822904586792,119.41619873046875,13.646268844604492,17465.498046875,E,1215.899658203125
3692,3694,745A6403,5247,0.3546212613582611,34.7696418762207,9.980219841003418,2720.0087890625,E,878.7173461914062
3692,3752,745A6403,5248,0.47134342789649963,68.38933563232422,24.088714599609375,31167.755859375,E,921.0877075195312
3693,3757,745A6403,5249,0.8058604001998901,79.2020492553711,18.47797393798828,21239.046875,E,1681.2818603515625
3693,3759,745A6403,5250,0.378485769033432,67.76040649414062,26.88368034362793,38463.01171875,E,1660.375244140625
3694,3773,745A6403,5251,0.7922500371932983,85.64389038085938,19.87259292602539,26564.115234375,E,897.5687255859375
3695,3696,745A6403,5252,0.19644398987293243,56.134559631347656,23.08989143371582,23505.201171875,E,1411.9520263671875
3695,3725,745A6403,5253,0.13492335379123688,28.067279815673828,29.296836853027344,18920.458984375,E,1387.2159423828125
3696,3714,745A6403,5254,0.059813424944877625,17.254566192626953,33.95792007446289,15627.017578125,E,1443.5430908203125
3697,3732,745A6403,5255,0.15566402673721313,37.54584503173828,31.13382911682129,28583.59375,E,2205.4833984375
3697,3839,745A6403,5256,8.82766056060791,254.60020446777344,24.64118766784668,121414.875,E,2265.501953125
3698,3719,745A6403,5257,2.2668683528900146,94.56983947753906,13.481773376464844,13500.0869140625,E,1942.1312255859375
3698,3799,745A6403,5258,0.5065180659294128,95.19877624511719,25.761098861694336,49619.23046875,E,1989.990966796875
3699,3712,745A6403,5259,0.955500066280365,57.20820617675781,10.986406326293945,5423.24853515625,E,1441.74072265625
3699,3743,745A6403,5260,0.2235303819179535,48.803279876708984,24.438613891601562,22892.4375,E,1418.591552734375
3700,3701,745A6403,5261,0.37348294258117676,3.6656415462493896,6.265700340270996,113.02619171142578,E,1064.1875
3700,3707,745A6403,5262,0.5622895956039429,9.923283576965332,8.52094554901123,565.87548828125,E,1062.6302490234375
3701,3707,745A6403,5263,0.21156516671180725,6.257641315460205,7.000441074371338,240.8526153564453,E,1065.913818359375
3702,3767,745A6403,5264,0.2735883295536041,84.57025146484375,31.001949310302734,63838.9140625,E,2054.662109375
3702,3769,745A6403,5265,0.17934125661849976,59.17127990722656,23.919872283935547,26590.01171875,E,2023.3660888671875
3703,3709,745A6403,5266,0.04302947223186493,6.257641315460205,24.096755981445312,2853.761474609375,E,2320.739501953125
3703,3722,745A6403,5267,0.4504266381263733,28.69620704650879,14.50820255279541,4743.96630859375,E,2332.81787109375
3704,3743,745A6403,5268,0.49469026923179626,128.1895751953125,32.19804763793945,104376.2421875,E,1366.4388427734375
3705,3734,745A6403,5269,0.2024689018726349,52.20840835571289,32.1808967590332,42464.55859375,E,1012.1728515625
3705,3740,745A6403,5270,0.14989185333251953,38.880001068115234,25.475072860717773,19817.4140625,E,996.4862060546875
3706,3739,745A6403,5271,4.24655294418335,34.7696418762207,11.783905029296875,3792.001953125,E,2468.69287109375
3707,3751,745A6403,5272,1.539571762084961,45.76656723022461,9.560898780822754,3285.758544921875,E,1077.78662109375
3708,3716,745A6403,5273,0.04013920575380325,10.99692440032959,33.099021911621094,9462.185546875,E,1002.3656616210938
3708,3717,745A6403,5274,0.227828249335289,52.46892166137695,30.75295639038086,38973.171875,E,1029.2027587890625
3710,3792,745A6403,5275,0.3704093396663666,90.38318634033203,31.317569732666016,69623.140625,E,2168.993896484375
3711,3729,745A6403,5276,0.17263095080852509,34.9538459777832,23.557607650756836,15235.1669921875,E,1513.3663330078125
3711,3735,745A6403,5277,0.1145072728395462,28.69620704650879,31.665258407592773,22598.54296875,E,1535.263427734375
3712,3730,745A6403,5278,0.06133733689785004,19.217641830444336,27.377233505249023,11312.7734375,E,1467.7635498046875
3713,3720,745A6403,5279,0.07976369559764862,11.441641807556152,25.52405548095703,5854.33544921875,E,886.4542846679688
3713,6114,745A6403,5280,3.025163173675537,883.807373046875,35.55324935913086,877417.125,F,441.90570068359375
3714,3725,745A6403,5281,0.4495008587837219,76.42584991455078,23.013450622558594,31790.2265625,E,1421.7825927734375
3714,3741,745A6403,5282,0.20347511768341064,58.021331787109375,33.82866287231445,52149.15234375,E,1475.4134521484375
3715,3748,745A6403,5283,0.3228181004524231,41.65620803833008,14.446490287780762,6828.0126953125,E,1680.5723876953125
3715,3766,745A6403,5284,0.2356751263141632,64.27897644042969,33.073509216308594,55222.92578125,E,1711.51806640625
3716,3753,745A6403,5285,0.1509086638689041,51.76368713378906,30.85723114013672,38710.51953125,E,990.5045166015625
3716,3807,745A6403,5286,0.4290003776550293,101.38011932373047,28.223915100097656,63427.44140625,E,1041.68017578125
3717,3747,745A6403,5287,0.28206682205200195,74.01805114746094,30.0738582611084,52578.21484375,E,1087.225341796875
3718,3747,745A6403,5288,0.09456746280193329,35.39856719970703,28.784976959228516,23036.013671875,E,1118.5567626953125
3718,3772,745A6403,5289,0.32162830233573914,86.71753692626953,32.90305709838867,73734.2578125,E,1158.5107421875
3719,3777,745A6403,5290,0.1892564594745636,53.987281799316406,33.77375030517578,48365.9765625,E,1905.0740966796875
3720,3726,745A6403,5291,0.18187527358531952,41.027278900146484,30.180469512939453,29350.435546875,E,908.5028686523438
3720,3762,745A6403,5292,0.2188405692577362,47.0244140625,25.777132034301758,24540.447265625,E,884.7132568359375
3721,3775,745A6403,5293,0.5202467441558838,85.64389038085938,26.38412857055664,46824.35546875,E,881.1002197265625
3721,6114,745A6403,5294,2.874706268310547,841.566162109375,35.55324935913086,835481.375,F,420.78515625
3724,3796,745A6403,5295,0.29756292700767517,75.53640747070312,28.871597290039062,49452.453125,E,2026.539794921875
3724,3847,745A6403,5296,0.460811972618103,123.81871032714844,32.818931579589844,104743.0,E,2081.59375
3725,3727,745A6403,5297,0.0385543517768383,10.99692440032959,33.7623291015625,9845.2314453125,E,1384.8145751953125
3726,3745,745A6403,5298,0.3016081154346466,68.20512390136719,30.691558837890625,50459.71484375,E,958.6311645507812
3726,3780,745A6403,5299,0.7964427471160889,50.9505615234375,16.196353912353516,10497.197265625,E,937.9678955078125
3727,3763,745A6403,5300,0.5121050477027893,125.41336059570312,32.0196418762207,100987.265625,E,1330.572021484375
3727,3818,745A6403,5301,0.2890309989452362,94.04883575439453,29.377792358398438,63750.20703125,E,1368.52099609375
3728,3739,745A6403,5302,0.19110675156116486,54.616207122802734,33.82253646850586,49070.87109375,E,2494.845458984375
3728,3750,745A6403,5303,0.17360571026802063,42.28512954711914,31.343080520629883,32625.78125,E,2536.483154296875
3729,3733,745A6403,5304,0.1581157147884369,24.401639938354492,25.02402687072754,12001.162109375,E,1493.32470703125
3729,3738,745A6403,5305,0.024990294128656387,19.84656524658203,20.368629455566406,6466.9404296875,E,1513.4720458984375
3730,3733,745A6403,5306,0.06413306295871735,14.033641815185547,29.552885055541992,9626.314453125,E,1476.3037109375
3730,3761,745A6403,5307,0.14242568612098694,48.54277038574219,29.766252517700195,33780.2421875,E,1454.2801513671875
3731,3766,745A6403,5308,0.27982160449028015,73.38912963867188,25.66998291015625,37981.55859375,E,1758.217041015625
3731,3776,745A6403,5309,0.38309812545776367,104.23262023925781,32.992164611816406,89107.6796875,E,1831.5399169921875
3732,3819,745A6403,5310,1.8494871854782104,107.97456359863281,13.73555850982666,15999.4111328125,E,2172.550048828125
3732,3839,745A6403,5311,1.9538536071777344,85.09127807617188,15.160297393798828,15359.96875,E,2211.385009765625
3733,3764,745A6403,5312,0.2612243592739105,34.32492446899414,19.31414031982422,10056.578125,E,1493.966796875
3734,3736,745A6403,5313,0.02787361480295658,7.331283092498779,32.43061447143555,6055.92138671875,E,1040.6329345703125
3734,3744,745A6403,5314,0.3543443977832794,45.32184600830078,20.745277404785156,15319.1962890625,E,1021.2192993164062
3735,3738,745A6403,5315,0.07992993295192719,25.47528076171875,29.028066635131836,16859.515625,E,1532.8287353515625
3735,3794,745A6403,5316,0.23674632608890533,63.2053337097168,32.674503326416016,52998.2578125,E,1566.49462890625
3736,3751,745A6403,5317,0.2057150900363922,44.248207092285156,29.645999908447266,30543.427734375,E,1064.0943603515625
3736,3866,745A6403,5318,0.5523200631141663,121.67141723632812,28.77670669555664,79133.546875,E,1082.556396484375
3737,3765,745A6403,5319,0.0712062194943428,25.03056526184082,27.92828941345215,15333.7802734375,E,869.3133544921875
3737,6114,745A6403,5320,2.936103343963623,860.173095703125,35.55324935913086,853953.75,F,430.08837890625
3738,3760,745A6403,5321,0.12699854373931885,16.625642776489258,23.039350509643555,6931.20556640625,E,1523.92626953125
3739,3778,745A6403,5322,0.3304940462112427,90.64370727539062,33.185760498046875,78402.7109375,E,2435.3583984375
3740,3744,745A6403,5323,0.018276402726769447,3.6656415462493896,23.817827224731445,1633.2178955078125,E,1005.7513427734375
3740,3745,745A6403,5324,0.08381201326847076,16.625642776489258,23.393310546875,7145.8134765625,E,997.0759887695312
3741,3754,745A6403,5325,0.017194855958223343,5.184000015258789,34.7232780456543,4909.037109375,E,1501.79638671875
3742,3782,745A6403,5326,0.6806045174598694,29.58563995361328,18.129423141479492,7637.28173828125,E,1917.3372802734375
3743,3761,745A6403,5327,0.07306654006242752,18.772924423217773,32.060325622558594,15155.060546875,E,1433.1884765625
3744,3800,745A6403,5328,0.25312110781669617,43.174560546875,26.54248809814453,23889.169921875,E,1021.2037963867188
3745,3801,745A6403,5329,0.1263575404882431,41.027278900146484,21.219024658203125,14508.1962890625,E,997.7040405273438
3746,3752,745A6403,5330,0.1853732019662857,34.7696418762207,22.572853088378906,13914.3525390625,E,962.4041137695312
3746,3753,745A6403,5331,0.014289753511548042,3.6656415462493896,32.032630920410156,2954.099365234375,E,978.4054565429688
3747,3808,745A6403,5332,0.17937414348125458,45.76656723022461,31.965999603271484,36729.484375,E,1132.19140625
3748,3755,745A6403,5333,0.21893788874149323,24.401639938354492,16.94324493408203,5501.765625,E,1671.5257568359375
3748,3814,745A6403,5334,0.41836804151535034,52.024200439453125,19.437646865844727,15437.7021484375,E,1688.753173828125
3749,3756,745A6403,5335,1.320976972579956,34.7696418762207,16.075843811035156,7057.28466796875,E,2422.544189453125
3749,3798,745A6403,5336,0.6605203151702881,56.76348876953125,22.883073806762695,23344.66796875,E,2438.825439453125
3750,3771,745A6403,5337,0.12811630964279175,28.69620704650879,30.005971908569336,20292.228515625,E,2566.9814453125
3750,3784,745A6403,5338,0.5363236665725708,26.993640899658203,17.49090003967285,6485.98095703125,E,2556.513427734375
3751,3826,745A6403,5339,0.555687427520752,146.96246337890625,32.56431198120117,122399.640625,E,1152.4771728515625
3752,3781,745A6403,5340,0.07922430336475372,24.401639938354492,16.123464584350586,4982.2509765625,E,950.2290649414062
3753,3768,745A6403,5341,0.04419246315956116,11.441641807556152,32.17753601074219,9304.3017578125,E,981.3522338867188
3754,3758,745A6403,5342,0.012180063873529434,3.6656415462493896,34.69606399536133,3465.774658203125,E,1501.60009765625
3754,3885,745A6403,5343,0.5398399829864502,167.1774444580078,33.40361404418945,146505.6875,E,1578.7578125
3755,3859,745A6403,5344,0.36859819293022156,76.42584228515625,26.080488204956055,40828.32421875,E,1661.748779296875
3757,3759,745A6403,5345,0.20404452085494995,26.993640899658203,16.12006378173828,5509.1533203125,E,1691.1337890625
3757,3809,745A6403,5346,0.5699556469917297,65.61312866210938,18.08005142211914,16845.345703125,E,1713.2608642578125
3758,3810,745A6403,5347,0.4755103886127472,132.74461364746094,33.614803314208984,117806.140625,E,1449.603271484375
3758,3816,745A6403,5348,0.127573162317276,44.06399917602539,30.16856575012207,31498.0078125,E,1506.9217529296875
3759,3809,745A6403,5349,0.22262214124202728,41.65620803833008,27.344579696655273,24463.134765625,E,1688.891357421875
3760,3764,745A6403,5350,0.14453130960464478,24.401639938354492,12.381731986999512,2938.134521484375,E,1512.706787109375
3760,3824,745A6403,5351,0.461148202419281,55.68984603881836,22.27793312072754,21707.794921875,E,1537.468994140625
3761,3815,745A6403,5352,0.21712994575500488,55.4293327331543,31.972002029418945,44500.94140625,E,1463.94873046875
3762,3765,745A6403,5353,0.0166616253554821,3.6656415462493896,29.66513442993164,2533.56787109375,E,879.5285034179688
3762,3780,745A6403,5354,1.3632793426513672,77.05476379394531,16.509387969970703,16494.962890625,E,911.87255859375
3763,3788,745A6403,5355,0.15197299420833588,66.686767578125,29.93281364440918,46927.19921875,E,1261.03125
3763,3818,745A6403,5356,0.280469685792923,80.90460968017578,30.625837326049805,59599.015625,E,1317.9078369140625
3764,3815,745A6403,5357,1.329039216041565,71.68656921386719,15.847451210021973,14139.9052734375,E,1505.2587890625
3765,3871,745A6403,5358,0.33155280351638794,87.60697937011719,32.49747085571289,72665.40625,E,879.6015014648438
3766,3774,745A6403,5359,0.029724322259426117,8.849641799926758,34.50727462768555,8276.3125,E,1737.2850341796875
3767,3770,745A6403,5360,0.013504277914762497,3.6656415462493896,32.951053619384766,3125.924560546875,E,2083.1630859375
3767,3829,745A6403,5361,0.3250521421432495,91.90154266357422,33.60450744628906,81509.40625,E,2124.07861328125
3768,3797,745A6403,5362,0.16075488924980164,38.17477035522461,30.92371368408203,28671.4453125,E,973.8991088867188
3768,3844,745A6403,5363,0.270168662071228,66.2420425415039,28.195655822753906,41360.7109375,E,1005.881591796875
3769,3770,745A6403,5364,0.27755147218704224,63.465843200683594,30.363048553466797,45953.72265625,E,2054.049072265625
3769,3783,745A6403,5365,0.1222352683544159,31.2882080078125,31.97047233581543,25117.052734375,E,2015.12060546875
3770,3833,745A6403,5366,3.4180757999420166,49.87691879272461,9.077103614807129,3227.63232421875,E,2087.6650390625
3772,3788,745A6403,5367,0.16229352355003357,42.7298469543457,32.490478515625,35426.92578125,E,1217.670166015625
3772,3813,745A6403,5368,0.2898656129837036,31.104000091552734,21.67228126525879,11474.013671875,E,1203.8861083984375
3773,3775,745A6403,5369,0.045131292194128036,11.441641807556152,21.429922103881836,4126.85693359375,E,924.4021606445312
3773,3781,745A6403,5370,0.32640016078948975,32.80656814575195,21.445226669311523,11849.826171875,E,942.7581176757812
3774,3789,745A6403,5371,0.05974265933036804,17.254566192626953,34.00554275512695,15670.8779296875,E,1746.0943603515625
3774,3814,745A6403,5372,0.20144692063331604,63.65005111694336,31.214977264404297,48709.6171875,E,1717.3157958984375
3775,3806,745A6403,5373,0.6112828850746155,96.71713256835938,23.534204483032227,42071.921875,E,897.587158203125
3776,3782,745A6403,5374,0.1657162755727768,45.766563415527344,33.236183166503906,39706.3984375,E,1898.948974609375
3776,3875,745A6403,5375,0.22510308027267456,74.4627685546875,32.31734085083008,61080.17578125,E,1889.8365478515625
3777,3787,745A6403,5376,0.3078979551792145,44.69292068481445,22.652633666992188,18012.169921875,E,1892.72265625
3777,3823,745A6403,5377,0.1263796091079712,35.843284606933594,33.655181884765625,31886.11328125,E,1919.557861328125
3778,3790,745A6403,5378,0.11915025115013123,34.32492446899414,33.95975112915039,31090.552734375,E,2385.3310546875
3778,3822,745A6403,5379,0.11250370740890503,44.432411193847656,31.78431510925293,35254.57421875,E,2415.482421875
3779,3881,745A6403,5380,0.4105513393878937,106.1194076538086,32.184425354003906,86332.8828125,E,1844.8052978515625
3779,3919,745A6403,5381,3.1462771892547607,114.41641235351562,13.835494041442871,17201.55078125,E,1788.01708984375
3780,3804,745A6403,5382,1.266968011856079,64.98419952392578,13.035260200500488,8672.35546875,E,972.5642700195312
3781,3797,745A6403,5383,0.06034684181213379,13.588924407958984,29.95290756225586,9575.3125,E,961.2129516601562
3782,3802,745A6403,5384,0.10404357314109802,28.69620704650879,33.22862243652344,24885.08203125,E,1933.191650390625
3783,3795,745A6403,5385,0.11177989095449448,23.956924438476562,29.480316162109375,16352.5400390625,E,1994.20556640625
3783,3845,745A6403,5386,0.13377533853054047,41.47200012207031,15.54179573059082,7867.68994140625,E,2008.2958984375
3785,3793,745A6403,5387,0.4331315755844116,48.803279876708984,16.846542358398438,10878.2861328125,E,1615.019287109375
3785,3863,745A6403,5388,0.3886599540710449,56.134559631347656,22.239009857177734,21804.75,E,1649.98388671875
3786,3806,745A6403,5389,0.08620500564575195,16.180925369262695,28.26368522644043,10151.9814453125,E,856.5299072265625
3786,6114,745A6403,5390,2.8804359436035156,849.5000610351562,35.55324935913086,843357.875,F,424.74932861328125
3787,3841,745A6403,5391,0.2651577293872833,42.7298469543457,21.16255760192871,15029.9501953125,E,1884.8544921875
3788,3928,745A6403,5392,0.3781006634235382,118.45047760009766,32.24297332763672,96715.6796875,E,1282.8919677734375
3789,3869,745A6403,5393,0.14644277095794678,54.616207122802734,32.47142791748047,45228.7109375,E,1749.68212890625
3789,3886,745A6403,5394,0.3517495095729828,100.93540954589844,33.91098403930664,91162.078125,E,1796.854248046875
3790,3791,745A6403,5395,0.025995781645178795,7.776000022888184,34.58891296386719,7306.67822265625,E,2367.203125
3790,3952,745A6403,5396,0.6157007217407227,127.11592864990234,25.805023193359375,66481.125,E,2369.724365234375
3791,3830,745A6403,5397,0.21593081951141357,78.12841033935547,32.90488815307617,66438.484375,E,2332.5302734375
3792,3847,745A6403,5398,0.13542594015598297,51.76368713378906,31.33221435546875,39911.42578125,E,2140.39697265625
3793,3794,745A6403,5399,0.009305320680141449,2.5920000076293945,33.37965393066406,2268.237548828125,E,1592.0267333984375
3793,3836,745A6403,5400,0.17640399932861328,43.358768463134766,31.52676773071289,33847.4296875,E,1610.31396484375
3794,3842,745A6403,5401,0.09913451969623566,36.91692352294922,29.82727813720703,25795.421875,E,1590.3927001953125
3795,3811,745A6403,5402,0.04093136638402939,19.84656524658203,31.23666000366211,15209.130859375,E,1978.8162841796875
3796,3799,745A6403,5403,0.10877392441034317,34.32492446899414,27.710927963256836,20701.48828125,E,2005.7843017578125
3796,4026,745A6403,5404,0.7464529871940613,155.44369506835938,30.352495193481445,112473.9140625,E,2023.0428466796875
3797,3851,745A6403,5405,0.1647472083568573,48.098052978515625,29.181804656982422,32169.3046875,E,960.9485473632812
3799,3848,745A6403,5406,0.26761987805366516,79.2020492553711,30.390689849853516,57452.3046875,E,1965.8414306640625
3800,3801,745A6403,5407,0.21940083801746368,33.69599914550781,20.822174072265625,11474.1455078125,E,1017.8554077148438
3800,3803,745A6403,5408,0.01655893586575985,3.6656415462493896,29.756975173950195,2549.279296875,E,1034.7650146484375
3801,3804,745A6403,5409,0.02026359923183918,3.6656415462493896,26.899654388427734,2083.211181640625,E,1002.1187744140625
3802,3811,745A6403,5410,0.09716612100601196,28.067283630371094,33.957611083984375,25419.35546875,E,1959.3817138671875
3802,3876,745A6403,5411,0.3363526165485382,60.873844146728516,24.770694732666016,29335.736328125,E,1946.7427978515625
3803,3855,745A6403,5412,0.24760288000106812,38.61948776245117,20.03754425048828,12178.263671875,E,1033.865966796875
3803,3914,745A6403,5413,0.42159539461135864,90.19898223876953,29.397768020629883,61223.79296875,E,1070.324462890625
3804,3850,745A6403,5414,0.09631500393152237,33.88020706176758,27.96677589416504,20812.33203125,E,1002.05419921875
3805,3864,745A6403,5415,0.6941401362419128,38.43528366088867,13.342676162719727,5374.1015625,E,826.94677734375
3805,6114,745A6403,5416,2.749781608581543,816.7062377929688,35.55324935913086,810801.1875,F,408.3440246582031
3806,3827,745A6403,5417,0.0746326819062233,17.699283599853516,30.792022705078125,13180.201171875,E,864.6748046875
3807,3812,745A6403,5418,0.039782486855983734,7.331283092498779,27.144567489624023,4242.6357421875,E,1084.5938720703125
3807,3821,745A6403,5419,0.0776028260588646,20.920207977294922,26.466970443725586,11509.7099609375,E,1096.02294921875
3808,3821,745A6403,5420,0.5084449648857117,49.43220520019531,16.450016021728516,10505.8828125,E,1121.2117919921875
3808,3852,745A6403,5421,0.11006110161542892,29.58563995361328,32.76057052612305,24938.697265625,E,1148.359130859375
3809,3892,745A6403,5422,0.34113284945487976,69.27877044677734,25.229679107666016,34634.86328125,E,1723.8912353515625
3810,3828,745A6403,5423,0.205203577876091,54.616207122802734,27.22777557373047,31800.630859375,E,1380.6060791015625
3810,3872,745A6403,5424,0.3212755024433136,47.28491973876953,22.144250869750977,18211.03125,E,1409.761962890625
3811,3817,745A6403,5425,0.022223610430955887,6.257641315460205,33.553131103515625,5533.07666015625,E,1973.755615234375
3812,3844,745A6403,5426,1.4222769737243652,93.680419921875,16.932554244995117,21095.201171875,E,1047.9268798828125
3812,3865,745A6403,5427,0.7380730509757996,39.50892639160156,12.260512351989746,4664.470703125,E,1079.818359375
3813,3832,745A6403,5428,0.5673744082450867,22.438568115234375,10.789794921875,2051.6884765625,E,1219.8597412109375
3813,3867,745A6403,5429,0.5052277445793152,40.58256912231445,14.07344913482666,6312.92333984375,E,1208.1090087890625
3814,3859,745A6403,5430,0.18253973126411438,48.54277038574219,32.671695709228516,40696.56640625,E,1684.5518798828125
3815,3825,745A6403,5431,0.04383140057325363,11.441641807556152,32.299991607666016,9375.25390625,E,1489.0599365234375
3816,3884,745A6403,5432,0.3051545321941376,86.34912109375,26.412097930908203,47310.07421875,E,1484.7603759765625
3816,3912,745A6403,5433,0.2522246539592743,76.61004638671875,30.62706184387207,56439.90234375,E,1540.16064453125
3817,3838,745A6403,5434,0.1300581693649292,29.769847869873047,30.412118911743164,21625.185546875,E,1989.3565673828125
3817,3887,745A6403,5435,0.1922948807477951,45.137638092041016,18.72226905822754,12426.4091796875,E,1978.8712158203125
3818,3828,745A6403,5436,0.021980874240398407,6.257641315460205,33.74361801147461,5596.07861328125,E,1356.093017578125
3819,3829,745A6403,5437,0.03707168251276016,9.923283576965332,32.72654724121094,8347.2919921875,E,2168.058837890625
3819,3839,745A6403,5438,0.21468298137187958,54.6161994934082,31.950984954833984,43790.49609375,E,2196.911865234375
3820,3827,745A6403,5439,0.05622419714927673,14.033641815185547,31.947586059570312,11249.5810546875,E,859.9381103515625
3820,6114,745A6403,5440,2.881601572036743,854.2321166992188,35.55324935913086,848055.75,F,427.1150817871094
3821,3837,745A6403,5441,0.07749030739068985,12.51528263092041,25.450584411621094,6366.87109375,E,1109.4468994140625
3822,3860,745A6403,5442,0.24049177765846252,61.50277328491211,32.02048110961914,49526.80078125,E,2460.201904296875
3822,3899,745A6403,5443,0.1461620032787323,60.87384796142578,28.12626075744629,37822.01171875,E,2443.34521484375
3823,3840,745A6403,5444,0.1560770571231842,30.214563369750977,23.220121383666992,12794.8486328125,E,1913.280517578125
3823,3848,745A6403,5445,0.06192412227392197,16.180925369262695,32.382991790771484,13326.83984375,E,1929.8614501953125
3824,3825,745A6403,5446,1.0618430376052856,59.17127990722656,17.581954956054688,14365.9775390625,E,1520.1065673828125
3824,3874,745A6403,5447,0.6516150832176208,61.318565368652344,18.355749130249023,16226.546875,E,1568.4510498046875
3825,3849,745A6403,5448,0.05805722251534462,15.107283592224121,32.25712966918945,12346.041015625,E,1497.539306640625
3826,3831,745A6403,5449,0.04093785583972931,11.441641807556152,33.42659378051758,10040.6650390625,E,1226.0517578125
3826,3903,745A6403,5450,3.326331853866577,106.01148223876953,16.91792106628418,23830.69921875,E,1216.59912109375
3827,3911,745A6403,5451,0.15552914142608643,64.53948974609375,29.18041229248047,43161.671875,E,893.6209106445312
3828,3868,745A6403,5452,0.10622872412204742,29.769847869873047,33.48577880859375,26217.259765625,E,1354.85400390625
3829,3985,745A6403,5453,0.7710419297218323,140.26010131835938,25.252492904663086,70247.7734375,E,2212.877197265625
3830,3834,745A6403,5454,0.03753548115491867,10.99692440032959,34.23175048828125,10120.9052734375,E,2298.46826171875
3830,3835,745A6403,5455,0.017701242119073868,5.184000015258789,34.21984100341797,4767.72119140625,E,2302.800048828125
3831,3843,745A6403,5456,0.03977860510349274,10.99692440032959,33.262298583984375,9555.7685546875,E,1236.31298828125
3833,3877,745A6403,5457,0.45511680841445923,74.90748596191406,24.083147048950195,34122.55859375,E,2063.36474609375
3833,3890,745A6403,5458,0.31557705998420715,36.288002014160156,18.141448974609375,9379.87109375,E,2093.607177734375
3834,3835,745A6403,5459,0.03713487833738327,10.99692440032959,34.41033172607422,10226.7783203125,E,2299.51953125
3834,3846,745A6403,5460,0.09992121160030365,42.100921630859375,32.691856384277344,35339.51953125,E,2276.457763671875
3836,3842,745A6403,5461,0.09782764315605164,37.36164093017578,18.38381004333496,9917.1494140625,E,1610.2510986328125
3836,3862,745A6403,5462,0.057428110390901566,14.662566184997559,31.95711326599121,11760.748046875,E,1633.369140625
3837,3858,745A6403,5463,0.2552972137928009,42.100929260253906,19.84932518005371,13027.859375,E,1134.9490966796875
3837,3882,745A6403,5464,1.3484147787094116,53.72676467895508,11.885588645935059,5961.0390625,E,1113.25390625
3838,3845,745A6403,5465,0.05008941888809204,11.441641807556152,30.201904296875,8196.8486328125,E,2007.6124267578125
3838,3888,745A6403,5466,0.12520387768745422,39.50891876220703,18.801183700561523,10968.7060546875,E,2001.6114501953125
3840,3841,745A6403,5467,0.030067196115851402,7.331283092498779,22.083023071289062,2807.934326171875,E,1899.6070556640625
3840,3861,745A6403,5468,0.06587553024291992,8.849641799926758,23.098392486572266,3708.3359375,E,1902.6746826171875
3841,3861,745A6403,5469,0.03988153487443924,8.849641799926758,22.73612403869629,3592.92724609375,E,1898.909912109375
3842,3874,745A6403,5470,0.088932566344738,20.291284561157227,30.254457473754883,14587.41015625,E,1593.2083740234375
3843,3932,745A6403,5471,0.5593293309211731,146.5177459716797,32.386817932128906,120702.6171875,E,1308.795166015625
3843,4052,745A6403,5472,1.5721688270568848,167.43795776367188,23.720457077026367,73992.875,E,1294.1240234375
3844,3880,745A6403,5473,0.1423768848180771,32.361846923828125,30.129911422729492,23073.787109375,E,1044.7135009765625
3845,3873,745A6403,5474,0.11179439723491669,29.769847869873047,32.69797897338867,24998.17578125,E,2026.3082275390625
3846,3900,745A6403,5475,0.41843268275260925,114.60063171386719,33.096797943115234,98593.6328125,E,2215.0234375
3846,3948,745A6403,5476,0.5676773190498352,69.09455871582031,21.069839477539062,24091.076171875,E,2267.794189453125
3847,3854,745A6403,5477,0.009153583087027073,2.5920000076293945,33.655181884765625,2305.837890625,E,2127.4501953125
3848,3953,745A6403,5478,0.2801218032836914,72.76020812988281,32.232566833496094,59370.89453125,E,1945.0821533203125
3849,3896,745A6403,5479,2.3032798767089844,73.38912200927734,15.245858192443848,13397.548828125,E,1480.096923828125
3849,3974,745A6403,5480,0.37059271335601807,96.45661926269531,32.26734161376953,78876.6171875,E,1534.0977783203125
3850,3856,745A6403,5481,0.01659305952489376,3.6656415462493896,29.726362228393555,2544.036865234375,E,1004.8624267578125
3850,3893,745A6403,5482,0.14511388540267944,51.134769439697266,29.931385040283203,35979.890625,E,994.0719604492188
3851,3916,745A6403,5483,0.22681409120559692,75.72061157226562,31.43054962158203,58750.01171875,E,942.0332641601562
3851,3990,745A6403,5484,0.770395815372467,119.52410125732422,23.123903274536133,50195.83203125,E,1012.9588012695312
3852,3858,745A6403,5485,0.014679965563118458,3.6656415462493896,31.60403060913086,2875.575927734375,E,1153.6669921875
3852,3867,745A6403,5486,1.9374674558639526,61.318565368652344,17.555727005004883,14842.9248046875,E,1180.8321533203125
3853,3860,745A6403,5487,3.9110267162323,74.4627685546875,27.200298309326172,43268.953125,E,2520.90478515625
3854,3901,745A6403,5488,0.23638254404067993,56.94769287109375,31.44869041442871,44235.51953125,E,2152.2783203125
3854,3940,745A6403,5489,0.23065757751464844,68.83405303955078,30.496253967285156,50278.953125,E,2117.757568359375
3855,3856,745A6403,5490,0.0853581428527832,31.104000091552734,11.021101951599121,2967.263916015625,E,1020.349853515625
3855,3922,745A6403,5491,0.2548733651638031,50.32164001464844,23.17885398864746,21233.84375,E,1045.66845703125
3856,3905,745A6403,5492,0.22632771730422974,38.880001068115234,22.46400260925293,15409.56640625,E,1016.0258178710938
3857,3878,745A6403,5493,0.09872712939977646,26.54892349243164,32.93268585205078,22614.712890625,E,806.3345947265625
3857,6114,745A6403,5494,2.6511120796203613,798.3402099609375,35.55324935913086,792567.9375,F,399.1716613769531
3858,3945,745A6403,5495,0.24901020526885986,64.98420715332031,32.31240463256836,53288.84375,E,1165.779541015625
3859,3885,745A6403,5496,0.11664871126413345,31.917129516601562,33.09392166137695,27454.287109375,E,1660.646484375
3860,3909,745A6403,5497,0.7826646566390991,47.28491973876953,21.326303482055664,16890.546875,E,2488.72314453125
3861,3881,745A6403,5498,0.10209233313798904,28.69620704650879,25.283905029296875,14407.966796875,E,1897.3416748046875
3862,3863,745A6403,5499,0.0713428184390068,19.217641830444336,32.826045989990234,16263.9912109375,E,1649.08154296875
3862,3902,745A6403,5500,0.14568579196929932,44.248207092285156,28.65300941467285,28531.59375,E,1643.4014892578125
3863,3870,745A6403,5501,0.027160031720995903,7.331283092498779,32.84560775756836,6211.900390625,E,1661.1834716796875
3864,3871,745A6403,5502,0.16371135413646698,58.726566314697266,32.07217025756836,47443.98828125,E,862.3445434570312
3864,3878,745A6403,5503,0.08681497722864151,37.990562438964844,30.61672592163086,27969.396484375,E,826.0020751953125
3865,3880,745A6403,5504,2.4722495079040527,41.65620803833008,8.934803009033203,2611.7978515625,E,1072.3310546875
3865,3882,745A6403,5505,0.12746821343898773,19.846567153930664,10.725166320800781,1793.0125732421875,E,1092.7789306640625
3866,3903,745A6403,5506,0.1904815137386322,51.76368713378906,32.97273635864258,44200.28515625,E,1162.0509033203125
3866,3904,745A6403,5507,0.38171884417533875,54.6161994934082,22.28711700439453,21306.845703125,E,1135.7196044921875
3867,3924,745A6403,5508,0.22323332726955414,44.692928314208984,28.29109764099121,28094.953125,E,1222.744873046875
3868,3907,745A6403,5509,0.37777289748191833,80.27569580078125,26.552696228027344,44451.9921875,E,1389.407470703125
3868,3925,745A6403,5510,0.20820339024066925,58.021331787109375,33.412532806396484,50874.0546875,E,1342.578125
3869,3947,745A6403,5511,0.22223018109798431,68.83405303955078,30.87155532836914,51524.078125,E,1778.9237060546875
3869,3951,745A6403,5512,0.24204839766025543,66.24205017089844,33.104122161865234,57014.828125,E,1747.762451171875
3870,3892,745A6403,5513,0.3143617808818817,84.83076477050781,32.85036849975586,71899.15625,E,1704.0257568359375
3870,3902,745A6403,5514,0.03595962002873421,39.064205169677734,26.668344497680664,21820.314453125,E,1664.0706787109375
3871,3893,745A6403,5515,0.4636319577693939,123.26605987548828,32.61940002441406,103011.40625,E,938.4124755859375
3872,3883,745A6403,5516,0.18578241765499115,40.58256149291992,29.546077728271484,27824.60546875,E,1444.149658203125
3872,3907,745A6403,5517,0.06757313758134842,34.32492446899414,17.96031379699707,8696.15625,E,1424.21533203125
3873,3877,745A6403,5518,0.03069138154387474,8.849641799926758,33.96132278442383,8016.49951171875,E,2043.6025390625
3873,3888,745A6403,5519,0.2830023467540741,57.20820617675781,25.98122787475586,30329.662109375,E,2018.001708984375
3874,3927,745A6403,5520,0.18518947064876556,45.32184600830078,31.24559211730957,34751.6171875,E,1592.5660400390625
3875,3876,745A6403,5521,0.1332463026046753,25.47528076171875,22.447479248046875,10081.9375,E,1922.6739501953125
3875,3921,745A6403,5522,0.1172981858253479,35.84328079223633,26.448095321655273,19691.845703125,E,1918.2994384765625
3876,3895,745A6403,5523,0.06295494735240936,23.512208938598633,21.559181213378906,8583.1728515625,E,1941.5003662109375
3877,3879,745A6403,5524,0.01276643667370081,3.6656415462493896,33.889888763427734,3306.588623046875,E,2049.101318359375
3878,4080,745A6403,5525,0.6937028169631958,187.65292358398438,32.894927978515625,159478.84375,E,900.4398193359375
3879,3890,745A6403,5526,0.20801888406276703,52.024200439453125,31.730249404907227,41137.9140625,E,2074.3974609375
3879,3961,745A6403,5527,0.2884558439254761,74.0180435180664,28.413171768188477,46931.765625,E,2066.154296875
3880,3897,745A6403,5528,0.11347140371799469,26.10420799255371,30.326175689697266,18855.396484375,E,1068.94482421875
3881,3962,745A6403,5529,0.3299929201602936,64.72368621826172,28.63445472717285,41680.3125,E,1910.507568359375
3882,3897,745A6403,5530,2.170224189758301,37.54584884643555,9.528297424316406,2677.2099609375,E,1091.6429443359375
3883,3884,745A6403,5531,0.06272885948419571,15.107283592224121,31.121007919311523,11491.6806640625,E,1469.51220703125
3883,3936,745A6403,5532,0.12542609870433807,33.69599914550781,13.286551475524902,4671.89208984375,E,1469.4093017578125
3884,3912,745A6403,5533,0.34674766659736633,93.680419921875,32.880855560302734,79547.203125,E,1518.64501953125
3885,3908,745A6403,5534,0.05938084051012993,21.36492347717285,33.036094665527344,18313.384765625,E,1652.638671875
3886,3913,745A6403,5535,0.22487041354179382,63.02112579345703,33.56797409057617,55773.29296875,E,1870.299072265625
3886,3960,745A6403,5536,0.18583086133003235,47.72964096069336,28.27493667602539,29969.626953125,E,1848.0733642578125
3887,3888,745A6403,5537,0.04678872600197792,10.368000030517578,29.761056900024414,7212.42919921875,E,1989.118408203125
3887,3895,745A6403,5538,0.24357670545578003,40.58256530761719,26.28328514099121,22018.548828125,E,1968.04443359375
3889,3932,745A6403,5539,0.4601970613002777,32.17763900756836,20.5931339263916,10717.3876953125,E,1373.0721435546875
3890,3985,745A6403,5540,0.6443923115730286,174.5850372314453,32.98870849609375,149220.171875,E,2177.281494140625
3891,3906,745A6403,5541,0.1287340670824051,33.88020706176758,32.63130569458008,28333.80078125,E,881.978515625
3891,6114,745A6403,5542,2.8901453018188477,865.976318359375,35.55324935913086,859715.0,F,432.9839782714844
3892,3920,745A6403,5543,0.18623855710029602,48.98748779296875,32.447418212890625,40507.4921875,E,1764.068359375
3893,3905,745A6403,5544,0.17042525112628937,42.7298469543457,31.693153381347656,33709.484375,E,1008.6517944335938
3894,3996,745A6403,5545,0.6374819278717041,68.20513153076172,19.475418090820312,20317.978515625,E,810.3765869140625
3894,6114,745A6403,5546,2.5360381603240967,779.3261108398438,35.55324935913086,773691.3125,F,389.6642150878906
3895,3930,745A6403,5547,0.2355283498764038,33.88020706176758,18.939970016479492,9545.408203125,E,1944.676513671875
3896,3910,745A6403,5548,0.13809409737586975,8.849641799926758,16.103055953979492,1802.3211669921875,E,1468.772705078125
3896,3975,745A6403,5549,3.395545482635498,103.23529815673828,12.615674018859863,12904.435546875,E,1432.6025390625
3897,4047,745A6403,5550,0.4587082266807556,100.75117492675781,30.039522171020508,71404.5703125,E,1126.245361328125
3898,3917,745A6403,5551,0.2562161684036255,46.840206146240234,22.586456298828125,18767.43359375,E,1581.1058349609375
3898,3937,745A6403,5552,0.116648368537426,20.291284561157227,16.048629760742188,4104.642578125,E,1604.0650634765625
3898,3938,745A6403,5553,0.31594496965408325,44.87712860107422,18.78349494934082,12435.6279296875,E,1619.12158203125
3899,3909,745A6403,5554,0.11625253409147263,31.73292350769043,33.008880615234375,27155.734375,E,2469.4736328125
3899,3939,745A6403,5555,0.22195637226104736,61.94748306274414,33.406558990478516,54297.15234375,E,2430.142333984375
3900,3901,745A6403,5556,0.009507698006927967,2.5920000076293945,33.02248764038086,2219.95654296875,E,2173.2822265625
3900,3931,745A6403,5557,0.04371366649866104,17.699283599853516,32.324485778808594,14524.755859375,E,2179.279541015625
3901,3918,745A6403,5558,0.06418898701667786,21.36492347717285,30.794456481933594,15912.4228515625,E,2164.067138671875
3902,4008,745A6403,5559,0.25683096051216125,68.20512390136719,32.5743293762207,56840.49609375,E,1675.638671875
3903,3964,745A6403,5560,0.1506989598274231,39.6931266784668,32.49497985839844,32918.32421875,E,1201.3863525390625
3904,3914,745A6403,5561,0.16938215494155884,28.067279815673828,18.572599411010742,7603.8857421875,E,1113.061279296875
3904,3950,745A6403,5562,0.24448424577713013,24.401639938354492,9.79653549194336,1839.3057861328125,E,1130.8287353515625
3905,3923,745A6403,5563,0.06032493710517883,27.622568130493164,31.692472457885742,21790.44921875,E,1038.5615234375
3906,3911,745A6403,5564,0.06878101080656052,19.217641830444336,33.40005874633789,16837.765625,E,904.5447387695312
3906,4006,745A6403,5565,0.6310352087020874,62.39220428466797,20.057687759399414,19714.328125,E,911.4882202148438
3907,3926,745A6403,5566,0.07443129271268845,16.180923461914062,29.474641799926758,11040.5380859375,E,1433.753173828125
3908,3938,745A6403,5567,0.08320587873458862,24.585847854614258,34.38991928100586,22836.91015625,E,1644.7728271484375
3908,3951,745A6403,5568,0.35325658321380615,97.79077911376953,31.246185302734375,74986.28125,E,1695.940673828125
3909,3973,745A6403,5569,3.3618130683898926,63.65005111694336,8.87555980682373,3938.0400390625,E,2508.845947265625
3911,3915,745A6403,5570,0.01315167173743248,3.6656415462493896,33.389854431152344,3209.73291015625,E,914.9081420898438
3912,3917,745A6403,5571,0.01479439064860344,3.6656415462493896,31.48157501220703,2853.3349609375,E,1562.5108642578125
3913,3921,745A6403,5572,0.08029007166624069,22.883283615112305,33.736820220947266,20455.802734375,E,1910.151123046875
3913,3960,745A6403,5573,0.2671409547328949,72.31549072265625,24.454891204833984,33966.64453125,E,1884.014404296875
3914,3956,745A6403,5574,0.1307733803987503,23.956924438476562,27.162710189819336,13882.482421875,E,1110.54833984375
3915,3916,745A6403,5575,0.091457299888134,25.475284576416016,33.40618133544922,22328.65625,E,926.194580078125
3915,4010,745A6403,5576,0.37080204486846924,56.579280853271484,23.463212966918945,24463.70703125,E,932.6362915039062
3916,3934,745A6403,5577,0.06631980836391449,18.772924423217773,33.649349212646484,16694.56640625,E,943.706787109375
3917,3943,745A6403,5578,0.11377955228090286,25.03056526184082,29.64812469482422,17280.447265625,E,1574.3658447265625
3918,3944,745A6403,5579,0.19256560504436493,31.2882080078125,25.604578018188477,16110.380859375,E,2145.1630859375
3918,3968,745A6403,5580,0.02769591100513935,26.993640899658203,19.348159790039062,7936.52978515625,E,2159.703369140625
3919,3920,745A6403,5581,0.010618963278830051,2.5920000076293945,31.246864318847656,1987.64013671875,E,1787.811767578125
3919,3954,745A6403,5582,0.18076954782009125,43.803489685058594,31.14345932006836,33368.16015625,E,1808.932373046875
3920,3986,745A6403,5583,0.41645896434783936,38.880001068115234,19.18079948425293,11234.392578125,E,1792.40234375
3921,3929,745A6403,5584,0.024958498775959015,7.331283092498779,34.26746368408203,6761.35546875,E,1924.0345458984375
3922,3923,745A6403,5585,0.018463589251041412,5.184000015258789,33.51231384277344,4572.60546875,E,1053.2364501953125
3922,3933,745A6403,5586,0.018463589251041412,5.184000015258789,33.51231384277344,4572.60546875,E,1056.778076171875
3923,3941,745A6403,5587,0.0315624363720417,8.849641799926758,33.491905212402344,7796.42138671875,E,1053.5052490234375
3924,3957,745A6403,5588,0.3607678711414337,39.50891876220703,11.988511085510254,4459.80126953125,E,1221.5491943359375
3924,3983,745A6403,5589,0.1870298534631729,36.916927337646484,28.294788360595703,23212.84375,E,1247.6636962890625
3925,3935,745A6403,5590,0.034570999443531036,9.923283576965332,33.884788513183594,8948.59375,E,1331.359130859375
3925,3997,745A6403,5591,0.1941838562488556,61.242252349853516,31.3576602935791,47296.42578125,E,1363.1005859375
3926,3936,745A6403,5592,0.17663751542568207,38.435279846191406,29.53383445739746,26330.529296875,E,1457.320068359375
3926,3982,745A6403,5593,0.1377626657485962,42.28512954711914,29.350826263427734,28610.021484375,E,1436.7259521484375
3927,3955,745A6403,5594,0.10391876101493835,19.846567153930664,22.927974700927734,8194.2021484375,E,1599.1295166015625
3927,3970,745A6403,5595,0.15878057479858398,26.10420799255371,25.906394958496094,13759.87109375,E,1588.99755859375
3928,3935,745A6403,5596,0.012751073576509953,3.6656415462493896,33.91029739379883,3310.572265625,E,1327.373779296875
3928,3965,745A6403,5597,0.10809918493032455,30.843490600585938,33.773555755615234,27631.66015625,E,1318.46728515625
3929,3930,745A6403,5598,0.036219894886016846,10.368000030517578,33.822540283203125,9315.310546875,E,1932.22265625
3929,3994,745A6403,5599,0.08816222846508026,36.288002014160156,16.75615692138672,8002.06005859375,E,1932.32373046875
3930,3967,745A6403,5600,0.3821578621864319,81.79405212402344,29.574020385742188,56186.546875,E,1973.3497314453125
3931,3949,745A6403,5601,0.0491752028465271,10.99692440032959,29.920251846313477,7731.99658203125,E,2188.030517578125
3931,3968,745A6403,5602,0.1608223021030426,32.361846923828125,22.085939407348633,12398.0947265625,E,2175.31005859375
3932,3963,745A6403,5603,0.10619433969259262,27.17784881591797,32.008819580078125,21869.775390625,E,1389.4346923828125
3933,3941,745A6403,5604,0.013071645051240921,3.6656415462493896,33.491905212402344,3229.383544921875,E,1057.6090087890625
3933,3992,745A6403,5605,0.19317150115966797,73.57333374023438,29.51520538330078,50338.69140625,E,1091.5025634765625
3934,3989,745A6403,5606,0.45723602175712585,108.3429946899414,30.90486717224121,81272.6640625,E,998.4699096679688
3934,4074,745A6403,5607,0.3846389353275299,101.1958999633789,30.323144912719727,73080.4609375,E,990.584716796875
3935,4011,745A6403,5608,0.19620245695114136,46.211280822753906,26.562896728515625,25608.771484375,E,1338.487548828125
3936,3958,745A6403,5609,0.1593416929244995,30.214563369750977,27.591718673706055,18066.0703125,E,1489.318115234375
3937,3943,745A6403,5610,0.17651399970054626,26.548925399780273,24.603588104248047,12622.1611328125,E,1596.851318359375
3937,3946,745A6403,5611,0.08578051626682281,30.659282684326172,28.35163688659668,19355.66796875,E,1621.0408935546875
3938,3946,745A6403,5612,0.0287352055311203,8.849641799926758,35.09404754638672,8560.171875,E,1637.7823486328125
3939,3952,745A6403,5613,0.228714257478714,49.43220901489258,29.99281883239746,34924.84375,E,2385.6220703125
3939,4002,745A6403,5614,0.4005759060382843,38.880001068115234,22.313650131225586,15203.9833984375,E,2410.179931640625
3940,3944,745A6403,5615,0.06667382270097733,21.809640884399414,28.08680534362793,13512.7294921875,E,2124.258056640625
3940,4042,745A6403,5616,0.39241427183151245,91.90154266357422,30.693696975708008,68000.3359375,E,2088.6572265625
3941,4065,745A6403,5617,0.31754547357559204,82.68348693847656,28.899778366088867,54237.25390625,E,1068.87109375
3942,3972,745A6403,5618,0.0907067060470581,21.36492347717285,31.06828498840332,16196.671875,E,776.029296875
3942,6114,745A6403,5619,2.4469783306121826,768.05908203125,35.55324935913086,762505.75,F,384.03033447265625
3943,3999,745A6403,5620,0.2197115123271942,50.50584411621094,21.200315475463867,17828.5546875,E,1583.971435546875
3944,3980,745A6403,5621,0.02856300212442875,33.25128173828125,19.05221939086914,9479.5869140625,E,2141.660888671875
3945,3957,745A6403,5622,0.3215450346469879,38.435279846191406,18.323148727416992,10134.916015625,E,1197.8255615234375
3945,4023,745A6403,5623,0.17900581657886505,47.28491973876953,32.49750900268555,39220.4609375,E,1190.3167724609375
3946,4089,745A6403,5624,0.42147985100746155,117.821533203125,31.22454071044922,90220.796875,E,1619.4326171875
3947,3984,745A6403,5625,0.11821626126766205,40.76676940917969,28.376787185668945,25782.359375,E,1818.855224609375
3947,4044,745A6403,5626,0.3577553629875183,66.5025634765625,22.232168197631836,25816.17578125,E,1795.581787109375
3948,3949,745A6403,5627,0.3893131911754608,90.2752914428711,30.936641693115234,67858.640625,E,2234.98095703125
3948,4025,745A6403,5628,0.12508007884025574,52.65312957763672,32.750362396240234,44355.375,E,2294.791748046875
3949,4041,745A6403,5629,1.010913372039795,52.913639068603516,9.721700668334961,3927.733642578125,E,2200.750732421875
3950,3956,745A6403,5630,0.13260972499847412,21.809640884399414,19.03385353088379,6205.71484375,E,1128.519287109375
3950,3971,745A6403,5631,0.7399725914001465,104.67735290527344,23.85524559020996,46785.40625,E,1183.5963134765625
3951,4057,745A6403,5632,0.28186556696891785,67.57621002197266,23.99365997314453,30554.609375,E,1740.3782958984375
3952,3979,745A6403,5633,0.06809693574905396,19.84656524658203,34.11293411254883,18139.001953125,E,2360.6259765625
3953,3962,745A6403,5634,0.06692918390035629,30.659282684326172,18.681447982788086,8403.74609375,E,1947.7353515625
3953,4017,745A6403,5635,0.12496798485517502,42.100929260253906,27.629859924316406,25242.880859375,E,1971.9423828125
3954,3991,745A6403,5636,0.1911861151456833,48.54277038574219,31.877004623413086,38740.87890625,E,1850.9600830078125
3954,4004,745A6403,5637,0.24757297337055206,43.174560546875,22.50605583190918,17175.78515625,E,1828.806884765625
3955,3959,745A6403,5638,0.03210507705807686,2.5920000076293945,17.97052001953125,657.4249267578125,E,1608.181884765625
3955,3969,745A6403,5639,0.30466514825820923,24.585847854614258,15.307086944580078,4524.3916015625,E,1612.4171142578125
3956,3992,745A6403,5640,0.10571770370006561,25.47528076171875,31.18971824645996,19463.984375,E,1123.022216796875
3957,3983,745A6403,5641,0.21077528595924377,45.32184600830078,22.63634490966797,18239.380859375,E,1236.98974609375
3958,3966,745A6403,5642,0.09723267704248428,17.699283599853516,26.969629287719727,10111.033203125,E,1510.930419921875
3958,3993,745A6403,5643,0.050030067563056946,23.328001022338867,20.53870964050293,7728.8291015625,E,1507.533447265625
3959,3969,745A6403,5644,0.042144861072301865,5.184000015258789,15.684662818908691,1001.6251831054688,E,1609.499755859375
3960,3977,745A6403,5645,0.0535324364900589,13.588924407958984,31.83465576171875,10816.2138671875,E,1854.1573486328125
3961,4001,745A6403,5646,0.025890303775668144,25.920000076293945,20.01146697998047,8152.34765625,E,2099.67236328125
3961,4013,745A6403,5647,0.24287766218185425,45.137638092041016,21.82697868347168,16889.466796875,E,2111.305419921875
3962,4018,745A6403,5648,0.4807420074939728,34.7696418762207,15.01880168914795,6159.7158203125,E,1937.86572265625
3963,3975,745A6403,5649,0.1030205637216568,26.548925399780273,32.07344436645508,21450.03515625,E,1414.45849609375
3963,4056,745A6403,5650,0.1190161406993866,53.987281799316406,29.032440185546875,35739.49609375,E,1409.132080078125
3964,3971,745A6403,5651,0.00962033774703741,2.5920000076293945,32.82859802246094,2193.964111328125,E,1218.880859375
3964,4093,745A6403,5652,4.233790397644043,208.02052307128906,14.667705535888672,35149.6015625,E,1302.444091796875
3965,4007,745A6403,5653,0.2542436122894287,70.3524169921875,33.269954681396484,61160.82421875,E,1291.574462890625
3965,4011,745A6403,5654,0.14643964171409607,46.8402099609375,21.62040901184082,17196.359375,E,1327.2750244140625
3966,3976,745A6403,5655,0.15463729202747345,28.69620704650879,27.2262020111084,16706.6171875,E,1531.0028076171875
3966,3998,745A6403,5656,0.0263994000852108,20.736000061035156,19.81757354736328,6396.10791015625,E,1523.42529296875
3967,4000,745A6403,5657,0.2344064861536026,60.42912673950195,32.09142303466797,48878.078125,E,2037.018798828125
3967,4035,745A6403,5658,0.17378291487693787,38.880001068115234,15.715275764465332,7541.5419921875,E,2014.89892578125
3968,3980,745A6403,5659,0.13764603435993195,17.699283599853516,22.639907836914062,7125.1640625,E,2161.18115234375
3969,3970,745A6403,5660,0.2900066077709198,28.067279815673828,14.327434539794922,4525.08837890625,E,1598.9381103515625
3970,3974,745A6403,5661,0.06129822880029678,25.47528076171875,30.274011611938477,18337.8671875,E,1575.924560546875
3971,4078,745A6403,5662,0.3559877872467041,88.86482238769531,31.612722396850586,69749.890625,E,1258.30908203125
3972,3996,745A6403,5663,0.20915089547634125,56.76348876953125,32.964317321777344,48444.796875,E,811.6334228515625
3972,4028,745A6403,5664,0.8372853994369507,65.61312866210938,19.07773208618164,18755.73828125,E,777.5197143554688
3974,4009,745A6403,5665,0.08084449172019958,21.809640884399414,32.84333801269531,18477.064453125,E,1571.6025390625
3975,4027,745A6403,5666,0.22741450369358063,58.4660530090332,32.05035400390625,47169.2890625,E,1453.8568115234375
3976,3999,745A6403,5667,0.18766166269779205,31.288206100463867,25.996070861816406,16606.80078125,E,1557.918212890625
3976,4012,745A6403,5668,0.1659671515226364,25.47528076171875,20.96050453186035,8790.474609375,E,1546.8212890625
3977,3984,745A6403,5669,0.08520462363958359,20.291284561157227,30.831022262573242,15148.697265625,E,1845.0543212890625
3977,3994,745A6403,5670,0.486516535282135,95.64349365234375,26.0533447265625,50988.5078125,E,1895.17724609375
3978,4070,745A6403,5671,16.276103973388672,68.64984893798828,8.877037048339844,4248.79296875,E,2364.772705078125
3979,4003,745A6403,5672,0.09199435263872147,32.361846923828125,29.05430793762207,21455.77734375,E,2372.671630859375
3979,4025,745A6403,5673,0.2532497048377991,67.76040649414062,32.77224349975586,57158.15625,E,2333.9306640625
3980,4037,745A6403,5674,0.11763555556535721,32.17763900756836,24.26974868774414,14885.8837890625,E,2156.86328125
3981,4031,745A6403,5675,0.45623576641082764,28.511999130249023,17.834943771362305,7122.96826171875,E,1511.8948974609375
3982,3997,745A6403,5676,0.42081934213638306,54.6161994934082,16.046363830566406,11044.9716796875,E,1409.2978515625
3982,4040,745A6403,5677,0.10653043538331985,34.32492446899414,26.331104278564453,18691.21875,E,1432.68359375
3983,4007,745A6403,5678,0.06448625773191452,16.180925369262695,31.72648811340332,12791.96484375,E,1263.3148193359375
3984,4050,745A6403,5679,0.10564914345741272,41.65620803833008,29.36919593811035,28219.787109375,E,1831.986083984375
3985,4069,745A6403,5680,0.4665398895740509,117.3768539428711,31.732397079467773,92827.8125,E,2308.4384765625
3986,3995,745A6403,5681,0.1301911324262619,28.067279815673828,29.523195266723633,19213.962890625,E,1786.8671875
3986,4004,745A6403,5682,0.020664427429437637,25.03056526184082,22.399370193481445,9863.5244140625,E,1809.6409912109375
3987,4028,745A6403,5683,0.10974615812301636,26.54892349243164,31.4019775390625,20561.310546875,E,768.1605224609375
3987,6114,745A6403,5684,2.445812463760376,757.932861328125,35.55324935913086,752452.75,F,378.9674987792969
3988,4016,745A6403,5685,0.1593477725982666,34.95384979248047,29.9389591217041,24606.9765625,E,899.0521240234375
3988,6114,745A6403,5686,2.894467353820801,883.7846069335938,35.55324935913086,877394.5625,F,441.8934326171875
3989,3990,745A6403,5687,0.05264758691191673,12.51528263092041,30.834598541259766,9345.5986328125,E,1052.3179931640625
3989,4074,745A6403,5688,5.248260974884033,93.4962158203125,12.198638916015625,10927.14453125,E,1055.59619140625
3990,4022,745A6403,5689,0.20215928554534912,48.987483978271484,31.12681007385254,37277.28515625,E,1079.42138671875
3991,4018,745A6403,5690,0.2952069044113159,78.12840270996094,32.550045013427734,65013.265625,E,1906.9615478515625
3991,4045,745A6403,5691,0.10750599950551987,29.58563995361328,27.12160301208496,17092.341796875,E,1878.3375244140625
3992,4005,745A6403,5692,0.03199230134487152,8.849641799926758,33.262298583984375,7689.88916015625,E,1130.187744140625
3993,3998,745A6403,5693,0.08910149335861206,16.625642776489258,27.31658935546875,9743.640625,E,1519.8822021484375
3993,4040,745A6403,5694,0.3853285610675812,97.790771484375,32.03583526611328,78824.2578125,E,1475.635986328125
3994,4035,745A6403,5695,0.400875061750412,88.94113159179688,29.79013442993164,61992.2578125,E,1979.0802001953125
3995,4014,745A6403,5696,0.3455800414085388,91.97785186767578,32.63951110839844,76959.1796875,E,1736.05126953125
3995,4103,745A6403,5697,0.2842857539653778,75.35220336914062,25.21791648864746,37636.06640625,E,1794.047119140625
3996,4015,745A6403,5698,0.05996011570096016,17.254566192626953,33.92390441894531,15595.7255859375,E,843.0856323242188
3997,4048,745A6403,5699,0.1035616546869278,43.358768463134766,29.782489776611328,30205.693359375,E,1410.63525390625
3998,4012,745A6403,5700,0.11070433259010315,18.772924423217773,25.97831153869629,9950.4716796875,E,1536.2451171875
3999,4024,745A6403,5701,0.09289123862981796,15.107283592224121,25.498201370239258,7714.279296875,E,1574.21240234375
4000,4001,745A6403,5702,0.22035697102546692,42.100929260253906,27.995386123657227,25915.1953125,E,2083.63427734375
4000,4081,745A6403,5703,0.4342339038848877,74.64697265625,24.590164184570312,35450.70703125,E,2086.255859375
4001,4013,745A6403,5704,0.08446452766656876,19.846567153930664,30.684146881103516,14675.853515625,E,2111.724853515625
4002,4003,745A6403,5705,0.1519237756729126,32.80656814575195,29.54438018798828,22490.5703125,E,2400.637451171875
4002,4137,745A6403,5706,2.384345054626465,155.1831817626953,23.008737564086914,64523.82421875,E,2482.417236328125
4003,4105,745A6403,5707,1.9857395887374878,74.278564453125,11.53373908996582,7760.56982421875,E,2389.70947265625
4004,4106,745A6403,5708,0.4030592739582062,70.61292266845703,23.310653686523438,30135.818359375,E,1833.2607421875
4005,4021,745A6403,5709,0.03586225211620331,9.923283576965332,33.262298583984375,8622.8291015625,E,1136.912353515625
4005,4067,745A6403,5710,0.3448357582092285,67.57620239257812,25.14336585998535,33552.93359375,E,1119.007568359375
4006,4010,745A6403,5711,0.22090917825698853,34.7696418762207,9.837353706359863,2642.69287109375,E,935.2713012695312
4006,4016,745A6403,5712,0.05705678462982178,12.51528263092041,29.593700408935547,8608.5322265625,E,918.1016235351562
4007,4029,745A6403,5713,0.1065853163599968,39.5089225769043,30.354970932006836,28592.01171875,E,1258.4085693359375
4008,4014,745A6403,5714,0.012835914269089699,3.6656415462493896,33.79804611206055,3288.69091796875,E,1696.4171142578125
4008,4019,745A6403,5715,0.2268429398536682,63.91056442260742,29.306833267211914,43112.21484375,E,1667.102783203125
4009,4020,745A6403,5716,0.14256933331489563,35.84328079223633,26.344064712524414,19537.240234375,E,1591.9857177734375
4009,4060,745A6403,5717,0.1267256736755371,35.398563385009766,33.46992492675781,31144.759765625,E,1576.669189453125
4010,4088,745A6403,5718,0.23136669397354126,52.46892166137695,30.090667724609375,37312.61328125,E,961.8043823242188
4011,4146,745A6403,5719,0.523871898651123,99.30913543701172,29.229732513427734,66639.0390625,E,1365.798828125
4012,4024,745A6403,5720,0.09918002784252167,30.659282684326172,14.490708351135254,5056.27978515625,E,1558.7650146484375
4013,4036,745A6403,5721,0.1978597342967987,58.726558685302734,34.41403579711914,54625.5234375,E,2146.66748046875
4014,4075,745A6403,5722,0.0356924794614315,39.95363998413086,29.716157913208008,27709.68359375,E,1704.677490234375
4015,4084,745A6403,5723,0.27042317390441895,77.8678970336914,33.9375114440918,70438.2109375,E,886.1737670898438
4015,4124,745A6403,5724,3.183058261871338,102.53005981445312,16.399843215942383,21658.107421875,E,869.4741821289062
4016,4153,745A6403,5725,0.9551817178726196,95.01456451416016,20.899274826049805,32594.36328125,E,945.6968383789062
4017,4018,745A6403,5726,0.15535329282283783,43.17456817626953,33.336280822753906,37683.58203125,E,1961.8189697265625
4017,4030,745A6403,5727,0.036622002720832825,9.923283576965332,32.90513229370117,8438.6416015625,E,1983.7138671875
4019,4020,745A6403,5728,0.059786707162857056,35.84328079223633,18.749481201171875,9896.3759765625,E,1624.1007080078125
4019,4064,745A6403,5729,0.1463693380355835,28.511999130249023,21.931411743164062,10770.869140625,E,1645.755859375
4020,4066,745A6403,5730,0.1566782295703888,32.17763900756836,21.050888061523438,11199.146484375,E,1616.903564453125
4021,4043,745A6403,5731,0.11645910888910294,37.990562438964844,29.509796142578125,25983.5234375,E,1156.77734375
4021,4046,745A6403,5732,0.058235831558704376,15.107283592224121,32.19930648803711,12301.8173828125,E,1142.953125
4022,4047,745A6403,5733,0.2479189783334732,72.31548309326172,29.142545700073242,48236.54296875,E,1133.056396484375
4022,4163,745A6403,5734,0.609422504901886,111.56389617919922,25.50446319580078,56996.20703125,E,1143.8209228515625
4023,4033,745A6403,5735,0.032281965017318726,7.331283092498779,30.158361434936523,5237.03369140625,E,1203.152099609375
4023,4034,745A6403,5736,0.06237996369600296,15.107283592224121,31.100595474243164,11476.6103515625,E,1210.884033203125
4024,4147,745A6403,5737,0.6859657764434814,112.19282531738281,23.844575881958008,50099.58984375,E,1555.1949462890625
4025,4059,745A6403,5738,0.11783508956432343,29.769847869873047,31.84894371032715,23716.826171875,E,2304.638916015625
4026,4030,745A6403,5739,0.1983737051486969,44.692928314208984,30.20117950439453,32016.697265625,E,2007.488037109375
4026,4055,745A6403,5740,0.0711544007062912,23.512208938598633,30.25360679626465,16901.982421875,E,2037.642822265625
4027,4031,745A6403,5741,0.17492960393428802,42.100929260253906,31.065732955932617,31911.3203125,E,1498.271728515625
4027,4203,745A6403,5742,0.6364638805389404,150.1833953857422,29.65113639831543,103703.75,E,1532.156982421875
4028,4038,745A6403,5743,0.018986165523529053,5.184000015258789,33.04289627075195,4445.40234375,E,782.2357177734375
4029,4034,745A6403,5744,0.15155310928821564,34.32492446899414,30.14632225036621,24500.1171875,E,1230.08203125
4029,4102,745A6403,5745,0.36747676134109497,57.20820617675781,19.259716033935547,16666.63671875,E,1253.488525390625
4030,4082,745A6403,5746,0.05183492228388786,36.288002014160156,20.116914749145508,11533.88671875,E,1993.6422119140625
4031,4060,745A6403,5747,0.1716519445180893,65.61312866210938,33.04890060424805,56285.2578125,E,1547.4945068359375
4032,4079,745A6403,5748,0.8588845729827881,40.58256530761719,13.583621978759766,5881.126953125,E,987.1542358398438
4033,4063,745A6403,5749,0.11745904386043549,41.21148681640625,28.364030838012695,26040.18359375,E,1194.6099853515625
4033,4091,745A6403,5750,0.09497946500778198,43.61928176879883,23.868850708007812,19517.82421875,E,1213.7568359375
4034,4096,745A6403,5751,0.2458406239748001,46.656002044677734,19.003747940063477,13233.5361328125,E,1229.470703125
4035,4098,745A6403,5752,0.5616648197174072,91.90154266357422,25.891145706176758,48385.5,E,2061.009521484375
4036,4051,745A6403,5753,0.12254538387060165,36.472206115722656,34.509239196777344,34113.21875,E,2190.447509765625
4036,4108,745A6403,5754,0.7611849308013916,64.98419952392578,22.147653579711914,25035.318359375,E,2179.89013671875
4037,4041,745A6403,5755,0.19635480642318726,52.46892166137695,32.704105377197266,44075.4296875,E,2184.8896484375
4037,4042,745A6403,5756,0.42903202772140503,103.41950225830078,31.172208786010742,78927.34375,E,2115.399169921875
4038,4068,745A6403,5757,0.08581165224313736,52.65312957763672,30.666654586791992,38890.80078125,E,782.2691650390625
4038,4124,745A6403,5758,0.3217204809188843,88.42009735107422,33.179481506347656,76450.4609375,E,826.2125244140625
4039,4068,745A6403,5759,0.10406304150819778,26.54892349243164,32.171409606933594,21581.271484375,E,763.28857421875
4039,6114,745A6403,5760,2.4768731594085693,752.5286254882812,35.55324935913086,747087.5625,F,376.2656555175781
4040,4049,745A6403,5761,0.02476668357849121,7.331283092498779,34.40353012084961,6815.1572265625,E,1438.551025390625
4041,4054,745A6403,5762,0.06746968626976013,18.772924423217773,33.357784271240234,16406.509765625,E,2217.2509765625
4042,4055,745A6403,5763,0.07582508027553558,29.14092445373535,30.561689376831055,21377.056640625,E,2057.681396484375
4043,4046,745A6403,5764,0.06669341027736664,34.7696418762207,17.939905166625977,8788.81640625,E,1162.1390380859375
4043,4144,745A6403,5765,0.6840739846229553,143.4810333251953,29.7862548828125,99980.7109375,E,1243.50439453125
4044,4050,745A6403,5766,0.12256401777267456,34.7696418762207,33.694541931152344,31003.392578125,E,1816.2906494140625
4044,4053,745A6403,5767,0.043589696288108826,12.51528263092041,33.887847900390625,11288.0390625,E,1796.0859375
4045,4112,745A6403,5768,0.5200189352035522,66.05784606933594,17.682432174682617,16221.771484375,E,1877.7025146484375
4045,4122,745A6403,5769,0.2834916412830353,70.3524169921875,27.606781005859375,42111.47265625,E,1912.570068359375
4046,4114,745A6403,5770,0.32401683926582336,63.65005111694336,28.17281150817871,39677.93359375,E,1168.003173828125
4047,4062,745A6403,5771,0.06607365608215332,18.328208923339844,33.28440856933594,15947.462890625,E,1172.2171630859375
4048,4049,745A6403,5772,0.033285271376371384,9.923283576965332,34.53278732299805,9294.1259765625,E,1433.4468994140625
4048,4146,745A6403,5773,0.46326595544815063,117.56105041503906,32.11540222167969,95231.375,E,1409.0447998046875
4049,4166,745A6403,5774,0.379442423582077,105.3062515258789,28.06831932067871,65159.3671875,E,1481.46044921875
4050,4117,745A6403,5775,0.6645390391349792,182.1768341064453,33.124855041503906,156996.875,E,1915.7637939453125
4051,4069,745A6403,5776,0.9604721069335938,194.24737548828125,27.76138687133789,117578.3515625,E,2292.627685546875
4051,4136,745A6403,5777,0.43192026019096375,86.53333282470703,29.140466690063477,57712.02734375,E,2231.91943359375
4052,4061,745A6403,5778,0.649545431137085,71.87076568603516,15.884830474853516,14243.19140625,E,1382.9248046875
4052,4077,745A6403,5779,0.06587135046720505,28.251487731933594,28.748748779296875,18338.72265625,E,1382.0611572265625
4053,4058,745A6403,5780,0.14867937564849854,42.100921630859375,33.66410827636719,37472.765625,E,1774.560546875
4053,4180,745A6403,5781,20.95163345336914,103.60371398925781,9.089009284973145,6721.99658203125,E,1812.4501953125
4054,4059,745A6403,5782,0.29509419202804565,80.53620910644531,33.053104400634766,69104.375,E,2263.537353515625
4054,4181,745A6403,5783,0.7091596126556396,169.8457489013672,29.029491424560547,112414.78125,E,2190.99169921875
4055,4082,745A6403,5784,0.2634355127811432,66.686767578125,28.506629943847656,42561.9296875,E,2023.78955078125
4056,4061,745A6403,5785,0.09161379933357239,21.364927291870117,30.670299530029297,15784.373046875,E,1412.08251953125
4056,4099,745A6403,5786,0.2146616131067276,47.4691276550293,29.777381896972656,33057.81640625,E,1439.1771240234375
4057,4058,745A6403,5787,0.04374346137046814,12.51528263092041,33.8306999206543,11249.9990234375,E,1752.3321533203125
4057,4089,745A6403,5788,0.6015844941139221,167.95899963378906,33.460269927978516,147690.328125,E,1681.4921875
4058,4097,745A6403,5789,1.1751116514205933,28.511999130249023,13.988126754760742,4381.6396484375,E,1763.0587158203125
4059,4087,745A6403,5790,0.12427633255720139,45.32184600830078,30.719934463500977,33592.16796875,E,2319.482177734375
4060,4071,745A6403,5791,0.03320377320051193,9.923283576965332,34.568504333496094,9313.361328125,E,1581.820556640625
4061,4077,745A6403,5792,0.07512230426073074,19.84656524658203,32.50642013549805,16470.755859375,E,1400.7138671875
4062,4063,745A6403,5793,0.019086461514234543,5.184000015258789,32.96805953979492,4425.2890625,E,1183.3272705078125
4062,4208,745A6403,5794,0.7763722538948059,113.3427734375,23.305402755737305,48350.05078125,E,1215.5224609375
4063,4091,745A6403,5795,0.17861150205135345,39.6931266784668,29.94693946838379,27958.2578125,E,1204.833984375
4064,4076,745A6403,5796,0.07158146798610687,18.772924423217773,32.389793395996094,15468.142578125,E,1645.09716796875
4064,4083,745A6403,5797,0.2344382405281067,57.20820617675781,31.366405487060547,44205.64453125,E,1678.0428466796875
4065,4067,745A6403,5798,0.8420568108558655,42.54563903808594,10.592503547668457,3749.23095703125,E,1103.6092529296875
4065,4115,745A6403,5799,0.11848349124193192,41.65620803833008,29.82024574279785,29093.23828125,E,1090.8035888671875
4066,4071,745A6403,5800,0.1559825986623764,42.54563903808594,33.136539459228516,36690.97265625,E,1604.7998046875
4066,4076,745A6403,5801,0.06244298815727234,17.699283599853516,33.64643096923828,15737.0576171875,E,1631.64599609375
4067,4150,745A6403,5802,0.2085801661014557,58.726558685302734,27.82215690612793,35703.10546875,E,1131.8858642578125
4068,4072,745A6403,5803,0.009566734544932842,2.5920000076293945,32.920440673828125,2206.25732421875,E,776.6851196289062
4069,4070,745A6403,5804,0.018998175859451294,5.184000015258789,33.03609085083008,4443.5712890625,E,2364.064697265625
4070,4104,745A6403,5805,0.18274283409118652,48.54277038574219,32.547969818115234,40388.921875,E,2388.55615234375
4071,4113,745A6403,5806,0.0766434371471405,33.25128173828125,31.828535079956055,26456.44921875,E,1589.2674560546875
4072,4109,745A6403,5807,0.42537814378738403,49.43220520019531,22.49278450012207,19642.02734375,E,785.6642456054688
4072,4189,745A6403,5808,0.3908175826072693,97.9749755859375,31.638978958129883,77028.234375,E,823.9662475585938
4073,4094,745A6403,5809,0.3894425630569458,23.512208938598633,15.94386100769043,4694.29443359375,E,756.5531005859375
4073,6114,745A6403,5810,2.5079338550567627,750.0022583007812,35.55324935913086,744579.5,F,375.002685546875
4074,4107,745A6403,5811,0.11268149316310883,31.2882080078125,33.3267707824707,27293.36328125,E,1049.34716796875
4075,4083,745A6403,5812,0.03591446578502655,9.923283576965332,33.236785888671875,8609.607421875,E,1706.365234375
4075,4103,745A6403,5813,0.41124939918518066,113.3427734375,33.240013122558594,98357.1796875,E,1759.76416015625
4076,4234,745A6403,5814,0.48347461223602295,137.22341918945312,29.189464569091797,91827.0,E,1687.8338623046875
4077,4093,745A6403,5815,0.08028896898031235,20.920207977294922,32.200279235839844,17036.294921875,E,1393.5130615234375
4078,4144,745A6403,5816,0.14124959707260132,53.09784698486328,25.761259078979492,27675.849609375,E,1302.5
4078,4164,745A6403,5817,0.4192756414413452,101.38011169433594,31.231718063354492,77666.6171875,E,1343.652587890625
4079,4080,745A6403,5818,0.009983163326978683,2.5920000076293945,32.22652053833008,2114.227294921875,E,993.5996704101562
4079,4100,745A6403,5819,0.12796804308891296,31.2882080078125,31.228313446044922,23964.4609375,E,1008.1568603515625
4080,4133,745A6403,5820,0.08671106398105621,46.8402099609375,27.90311622619629,28642.71484375,E,1000.2704467773438
4081,4098,745A6403,5821,0.12345770746469498,23.512208938598633,23.178329467773438,9920.8203125,E,2110.36181640625
4081,4108,745A6403,5822,0.27576419711112976,60.42912673950195,29.504287719726562,41314.87890625,E,2145.4580078125
4082,4121,745A6403,5823,0.18791478872299194,56.31876754760742,28.380125045776367,35626.375,E,1982.427978515625
4083,4209,745A6403,5824,0.31899169087409973,107.89826965332031,30.438142776489258,78512.8359375,E,1735.719482421875
4084,4130,745A6403,5825,0.2808874547481537,73.57333374023438,29.00069236755371,48598.96875,E,954.9832763671875
4084,4221,745A6403,5826,0.39486783742904663,104.49311828613281,32.671226501464844,87600.875,E,961.3078002929688
4085,4094,745A6403,5827,0.160911425948143,11.441641807556152,19.621644973754883,3459.784423828125,E,755.12744140625
4085,6114,745A6403,5828,2.5189507007598877,750.5350952148438,35.55324935913086,745108.4375,F,375.2510986328125
4086,4153,745A6403,5829,0.27812251448631287,76.16533660888672,33.14167404174805,65704.65625,E,940.6981811523438
4086,6114,745A6403,5830,2.906991481781006,907.6627197265625,35.55324935913086,901100.0,F,453.8322448730469
4087,4105,745A6403,5831,0.21329812705516815,55.689849853515625,32.31019973754883,45660.9765625,E,2365.595703125
4087,4143,745A6403,5832,0.1622849702835083,38.880001068115234,12.619842529296875,4863.22119140625,E,2345.25439453125
4088,4090,745A6403,5833,1.8101458549499512,42.54563903808594,10.478550910949707,3668.997314453125,E,989.691162109375
4088,4165,745A6403,5834,0.20843222737312317,52.913639068603516,26.46084976196289,29098.1328125,E,988.4278564453125
4089,4141,745A6403,5835,0.2850729525089264,79.83097076416016,33.476200103759766,70264.125,E,1591.382568359375
4090,4092,745A6403,5836,0.07894651591777802,2.5920000076293945,11.459904670715332,267.3541564941406,E,1007.95947265625
4090,4095,745A6403,5837,0.2283531129360199,13.588924407958984,11.340849876403809,1372.670166015625,E,1010.233642578125
4091,4101,745A6403,5838,0.06666894257068634,13.588924407958984,28.548736572265625,8698.587890625,E,1229.46630859375
4092,4095,745A6403,5839,0.10572943091392517,3.6656415462493896,11.776250839233398,399.25830078125,E,1010.5892333984375
4093,4127,745A6403,5840,0.1417037844657898,24.401639938354492,22.56945037841797,9762.271484375,E,1398.488037109375
4094,4109,745A6403,5841,0.11315572261810303,31.73292350769043,13.551875114440918,4577.18798828125,E,771.8084716796875
4094,4131,745A6403,5842,0.13314515352249146,29.769845962524414,22.70551300048828,12053.943359375,E,766.1139526367188
4095,4107,745A6403,5843,1.8145275115966797,61.76327896118164,12.362123489379883,7413.2109375,E,1038.3143310546875
4096,4101,745A6403,5844,0.040103357285261154,8.849641799926758,29.665132522583008,6116.57275390625,E,1238.78515625
4096,4102,745A6403,5845,0.08012885600328445,19.217641830444336,30.950927734375,14458.96875,E,1250.0994873046875
4098,4155,745A6403,5846,0.25906237959861755,45.32184600830078,16.970457077026367,10251.4326171875,E,2118.335205078125
4099,4118,745A6403,5847,0.08170677721500397,26.10420799255371,28.20245933532715,16307.0107421875,E,1448.35888671875
4099,4139,745A6403,5848,0.14042194187641144,30.214567184448242,29.358064651489258,20453.19140625,E,1465.6602783203125
4100,4129,745A6403,5849,0.1287914365530014,50.061126708984375,30.944433212280273,37649.18359375,E,1044.08837890625
4100,4151,745A6403,5850,0.09789659082889557,42.28512954711914,20.531906127929688,14000.259765625,E,1026.595703125
4101,4177,745A6403,5851,0.3632306754589081,51.39527893066406,21.287052154541016,18291.28125,E,1248.0194091796875
4102,4110,745A6403,5852,0.0425775870680809,9.923283576965332,30.512126922607422,7255.8828125,E,1261.72802734375
4103,4106,745A6403,5853,0.1410035789012909,39.5089225769043,33.48373794555664,34789.8828125,E,1829.449462890625
4105,4142,745A6403,5854,0.16971522569656372,45.95077133178711,32.90955352783203,39086.48828125,E,2412.11962890625
4106,4112,745A6403,5855,0.15566080808639526,43.17456817626953,33.30439376831055,37611.5234375,E,1866.06494140625
4107,4119,745A6403,5856,0.039721690118312836,10.99692440032959,33.26740264892578,9558.7021484375,E,1067.654052734375
4108,4156,745A6403,5857,0.07778914272785187,29.58563995361328,16.51124382019043,6334.76416015625,E,2177.127685546875
4109,4140,745A6403,5858,0.1477149873971939,19.217641830444336,16.7888126373291,4254.31787109375,E,791.7789916992188
4110,4132,745A6403,5859,0.17975477874279022,44.24820327758789,31.392282485961914,34247.6953125,E,1285.6429443359375
4110,4154,745A6403,5860,0.1009184867143631,26.993640899658203,26.164913177490234,14514.09375,E,1272.9365234375
4111,4137,745A6403,5861,0.5334832072257996,152.85169982910156,33.871150970458984,137727.3125,E,2595.064208984375
4112,4125,745A6403,5862,0.16383807361125946,47.28491973876953,33.98513412475586,42893.40625,E,1906.5487060546875
4113,4198,745A6403,5863,0.3264918923377991,62.392208099365234,28.163267135620117,38867.47265625,E,1599.5047607421875
4113,4253,745A6403,5864,2.9522364139556885,137.74441528320312,13.774169921875,20525.546875,E,1644.1173095703125
4114,4157,745A6403,5865,0.07456560432910919,26.993640899658203,27.91332244873047,16518.64453125,E,1200.07861328125
4114,4167,745A6403,5866,0.153500035405159,52.468929290771484,24.623998641967773,24986.720703125,E,1213.703857421875
4115,4123,745A6403,5867,0.0165589340031147,6.257641315460205,29.756977081298828,4351.892578125,E,1096.6619873046875
4115,4126,745A6403,5868,0.02801739051938057,8.849641799926758,29.89984130859375,6213.74365234375,E,1100.3897705078125
4116,4134,745A6403,5869,0.08726619184017181,17.254566192626953,28.78412628173828,11227.939453125,E,759.0282592773438
4116,6114,745A6403,5870,2.5452065467834473,750.8080444335938,35.55324935913086,745379.4375,F,375.40576171875
4117,4120,745A6403,5871,0.022320330142974854,6.257641315460205,33.47149658203125,5506.18505859375,E,2004.3907470703125
4117,4135,745A6403,5872,0.04335673525929451,14.033641815185547,32.54490661621094,11674.177734375,E,2004.169677734375
4118,4127,745A6403,5873,0.26553523540496826,52.024208068847656,28.24237632751465,32591.009765625,E,1424.7486572265625
4118,4139,745A6403,5874,0.12899890542030334,34.32492446899414,26.53228187561035,18977.921875,E,1456.4833984375
4119,4171,745A6403,5875,0.6498673558235168,134.2629852294922,26.560272216796875,74389.4296875,E,1127.890380859375
4119,4231,745A6403,5876,0.4193381071090698,99.04861450195312,28.686262130737305,64015.65625,E,1118.332763671875
4120,4135,745A6403,5877,0.042689789086580276,11.441641807556152,32.77757263183594,9654.544921875,E,2008.5941162109375
4120,4160,745A6403,5878,0.2897263169288635,92.16205596923828,32.35211944580078,75761.3125,E,2047.55712890625
4121,4122,745A6403,5879,0.14925624430179596,43.61928176879883,34.206233978271484,40084.7265625,E,1950.260009765625
4121,4138,745A6403,5880,0.09005773067474365,25.03056526184082,33.34223556518555,21854.958984375,E,1980.740478515625
4122,4125,745A6403,5881,0.012516452930867672,3.6656415462493896,34.226646423339844,3372.629150390625,E,1929.1741943359375
4123,4126,745A6403,5882,0.027712609618902206,6.257641315460205,30.04951286315918,4437.87841796875,E,1100.6090087890625
4123,4128,745A6403,5883,0.08078645914793015,38.435279846191406,31.07083511352539,29142.431640625,E,1084.5213623046875
4124,4173,745A6403,5884,0.14740703999996185,41.84041213989258,33.71169662475586,37346.25390625,E,890.7706298828125
4125,4213,745A6403,5885,0.18749196827411652,66.5025634765625,27.233009338378906,38736.42578125,E,1935.0716552734375
4126,4150,745A6403,5886,0.20806828141212463,48.98748779296875,30.7618408203125,36408.23828125,E,1125.4449462890625
4127,4164,745A6403,5887,0.11840071529150009,36.027488708496094,26.58476448059082,19998.134765625,E,1396.4398193359375
4128,4129,745A6403,5888,0.02374166063964367,7.331283092498779,35.14507293701172,7112.115234375,E,1069.076171875
4128,4342,745A6403,5889,0.9215086698532104,248.7109832763672,32.937042236328125,211911.265625,E,1183.6385498046875
4129,4161,745A6403,5890,0.09980415552854538,28.251487731933594,33.63703918457031,25105.376953125,E,1064.8006591796875
4130,4133,745A6403,5891,0.10499025136232376,23.956926345825195,30.205984115600586,17167.49609375,E,999.8681640625
4130,4185,745A6403,5892,0.1379510462284088,38.435279846191406,27.15069007873535,22252.6484375,E,1004.315185546875
4131,4134,745A6403,5893,0.07174414396286011,14.033641815185547,27.95073890686035,8610.8662109375,E,769.1333618164062
4131,4152,745A6403,5894,0.13036057353019714,23.512208938598633,26.86903953552246,13331.763671875,E,782.6355590820312
4132,4178,745A6403,5895,0.3656255304813385,79.2020492553711,30.116031646728516,56418.53515625,E,1342.8831787109375
4132,4212,745A6403,5896,0.2753399610519409,61.318565368652344,22.393245697021484,24149.935546875,E,1316.8155517578125
4133,4145,745A6403,5897,0.032348133623600006,7.331283092498779,30.10393714904785,5218.1484375,E,1012.6762084960938
4134,4174,745A6403,5898,0.0992918610572815,30.214563369750977,26.771364212036133,17007.763671875,E,775.93603515625
4135,4252,745A6403,5899,0.29443296790122986,86.34913635253906,31.076526641845703,65495.703125,E,2012.751953125
4135,4331,745A6403,5900,0.9855309724807739,167.25372314453125,27.13867950439453,96748.2421875,E,2069.64453125
4136,4156,745A6403,5901,0.4477218985557556,89.38585662841797,28.701248168945312,57830.94140625,E,2221.19189453125
4136,4172,745A6403,5902,10.54749870300293,254.93701171875,26.58266258239746,141488.03125,E,2268.6162109375
4137,4148,745A6403,5903,0.3025127947330475,74.278564453125,31.471370697021484,57780.953125,E,2495.91357421875
4138,4206,745A6403,5904,0.47617217898368835,131.855224609375,33.31563949584961,114943.2734375,E,2051.5830078125
4138,4227,745A6403,5905,0.4738515317440033,69.7234878540039,18.8740291595459,19507.34765625,E,2008.869873046875
4139,4293,745A6403,5906,0.8046298027038574,131.4104766845703,24.989452362060547,64451.546875,E,1527.1904296875
4140,4152,745A6403,5907,0.27360138297080994,29.14092445373535,15.409133911132812,5434.37548828125,E,796.9095458984375
4140,4216,745A6403,5908,0.9273337125778198,76.34953308105469,16.556602478027344,16437.611328125,E,836.6109619140625
4141,4147,745A6403,5909,0.05858374387025833,16.625642776489258,33.69599533081055,14826.0302734375,E,1562.600341796875
4141,4267,745A6403,5910,2.6436851024627686,109.67713928222656,22.423940658569336,43314.16015625,E,1578.863525390625
4142,4148,745A6403,5911,0.06022777035832405,32.17763900756836,32.11280822753906,26061.572265625,E,2447.83837890625
4142,4257,745A6403,5912,0.37377381324768066,85.27547454833984,27.5584659576416,50865.59375,E,2450.360107421875
4143,4197,745A6403,5913,0.5329829454421997,140.52061462402344,32.45768737792969,116269.296875,E,2294.4326171875
4143,4257,745A6403,5914,1.0397305488586426,155.3673858642578,25.15713882446289,77227.546875,E,2415.83984375
4144,4149,745A6403,5915,0.012519709765911102,2.5920000076293945,28.777320861816406,1685.8759765625,E,1306.70849609375
4145,4151,745A6403,5916,0.05531667545437813,12.51528263092041,30.075363159179688,8891.0341796875,E,1021.614501953125
4145,4185,745A6403,5917,0.24540692567825317,46.211280822753906,19.009944915771484,13115.9453125,E,1024.4488525390625
4146,4178,745A6403,5918,0.044138021767139435,29.769847869873047,25.743118286132812,15494.900390625,E,1382.02685546875
4147,4166,745A6403,5919,0.21854981780052185,59.35548782348633,32.99235916137695,50743.15625,E,1536.478759765625
4148,4349,745A6403,5920,1.13966703414917,276.59405517578125,31.59242057800293,216819.609375,E,2574.782470703125
4149,4184,745A6403,5921,0.1797504723072052,51.57948684692383,27.171777725219727,29909.076171875,E,1296.396728515625
4149,4246,745A6403,5922,0.5630637407302856,90.0147705078125,21.577646255493164,32916.359375,E,1346.2152099609375
4150,4157,745A6403,5923,0.29557475447654724,76.87055969238281,32.253265380859375,62805.44140625,E,1176.4775390625
4151,4162,745A6403,5924,0.0325353778898716,7.331283092498779,30.0154972076416,5187.53369140625,E,1031.228515625
4152,4254,745A6403,5925,0.27776777744293213,83.94132995605469,31.04898452758789,63556.578125,E,829.2750854492188
4153,4170,745A6403,5926,0.07269266992807388,19.846567153930664,33.06330108642578,17039.92578125,E,984.718994140625
4154,4177,745A6403,5927,0.11970319598913193,37.990562438964844,17.34292984008789,8974.505859375,E,1271.8133544921875
4154,4218,745A6403,5928,0.29445701837539673,48.803279876708984,20.843149185180664,16651.966796875,E,1293.2703857421875
4155,4160,745A6403,5929,0.1772829294204712,43.61928176879883,31.568614959716797,34141.25,E,2107.018798828125
4155,4172,745A6403,5930,0.2297215759754181,56.134559631347656,31.294485092163086,43177.33203125,E,2153.228515625
4156,4172,745A6403,5931,0.058015599846839905,13.588926315307617,30.55294418334961,9962.794921875,E,2181.8466796875
4157,4167,745A6403,5932,0.08707714080810547,23.956926345825195,33.18803024291992,20724.4921875,E,1218.52294921875
4158,4169,745A6403,5933,0.06846290826797485,7.776000022888184,23.511686325073242,3376.08740234375,E,758.1300659179688
4158,6114,745A6403,5934,2.5762670040130615,754.6682739257812,35.55324935913086,749211.75,F,377.33624267578125
4159,4180,745A6403,5935,1.9746406078338623,23.512208938598633,5.363603115081787,531.2470703125,E,1843.9659423828125
4160,4243,745A6403,5936,0.3277631402015686,88.23590087890625,30.246801376342773,63400.7109375,E,2123.4658203125
4161,4162,745A6403,5937,0.19896960258483887,40.58256530761719,23.343875885009766,17369.01953125,E,1047.412841796875
4161,4199,745A6403,5938,0.07373610138893127,34.32492446899414,11.857889175415039,3790.655029296875,E,1066.6357421875
4162,4168,745A6403,5939,0.028391513973474503,6.257641315460205,29.702552795410156,4335.98828125,E,1037.228515625
4163,4171,745A6403,5940,0.027683377265930176,7.331283092498779,32.53266143798828,6094.09228515625,E,1188.5140380859375
4163,4217,745A6403,5941,0.1968771517276764,55.689849853515625,28.34401512145996,35138.9375,E,1214.1971435546875
4164,4237,745A6403,5942,0.36249279975891113,101.19591522216797,33.4288215637207,88816.7734375,E,1436.039306640625
4165,4170,745A6403,5943,0.06965848803520203,19.217641830444336,33.2036247253418,16640.29296875,E,999.0518798828125
4165,4231,745A6403,5944,0.6643139123916626,181.7321014404297,33.11367416381836,156507.90625,E,1084.2838134765625
4166,4183,745A6403,5945,0.1479530781507492,33.88020324707031,30.336942672729492,24489.4765625,E,1504.8602294921875
4167,4184,745A6403,5946,0.25579747557640076,70.16820526123047,33.11275863647461,60425.60546875,E,1258.438720703125
4167,4342,745A6403,5947,8.79317569732666,139.7074737548828,13.144704818725586,18958.814453125,E,1267.3924560546875
4168,4199,745A6403,5948,0.1970646232366562,34.509132385253906,26.879243850708008,19582.044921875,E,1056.928466796875
4168,4228,745A6403,5949,1.156727910041809,49.43220901489258,11.833398818969727,5436.49365234375,E,1050.397705078125
4169,4174,745A6403,5950,0.8647404313087463,41.027278900146484,8.823685646057129,2508.780517578125,E,772.510009765625
4169,4179,745A6403,5951,0.08914385735988617,9.923283576965332,21.13908576965332,3482.713134765625,E,763.90380859375
4170,4271,745A6403,5952,0.43296128511428833,88.68061065673828,26.626344680786133,49378.92578125,E,1028.588623046875
4171,4226,745A6403,5953,0.1479426920413971,41.47200012207031,26.195526123046875,22351.109375,E,1199.8800048828125
4173,4182,745A6403,5954,4.343255519866943,47.28491973876953,15.436344146728516,8849.1474609375,E,898.540283203125
4173,4194,745A6403,5955,0.08578024804592133,24.585847854614258,33.84651565551758,22120.91015625,E,922.90234375
4174,4190,745A6403,5956,0.07105963677167892,14.033641815185547,28.076597213745117,8688.587890625,E,789.9354858398438
4175,4179,745A6403,5957,0.12996768951416016,14.033641815185547,19.587970733642578,4229.0146484375,E,761.4408569335938
4175,6114,745A6403,5958,2.593496084213257,758.2297973632812,35.55324935913086,752747.5625,F,379.10467529296875
4176,4207,745A6403,5959,0.13137495517730713,30.214563369750977,30.738487243652344,22421.837890625,E,948.5151977539062
4176,6114,745A6403,5960,3.001197338104248,935.3206176757812,35.55324935913086,928557.9375,F,467.6411437988281
4177,4204,745A6403,5961,0.06805138289928436,24.401639938354492,29.17530632019043,16313.2216796875,E,1266.223388671875
4178,4205,745A6403,5962,0.0617942288517952,23.328001022338867,28.91338539123535,15316.7021484375,E,1385.065673828125
4179,4191,745A6403,5963,0.10526923090219498,12.51528263092041,21.740142822265625,4645.74462890625,E,771.1063232421875
4180,4188,745A6403,5964,0.1351301372051239,8.849641799926758,16.179590225219727,1819.4940185546875,E,1839.5142822265625
4181,4197,745A6403,5965,0.4150362014770508,108.60350036621094,32.571937561035156,90494.234375,E,2194.257080078125
4181,4206,745A6403,5966,0.13041481375694275,47.4691276550293,30.573352813720703,34848.75390625,E,2127.876953125
4182,4186,745A6403,5967,0.11172448098659515,2.5920000076293945,9.633260726928711,188.91722106933594,E,889.1668701171875
4182,4187,745A6403,5968,0.3519802689552307,13.588924407958984,9.25228500366211,913.635498046875,E,887.0128173828125
4183,4195,745A6403,5969,0.2591770887374878,79.64676666259766,26.455747604370117,43782.25,E,1469.2896728515625
4183,4196,745A6403,5970,0.05694335699081421,14.662566184997559,32.06732940673828,11842.0107421875,E,1493.3331298828125
4184,4193,745A6403,5971,0.04504891112446785,10.99692440032959,31.26217269897461,8441.107421875,E,1295.36376953125
4185,4250,745A6403,5972,0.23650887608528137,46.211280822753906,28.127620697021484,28714.671875,E,1036.111328125
4186,4187,745A6403,5973,0.13220500946044922,3.6656415462493896,10.53127670288086,319.3022155761719,E,890.369873046875
4187,4200,745A6403,5974,1.0494966506958008,31.73292350769043,8.566137313842773,1828.816162109375,E,885.4993896484375
4189,4200,745A6403,5975,0.054976269602775574,17.699283599853516,28.81814193725586,11544.5625,E,872.1819458007812
4189,4216,745A6403,5976,0.10568319261074066,23.512208938598633,29.930458068847656,16542.83984375,E,869.1298828125
4190,4191,745A6403,5977,0.3609238862991333,41.47200012207031,19.203590393066406,12011.845703125,E,784.9136962890625
4190,4225,745A6403,5978,0.12264003604650497,25.47528076171875,28.834468841552734,16635.380859375,E,805.812255859375
4191,4201,745A6403,5979,0.05543691664934158,9.923283576965332,21.259841918945312,3522.616455078125,E,777.90869140625
4192,4210,745A6403,5980,0.13799020648002625,18.772924423217773,24.5700626373291,8900.9091796875,E,769.9909057617188
4192,6114,745A6403,5981,2.607327699661255,761.382080078125,35.55324935913086,755877.0,F,380.6933288574219
4193,4247,745A6403,5982,0.2661556899547577,77.68368530273438,30.302202224731445,56023.22265625,E,1334.9290771484375
4193,4356,745A6403,5983,1.0523943901062012,139.00225830078125,22.543109893798828,55480.375,E,1351.6220703125
4194,4215,745A6403,5984,0.0747339054942131,20.920207977294922,33.46566390991211,18401.56640625,E,944.3842163085938
4194,4286,745A6403,5985,0.2786090672016144,74.01805114746094,24.936262130737305,36148.4921875,E,945.859375
4195,4196,745A6403,5986,0.06307955086231232,31.104000091552734,31.4072265625,24097.12890625,E,1477.456298828125
4195,4202,745A6403,5987,0.11837814748287201,28.067279815673828,30.80156898498535,20913.939453125,E,1453.6597900390625
4196,4249,745A6403,5988,0.26037833094596863,67.3156967163086,32.22651672363281,54907.66015625,E,1522.68896484375
4197,4276,745A6403,5989,0.42033568024635315,116.3031997680664,31.320096969604492,89604.0703125,E,2295.03955078125
4198,4203,745A6403,5990,0.15815408527851105,33.25128173828125,20.668941497802734,11156.673828125,E,1597.3011474609375
4198,4235,745A6403,5991,0.022236227989196777,31.2882080078125,21.593196868896484,11457.884765625,E,1624.1826171875
4199,4214,745A6403,5992,0.07619703561067581,16.180925369262695,29.178709030151367,10819.953125,E,1080.31689453125
4200,4269,745A6403,5993,0.21181243658065796,51.57948684692383,25.61556053161621,26581.201171875,E,901.6201782226562
4201,4210,745A6403,5994,0.09487007558345795,23.956926345825195,23.01369285583496,9965.3740234375,E,779.8707275390625
4201,4225,745A6403,5995,0.5002835392951965,56.13456726074219,18.543441772460938,15160.060546875,E,800.8053588867188
4202,4205,745A6403,5996,0.2611841857433319,65.4289321899414,31.689340591430664,51604.328125,E,1416.9765625
4202,4347,745A6403,5997,3.323119640350342,126.93169403076172,12.671793937683105,16007.9658203125,E,1483.2010498046875
4203,4236,745A6403,5998,0.09102879464626312,19.217641830444336,29.07836151123047,12762.326171875,E,1589.8321533203125
4204,4211,745A6403,5999,0.02740606665611267,7.331283092498779,32.70273971557617,6157.978515625,E,1271.7354736328125
4204,4232,745A6403,6000,0.14282774925231934,36.472206115722656,31.98788833618164,29310.48828125,E,1288.6978759765625
4205,4219,745A6403,6001,0.051911063492298126,13.588924407958984,32.348976135253906,11168.53125,E,1388.61474609375
4206,4264,745A6403,6002,0.18773020803928375,50.69004821777344,32.89748001098633,43086.1640625,E,2134.050048828125
4207,4239,745A6403,6003,0.07241751253604889,20.920207977294922,27.56500244140625,12484.5224609375,E,962.7326049804688
4207,4266,745A6403,6004,0.2661651372909546,68.38933563232422,32.0521125793457,55181.25390625,E,990.3477172851562
4208,4211,745A6403,6005,0.09346193075180054,23.956924438476562,32.05190658569336,19329.859375,E,1261.4951171875
4208,4222,745A6403,6006,0.1165815070271492,29.14092445373535,31.625368118286133,22890.978515625,E,1243.699951171875
4209,4220,745A6403,6007,0.023573486134409904,6.257641315460205,32.58028030395508,5216.8720703125,E,1776.463623046875
4209,4224,745A6403,6008,0.560971200466156,137.56021118164062,31.74925422668457,108905.4921875,E,1838.995849609375
4210,4261,745A6403,6009,0.3314295709133148,54.80040740966797,25.689828872680664,28405.083984375,E,785.2885131835938
4211,4275,745A6403,6010,0.727290153503418,44.24820327758789,13.458574295043945,6294.82470703125,E,1282.3525390625
4212,4219,745A6403,6011,0.2304973304271698,74.90748596191406,31.236173629760742,57402.4921875,E,1356.06689453125
4212,4223,745A6403,6012,0.040640074759721756,9.923283576965332,31.246862411499023,7609.53466796875,E,1325.4921875
4213,4227,745A6403,6013,0.3934699594974518,98.68020629882812,31.710214614868164,77932.4453125,E,1986.2364501953125
4213,4233,745A6403,6014,0.05051155760884285,14.662566184997559,34.026634216308594,13333.306640625,E,1937.8096923828125
4214,4228,745A6403,6015,0.9262717962265015,36.91692352294922,13.012157440185547,4909.2373046875,E,1076.874267578125
4214,4343,745A6403,6016,0.46504825353622437,127.03963470458984,33.05954360961914,109049.2890625,E,1147.8409423828125
4215,4221,745A6403,6017,0.2838149666786194,65.42892456054688,21.914648056030273,24679.0625,E,976.1319580078125
4215,4294,745A6403,6018,0.22660574316978455,61.947486877441406,28.611494064331055,39828.56640625,E,981.897705078125
4216,4242,745A6403,6019,0.057769592851400375,14.033641815185547,31.138017654418945,10686.6650390625,E,877.0452270507812
4217,4222,745A6403,6020,0.014055944979190826,3.6656415462493896,32.297950744628906,3003.23828125,E,1233.880615234375
4217,4226,745A6403,6021,0.12526372075080872,32.80656814575195,32.35407638549805,26971.72265625,E,1223.428955078125
4218,4223,745A6403,6022,0.0791621059179306,19.217641830444336,31.185638427734375,14679.0947265625,E,1314.7764892578125
4218,4232,745A6403,6023,0.043645430356264114,10.99692440032959,31.726486206054688,8693.7080078125,E,1305.8868408203125
4219,4385,745A6403,6024,0.5324136018753052,143.11260986328125,32.840843200683594,121226.171875,E,1433.3900146484375
4220,4241,745A6403,6025,0.12670040130615234,45.32184600830078,31.001953125,34211.7734375,E,1760.955322265625
4220,4248,745A6403,6026,0.07513461261987686,18.772924423217773,31.52385139465332,14652.1162109375,E,1784.6124267578125
4221,4229,745A6403,6027,0.025251146405935287,7.331283092498779,34.08378219604492,6689.0654296875,E,1002.6886596679688
4222,4282,745A6403,6028,0.4213801622390747,66.0578384399414,20.09388542175293,20947.9765625,E,1258.800048828125
4223,4323,745A6403,6029,0.33384254574775696,91.27261352539062,30.88800048828125,68392.734375,E,1357.030517578125
4224,4233,745A6403,6030,0.12108064442873001,35.84328079223633,34.37971496582031,33273.78125,E,1917.650146484375
4224,4332,745A6403,6031,0.24780386686325073,86.7938461303711,29.263925552368164,58377.296875,E,1910.817138671875
4225,4362,745A6403,6032,0.4492875933647156,118.08206176757812,32.425262451171875,97508.1328125,E,856.1012573242188
4226,4240,745A6403,6033,0.21773561835289001,53.54256820678711,31.377487182617188,41402.390625,E,1193.711181640625
4227,4315,745A6403,6034,0.34109318256378174,86.08861541748047,31.861337661743164,68637.84375,E,2062.052001953125
4228,4318,745A6403,6035,0.4852831959724426,77.05477142333984,23.062681198120117,32189.11328125,E,1098.6607666015625
4229,4250,745A6403,6036,0.2438899427652359,54.6161994934082,19.223148345947266,15851.134765625,E,1026.7760009765625
4229,4259,745A6403,6037,0.07131718099117279,20.291284561157227,33.72150802612305,18122.3046875,E,1010.0000610351562
4230,4262,745A6403,6038,0.11987417936325073,19.217641830444336,26.101137161254883,10282.7392578125,E,779.5047607421875
4230,6114,745A6403,6039,2.638388156890869,770.8749389648438,35.55324935913086,765301.25,F,385.4397277832031
4231,4240,745A6403,6040,0.0915650948882103,24.401639938354492,32.704097747802734,20498.08203125,E,1165.4085693359375
4232,4283,745A6403,6041,0.12891949713230133,42.72984313964844,29.895761489868164,29994.4140625,E,1309.4683837890625
4233,4316,745A6403,6042,0.3248075544834137,98.60389709472656,28.753999710083008,64029.55078125,E,1977.212158203125
4234,4241,745A6403,6043,0.03382708504796028,8.849641799926758,32.348976135253906,7273.38623046875,E,1741.4510498046875
4234,4253,745A6403,6044,0.24966377019882202,69.7234878540039,33.46904373168945,61341.66796875,E,1712.296630859375
4235,4244,745A6403,6045,0.04747966676950455,7.331283092498779,24.85870933532715,3558.1728515625,E,1633.285400390625
4235,4273,745A6403,6046,0.29819297790527344,48.803279876708984,21.80042839050293,18216.66796875,E,1653.3179931640625
4236,4245,745A6403,6047,0.04559851437807083,9.923283576965332,29.476348876953125,6771.62158203125,E,1599.43603515625
4236,4299,745A6403,6048,0.7560518980026245,78.12841033935547,19.23845863342285,22711.1640625,E,1579.1962890625
4237,4285,745A6403,6049,1.771169900894165,121.302978515625,17.398374557495117,28838.900390625,E,1464.4150390625
4237,4293,745A6403,6050,0.327266126871109,89.75425720214844,33.1400146484375,77419.5,E,1525.9169921875
4238,4239,745A6403,6051,0.05914229527115822,12.960000038146973,25.098520278930664,6411.96484375,E,960.1179809570312
4238,6114,745A6403,6052,3.1120495796203613,955.8823852539062,35.55324935913086,948971.0,F,477.94219970703125
4239,4256,745A6403,6053,0.08389940112829208,16.180925369262695,27.76365089416504,9795.9462890625,E,969.826904296875
4240,4306,745A6403,6054,0.19088436663150787,67.13148498535156,26.3673095703125,36656.2265625,E,1199.2161865234375
4241,4289,745A6403,6055,0.13818831741809845,42.7298469543457,28.4854679107666,27231.271484375,E,1760.2327880859375
4242,4251,745A6403,6056,0.1732383519411087,42.100929260253906,31.2430419921875,32276.62890625,E,874.5059204101562
4242,4260,745A6403,6057,0.06228148937225342,17.254566192626953,29.5692081451416,11848.7705078125,E,890.4124755859375
4243,4297,745A6403,6058,0.16692423820495605,46.211280822753906,28.339303970336914,29148.501953125,E,2172.763671875
4243,4302,745A6403,6059,0.41405290365219116,89.7542495727539,30.217939376831055,64368.67578125,E,2201.941162109375
4244,4245,745A6403,6060,0.1626577526330948,33.25128173828125,20.741832733154297,11235.5029296875,E,1617.248779296875
4244,4290,745A6403,6061,0.29614779353141785,34.7696418762207,11.148661613464355,3394.185546875,E,1641.905029296875
4245,4296,745A6403,6062,0.16954506933689117,42.54563903808594,24.662776947021484,20324.921875,E,1615.9873046875
4246,4247,745A6403,6063,0.00964430719614029,2.5920000076293945,32.787776947021484,2188.511474609375,E,1373.212890625
4246,4285,745A6403,6064,0.23406846821308136,63.65005111694336,32.95348358154297,54286.43359375,E,1402.11181640625
4247,4368,745A6403,6065,0.3848891854286194,104.93785858154297,30.069490432739258,74520.234375,E,1401.2691650390625
4248,4258,745A6403,6066,0.05014646053314209,9.923283576965332,28.17524528503418,6187.0078125,E,1789.38671875
4248,4341,745A6403,6067,0.4585348963737488,124.4476318359375,31.197114944458008,95127.34375,E,1847.859130859375
4249,4267,745A6403,6068,0.08884507417678833,25.03056526184082,33.54633331298828,22123.337890625,E,1564.35107421875
4249,4347,745A6403,6069,0.4095936715602875,114.34013366699219,32.04963302612305,92243.265625,E,1547.8148193359375
4250,4281,745A6403,6070,0.08794727176427841,23.956924438476562,32.98847198486328,20476.009765625,E,1058.978759765625
4251,4254,745A6403,6071,0.009596459567546844,2.5920000076293945,32.869415283203125,2199.42333984375,E,868.491455078125
4252,4280,745A6403,6072,0.20355060696601868,46.8402099609375,25.88428497314453,24647.96484375,E,1999.1527099609375
4252,4324,745A6403,6073,0.2693275213241577,61.318565368652344,30.190013885498047,43894.3359375,E,2025.9552001953125
4253,4273,745A6403,6074,0.11437036097049713,31.2882080078125,33.041038513183594,26827.359375,E,1678.61669921875
4254,4265,745A6403,6075,0.023268740624189377,6.257641315460205,32.78437805175781,5282.4384765625,E,872.7056274414062
4254,4270,745A6403,6076,0.033082135021686554,12.51528263092041,32.7010383605957,10511.232421875,E,873.1874389648438
4255,4256,745A6403,6077,0.051516469568014145,15.552000045776367,26.5935115814209,8638.2841796875,E,967.4387817382812
4255,6114,745A6403,6078,3.146265983581543,962.4281616210938,35.55324935913086,955469.5,F,481.2151184082031
4256,4379,745A6403,6079,0.4974365234375,109.67713165283203,29.68094825744629,75885.96875,E,1006.8203735351562
4257,4386,745A6403,6080,0.552003800868988,122.37665557861328,30.842567443847656,91430.1640625,E,2503.194091796875
4258,4268,745A6403,6081,0.03779669851064682,6.257641315460205,25.627464294433594,3227.838623046875,E,1791.278564453125
4258,4277,745A6403,6082,0.09299618005752563,15.107283592224121,22.491214752197266,6002.08447265625,E,1789.76025390625
4259,4294,745A6403,6083,0.1897927075624466,57.39241409301758,29.783662796020508,39985.32421875,E,1008.4354858398438
4259,4357,745A6403,6084,0.28694719076156616,86.79385375976562,31.344987869262695,66975.359375,E,1046.9329833984375
4260,4269,745A6403,6085,0.1365329474210739,32.80656433105469,31.071687698364258,24875.986328125,E,909.1441040039062
4260,4307,745A6403,6086,0.17474907636642456,57.39241409301758,25.49820327758789,29306.47265625,E,906.81494140625
4261,4262,745A6403,6087,0.015554332174360752,2.5920000076293945,25.81795310974121,1356.9644775390625,E,789.2479248046875
4261,4313,745A6403,6088,0.26815199851989746,49.87691879272461,24.770267486572266,24035.375,E,812.833740234375
4262,4287,745A6403,6089,0.19970324635505676,33.435489654541016,25.86804962158203,17572.15234375,E,792.9912109375
4263,4288,745A6403,6090,0.12639175355434418,18.144001007080078,25.111278533935547,8985.87890625,E,787.365478515625
4263,6114,745A6403,6091,2.6584320068359375,778.722412109375,35.55324935913086,773092.0,F,389.3633117675781
4264,4292,745A6403,6092,0.41283702850341797,115.04535675048828,31.484201431274414,89566.234375,E,2205.99951171875
4264,4340,745A6403,6093,0.37136173248291016,91.45681762695312,31.498340606689453,71265.8203125,E,2191.31298828125
4265,4270,745A6403,6094,0.023921949788928032,6.257641315460205,32.3965950012207,5158.21240234375,E,877.11572265625
4266,4274,745A6403,6095,0.05313625931739807,13.588924407958984,32.00201416015625,10930.2373046875,E,1029.709716796875
4266,4304,745A6403,6096,0.6319670081138611,40.58256912231445,16.429607391357422,8603.6708984375,E,1032.66259765625
4267,4348,745A6403,6097,0.4485478401184082,129.00270080566406,33.91948318481445,116570.09375,E,1636.6002197265625
4268,4277,745A6403,6098,0.07209517806768417,8.849641799926758,22.470802307128906,3509.560546875,E,1794.1773681640625
4269,4278,745A6403,6099,0.04072289913892746,10.99692440032959,32.85921096801758,9325.5703125,E,924.7396850585938
4270,4307,745A6403,6100,0.10925033688545227,42.7298469543457,32.47959899902344,35403.203125,E,897.07080078125
4271,4274,745A6403,6101,0.33781543374061584,55.50564193725586,18.64198875427246,15149.9609375,E,1053.1253662109375
4271,4291,745A6403,6102,0.09573794156312943,23.512208938598633,31.320852279663086,18115.505859375,E,1084.1844482421875
4272,4275,745A6403,6103,0.017170364037156105,2.5920000076293945,24.572975158691406,1229.25048828125,E,1286.163330078125
4272,4279,745A6403,6104,0.04782292991876602,12.51528263092041,24.872312545776367,6080.83056640625,E,1283.069580078125
4273,4284,745A6403,6105,0.058165449649095535,13.588924407958984,30.54886245727539,9960.130859375,E,1666.48046875
4274,4314,745A6403,6106,0.21991030871868134,47.0244140625,29.347429275512695,31809.25,E,1057.998046875
4275,4279,745A6403,6107,0.037359919399023056,6.257641315460205,25.933603286743164,3305.416748046875,E,1285.830078125
4275,4283,745A6403,6108,0.10161230713129044,25.47528076171875,23.698768615722656,11237.259765625,E,1297.9149169921875
4276,4320,745A6403,6109,0.15897135436534882,39.95363998413086,16.862285614013672,8922.34765625,E,2354.5556640625
4276,4371,745A6403,6110,0.5822817087173462,139.99964904785156,31.040870666503906,105946.015625,E,2410.59033203125
4277,4289,745A6403,6111,0.13775025308132172,31.73292350769043,15.11319637298584,5692.6259765625,E,1785.9241943359375
4277,4317,745A6403,6112,0.26696962118148804,42.7298469543457,17.00362205505371,9702.95703125,E,1808.9505615234375
4278,4286,745A6403,6113,0.17050808668136597,48.35856628417969,28.733366012573242,31357.130859375,E,942.7024536132812
4278,4333,745A6403,6114,0.21701624989509583,54.171485900878906,31.646459579467773,42609.9375,E,952.7254638671875
4279,4282,745A6403,6115,0.02060612291097641,3.6656415462493896,26.675148010253906,2048.5830078125,E,1283.95068359375
4281,4318,745A6403,6116,0.5248857736587524,80.09149169921875,23.193635940551758,33838.72265625,E,1100.7149658203125
4281,4354,745A6403,6117,0.18723095953464508,64.98420715332031,31.330904006958008,50100.67578125,E,1086.1824951171875
4282,4301,745A6403,6118,0.14209508895874023,29.769847869873047,22.940217971801758,12304.431640625,E,1297.5284423828125
4283,4301,745A6403,6119,0.09934930503368378,22.438568115234375,30.027400970458984,15889.876953125,E,1311.0438232421875
4284,4290,745A6403,6120,0.1004229411482811,20.291284561157227,28.654865264892578,13085.6767578125,E,1656.3436279296875
4284,4325,745A6403,6121,0.06246881186962128,36.288002014160156,18.388914108276367,9637.515625,E,1671.9013671875
4285,4326,745A6403,6122,0.20479153096675873,52.83733367919922,32.16273880004883,42927.62109375,E,1459.1304931640625
4286,4300,745A6403,6123,0.1569737046957016,29.769847869873047,27.55071449279785,17747.296875,E,974.8352661132812
4287,4288,745A6403,6124,0.03134361654520035,5.184000015258789,25.715904235839844,2692.51708984375,E,796.7969970703125
4287,4327,745A6403,6125,0.23618349432945251,40.58256530761719,22.949495315551758,16787.099609375,E,815.2954711914062
4288,4308,745A6403,6126,0.4708613157272339,56.31876754760742,20.190048217773438,18030.9140625,E,802.7575073242188
4289,4321,745A6403,6127,0.14179497957229614,31.73292350769043,29.891340255737305,22268.490234375,E,1783.919189453125
4290,4298,745A6403,6128,0.0681246742606163,17.254566192626953,31.81492805480957,13716.89453125,E,1646.673095703125
4291,4295,745A6403,6129,0.28893908858299255,61.318565368652344,25.8939151763916,32290.69140625,E,1114.351318359375
4291,4311,745A6403,6130,0.09543653577566147,22.883283615112305,30.936187744140625,17200.529296875,E,1103.5924072265625
4292,4320,745A6403,6131,0.6455995440483093,108.78771209716797,24.70842170715332,52162.6640625,E,2307.782958984375
4292,4494,745A6403,6132,0.8715356588363647,224.309326171875,32.19992446899414,182661.453125,E,2353.52978515625
4293,4299,745A6403,6133,0.04794986918568611,13.588924407958984,33.64701461791992,12082.8125,E,1573.5084228515625
4294,4305,745A6403,6134,0.05046737194061279,13.588926315307617,32.814308166503906,11492.15625,E,1009.5631103515625
4295,4309,745A6403,6135,0.17936260998249054,43.174560546875,23.67291831970215,19002.966796875,E,1153.2369384765625
4295,4312,745A6403,6136,0.12961943447589874,21.809640884399414,21.25303840637207,7737.1396484375,E,1146.97216796875
4296,4298,745A6403,6137,0.0727892816066742,19.217641830444336,32.476531982421875,15919.494140625,E,1634.877197265625
4296,4310,745A6403,6138,0.10100013017654419,41.65620803833008,30.89990234375,31238.04296875,E,1613.1229248046875
4298,4325,745A6403,6139,0.11948945373296738,42.7298469543457,30.022302627563477,30248.875,E,1661.968017578125
4299,4310,745A6403,6140,0.0811472088098526,22.438568115234375,33.267398834228516,19503.95703125,E,1590.4771728515625
4300,4305,745A6403,6141,0.17270606756210327,33.25128173828125,28.365995407104492,21013.3046875,E,998.6177978515625
4300,4344,745A6403,6142,0.19260874390602112,38.435279846191406,13.939653396606445,5865.75390625,E,1000.0851440429688
4301,4346,745A6403,6143,0.1306954324245453,39.50892639160156,25.76947784423828,20606.126953125,E,1316.98876953125
4303,4308,745A6403,6144,0.13182951509952545,9.923283576965332,20.256376266479492,3197.9287109375,E,802.5081787109375
4303,6114,745A6403,6145,2.7019166946411133,799.0804443359375,35.55324935913086,793302.8125,F,399.54144287109375
4305,4369,745A6403,6146,0.16373275220394135,51.39527893066406,24.14211082458496,23526.837890625,E,1027.32666015625
4306,4322,745A6403,6147,0.16984425485134125,39.064205169677734,30.426115036010742,28402.84765625,E,1243.9110107421875
4306,4328,745A6403,6148,0.09812578558921814,24.585847854614258,31.675464630126953,19374.078125,E,1226.086669921875
4307,4319,745A6403,6149,0.02656196989119053,7.776000022888184,34.2164421081543,7150.1611328125,E,919.9540405273438
4308,4373,745A6403,6150,1.1295361518859863,64.09477233886719,14.643778800964355,10794.9052734375,E,830.8446044921875
4309,4312,745A6403,6151,0.12939636409282684,26.54892349243164,28.69364356994629,17167.546875,E,1164.98486328125
4309,4328,745A6403,6152,0.20932048559188843,64.98419952392578,30.5357608795166,47589.9375,E,1194.511474609375
4310,4367,745A6403,6153,0.21357105672359467,54.80040740966797,32.14261245727539,44466.81640625,E,1621.6219482421875
4311,4314,745A6403,6154,0.6852864623069763,50.32164001464844,14.465764045715332,8270.4169921875,E,1095.3681640625
4311,4413,745A6403,6155,0.34569695591926575,93.4198989868164,29.91290283203125,65651.765625,E,1154.425537109375
4313,4327,745A6403,6156,0.10454650968313217,34.32492446899414,14.252598762512207,5476.3046875,E,834.0303955078125
4313,4334,745A6403,6157,0.06666761636734009,14.033641815185547,28.96781349182129,9248.93359375,E,843.0462646484375
4314,4461,745A6403,6158,0.5923942923545837,121.93191528320312,28.869915008544922,79817.53125,E,1134.8782958984375
4315,4330,745A6403,6159,0.9134330749511719,86.34912109375,16.28775978088379,17991.62890625,E,2058.5263671875
4315,4360,745A6403,6160,0.22767002880573273,47.0244140625,28.721534729003906,30466.921875,E,2112.217529296875
4316,4330,745A6403,6161,0.08163367211818695,18.772924423217773,30.302200317382812,13538.486328125,E,2024.040283203125
4316,4335,745A6403,6162,0.47767364978790283,111.19549560546875,30.607698440551758,81816.03125,E,1969.7789306640625
4317,4321,745A6403,6163,0.16228996217250824,29.58563995361328,20.205354690551758,9486.4521484375,E,1806.1995849609375
4317,4350,745A6403,6164,0.2206399291753769,26.548925399780273,22.187110900878906,10264.5126953125,E,1829.1602783203125
4318,4351,745A6403,6165,0.1284247636795044,28.69620704650879,29.86922836303711,20107.69921875,E,1142.9832763671875
4319,4396,745A6403,6166,0.2396160215139389,66.05784606933594,29.095279693603516,43919.69921875,E,943.619873046875
4319,4458,745A6403,6167,0.5143705606460571,126.04226684570312,31.415363311767578,97699.0390625,E,981.0127563476562
4320,4431,745A6403,6168,0.7302352786064148,118.18997192382812,25.50364875793457,60377.50390625,E,2411.4091796875
4321,4353,745A6403,6169,0.11759275197982788,26.54892349243164,30.089651107788086,18878.65625,E,1801.951171875
4322,4337,745A6403,6170,0.12179645150899887,32.80656433105469,32.77077102661133,27670.943359375,E,1275.8739013671875
4322,4393,745A6403,6171,0.7613461017608643,104.67733001708984,21.102519989013672,36610.96484375,E,1263.5311279296875
4323,4380,745A6403,6172,1.8002547025680542,82.68348693847656,15.13360595703125,14872.826171875,E,1382.064697265625
4323,4385,745A6403,6173,0.5681300759315491,102.26953887939453,27.446170806884766,60506.17578125,E,1447.3612060546875
4324,4338,745A6403,6174,2.0915138721466064,48.35856628417969,9.066505432128906,3122.073974609375,E,2013.4505615234375
4324,4365,745A6403,6175,2.4024300575256348,35.84328079223633,18.46180534362793,9595.0224609375,E,2040.2415771484375
4325,4446,745A6403,6176,0.6659620404243469,178.61907958984375,32.757164001464844,150532.5,E,1761.2376708984375
4326,4391,745A6403,6177,1.9366276264190674,81.60984802246094,14.861480712890625,14156.5234375,E,1470.7010498046875
4326,4407,745A6403,6178,0.38209494948387146,98.34339904785156,32.11109924316406,79642.6015625,E,1531.4310302734375
4327,4339,745A6403,6179,0.06440138816833496,11.441641807556152,26.613922119140625,6364.96435546875,E,838.8455810546875
4328,4389,745A6403,6180,0.23171977698802948,57.837127685546875,31.6091365814209,45385.99609375,E,1231.7000732421875
4329,4338,745A6403,6181,0.4645293354988098,10.99692440032959,7.939276218414307,544.4060668945312,E,1991.09619140625
4330,4352,745A6403,6182,0.17617979645729065,36.027488708496094,28.629350662231445,23192.462890625,E,2049.140625
4332,4335,745A6403,6183,0.024698711931705475,6.257641315460205,31.831933975219727,4979.96875,E,1922.574951171875
4332,4341,745A6403,6184,0.09742714464664459,25.03056526184082,32.06097412109375,20207.5625,E,1912.2681884765625
4333,4344,745A6403,6185,0.17529895901679993,48.35856628417969,27.588470458984375,28908.033203125,E,993.4295043945312
4333,4465,745A6403,6186,0.4546385407447815,109.8613510131836,31.25062370300293,84265.9609375,E,1026.7366943359375
4334,4339,745A6403,6187,0.2303408533334732,33.25128173828125,20.692630767822266,11182.2626953125,E,846.57568359375
4334,4397,745A6403,6188,0.46239709854125977,52.46892166137695,18.644712448120117,14325.2890625,E,873.4960327148438
4335,4406,745A6403,6189,0.738183319568634,119.9688491821289,23.991304397583008,54233.30859375,E,1975.4244384765625
4336,4374,745A6403,6190,0.3752593696117401,41.21148681640625,27.328250885009766,24173.072265625,E,834.094970703125
4336,6114,745A6403,6191,2.7329771518707275,816.5252685546875,35.55324935913086,810621.5,F,408.26470947265625
4337,4345,745A6403,6192,0.12941738963127136,34.32492446899414,32.66454315185547,28764.224609375,E,1305.6361083984375
4337,4384,745A6403,6193,0.1455959975719452,42.100921630859375,28.083398818969727,26078.39453125,E,1300.2913818359375
4338,4442,745A6403,6194,1.2613883018493652,136.77870178222656,25.4677677154541,69677.109375,E,1980.18408203125
4339,4423,745A6403,6195,0.4121839106082916,72.31548309326172,26.66337776184082,40378.625,E,877.0172119140625
4340,4381,745A6403,6196,0.1487809419631958,40.76676940917969,33.09000015258789,35058.20703125,E,2248.6904296875
4340,4382,745A6403,6197,0.5743585824966431,79.20204162597656,25.351449966430664,39978.99609375,E,2205.310791015625
4341,4395,745A6403,6198,0.1698964387178421,44.24820327758789,32.28264617919922,36217.94140625,E,1917.826416015625
4342,4361,745A6403,6199,0.09892428666353226,27.17784881591797,33.15627670288086,23465.861328125,E,1317.773681640625
4343,4432,745A6403,6200,0.29850292205810547,73.83384704589844,28.124217987060547,45867.62890625,E,1225.1156005859375
4343,4455,745A6403,6201,0.43399038910865784,116.04269409179688,32.74666976928711,97733.1640625,E,1262.596435546875
4344,4369,745A6403,6202,0.16601677238941193,38.61948776245117,30.460315704345703,28142.662109375,E,1030.916259765625
4345,4346,745A6403,6203,0.027345849201083183,7.776000022888184,33.70110321044922,6936.404296875,E,1323.6512451171875
4345,4401,745A6403,6204,0.339545875787735,46.840206146240234,19.74150276184082,14337.357421875,E,1329.072265625
4346,4363,745A6403,6205,0.09473903477191925,27.17784881591797,33.87968444824219,24500.9921875,E,1339.6832275390625
4347,4405,745A6403,6206,0.21120712161064148,60.16861343383789,33.730018615722656,53764.1796875,E,1526.1495361328125
4348,4364,745A6403,6207,0.12390945106744766,32.361846923828125,32.397220611572266,26677.107421875,E,1711.782470703125
4348,4375,745A6403,6208,0.0706341341137886,25.47528076171875,30.975709915161133,19197.796875,E,1700.260009765625
4350,4353,745A6403,6209,0.1556413471698761,29.58563995361328,11.606173515319824,3130.033203125,E,1824.4542236328125
4350,4511,745A6403,6210,0.9230208992958069,133.63406372070312,23.746641159057617,59184.96875,E,1876.04296875
4351,4358,745A6403,6211,0.23855605721473694,32.80656433105469,20.350772857666016,10671.1796875,E,1145.2911376953125
4351,4400,745A6403,6212,0.21412914991378784,45.32184600830078,29.032440185546875,30002.990234375,E,1174.17041015625
4352,4394,745A6403,6213,0.35225340723991394,58.021331787109375,25.751052856445312,30218.125,E,2091.905029296875
4352,4429,745A6403,6214,2.356903553009033,71.87076568603516,9.878173828125,5508.01953125,E,2070.497314453125
4353,4446,745A6403,6215,0.5731118321418762,80.09149169921875,22.27025604248047,31197.994140625,E,1832.0205078125
4354,4357,745A6403,6216,0.22112956643104553,56.579280853271484,32.18106460571289,46020.1640625,E,1091.155029296875
4354,4359,745A6403,6217,0.033534467220306396,9.923283576965332,34.395023345947266,9220.1181640625,E,1112.6666259765625
4355,4356,745A6403,6218,0.21993695199489594,60.24491882324219,33.078392028808594,51772.49609375,E,1376.3905029296875
4355,4361,745A6403,6219,0.09930912405252457,39.064205169677734,28.8997802734375,25624.65234375,E,1338.9112548828125
4355,4411,745A6403,6220,0.09868606925010681,42.54563903808594,21.193172454833984,15008.4853515625,E,1364.6026611328125
4356,4372,745A6403,6221,0.09525381028652191,28.69620704650879,34.69402313232422,27128.37109375,E,1412.1319580078125
4357,4370,745A6403,6222,0.05125448852777481,13.588926315307617,32.54082107543945,11301.39453125,E,1077.596923828125
4358,4359,745A6403,6223,0.11507902294397354,33.69599914550781,25.476093292236328,17176.466796875,E,1128.7525634765625
4358,4392,745A6403,6224,0.06436814367771149,30.214567184448242,15.092788696289062,5405.6162109375,E,1154.010986328125
4359,4387,745A6403,6225,0.08076952397823334,21.809640884399414,32.80478286743164,18433.708984375,E,1123.4217529296875
4360,4366,745A6403,6226,0.03244846314191818,6.257641315460205,27.7840633392334,3793.9541015625,E,2134.35888671875
4360,4394,745A6403,6227,0.29032808542251587,39.064205169677734,15.72343921661377,7585.146484375,E,2128.4013671875
4361,4411,745A6403,6228,0.19007627665996552,49.61640930175781,32.38469314575195,40869.0703125,E,1352.423095703125
4362,4388,745A6403,6229,0.0817197933793068,22.43856430053711,33.147499084472656,19363.6171875,E,904.9725341796875
4362,4404,745A6403,6230,0.39129820466041565,63.91056442260742,23.560440063476562,27863.09375,E,915.6449584960938
4363,4380,745A6403,6231,0.1400475949048996,39.064205169677734,33.42921829223633,34286.359375,E,1369.949462890625
4363,4473,745A6403,6232,0.25811395049095154,80.09148406982422,31.47403335571289,62313.3359375,E,1368.8887939453125
4364,4390,745A6403,6233,0.10506348311901093,39.5089225769043,20.531904220581055,13081.078125,E,1724.6302490234375
4364,4445,745A6403,6234,0.4019196927547455,107.63775634765625,32.74850082397461,90664.5234375,E,1777.8621826171875
4366,4382,745A6403,6235,0.4759847819805145,66.24205017089844,19.693546295166016,20177.693359375,E,2159.7158203125
4366,4410,745A6403,6236,0.18311807513237,41.65620803833008,24.181114196777344,19130.318359375,E,2149.6162109375
4367,4402,745A6403,6237,0.2303726226091385,63.02112579345703,28.867889404296875,41248.3046875,E,1670.951904296875
4367,4403,745A6403,6238,0.10650723427534103,26.993640899658203,31.8572940826416,21516.376953125,E,1651.6463623046875
4368,4372,745A6403,6239,0.024153748527169228,7.331283092498779,34.83212661743164,6986.0205078125,E,1426.4276123046875
4368,4391,745A6403,6240,0.2099713683128357,59.35548782348633,33.65324020385742,52796.42578125,E,1453.7353515625
4369,4378,745A6403,6241,0.06013047322630882,25.030563354492188,30.075363159179688,17782.06640625,E,1057.3350830078125
4370,4378,745A6403,6242,0.09240918606519699,31.732921600341797,30.48406219482422,23160.376953125,E,1071.2830810546875
4370,4419,745A6403,6243,0.15452246367931366,39.50891876220703,32.00065612792969,31776.26171875,E,1093.9849853515625
4371,4421,745A6403,6244,0.1223146915435791,39.5089225769043,28.458934783935547,25131.728515625,E,2474.8818359375
4371,4433,745A6403,6245,0.40526866912841797,97.08554077148438,31.24357795715332,74433.078125,E,2517.854736328125
4372,4568,745A6403,6246,1.1264392137527466,137.74441528320312,23.4757022857666,59621.24609375,E,1469.490966796875
4373,4374,745A6403,6247,0.01871373876929283,5.184000015258789,33.28780746459961,4511.54443359375,E,851.4617309570312
4373,4430,745A6403,6248,0.1966278851032257,55.4293327331543,33.59634780883789,49137.5703125,E,875.6780395507812
4374,4412,745A6403,6249,3.839850425720215,61.947486877441406,16.014612197875977,12478.041015625,E,856.6149291992188
4375,4390,745A6403,6250,0.06635087728500366,12.51528263092041,27.507854461669922,7437.791015625,E,1708.466064453125
4375,4426,745A6403,6251,0.2449471354484558,75.09168243408203,26.832592010498047,42462.63671875,E,1683.3406982421875
4376,4409,745A6403,6252,1.6163275241851807,34.95384979248047,14.178735733032227,5518.994140625,E,854.4505615234375
4376,6114,745A6403,6253,2.7682597637176514,842.1168212890625,35.55324935913086,836028.0,F,421.060302734375
4377,4386,745A6403,6254,0.43100205063819885,17.699283599853516,9.801637649536133,1335.496826171875,E,2551.06982421875
4378,4419,745A6403,6255,0.15004214644432068,48.987483978271484,29.28941535949707,33006.26953125,E,1086.3594970703125
4379,4383,745A6403,6256,0.018919898197054863,3.6656415462493896,27.838485717773438,2231.161865234375,E,1043.847412109375
4379,4415,745A6403,6257,0.622576892375946,31.288206100463867,12.650941848754883,3932.93017578125,E,1048.2469482421875
4380,4485,745A6403,6258,0.43768295645713806,121.2267074584961,33.281742095947266,105463.0390625,E,1445.22900390625
4381,4524,745A6403,6259,0.6230582594871521,171.91671752929688,31.865659713745117,137105.171875,E,2221.517333984375
4381,4698,745A6403,6260,0.8847969174385071,237.4219512939453,32.76573181152344,200193.734375,E,2339.874267578125
4382,4410,745A6403,6261,0.16488125920295715,34.95384979248047,29.17700958251953,23370.416015625,E,2176.16845703125
4384,4398,745A6403,6262,0.0643162876367569,9.923283576965332,24.838298797607422,4808.271484375,E,1310.4345703125
4384,4401,745A6403,6263,0.07482315599918365,31.73292350769043,17.08270835876465,7272.99755859375,E,1323.4844970703125
4385,4425,745A6403,6264,0.0808066725730896,33.88020324707031,28.619876861572266,21795.73046875,E,1499.3829345703125
4386,4433,745A6403,6265,0.1821926236152649,40.58256912231445,22.001384735107422,15428.7041015625,E,2556.383056640625
4387,4416,745A6403,6266,0.21335402131080627,47.4691276550293,25.109189987182617,23505.33984375,E,1149.603759765625
4387,4456,745A6403,6267,0.1565239578485489,52.024200439453125,29.45397186279297,35447.2890625,E,1145.328857421875
4388,4397,745A6403,6268,0.6311250329017639,56.134559631347656,18.849401473999023,15664.4560546875,E,900.9644165039062
4388,4414,745A6403,6269,0.07341963052749634,20.291284561157227,33.249542236328125,17618.576171875,E,919.2154541015625
4389,4393,745A6403,6270,0.01573890633881092,3.6656415462493896,30.52233123779297,2682.10205078125,E,1243.4969482421875
4389,4428,745A6403,6271,0.1269519180059433,36.027488708496094,26.348600387573242,19644.408203125,E,1244.2457275390625
4390,4399,745A6403,6272,0.03129144757986069,6.257641315460205,28.28069305419922,3930.797119140625,E,1713.052490234375
4391,4418,745A6403,6273,0.1597718447446823,42.28512954711914,32.57493209838867,35240.703125,E,1499.264404296875
4392,4408,745A6403,6274,0.09776882082223892,21.364927291870117,21.69524574279785,7898.060546875,E,1175.218017578125
4392,4416,745A6403,6275,0.10426091402769089,22.43856430053711,23.27493667602539,9546.890625,E,1168.5721435546875
4393,4437,745A6403,6276,0.3042433559894562,47.0244140625,26.013883590698242,24993.3046875,E,1266.14501953125
4394,4438,745A6403,6277,0.15682345628738403,40.137847900390625,23.450454711914062,17335.904296875,E,2133.163818359375
4395,4483,745A6403,6278,0.5040258169174194,122.11613464355469,31.137481689453125,92988.640625,E,1990.1478271484375
4395,4533,745A6403,6279,0.40111565589904785,101.27220153808594,27.825632095336914,61584.328125,E,1946.2337646484375
4396,4404,745A6403,6280,2.682818651199341,73.83384704589844,12.64161205291748,9267.2373046875,E,951.4484252929688
4396,4448,745A6403,6281,0.15374307334423065,43.174560546875,33.54802703857422,38163.8125,E,983.774169921875
4397,4423,745A6403,6282,0.14239807426929474,35.398563385009766,14.36144733428955,5734.18798828125,E,908.2384033203125
4398,4437,745A6403,6283,0.4718456268310547,72.05497741699219,22.016124725341797,27430.62109375,E,1295.9620361328125
4398,4452,745A6403,6284,0.17592814564704895,45.32184600830078,20.878864288330078,15517.1240234375,E,1317.86962890625
4399,4441,745A6403,6285,0.11501960456371307,37.99056625366211,27.26702117919922,22184.060546875,E,1716.6002197265625
4399,4444,745A6403,6286,0.24644003808498383,51.134769439697266,25.92784881591797,26998.470703125,E,1736.2242431640625
4400,4408,745A6403,6287,0.07832572609186172,17.699283599853516,24.27907943725586,8194.2646484375,E,1188.147705078125
4400,4434,745A6403,6288,0.20161618292331696,33.88020706176758,25.991430282592773,17976.134765625,E,1206.3201904296875
4401,4464,745A6403,6289,0.33857864141464233,52.20840835571289,21.632444381713867,19188.5234375,E,1340.46826171875
4402,4403,745A6403,6290,0.1670149862766266,46.656002044677734,18.593008041381836,12667.669921875,E,1680.3515625
4402,4603,745A6403,6291,0.6462719440460205,167.1774444580078,32.186500549316406,136023.859375,E,1775.7861328125
4403,4567,745A6403,6292,0.44688680768013,111.64022064208984,31.70267677307129,88125.6640625,E,1689.01220703125
4404,4479,745A6403,6293,0.27165740728378296,59.984413146972656,29.804941177368164,41850.90234375,E,968.6019287109375
4405,4425,745A6403,6294,0.12565746903419495,27.17784881591797,29.525672912597656,18608.208984375,E,1518.68994140625
4405,4453,745A6403,6295,0.08300693333148956,39.064205169677734,16.123464584350586,7976.00830078125,E,1536.47412109375
4406,4429,745A6403,6296,0.3553333580493927,38.61948776245117,18.33993148803711,10202.1533203125,E,2048.370361328125
4406,4482,745A6403,6297,0.6667889952659607,50.32164001464844,16.06661033630371,10202.1845703125,E,2039.888427734375
4407,4486,745A6403,6298,0.2901027798652649,75.27589416503906,32.18303680419922,61235.015625,E,1613.9017333984375
4407,4487,745A6403,6299,0.8896463513374329,72.94441223144531,15.669014930725098,14065.8291015625,E,1583.2127685546875
4408,4439,745A6403,6300,0.11682679504156113,29.14092445373535,22.838172912597656,11937.5693359375,E,1190.58740234375
4409,4412,745A6403,6301,0.03199373185634613,6.257641315460205,27.947336196899414,3838.67529296875,E,867.5589599609375
4409,4476,745A6403,6302,2.0647387504577637,94.30934143066406,17.799306869506836,23466.634765625,E,881.7733764648438
4410,4438,745A6403,6303,0.2358449399471283,45.32184600830078,28.102535247802734,28111.787109375,E,2160.4052734375
4411,4478,745A6403,6304,0.2525525689125061,66.8709716796875,32.48309326171875,55416.90625,E,1407.270263671875
4412,4470,745A6403,6305,0.2831607162952423,52.83733367919922,27.527246475219727,31445.34375,E,890.4893798828125
4413,4417,745A6403,6306,0.02696836180984974,6.257641315460205,30.450899124145508,4557.228515625,E,1200.066650390625
4413,4420,745A6403,6307,0.043287843465805054,9.923283576965332,30.28762435913086,7149.50048828125,E,1198.9034423828125
4414,4449,745A6403,6308,0.13919804990291595,34.509132385253906,31.51775550842285,26923.68359375,E,934.7840576171875
4414,4469,745A6403,6309,0.1504051834344864,47.4691276550293,30.211088180541992,34027.80078125,E,948.12109375
4416,4439,745A6403,6310,0.149870827794075,27.17784881591797,26.98356056213379,15541.8779296875,E,1184.8157958984375
4417,4420,745A6403,6311,0.01608116365969181,3.6656415462493896,30.19577980041504,2625.018310546875,E,1202.56787109375
4417,4435,745A6403,6312,0.10954351723194122,27.622568130493164,26.62266731262207,15376.484375,E,1214.211669921875
4418,4454,745A6403,6313,0.1658327281475067,43.358768463134766,32.32127380371094,35574.90625,E,1539.189453125
4418,4504,745A6403,6314,3.9115118980407715,67.76040649414062,13.676597595214844,9954.55859375,E,1529.0599365234375
4419,4422,745A6403,6315,0.009420163929462433,2.5920000076293945,33.175559997558594,2240.5849609375,E,1106.5634765625
4420,4451,745A6403,6316,0.08519139885902405,23.956924438476562,25.783937454223633,12508.908203125,E,1207.160400390625
4421,4431,745A6403,6317,0.13031502068042755,26.54892349243164,23.87030601501465,11880.994140625,E,2468.11865234375
4421,4555,745A6403,6318,0.9701449275016785,131.6709747314453,25.402109146118164,66729.75,E,2508.21923828125
4422,4457,745A6403,6319,0.109138123691082,57.83712387084961,29.85675811767578,40493.1796875,E,1127.922607421875
4422,4582,745A6403,6320,0.4177112877368927,119.78463745117188,31.80585479736328,95171.1171875,E,1137.079833984375
4423,4440,745A6403,6321,0.05668044090270996,12.960000038146973,30.250205993652344,9314.328125,E,917.8701171875
4424,4466,745A6403,6322,0.10425196588039398,26.993640899658203,24.634206771850586,12865.5537109375,E,884.833984375
4424,6114,745A6403,6323,2.8103373050689697,871.8988647460938,35.55324935913086,865594.75,F,435.9510803222656
4425,4453,745A6403,6324,0.13052797317504883,44.248207092285156,19.086917877197266,12660.6845703125,E,1534.9459228515625
4425,4467,745A6403,6325,0.14803053438663483,32.361846923828125,29.70502471923828,22427.611328125,E,1514.6845703125
4426,4441,745A6403,6326,0.23197785019874573,56.76348876953125,31.480554580688477,44181.83203125,E,1698.483154296875
4426,4453,745A6403,6327,0.5763720273971558,165.18276977539062,33.87199020385742,148845.625,E,1609.6790771484375
4427,4481,745A6403,6328,0.4838908314704895,35.84328079223633,20.15943145751953,11440.7421875,E,2601.90966796875
4428,4435,745A6403,6329,0.21152329444885254,43.61928176879883,18.569684982299805,11813.4697265625,E,1235.258056640625
4428,4463,745A6403,6330,0.1384674310684204,23.956924438476562,26.298709869384766,13013.37109375,E,1258.7752685546875
4429,4493,745A6403,6331,0.3832986354827881,38.880001068115234,15.760177612304688,7584.69921875,E,2074.68798828125
4430,4450,745A6403,6332,0.07112318277359009,20.920207977294922,34.29078674316406,19320.162109375,E,908.7167358398438
4430,4470,745A6403,6333,0.7407649755477905,61.50276565551758,20.851654052734375,21002.236328125,E,902.7813110351562
4431,4494,745A6403,6334,0.4896528422832489,53.987281799316406,16.325702667236328,11301.2138671875,E,2464.170654296875
4432,4434,745A6403,6335,0.8334512710571289,45.137638092041016,13.541669845581055,6500.89501953125,E,1234.573486328125
4432,4544,745A6403,6336,0.3417030870914459,75.79692077636719,29.804122924804688,52880.328125,E,1278.9771728515625
4433,4481,745A6403,6337,0.16840656101703644,47.0244140625,33.415706634521484,41239.61328125,E,2583.4794921875
4434,4468,745A6403,6338,0.1364271491765976,19.217641830444336,23.78721046447754,8540.3759765625,E,1227.27783203125
4435,4462,745A6403,6339,0.05580911785364151,11.441641807556152,28.605884552001953,7353.41357421875,E,1229.6981201171875
4436,4437,745A6403,6340,0.012635941617190838,2.5920000076293945,28.64466094970703,1670.368408203125,E,1288.217041015625
4436,4477,745A6403,6341,0.2405102401971817,41.21148681640625,26.313610076904297,22411.40234375,E,1285.6802978515625
4437,4472,745A6403,6342,0.8954501748085022,52.913639068603516,13.057966232299805,7086.12158203125,E,1308.6810302734375
4438,4502,745A6403,6343,0.27065086364746094,65.35261535644531,31.086650848388672,49602.17578125,E,2136.107421875
4439,4474,745A6403,6344,0.13735216856002808,23.512208938598633,26.2159366607666,12691.533203125,E,1208.425048828125
4440,4449,745A6403,6345,0.1725766509771347,48.803279876708984,22.19017219543457,18873.83984375,E,933.694091796875
4440,4450,745A6403,6346,0.2068401426076889,53.54256820678711,32.251007080078125,43739.68359375,E,919.9215087890625
4441,4443,745A6403,6347,0.01573890633881092,3.6656415462493896,30.52233123779297,2682.10205078125,E,1723.4217529296875
4442,4492,745A6403,6348,0.2967028319835663,92.16206359863281,31.28768539428711,70858.0078125,E,1918.4444580078125
4442,4501,745A6403,6349,0.7039172649383545,83.75712585449219,28.161632537841797,52170.77734375,E,1986.88232421875
4443,4444,745A6403,6350,0.0779714435338974,36.288002014160156,11.53133773803711,3789.765625,E,1740.79931640625
4443,4626,745A6403,6351,0.40029147267341614,114.2322006225586,31.83487892150879,90925.3203125,E,1751.6689453125
4444,4527,745A6403,6352,0.2336624413728714,68.38933563232422,34.1932487487793,62799.90625,E,1783.5821533203125
4445,4489,745A6403,6353,0.19019359350204468,53.726768493652344,33.61436462402344,47679.36328125,E,1852.4627685546875
4445,4527,745A6403,6354,0.3709845244884491,90.0147705078125,26.185321807861328,48475.18359375,E,1827.8314208984375
4446,4495,745A6403,6355,0.14347794651985168,37.10112762451172,32.14488220214844,30109.298828125,E,1862.19189453125
4447,4455,745A6403,6356,0.0833134576678276,36.91692352294922,30.662643432617188,27260.546875,E,1326.732666015625
4447,4490,745A6403,6357,0.08157594501972198,40.58256530761719,17.62015724182129,9895.7548828125,E,1344.191650390625
4447,4499,745A6403,6358,0.43415743112564087,102.08535766601562,31.138986587524414,77743.1796875,E,1384.06640625
4448,4479,745A6403,6359,0.13737688958644867,42.72984313964844,28.08340072631836,26467.966796875,E,996.61572265625
4448,4553,745A6403,6360,0.24901509284973145,69.09455871582031,33.36395263671875,60407.19921875,E,1030.014892578125
4449,4475,745A6403,6361,0.06568725407123566,15.107283592224121,30.30803108215332,10899.126953125,E,949.4427490234375
4450,4522,745A6403,6362,0.17738211154937744,59.984413146972656,31.420345306396484,46510.4140625,E,942.0767822265625
4451,4461,745A6403,6363,0.370821475982666,42.54563903808594,13.626708984375,6204.787109375,E,1198.5108642578125
4451,4471,745A6403,6364,0.04169531539082527,14.662566184997559,26.49146842956543,8081.87158203125,E,1219.686767578125
4452,4464,745A6403,6365,0.15190570056438446,22.883283615112305,24.84510040283203,11094.0400390625,E,1334.3822021484375
4452,4472,745A6403,6366,0.06717991828918457,12.51528263092041,27.28335189819336,7316.880859375,E,1326.51416015625
4453,4467,745A6403,6367,0.26424264907836914,56.13456726074219,25.333566665649414,28295.212890625,E,1538.4945068359375
4454,4487,745A6403,6368,0.09242785722017288,21.36492347717285,30.433040618896484,15541.1064453125,E,1568.437255859375
4454,4496,745A6403,6369,0.6424500942230225,72.49968719482422,20.129087448120117,23071.412109375,E,1588.406005859375
4455,4490,745A6403,6370,0.0896114930510521,25.030563354492188,33.41026306152344,21944.228515625,E,1327.3232421875
4456,4457,745A6403,6371,0.024331655353307724,7.331283092498779,34.71647262573242,6939.7060546875,E,1155.588134765625
4456,4529,745A6403,6372,0.30451008677482605,81.53353118896484,32.79717254638672,68880.921875,E,1194.58447265625
4457,4599,745A6403,6373,0.39035770297050476,99.93805694580078,32.12738800048828,81016.15625,E,1179.0081787109375
4458,4535,745A6403,6374,0.3554489016532898,75.09169006347656,26.293493270874023,40773.53125,E,1068.44677734375
4458,4574,745A6403,6375,0.3039630949497223,81.16513061523438,32.824729919433594,68684.96875,E,1061.872802734375
4459,4466,745A6403,6376,0.18345797061920166,30.659282684326172,27.775558471679688,18577.080078125,E,896.5665893554688
4459,6114,745A6403,6377,2.8351855278015137,891.708251953125,35.55324935913086,885260.875,F,445.8550720214844
4460,4526,745A6403,6378,0.556659996509552,75.53640747070312,25.67430305480957,39106.015625,E,1083.878662109375
4460,6114,745A6403,6379,3.555457830429077,1052.849853515625,35.55324935913086,1045237.375,F,526.4261474609375
4461,4541,745A6403,6380,0.202394500374794,62.392208099365234,29.712329864501953,43260.71484375,E,1213.0040283203125
4462,4471,745A6403,6381,0.09181614965200424,18.772924423217773,28.567398071289062,12032.703125,E,1229.896240234375
4462,4480,745A6403,6382,0.13744425773620605,31.288206100463867,23.954862594604492,14101.259765625,E,1245.7373046875
4463,4477,745A6403,6383,0.0657697468996048,10.99692440032959,25.853668212890625,5773.0517578125,E,1273.815673828125
4463,4480,745A6403,6384,0.0209305752068758,29.14092445373535,22.256502151489258,11337.2314453125,E,1261.35595703125
4464,4498,745A6403,6385,0.1614261120557785,26.993640899658203,25.869901657104492,14188.64453125,E,1350.933837890625
4465,4509,745A6403,6386,0.19420400261878967,45.95077133178711,30.82370948791504,34288.81640625,E,1097.7498779296875
4465,4513,745A6403,6387,0.3125058710575104,45.32184600830078,21.307464599609375,16160.7314453125,E,1086.5802001953125
4466,4476,745A6403,6388,0.03043128177523613,7.331283092498779,31.03597068786621,5546.26416015625,E,900.3818359375
4467,4491,745A6403,6389,0.037672724574804306,20.920207977294922,32.4459228515625,17297.212890625,E,1516.79443359375
4468,4474,745A6403,6390,0.15058888494968414,21.809640884399414,19.613479614257812,6589.42724609375,E,1225.4739990234375
4468,4508,745A6403,6391,0.17745450139045715,35.398563385009766,21.98607635498047,13439.125,E,1247.3756103515625
4469,4475,745A6403,6392,0.12532523274421692,45.137638092041016,20.950300216674805,15559.9853515625,E,963.30224609375
4469,4530,745A6403,6393,0.18588890135288239,50.5058479309082,33.054237365722656,43339.6953125,E,992.1939697265625
4470,4484,745A6403,6394,0.03746176138520241,7.776000022888184,28.797731399536133,5064.80419921875,E,916.165771484375
4471,4560,745A6403,6395,0.2659487724304199,63.46584701538086,26.68235206604004,35487.7265625,E,1245.794189453125
4472,4577,745A6403,6396,0.3700304925441742,69.09456634521484,24.351696014404297,32180.458984375,E,1345.951171875
4473,4500,745A6403,6397,0.0959746390581131,26.548925399780273,33.25311279296875,23056.927734375,E,1388.0543212890625
4473,4517,745A6403,6398,2.077861785888672,80.09148406982422,13.157881736755371,10890.5087890625,E,1415.7427978515625
4474,4512,745A6403,6399,0.24049736559391022,41.65620803833008,17.52297019958496,10045.8115234375,E,1236.9073486328125
4475,4537,745A6403,6400,0.11912082135677338,50.95056915283203,32.1669921875,41405.66796875,E,976.2897338867188
4476,4515,745A6403,6401,0.1714482307434082,41.84041213989258,31.308094024658203,32210.62109375,E,919.3900756835938
4477,4505,745A6403,6402,0.04626914858818054,28.69620704650879,23.307588577270508,12243.5986328125,E,1281.93994140625
4478,4499,745A6403,6403,0.281884104013443,33.435489654541016,18.109012603759766,8611.6650390625,E,1433.605712890625
4478,4519,745A6403,6404,0.21781699359416962,43.358768463134766,28.3414363861084,27353.349609375,E,1458.2244873046875
4479,4488,745A6403,6405,0.03197440877556801,6.257641315460205,27.994958877563477,3851.768798828125,E,998.94287109375
4480,4507,745A6403,6406,0.11548994481563568,29.769847869873047,22.885793685913086,12246.119140625,E,1271.66259765625
4481,4528,745A6403,6407,0.2033313512802124,55.4293327331543,33.01648712158203,47456.01171875,E,2630.054443359375
4482,4483,745A6403,6408,0.01235269196331501,2.5920000076293945,28.971214294433594,1708.6702880859375,E,2048.29052734375
4482,4493,745A6403,6409,0.20954889059066772,36.91692352294922,26.70430564880371,20676.54296875,E,2067.02197265625
4483,4566,745A6403,6410,0.7630313634872437,55.50564193725586,15.898961067199707,11019.56640625,E,2058.445068359375
4484,4514,745A6403,6411,0.3622683584690094,90.64369201660156,28.263822555541992,56870.7890625,E,926.5106811523438
4484,4520,745A6403,6412,0.1904563456773758,45.50605392456055,26.41594886779785,24939.71484375,E,935.1843872070312
4485,4491,745A6403,6413,0.05567077174782753,15.107283592224121,32.94424819946289,12877.6162109375,E,1508.55224609375
4485,4590,745A6403,6414,0.9435902237892151,79.46256256103516,20.356721878051758,25862.357421875,E,1521.7164306640625
4486,4496,745A6403,6415,0.40577617287635803,36.91692352294922,16.894489288330078,8275.71484375,E,1635.352294921875
4486,4503,745A6403,6416,0.09497518092393875,19.84656524658203,28.908525466918945,13026.48046875,E,1656.636962890625
4487,4594,745A6403,6417,0.3307168185710907,82.4229736328125,31.62330436706543,64737.01171875,E,1612.256103515625
4488,4525,745A6403,6418,0.18414995074272156,33.25128173828125,20.519149780273438,10995.55078125,E,1016.3292846679688
4488,4530,745A6403,6419,0.21732346713542938,58.4660530090332,27.808656692504883,35510.24609375,E,1007.99755859375
4489,4492,745A6403,6420,0.05596720427274704,16.180925369262695,34.00894546508789,14698.72265625,E,1884.0355224609375
4489,4580,745A6403,6421,1.5412790775299072,120.48983764648438,25.792442321777344,62954.27734375,E,1878.3621826171875
4490,4561,745A6403,6422,0.224471777677536,57.39241409301758,31.992345809936523,46135.640625,E,1364.022705078125
4491,4586,745A6403,6423,0.4178805947303772,111.74813079833984,32.71809387207031,93952.0234375,E,1566.980712890625
4492,4565,745A6403,6424,0.32579147815704346,85.64389038085938,32.48201370239258,70969.5625,E,1930.9801025390625
4493,4502,745A6403,6425,0.19086366891860962,43.174560546875,30.24042510986328,31009.416015625,E,2103.509765625
4494,4555,745A6403,6426,0.2121874988079071,51.76368713378906,31.213701248168945,39610.07421875,E,2477.47412109375
4495,4511,745A6403,6427,0.10702645033597946,27.17784881591797,31.84327507019043,21644.14453125,E,1893.1475830078125
4495,4603,745A6403,6428,5.193169116973877,127.37641143798828,13.530299186706543,18314.443359375,E,1878.593505859375
4496,4521,745A6403,6429,0.25667065382003784,33.435489654541016,14.613164901733398,5607.7177734375,E,1640.943603515625
4497,4536,745A6403,6430,0.16842973232269287,29.58563995361328,23.607898712158203,12950.46875,E,932.322021484375
4497,6114,745A6403,6431,2.9409914016723633,918.0108642578125,35.55324935913086,911373.3125,F,459.0067443847656
4498,4506,745A6403,6432,0.6381015777587891,43.61928176879883,15.49077320098877,8220.8095703125,E,1376.4031982421875
4498,4611,745A6403,6433,0.4865055978298187,70.61293029785156,22.559581756591797,28225.146484375,E,1383.3804931640625
4499,4534,745A6403,6434,0.25503480434417725,38.61948776245117,19.78809356689453,11876.9326171875,E,1447.4248046875
4500,4506,745A6403,6435,0.013371435925364494,3.6656415462493896,33.11433029174805,3156.97998046875,E,1393.66455078125
4500,4517,745A6403,6436,1.558838963508606,78.57312774658203,13.737414360046387,11645.9228515625,E,1423.01123046875
4502,4542,745A6403,6437,0.1999221295118332,57.837127685546875,25.077648162841797,28567.3671875,E,2147.2041015625
4503,4521,745A6403,6438,0.7038126587867737,29.14092445373535,10.644984245300293,2593.48193359375,E,1662.14892578125
4503,4572,745A6403,6439,0.26165279746055603,57.39241409301758,24.927785873413086,28009.916015625,E,1690.1929931640625
4505,4507,745A6403,6440,0.01594078727066517,3.6656415462493896,30.328441619873047,2648.134765625,E,1286.862060546875
4505,4516,745A6403,6441,0.026177264750003815,9.923283576965332,30.94753074645996,7464.4404296875,E,1290.5277099609375
4506,4645,745A6403,6442,0.7435607314109802,117.8215560913086,26.88081169128418,66865.0859375,E,1439.738037109375
4507,4516,745A6403,6443,0.025662744417786598,6.257641315460205,31.178834915161133,4777.7158203125,E,1289.3646240234375
4508,4512,745A6403,6444,0.06415382027626038,8.849641799926758,23.43004608154297,3815.59130859375,E,1257.51123046875
4508,4545,745A6403,6445,0.18398311734199524,26.10420799255371,23.7838077545166,11597.4677734375,E,1270.22998046875
4509,4513,745A6403,6446,0.04506836086511612,29.58563995361328,21.53196907043457,10773.0419921875,E,1109.01904296875
4509,4582,745A6403,6447,0.18688702583312988,48.54277038574219,32.305606842041016,39789.6640625,E,1138.6446533203125
4510,4539,745A6403,6448,0.04253941774368286,18.144001007080078,31.761184692382812,14375.2802734375,E,940.7577514648438
4510,6114,745A6403,6449,3.0057854652404785,931.6968994140625,35.55324935913086,924960.4375,F,465.8499755859375
4511,4543,745A6403,6450,0.11928491294384003,28.251487731933594,30.80466079711914,21055.427734375,E,1919.410400390625
4512,4529,745A6403,6451,0.353796124458313,48.35856628417969,19.89410972595215,15031.845703125,E,1244.2796630859375
4513,4535,745A6403,6452,0.14198711514472961,31.73292350769043,22.325021743774414,12421.77734375,E,1104.9991455078125
4514,4515,745A6403,6453,0.018875285983085632,5.184000015258789,33.13814163208008,4471.06689453125,E,935.9405517578125
4514,4538,745A6403,6454,0.07175061851739883,19.846567153930664,33.24699020385742,17229.787109375,E,944.2021484375
4515,4547,745A6403,6455,0.17856533825397491,47.913848876953125,27.132661819458008,27703.572265625,E,945.901123046875
4516,4523,745A6403,6456,0.02888237126171589,7.331283092498779,31.859148025512695,5844.37646484375,E,1296.095947265625
4517,4585,745A6403,6457,0.6202770471572876,59.53969192504883,15.69826602935791,11523.9091796875,E,1476.7071533203125
4518,4528,745A6403,6458,0.2220308631658554,42.100929260253906,28.316835403442383,26513.73828125,E,2671.0146484375
4519,4534,745A6403,6459,0.15702641010284424,30.214563369750977,14.985637664794922,5329.13427734375,E,1469.63623046875
4519,4556,745A6403,6460,0.14118847250938416,30.843490600585938,29.56513023376465,21174.490234375,E,1491.151611328125
4520,4559,745A6403,6461,0.23096710443496704,33.435489654541016,24.18890953063965,15364.9150390625,E,965.852294921875
4520,4575,745A6403,6462,0.32757702469825745,44.24820327758789,20.41130256652832,14478.61328125,E,967.0615234375
4521,4588,745A6403,6463,0.47156715393066406,40.58256530761719,15.945345878601074,8103.9599609375,E,1670.25
4522,4571,745A6403,6464,0.07116774469614029,34.509132385253906,31.19584083557129,26376.509765625,E,984.9493408203125
4522,4600,745A6403,6465,0.15163838863372803,43.61928176879883,18.511371612548828,11739.390625,E,989.2911376953125
4523,4576,745A6403,6466,0.12662869691848755,33.435489654541016,32.44174575805664,27637.962890625,E,1301.92236328125
4523,4577,745A6403,6467,0.24683243036270142,78.12840270996094,31.835824966430664,62191.5,E,1329.5389404296875
4524,4542,745A6403,6468,0.08602720499038696,22.438568115234375,32.28774642944336,18372.169921875,E,2179.636474609375
4524,4581,745A6403,6469,0.4316863715648651,49.43220901489258,19.40153694152832,14614.1044921875,E,2203.30712890625
4525,4553,745A6403,6470,0.16927385330200195,40.58256530761719,24.266836166381836,18769.62890625,E,1042.6090087890625
4525,4563,745A6403,6471,0.06420538574457169,24.585847854614258,19.80396842956543,7573.2021484375,E,1036.570556640625
4526,4532,745A6403,6472,0.21298110485076904,21.364927291870117,20.05738639831543,6750.5625,E,1123.4705810546875
4526,4540,745A6403,6473,0.10079149901866913,8.849641799926758,18.725669860839844,2437.1953125,E,1119.5794677734375
4527,4550,745A6403,6474,0.04091963171958923,12.51528263092041,34.96547317504883,12017.3681640625,E,1818.1483154296875
4528,4635,745A6403,6475,24.08783721923828,203.09701538085938,11.21288013458252,20055.236328125,E,2615.29345703125
4529,4557,745A6403,6476,0.058884505182504654,15.107283592224121,32.02582550048828,12169.6171875,E,1240.323974609375
4530,4546,745A6403,6477,0.024820201098918915,7.776000022888184,35.39508819580078,7651.2451171875,E,1019.2046508789062
4531,4539,745A6403,6478,0.10721243172883987,28.69620704650879,32.90003204345703,24395.349609375,E,951.7677001953125
4531,6114,745A6403,6479,3.073976993560791,945.8917846679688,35.55324935913086,939052.6875,F,472.9410400390625
4532,4579,745A6403,6480,1.0902564525604248,61.318565368652344,13.267601013183594,8477.4775390625,E,1143.3162841796875
4532,4584,745A6403,6481,0.5848955512046814,42.7298469543457,16.38507652282715,9009.8623046875,E,1147.945556640625
4533,4543,745A6403,6482,0.1948656439781189,45.76656723022461,30.740230560302734,33966.6328125,E,1948.9981689453125
4533,4551,745A6403,6483,0.11931106448173523,31.73292350769043,32.63130569458008,26538.04296875,E,1980.9344482421875
4534,4569,745A6403,6484,0.21292120218276978,21.364927291870117,20.008913040161133,6717.9736328125,E,1472.06640625
4535,4682,745A6403,6485,0.33967074751853943,97.790771484375,31.13637351989746,74460.1328125,E,1143.13330078125
4536,4539,745A6403,6486,0.06056557595729828,16.625642776489258,33.11870193481445,14322.37109375,E,949.1124267578125
4536,4549,745A6403,6487,0.03569255396723747,9.923283576965332,33.34393310546875,8665.20703125,E,949.06689453125
4537,4570,745A6403,6488,0.05833516642451286,17.254566192626953,34.37631607055664,16014.4697265625,E,1004.5221557617188
4537,4571,745A6403,6489,0.15068702399730682,41.65620803833008,33.362648010253906,36415.86328125,E,996.3717651367188
4538,4583,745A6403,6490,0.18645405769348145,45.95077133178711,31.444156646728516,35683.1015625,E,964.512939453125
4538,4608,745A6403,6491,0.15093381702899933,41.027278900146484,27.16868782043457,23784.8203125,E,971.6602783203125
4541,4554,745A6403,6492,0.026295391842722893,7.331283092498779,33.383052825927734,6416.8515625,E,1241.8709716796875
4541,4579,745A6403,6493,0.6123250722885132,158.6646270751953,32.35918426513672,130486.3671875,E,1195.33544921875
4542,4602,745A6403,6494,0.1451757252216339,37.54584884643555,32.207679748535156,30589.380859375,E,2173.314453125
4543,4617,745A6403,6495,0.15644781291484833,47.91384506225586,30.01719856262207,33907.14453125,E,1947.0794677734375
4544,4545,745A6403,6496,0.3271137475967407,31.104000091552734,16.286739349365234,6479.9912109375,E,1293.2509765625
4544,4589,745A6403,6497,0.1252041459083557,25.47528076171875,28.573226928710938,16335.3134765625,E,1314.121826171875
4545,4605,745A6403,6498,0.25292545557022095,35.398563385009766,19.568126678466797,10645.6953125,E,1294.86083984375
4546,4563,745A6403,6499,0.09765145182609558,36.472206115722656,30.124343872070312,25994.837890625,E,1034.0169677734375
4546,4564,745A6403,6500,0.03187792748212814,9.923283576965332,35.27262878417969,9696.6328125,E,1025.493408203125
4547,4548,745A6403,6501,0.1307227462530136,30.659282684326172,30.564851760864258,22495.541015625,E,951.2392578125
4547,4609,745A6403,6502,0.339322566986084,44.692928314208984,19.739076614379883,13676.7314453125,E,968.639404296875
4548,4549,745A6403,6503,0.10429807752370834,28.067279815673828,32.81468200683594,23737.041015625,E,949.2352294921875
4548,4612,745A6403,6504,0.2267991453409195,39.95363998413086,21.219701766967773,14129.4345703125,E,970.7073364257812
4549,4610,745A6403,6505,0.3452426493167877,37.36164093017578,17.629226684570312,9119.73828125,E,969.6929931640625
4550,4580,745A6403,6506,0.07282596081495285,21.99384880065918,34.745628356933594,20854.099609375,E,1833.7542724609375
4550,4615,745A6403,6507,0.23954389989376068,77.23897552490234,31.798992156982422,61341.3203125,E,1806.2724609375
4551,4566,745A6403,6508,0.29438138008117676,85.72020721435547,34.11821746826172,78369.2578125,E,2031.7274169921875
4551,4616,745A6403,6509,0.29681506752967834,41.027278900146484,16.078563690185547,8330.2314453125,E,2004.81591796875
4552,4567,745A6403,6510,3.6352319717407227,57.20820617675781,9.593899726867676,4135.6005859375,E,1736.3931884765625
4553,4558,745A6403,6511,0.008433078415691853,2.5920000076293945,35.06343078613281,2502.843505859375,E,1058.502197265625
4554,4560,745A6403,6512,0.0885409340262413,24.401639938354492,33.21229553222656,21140.08203125,E,1253.6573486328125
4554,4630,745A6403,6513,0.8202298879623413,49.87691879272461,14.21910572052002,7920.16162109375,E,1263.5074462890625
4555,4635,745A6403,6514,0.25504058599472046,63.2053337097168,31.47340965270996,49173.5078125,E,2524.5107421875
4556,4568,745A6403,6515,0.040598686784505844,9.923282623291016,31.277481079101562,7624.45458984375,E,1511.461181640625
4556,4569,745A6403,6516,0.35654786229133606,38.435279846191406,18.684850692749023,10538.9951171875,E,1494.109130859375
4557,4596,745A6403,6517,0.016124730929732323,29.325130462646484,30.15496063232422,20943.408203125,E,1248.9222412109375
4557,4718,745A6403,6518,0.581162691116333,141.33375549316406,31.240209579467773,108333.71875,E,1312.6929931640625
4558,4562,745A6403,6519,0.020401015877723694,6.257641315460205,35.02260971069336,6028.337890625,E,1061.5701904296875
4558,4578,745A6403,6520,0.04411353915929794,19.84656524658203,33.6633415222168,17664.025390625,E,1061.731689453125
4559,4575,745A6403,6521,0.659188449382782,65.79733276367188,16.283823013305664,13702.8505859375,E,988.3185424804688
4559,4606,745A6403,6522,0.14699755609035492,36.027488708496094,23.494192123413086,15618.7001953125,E,993.7963256835938
4560,4627,745A6403,6523,0.19289931654930115,44.69292068481445,30.574556350708008,32813.2265625,E,1280.08740234375
4561,4598,745A6403,6524,7.502771377563477,91.53313446044922,12.38037109375,11018.83203125,E,1363.587890625
4561,4667,745A6403,6525,0.29808562994003296,75.98112487792969,31.925668716430664,60824.08984375,E,1422.2158203125
4562,4574,745A6403,6526,0.17908281087875366,51.39527893066406,34.05724334716797,46820.078125,E,1076.5001220703125
4562,4700,745A6403,6527,0.3916221559047699,98.2354965209961,29.167144775390625,65636.609375,E,1107.138427734375
4563,4578,745A6403,6528,0.2634117305278778,36.91692352294922,24.772695541381836,17793.521484375,E,1052.94677734375
4564,4570,745A6403,6529,0.2690127193927765,55.50564193725586,20.76094627380371,18789.76171875,E,1018.909423828125
4564,4719,745A6403,6530,0.4981769323348999,131.22625732421875,32.539913177490234,109129.8125,E,1087.9136962890625
4565,4670,745A6403,6531,0.4663357734680176,121.22669219970703,32.243064880371094,98983.0390625,E,2028.8006591796875
4565,4688,745A6403,6532,2.249897003173828,117.0084228515625,22.092954635620117,44855.38671875,E,1975.128173828125
4566,4592,745A6403,6533,0.22294484078884125,60.873844146728516,33.060523986816406,52256.47265625,E,2096.981689453125
4567,4572,745A6403,6534,0.015397273935377598,3.6656415462493896,30.859086990356445,2741.612060546875,E,1714.9737548828125
4568,4573,745A6403,6535,0.014861758798360825,3.6656415462493896,31.410140991210938,2840.401123046875,E,1517.5235595703125
4569,4604,745A6403,6536,0.16242466866970062,23.956924438476562,19.23250389099121,6959.73291015625,E,1490.185791015625
4570,4619,745A6403,6537,0.12180410325527191,34.32492446899414,33.58453369140625,30407.318359375,E,1027.267333984375
4571,4597,745A6403,6538,0.0713173970580101,18.772924423217773,32.4481086730957,15523.890625,E,1005.3101196289062
4572,4587,745A6403,6539,0.04434111714363098,10.368000030517578,30.577434539794922,7613.5458984375,E,1717.5523681640625
4573,4595,745A6403,6540,0.08396016061306,20.920207977294922,31.550092697143555,16355.248046875,E,1529.5870361328125
4573,4640,745A6403,6541,0.25523847341537476,48.35856628417969,23.425336837768555,20841.787109375,E,1529.1712646484375
4574,4699,745A6403,6542,0.2877584993839264,89.83056640625,32.107704162597656,72733.171875,E,1129.2674560546875
4575,4583,745A6403,6543,0.196661114692688,44.692928314208984,24.545146942138672,21147.544921875,E,979.4645385742188
4576,4614,745A6403,6544,0.1370038539171219,28.067279815673828,28.825563430786133,18316.638671875,E,1314.1605224609375
4576,4704,745A6403,6545,0.7775348424911499,150.81231689453125,27.446741104125977,89229.4609375,E,1371.2525634765625
4577,4611,745A6403,6546,0.16277362406253815,45.95077133178711,33.60075378417969,40745.59765625,E,1387.5809326171875
4578,4719,745A6403,6547,0.7719975113868713,126.30277252197266,22.304609298706055,49350.5546875,E,1111.3076171875
4579,4584,745A6403,6548,0.08189606666564941,12.51528263092041,24.67910385131836,5986.72509765625,E,1166.9122314453125
4580,4591,745A6403,6549,0.030802760273218155,8.849641799926758,33.91029739379883,7992.4287109375,E,1847.043212890625
4581,4636,745A6403,6550,0.36852365732192993,38.435279846191406,17.604284286499023,9355.27734375,E,2229.146728515625
4581,4663,745A6403,6551,0.7860369682312012,77.94419860839844,18.974342346191406,22039.7734375,E,2253.236572265625
4582,4690,745A6403,6552,0.2901633679866791,85.01497650146484,34.295162200927734,78532.796875,E,1198.1148681640625
4583,4648,745A6403,6553,0.20331893861293793,51.134769439697266,31.695873260498047,40347.03515625,E,1001.5923461914062
4584,4601,745A6403,6554,0.07423418015241623,9.923282623291016,23.139211654663086,4172.94189453125,E,1167.5125732421875
4585,4590,745A6403,6555,0.349610835313797,32.17763900756836,14.921859741210938,5627.16943359375,E,1517.739990234375
4585,4646,745A6403,6556,0.5426256656646729,43.17456817626953,14.245794296264648,6881.62841796875,E,1513.4058837890625
4586,4687,745A6403,6557,0.5337055921554565,148.66502380371094,33.37667465209961,130072.3046875,E,1688.3704833984375
4586,4695,745A6403,6558,1.871872901916504,83.12820434570312,17.21414566040039,19346.802734375,E,1643.6866455078125
4587,4593,745A6403,6559,1.0061569213867188,42.54563903808594,17.15584373474121,9834.880859375,E,1704.84619140625
4587,4623,745A6403,6560,0.10673545300960541,23.956924438476562,29.958805084228516,16887.677734375,E,1729.693115234375
4588,4593,745A6403,6561,0.03674793243408203,3.6656415462493896,16.796974182128906,812.2728881835938,E,1686.16015625
4588,4594,745A6403,6562,2.410829782485962,52.46892166137695,9.05394458770752,3378.062744140625,E,1665.1939697265625
4589,4598,745A6403,6563,0.9901382327079773,35.398563385009766,10.424127578735352,3021.029296875,E,1334.449951171875
4589,4637,745A6403,6564,0.16003616154193878,32.17763900756836,28.345584869384766,20305.556640625,E,1335.807373046875
4590,4621,745A6403,6565,0.24002888798713684,22.438568115234375,19.62113380432129,6784.740234375,E,1539.7227783203125
4591,4674,745A6403,6566,0.20190513134002686,58.726566314697266,28.72970199584961,38070.3359375,E,1858.7247314453125
4591,4678,745A6403,6567,0.442111998796463,106.82463073730469,25.821352005004883,55939.5859375,E,1900.346435546875
4592,4602,745A6403,6568,0.20190279185771942,53.987281799316406,32.742584228515625,45457.67578125,E,2149.1669921875
4592,4811,745A6403,6569,2.9877400398254395,223.75669860839844,24.05069351196289,101653.21875,E,2150.28564453125
4593,4639,745A6403,6570,0.9723622798919678,57.20820617675781,15.377241134643555,10624.416015625,E,1705.142822265625
4594,4631,745A6403,6571,0.10656296461820602,28.067283630371094,32.480716705322266,23256.345703125,E,1656.1612548828125
4595,4624,745A6403,6572,1.1298164129257202,71.87076568603516,16.117341995239258,14663.2080078125,E,1565.2626953125
4595,4681,745A6403,6573,0.3227097988128662,80.01517486572266,31.52153968811035,62442.04296875,E,1576.673828125
4596,4599,745A6403,6574,0.3408954441547394,79.64676666259766,30.915937423706055,59789.21484375,E,1228.676513671875
4596,4709,745A6403,6575,0.37008845806121826,91.53312683105469,31.803482055664062,72713.921875,E,1280.0211181640625
4597,4600,745A6403,6576,0.09709611535072327,23.956924438476562,31.398799896240234,18550.134765625,E,1012.6595458984375
4597,4620,745A6403,6577,0.05981794744729996,19.846567153930664,30.103933334350586,14126.083984375,E,1020.5029907226562
4598,4667,745A6403,6578,2.3223063945770264,131.2262725830078,15.801103591918945,25732.708984375,E,1405.162841796875
4599,4690,745A6403,6579,0.25480321049690247,76.61004638671875,26.847352981567383,43368.9140625,E,1227.447021484375
4600,4606,745A6403,6580,0.05212593078613281,11.441641807556152,29.610027313232422,7878.72314453125,E,1009.7911987304688
4602,4636,745A6403,6581,0.21662241220474243,66.686767578125,31.352134704589844,51482.99609375,E,2205.494873046875
4603,4651,745A6403,6582,0.15088020265102386,41.21148681640625,33.04435348510742,35342.94140625,E,1861.958251953125
4604,4632,745A6403,6583,0.21589288115501404,23.956924438476562,21.04667854309082,8334.6640625,E,1507.6903076171875
4604,4676,745A6403,6584,3.803128719329834,134.70770263671875,12.434318542480469,16357.8525390625,E,1481.90673828125
4605,4607,745A6403,6585,0.08785295486450195,6.257641315460205,16.87181282043457,1399.0203857421875,E,1312.48876953125
4605,4618,745A6403,6586,0.1350919008255005,12.51528263092041,16.29184341430664,2608.9814453125,E,1312.2730712890625
4606,4657,745A6403,6587,0.3407610058784485,71.42605590820312,25.95867156982422,37801.7109375,E,1019.069580078125
4607,4618,745A6403,6588,0.03923384100198746,6.257641315460205,16.256126403808594,1298.77734375,E,1316.3851318359375
4608,4609,745A6403,6589,0.24649545550346375,36.288002014160156,13.727396011352539,5370.68017578125,E,989.5723876953125
4608,4643,745A6403,6590,0.1326117217540741,25.47528076171875,27.76093101501465,15419.736328125,E,1002.2796630859375
4609,4629,745A6403,6591,0.35681167244911194,41.65620422363281,17.31741714477539,9811.509765625,E,991.7568359375
4609,4644,745A6403,6592,0.060280170291662216,24.401639938354492,18.57940101623535,6615.6474609375,E,1000.1432495117188
4610,4612,745A6403,6593,0.09013364464044571,26.993640899658203,10.725166320800781,2438.705810546875,E,990.0271606445312
4610,4665,745A6403,6594,0.24456815421581268,41.65620803833008,25.949932098388672,22031.400390625,E,1006.2979125976562
4611,4650,745A6403,6595,0.1516665369272232,40.76676940917969,32.785423278808594,34415.79296875,E,1427.683349609375
4612,4629,745A6403,6596,0.0781392976641655,13.588926315307617,26.291452407836914,7377.41455078125,E,995.338134765625
4613,4641,745A6403,6597,0.2572341859340668,25.030563354492188,21.897071838378906,9426.111328125,E,1008.136474609375
4613,6114,745A6403,6598,3.316749095916748,999.9880981445312,35.55324935913086,992757.8125,F,499.9958190917969
4614,4633,745A6403,6599,0.14199520647525787,50.9505615234375,24.435211181640625,23893.01953125,E,1309.369873046875
4614,4745,745A6403,6600,0.7835078239440918,125.2291259765625,26.776752471923828,70519.7890625,E,1369.857177734375
4615,4626,745A6403,6601,0.07596229016780853,20.291284561157227,32.678077697753906,17018.15234375,E,1787.711181640625
4615,4684,745A6403,6602,0.21667514741420746,44.06399917602539,16.87453269958496,9854.5615234375,E,1805.9332275390625
4616,4622,745A6403,6603,0.022893071174621582,3.6656415462493896,25.307716369628906,1843.935791015625,E,2020.1552734375
4616,4628,745A6403,6604,0.07613908499479294,12.51528263092041,25.805706024169922,6545.7890625,E,2020.23876953125
4617,4651,745A6403,6605,5.167996883392334,127.82112884521484,12.397541046142578,15429.91796875,E,1924.10986328125
4617,4812,745A6403,6606,0.7260801792144775,193.35794067382812,32.64618682861328,161851.53125,E,2040.83154296875
4618,4637,745A6403,6607,0.5092333555221558,38.43528366088867,13.560945510864258,5551.36669921875,E,1332.8614501953125
4619,4620,745A6403,6608,0.09756666421890259,41.47200012207031,22.029958724975586,15807.830078125,E,1035.1141357421875
4619,4647,745A6403,6609,0.0833299309015274,23.956924438476562,33.91823196411133,21646.482421875,E,1051.0819091796875
4620,4647,745A6403,6610,0.3190625309944153,55.06092834472656,24.317855834960938,25573.134765625,E,1048.631103515625
4621,4625,745A6403,6611,0.5601080060005188,37.54584503173828,14.997234344482422,6632.4521484375,E,1564.2506103515625
4621,4634,745A6403,6612,0.15581445395946503,18.772924423217773,16.04693031311035,3796.6953125,E,1548.7867431640625
4622,4628,745A6403,6613,0.02886912226676941,5.184000015258789,26.797607421875,2923.794921875,E,2023.1990966796875
4623,4639,745A6403,6614,0.11540788412094116,27.6225643157959,25.686748504638672,14314.365234375,E,1732.4072265625
4623,4654,745A6403,6615,0.12774023413658142,27.622568130493164,29.401851654052734,18754.40625,E,1750.262939453125
4624,4631,745A6403,6616,2.8821909427642822,85.2754898071289,10.478795051574707,7354.22314453125,E,1634.862548828125
4624,4672,745A6403,6617,0.612655520439148,34.7696418762207,12.988061904907227,4606.58251953125,E,1608.071044921875
4626,4659,745A6403,6618,0.13064222037792206,34.509132385253906,32.504825592041016,28636.478515625,E,1777.17431640625
4627,4630,745A6403,6619,0.22447340190410614,24.401639938354492,19.10032844543457,6991.82470703125,E,1288.76806640625
4627,4633,745A6403,6620,0.03084626793861389,7.331283092498779,30.81146240234375,5466.31298828125,E,1299.6134033203125
4628,4660,745A6403,6621,1.2178586721420288,73.38912200927734,20.527469635009766,24288.037109375,E,2057.4150390625
4629,4683,745A6403,6622,0.27944743633270264,44.87712860107422,25.505008697509766,22927.986328125,E,1018.5128173828125
4630,4668,745A6403,6623,0.15798422694206238,29.14092445373535,14.05190658569336,4519.22265625,E,1291.761474609375
4631,4711,745A6403,6624,0.21948592364788055,61.76327896118164,28.93219566345215,40605.32421875,E,1687.2132568359375
4632,4640,745A6403,6625,0.06868144869804382,28.067279815673828,12.28648853302002,3327.712158203125,E,1527.1243896484375
4632,4656,745A6403,6626,0.17450422048568726,16.625642776489258,19.46769905090332,4948.7734375,E,1520.4058837890625
4633,4669,745A6403,6627,0.1112305223941803,25.47528076171875,30.293743133544922,18361.77734375,E,1311.12548828125
4634,4638,745A6403,6628,0.014526237733662128,2.5920000076293945,26.71596908569336,1453.0037841796875,E,1547.1275634765625
4634,4642,745A6403,6629,0.04189697280526161,12.51528263092041,26.66834831237793,6990.73388671875,E,1544.2030029296875
4635,4671,745A6403,6630,0.11805379390716553,28.69620704650879,31.181554794311523,21913.408203125,E,2560.685546875
4636,4663,745A6403,6631,0.15003296732902527,38.61948776245117,32.09150695800781,31237.52734375,E,2253.640380859375
4637,4739,745A6403,6632,0.7898756861686707,103.60371398925781,24.44428253173828,48620.54296875,E,1388.2342529296875
4638,4642,745A6403,6633,0.031947094947099686,6.257641315460205,28.00176429748535,3853.641845703125,E,1547.12548828125
4639,4661,745A6403,6634,0.08703691512346268,12.960000038146973,24.562772750854492,6141.14990234375,E,1733.0347900390625
4640,4655,745A6403,6635,0.072386234998703,11.441641807556152,25.16485023498535,5690.71630859375,E,1542.847900390625
4641,4652,745A6403,6636,0.1330299973487854,36.91692352294922,16.868410110473633,8250.185546875,E,1022.9465942382812
4641,4673,745A6403,6637,0.0940498486161232,36.027488708496094,29.24673843383789,24203.533203125,E,1024.12744140625
4642,4646,745A6403,6638,0.1495431661605835,31.73292350769043,29.1531982421875,21182.265625,E,1537.6571044921875
4643,4644,745A6403,6639,0.5126094222068787,33.69599914550781,14.95332145690918,5917.57177734375,E,1012.6145629882812
4643,4727,745A6403,6640,0.2961978614330292,72.13127899169922,31.222808837890625,55227.76171875,E,1048.686767578125
4644,4741,745A6403,6641,0.8606317639350891,88.75692749023438,18.91577911376953,24942.53515625,E,1054.22705078125
4645,4646,745A6403,6642,0.2234298288822174,43.61928176879883,28.05458641052246,26963.4921875,E,1511.8182373046875
4645,4708,745A6403,6643,0.2907348871231079,46.656002044677734,18.683393478393555,12791.1298828125,E,1511.031494140625
4647,4664,745A6403,6644,0.04262211173772812,12.51528263092041,34.27562713623047,11547.8564453125,E,1064.635986328125
4648,4657,745A6403,6645,0.10841208696365356,35.84328079223633,29.10387420654297,23845.10546875,E,1027.4844970703125
4648,4728,745A6403,6646,0.3410218060016632,78.57312774658203,30.389667510986328,56992.25390625,E,1059.4986572265625
4649,4666,745A6403,6647,0.0762118473649025,15.107283592224121,28.95420265197754,9947.16796875,E,1033.7069091796875
4649,6114,745A6403,6648,3.4347376823425293,1028.2435302734375,35.55324935913086,1020809.0,F,514.1234130859375
4650,4704,745A6403,6649,0.32335901260375977,76.16533660888672,28.5507755279541,48762.17578125,E,1448.9197998046875
4650,4708,745A6403,6650,0.341448038816452,88.23589324951172,32.2454719543457,72056.4140625,E,1487.23193359375
4651,4675,745A6403,6651,0.06515815109014511,17.699283599853516,32.964176177978516,15105.32421875,E,1885.5318603515625
4652,4658,745A6403,6652,0.014231184497475624,2.5920000076293945,26.991497039794922,1483.128662109375,E,1029.974365234375
4652,4662,745A6403,6653,0.04138786345720291,13.588924407958984,26.72957420349121,7625.33740234375,E,1030.2100830078125
4653,4670,745A6403,6654,0.3397647440433502,91.08841705322266,29.692726135253906,63074.40234375,E,2115.140869140625
4654,4661,745A6403,6655,0.034735891968011856,32.17763900756836,17.276599884033203,7543.2861328125,E,1749.33056640625
4654,4705,745A6403,6656,0.1940280944108963,45.32184600830078,30.610347747802734,33352.9296875,E,1777.9642333984375
4655,4656,745A6403,6657,0.11771757900714874,28.067279815673828,13.789982795715332,4191.96484375,E,1536.394287109375
4655,4689,745A6403,6658,0.05105242505669594,22.883283615112305,30.087610244750977,16269.8525390625,E,1553.0693359375
4656,4696,745A6403,6659,0.35651299357414246,32.17763900756836,14.08543586730957,5014.00341796875,E,1530.753173828125
4657,4691,745A6403,6660,0.2910241484642029,63.02112579345703,29.51020622253418,43104.296875,E,1051.411865234375
4658,4662,745A6403,6661,0.019400469958782196,3.6656415462493896,27.491527557373047,2175.893310546875,E,1032.7376708984375
4659,4684,745A6403,6662,0.2621491849422455,52.20840835571289,24.568267822265625,24750.240234375,E,1800.2774658203125
4659,4687,745A6403,6663,0.09389253705739975,43.803489685058594,31.97933578491211,35183.37109375,E,1764.72998046875
4661,4738,745A6403,6664,0.3598175644874573,87.42277526855469,27.44744110107422,51727.10546875,E,1756.9122314453125
4662,4666,745A6403,6665,0.01345719862729311,3.6656415462493896,27.75684928894043,2218.09521484375,E,1035.70654296875
4663,4717,745A6403,6666,0.30823981761932373,82.60717010498047,32.74247741699219,69555.375,E,2309.85009765625
4664,4685,745A6403,6667,0.5264660716056824,63.91056442260742,21.67326545715332,23578.232421875,E,1062.664306640625
4664,4697,745A6403,6668,0.08630155026912689,25.47528076171875,34.36134719848633,23623.76953125,E,1080.321533203125
4665,4683,745A6403,6669,0.12049379199743271,29.14092445373535,9.276094436645508,1969.352783203125,E,1030.8475341796875
4665,4694,745A6403,6670,0.2701299786567688,28.69620704650879,16.055431365966797,5809.76220703125,E,1035.823486328125
4666,4730,745A6403,6671,0.3236033320426941,64.98420715332031,28.4686279296875,41364.78515625,E,1067.0240478515625
4667,4676,745A6403,6672,0.02931451052427292,7.331283092498779,31.600631713867188,5749.91455078125,E,1455.259765625
4668,4669,745A6403,6673,0.30159831047058105,25.920000076293945,13.997479438781738,3988.637451171875,E,1309.9686279296875
4668,4715,745A6403,6674,1.0542795658111572,76.87055969238281,17.299789428710938,18068.892578125,E,1325.7742919921875
4669,4715,745A6403,6675,0.18537846207618713,40.58256530761719,29.590978622436523,27909.2421875,E,1334.812744140625
4670,4774,745A6403,6676,0.6257638931274414,144.29421997070312,30.40343475341797,104757.25,E,2147.11962890625
4671,4679,745A6403,6677,0.026754427701234818,6.257641315460205,30.573354721069336,4593.955078125,E,2573.658447265625
4671,4698,745A6403,6678,3.9394068717956543,249.3083038330078,26.182056427001953,134225.21875,E,2517.5771484375
4672,4681,745A6403,6679,0.03811085596680641,9.923283576965332,32.26223373413086,8112.115234375,E,1617.220703125
4672,4711,745A6403,6680,0.40982502698898315,99.49333953857422,31.420345306396484,77144.6484375,E,1662.0770263671875
4673,4677,745A6403,6681,0.01231734361499548,3.6656415462493896,34.502174377441406,3427.1474609375,E,1035.142333984375
4673,4686,745A6403,6682,0.033403679728507996,9.923283576965332,34.4715576171875,9261.197265625,E,1037.974609375
4674,4678,745A6403,6683,0.33455491065979004,86.16492462158203,32.12076187133789,69821.9609375,E,1908.330078125
4674,4684,745A6403,6684,0.26846787333488464,71.68656158447266,32.7352409362793,60333.52734375,E,1845.823486328125
4675,4680,745A6403,6685,1.6269539594650269,42.54563903808594,14.019433975219727,6567.587890625,E,1874.9937744140625
4675,4702,745A6403,6686,0.10626322776079178,27.622568130493164,32.26121139526367,22579.548828125,E,1903.4017333984375
4676,4713,745A6403,6687,0.1514681726694107,36.47220993041992,31.05533218383789,27626.400390625,E,1471.371337890625
4677,4686,745A6403,6688,0.021086333319544792,6.257641315460205,34.457950592041016,5835.51806640625,E,1038.9705810546875
4677,4694,745A6403,6689,0.19362984597682953,51.57948684692383,27.258520126342773,30100.341796875,E,1036.9786376953125
4678,4688,745A6403,6690,0.09897877275943756,28.067279815673828,33.670021057128906,24990.6171875,E,1954.861572265625
4681,4746,745A6403,6691,0.27572038769721985,80.27568817138672,31.157806396484375,61207.92578125,E,1647.4517822265625
4682,4732,745A6403,6692,0.2854141294956207,75.72061157226562,32.74100112915039,63751.12890625,E,1218.99365234375
4682,4839,745A6403,6693,0.5964934825897217,158.9251251220703,32.77480697631836,134079.609375,E,1246.898681640625
4683,4692,745A6403,6694,0.037139274179935455,5.184000015258789,23.62734031677246,2272.922119140625,E,1036.9166259765625
4685,4691,745A6403,6695,0.06822510063648224,16.625642776489258,31.217708587646484,12725.369140625,E,1064.8272705078125
4685,4697,745A6403,6696,0.24416032433509827,62.8369255065918,28.0125675201416,38726.7109375,E,1081.845458984375
4686,4720,745A6403,6697,0.1110491156578064,44.87712860107422,31.98387336730957,36055.9609375,E,1059.1177978515625
4687,4737,745A6403,6698,0.42733126878738403,113.71119689941406,32.663936614990234,95286.234375,E,1808.13671875
4688,4790,745A6403,6699,2.868649959564209,105.82727813720703,10.788856506347656,9674.71875,E,1998.1068115234375
4689,4696,745A6403,6700,0.14455485343933105,34.32492446899414,31.053760528564453,25997.27734375,E,1549.8671875
4689,4756,745A6403,6701,0.3156505823135376,83.75712585449219,32.58844757080078,69861.6796875,E,1591.432861328125
4690,4716,745A6403,6702,0.11646433919668198,34.95384979248047,34.6518440246582,32963.82421875,E,1256.00146484375
4691,4740,745A6403,6703,1.0144034624099731,62.39220428466797,12.94587230682373,8212.6416015625,E,1093.7899169921875
4692,4707,745A6403,6704,0.10985024273395538,28.251487731933594,23.066757202148438,11806.0419921875,E,1048.94873046875
4692,4729,745A6403,6705,0.5518182516098022,60.42912673950195,15.995441436767578,12143.07421875,E,1058.6614990234375
4693,4762,745A6403,6706,0.46142396330833435,85.72020721435547,28.588537216186523,55024.609375,E,1101.547119140625
4693,6114,745A6403,6707,3.5711209774017334,1061.4232177734375,35.55324935913086,1053748.75,F,530.7132568359375
4694,4707,745A6403,6708,0.1678113043308258,23.512208938598633,23.94283676147461,10586.0654296875,E,1053.670654296875
4695,4781,745A6403,6709,2.3056201934814453,128.63426208496094,14.271008491516113,20575.7578125,E,1702.6007080078125
4695,4785,745A6403,6710,2.5058863162994385,112.45333099365234,16.382408142089844,23703.78515625,E,1665.7335205078125
4696,4712,745A6403,6711,0.10887839645147324,29.769847869873047,33.04697799682617,25534.65625,E,1537.856689453125
4697,4701,745A6403,6712,0.021089352667331696,6.257641315460205,34.451148986816406,5833.21533203125,E,1093.8941650390625
4698,4743,745A6403,6713,0.21435211598873138,52.46892166137695,31.682601928710938,41365.0625,E,2424.59619140625
4699,4700,745A6403,6714,0.023416131734848022,31.104000091552734,21.04214096069336,10816.48046875,E,1158.4747314453125
4699,4724,745A6403,6715,0.14423257112503052,29.58563995361328,28.624252319335938,19038.78125,E,1178.9910888671875
4700,4726,745A6403,6716,0.1451122760772705,34.32492446899414,30.833967208862305,25630.5703125,E,1165.498046875
4701,4703,745A6403,6717,0.10243552923202515,37.36164093017578,29.02677345275879,24723.693359375,E,1104.226806640625
4701,4752,745A6403,6718,0.21395592391490936,57.65291976928711,32.862918853759766,48901.64453125,E,1121.625244140625
4702,4735,745A6403,6719,0.4134981632232666,78.31260681152344,28.14789390563965,48731.90234375,E,1947.55322265625
4702,4767,745A6403,6720,0.3613974153995514,76.42584991455078,26.64409065246582,42612.0078125,E,1929.4732666015625
4703,4706,745A6403,6721,0.015866348519921303,2.5920000076293945,25.562833786010742,1330.2794189453125,E,1111.07421875
4703,4710,745A6403,6722,0.07799815386533737,13.588924407958984,26.487384796142578,7487.78076171875,E,1111.798583984375
4704,4725,745A6403,6723,0.16864556074142456,44.87712860107422,32.69321823120117,37673.01171875,E,1437.81689453125
4705,4775,745A6403,6724,0.5133044123649597,80.09149169921875,20.98198890686035,27692.97265625,E,1807.625244140625
4705,4823,745A6403,6725,0.6254416704177856,152.69908142089844,31.269542694091797,117265.2578125,E,1868.28857421875
4706,4710,745A6403,6726,0.020558906719088554,3.6656415462493896,26.70576286315918,2053.287841796875,E,1113.9407958984375
4707,4714,745A6403,6727,0.01607099175453186,5.184000015258789,25.399559020996094,2626.680419921875,E,1060.748779296875
4708,4733,745A6403,6728,0.2014859914779663,58.4660530090332,34.06014633178711,53270.48828125,E,1552.7763671875
4709,4718,745A6403,6729,4.18308162689209,126.30277252197266,12.997726440429688,16758.59375,E,1344.5093994140625
4709,4721,745A6403,6730,0.06578002870082855,18.772924423217773,33.78055191040039,16825.009765625,E,1311.2847900390625
4710,4734,745A6403,6731,0.523422360420227,79.2020492553711,21.94495964050293,29956.83203125,E,1148.2113037109375
4711,4738,745A6403,6732,0.24899527430534363,68.38933563232422,33.18854522705078,59163.61328125,E,1738.3310546875
4712,4713,745A6403,6733,0.44230979681015015,69.5392837524414,25.47196388244629,35436.01953125,E,1508.6412353515625
4712,4768,745A6403,6734,0.7169576287269592,100.56697845458984,23.124757766723633,42237.640625,E,1542.9256591796875
4713,4769,745A6403,6735,0.25272002816200256,64.35527801513672,31.928544998168945,51526.69921875,E,1510.590576171875
4714,4720,745A6403,6736,0.33769935369491577,48.35856628417969,22.35175132751465,18975.203125,E,1069.7213134765625
4714,4729,745A6403,6737,0.2111671417951584,42.28512954711914,28.949344635009766,27832.6796875,E,1075.9075927734375
4715,4755,745A6403,6738,0.2278016358613968,56.763484954833984,31.57443618774414,44445.73828125,E,1373.91015625
4716,4723,745A6403,6739,0.04562758281826973,13.588926315307617,34.50829315185547,12709.3095703125,E,1278.8692626953125
4716,4731,745A6403,6740,0.4015699625015259,54.171485900878906,23.086225509643555,22676.001953125,E,1265.630615234375
4717,4722,745A6403,6741,0.09722448885440826,35.84328079223633,30.902170181274414,26882.8671875,E,2363.88720703125
4717,4782,745A6403,6742,0.24461489915847778,62.836917877197266,32.11086654663086,50887.23046875,E,2363.11865234375
4718,4748,745A6403,6743,0.167360320687294,41.84041213989258,31.623653411865234,32863.203125,E,1395.6353759765625
4719,4734,745A6403,6744,0.07089148461818695,20.291284561157227,33.821006774902344,18229.404296875,E,1158.32861328125
4720,4796,745A6403,6745,0.33429691195487976,91.90154266357422,33.17098617553711,79419.921875,E,1111.01123046875
4721,4723,745A6403,6746,0.24190479516983032,58.09764099121094,27.87293243408203,35449.79296875,E,1299.2430419921875
4721,4813,745A6403,6747,0.4104148745536804,91.08841705322266,26.05898094177246,48581.16015625,E,1355.3514404296875
4722,4743,745A6403,6748,0.22620920836925507,59.984413146972656,27.12101936340332,34652.95703125,E,2408.94091796875
4722,4782,745A6403,6749,0.34048107266426086,75.79692077636719,25.551355361938477,38865.953125,E,2391.122802734375
4723,4751,745A6403,6750,0.11579151451587677,32.80656433105469,33.70280075073242,29267.298828125,E,1299.5618896484375
4724,4726,745A6403,6751,0.07102136313915253,32.17763900756836,12.082393646240234,3689.3515625,E,1187.6248779296875
4724,4835,745A6403,6752,0.6195283532142639,111.19549560546875,26.926036834716797,63317.234375,E,1241.474609375
4725,4750,745A6403,6753,0.16755586862564087,47.0244140625,33.48782730102539,41417.81640625,E,1434.0501708984375
4725,4820,745A6403,6754,0.490107923746109,123.37398529052734,30.130088806152344,87965.890625,E,1492.933837890625
4726,4853,745A6403,6755,0.9805890321731567,129.96839904785156,23.386241912841797,55827.546875,E,1236.2725830078125
4727,4741,745A6403,6756,0.16024740040302277,47.91384506225586,29.352188110351562,32421.408203125,E,1089.1630859375
4727,4747,745A6403,6757,0.09792010486125946,23.956924438476562,31.271812438964844,18400.392578125,E,1094.061767578125
4728,4758,745A6403,6758,0.17002500593662262,40.76676940917969,30.983116149902344,30735.9296875,E,1113.5111083984375
4728,4783,745A6403,6759,0.2491311877965927,63.65005111694336,28.473581314086914,40529.6484375,E,1117.0020751953125
4729,4749,745A6403,6760,0.13917163014411926,37.10112762451172,32.64150619506836,31046.8359375,E,1093.490234375
4730,4875,745A6403,6761,0.49459677934646606,130.8578643798828,32.575557708740234,109061.9921875,E,1156.5601806640625
4730,4896,745A6403,6762,1.1449321508407593,215.7965087890625,27.93342399597168,132246.03125,E,1150.68115234375
4731,4732,745A6403,6763,0.13839684426784515,28.067283630371094,29.41558074951172,19074.146484375,E,1260.1397705078125
4731,4751,745A6403,6764,0.3503834307193756,70.3524169921875,21.246234893798828,24942.091796875,E,1294.910888671875
4732,4770,745A6403,6765,0.14354950189590454,40.58256530761719,27.064971923828125,23347.724609375,E,1267.7821044921875
4733,4760,745A6403,6766,0.2933976650238037,82.86769104003906,33.609256744384766,73517.875,E,1610.877197265625
4733,4856,745A6403,6767,0.37977278232574463,122.82135009765625,33.510162353515625,108322.046875,E,1607.0140380859375
4734,4761,745A6403,6768,0.09740793704986572,29.14092445373535,34.592159271240234,27387.255859375,E,1180.4200439453125
4735,4764,745A6403,6769,0.7381225228309631,44.87712860107422,14.563068389892578,7475.16357421875,E,1985.0152587890625
4735,4825,745A6403,6770,0.4700787663459778,105.0457534790039,29.92471694946289,73880.2734375,E,2037.5186767578125
4736,4739,745A6403,6771,0.2695257067680359,31.732921600341797,19.424694061279297,9403.90625,E,1443.96240234375
4737,4742,745A6403,6772,0.08825896680355072,21.36492347717285,31.1269588470459,16257.90625,E,1866.33349609375
4737,4773,745A6403,6773,0.02485727332532406,33.251285552978516,24.28724479675293,15404.7548828125,E,1868.5467529296875
4738,4777,745A6403,6774,0.17007748782634735,42.28512954711914,31.573413848876953,33107.05859375,E,1788.2843017578125
4739,4748,745A6403,6775,0.5993279814720154,42.100929260253906,16.67043685913086,9189.154296875,E,1425.4097900390625
4740,4752,745A6403,6776,1.714897632598877,58.726566314697266,15.747929573059082,11438.5615234375,E,1138.568603515625
4740,4758,745A6403,6777,1.108847975730896,64.53948974609375,15.577213287353516,12299.7119140625,E,1131.0084228515625
4741,4744,745A6403,6778,0.01438124105334282,3.6656415462493896,31.930580139160156,2935.306884765625,E,1098.1907958984375
4742,4766,745A6403,6779,0.11676803976297379,33.25128173828125,26.325637817382812,18099.0625,E,1882.348876953125
4742,4791,745A6403,6780,0.5143643021583557,104.41683959960938,28.495296478271484,66589.65625,E,1920.40380859375
4743,4754,745A6403,6781,0.05956270545721054,18.328208923339844,35.066837310791016,17701.216796875,E,2443.010498046875
4744,4747,745A6403,6782,0.11510668694972992,47.72964096069336,24.32514762878418,22181.404296875,E,1102.8988037109375
4744,4749,745A6403,6783,0.01396754290908575,7.331283092498779,32.39999771118164,6044.49267578125,E,1101.9710693359375
4745,4750,745A6403,6784,0.062291864305734634,15.107283592224121,31.144821166992188,11509.2744140625,E,1426.2510986328125
4745,4755,745A6403,6785,0.5496702790260315,54.6161994934082,18.62929344177246,14886.89453125,E,1410.5247802734375
4746,4756,745A6403,6786,6.76834774017334,96.08820343017578,9.87551212310791,7360.0234375,E,1653.7490234375
4746,4851,745A6403,6787,0.39464420080184937,109.41661834716797,33.30379867553711,95314.890625,E,1730.61279296875
4747,4780,745A6403,6788,0.12921541929244995,29.58563995361328,30.319936752319336,21361.2890625,E,1118.72998046875
4748,4757,745A6403,6789,0.05039403215050697,12.51528263092041,31.516271591186523,9763.3798828125,E,1421.666748046875
4749,4753,745A6403,6790,0.009686466306447983,2.5920000076293945,32.716346740722656,2178.986328125,E,1105.791748046875
4750,4789,745A6403,6791,0.162611186504364,63.65005111694336,29.033369064331055,42138.9296875,E,1437.15625
4751,4779,745A6403,6792,0.09787749499082565,27.6225643157959,33.581703186035156,24465.794921875,E,1324.47021484375
4752,4772,745A6403,6793,0.07727689296007156,20.291284561157227,32.394893646240234,16724.4765625,E,1155.91064453125
4753,4765,745A6403,6794,0.07985962927341461,20.920207977294922,32.36647033691406,17212.603515625,E,1114.74072265625
4753,4784,745A6403,6795,0.2544489800930023,68.64984893798828,25.275644302368164,34445.61328125,E,1124.943359375
4754,4788,745A6403,6796,0.1397455483675003,30.659282684326172,25.95061492919922,16216.1279296875,E,2455.931396484375
4754,4806,745A6403,6797,0.3787333071231842,107.89826965332031,33.81562423706055,96903.4375,E,2499.732177734375
4755,4789,745A6403,6798,0.14079707860946655,36.027488708496094,32.008819580078125,28991.001953125,E,1415.267578125
4756,4877,745A6403,6799,0.393168568611145,109.8613510131836,33.4360466003418,96463.8671875,E,1667.4150390625
4757,4824,745A6403,6800,0.2950231432914734,71.6102523803711,31.185636520385742,54698.36328125,E,1461.6131591796875
4757,4846,745A6403,6801,6.275286674499512,133.63404846191406,12.507493019104004,16419.03125,E,1424.3134765625
4758,4834,745A6403,6802,0.30367621779441833,72.31549072265625,30.852806091308594,54064.296875,E,1164.3526611328125
4759,4762,745A6403,6803,4.470203399658203,41.027278900146484,9.059755325317383,2644.81640625,E,1144.3082275390625
4760,4785,745A6403,6804,0.16161799430847168,46.39548873901367,33.87458419799805,41813.21484375,E,1669.73193359375
4760,4804,745A6403,6805,0.8256247043609619,36.288002014160156,19.59307098388672,10941.0244140625,E,1661.5911865234375
4761,4807,745A6403,6806,0.16915194690227509,54.80040740966797,30.485435485839844,39999.859375,E,1202.0777587890625
4761,4833,745A6403,6807,0.2702430784702301,71.87076568603516,32.618385314941406,60057.4765625,E,1227.7603759765625
4762,4883,745A6403,6808,0.4722677767276764,126.41070556640625,32.748268127441406,106475.6796875,E,1197.3564453125
4763,4774,745A6403,6809,0.8153566122055054,48.98748779296875,14.756031036376953,8377.4951171875,E,2236.11962890625
4764,4767,745A6403,6810,0.19488319754600525,34.7696418762207,10.340786933898926,2920.09716796875,E,1966.8583984375
4764,4901,745A6403,6811,0.696052074432373,146.07302856445312,30.17037582397461,104429.0546875,E,2041.53662109375
4765,4796,745A6403,6812,0.19612877070903778,56.31876754760742,28.399747848510742,35675.65625,E,1138.1597900390625
4765,4818,745A6403,6813,1.4224797487258911,83.75712585449219,14.663651466369629,14144.7705078125,E,1148.6759033203125
4766,4773,745A6403,6814,0.04293301701545715,8.849641799926758,28.72119903564453,5733.51171875,E,1880.3743896484375
4766,4815,745A6403,6815,0.24615061283111572,44.87712860107422,22.73798179626465,18222.953125,E,1903.022705078125
4767,4850,745A6403,6816,0.35286882519721985,75.35220336914062,29.213939666748047,50508.69140625,E,1974.996826171875
4768,4769,745A6403,6817,0.009674392640590668,2.5920000076293945,32.73675537109375,2181.705810546875,E,1536.0052490234375
4768,4878,745A6403,6818,0.3358236253261566,90.90420532226562,32.90062713623047,77282.6875,E,1571.84326171875
4769,4869,745A6403,6819,5.765678882598877,150.2596893310547,13.0571870803833,20120.16796875,E,1527.78125
4770,4880,745A6403,6820,0.9057239294052124,137.66810607910156,21.8441162109375,51593.1640625,E,1336.5086669921875
4770,4916,745A6403,6821,0.5942399501800537,142.03897094726562,28.696636199951172,91866.9765625,E,1351.4986572265625
4771,4772,745A6403,6822,0.009957922622561455,2.5920000076293945,32.267337799072266,2119.58642578125,E,1164.7528076171875
4771,4807,745A6403,6823,4.3319501876831055,102.97477722167969,14.242654800415039,16405.998046875,E,1182.606201171875
4771,4871,745A6403,6824,0.4363715648651123,90.45948791503906,28.919572830200195,59419.328125,E,1207.1474609375
4772,4872,745A6403,6825,0.5063323974609375,104.04840087890625,26.52718162536621,57505.25390625,E,1194.75634765625
4773,4776,745A6403,6826,0.017506325617432594,3.6656415462493896,28.940597534179688,2411.320068359375,E,1877.3865966796875
4774,4800,745A6403,6827,1.6324007511138916,27.622568130493164,19.35019874572754,8123.15576171875,E,2218.198486328125
4775,4777,745A6403,6828,0.0894688293337822,32.17763900756836,26.433151245117188,17658.017578125,E,1817.7254638671875
4775,4794,745A6403,6829,0.06659843772649765,20.291284561157227,26.254711151123047,10985.3505859375,E,1836.951171875
4776,4786,745A6403,6830,0.45506027340888977,117.45314025878906,32.213706970214844,95727.3203125,E,1833.149658203125
4776,4819,745A6403,6831,0.13860169053077698,33.25128173828125,23.687715530395508,14653.6103515625,E,1888.586669921875
4777,4778,745A6403,6832,0.009716751985251904,2.5920000076293945,32.665321350097656,2172.19482421875,E,1806.0277099609375
4777,4795,745A6403,6833,0.10084289312362671,35.398563385009766,28.53240966796875,22633.53515625,E,1822.265625
4778,4920,745A6403,6834,0.5170890092849731,129.33949279785156,31.896987915039062,103352.359375,E,1836.2261962890625
4779,4813,745A6403,6835,0.3008818030357361,67.76040649414062,27.430299758911133,40043.03515625,E,1360.5498046875
4779,4852,745A6403,6836,0.28555819392204285,73.83384704589844,32.29757308959961,60490.21875,E,1368.032470703125
4780,4783,745A6403,6837,0.2121104598045349,55.50564193725586,22.217723846435547,21519.201171875,E,1135.4547119140625
4780,4784,745A6403,6838,0.014949054457247257,3.6656415462493896,31.318296432495117,2823.814453125,E,1134.16748046875
4781,4786,745A6403,6839,0.3027627170085907,77.94419860839844,32.14488220214844,63255.359375,E,1764.94970703125
4781,4799,745A6403,6840,0.11832308769226074,46.39548873901367,30.12026596069336,33058.5078125,E,1727.502685546875
4782,4787,745A6403,6841,0.00907636247575283,2.5920000076293945,33.79804611206055,2325.45556640625,E,2383.91796875
4783,4814,745A6403,6842,0.12129548192024231,25.47528076171875,29.02223777770996,16852.74609375,E,1152.0999755859375
4784,4808,745A6403,6843,0.09385408461093903,22.883283615112305,31.22645378112793,17524.8203125,E,1145.5987548828125
4785,4799,745A6403,6844,0.114207923412323,32.361846923828125,33.68857955932617,28846.197265625,E,1705.216064453125
4786,4882,745A6403,6845,0.5782464146614075,134.8156280517578,29.242328643798828,90542.8203125,E,1856.3367919921875
4787,4866,745A6403,6846,0.7369359731674194,131.2262725830078,25.848304748535156,68861.234375,E,2440.30517578125
4787,4906,745A6403,6847,0.47092169523239136,119.60041809082031,31.89616584777832,95565.1484375,E,2410.7490234375
4788,4793,745A6403,6848,0.0630669817328453,6.257641315460205,19.980850219726562,1962.1331787109375,E,2462.924072265625
4788,4802,745A6403,6849,0.0608627125620842,12.51528263092041,20.280189514160156,4042.72802734375,E,2461.223388671875
4789,4797,745A6403,6850,0.03440815955400467,8.849641799926758,32.06834411621094,7147.73828125,E,1437.16943359375
4790,4792,745A6403,6851,1.8747602701187134,95.64350128173828,25.248817443847656,47888.08203125,E,2067.50537109375
4790,4805,745A6403,6852,0.13134406507015228,25.03056526184082,27.62305450439453,15000.4384765625,E,2022.1298828125
4791,4805,745A6403,6853,0.18516071140766144,57.20820617675781,24.428255081176758,26812.23828125,E,1990.748779296875
4791,4830,745A6403,6854,0.2662046253681183,56.31876754760742,29.22418212890625,37777.0234375,E,1994.3692626953125
4793,4802,745A6403,6855,0.05884220451116562,6.257641315460205,20.5931339263916,2084.22900390625,E,2465.3349609375
4794,4795,745A6403,6856,0.01707019843161106,7.331283092498779,29.307968139648438,4945.85400390625,E,1838.484375
4794,4798,745A6403,6857,0.011773446574807167,2.5920000076293945,29.675338745117188,1792.7357177734375,E,1841.857177734375
4795,4803,745A6403,6858,0.02864331379532814,6.257641315460205,29.539274215698242,4288.44873046875,E,1839.2877197265625
4796,4809,745A6403,6859,0.031026102602481842,8.849641799926758,33.77763366699219,7930.01513671875,E,1150.00927734375
4797,4855,745A6403,6860,0.6829834580421448,179.14010620117188,31.21406364440918,137082.90625,E,1505.140869140625
4797,4959,745A6403,6861,0.6595818996429443,170.29046630859375,32.176551818847656,138471.109375,E,1516.064208984375
4798,4803,745A6403,6862,0.01655893586575985,3.6656415462493896,29.756975173950195,2549.279296875,E,1842.4598388671875
4798,4821,745A6403,6863,0.4674808382987976,44.24820327758789,17.41668128967285,10541.837890625,E,1859.762939453125
4799,4836,745A6403,6864,0.23967765271663666,60.61333084106445,31.8494815826416,48290.62109375,E,1749.9246826171875
4801,4816,745A6403,6865,0.28643515706062317,77.05477142333984,32.84258270263672,65277.578125,E,2708.1025390625
4802,4810,745A6403,6866,0.05792388319969177,6.257641315460205,20.79042625427246,2124.356201171875,E,2466.9892578125
4803,4831,745A6403,6867,0.08834514021873474,30.214563369750977,29.18551254272461,20213.46875,E,1853.13427734375
4805,4830,745A6403,6868,0.13225415349006653,28.69620704650879,29.479406356811523,19586.275390625,E,2019.7435302734375
4806,4816,745A6403,6869,0.5154210925102234,144.26255798339844,33.470008850097656,126927.328125,E,2614.554931640625
4806,4861,745A6403,6870,0.1472712904214859,51.39527893066406,31.299346923828125,39544.27734375,E,2563.7958984375
4807,4870,745A6403,6871,0.2503078877925873,66.24205017089844,32.51131820678711,54991.15234375,E,1237.8642578125
4808,4814,745A6403,6872,0.3363693356513977,52.913639068603516,17.166614532470703,12246.91796875,E,1158.318603515625
4808,4818,745A6403,6873,0.030764229595661163,7.331283092498779,30.865888595581055,5485.6416015625,E,1158.475341796875
4809,4847,745A6403,6874,0.30281350016593933,73.12861633300781,31.295669555664062,56253.00390625,E,1169.9102783203125
4809,4894,745A6403,6875,0.3266053795814514,82.68348693847656,28.661666870117188,53347.19140625,E,1191.3614501953125
4810,4845,745A6403,6876,0.6574357151985168,64.53948211669922,20.405010223388672,21105.177734375,E,2495.891845703125
4810,4858,745A6403,6877,0.43456390500068665,48.35856628417969,19.222980499267578,14034.751953125,E,2481.02880859375
4811,4812,745A6403,6878,0.12088502198457718,31.104000091552734,32.12446975708008,25210.302734375,E,2127.400634765625
4811,4962,745A6403,6879,1.0818372964859009,277.2229919433594,32.05707550048828,223752.015625,E,2265.1611328125
4812,4822,745A6403,6880,0.06240987777709961,16.180925369262695,32.12446975708008,13114.9052734375,E,2114.3017578125
4813,4843,745A6403,6881,0.28149980306625366,76.16533660888672,32.89268112182617,64721.0859375,E,1423.2559814453125
4814,4817,745A6403,6882,0.013032158836722374,2.5920000076293945,28.20585823059082,1619.5841064453125,E,1164.5618896484375
4815,4819,745A6403,6883,0.05604138597846031,29.58563995361328,19.25971794128418,8619.2744140625,E,1911.2755126953125
4815,4829,745A6403,6884,0.19825488328933716,30.843490600585938,24.944429397583008,15073.029296875,E,1935.0343017578125
4816,4849,745A6403,6885,0.9230687022209167,37.36164093017578,13.415811538696289,5281.40771484375,E,2687.29150390625
4817,4827,745A6403,6886,0.08545112609863281,16.625642776489258,27.92887306213379,10185.3310546875,E,1173.3353271484375
4817,4832,745A6403,6887,0.1862545907497406,36.91692352294922,22.92207908630371,15234.330078125,E,1172.5682373046875
4818,4854,745A6403,6888,0.1801660805940628,42.100929260253906,30.609071731567383,30980.03515625,E,1180.2982177734375
4819,4826,745A6403,6889,0.08448034524917603,14.033641815185547,25.756723403930664,7312.08935546875,E,1903.69970703125
4820,4828,745A6403,6890,0.135910302400589,20.920207977294922,24.922853469848633,10205.90234375,E,1563.14404296875
4820,4855,745A6403,6891,0.11962060630321503,37.36164093017578,13.252535820007324,5153.63623046875,E,1565.3095703125
4821,4831,745A6403,6892,0.45526498556137085,36.91692352294922,14.669291496276855,6239.26806640625,E,1876.4791259765625
4821,4842,745A6403,6893,0.4746481478214264,52.20840835571289,18.86124610900879,14587.1728515625,E,1905.9244384765625
4822,4825,745A6403,6894,0.48815369606018066,42.54563903808594,9.637341499328613,3103.554931640625,E,2097.8330078125
4822,4837,745A6403,6895,0.08978024125099182,16.625642776489258,27.293262481689453,9727.0068359375,E,2121.14453125
4823,4841,745A6403,6896,0.12223491072654724,26.10420799255371,29.183244705200195,17460.935546875,E,1951.576171875
4823,4842,745A6403,6897,0.9806735515594482,43.174560546875,13.663199424743652,6330.275390625,E,1929.6710205078125
4824,4869,745A6403,6898,0.2948189675807953,83.49661254882812,30.9277400970459,62727.0859375,E,1529.180908203125
4824,4885,745A6403,6899,0.22907550632953644,56.13456726074219,31.358631134033203,43354.52734375,E,1513.9981689453125
4825,4838,745A6403,6900,0.07618914544582367,15.107283592224121,28.14803123474121,9400.9619140625,E,2087.44482421875
4826,4857,745A6403,6901,0.14339087903499603,26.993640899658203,27.78468132019043,16366.740234375,E,1915.819580078125
4826,4876,745A6403,6902,0.31723248958587646,61.318565368652344,21.06883430480957,21377.79296875,E,1900.04638671875
4827,4832,745A6403,6903,0.08820872008800507,21.809640884399414,24.396093368530273,10194.806640625,E,1184.4918212890625
4827,4867,745A6403,6904,0.18421036005020142,36.47220993041992,28.12893295288086,22665.142578125,E,1195.7962646484375
4828,4860,745A6403,6905,0.21336278319358826,43.358768463134766,22.761070251464844,17642.177734375,E,1593.1109619140625
4828,4865,745A6403,6906,0.09806335717439651,34.32492446899414,16.150678634643555,7032.03515625,E,1581.55615234375
4829,4848,745A6403,6907,0.21104873716831207,31.2882080078125,19.928369522094727,9759.197265625,E,1945.9813232421875
4829,4941,745A6403,6908,0.8288021087646484,160.47508239746094,28.281967163085938,100813.046875,E,2030.846435546875
4830,4943,745A6403,6909,1.284048318862915,147.59140014648438,24.147624969482422,67592.6953125,E,2085.45361328125
4831,4892,745A6403,6910,0.27005231380462646,65.79733276367188,31.216732025146484,50358.52734375,E,1894.75732421875
4832,4840,745A6403,6911,0.13316623866558075,22.438568115234375,21.33807945251465,8024.08740234375,E,1193.6065673828125
4833,4853,745A6403,6912,0.12987489998340607,33.435489654541016,32.14488220214844,27134.462890625,E,1272.00390625
4833,4969,745A6403,6913,0.547336757183075,133.63404846191406,29.403371810913086,90740.53125,E,1312.03759765625
4834,4840,745A6403,6914,0.6390233635902405,44.69292068481445,17.723905563354492,11026.7490234375,E,1196.9632568359375
4834,4873,745A6403,6915,0.1340111494064331,31.732921600341797,30.770647048950195,23597.890625,E,1211.94091796875
4835,4839,745A6403,6916,0.7156686782836914,47.72964096069336,17.57763671875,11582.4130859375,E,1299.294189453125
4835,4862,745A6403,6917,0.8026151061058044,56.13456726074219,15.621393203735352,10758.7001953125,E,1296.5230712890625
4836,4914,745A6403,6918,0.31990060210227966,75.53640747070312,30.854373931884766,56478.046875,E,1807.419189453125
4836,4954,745A6403,6919,0.8553562760353088,214.01766967773438,30.713916778564453,158565.9375,E,1868.6153564453125
4837,4838,745A6403,6920,0.13292160630226135,38.880001068115234,18.233800888061523,10152.443359375,E,2109.66845703125
4837,5051,745A6403,6921,0.8423143029212952,210.76512145996094,30.35933494567871,152571.390625,E,2192.1708984375
4838,4899,745A6403,6922,0.45959433913230896,59.80020523071289,23.526527404785156,25996.1015625,E,2114.166015625
4839,4844,745A6403,6923,0.018000224605202675,5.184000015258789,33.940914154052734,4690.31396484375,E,1313.6431884765625
4840,4887,745A6403,6924,0.35747724771499634,40.58256149291992,15.041764259338379,7211.52099609375,E,1216.3778076171875
4841,4859,745A6403,6925,0.07292600721120834,13.588926315307617,27.332332611083984,7973.12158203125,E,1968.23583984375
4841,4868,745A6403,6926,0.6812694668769836,36.91692352294922,13.592692375183105,5357.05810546875,E,1954.07470703125
4842,4868,745A6403,6927,0.18339332938194275,27.17784881591797,15.485669136047363,5118.76171875,E,1941.779052734375
4843,4846,745A6403,6928,0.04200339317321777,11.441641807556152,32.989830017089844,9779.9892578125,E,1457.121826171875
4843,4926,745A6403,6929,5.764161109924316,81.16512298583984,11.017701148986816,7738.22412109375,E,1474.7850341796875
4844,4938,745A6403,6930,0.3357796370983124,89.57006072998047,30.25889778137207,64410.83984375,E,1344.0487060546875
4844,4963,745A6403,6931,0.5132490992546082,124.52391815185547,31.348432540893555,96111.2734375,E,1374.2935791015625
4845,4858,745A6403,6932,0.48299354314804077,38.43528366088867,12.105718612670898,4423.85693359375,E,2510.334716796875
4845,4861,745A6403,6933,4.582482814788818,69.09456634521484,12.059942245483398,7892.6748046875,E,2551.004638671875
4846,4889,745A6403,6934,0.17721375823020935,49.17169189453125,33.31502151489258,42863.26171875,E,1484.01611328125
4847,4854,745A6403,6935,0.12636731564998627,46.211280822753906,29.883146286010742,32410.859375,E,1197.243408203125
4847,4921,745A6403,6936,0.37487176060676575,67.13148498535156,20.853015899658203,22927.349609375,E,1222.41455078125
4848,4857,745A6403,6937,0.12289402633905411,33.25128173828125,23.811994552612305,14807.7763671875,E,1934.3970947265625
4848,4936,745A6403,6938,0.7015455961227417,96.64081573486328,20.557174682617188,32075.787109375,E,1992.0416259765625
4850,4859,745A6403,6939,0.23058666288852692,38.435279846191406,13.829442977905273,5773.369140625,E,1987.5682373046875
4850,4900,745A6403,6940,0.17308346927165985,47.28492736816406,27.158174514770508,27391.369140625,E,2018.0234375
4851,4877,745A6403,6941,6.28432035446167,110.56655883789062,12.634857177734375,13862.908203125,E,1742.9561767578125
4851,4933,745A6403,6942,0.2695554196834564,75.53640747070312,33.48091506958008,66502.9453125,E,1805.599853515625
4852,4880,745A6403,6943,0.12454339116811752,32.361846923828125,32.33599090576172,26576.36328125,E,1399.29736328125
4852,4951,745A6403,6944,0.29864099621772766,91.53313446044922,32.14910125732422,74302.921875,E,1443.0843505859375
4853,4862,745A6403,6945,0.02634362503886223,7.331283092498779,33.36264419555664,6409.0078125,E,1289.486083984375
4854,4863,745A6403,6946,0.029939871281385422,7.331283092498779,31.267274856567383,5629.24169921875,E,1202.290283203125
4855,4865,745A6403,6947,0.04586601257324219,9.923282623291016,29.461040496826172,6764.5888671875,E,1583.8858642578125
4856,4860,745A6403,6948,0.11311110109090805,39.95363998413086,29.532470703125,27368.171875,E,1625.120849609375
4856,4928,745A6403,6949,0.24254077672958374,61.318565368652344,31.80413055419922,48713.453125,E,1663.399169921875
4857,4876,745A6403,6950,0.106743723154068,22.438568115234375,28.966108322143555,14786.4990234375,E,1920.803955078125
4858,4866,745A6403,6951,0.02833917923271656,7.331283092498779,22.74633026123047,2979.151611328125,E,2494.180419921875
4859,4884,745A6403,6952,0.1523464471101761,25.030563354492188,25.731779098510742,13016.6767578125,E,1983.9647216796875
4860,4890,745A6403,6953,0.09091144800186157,31.917129516601562,28.70928955078125,20661.345703125,E,1614.6890869140625
4861,4944,745A6403,6954,0.3182344138622284,80.09148406982422,31.796512603759766,63596.7890625,E,2606.711181640625
4862,4913,745A6403,6955,0.18443657457828522,51.57948303222656,33.420475006103516,45247.23828125,E,1316.4603271484375
4863,4867,745A6403,6956,0.05203633010387421,39.95363998413086,24.6444091796875,19058.251953125,E,1206.62353515625
4863,4898,745A6403,6957,0.16816097497940063,34.7696418762207,28.885202407836914,22784.576171875,E,1221.86181640625
4864,4875,745A6403,6958,6.320160388946533,74.90748596191406,12.02116584777832,8501.7490234375,E,1222.2166748046875
4865,4888,745A6403,6959,0.09576066583395004,24.585847854614258,32.06324005126953,19851.34375,E,1600.267333984375
4866,4891,745A6403,6960,0.15513105690479279,27.622568130493164,26.628204345703125,15382.8828125,E,2503.1279296875
4867,4874,745A6403,6961,0.013861900195479393,2.5920000076293945,27.348663330078125,1522.6395263671875,E,1211.9541015625
4868,4884,745A6403,6962,1.334682583808899,66.686767578125,13.085859298706055,8968.7939453125,E,1978.3680419921875
4869,4879,745A6403,6963,0.02601013518869877,7.331283092498779,33.53952407836914,6477.1455078125,E,1572.0816650390625
4870,4886,745A6403,6964,0.9594919681549072,29.14092254638672,14.773523330688477,4995.29736328125,E,1268.9052734375
4870,4897,745A6403,6965,0.2175895869731903,55.689849853515625,27.31367301940918,32630.68359375,E,1273.743408203125
4871,4872,745A6403,6966,0.17843495309352875,46.656002044677734,20.733449935913086,15752.17578125,E,1241.7423095703125
4871,4897,745A6403,6967,0.1590617597103119,32.80656433105469,28.731401443481445,21269.841796875,E,1262.32275390625
4872,4904,745A6403,6968,0.16778720915317535,47.0244140625,26.669025421142578,26268.03515625,E,1251.0657958984375
4873,4893,745A6403,6969,0.14654330909252167,31.917129516601562,29.61614990234375,21987.25,E,1234.044189453125
4873,4904,745A6403,6970,0.1497437208890915,44.432411193847656,28.348724365234375,28045.087890625,E,1244.953125
4874,4887,745A6403,6971,0.33606967329978943,49.43220901489258,21.24332046508789,17520.427734375,E,1224.310302734375
4874,4898,745A6403,6972,0.4807871878147125,57.20820617675781,21.055749893188477,19920.013671875,E,1232.3482666015625
4875,4918,745A6403,6973,0.16193509101867676,45.76656723022461,33.622764587402344,40635.453125,E,1236.8052978515625
4876,4882,745A6403,6974,0.053828105330467224,9.923283576965332,27.159873962402344,5749.1123046875,E,1916.830810546875
4877,4972,745A6403,6975,0.38536572456359863,106.1957015991211,33.203407287597656,91952.203125,E,1754.166748046875
4878,4879,745A6403,6976,0.1489248275756836,50.32164001464844,20.980913162231445,17397.763671875,E,1589.72607421875
4878,4881,745A6403,6977,0.024467185139656067,6.257641315460205,31.947587966918945,5016.22119140625,E,1608.7452392578125
4879,4903,745A6403,6978,0.1546369045972824,37.10112762451172,31.14141845703125,28258.8046875,E,1593.323974609375
4880,4912,745A6403,6979,0.1833958774805069,48.098052978515625,32.585731506347656,40111.81640625,E,1408.7818603515625
4881,4902,745A6403,6980,0.13145701587200165,28.067283630371094,29.352495193481445,18992.419921875,E,1623.073486328125
4881,4903,745A6403,6981,0.12462256848812103,44.87712860107422,22.70755386352539,18174.21484375,E,1607.790283203125
4882,4923,745A6403,6982,0.4551592469215393,76.61004638671875,24.224159240722656,35307.9921875,E,1949.9407958984375
4883,4908,745A6403,6983,4.49588680267334,29.14092445373535,14.656899452209473,4916.7421875,E,1265.347900390625
4883,4922,745A6403,6984,0.24738848209381104,55.4293327331543,30.039106369018555,39282.90234375,E,1274.595458984375
4884,4909,745A6403,6985,0.18596258759498596,34.509132385253906,27.29485511779785,20192.287109375,E,2011.67626953125
4885,4889,745A6403,6986,0.14880390465259552,47.72964096069336,19.67470932006836,14510.91015625,E,1519.609619140625
4885,4977,745A6403,6987,0.3639964461326599,94.56985473632812,32.298824310302734,77484.71875,E,1570.4810791015625
4887,4893,745A6403,6988,0.2618381083011627,31.732921600341797,16.353801727294922,6665.57177734375,E,1235.9649658203125
4888,4890,745A6403,6989,0.02234523370862007,6.257641315460205,33.46469497680664,5503.94775390625,E,1614.140380859375
4888,4959,745A6403,6990,0.5188828706741333,152.33067321777344,30.745223999023438,113092.171875,E,1604.6722412109375
4889,4930,745A6403,6991,0.16010531783103943,36.91692352294922,30.605426788330078,27158.904296875,E,1524.0731201171875
4890,4927,745A6403,6992,0.15167346596717834,40.76676940917969,32.774436950683594,34392.73046875,E,1638.0352783203125
4891,4915,745A6403,6993,0.38251766562461853,28.251487731933594,20.284725189208984,9129.9716796875,E,2526.173095703125
4891,4924,745A6403,6994,1.4970117807388306,30.659282684326172,11.730328559875488,3313.38720703125,E,2517.83642578125
4892,4929,745A6403,6995,0.09483800083398819,33.88020706176758,30.05801773071289,24041.2265625,E,1929.21923828125
4892,4985,745A6403,6996,0.5845758318901062,141.7022247314453,31.232776641845703,108564.46875,E,1989.2001953125
4893,4940,745A6403,6997,0.26938438415527344,52.20840835571289,27.83848762512207,31777.63671875,E,1261.4945068359375
4894,4896,745A6403,6998,0.0903548002243042,38.435279846191406,18.85833168029785,10735.6044921875,E,1231.785400390625
4894,4935,745A6403,6999,0.17162160575389862,39.5089225769043,30.546140670776367,28953.279296875,E,1246.831787109375
4895,4962,745A6403,7000,2.0751798152923584,74.90748596191406,14.226357460021973,11907.0048828125,E,2388.574951171875
4896,4935,745A6403,7001,0.19314062595367432,59.984413146972656,29.42022132873535,40777.4609375,E,1254.7724609375
4897,5039,745A6403,7002,0.6233847737312317,144.8914794921875,30.497007369995117,105839.3515625,E,1346.627197265625
4898,4907,745A6403,7003,0.04496537521481514,9.923283576965332,29.705951690673828,6877.525390625,E,1242.54931640625
4899,4901,745A6403,7004,0.3890041708946228,42.100921630859375,12.317103385925293,5016.47509765625,E,2114.7568359375
4899,4958,745A6403,7005,0.3171435296535492,56.134559631347656,22.12520408630371,21582.154296875,E,2143.123779296875
4900,4909,745A6403,7006,0.08668533712625504,16.180925369262695,27.389480590820312,9533.685546875,E,2030.28857421875
4900,4945,745A6403,7007,0.25495144724845886,48.098052978515625,27.567720413208008,28709.06640625,E,2056.700927734375
4901,4958,745A6403,7008,0.543540358543396,70.79712677001953,23.581892013549805,30921.66015625,E,2126.176025390625
4902,4910,745A6403,7009,0.03666316717863083,7.331283092498779,28.246679306030273,4594.14453125,E,1634.568603515625
4902,4925,745A6403,7010,2.5897610187530518,56.134559631347656,8.587276458740234,3251.105712890625,E,1653.3330078125
4903,4911,745A6403,7011,0.0212729349732399,5.184000015258789,31.206045150756836,3964.90087890625,E,1612.9163818359375
4904,4973,745A6403,7012,0.3086126446723938,65.42892456054688,29.127548217773438,43598.09375,E,1293.683349609375
4905,4961,745A6403,7013,0.5096368789672852,98.1591796875,27.754215240478516,59385.265625,E,2221.355224609375
4907,4921,745A6403,7014,0.22617986798286438,36.91692352294922,21.436725616455078,13323.927734375,E,1246.74658203125
4907,4934,745A6403,7015,0.10493028908967972,23.956926345825195,30.215057373046875,17177.8125,E,1256.8310546875
4909,4968,745A6403,7016,0.41303762793540955,65.16841125488281,23.549100875854492,28384.13671875,E,2048.461181640625
4910,4911,745A6403,7017,0.022673122584819794,33.251285552978516,25.430173873901367,16888.73046875,E,1625.0150146484375
4910,4979,745A6403,7018,0.3230651021003723,70.16820526123047,29.501859664916992,47965.5078125,E,1662.7349853515625
4911,5096,745A6403,7019,0.799498438835144,227.86708068847656,32.62420654296875,190480.890625,E,1660.6737060546875
4912,4916,745A6403,7020,0.028101138770580292,8.849641799926758,35.49203109741211,8755.4267578125,E,1414.0921630859375
4912,4984,745A6403,7021,0.2810654938220978,77.49948120117188,29.53618621826172,53100.3671875,E,1450.1981201171875
4913,4917,745A6403,7022,0.02338171750307083,6.257641315460205,32.70954132080078,5258.349609375,E,1342.2535400390625
4913,4931,745A6403,7023,0.034849781543016434,12.51528263092041,31.95098876953125,10034.578125,E,1344.7506103515625
4914,4919,745A6403,7024,0.7428138256072998,26.993640899658203,19.138233184814453,7765.24267578125,E,1830.5147705078125
4914,5042,745A6403,7025,0.57732754945755,159.66195678710938,33.25099182128906,138643.828125,E,1911.8507080078125
4916,4939,745A6403,7026,0.11253255605697632,33.435489654541016,34.47526931762695,31211.375,E,1416.1212158203125
4917,4931,745A6403,7027,0.0389537587761879,9.923283576965332,31.89486312866211,7928.421875,E,1347.4769287109375
4917,4938,745A6403,7028,0.04467388987541199,43.803489685058594,28.267087936401367,27489.111328125,E,1360.930908203125
4918,4995,745A6403,7029,0.4696961045265198,145.62831115722656,30.923315048217773,109372.40625,E,1286.9434814453125
4918,5078,745A6403,7030,0.6617124676704407,177.06912231445312,32.758399963378906,149237.546875,E,1340.61279296875
4920,4933,745A6403,7031,0.35114192962646484,61.76327896118164,19.60234832763672,18639.59375,E,1856.779541015625
4920,4942,745A6403,7032,0.11039714515209198,25.030563354492188,30.274017333984375,18017.751953125,E,1884.3865966796875
4921,4950,745A6403,7033,0.4458260238170624,64.53948974609375,22.06381607055664,24676.109375,E,1270.5203857421875
4923,4936,745A6403,7034,0.3746575117111206,59.35548782348633,25.271757125854492,29772.931640625,E,2009.76611328125
4923,4957,745A6403,7035,0.1666930913925171,36.288002014160156,14.929512023925781,6352.49267578125,E,1995.919189453125
4926,4937,745A6403,7036,0.5890266299247742,39.064208984375,12.719621658325195,4963.83447265625,E,1513.96826171875
4926,4951,745A6403,7037,4.031397819519043,88.94113159179688,13.520035743713379,12768.7451171875,E,1494.688232421875
4927,4932,745A6403,7038,0.014055944979190826,3.6656415462493896,32.297950744628906,3003.23828125,E,1657.7586669921875
4927,4946,745A6403,7039,3.5461158752441406,52.024200439453125,10.819924354553223,4783.4775390625,E,1646.6148681640625
4928,4932,745A6403,7040,0.16001832485198975,45.137638092041016,18.436534881591797,12050.0068359375,E,1672.2471923828125
4928,4975,745A6403,7041,0.23278526961803436,59.35548782348633,32.04283905029297,47864.41015625,E,1709.9781494140625
4929,4942,745A6403,7042,0.28632110357284546,71.2418441772461,29.373085021972656,48275.2109375,E,1915.1402587890625
4929,4971,745A6403,7043,0.22330361604690552,52.024208068847656,30.720516204833984,38561.36328125,E,1955.726318359375
4930,4937,745A6403,7044,1.7066285610198975,43.174560546875,9.6128511428833,3133.4462890625,E,1530.49755859375
4930,4977,745A6403,7045,1.0134267807006836,83.12820434570312,17.248538970947266,19424.189453125,E,1574.1954345703125
4931,4964,745A6403,7046,0.22984831035137177,44.248207092285156,22.49677848815918,17588.39453125,E,1366.70703125
4932,4956,745A6403,7047,0.11222536116838455,25.920000076293945,30.493568420410156,18929.59765625,E,1669.43359375
4933,4992,745A6403,7048,0.2924260199069977,78.12841033935547,32.73902130126953,65770.3671875,E,1867.164306640625
4934,4949,745A6403,7049,0.1955641508102417,44.24820327758789,25.632410049438477,22833.07421875,E,1272.5205078125
4934,5014,745A6403,7050,0.41397911310195923,91.53312683105469,29.763776779174805,63686.0390625,E,1307.963623046875
4935,4950,745A6403,7051,0.054796818643808365,15.107283592224121,33.2061653137207,13083.19140625,E,1271.4429931640625
4936,4960,745A6403,7052,0.5493205785751343,96.27241516113281,26.55388832092285,53314.828125,E,2076.157470703125
4937,4947,745A6403,7053,0.3071557283401489,12.51528263092041,12.8130521774292,1613.748046875,E,1531.3851318359375
4938,4948,745A6403,7054,0.041756875813007355,11.441641807556152,33.0959587097168,9843.015625,E,1379.7459716796875
4939,4963,745A6403,7055,0.11792510747909546,44.87712860107422,30.10393524169922,31941.953125,E,1428.0234375
4939,4984,745A6403,7056,0.35586586594581604,77.05476379394531,23.072200775146484,32215.689453125,E,1455.476318359375
4940,4949,745A6403,7057,0.17825497686862946,54.171485900878906,23.334802627563477,23166.951171875,E,1277.026123046875
4940,4981,745A6403,7058,0.2834068536758423,56.94769287109375,28.423559188842773,36134.578125,E,1299.707275390625
4941,4943,745A6403,7059,0.02737732231616974,21.809640884399414,19.460411071777344,6486.9775390625,E,2112.141357421875
4941,4960,745A6403,7060,0.10364826023578644,20.736000061035156,20.11555290222168,6589.89990234375,E,2109.972900390625
4942,4991,745A6403,7061,0.13009823858737946,58.726566314697266,27.924205780029297,35965.50390625,E,1914.106201171875
4943,4965,745A6403,7062,0.18068107962608337,24.401639938354492,17.307212829589844,5740.677734375,E,2129.042236328125
4945,4968,745A6403,7063,0.29935991764068604,37.54584503173828,12.698759078979492,4755.2607421875,E,2078.03564453125
4945,4970,745A6403,7064,0.2175445556640625,44.432411193847656,28.586345672607422,28517.208984375,E,2098.7109375
4946,4953,745A6403,7065,0.10588610172271729,5.184000015258789,14.01448917388916,799.6675415039062,E,1652.1134033203125
4946,4955,745A6403,7066,0.12447243183851242,11.441641807556152,14.130142211914062,1794.201904296875,E,1654.816162109375
4948,4966,745A6403,7067,0.09819429367780685,25.03056526184082,31.95665740966797,20076.279296875,E,1391.4410400390625
4948,4980,745A6403,7068,0.45166444778442383,93.2356948852539,24.915077209472656,45456.55859375,E,1417.5582275390625
4949,4981,745A6403,7069,0.12257857620716095,39.064205169677734,27.35319709777832,22955.412109375,E,1300.0855712890625
4950,4952,745A6403,7070,0.00943757500499487,2.5920000076293945,33.14494323730469,2236.451416015625,E,1279.194091796875
4951,5038,745A6403,7071,0.39056649804115295,108.3429946899414,33.30656051635742,94395.2890625,E,1530.583740234375
4952,4989,745A6403,7072,0.12888438999652863,50.5058479309082,31.401634216308594,39114.34375,E,1302.60107421875
4952,5015,745A6403,7073,0.3689216077327728,88.23590087890625,28.14019012451172,54876.859375,E,1313.4560546875
4953,4955,745A6403,7074,0.1891014277935028,9.923283576965332,14.48050594329834,1634.228515625,E,1657.3563232421875
4954,4957,745A6403,7075,0.18120816349983215,46.840206146240234,27.205795288085938,27228.98828125,E,1986.8214111328125
4954,4990,745A6403,7076,0.19341392815113068,47.28491973876953,31.32850456237793,36449.5234375,E,1986.732666015625
4955,4956,745A6403,7077,0.7835626006126404,33.25128173828125,10.274699211120605,2756.998291015625,E,1671.017578125
4956,5116,745A6403,7078,0.6946117281913757,177.69805908203125,31.483131408691406,138333.828125,E,1745.685546875
4957,5024,745A6403,7079,0.7088227272033691,186.0266571044922,32.45036315917969,153852.375,E,2092.27685546875
4958,5006,745A6403,7080,0.2288537174463272,57.65291976928711,26.761890411376953,32429.837890625,E,2167.749267578125
4959,4967,745A6403,7081,0.03114783763885498,7.776000022888184,31.58872413635254,6094.1103515625,E,1594.4100341796875
4960,4974,745A6403,7082,0.11697985231876373,26.10420799255371,29.85222053527832,18270.63671875,E,2128.8818359375
4961,4965,745A6403,7083,0.5754091143608093,91.97784423828125,24.6253604888916,43806.4765625,E,2169.369384765625
4961,4988,745A6403,7084,0.1637774109840393,44.432411193847656,25.91546630859375,23437.3125,E,2201.129638671875
4962,5022,745A6403,7085,0.33132538199424744,85.8281021118164,32.19712829589844,69880.1171875,E,2440.7060546875
4963,4980,745A6403,7086,0.06930483877658844,18.772924423217773,32.908775329589844,15967.806640625,E,1437.1751708984375
4964,4966,745A6403,7087,0.2093283087015152,37.36164093017578,20.6520938873291,12515.37890625,E,1390.3336181640625
4964,4978,745A6403,7088,0.12043656408786774,15.107283592224121,19.54408836364746,4532.1796875,E,1388.846435546875
4965,4974,745A6403,7089,0.03907787799835205,8.849641799926758,30.083526611328125,6290.32470703125,E,2138.762939453125
4966,5020,745A6403,7090,0.26624345779418945,64.09477233886719,31.045557022094727,48518.953125,E,1420.7935791015625
4967,5028,745A6403,7091,0.3073717951774597,76.61004638671875,31.611879348754883,60127.92578125,E,1632.865234375
4967,5085,745A6403,7092,1.1824508905410767,163.84861755371094,25.797151565551758,85639.90625,E,1621.0819091796875
4968,4976,745A6403,7093,0.0792195275425911,9.923283576965332,22.358551025390625,3896.12255859375,E,2081.805908203125
4969,4978,745A6403,7094,2.7342545986175537,62.836917877197266,11.577600479125977,6615.18310546875,E,1378.8431396484375
4969,5055,745A6403,7095,0.44863346219062805,101.45641326904297,30.071054458618164,72055.4296875,E,1407.0596923828125
4970,4976,745A6403,7096,0.36199209094047546,48.803279876708984,15.969258308410645,9774.8115234375,E,2104.415771484375
4970,4983,745A6403,7097,0.09993729740381241,17.254566192626953,26.283967971801758,9362.154296875,E,2128.868408203125
4971,5002,745A6403,7098,0.19146892428398132,42.100921630859375,29.723812103271484,29213.96484375,E,1989.542236328125
4971,5003,745A6403,7099,0.38810864090919495,78.75733184814453,23.529542922973633,34245.84375,E,1963.35302734375
4972,4982,745A6403,7100,0.03955770656466484,11.441641807556152,34.01030349731445,10394.39453125,E,1802.7015380859375
4972,4992,745A6403,7101,0.5881305932998657,126.30278015136719,28.506437301635742,80609.953125,E,1849.5579833984375
4973,4996,745A6403,7102,0.1453210711479187,30.659282684326172,29.046045303344727,20315.423828125,E,1338.21728515625
4973,5013,745A6403,7103,0.8202568292617798,94.7540512084961,21.47802734375,34330.2109375,E,1330.8067626953125
4974,4999,745A6403,7104,0.06384515762329102,39.064205169677734,21.69524383544922,14441.0224609375,E,2156.041748046875
4975,4993,745A6403,7105,0.5352376103401184,143.37313842773438,31.54736328125,112068.5625,E,1788.331787109375
4975,5027,745A6403,7106,0.22921530902385712,60.873844146728516,32.63192367553711,50910.33203125,E,1755.5322265625
4976,5001,745A6403,7107,0.18384785950183868,36.91692352294922,21.85171890258789,13844.796875,E,2095.8212890625
4977,5004,745A6403,7108,0.14913694560527802,37.99056625366211,31.911630630493164,30385.30859375,E,1614.5911865234375
4978,5017,745A6403,7109,0.3800622224807739,47.913848876953125,18.70355987548828,13164.3515625,E,1410.9774169921875
4979,5069,745A6403,7110,0.7515218257904053,139.4469757080078,26.8360538482666,78874.4375,E,1697.5340576171875
4979,5111,745A6403,7111,0.5343068242073059,137.56021118164062,32.13467788696289,111565.6875,E,1739.505615234375
4980,5011,745A6403,7112,0.19509102404117584,41.65620803833008,29.488929748535156,28450.3515625,E,1463.0064697265625
4981,4986,745A6403,7113,0.037988029420375824,8.849641799926758,30.522329330444336,6475.16650390625,E,1321.43408203125
4982,5079,745A6403,7114,0.44867461919784546,124.9686508178711,31.448274612426758,97069.90625,E,1858.765625
4982,5140,745A6403,7115,0.8089004755020142,214.0176544189453,32.59358215332031,178568.0,E,1838.51806640625
4983,5006,745A6403,7116,0.164056196808815,45.50605392456055,26.833885192871094,25735.1171875,E,2158.6591796875
4983,5019,745A6403,7117,0.29247963428497314,46.39548873901367,16.027250289916992,9360.16796875,E,2141.38232421875
4984,5007,745A6403,7118,0.12213762104511261,32.80656433105469,32.78607940673828,27696.798828125,E,1497.683837890625
4985,5001,745A6403,7119,0.2270432710647583,43.358768463134766,27.751018524169922,26225.552734375,E,2081.902587890625
4985,5002,745A6403,7120,3.455014705657959,110.30606079101562,24.25768280029297,50978.59765625,E,2040.6812744140625
4986,5013,745A6403,7121,0.2837351858615875,48.098052978515625,22.819618225097656,19671.349609375,E,1340.447998046875
4986,5026,745A6403,7122,0.23903605341911316,51.134769439697266,29.191511154174805,34223.09765625,E,1344.4468994140625
4987,4993,745A6403,7123,0.7508882284164429,48.35856628417969,22.635211944580078,19459.533203125,E,1854.0263671875
4988,4999,745A6403,7124,0.2876257598400116,53.09784698486328,27.262731552124023,30995.9921875,E,2185.216064453125
4988,5008,745A6403,7125,0.4050469398498535,84.38605499267578,29.17283821105957,56405.04296875,E,2235.73046875
4989,4995,745A6403,7126,0.0332518108189106,8.849641799926758,32.609195709228516,7390.873046875,E,1326.778076171875
4989,4997,745A6403,7127,0.03324606269598007,8.849641799926758,32.60409164428711,7388.55908203125,E,1328.6661376953125
4990,5031,745A6403,7128,0.1791532039642334,53.726768493652344,29.955236434936523,37863.96484375,E,2006.03271484375
4990,5053,745A6403,7129,0.31072694063186646,77.68368530273438,31.629148483276367,61037.2109375,E,2040.07763671875
4991,4994,745A6403,7130,0.13239896297454834,45.137638092041016,28.610334396362305,29018.47265625,E,1916.74267578125
4991,5003,745A6403,7131,0.09396229684352875,26.10420799255371,33.31048583984375,22749.001953125,E,1945.3946533203125
4992,4994,745A6403,7132,0.01310356892645359,3.6656415462493896,33.45108413696289,3221.515625,E,1900.762451171875
4993,5075,745A6403,7133,3.5887434482574463,125.4133529663086,12.306259155273438,14917.1474609375,E,1866.552734375
4994,5065,745A6403,7134,0.301099956035614,76.87055969238281,32.010459899902344,61863.39453125,E,1932.02685546875
4995,4997,745A6403,7135,0.013647603802382946,3.6656415462493896,32.77757263183594,3093.09619140625,E,1331.326416015625
4996,5030,745A6403,7136,0.8045830726623535,75.35220336914062,17.268543243408203,17648.0703125,E,1357.4659423828125
4996,5036,745A6403,7137,0.20751309394836426,42.100929260253906,28.489042282104492,26837.205078125,E,1372.432861328125
4997,5016,745A6403,7138,0.043644051998853683,16.625642776489258,32.40612030029297,13712.681640625,E,1340.35986328125
4998,5299,745A6403,7139,1.5601651668548584,375.4268798828125,31.244258880615234,287843.03125,E,1604.815673828125
4999,5024,745A6403,7140,0.05534800514578819,23.512208938598633,30.144756317138672,16780.576171875,E,2172.78173828125
5000,5008,745A6403,7141,0.060513004660606384,12.51528263092041,28.752832412719727,8126.28076171875,E,2273.55908203125
5001,5043,745A6403,7142,0.2272365391254425,51.76368713378906,30.147310256958008,36949.80859375,E,2126.634521484375
5002,5044,745A6403,7143,0.12125338613986969,37.36164093017578,26.500534057617188,20607.490234375,E,2018.0748291015625
5003,5009,745A6403,7144,0.022321749478578568,6.257641315460205,33.485103607177734,5510.6630859375,E,1958.8526611328125
5004,5071,745A6403,7145,1.1233776807785034,111.82441711425781,18.590091705322266,30352.16015625,E,1629.7130126953125
5004,5089,745A6403,7146,0.3359096050262451,89.83056640625,29.706682205200195,62261.890625,E,1660.235107421875
5005,5045,745A6403,7147,1.0354771614074707,38.435279846191406,12.084943771362305,4408.6865234375,E,1589.6378173828125
5006,5018,745A6403,7148,0.049866560846567154,13.588924407958984,32.94084930419922,11580.9599609375,E,2178.8642578125
5006,5051,745A6403,7149,0.32916024327278137,77.68368530273438,31.402292251586914,60164.7890625,E,2216.110595703125
5007,5010,745A6403,7150,1.790281057357788,37.36164093017578,13.583621978759766,5414.3583984375,E,1502.4871826171875
5007,5097,745A6403,7151,0.348242849111557,98.2354965209961,33.579776763916016,86998.9375,E,1555.31640625
5008,5090,745A6403,7152,2.0368242263793945,87.23856353759766,15.635579109191895,16750.4453125,E,2298.537353515625
5009,5044,745A6403,7153,0.35299521684646606,75.09169006347656,29.828815460205078,52475.1640625,E,1996.6956787109375
5009,5093,745A6403,7154,0.691016674041748,94.1251220703125,24.746456146240234,45271.140625,E,1994.5123291015625
5010,5011,745A6403,7155,0.2244626134634018,35.84328079223633,14.294778823852539,5752.44580078125,E,1487.4171142578125
5010,5034,745A6403,7156,0.49653464555740356,48.35856628417969,16.80718231201172,10728.849609375,E,1507.748779296875
5011,5012,745A6403,7157,0.014177532866597176,2.5920000076293945,27.04252052307129,1488.7412109375,E,1481.7684326171875
5011,5034,745A6403,7158,0.1378411501646042,26.54892349243164,27.87930679321289,16206.9287109375,E,1494.101318359375
5012,5061,745A6403,7159,0.49493318796157837,72.31548309326172,25.048673629760742,35636.13671875,E,1490.5230712890625
5013,5023,745A6403,7160,0.06409579515457153,9.923283576965332,19.763151168823242,3044.09130859375,E,1361.5565185546875
5014,5015,745A6403,7161,0.07398597151041031,20.291284561157227,28.60384178161621,13039.1162109375,E,1349.2637939453125
5014,5021,745A6403,7162,0.033266037702560425,7.331283092498779,29.68894386291504,5075.2724609375,E,1351.6370849609375
5015,5032,745A6403,7163,0.021518217399716377,26.10420799255371,26.103687286376953,13970.2470703125,E,1358.5384521484375
5016,5032,745A6403,7164,0.28104034066200256,57.83712387084961,25.51618766784668,29575.228515625,E,1353.4959716796875
5016,5077,745A6403,7165,0.30074143409729004,74.278564453125,31.466997146606445,57764.89453125,E,1383.2083740234375
5017,5020,745A6403,7166,0.22834961116313934,34.7696418762207,19.10834503173828,9970.943359375,E,1435.7757568359375
5017,5029,745A6403,7167,0.07892068475484848,18.772924423217773,22.40447235107422,7401.0146484375,E,1433.607177734375
5018,5019,745A6403,7168,0.43438470363616943,30.659282684326172,18.85832977294922,8563.6376953125,E,2167.1181640625
5018,5070,745A6403,7169,0.7326890230178833,70.16820526123047,15.383623123168945,13042.099609375,E,2199.75341796875
5019,5043,745A6403,7170,0.2230719029903412,39.6931266784668,21.018817901611328,13772.7841796875,E,2153.7978515625
5020,5035,745A6403,7171,0.0941755622625351,21.36492347717285,30.119243621826172,15222.2666015625,E,1449.1727294921875
5021,5026,745A6403,7172,0.20931431651115417,46.8402099609375,29.93585777282715,32967.96484375,E,1360.9449462890625
5021,5059,745A6403,7173,0.18102367222309113,49.43220520019531,22.274362564086914,19262.40234375,E,1375.011962890625
5022,5025,745A6403,7174,0.009525352157652378,2.5920000076293945,32.99187469482422,2215.84228515625,E,2482.44921875
5022,5058,745A6403,7175,0.5804885625839233,102.08534240722656,25.43953514099121,51888.55859375,E,2510.946533203125
5023,5030,745A6403,7176,0.22830730676651,22.438568115234375,19.89411163330078,6974.837890625,E,1372.0126953125
5023,5049,745A6403,7177,0.18583817780017853,29.14092445373535,18.742677688598633,8040.00732421875,E,1377.8460693359375
5024,5092,745A6403,7178,0.6619351506233215,167.4379425048828,31.857255935668945,133462.875,E,2246.0966796875
5025,5047,745A6403,7179,4.646383762359619,51.57948684692383,13.08088493347168,6931.72216796875,E,2472.85693359375
5025,5058,745A6403,7180,0.18356581032276154,42.7298469543457,30.668598175048828,31565.23828125,E,2498.32763671875
5026,5037,745A6403,7181,0.05159804970026016,14.662566184997559,29.180408477783203,9805.7900390625,E,1370.11572265625
5027,5075,745A6403,7182,0.34452512860298157,96.64083099365234,31.082775115966797,73331.421875,E,1824.056884765625
5027,5143,745A6403,7183,0.519839882850647,134.7076873779297,32.22311782836914,109854.3828125,E,1829.9932861328125
5028,5081,745A6403,7184,0.20530036091804504,63.465843200683594,30.768375396728516,47188.81640625,E,1689.1815185546875
5028,5116,745A6403,7185,0.6963024735450745,174.95343017578125,31.771461486816406,138703.28125,E,1739.2890625
5029,5035,745A6403,7186,0.19437766075134277,35.84328079223633,20.58037757873535,11923.515625,E,1448.0543212890625
5029,5080,745A6403,7187,0.4446623921394348,69.9076919555664,22.203210830688477,27067.392578125,E,1459.6204833984375
5030,5041,745A6403,7188,0.09044308960437775,10.368000030517578,21.429920196533203,3739.607177734375,E,1383.462646484375
5031,5050,745A6403,7189,0.13462243974208832,23.512208938598633,26.721073150634766,13185.333984375,E,2024.2557373046875
5031,5064,745A6403,7190,0.25801199674606323,50.061126708984375,18.120676040649414,12910.38671875,E,2015.810546875
5032,5059,745A6403,7191,0.17607851326465607,36.027488708496094,28.641260147094727,23211.763671875,E,1382.7764892578125
5033,5066,745A6403,7192,35.53103256225586,37.99056625366211,4.716850757598877,663.8499145507812,E,2283.424560546875
5034,5076,745A6403,7193,0.19219322502613068,52.024200439453125,32.936553955078125,44325.29296875,E,1530.93212890625
5035,5072,745A6403,7194,0.23134882748126984,48.35856628417969,28.95533561706543,31843.478515625,E,1475.2225341796875
5036,5040,745A6403,7195,0.017869919538497925,3.6656415462493896,28.64466094970703,2362.257568359375,E,1393.6976318359375
5036,5046,745A6403,7196,0.16166694462299347,36.91692352294922,24.452783584594727,17336.921875,E,1392.3409423828125
5037,5049,745A6403,7197,0.25771453976631165,50.9505615234375,24.577350616455078,24171.798828125,E,1380.83251953125
5037,5074,745A6403,7198,0.15522798895835876,44.06399917602539,27.295936584472656,25785.158203125,E,1397.651611328125
5038,5045,745A6403,7199,0.08986347913742065,38.435279846191406,31.37158966064453,29709.337890625,E,1592.7542724609375
5038,5208,745A6403,7200,0.705794632434845,195.65785217285156,33.30656051635742,170469.53125,E,1664.0250244140625
5039,5054,745A6403,7201,0.13208824396133423,37.54584503173828,27.310110092163086,21993.71875,E,1419.6405029296875
5039,5056,745A6403,7202,0.09546410292387009,22.438568115234375,30.652442932128906,16558.279296875,E,1425.156005859375
5040,5057,745A6403,7203,0.3469622731208801,56.134559631347656,18.875028610229492,15707.0791015625,E,1402.076171875
5040,5062,745A6403,7204,0.1295504868030548,26.54892349243164,28.638540267944336,17101.671875,E,1407.1829833984375
5041,5046,745A6403,7205,0.17209407687187195,24.401639938354492,11.102740287780762,2362.486083984375,E,1390.470947265625
5041,5052,745A6403,7206,0.053355872631073,14.662566184997559,23.37562370300293,6292.54443359375,E,1393.0704345703125
5042,5064,745A6403,7207,0.11054474860429764,37.10112762451172,29.435529708862305,25247.63671875,E,1999.0333251953125
5042,5144,745A6403,7208,0.4631756842136383,113.7874984741211,31.569534301757812,89067.8125,E,2011.524658203125
5043,5048,745A6403,7209,0.016059445217251778,3.6656415462493896,30.216190338134766,2628.568603515625,E,2153.018310546875
5044,5185,745A6403,7210,0.8057351112365723,211.42564392089844,32.39783477783203,174292.84375,E,2131.8046875
5045,5071,745A6403,7211,0.21940234303474426,64.27897644042969,34.211341857910156,59087.96484375,E,1633.203369140625
5046,5073,745A6403,7212,0.19661486148834229,44.248207092285156,23.47903060913086,19157.810546875,E,1411.5888671875
5048,5070,745A6403,7213,0.448790580034256,70.98133087158203,23.873682022094727,31774.068359375,E,2188.22265625
5048,5086,745A6403,7214,0.26541510224342346,46.211280822753906,26.62639617919922,25731.353515625,E,2167.303466796875
5049,5052,745A6403,7215,0.1179678812623024,17.699283599853516,24.508832931518555,8350.0830078125,E,1394.7774658203125
5050,5053,745A6403,7216,0.36363789439201355,49.876922607421875,19.926424026489258,15554.220703125,E,2054.5478515625
5050,5104,745A6403,7217,1.0992735624313354,109.41661071777344,18.202871322631836,28474.291015625,E,2084.106689453125
5051,5060,745A6403,7218,0.034384675323963165,10.368000030517578,34.724632263183594,9818.83984375,E,2251.998046875
5052,5073,745A6403,7219,0.198146253824234,36.027488708496094,27.098648071289062,20778.736328125,E,1412.8232421875
5053,5104,745A6403,7220,0.25722068548202515,62.576412200927734,31.242008209228516,47970.9609375,E,2099.365234375
5054,5057,745A6403,7221,0.16994395852088928,26.993640899658203,25.166706085205078,13427.7763671875,E,1421.33349609375
5054,5124,745A6403,7222,0.4506036639213562,74.278564453125,20.540977478027344,24614.759765625,E,1456.4052734375
5055,5056,745A6403,7223,0.25661545991897583,44.06399917602539,17.307212829589844,10366.40234375,E,1440.80322265625
5055,5063,745A6403,7224,0.039249688386917114,8.849641799926758,30.012094497680664,6260.48779296875,E,1450.8599853515625
5056,5107,745A6403,7225,0.2435893416404724,52.46892166137695,29.372262954711914,35552.23046875,E,1458.3721923828125
5057,5062,745A6403,7226,0.1307358592748642,33.251285552978516,23.488361358642578,14408.001953125,E,1421.813720703125
5058,5122,745A6403,7227,0.3481042683124542,75.53640747070312,29.537181854248047,51758.81640625,E,2543.733642578125
5059,5087,745A6403,7228,0.18306030333042145,44.432411193847656,31.13315200805664,33824.85546875,E,1412.13232421875
5060,5066,745A6403,7229,0.24647361040115356,42.100921630859375,22.94430160522461,17407.291015625,E,2271.103515625
5060,5068,745A6403,7230,0.05928225442767143,17.699283599853516,34.547367095947266,16591.111328125,E,2258.004638671875
5061,5072,745A6403,7231,3.2257232666015625,115.04533386230469,11.365246772766113,11671.23046875,E,1500.8282470703125
5061,5133,745A6403,7232,0.4110812842845917,87.60697937011719,29.19536590576172,58648.43359375,E,1540.0628662109375
5062,5102,745A6403,7233,0.2170485407114029,44.69292068481445,28.70768928527832,28928.4453125,E,1439.8408203125
5063,5080,745A6403,7234,0.23547133803367615,36.027488708496094,25.421669006347656,18286.55859375,E,1468.0904541015625
5063,5107,745A6403,7235,0.5590320825576782,80.09149169921875,20.216096878051758,25708.154296875,E,1477.9443359375
5064,5158,745A6403,7236,0.5452474355697632,141.5179901123047,32.27986145019531,115815.015625,E,2081.22607421875
5065,5088,745A6403,7237,0.10006654262542725,34.509132385253906,28.43619155883789,21916.27734375,E,1963.02783203125
5065,5100,745A6403,7238,0.20396688580513,47.4691276550293,30.583560943603516,34872.03125,E,1983.374755859375
5066,5067,745A6403,7239,0.1207524985074997,10.99692440032959,19.11345100402832,3155.290283203125,E,2296.068115234375
5067,5094,745A6403,7240,0.2347652167081833,25.47528076171875,15.752693176269531,4964.9912109375,E,2306.6708984375
5067,5105,745A6403,7241,1.3281861543655396,49.876922607421875,15.216520309448242,9070.2705078125,E,2322.43359375
5068,5094,745A6403,7242,0.4479396343231201,56.31876754760742,20.631040573120117,18827.181640625,E,2285.44091796875
5068,5110,745A6403,7243,0.13788822293281555,34.32492446899414,31.6236572265625,26960.236328125,E,2267.025634765625
5069,5119,745A6403,7244,0.2819347083568573,59.35548400878906,21.852954864501953,22262.353515625,E,1755.08935546875
5069,5127,745A6403,7245,0.1573466658592224,63.2053337097168,33.65517807006836,56227.3203125,E,1740.9923095703125
5070,5114,745A6403,7246,0.3230261206626892,56.31876754760742,22.67018699645996,22732.81640625,E,2245.8837890625
5071,5082,745A6403,7247,0.03854692354798317,10.99692440032959,33.782737731933594,9857.13671875,E,1665.727783203125
5072,5210,745A6403,7248,0.7938735485076904,169.66152954101562,29.24016761779785,113928.65625,E,1557.619384765625
5073,5083,745A6403,7249,0.039930544793605804,8.849641799926758,29.74677085876465,6150.28515625,E,1431.937744140625
5074,5084,745A6403,7250,0.09660134464502335,21.364927291870117,29.685544967651367,14787.0439453125,E,1424.240478515625
5074,5087,745A6403,7251,0.13418173789978027,43.174560546875,28.530550003051758,27601.84375,E,1422.151123046875
5075,5109,745A6403,7252,0.12156283855438232,32.361846923828125,32.6291389465332,27060.4140625,E,1885.4725341796875
5076,5098,745A6403,7253,0.11068127304315567,34.95384979248047,28.83089828491211,22819.244140625,E,1567.6026611328125
5076,5106,745A6403,7254,0.10295712202787399,25.47528076171875,31.5836181640625,19958.71875,E,1564.41064453125
5077,5078,745A6403,7255,4.388867378234863,103.23528289794922,18.274015426635742,27076.09375,E,1420.8592529296875
5077,5162,745A6403,7256,0.3832325339317322,99.75384521484375,32.26512908935547,81561.7109375,E,1465.1007080078125
5078,5139,745A6403,7257,0.26601290702819824,71.87076568603516,32.8632926940918,60962.71484375,E,1456.4237060546875
5079,5088,745A6403,7258,2.1323652267456055,86.34912109375,15.441787719726562,16171.2265625,E,1936.1859130859375
5079,5095,745A6403,7259,0.06371013075113297,16.625642776489258,32.33148193359375,13649.587890625,E,1918.8883056640625
5080,5171,745A6403,7260,0.651348888874054,123.6344985961914,25.730487823486328,64287.359375,E,1523.9254150390625
5081,5085,745A6403,7261,2.5799825191497803,86.60964965820312,11.013326644897461,8250.74609375,E,1691.410400390625
5081,5099,745A6403,7262,0.06776425242424011,17.699283599853516,32.319820404052734,14520.5625,E,1722.5919189453125
5082,5089,745A6403,7263,0.1517135351896286,38.435279846191406,31.98024559020996,30873.333984375,E,1681.2689208984375
5082,5120,745A6403,7264,0.12055806070566177,37.990562438964844,28.477983474731445,24198.255859375,E,1685.134033203125
5083,5084,745A6403,7265,0.3244938552379608,61.76327896118164,24.98331069946289,30277.513671875,E,1429.6585693359375
5083,5103,745A6403,7266,0.08438258618116379,18.772924423217773,29.82986831665039,13119.7177734375,E,1443.001953125
5084,5145,745A6403,7267,0.4112358093261719,78.57312774658203,23.01392364501953,32684.7578125,E,1463.5086669921875
5085,5165,745A6403,7268,0.38414546847343445,111.11919403076172,31.02644157409668,84012.3046875,E,1696.5810546875
5086,5147,745A6403,7269,0.753326416015625,118.26628112792969,22.021089553833008,45043.11328125,E,2231.546875
5086,5193,745A6403,7270,0.5860043168067932,124.15548706054688,29.233427047729492,83332.6640625,E,2225.441162109375
5087,5108,745A6403,7271,0.07174716144800186,17.699283599853516,31.375154495239258,13684.134765625,E,1435.366455078125
5088,5179,745A6403,7272,0.4631269872188568,114.15592193603516,31.419273376464844,88507.609375,E,1989.0782470703125
5089,5091,745A6403,7273,0.013281241059303284,3.6656415462493896,33.22658157348633,3178.41943359375,E,1696.539794921875
5090,5092,745A6403,7274,0.014163142070174217,3.6656415462493896,32.17549133300781,2980.507568359375,E,2325.168701171875
5090,5134,745A6403,7275,0.39193761348724365,99.67755126953125,31.899965286254883,79665.0234375,E,2370.9921875
5091,5096,745A6403,7276,0.07198414951562881,20.291284561157227,33.57609176635742,17966.34375,E,1705.9615478515625
5091,5120,745A6403,7277,0.06844836473464966,43.803489685058594,25.848567962646484,22986.431640625,E,1703.190185546875
5092,5150,745A6403,7278,0.23876628279685974,71.24185180664062,31.112346649169922,54161.4921875,E,2338.380615234375
5093,5100,745A6403,7279,1.6592755317687988,48.803279876708984,12.931938171386719,6410.11962890625,E,2018.00341796875
5093,5178,745A6403,7280,0.45112332701683044,117.5610580444336,32.29172134399414,96279.921875,E,2085.968505859375
5094,5105,745A6403,7281,0.512305498123169,58.9107666015625,23.729049682617188,26052.251953125,E,2334.29052734375
5095,5113,745A6403,7282,1.2968361377716064,52.46892166137695,12.449763298034668,6387.25439453125,E,1911.99462890625
5095,5179,745A6403,7283,0.40923574566841125,99.30914306640625,28.575267791748047,63688.31640625,E,1965.1019287109375
5096,5128,745A6403,7284,0.14785879850387573,43.358768463134766,34.273292541503906,40001.703125,E,1731.421630859375
5097,5101,745A6403,7285,0.2301049679517746,39.95363998413086,21.434001922607422,14416.265625,E,1591.4188232421875
5097,5121,745A6403,7286,0.09099432080984116,22.883283615112305,31.707210540771484,18068.591796875,E,1610.412109375
5098,5101,745A6403,7287,0.020957401022315025,3.6656415462493896,26.450645446777344,2014.24560546875,E,1583.5880126953125
5098,5106,745A6403,7288,0.02060805819928646,28.067283630371094,22.429983139038086,11090.4248046875,E,1580.57421875
5099,5180,745A6403,7289,0.46994391083717346,99.93805694580078,29.305639266967773,67409.8203125,E,1757.766845703125
5099,5269,745A6403,7290,1.0429314374923706,229.64593505859375,28.920185089111328,150851.890625,E,1830.8760986328125
5100,5201,745A6403,7291,0.4794313907623291,124.78441619873047,32.26778793334961,102044.2578125,E,2051.927734375
5101,5132,745A6403,7292,0.2858066260814667,36.472206115722656,19.06242561340332,10408.9814453125,E,1601.2672119140625
5102,5103,745A6403,7293,0.6280339360237122,62.20800018310547,17.276599884033203,14583.1943359375,E,1455.0606689453125
5102,5138,745A6403,7294,0.20173391699790955,45.766563415527344,30.13515281677246,32642.619140625,E,1481.0826416015625
5103,5145,745A6403,7295,0.2914067804813385,63.65005111694336,29.701583862304688,44100.94140625,E,1474.3529052734375
5104,5125,745A6403,7296,0.10047042369842529,28.251487731933594,33.510047912597656,24916.171875,E,2139.72705078125
5106,5169,745A6403,7297,0.3441675305366516,80.53620910644531,30.615530014038086,59287.69921875,E,1610.9486083984375
5107,5123,745A6403,7298,0.09162196516990662,20.291284561157227,29.769731521606445,14123.7265625,E,1490.636962890625
5108,5157,745A6403,7299,0.32243502140045166,74.90748596191406,30.538583755493164,54867.2109375,E,1477.4193115234375
5108,5211,745A6403,7300,0.9536423683166504,168.32737731933594,27.160974502563477,97529.3515625,E,1496.4202880859375
5109,5154,745A6403,7301,0.4608822762966156,116.48739624023438,31.8546142578125,92835.375,E,1955.5892333984375
5109,5166,745A6403,7302,0.29788637161254883,80.09149169921875,30.0129451751709,56662.20703125,E,1924.7315673828125
5110,5114,745A6403,7303,0.053709108382463455,12.51528263092041,30.508045196533203,9148.6982421875,E,2272.021484375
5110,5262,745A6403,7304,0.814893901348114,198.80245971679688,30.395946502685547,144259.015625,E,2354.984130859375
5111,5119,745A6403,7305,0.10080799460411072,32.80656433105469,30.134552001953125,23398.07421875,E,1783.1929931640625
5111,5130,745A6403,7306,0.09899625927209854,25.03056526184082,31.786582946777344,19863.154296875,E,1801.061767578125
5112,5146,745A6403,7307,2.687136650085449,47.28492736816406,13.041637420654297,6316.50537109375,E,2431.483642578125
5113,5115,745A6403,7308,0.012087280862033367,2.5920000076293945,29.287559509277344,1746.18896484375,E,1903.75537109375
5113,5117,745A6403,7309,0.062958262860775,13.588924407958984,29.373281478881836,9208.3095703125,E,1901.5408935546875
5114,5147,745A6403,7310,0.24204421043395996,47.913848876953125,28.261083602905273,30055.818359375,E,2276.8271484375
5115,5117,745A6403,7311,0.017093995586037636,3.6656415462493896,29.287559509277344,2469.484130859375,E,1904.8870849609375
5116,5142,745A6403,7312,0.1721929907798767,45.50605392456055,32.46706008911133,37674.28125,E,1839.6058349609375
5117,5118,745A6403,7313,0.012154949828982353,2.5920000076293945,29.205921173095703,1736.4677734375,E,1906.0213623046875
5119,5126,745A6403,7314,0.04031295329332352,8.849641799926758,29.62431526184082,6099.75244140625,E,1783.8150634765625
5120,5129,745A6403,7315,0.035491008311510086,7.776000022888184,29.603904724121094,5352.345703125,E,1704.991455078125
5121,5132,745A6403,7316,0.38702741265296936,36.47220230102539,16.791873931884766,8077.00244140625,E,1617.8485107421875
5121,5141,745A6403,7317,0.12389268726110458,30.214563369750977,31.23944091796875,23158.62109375,E,1634.0191650390625
5123,5124,745A6403,7318,0.3042311668395996,38.880001068115234,20.20906639099121,12471.212890625,E,1494.596435546875
5123,5136,745A6403,7319,0.09141077101230621,20.291284561157227,29.787588119506836,14140.673828125,E,1508.3671875
5124,5138,745A6403,7320,0.46718665957450867,58.726558685302734,20.18902587890625,18799.884765625,E,1502.92431640625
5125,5149,745A6403,7321,0.33460894227027893,82.4229736328125,31.497825622558594,64224.2890625,E,2190.955810546875
5125,5155,745A6403,7322,0.08670036494731903,50.95056915283203,29.32582664489746,34414.33984375,E,2165.5537109375
5126,5130,745A6403,7323,0.048699069768190384,37.36164093017578,20.715591430664062,12592.4580078125,E,1798.72607421875
5126,5148,745A6403,7324,0.08531567454338074,40.76676940917969,30.611257553100586,30002.572265625,E,1792.7974853515625
5127,5128,745A6403,7325,0.00832611694931984,2.5920000076293945,35.287933349609375,2534.996337890625,E,1751.955078125
5127,5148,745A6403,7326,0.16165286302566528,49.17169189453125,34.89335632324219,47020.85546875,E,1776.2418212890625
5128,5156,745A6403,7327,0.320660799741745,69.9076919555664,27.734172821044922,42232.3515625,E,1758.9180908203125
5129,5156,745A6403,7328,0.28433671593666077,68.83405303955078,23.820966720581055,30676.9375,E,1735.78564453125
5129,5194,745A6403,7329,0.44378530979156494,88.94113159179688,28.38125228881836,56267.2421875,E,1737.4173583984375
5130,5137,745A6403,7330,0.07048245519399643,17.699283599853516,31.69878578186035,13967.8916015625,E,1817.259521484375
5131,5159,745A6403,7331,1.1247090101242065,73.57333374023438,19.567289352416992,22124.40625,E,2268.55029296875
5132,5141,745A6403,7332,0.37798401713371277,48.35856628417969,15.426992416381836,9039.11328125,E,1635.373291015625
5133,5135,745A6403,7333,0.6910255551338196,28.067279815673828,14.094182968139648,4378.95068359375,E,1574.5701904296875
5133,5161,745A6403,7334,0.3097085654735565,52.20840835571289,26.042455673217773,27809.564453125,E,1581.9222412109375
5134,5146,745A6403,7335,0.11542463302612305,28.69620704650879,31.536678314208984,22415.388671875,E,2430.84716796875
5134,5150,745A6403,7336,10.098085403442383,131.4867706298828,9.96622371673584,10257.3037109375,E,2406.332275390625
5136,5171,745A6403,7337,0.2265472114086151,48.98748779296875,29.495254516601562,33471.82421875,E,1539.827392578125
5136,5199,745A6403,7338,0.8202792406082153,96.08820343017578,20.94865608215332,33118.625,E,1541.5850830078125
5137,5140,745A6403,7339,1.3928821086883545,68.02091979980469,11.481773376464844,7042.88037109375,E,1844.2095947265625
5137,5168,745A6403,7340,0.15819400548934937,41.65620803833008,32.45238494873047,34455.84375,E,1840.430419921875
5138,5186,745A6403,7341,0.21598365902900696,53.54256057739258,31.487695693969727,41693.734375,E,1527.9552001953125
5139,5163,745A6403,7342,0.208144873380661,56.31876754760742,28.800649642944336,36689.98828125,E,1497.539306640625
5139,5250,745A6403,7343,0.5529859066009521,148.4808349609375,32.799617767333984,125457.8515625,E,1554.596923828125
5140,5168,745A6403,7344,1.0178368091583252,75.53640747070312,23.421886444091797,32545.42578125,E,1868.9276123046875
5141,5206,745A6403,7345,0.35283610224723816,84.20184326171875,30.899904251098633,63143.078125,E,1685.3177490234375
5142,5143,745A6403,7346,0.038409680128097534,36.288002014160156,16.42960548400879,7693.20361328125,E,1872.1285400390625
5142,5184,745A6403,7347,0.29485800862312317,48.35856628417969,25.935874938964844,25548.482421875,E,1878.438232421875
5143,5152,745A6403,7348,0.06575196236371994,18.772924423217773,33.77763748168945,16822.107421875,E,1892.1041259765625
5144,5154,745A6403,7349,0.39598479866981506,87.86748504638672,24.80914306640625,42475.8046875,E,2022.7091064453125
5144,5175,745A6403,7350,0.16705040633678436,42.100921630859375,31.82343101501465,33486.94140625,E,2060.768798828125
5145,5151,745A6403,7351,0.0452057309448719,11.441641807556152,31.81833267211914,9097.73046875,E,1501.0169677734375
5146,5192,745A6403,7352,0.2958822548389435,63.02112579345703,29.431352615356445,42874.24609375,E,2470.26123046875
5147,5220,745A6403,7353,0.4868033528327942,90.90420532226562,27.486127853393555,53938.76171875,E,2309.125
5148,5153,745A6403,7354,0.02929149568080902,8.849641799926758,34.7521858215332,8394.2099609375,E,1800.82666015625
5149,5159,745A6403,7355,0.15972138941287994,39.064205169677734,31.280393600463867,30020.1796875,E,2244.363037109375
5149,5191,745A6403,7356,0.20811843872070312,38.880001068115234,13.893733978271484,5894.59716796875,E,2240.874755859375
5150,5164,745A6403,7357,0.7053743004798889,46.840206146240234,16.205101013183594,9660.779296875,E,2348.21875
5150,5177,745A6403,7358,0.12841877341270447,26.993640899658203,29.200355529785156,18077.052734375,E,2369.416015625
5151,5157,745A6403,7359,0.3183995187282562,62.836917877197266,20.982769012451172,21728.529296875,E,1509.251708984375
5151,5196,745A6403,7360,0.22288747131824493,49.87691879272461,29.97181510925293,35189.69921875,E,1529.35009765625
5152,5166,745A6403,7361,0.3721557855606079,79.64676666259766,27.24290657043457,46426.390625,E,1926.55615234375
5152,5174,745A6403,7362,0.09263857454061508,24.401639938354492,32.54694366455078,20301.556640625,E,1909.6551513671875
5153,5205,745A6403,7363,0.28165408968925476,78.94153594970703,33.54122543334961,69751.4609375,E,1815.681396484375
5153,5215,745A6403,7364,0.7409319281578064,104.8615493774414,22.725570678710938,42533.94921875,E,1849.9205322265625
5154,5228,745A6403,7365,0.45731252431869507,107.63775634765625,30.728588104248047,79825.1484375,E,2059.4140625
5155,5158,745A6403,7366,0.14519904553890228,49.87691879272461,29.217824935913086,33441.4609375,E,2161.428466796875
5155,5191,745A6403,7367,0.3845568597316742,91.08841705322266,30.870563507080078,68177.6640625,E,2217.6806640625
5156,5160,745A6403,7368,0.009596459567546844,2.5920000076293945,32.869415283203125,2199.42333984375,E,1769.48828125
5157,5190,745A6403,7369,0.11037863790988922,28.067283630371094,31.89440155029297,22424.31640625,E,1524.4649658203125
5158,5167,745A6403,7370,0.018713481724262238,5.184000015258789,33.28780746459961,4511.54443359375,E,2148.0947265625
5159,5191,745A6403,7371,1.418875813484192,147.59140014648438,25.469289779663086,75194.2421875,E,2288.9443359375
5160,5202,745A6403,7372,0.4713403880596161,80.72040557861328,20.940095901489258,27799.087890625,E,1777.1312255859375
5160,5205,745A6403,7373,0.17366883158683777,61.50277328491211,31.8482666015625,48995.5,E,1799.7989501953125
5162,5172,745A6403,7374,0.16545847058296204,36.91692352294922,30.127262115478516,26316.900390625,E,1516.0609130859375
5162,5254,745A6403,7375,0.436802476644516,107.08514404296875,29.367395401000977,72535.390625,E,1560.99658203125
5163,5172,745A6403,7376,0.07001808285713196,37.990562438964844,21.79728889465332,14176.55078125,E,1513.930908203125
5163,5198,745A6403,7377,0.16353175044059753,39.50891876220703,31.12169075012207,30054.630859375,E,1533.5941162109375
5164,5177,745A6403,7378,1.2058684825897217,43.61928176879883,9.889305114746094,3350.42529296875,E,2359.1591796875
5165,5188,745A6403,7379,0.18595212697982788,45.32184600830078,31.285131454467773,34839.62109375,E,1740.215576171875
5165,5204,745A6403,7380,0.24371440708637238,63.834251403808594,32.38334655761719,52575.94921875,E,1732.952392578125
5166,5252,745A6403,7381,1.4917659759521484,127.11593627929688,25.325578689575195,64033.70703125,E,2001.5274658203125
5167,5181,745A6403,7382,1.9034090042114258,66.0578384399414,15.87968635559082,13082.720703125,E,2131.138427734375
5167,5219,745A6403,7383,0.2921562194824219,73.57333374023438,31.82088279724121,58510.62890625,E,2180.226318359375
5168,5212,745A6403,7384,0.24335674941539764,60.42912673950195,31.51607322692871,47141.171875,E,1886.12890625
5169,5206,745A6403,7385,0.38351717591285706,100.12225341796875,26.784969329833984,56416.06640625,E,1684.4512939453125
5169,5308,745A6403,7386,0.9190233945846558,192.98953247070312,29.971574783325195,136157.875,E,1727.84814453125
5170,5187,745A6403,7387,0.17799153923988342,15.107283592224121,14.888692855834961,2630.203857421875,E,1694.601318359375
5171,5213,745A6403,7388,0.223804771900177,54.6161994934082,31.231557846069336,41840.671875,E,1587.780029296875
5172,5198,745A6403,7389,0.1121172308921814,38.17477035522461,27.59940528869629,22838.404296875,E,1536.275634765625
5173,5175,745A6403,7390,1.571622371673584,49.876922607421875,10.517669677734375,4333.3984375,E,2092.646240234375
5173,5176,745A6403,7391,0.08318744599819183,2.5920000076293945,11.163968086242676,253.7242889404297,E,2109.06396484375
5173,5181,745A6403,7392,0.23328706622123718,12.51528263092041,11.544944763183594,1310.129638671875,E,2111.39453125
5174,5218,745A6403,7393,0.457184374332428,65.61312866210938,21.75874137878418,24397.66015625,E,1929.4969482421875
5174,5252,745A6403,7394,0.44546765089035034,108.52719116210938,31.243366241455078,83203.9765625,E,1971.3070068359375
5175,5225,745A6403,7395,0.3818807303905487,68.20513153076172,26.928565979003906,38844.83984375,E,2102.362548828125
5176,5181,745A6403,7396,0.1320197880268097,6.257641315460205,13.946456909179688,955.9349365234375,E,2113.0400390625
5177,5189,745A6403,7397,0.0535331666469574,8.849641799926758,25.84346580505371,4642.12744140625,E,2378.8583984375
5178,5182,745A6403,7398,0.009560808539390564,2.5920000076293945,32.930641174316406,2207.624755859375,E,2143.5283203125
5178,5185,745A6403,7399,3.7044646739959717,110.12185668945312,17.167749404907227,25491.19140625,E,2182.57763671875
5179,5214,745A6403,7400,0.2065954953432083,57.837127685546875,33.46333312988281,50866.8671875,E,2019.662353515625
5180,5188,745A6403,7401,0.31569904088974,81.16513061523438,28.907434463500977,53269.48046875,E,1768.9488525390625
5180,5315,745A6403,7402,1.0950199365615845,188.9554901123047,28.236642837524414,118324.7265625,E,1869.7091064453125
5182,5201,745A6403,7403,9.351304054260254,96.27241516113281,10.010833740234375,7577.60986328125,E,2126.9755859375
5182,5256,745A6403,7404,2.9669265747070312,125.5975570678711,21.028533935546875,43620.34375,E,2194.75537109375
5183,5184,745A6403,7405,0.6431464552879333,28.067279815673828,9.609448432922363,2035.5750732421875,E,1887.01416015625
5184,5217,745A6403,7406,0.38585659861564636,47.72964096069336,22.3515625,18728.103515625,E,1914.90625
5185,5195,745A6403,7407,0.07139351963996887,17.699283599853516,31.483030319213867,13778.3955078125,E,2227.513427734375
5186,5196,745A6403,7408,8.552712440490723,124.15548706054688,12.005558013916016,14054.6650390625,E,1550.1661376953125
5186,5197,745A6403,7409,0.0778934508562088,19.217641830444336,31.399934768676758,14881.5263671875,E,1562.18505859375
5187,5204,745A6403,7410,4.377220153808594,47.4691276550293,10.249625205993652,3916.6708984375,E,1719.6719970703125
5187,5251,745A6403,7411,7.201061248779297,137.48390197753906,20.022640228271484,43289.6875,E,1706.447509765625
5188,5341,745A6403,7412,0.8558773994445801,233.57208251953125,31.71356201171875,184501.90625,E,1835.413818359375
5190,5227,745A6403,7413,0.2863077223300934,63.65005111694336,29.897903442382812,44685.859375,E,1559.894775390625
5190,5249,745A6403,7414,0.3587309420108795,83.31241607666016,27.943798065185547,51094.06640625,E,1574.7802734375
5193,5195,745A6403,7415,1.3340723514556885,47.72964096069336,9.9539794921875,3714.253662109375,E,2250.008544921875
5193,5266,745A6403,7416,0.38991743326187134,96.08820343017578,31.55244255065918,75132.171875,E,2302.220703125
5194,5202,745A6403,7417,0.04949507489800453,12.51528263092041,31.818328857421875,9951.4248046875,E,1773.134765625
5194,5222,745A6403,7418,0.9813659191131592,61.94748306274414,13.98047161102295,9509.4892578125,E,1765.886962890625
5195,5239,745A6403,7419,0.2557731568813324,59.17127990722656,30.39055824279785,42921.828125,E,2256.848388671875
5196,5240,745A6403,7420,0.34417375922203064,60.24491882324219,26.74614143371582,33847.96484375,E,1581.1563720703125
5197,5203,745A6403,7421,0.05339789390563965,12.51528263092041,30.634578704833984,9224.7451171875,E,1574.1263427734375
5197,5309,745A6403,7422,0.7477114200592041,171.99302673339844,29.32722282409668,116183.0,E,1637.6259765625
5198,5200,745A6403,7423,0.012591427192091942,3.6656415462493896,34.124595642089844,3352.54736328125,E,1552.63330078125
5199,5203,745A6403,7424,0.3082731366157532,34.7696418762207,17.174551010131836,8054.91357421875,E,1578.877685546875
5199,5231,745A6403,7425,0.8530839085578918,81.79405212402344,16.567102432250977,17632.126953125,E,1615.6602783203125
5200,5229,745A6403,7426,0.2648542821407318,57.39241409301758,29.868688583374023,40213.9453125,E,1573.3592529296875
5200,5264,745A6403,7427,0.3919699490070343,92.79097747802734,28.208995819091797,57992.37109375,E,1591.5062255859375
5201,5235,745A6403,7428,0.18493762612342834,45.766563415527344,31.450960159301758,35555.43359375,E,2120.39453125
5202,5278,745A6403,7429,0.38295257091522217,100.19857788085938,32.48002624511719,83020.28125,E,1819.0723876953125
5203,5409,745A6403,7430,1.4865610599517822,336.286376953125,30.134994506835938,239850.921875,E,1731.699462890625
5204,5245,745A6403,7431,0.25326934456825256,65.35261535644531,32.13467788696289,53003.04296875,E,1752.9251708984375
5205,5207,745A6403,7432,0.02130773477256298,6.257641315460205,34.274269104003906,5773.47021484375,E,1827.03662109375
5206,5209,745A6403,7433,0.01513588335365057,3.6656415462493896,31.124408721923828,2788.958740234375,E,1722.63037109375
5207,5281,745A6403,7434,0.4656984210014343,113.2664794921875,29.5069580078125,77453.34375,E,1850.0853271484375
5207,5313,745A6403,7435,0.5918359160423279,161.44081115722656,33.102272033691406,138937.28125,E,1901.9656982421875
5208,5209,745A6403,7436,2.9758224487304688,49.24800109863281,10.857829093933105,4559.99658203125,E,1734.948974609375
5208,5216,745A6403,7437,0.04548536241054535,12.51528263092041,33.17351531982422,10817.16796875,E,1751.5208740234375
5209,5282,745A6403,7438,0.580868661403656,94.56983947753906,24.928686141967773,46157.3984375,E,1764.052490234375
5210,5213,745A6403,7439,3.87601637840271,55.50564193725586,14.217963218688965,8812.5537109375,E,1617.4600830078125
5210,5294,745A6403,7440,0.563421905040741,113.7874984741211,28.453201293945312,72351.359375,E,1676.905517578125
5211,5227,745A6403,7441,3.92885422706604,76.42584228515625,9.487992286682129,5403.544921875,E,1575.807373046875
5211,5244,745A6403,7442,0.33513492345809937,43.174560546875,20.745275497436523,14593.3916015625,E,1585.040771484375
5212,5215,745A6403,7443,0.49646323919296265,38.435279846191406,17.217411041259766,8948.6103515625,E,1905.261962890625
5212,5242,745A6403,7444,0.16995222866535187,42.7298469543457,31.712202072143555,33750.01953125,E,1933.3643798828125
5213,5231,745A6403,7445,0.11289902776479721,25.47528076171875,30.063119888305664,18083.26953125,E,1624.3388671875
5214,5221,745A6403,7446,2.907456874847412,55.50564193725586,17.08526039123535,12725.3642578125,E,2049.27001953125
5214,5307,745A6403,7447,0.5546073913574219,153.14378356933594,33.274497985839844,133171.8125,E,2052.3349609375
5215,5247,745A6403,7448,0.13408562541007996,37.990562438964844,18.53994369506836,10256.1044921875,E,1913.5406494140625
5216,5222,745A6403,7449,1.231948971748352,42.54563903808594,14.874777793884277,7393.42919921875,E,1766.8221435546875
5216,5243,745A6403,7450,0.12642323970794678,33.25128173828125,32.4384651184082,27480.134765625,E,1769.9425048828125
5217,5218,745A6403,7451,0.14239703118801117,23.328001022338867,19.33115005493164,6846.7236328125,E,1939.433837890625
5217,5232,745A6403,7452,0.15838651359081268,20.291284561157227,18.807308197021484,5637.060546875,E,1937.779541015625
5218,5236,745A6403,7453,0.13536937534809113,25.030563354492188,27.187652587890625,14531.2822265625,E,1954.4971923828125
5219,5223,745A6403,7454,0.010033935308456421,2.5920000076293945,32.14488220214844,2103.529296875,E,2216.820068359375
5219,5226,745A6403,7455,0.20021678507328033,59.35548782348633,29.87050437927246,41594.49609375,E,2233.462646484375
5220,5241,745A6403,7456,0.3184259831905365,46.840206146240234,20.712188720703125,15781.9501953125,E,2357.625732421875
5220,5246,745A6403,7457,0.18542826175689697,34.32492446899414,27.259174346923828,20032.025390625,E,2346.63916015625
5222,5248,745A6403,7458,0.6940209865570068,69.5392837524414,18.421958923339844,18534.962890625,E,1792.3619384765625
5223,5224,745A6403,7459,1.4186865091323853,47.72964096069336,14.644563674926758,8039.53515625,E,2201.511474609375
5223,5346,745A6403,7460,0.7768367528915405,199.1708984375,32.02775955200195,160460.765625,E,2304.956787109375
5225,5228,745A6403,7461,0.14512720704078674,39.95363998413086,17.450077056884766,9555.2255859375,E,2119.534423828125
5225,5230,745A6403,7462,0.052928850054740906,10.99692440032959,28.818143844604492,7172.873046875,E,2137.880859375
5226,5234,745A6403,7463,0.07378429174423218,16.180923461914062,29.603904724121094,11137.5888671875,E,2266.078369140625
5226,5237,745A6403,7464,0.22501061856746674,49.43220901489258,26.360260009765625,26977.34765625,E,2267.67724609375
5227,5261,745A6403,7465,0.18107354640960693,43.803489685058594,31.09039306640625,33254.546875,E,1602.6693115234375
5228,5233,745A6403,7466,0.03600888326764107,8.849641799926758,31.34891128540039,6830.62548828125,E,2111.794677734375
5229,5255,745A6403,7467,0.32881203293800354,33.88020706176758,16.72554588317871,7443.83203125,E,1604.385498046875
5229,5273,745A6403,7468,1.1321070194244385,91.71733093261719,20.60293197631836,30577.314453125,E,1625.6651611328125
5230,5238,745A6403,7469,0.06980086863040924,12.51528263092041,26.58534812927246,6947.287109375,E,2145.13916015625
5230,5258,745A6403,7470,0.6745218634605408,84.57025909423828,20.951627731323242,29157.015625,E,2164.872802734375
5231,5296,745A6403,7471,0.45066431164741516,94.75405883789062,29.02718162536621,62704.3203125,E,1677.9744873046875
5232,5236,745A6403,7472,0.24525707960128784,24.401639938354492,15.52138614654541,4617.1064453125,E,1953.080810546875
5232,5257,745A6403,7473,0.36328643560409546,45.766563415527344,15.60302448272705,8750.9609375,E,1959.216552734375
5233,5258,745A6403,7474,0.4156974256038666,41.21148681640625,22.090314865112305,15794.72265625,E,2133.448974609375
5233,5297,745A6403,7475,2.4274418354034424,91.53313446044922,18.13233757019043,23636.099609375,E,2141.700927734375
5234,5237,745A6403,7476,0.07165476679801941,16.180925369262695,30.001890182495117,11439.0625,E,2278.94580078125
5235,5253,745A6403,7477,2.0593090057373047,47.28492736816406,11.245606422424316,4696.54345703125,E,2126.99609375
5235,5335,745A6403,7478,0.5590801239013672,145.96511840820312,32.32365417480469,119778.7734375,E,2195.0888671875
5236,5257,745A6403,7479,0.11880449950695038,21.36492347717285,26.82056427001953,12070.5498046875,E,1967.625244140625
5237,5274,745A6403,7480,21.397777557373047,92.16205596923828,13.605084419250488,13398.140625,E,2324.048583984375
5238,5258,745A6403,7481,0.09921485930681229,16.180925369262695,20.18494415283203,5177.8369140625,E,2149.85400390625
5240,5249,745A6403,7482,0.35374394059181213,38.435279846191406,12.159950256347656,4463.58203125,E,1610.58056640625
5240,5309,745A6403,7483,1.0677253007888794,127.82112884521484,21.167587280273438,44981.63671875,E,1666.1942138671875
5241,5246,745A6403,7484,0.13584589958190918,24.401639938354492,19.95703887939453,7633.10205078125,E,2365.48828125
5241,5260,745A6403,7485,0.12213742733001709,16.180923461914062,20.19719123840332,5184.12158203125,E,2382.09130859375
5242,5247,745A6403,7486,0.5076839327812195,42.54563903808594,17.41668128967285,10136.2138671875,E,1940.526611328125
5242,5265,745A6403,7487,0.121221162378788,31.2882080078125,32.115196228027344,25344.96875,E,1966.787841796875
5243,5248,745A6403,7488,0.024813544005155563,6.257641315460205,31.736692428588867,4950.212890625,E,1785.6380615234375
5243,5284,745A6403,7489,0.24556486308574677,70.53661346435547,30.387399673461914,51155.41015625,E,1795.822998046875
5244,5254,745A6403,7490,0.1454475075006485,20.291284561157227,19.511432647705078,6067.052734375,E,1607.2020263671875
5244,5259,745A6403,7491,0.14370015263557434,19.846567153930664,17.108219146728516,4562.31103515625,E,1609.6485595703125
5245,5268,745A6403,7492,0.16574035584926605,41.84041213989258,31.771230697631836,33170.64453125,E,1774.083251953125
5245,5353,745A6403,7493,2.6340367794036865,165.81170654296875,19.534393310546875,49694.109375,E,1840.0892333984375
5246,5270,745A6403,7494,0.16183292865753174,30.659282684326172,27.590177536010742,18329.931640625,E,2369.045654296875
5247,5313,745A6403,7495,1.8072307109832764,163.8486328125,23.869848251342773,73321.609375,E,1976.8394775390625
5248,5333,745A6403,7496,0.5696017146110535,141.14955139160156,31.6206111907959,110843.4140625,E,1854.1634521484375
5249,5276,745A6403,7497,0.19386322796344757,37.36164093017578,27.789506912231445,22660.91796875,E,1629.8740234375
5250,5255,745A6403,7498,0.2630997896194458,42.54563903808594,22.140541076660156,16380.2822265625,E,1618.040771484375
5250,5267,745A6403,7499,0.1164274513721466,31.2882080078125,32.81468200683594,26461.04296875,E,1634.1324462890625
5251,5268,745A6403,7500,5.992933750152588,58.9107666015625,21.620893478393555,21628.771484375,E,1763.100830078125
5251,5279,745A6403,7501,0.3385385572910309,87.16226196289062,32.103336334228516,70553.5234375,E,1745.858642578125
5252,5303,745A6403,7502,0.3804456293582916,91.71734619140625,31.082271575927734,69593.203125,E,2061.191162109375
5254,5263,745A6403,7503,0.05945328623056412,11.441641807556152,27.740524291992188,6915.24462890625,E,1615.1058349609375
5255,5272,745A6403,7504,0.0820341408252716,30.214563369750977,15.98060131072998,6060.27685546875,E,1631.3905029296875
5257,5287,745A6403,7505,0.2731817662715912,53.09783935546875,27.890047073364258,32438.83203125,E,1988.819580078125
5259,5261,745A6403,7506,0.15409503877162933,44.692928314208984,27.061073303222656,25705.068359375,E,1615.7967529296875
5259,5263,745A6403,7507,0.20709359645843506,34.7696418762207,20.529354095458984,11509.0810546875,E,1619.5198974609375
5260,5262,745A6403,7508,11.664045333862305,50.32164001464844,9.235275268554688,3370.887939453125,E,2408.236083984375
5260,5270,745A6403,7509,0.34031230211257935,39.5089225769043,16.717605590820312,8672.2783203125,E,2389.14306640625
5261,5301,745A6403,7510,0.33246782422065735,74.4627685546875,29.977556228637695,52555.90234375,E,1650.1732177734375
5262,5277,745A6403,7511,0.11380297690629959,30.214563369750977,32.59017562866211,25204.587890625,E,2439.278564453125
5263,5302,745A6403,7512,0.4490669071674347,67.57621002197266,24.665224075317383,32288.9453125,E,1651.256591796875
5264,5273,745A6403,7513,0.10180455446243286,13.588926315307617,23.27493667602539,5781.6533203125,E,1634.86181640625
5264,5304,745A6403,7514,0.7459046840667725,75.98112487792969,18.561063766479492,20558.96875,E,1657.9910888671875
5265,5307,745A6403,7515,0.298827588558197,100.30647277832031,29.81412696838379,70026.59375,E,2024.6923828125
5265,5350,745A6403,7516,0.5108669996261597,125.2291259765625,31.457172393798828,97327.28125,E,2031.343017578125
5266,5271,745A6403,7517,0.012705150991678238,3.6656415462493896,33.971527099609375,3322.53857421875,E,2336.9873046875
5266,5288,745A6403,7518,0.19725298881530762,55.874053955078125,28.275588989257812,35085.15234375,E,2327.335205078125
5267,5272,745A6403,7519,0.3279491662979126,45.137638092041016,21.901039123535156,17004.275390625,E,1645.152099609375
5267,5283,745A6403,7520,0.07640723884105682,21.36492347717285,33.43577575683594,18759.1875,E,1657.26904296875
5268,5330,745A6403,7521,0.5302929878234863,137.4076385498047,32.22407913208008,112062.8828125,E,1807.643798828125
5269,5280,745A6403,7522,0.11320705711841583,21.99384880065918,27.966777801513672,13510.642578125,E,1935.362548828125
5269,5289,745A6403,7523,0.7941559553146362,114.15591430664062,21.060365676879883,39766.75,E,1962.7525634765625
5270,5292,745A6403,7524,0.16286545991897583,35.398563385009766,29.469675064086914,24144.9453125,E,2395.6884765625
5271,5285,745A6403,7525,0.09926030039787292,22.883283615112305,30.53480339050293,16757.083984375,E,2345.4716796875
5271,5286,745A6403,7526,0.2599731385707855,42.7298469543457,22.229970932006836,16584.37109375,E,2357.943359375
5272,5298,745A6403,7527,0.3200305104255676,48.987483978271484,20.280187606811523,15824.09765625,E,1666.2530517578125
5273,5345,745A6403,7528,0.5971565842628479,122.37664031982422,29.429454803466797,83243.984375,E,1694.0941162109375
5275,5288,745A6403,7529,2.6134393215179443,36.47220993041992,8.656157493591309,2146.3583984375,E,2308.8505859375
5276,5301,745A6403,7530,2.932941436767578,125.22913360595703,17.641347885131836,30609.6796875,E,1664.717529296875
5276,5337,745A6403,7531,0.4192511737346649,92.42257690429688,29.735979080200195,64184.8359375,E,1692.238037109375
5277,5291,745A6403,7532,0.26696300506591797,65.61312866210938,27.896310806274414,40102.75390625,E,2478.25927734375
5277,5342,745A6403,7533,0.44152596592903137,101.27220153808594,30.38591194152832,73438.6484375,E,2483.955322265625
5278,5281,745A6403,7534,0.1360148787498474,29.58563995361328,12.708282470703125,3752.7060546875,E,1867.667236328125
5278,5295,745A6403,7535,0.17437762022018433,30.214563369750977,26.39312744140625,16530.572265625,E,1872.40625
5279,5299,745A6403,7536,0.30192849040031433,84.38605499267578,29.924890518188477,59350.68359375,E,1757.6014404296875
5279,5334,745A6403,7537,1.9035742282867432,83.57292938232422,16.201021194458008,17228.21484375,E,1791.1939697265625
5280,5289,745A6403,7538,0.10052207857370377,19.84656524658203,28.433277130126953,12601.6982421875,E,1941.3770751953125
5281,5295,745A6403,7539,0.2664034962654114,37.54584884643555,23.993661880493164,16976.37109375,E,1883.59521484375
5282,5284,745A6403,7540,0.023646436631679535,6.257641315460205,32.53946304321289,5203.80859375,E,1807.2452392578125
5282,5308,745A6403,7541,0.46267569065093994,116.74791717529297,29.449600219726562,79523.9296875,E,1806.75927734375
5283,5298,745A6403,7542,0.149228036403656,44.432411193847656,28.23080062866211,27812.251953125,E,1675.988037109375
5283,5326,745A6403,7543,0.29189640283584595,78.75733184814453,32.91808319091797,67027.0234375,E,1701.4749755859375
5284,5324,745A6403,7544,0.28653788566589355,74.0180435180664,28.712871551513672,47927.0546875,E,1834.1700439453125
5285,5286,745A6403,7545,0.137685626745224,29.58563995361328,12.681071281433105,3736.652587890625,E,2365.18994140625
5285,5328,745A6403,7546,0.3588358461856842,70.61292266845703,28.208879470825195,44131.203125,E,2377.103759765625
5286,5292,745A6403,7547,0.7410692572593689,41.02728271484375,13.043680191040039,5482.30126953125,E,2392.5810546875
5287,5290,745A6403,7548,2.246938705444336,33.25128173828125,10.504063606262207,2881.46240234375,E,2016.720458984375
5287,5293,745A6403,7549,0.051654137670993805,9.923283576965332,27.547653198242188,5914.45166015625,E,2007.1905517578125
5288,5343,745A6403,7550,2.2208969593048096,94.30933380126953,19.446380615234375,28010.580078125,E,2337.71923828125
5289,5315,745A6403,7551,0.2828410267829895,69.46297454833984,31.34056282043457,53586.6796875,E,1950.4434814453125
5292,5323,745A6403,7552,0.26211756467819214,54.616207122802734,29.007953643798828,36094.87890625,E,2426.923583984375
5294,5296,745A6403,7553,0.48126113414764404,45.137638092041016,12.869614601135254,5871.64501953125,E,1727.1395263671875
5294,5320,745A6403,7554,0.3075053095817566,50.061126708984375,25.556228637695312,25679.349609375,E,1752.871826171875
5295,5358,745A6403,7555,1.066375732421875,102.53005981445312,18.540760040283203,27681.91796875,E,1927.272705078125
5296,5355,745A6403,7556,0.4601689279079437,92.79097747802734,28.41193199157715,58829.76953125,E,1762.481201171875
5297,5300,745A6403,7557,1.9879180192947388,34.32492446899414,7.222904205322266,1406.4464111328125,E,2180.560302734375
5297,5306,745A6403,7558,0.7391303777694702,21.364927291870117,10.633323669433594,1897.27099609375,E,2181.99560546875
5298,5329,745A6403,7559,0.20083990693092346,48.803279876708984,31.140522003173828,37169.8359375,E,1711.2462158203125
5299,5371,745A6403,7560,0.4056159257888794,115.67427062988281,31.248106002807617,88710.3046875,E,1796.7672119140625
5300,5306,745A6403,7561,1.1112115383148193,16.625642776489258,7.749760150909424,784.2324829101562,E,2193.249267578125
5301,5317,745A6403,7562,0.1566622406244278,26.993640899658203,26.25397491455078,14613.0693359375,E,1695.3319091796875
5302,5304,745A6403,7563,0.2631710171699524,33.25128173828125,12.204851150512695,3890.1220703125,E,1685.1148681640625
5302,5321,745A6403,7564,0.2542058527469635,33.88020324707031,23.091588973999023,14188.73046875,E,1696.494873046875
5303,5318,745A6403,7565,0.13320383429527283,30.843490600585938,30.438648223876953,22444.19921875,E,2117.357421875
5303,5331,745A6403,7566,0.2091725766658783,48.54277038574219,25.598548889160156,24983.033203125,E,2109.2421875
5304,5327,745A6403,7567,0.24110117554664612,35.398563385009766,24.23072624206543,16323.31640625,E,1703.4974365234375
5305,5326,745A6403,7568,172.03408813476562,86.79385375976562,6.880432605743408,3227.08447265625,E,1735.6414794921875
5307,5310,745A6403,7569,0.021224411204457283,6.257641315460205,34.34910202026367,5798.708984375,E,2074.3603515625
5308,5311,745A6403,7570,0.031838759779930115,7.331283092498779,30.3420467376709,5301.02197265625,E,1805.0709228515625
5309,5336,745A6403,7571,0.20550695061683655,47.4691276550293,30.41518211364746,34489.109375,E,1723.4224853515625
5310,5349,745A6403,7572,0.2795675992965698,81.08881378173828,34.065067291259766,73904.234375,E,2116.08447265625
5310,5350,745A6403,7573,4.067108631134033,100.82748413085938,15.432808876037598,18860.7421875,E,2094.43896484375
5311,5314,745A6403,7574,0.11730866879224777,26.54892349243164,30.08760643005371,18876.091796875,E,1805.3004150390625
5311,5332,745A6403,7575,0.2870293855667114,31.104000091552734,17.758771896362305,7704.27880859375,E,1821.20556640625
5312,5344,745A6403,7576,0.21075868606567383,55.4293327331543,32.47623062133789,45915.65625,E,2284.49365234375
5313,5319,745A6403,7577,0.026175562292337418,7.776000022888184,34.466453552246094,7255.03173828125,E,1978.45947265625
5314,5320,745A6403,7578,0.7166906595230103,144.00205993652344,28.764371871948242,93576.84375,E,1793.1314697265625
5314,5340,745A6403,7579,0.08039693534374237,33.69599914550781,16.810583114624023,7478.83203125,E,1821.897705078125
5315,5341,745A6403,7580,0.651706337928772,167.51426696777344,32.100257873535156,135568.46875,E,1939.976806640625
5316,5318,745A6403,7581,3.6539885997772217,35.84328079223633,9.653669357299805,2623.508544921875,E,2139.591796875
5317,5321,745A6403,7582,0.03688223659992218,26.993640899658203,16.7663631439209,5959.76416015625,E,1708.4150390625
5317,5348,745A6403,7583,0.3244912326335907,44.24820327758789,19.989351272583008,13886.18359375,E,1727.2420654296875
5318,5378,745A6403,7584,3.6920816898345947,118.89521026611328,20.69517707824707,39993.78515625,E,2172.984130859375
5319,5339,745A6403,7585,0.22251710295677185,52.65312957763672,31.16975975036621,40177.3203125,E,1977.9139404296875
5319,5410,745A6403,7586,4.805126190185547,179.40060424804688,23.612350463867188,78558.328125,E,2061.573486328125
5320,5360,745A6403,7587,0.3004033863544464,54.17148971557617,18.291967391967773,14235.787109375,E,1798.2955322265625
5321,5325,745A6403,7588,0.03956259787082672,5.184000015258789,22.89259910583496,2133.7578125,E,1713.31396484375
5322,5347,745A6403,7589,2.716216564178467,32.17763900756836,5.175252437591553,676.8729248046875,E,2155.804443359375
5324,5332,745A6403,7590,1.1412177085876465,88.94113159179688,17.823657989501953,22191.4765625,E,1842.401123046875
5324,5380,745A6403,7591,0.39343947172164917,104.41683197021484,32.59883499145508,87149.4375,E,1884.3426513671875
5325,5327,745A6403,7592,0.1625829041004181,34.7696418762207,16.364295959472656,7312.818359375,E,1716.23095703125
5325,5348,745A6403,7593,0.26572686433792114,34.95384979248047,23.123903274536133,14679.3623046875,E,1730.172607421875
5326,5362,745A6403,7594,0.1794215738773346,54.80040740966797,34.92623519897461,52502.1640625,E,1759.0819091796875
5327,5356,745A6403,7595,0.24228227138519287,41.21148681640625,26.086193084716797,22025.69140625,E,1735.58447265625
5328,5338,745A6403,7596,0.09529393911361694,12.51528263092041,22.8626651763916,5137.8837890625,E,2408.966796875
5328,5357,745A6403,7597,5.058804988861084,79.20204162597656,8.27558708190918,4260.140625,E,2396.630859375
5329,5345,745A6403,7598,0.3068505525588989,73.83384704589844,23.756595611572266,32727.57421875,E,1740.013916015625
5329,5376,745A6403,7599,0.28209128975868225,72.76020812988281,32.150177001953125,59067.765625,E,1767.429443359375
5330,5334,745A6403,7600,0.07167817652225494,20.291284561157227,33.64752197265625,18042.869140625,E,1831.3331298828125
5330,5353,745A6403,7601,0.7235561013221741,167.06954956054688,29.813669204711914,116632.0859375,E,1881.3177490234375
5331,5352,745A6403,7602,0.7298977375030518,28.69620704650879,16.0316219329834,5792.54345703125,E,2124.608154296875
5331,5354,745A6403,7603,0.9070717096328735,30.659282684326172,11.459904670715332,3162.37890625,E,2132.932861328125
5332,5340,745A6403,7604,0.20794852077960968,27.622568130493164,23.097370147705078,11573.880859375,E,1837.5191650390625
5333,5358,745A6403,7605,0.13048700988292694,38.17477035522461,27.677764892578125,22968.2734375,E,1934.53857421875
5333,5379,745A6403,7606,0.34358906745910645,80.72040557861328,30.768701553344727,60019.390625,E,1942.9769287109375
5334,5371,745A6403,7607,0.5527258515357971,143.29681396484375,32.29880142211914,117408.4140625,E,1840.3448486328125
5335,5344,745A6403,7608,0.05995112285017967,45.76656723022461,30.70941925048828,33898.57421875,E,2270.39404296875
5335,5368,745A6403,7609,0.1668013483285904,43.17456817626953,32.20100402832031,35160.6328125,E,2264.2431640625
5336,5337,745A6403,7610,0.41714587807655334,51.84000015258789,19.858394622802734,16056.2138671875,E,1738.968017578125
5336,5366,745A6403,7611,0.18063674867153168,37.990562438964844,29.05722427368164,25192.6484375,E,1757.794921875
5337,5364,745A6403,7612,0.152555912733078,35.398563385009766,30.45874786376953,25792.8671875,E,1752.2003173828125
5340,5372,745A6403,7613,0.33760374784469604,75.09169006347656,26.340003967285156,40917.9140625,E,1848.1844482421875
5341,5359,745A6403,7614,0.13803203403949738,37.54584884643555,32.96439743041992,32043.658203125,E,1918.49658203125
5343,5357,745A6403,7615,2.9239213466644287,38.435279846191406,7.0395588874816895,1495.928466796875,E,2377.420654296875
5343,5365,745A6403,7616,1.338435173034668,25.47528076171875,11.659917831420898,2720.19384765625,E,2370.12451171875
5344,5363,745A6403,7617,0.09656142443418503,26.10420799255371,32.904563903808594,22197.94140625,E,2298.2685546875
5345,5361,745A6403,7618,0.06942587345838547,20.291284561157227,34.1909294128418,18630.359375,E,1755.497314453125
5347,5349,745A6403,7619,0.0750531256198883,29.58563995361328,28.93768310546875,19458.0078125,E,2160.27587890625
5347,5368,745A6403,7620,0.5730189681053162,155.44369506835938,31.855817794799805,123891.21875,E,2226.652099609375
5348,5351,745A6403,7621,0.0154442572966218,2.5920000076293945,25.9097957611084,1366.635986328125,E,1745.760009765625
5349,5386,745A6403,7622,0.3098229169845581,72.49969482421875,30.936471939086914,54496.375,E,2185.835205078125
5350,5381,745A6403,7623,0.21142920851707458,57.65291976928711,33.03083801269531,49402.6640625,E,2109.369873046875
5351,5356,745A6403,7624,0.1009129211306572,33.25128173828125,17.79193687438965,8266.9384765625,E,1749.6287841796875
5351,5367,745A6403,7625,0.14734143018722534,25.03056526184082,26.06740379333496,13358.451171875,E,1757.47900390625
5353,5359,745A6403,7626,0.03854801133275032,9.923283576965332,32.06834411621094,8014.904296875,E,1914.3685302734375
5355,5360,745A6403,7627,0.3886945843696594,53.54256057739258,21.08159828186035,18689.4296875,E,1810.483154296875
5355,5435,745A6403,7628,0.7374911904335022,164.4012451171875,29.847639083862305,115031.0078125,E,1877.051025390625
5356,5370,745A6403,7629,0.1633625626564026,28.69620704650879,26.51595115661621,15846.3330078125,E,1763.9066162109375
5357,5365,745A6403,7630,2.343871831893921,32.80656433105469,6.778488636016846,1183.9036865234375,E,2387.361083984375
5358,5369,745A6403,7631,0.0992405042052269,21.36492347717285,29.351337432861328,14455.962890625,E,1961.8712158203125
5359,5383,745A6403,7632,0.13395480811595917,57.39241409301758,28.745574951171875,37246.58203125,E,1933.870361328125
5360,5372,745A6403,7633,0.3519427180290222,83.31241607666016,30.902015686035156,62484.6328125,E,1846.8275146484375
5361,5373,745A6403,7634,0.08054371178150177,34.509132385253906,32.348976135253906,28362.533203125,E,1777.0101318359375
5361,5375,745A6403,7635,0.2193744033575058,59.53969192504883,33.0343017578125,51030.13671875,E,1783.3665771484375
5362,5385,745A6403,7636,0.7169424891471863,186.2871856689453,32.65134811401367,155982.21875,E,1821.06005859375
5362,5423,745A6403,7637,0.50404953956604,128.8184814453125,30.09372901916504,91626.28125,E,1839.04052734375
5363,5392,745A6403,7638,7.116237640380859,62.836917877197266,17.421730041503906,14979.154296875,E,2333.3828125
5363,5396,745A6403,7639,0.45320138335227966,111.30341339111328,31.383731842041016,86100.8671875,E,2362.082275390625
5364,5366,745A6403,7640,0.12408929318189621,37.36164093017578,16.868410110473633,8349.5712890625,E,1769.8447265625
5364,5384,745A6403,7641,0.19891607761383057,46.840206146240234,30.735429763793945,34752.59765625,E,1788.7823486328125
5365,5396,745A6403,7642,3.026280641555786,66.05784606933594,11.463306427001953,6817.64013671875,E,2396.369140625
5366,5384,745A6403,7643,0.2517872154712677,58.28184509277344,25.71454620361328,30267.802734375,E,1796.0146484375
5367,5370,745A6403,7644,0.048131391406059265,31.73292350769043,20.763212203979492,10744.5703125,E,1772.325927734375
5367,5389,745A6403,7645,0.3475387990474701,65.35261535644531,27.478261947631836,38755.32421875,E,1792.892578125
5368,5397,745A6403,7646,0.21145130693912506,57.65291976928711,33.01691436767578,49361.01953125,E,2298.515869140625
5369,5398,745A6403,7647,2.3362109661102295,103.78791809082031,13.427230834960938,14696.353515625,E,2003.8629150390625
5369,5408,745A6403,7648,0.31614306569099426,83.75712585449219,32.56191635131836,69747.96875,E,2010.3681640625
5370,5404,745A6403,7649,0.3231979012489319,77.05477142333984,27.584829330444336,46050.04296875,E,1809.25732421875
5371,5385,745A6403,7650,0.08717043697834015,39.248409271240234,31.812498092651367,31196.6171875,E,1849.4522705078125
5372,5380,745A6403,7651,0.37332215905189514,107.08513641357422,31.301910400390625,82406.3671875,E,1892.4813232421875
5373,5390,745A6403,7652,0.14217977225780487,33.25128173828125,30.61417007446289,24476.158203125,E,1804.8485107421875
5373,5395,745A6403,7653,0.292750746011734,79.83097076416016,30.270124435424805,57449.95703125,E,1800.582275390625
5374,5377,745A6403,7654,0.6202654242515564,155.88841247558594,31.8118839263916,123903.1875,E,2026.839599609375
5374,5416,745A6403,7655,2.0385890007019043,221.2410125732422,23.486019134521484,95846.0703125,E,2121.561767578125
5374,5439,745A6403,7656,0.6540042161941528,120.85826873779297,28.437335968017578,76761.6015625,E,2099.466064453125
5375,5376,745A6403,7657,0.018857836723327637,5.184000015258789,33.15855026245117,4476.576171875,E,1799.9805908203125
5375,5391,745A6403,7658,0.07994408905506134,31.73292350769043,31.866802215576172,25309.11328125,E,1813.540771484375
5376,5422,745A6403,7659,0.6438434720039368,163.77230834960938,30.831024169921875,122266.15625,E,1842.98779296875
5377,5383,745A6403,7660,0.5819242000579834,137.115478515625,30.780248641967773,102028.296875,E,1977.34619140625
5377,5406,745A6403,7661,4.862459182739258,51.39527893066406,9.818403244018555,3891.30078125,E,2022.136474609375
5379,5382,745A6403,7662,1.097696304321289,26.993640899658203,16.55206298828125,5808.38818359375,E,1965.1324462890625
5379,5420,745A6403,7663,0.2741878628730774,77.05476379394531,33.52440643310547,68016.078125,E,1998.859619140625
5380,5429,745A6403,7664,0.3335579037666321,91.0884017944336,33.059478759765625,78188.8671875,E,1947.478759765625
5381,5388,745A6403,7665,0.11743838340044022,41.65620803833008,30.74479103088379,30925.21484375,E,2147.643310546875
5381,5451,745A6403,7666,0.48266902565956116,127.82113647460938,32.60343933105469,106713.5078125,E,2185.0986328125
5383,5431,745A6403,7667,0.7076750993728638,185.13722229003906,32.36564254760742,152318.296875,E,1959.6981201171875
5384,5387,745A6403,7668,0.03179216384887695,8.849641799926758,33.3592414855957,7734.779296875,E,1813.9998779296875
5385,5431,745A6403,7669,0.6482374668121338,180.39796447753906,33.40922546386719,158144.59375,E,1922.238525390625
5386,5388,745A6403,7670,0.42575234174728394,116.82422637939453,29.680912017822266,80830.875,E,2188.48095703125
5386,5490,745A6403,7671,0.7993760108947754,200.87342834472656,31.741477966308594,158952.25,E,2315.8642578125
5387,5394,745A6403,7672,0.03795335069298744,10.368000030517578,33.034732818603516,8886.412109375,E,1823.20068359375
5387,5450,745A6403,7673,1.0793979167938232,176.28758239746094,25.260093688964844,88344.90625,E,1865.1107177734375
5388,5448,745A6403,7674,0.5452184081077576,137.4076385498047,31.857206344604492,109525.71875,E,2226.0361328125
5389,5400,745A6403,7675,0.2916873097419739,50.5058479309082,26.397356033325195,27640.916015625,E,1821.8687744140625
5389,5428,745A6403,7676,0.35753417015075684,72.94440460205078,22.424541473388672,28809.052734375,E,1849.0841064453125
5390,5415,745A6403,7677,0.269387811422348,58.4660530090332,29.70648765563965,40522.50390625,E,1840.29736328125
5390,5421,745A6403,7678,0.2835026681423187,55.689849853515625,24.667367935180664,26614.087890625,E,1845.5086669921875
5391,5426,745A6403,7679,0.2560538649559021,59.800209045410156,27.107147216796875,34511.2109375,E,1853.6434326171875
5391,5473,745A6403,7680,0.756758451461792,181.395263671875,31.66714859008789,142867.59375,E,1896.985595703125
5392,5397,745A6403,7681,2.26703143119812,55.50564193725586,19.91962242126465,17297.732421875,E,2335.43408203125
5392,5413,745A6403,7682,0.6738795638084412,37.36164093017578,16.605871200561523,8091.68798828125,E,2366.30029296875
5393,5401,745A6403,7683,0.3369041085243225,13.588926315307617,8.72844123840332,813.1083374023438,E,2062.296142578125
5394,5400,745A6403,7684,0.35924121737480164,46.211280822753906,21.41265106201172,16640.974609375,E,1829.322509765625
5394,5407,745A6403,7685,0.1028987467288971,24.401639938354492,30.787654876708984,18166.1171875,E,1840.18408203125
5395,5412,745A6403,7686,0.19539494812488556,58.021331787109375,28.68312644958496,37491.3046875,E,1839.06201171875
5395,5415,745A6403,7687,0.3571717143058777,64.98419952392578,21.643434524536133,23908.373046875,E,1846.390625
5396,5402,745A6403,7688,0.049422550946474075,12.51528263092041,31.82241439819336,9953.98046875,E,2420.436279296875
5397,5419,745A6403,7689,0.1669594943523407,42.54563903808594,31.932384490966797,34072.78515625,E,2336.86669921875
5398,5401,745A6403,7690,0.23424696922302246,13.588924407958984,15.25810432434082,2484.71240234375,E,2059.5869140625
5398,5411,745A6403,7691,4.937464714050293,64.98419952392578,7.638236045837402,2977.7197265625,E,2064.988525390625
5399,5432,745A6403,7692,1.059403419494629,130.78155517578125,26.7674560546875,73595.3828125,E,2319.91162109375
5400,5417,745A6403,7693,0.2334596812725067,40.58256530761719,16.05543327331543,8216.24609375,E,1848.962158203125
5401,5491,745A6403,7694,6.621540069580078,226.2724151611328,11.937882423400879,25326.552734375,E,2169.50537109375
5403,5432,745A6403,7695,0.1869344711303711,43.17456817626953,24.528076171875,20400.689453125,E,2289.258056640625
5404,5412,745A6403,7696,0.11465637385845184,23.512208938598633,28.662517547607422,15170.9228515625,E,1849.4237060546875
5404,5441,745A6403,7697,0.2840094268321991,61.947486877441406,29.869230270385742,43407.1875,E,1868.2039794921875
5405,5406,745A6403,7698,0.4379716217517853,18.144001007080078,9.763880729675293,1358.5257568359375,E,2042.2353515625
5406,5504,745A6403,7699,0.6852326989173889,157.14625549316406,30.34254264831543,113631.2734375,E,2118.38623046875
5407,5417,745A6403,7700,0.17949584126472473,43.803489685058594,26.14450454711914,23515.78125,E,1857.69384765625
5407,5469,745A6403,7701,0.395068883895874,106.0114974975586,30.305553436279297,76469.3359375,E,1901.805419921875
5408,5411,745A6403,7702,0.07126273959875107,18.772924423217773,32.40437316894531,15482.072265625,E,2055.62109375
5408,5560,745A6403,7703,0.9602591395378113,249.3845977783203,31.330402374267578,192261.109375,E,2149.88232421875
5409,5424,745A6403,7704,0.10140836983919144,24.401639938354492,30.99582862854004,18412.611328125,E,1897.9246826171875
5409,5438,745A6403,7705,0.4671756625175476,93.4198989868164,26.628618240356445,52026.73046875,E,1910.511474609375
5411,5465,745A6403,7706,0.4282263219356537,102.71427154541016,31.09619903564453,78007.3046875,E,2110.263671875
5412,5433,745A6403,7707,0.14556096494197845,33.435489654541016,30.319164276123047,24139.70703125,E,1868.857666015625
5413,5419,745A6403,7708,2.892085075378418,52.46892166137695,10.811175346374512,4816.56982421875,E,2367.4326171875
5413,5436,745A6403,7709,6.10963773727417,43.803489685058594,8.228409767150879,2329.32666015625,E,2399.2392578125
5414,5425,745A6403,7710,0.38030797243118286,18.772924423217773,14.60441780090332,3144.7802734375,E,1894.093994140625
5415,5418,745A6403,7711,0.009964223019778728,2.5920000076293945,32.25713348388672,2118.24609375,E,1863.9747314453125
5416,5476,745A6403,7712,1.0508925914764404,108.15877532958984,23.128232955932617,45439.81640625,E,2228.448974609375
5416,5502,745A6403,7713,0.835472822189331,156.80943298339844,27.45591926574707,92839.765625,E,2212.81103515625
5417,5427,745A6403,7714,0.079518161714077,16.180925369262695,28.501794815063477,10323.75390625,E,1873.5517578125
5418,5421,745A6403,7715,0.188040092587471,47.72964096069336,21.799842834472656,17814.95703125,E,1868.893310546875
5418,5430,745A6403,7716,0.10802701860666275,27.17784881591797,31.70040512084961,21450.361328125,E,1872.3619384765625
5419,5487,745A6403,7717,0.40062716603279114,107.52985382080078,32.757164001464844,90621.5546875,E,2396.236572265625
5420,5445,745A6403,7718,0.6345496773719788,135.33660888671875,28.751441955566406,87866.7265625,E,2015.1590576171875
5420,5478,745A6403,7719,0.3688766658306122,100.82749938964844,33.09088134765625,86713.265625,E,2064.540283203125
5421,5434,745A6403,7720,0.11811161786317825,19.84656524658203,25.989974975585938,10528.99609375,E,1878.5198974609375
5422,5423,745A6403,7721,0.06226763129234314,25.920000076293945,28.855558395385742,16950.552734375,E,1894.1732177734375
5422,5498,745A6403,7722,1.015628457069397,132.74462890625,20.797225952148438,45093.8828125,E,1949.6265869140625
5423,5464,745A6403,7723,0.3346828520298004,87.60697937011719,32.37923812866211,72137.6171875,E,1936.00439453125
5424,5425,745A6403,7724,1.2100998163223267,50.32164001464844,14.88529109954834,8757.080078125,E,1907.0518798828125
5424,5455,745A6403,7725,0.28515076637268066,66.24205017089844,30.51490592956543,48444.859375,E,1938.7589111328125
5425,5440,745A6403,7726,0.4633314907550812,27.17784881591797,13.271973609924316,3759.897216796875,E,1911.5096435546875
5426,5434,745A6403,7727,0.024022482335567474,23.956924438476562,24.705636978149414,11484.5244140625,E,1883.6611328125
5426,5472,745A6403,7728,0.39564958214759827,91.71733093261719,30.837358474731445,68500.796875,E,1920.702392578125
5427,5428,745A6403,7729,0.09474536031484604,20.291284561157227,29.274803161621094,13658.0087890625,E,1877.974853515625
5427,5488,745A6403,7730,0.5419396162033081,101.45641326904297,25.712717056274414,52682.37109375,E,1924.90185546875
5428,5443,745A6403,7731,0.24530893564224243,59.35548782348633,26.452102661132812,32619.0390625,E,1895.6676025390625
5429,5437,745A6403,7732,0.04135679453611374,10.99692440032959,32.59389114379883,9175.580078125,E,1986.0455322265625
5429,5480,745A6403,7733,0.35957300662994385,105.490478515625,31.878149032592773,84195.5859375,E,2012.1121826171875
5430,5433,745A6403,7734,0.0999254435300827,42.100921630859375,21.24623680114746,14926.072265625,E,1877.6702880859375
5430,5449,745A6403,7735,0.11007758975028992,42.7298469543457,29.661733627319336,29526.65625,E,1898.027099609375
5431,5458,745A6403,7736,0.25343751907348633,77.42317199707031,31.54656410217285,60515.2734375,E,2005.5047607421875
5432,5454,745A6403,7737,0.47613972425460815,98.60389709472656,28.788164138793945,64181.80078125,E,2300.784423828125
5433,5442,745A6403,7738,0.06477444618940353,16.625642776489258,32.03116989135742,13397.1962890625,E,1889.6627197265625
5434,5482,745A6403,7739,0.37040555477142334,88.94112396240234,31.093158721923828,67533.953125,E,1926.11865234375
5435,5438,745A6403,7740,0.8792243599891663,57.65291976928711,15.502676963806152,10882.3974609375,E,1947.5255126953125
5435,5447,745A6403,7741,0.14826540648937225,32.361846923828125,29.536182403564453,22173.380859375,E,1967.13916015625
5437,5445,745A6403,7742,0.14605170488357544,47.4691276550293,29.198503494262695,31785.0078125,E,2004.7757568359375
5437,5499,745A6403,7743,0.5742901563644409,105.75099182128906,26.213897705078125,57073.90234375,E,2038.2576904296875
5438,5479,745A6403,7744,1.040318489074707,84.38605499267578,20.459138870239258,27741.841796875,E,1983.628173828125
5439,5452,745A6403,7745,0.6035540699958801,67.57620239257812,17.716764450073242,16659.134765625,E,2130.001220703125
5439,5453,745A6403,7746,0.16895663738250732,33.25128173828125,28.12893295288086,20663.54296875,E,2147.4423828125
5441,5442,745A6403,7747,0.4823281764984131,60.689640045166016,20.26998519897461,19584.447265625,E,1897.3426513671875
5441,5443,745A6403,7748,0.02744881622493267,7.331283092498779,32.68233108520508,6150.29443359375,E,1897.79833984375
5442,5449,745A6403,7749,0.12087138742208481,31.2882080078125,32.271053314208984,25591.56640625,E,1908.6644287109375
5443,5459,745A6403,7750,0.13921013474464417,35.398563385009766,31.892120361328125,28277.583984375,E,1916.004638671875
5444,5450,745A6403,7751,1.083949327468872,31.73292350769043,14.225385665893555,5043.4541015625,E,1931.6856689453125
5445,5457,745A6403,7752,0.1962745040655136,38.61948776245117,28.257667541503906,24219.71484375,E,2038.376708984375
5446,5454,745A6403,7753,0.8909443616867065,30.214567184448242,11.116347312927246,2932.448974609375,E,2283.615234375
5447,5480,745A6403,7754,0.3612174391746521,77.23897552490234,23.48107147216797,33447.38671875,E,2012.84521484375
5447,5481,745A6403,7755,0.231801375746727,65.79733276367188,29.087291717529297,43722.4765625,E,2002.308349609375
5448,5456,745A6403,7756,0.14467781782150269,25.030563354492188,23.47086524963379,10829.7568359375,E,2292.981689453125
5448,5470,745A6403,7757,0.1833566427230835,44.432411193847656,31.11712074279785,33790.03125,E,2313.664794921875
5449,5460,745A6403,7758,0.0571676567196846,16.625642776489258,34.0896110534668,15174.431640625,E,1923.7357177734375
5450,5466,745A6403,7759,0.14066269993782043,30.843490600585938,29.61614990234375,21247.634765625,E,1948.3104248046875
5451,5491,745A6403,7760,0.23352974653244019,66.8709716796875,30.477310180664062,48784.3828125,E,2250.042724609375
5451,5555,745A6403,7761,0.6575186848640442,169.03262329101562,32.20270538330078,137671.84375,E,2316.59326171875
5452,5453,745A6403,7762,0.12516778707504272,23.328001022338867,20.53870964050293,7728.8291015625,E,2154.357421875
5452,5504,745A6403,7763,0.7369667887687683,79.01783752441406,19.24966049194336,22996.46875,E,2176.333740234375
5453,5519,745A6403,7764,0.4327489137649536,88.31221008300781,28.707435607910156,57160.953125,E,2198.359619140625
5454,5474,745A6403,7765,0.12790736556053162,39.6931266784668,26.67259979248047,22178.689453125,E,2300.0458984375
5455,5462,745A6403,7766,0.05022341012954712,12.51528263092041,31.56525230407715,9793.751953125,E,1972.922119140625
5455,5479,745A6403,7767,0.4084410071372986,93.23567962646484,28.187021255493164,58179.5546875,E,1992.447021484375
5457,5478,745A6403,7768,0.3492688238620758,79.2020492553711,27.543039321899414,47190.0078125,E,2081.1875
5457,5499,745A6403,7769,2.668142795562744,80.98091888427734,10.767004013061523,7373.30712890625,E,2080.78662109375
5458,5494,745A6403,7770,0.3849247395992279,90.8279037475586,30.819673538208008,67758.734375,E,2062.224853515625
5458,5524,745A6403,7771,0.40418386459350586,99.30912017822266,28.884634017944336,65074.78515625,E,2080.129638671875
5459,5467,745A6403,7772,0.17222516238689423,43.174560546875,17.84126091003418,10793.6640625,E,1932.8538818359375
5459,5477,745A6403,7773,0.1292419731616974,30.214567184448242,30.588197708129883,22203.12109375,E,1944.6556396484375
5460,5467,745A6403,7774,0.38341963291168213,56.579280853271484,21.93633270263672,21383.33203125,E,1932.3599853515625
5460,5468,745A6403,7775,0.04566342383623123,13.588924407958984,34.49605178833008,12700.29296875,E,1936.82568359375
5461,5463,745A6403,7776,0.07995869219303131,3.6656415462493896,13.541667938232422,527.9395141601562,E,2175.27197265625
5462,5475,745A6403,7777,0.396039754152298,103.41950225830078,28.166549682617188,64440.60546875,E,1973.3258056640625
5462,5565,745A6403,7778,0.6650211811065674,164.2933349609375,31.443349838256836,127575.546875,E,2054.69287109375
5463,5465,745A6403,7779,136.27499389648438,47.72964096069336,10.435506820678711,4082.30224609375,E,2165.509033203125
5463,5471,745A6403,7780,0.27565306425094604,12.51528263092041,11.29152774810791,1253.244873046875,E,2182.103515625
5464,5498,745A6403,7781,0.25121748447418213,52.20840835571289,25.353242874145508,26357.083984375,E,1987.697509765625
5464,5521,745A6403,7782,0.369706928730011,94.048828125,31.94852638244629,75395.4140625,E,2013.543701171875
5465,5575,745A6403,7783,0.7023231983184814,186.4713897705078,32.62433624267578,155878.21875,E,2244.208984375
5466,5475,745A6403,7784,0.14393740892410278,33.88020324707031,30.67029571533203,25030.630859375,E,1968.756103515625
5466,5497,745A6403,7785,0.3369276821613312,56.31876754760742,19.001197814941406,15970.001953125,E,1972.2796630859375
5467,5489,745A6403,7786,0.1910010725259781,43.803489685058594,22.987842559814453,18180.048828125,E,1956.4754638671875
5468,5489,745A6403,7787,0.10836371034383774,39.248409271240234,30.32078742980957,28339.544921875,E,1955.83056640625
5468,5506,745A6403,7788,0.2229793220758438,73.12861633300781,31.522994995117188,57073.1953125,E,1968.8238525390625
5469,5501,745A6403,7789,0.2754611074924469,64.72368621826172,30.917396545410156,48591.3515625,E,1966.099609375
5469,5517,745A6403,7790,0.24787241220474243,63.91056823730469,32.102359771728516,51729.28515625,E,1980.529296875
5472,5485,745A6403,7791,0.18566372990608215,41.65620422363281,25.17165184020996,20729.69921875,E,1961.874267578125
5472,5503,745A6403,7792,0.12055663764476776,34.95384979248047,34.0684700012207,31863.255859375,E,1975.836181640625
5473,5508,745A6403,7793,0.28478071093559265,79.83097076416016,29.3538875579834,54024.72265625,E,1987.099365234375
5473,5520,745A6403,7794,0.28607597947120667,79.3862533569336,25.815229415893555,41551.546875,E,2004.93212890625
5474,5483,745A6403,7795,0.2305496782064438,74.278564453125,31.2041015625,56803.71484375,E,2292.65087890625
5474,5495,745A6403,7796,0.2578127384185791,54.17148971557617,29.045866012573242,35894.6171875,E,2326.96484375
5475,5526,745A6403,7797,0.41177263855934143,88.23589324951172,29.816022872924805,61607.64453125,E,2015.202392578125
5476,5483,745A6403,7798,0.03339838981628418,8.849641799926758,32.553070068359375,7365.45361328125,E,2275.01123046875
5476,5486,745A6403,7799,0.04728218913078308,12.51528263092041,32.53266143798828,10403.265625,E,2274.34912109375
5477,5493,745A6403,7800,0.07582831382751465,16.180925369262695,29.2297306060791,10857.8251953125,E,1964.307373046875
5477,5514,745A6403,7801,0.225601464509964,57.837127685546875,22.78919219970703,23591.44140625,E,1973.75927734375
5478,5507,745A6403,7802,0.12793086469173431,35.398563385009766,33.23286437988281,30705.138671875,E,2117.45556640625
5479,5484,745A6403,7803,0.014064831659197807,7.331283092498779,32.28774642944336,6002.681640625,E,2021.7491455078125
5480,5496,745A6403,7804,0.04290967062115669,10.368000030517578,31.08767318725586,7869.7568359375,E,2049.0283203125
5481,5484,745A6403,7805,0.014029335230588913,3.6656415462493896,32.32856750488281,3008.934814453125,E,2023.9468994140625
5481,5492,745A6403,7806,0.023996610194444656,9.923283576965332,32.31496047973633,8138.6533203125,E,2027.0911865234375
5482,5485,745A6403,7807,0.04561407119035721,39.95363998413086,26.649639129638672,22285.83203125,E,1967.2000732421875
5482,5506,745A6403,7808,0.11040712147951126,31.2882080078125,33.670021057128906,27858.474609375,E,1978.054931640625
5483,5486,745A6403,7809,0.013698731549084187,3.6656415462493896,32.716346740722656,3081.5517578125,E,2279.146240234375
5484,5492,745A6403,7810,0.023791443556547165,6.257641315460205,32.43741226196289,5171.21923828125,E,2027.6136474609375
5485,5503,745A6403,7811,0.40245410799980164,67.1314926147461,23.750595092773438,29741.658203125,E,1987.7069091796875
5486,5525,745A6403,7812,0.6339021921157837,126.22649383544922,26.95294189453125,72019.9375,E,2278.970703125
5487,5490,745A6403,7813,86.96285247802734,55.50564193725586,18.105731964111328,14290.88671875,E,2419.83642578125
5487,5535,745A6403,7814,0.2449881136417389,65.87364196777344,32.79641342163086,55648.6015625,E,2463.372802734375
5488,5493,745A6403,7815,0.042754653841257095,32.17763900756836,15.572408676147461,6128.5205078125,E,1969.0872802734375
5488,5505,745A6403,7816,0.30731552839279175,44.692928314208984,18.81342887878418,12424.08984375,E,1984.520263671875
5489,5511,745A6403,7817,0.05735087767243385,25.920000076293945,30.16856575012207,18528.240234375,E,1980.4254150390625
5490,5512,745A6403,7818,0.8780928254127502,29.14092445373535,14.785186767578125,5003.18798828125,E,2418.9970703125
5491,5553,745A6403,7819,1.598660945892334,112.00863647460938,27.857820510864258,68270.90625,E,2293.30712890625
5492,5500,745A6403,7820,0.03755098581314087,9.923283576965332,32.51224899291992,8238.3330078125,E,2034.791259765625
5493,5505,745A6403,7821,0.1148502305150032,21.36492347717285,27.323148727416992,12527.162109375,E,1980.0643310546875
5494,5524,745A6403,7822,14.6854829788208,107.97456359863281,10.91905689239502,10110.708984375,E,2127.134521484375
5494,5533,745A6403,7823,0.44166281819343567,115.85848999023438,32.40082550048828,95527.828125,E,2141.451171875
5495,5530,745A6403,7824,0.9435210824012756,51.84000015258789,13.978431701660156,7955.578125,E,2368.49072265625
5495,5534,745A6403,7825,0.7255563735961914,156.25682067871094,29.361881256103516,105802.6640625,E,2405.802978515625
5496,5500,745A6403,7826,0.50063157081604,77.31527709960938,22.92947769165039,31925.92578125,E,2046.4600830078125
5496,5509,745A6403,7827,0.09389689564704895,23.956924438476562,31.93171501159668,19185.16015625,E,2065.167724609375
5497,5501,745A6403,7828,0.051563188433647156,21.809640884399414,28.389541625976562,13805.595703125,E,1988.8277587890625
5497,5526,745A6403,7829,0.8845039010047913,130.7815399169922,23.137144088745117,54986.46875,E,2025.87890625
5498,5520,745A6403,7830,0.19286565482616425,40.137847900390625,29.184051513671875,26849.435546875,E,2019.830322265625
5499,5522,745A6403,7831,0.22704732418060303,47.913848876953125,29.08706283569336,31838.361328125,E,2109.984130859375
5500,5513,745A6403,7832,0.08091755956411362,21.36492347717285,32.49184036254883,17714.947265625,E,2048.860595703125
5501,5556,745A6403,7833,0.4775239825248718,115.22956085205078,31.10077476501465,87537.9140625,E,2039.94970703125
5502,5519,745A6403,7834,0.4518277943134308,76.61004638671875,22.695308685302734,30991.87109375,E,2240.813720703125
5502,5525,745A6403,7835,0.5819427967071533,42.54563903808594,12.088225364685059,4882.8125,E,2257.44970703125
5503,5508,745A6403,7836,0.05551190674304962,17.254566192626953,35.250518798828125,16839.3359375,E,1997.5413818359375
5504,5527,745A6403,7837,0.16631042957305908,43.174560546875,32.310707092285156,35400.609375,E,2205.4736328125
5505,5557,745A6403,7838,0.37141984701156616,91.97785186767578,31.544601440429688,71882.5078125,E,2032.1990966796875
5506,5516,745A6403,7839,0.039117760956287384,11.441641807556152,34.189903259277344,10504.4658203125,E,1995.7579345703125
5507,5522,745A6403,7840,0.8710280656814575,79.64676666259766,19.478965759277344,23735.033203125,E,2129.395751953125
5507,5545,745A6403,7841,0.2639758288860321,66.0578384399414,31.753700256347656,52312.19140625,E,2156.042236328125
5508,5566,745A6403,7842,0.42391154170036316,127.4843521118164,34.73112487792969,120777.0625,E,2054.762939453125
5509,5513,745A6403,7843,0.4887438714504242,76.24163818359375,21.65802764892578,28087.939453125,E,2067.67626953125
5509,5549,745A6403,7844,0.32312464714050293,81.97825622558594,31.85836410522461,65348.484375,E,2112.948486328125
5510,5511,745A6403,7845,0.00936247780919075,2.5920000076293945,33.27760696411133,2254.39013671875,E,1993.3701171875
5510,5514,745A6403,7846,0.20796115696430206,47.28491973876953,24.659719467163086,22583.37109375,E,1991.278076171875
5510,5538,745A6403,7847,0.3605160415172577,56.31876754760742,27.491531372070312,33430.34765625,E,2015.1068115234375
5511,5515,745A6403,7848,0.026538174599409103,7.331283092498779,33.22658157348633,6356.8388671875,E,1996.009521484375
5513,5594,745A6403,7849,0.6592309474945068,153.84902954101562,30.630905151367188,113371.609375,E,2128.16064453125
5514,5538,745A6403,7850,0.1672668159008026,45.32184600830078,25.30771827697754,22798.3515625,E,2015.3526611328125
5515,5518,745A6403,7851,0.26492175459861755,66.50257110595703,27.899717330932617,40656.3046875,E,2000.34033203125
5515,5540,745A6403,7852,0.11532006412744522,43.174560546875,20.52374267578125,14283.376953125,E,2018.111572265625
5516,5518,745A6403,7853,0.035062115639448166,9.923283576965332,33.639869689941406,8819.7021484375,E,2003.2615966796875
5516,5598,745A6403,7854,0.7508066892623901,201.68655395507812,31.582895278930664,158004.953125,E,2067.19140625
5517,5570,745A6403,7855,0.5331407785415649,110.49027252197266,28.946117401123047,72710.0625,E,2058.6083984375
5517,5595,745A6403,7856,0.5451011657714844,133.1893310546875,27.759000778198242,80605.921875,E,2068.150146484375
5518,5542,745A6403,7857,0.16594542562961578,44.87712860107422,32.939491271972656,38242.71875,E,2023.3944091796875
5519,5528,745A6403,7858,0.08117721229791641,19.846567153930664,31.264358520507812,15236.1181640625,E,2239.669677734375
5520,5523,745A6403,7859,0.04368601739406586,11.441641807556152,32.37346649169922,9417.9560546875,E,2040.044921875
5521,5531,745A6403,7860,0.8857136964797974,61.318565368652344,18.36170196533203,16237.0732421875,E,2052.3623046875
5521,5552,745A6403,7861,0.2563486397266388,68.38933563232422,32.680171966552734,57364.9921875,E,2084.063232421875
5522,5545,745A6403,7862,5.157835006713867,91.08841705322266,10.180427551269531,7414.5546875,E,2164.741455078125
5523,5531,745A6403,7863,12.75636100769043,53.987281799316406,13.548165321350098,7782.91552734375,E,2051.8759765625
5523,5566,745A6403,7864,0.2714526355266571,84.38605499267578,31.270824432373047,64809.58203125,E,2078.048095703125
5524,5532,745A6403,7865,3.6155478954315186,41.02728271484375,9.182211875915527,2716.79736328125,E,2119.90966796875
5524,5605,745A6403,7866,0.4738331437110901,130.15261840820312,30.685869216918945,96254.1953125,E,2184.63232421875
5525,5529,745A6403,7867,0.028569420799613,3.6656415462493896,22.654489517211914,1477.5712890625,E,2277.497802734375
5526,5563,745A6403,7868,0.28797560930252075,72.94441223144531,31.820775985717773,58010.078125,E,2085.494140625
5527,5528,745A6403,7869,0.20326568186283112,56.579280853271484,29.274351119995117,38082.18359375,E,2234.158447265625
5527,5536,745A6403,7870,0.17006704211235046,45.766563415527344,32.807586669921875,38688.93359375,E,2218.41015625
5528,5544,745A6403,7871,0.09367930144071579,30.214563369750977,27.474031448364258,17912.28515625,E,2258.226806640625
5529,5544,745A6403,7872,0.506999135017395,75.53640747070312,21.66156768798828,27837.2265625,E,2277.0322265625
5529,5554,745A6403,7873,1.291630506515503,52.024200439453125,10.85374641418457,4813.4296875,E,2300.7412109375
5530,5539,745A6403,7874,0.40681523084640503,90.4594955444336,29.8120174407959,63143.23046875,E,2368.59765625
5530,5541,745A6403,7875,0.20406167209148407,36.472206115722656,26.726957321166992,20462.13671875,E,2405.14892578125
5531,5561,745A6403,7876,0.38410404324531555,66.686767578125,26.604158401489258,37070.51171875,E,2088.83935546875
5533,5536,745A6403,7877,0.25210726261138916,62.39220428466797,31.61689567565918,48984.5,E,2197.86474609375
5533,5576,745A6403,7878,0.22203345596790314,82.05455780029297,29.85788917541504,57452.74609375,E,2222.783203125
5535,5537,745A6403,7879,6.178601264953613,42.54563903808594,12.818990707397461,5491.0146484375,E,2478.0029296875
5535,5559,745A6403,7880,0.18659114837646484,48.35856628417969,32.20610809326172,39394.8828125,E,2510.198486328125
5536,5572,745A6403,7881,1.9710947275161743,64.80000305175781,17.652603149414062,15859.2421875,E,2243.7529296875
5538,5546,745A6403,7882,0.030544854700565338,16.625642776489258,31.899967193603516,13287.6689453125,E,2042.509521484375
5539,5554,745A6403,7883,0.8372323513031006,144.18624877929688,25.56578254699707,74017.078125,E,2334.793212890625
5539,5564,745A6403,7884,0.40642285346984863,70.53661346435547,26.948822021484375,40233.15234375,E,2389.58544921875
5540,5542,745A6403,7885,0.08001735806465149,32.17763900756836,28.150463104248047,20026.96484375,E,2038.2611083984375
5540,5547,745A6403,7886,0.2002408504486084,48.98748779296875,25.897735595703125,25804.6875,E,2048.86767578125
5542,5543,745A6403,7887,0.018180157989263535,5.184000015258789,33.77083206176758,4643.4248046875,E,2043.694580078125
5543,5580,745A6403,7888,0.3389861285686493,72.94441223144531,29.506349563598633,49878.4453125,E,2076.939697265625
5543,5627,745A6403,7889,1.0909875631332397,139.1864776611328,23.227609634399414,58978.8046875,E,2103.406982421875
5544,5569,745A6403,7890,0.6579506993293762,97.5302734375,23.024126052856445,40606.50390625,E,2276.299072265625
5545,5629,745A6403,7891,1.8843885660171509,125.2291259765625,24.815845489501953,60569.4140625,E,2234.03564453125
5546,5547,745A6403,7892,0.021801989525556564,6.257641315460205,33.87968444824219,5641.30078125,E,2052.8671875
5546,5550,745A6403,7893,0.021878661587834358,9.923283576965332,33.832061767578125,8920.767578125,E,2054.170654296875
5547,5550,745A6403,7894,0.012697522528469563,3.6656415462493896,33.98173141479492,3324.534912109375,E,2056.756103515625
5548,5568,745A6403,7895,13.108327865600586,56.134559631347656,6.020787715911865,1598.184326171875,E,2137.38232421875
5549,5584,745A6403,7896,0.28771427273750305,57.20820617675781,25.40376091003418,28996.41015625,E,2172.494140625
5549,5615,745A6403,7897,0.5096001625061035,122.30034637451172,31.049396514892578,92602.75,E,2202.035888671875
5550,5551,745A6403,7898,0.017957007512450218,5.184000015258789,33.98173141479492,4701.6025390625,E,2060.646484375
5551,5557,745A6403,7899,0.34395256638526917,74.278564453125,24.51940155029297,35073.015625,E,2071.22509765625
5551,5577,745A6403,7900,0.19511054456233978,44.692928314208984,30.38486671447754,32407.337890625,E,2083.9697265625
5552,5558,745A6403,7901,0.04556440934538841,12.51528263092041,33.13269805908203,10790.5634765625,E,2118.6865234375
5552,5568,745A6403,7902,0.30584532022476196,77.68368530273438,29.3031063079834,52389.8359375,E,2134.068359375
5554,5562,745A6403,7903,0.2666667699813843,29.769847869873047,21.166637420654297,10475.3916015625,E,2326.648681640625
5555,5640,745A6403,7904,11.746186256408691,146.3335418701172,9.724315643310547,10868.056640625,E,2445.462158203125
5555,5641,745A6403,7905,0.906825065612793,144.6309814453125,28.71209144592285,93644.203125,E,2449.618408203125
5556,5585,745A6403,7906,0.124222531914711,37.36164093017578,27.520099639892578,22223.671875,E,2108.40869140625
5556,5660,745A6403,7907,0.858992338180542,183.80308532714844,29.395334243774414,124738.203125,E,2168.181640625
5557,5571,745A6403,7908,0.10154805332422256,25.47528076171875,31.667301177978516,20064.62109375,E,2086.71337890625
5558,5561,745A6403,7909,0.8383970260620117,60.24491882324219,20.530771255493164,19944.39453125,E,2122.169677734375
5558,5625,745A6403,7910,0.3813972473144531,93.680419921875,31.519617080688477,73097.171875,E,2165.88671875
5561,5634,745A6403,7911,0.6463534832000732,92.60677337646484,21.414836883544922,33355.09375,E,2162.6533203125
5562,5573,745A6403,7912,0.8255522847175598,68.20513153076172,18.23499298095703,17812.22265625,E,2320.4365234375
5562,5588,745A6403,7913,0.47271305322647095,35.84328079223633,10.31901741027832,2997.6044921875,E,2342.952880859375
5563,5565,745A6403,7914,0.25059324502944946,52.913639068603516,18.386362075805664,14049.1201171875,E,2124.220703125
5563,5660,745A6403,7915,0.49414199590682983,119.41621398925781,28.729698181152344,77413.25,E,2173.600830078125
5565,5601,745A6403,7916,0.18617625534534454,47.28491973876953,31.862548828125,37702.796875,E,2152.79638671875
5566,5567,745A6403,7917,0.020335569977760315,6.257641315460205,35.08384323120117,6049.43603515625,E,2109.344970703125
5567,5578,745A6403,7918,0.04979749396443367,15.107283592224121,34.81852340698242,14384.5732421875,E,2118.212646484375
5567,5599,745A6403,7919,0.23445621132850647,64.72368621826172,29.049449920654297,42897.19921875,E,2127.976806640625
5568,5581,745A6403,7920,0.07106039673089981,18.328208923339844,32.09385681152344,14827.0146484375,E,2167.29345703125
5569,5572,745A6403,7921,0.12492954730987549,32.17763900756836,32.152732849121094,26126.416015625,E,2278.37841796875
5569,5586,745A6403,7922,0.2453884780406952,50.5058479309082,28.81587028503418,32937.83203125,E,2300.98974609375
5570,5592,745A6403,7923,0.10843496024608612,25.03056526184082,30.43048858642578,18204.486328125,E,2117.44677734375
5570,5633,745A6403,7924,1.283722162246704,104.04842376708984,16.350236892700195,21846.080078125,E,2129.51708984375
5571,5596,745A6403,7925,0.13248056173324585,53.282047271728516,26.805259704589844,30068.4375,E,2116.76025390625
5571,5608,745A6403,7926,0.2319335639476776,49.61640930175781,29.29648780822754,33446.1640625,E,2117.41357421875
5572,5574,745A6403,7927,0.013087591156363487,3.6656415462493896,33.47149658203125,3225.44873046875,E,2274.283203125
5573,5586,745A6403,7928,0.26213571429252625,39.6931266784668,20.57499122619629,13197.2822265625,E,2311.326416015625
5573,5600,745A6403,7929,0.2831645905971527,31.104000091552734,8.918929100036621,1943.2628173828125,E,2329.728759765625
5574,5579,745A6403,7930,0.08888568729162216,25.47528076171875,33.842952728271484,22916.345703125,E,2272.44189453125
5574,5639,745A6403,7931,0.6660478711128235,101.901123046875,21.472440719604492,36900.44921875,E,2316.035888671875
5575,5612,745A6403,7932,0.18390367925167084,55.874053955078125,30.469850540161133,40741.84765625,E,2339.517578125
5575,5699,745A6403,7933,0.7248233556747437,184.87672424316406,31.953676223754883,148256.515625,E,2415.9384765625
5576,5579,745A6403,7934,0.07641374319791794,21.809640884399414,33.809383392333984,19580.009765625,E,2264.8974609375
5576,5582,745A6403,7935,0.03392075002193451,9.923283576965332,34.201133728027344,9116.4609375,E,2261.77197265625
5577,5589,745A6403,7936,0.09701326489448547,16.180925369262695,25.896188735961914,8522.4599609375,E,2109.474853515625
5577,5597,745A6403,7937,0.1453850269317627,33.88020706176758,24.368881225585938,15801.8193359375,E,2113.16259765625
5578,5593,745A6403,7938,0.06241322681307793,16.180925369262695,32.2401237487793,13209.5078125,E,2130.17919921875
5578,5613,745A6403,7939,0.3397814929485321,60.42912292480469,23.091251373291016,25306.44140625,E,2147.6015625
5579,5635,745A6403,7940,0.2906450629234314,60.689640045166016,26.73297691345215,34064.26953125,E,2298.525146484375
5580,5589,745A6403,7941,0.13575828075408936,39.50891876220703,19.67062759399414,12006.6396484375,E,2110.147216796875
5580,5637,745A6403,7942,0.3543317914009094,68.20513153076172,27.977951049804688,41931.33984375,E,2137.965087890625
5581,5621,745A6403,7943,0.47406378388404846,120.85829162597656,31.935306549072266,96807.3984375,E,2207.44677734375
5581,5625,745A6403,7944,0.2985122501850128,85.01497650146484,27.765254974365234,51474.08984375,E,2197.812255859375
5582,5587,745A6403,7945,0.10757081210613251,30.214563369750977,33.52530288696289,26671.755859375,E,2258.74853515625
5582,5624,745A6403,7946,0.4253208637237549,46.656002044677734,20.87886619567871,15973.91015625,E,2284.50927734375
5583,5590,745A6403,7947,0.33326399326324463,62.39220428466797,27.42230987548828,36849.21875,E,2368.98486328125
5584,5594,745A6403,7948,0.45294874906539917,49.43220901489258,18.26645851135254,12954.1416015625,E,2200.21875
5584,5616,745A6403,7949,0.2212805449962616,42.7298469543457,19.345605850219727,12559.8916015625,E,2217.23974609375
5585,5592,745A6403,7950,0.721564531326294,55.06092071533203,14.576428413391113,9188.30859375,E,2126.936279296875
5585,5689,745A6403,7951,0.8960433602333069,138.3733367919922,24.043758392333984,62827.09375,E,2190.023681640625
5586,5606,745A6403,7952,0.15299402177333832,30.843490600585938,28.44873046875,19605.556640625,E,2329.425537109375
5587,5605,745A6403,7953,0.36801454424858093,104.49311828613281,33.711570739746094,93268.6171875,E,2255.164306640625
5587,5630,745A6403,7954,0.4738789200782776,55.68984603881836,18.418392181396484,14837.7939453125,E,2282.75927734375
5588,5590,745A6403,7955,0.023097513243556023,3.6656415462493896,25.195465087890625,1827.6146240234375,E,2360.6708984375
5588,5610,745A6403,7956,1.263320803642273,69.5392837524414,15.982453346252441,13951.052734375,E,2349.4189453125
5589,5603,745A6403,7957,0.09341835975646973,16.625642776489258,26.718883514404297,9321.9111328125,E,2122.885498046875
5590,5628,745A6403,7958,3.7364068031311035,44.06399917602539,9.544818878173828,3152.892578125,E,2382.16162109375
5591,5614,745A6403,7959,0.41064533591270447,28.511999130249023,13.225321769714355,3916.78759765625,E,2331.36572265625
5592,5619,745A6403,7960,0.1292867809534073,34.32492446899414,32.52480697631836,28518.646484375,E,2144.13818359375
5593,5598,745A6403,7961,0.15609405934810638,46.840206146240234,27.482250213623047,27785.181640625,E,2135.02001953125
5593,5638,745A6403,7962,0.17880629003047943,53.54256057739258,23.232072830200195,22696.814453125,E,2160.72216796875
5594,5622,745A6403,7963,0.15237507224082947,33.88020324707031,29.8607234954834,23726.65625,E,2213.216796875
5595,5596,745A6403,7964,0.029759112745523453,6.257641315460205,29.0018253326416,4133.81689453125,E,2127.354248046875
5595,5602,745A6403,7965,0.024757828563451767,8.849641799926758,28.933794021606445,5818.705078125,E,2130.487060546875
5596,5602,745A6403,7966,0.029947062954306602,6.257641315460205,28.926992416381836,4112.51123046875,E,2131.566162109375
5597,5603,745A6403,7967,0.17698249220848083,30.659282684326172,20.269498825073242,9893.224609375,E,2129.56640625
5597,5604,745A6403,7968,0.06197763979434967,10.99692440032959,21.70204734802246,4067.827392578125,E,2129.44384765625
5598,5609,745A6403,7969,0.04801265895366669,13.588926315307617,33.63477325439453,12074.0244140625,E,2143.528564453125
5599,5613,745A6403,7970,0.026137083768844604,28.251487731933594,23.685165405273438,12447.5546875,E,2159.728759765625
5599,5634,745A6403,7971,0.587009847164154,96.45661163330078,25.809663772583008,50464.5703125,E,2183.33984375
5600,5606,745A6403,7972,0.03188798204064369,12.51528263092041,28.022172927856445,7718.5224609375,E,2344.49853515625
5600,5610,745A6403,7973,0.11802004277706146,21.364927291870117,26.914960861206055,12155.6669921875,E,2351.475341796875
5601,5632,745A6403,7974,0.2847736179828644,76.16532897949219,29.526025772094727,52150.34765625,E,2194.27978515625
5601,5657,745A6403,7975,0.2818780839443207,68.02092742919922,31.14560317993164,51823.40234375,E,2205.683837890625
5602,5617,745A6403,7976,0.08342258632183075,17.699283599853516,29.1796817779541,11836.046875,E,2142.1474609375
5603,5620,745A6403,7977,0.08422238379716873,19.217641830444336,30.20853614807129,13773.6591796875,E,2139.7333984375
5604,5608,745A6403,7978,0.22791418433189392,29.58563995361328,17.30721092224121,6960.2529296875,E,2133.8291015625
5604,5623,745A6403,7979,0.3295937776565552,39.5089225769043,17.406991958618164,9402.265625,E,2145.554931640625
5605,5611,745A6403,7980,0.025213681161403656,7.331283092498779,34.08377456665039,6689.0625,E,2247.544921875
5606,5636,745A6403,7981,0.20186209678649902,40.76676940917969,28.804014205932617,26564.537109375,E,2353.913330078125
5607,5647,745A6403,7982,3.192641258239746,76.87055969238281,11.606764793395996,8133.4033203125,E,2517.3798828125
5608,5623,745A6403,7983,0.08615855872631073,18.772924423217773,29.517894744873047,12846.7294921875,E,2144.212890625
5609,5638,745A6403,7984,0.4183977246284485,59.984413146972656,23.446372985839844,25898.798828125,E,2165.591552734375
5609,5642,745A6403,7985,0.2631339132785797,73.57333374023438,33.44768142700195,64646.10546875,E,2163.595703125
5610,5628,745A6403,7986,0.32154905796051025,61.50277328491211,28.06007957458496,38033.15625,E,2382.589111328125
5611,5618,745A6403,7987,0.17075005173683167,54.6161994934082,29.966901779174805,38520.77734375,E,2241.741455078125
5611,5643,745A6403,7988,0.13525401055812836,33.25128173828125,31.52788543701172,25959.0,E,2263.383544921875
5612,5614,745A6403,7989,0.09821675717830658,29.58563995361328,28.239023208618164,18529.77734375,E,2348.420166015625
5612,5659,745A6403,7990,0.27322033047676086,61.94748306274414,30.236597061157227,44481.49609375,E,2377.541015625
5613,5650,745A6403,7991,0.3407445549964905,55.874053955078125,25.98462677001953,29630.091796875,E,2191.841796875
5614,5626,745A6403,7992,0.12461276352405548,23.512208938598633,27.450708389282227,13915.2314453125,E,2346.426025390625
5615,5629,745A6403,7993,0.16500207781791687,40.137847900390625,31.264360427856445,30813.642578125,E,2268.19873046875
5615,5652,745A6403,7994,0.19595345854759216,45.137638092041016,25.68293571472168,23383.95703125,E,2276.81640625
5616,5622,745A6403,7995,0.3373015820980072,43.61928176879883,19.491024017333984,13014.8056640625,E,2232.060791015625
5616,5656,745A6403,7996,0.3714056611061096,57.837127685546875,24.952592849731445,28283.162109375,E,2262.436767578125
5617,5633,745A6403,7997,0.16001059114933014,38.61948776245117,31.01765251159668,29181.947265625,E,2159.453857421875
5617,5671,745A6403,7998,0.6401470899581909,70.61292266845703,17.757495880126953,17487.89453125,E,2183.8544921875
5617,5673,745A6403,7999,0.6328790187835693,99.12491607666016,24.371355056762695,46241.515625,E,2174.408447265625
5618,5621,745A6403,8000,0.024579036980867386,6.257641315460205,31.91357421875,5005.5458984375,E,2241.94970703125
5618,5643,745A6403,8001,0.14539393782615662,56.76348876953125,25.9378604888916,29993.505859375,E,2262.91455078125
5619,5644,745A6403,8002,1.3006671667099,64.09477233886719,17.097551345825195,14715.6796875,E,2171.548828125
5619,5689,745A6403,8003,0.6902040839195251,119.52413177490234,26.947994232177734,68170.796875,E,2209.5498046875
5620,5664,745A6403,8004,0.41994866728782654,75.98112487792969,25.17068099975586,37808.16015625,E,2180.561279296875
5620,5685,745A6403,8005,0.7228856682777405,88.94113159179688,18.728452682495117,24501.70703125,E,2189.111083984375
5621,5716,745A6403,8006,0.5592250823974609,130.78158569335938,28.978734970092773,86257.1953125,E,2300.715576171875
5622,5663,745A6403,8007,0.281293123960495,61.50277328491211,29.686031341552734,42568.55078125,E,2256.54638671875
5623,5664,745A6403,8008,0.24083687365055084,62.576412200927734,32.1944465637207,50940.4140625,E,2177.60546875
5624,5630,745A6403,8009,0.07146640121936798,13.588926315307617,24.822994232177734,6576.326171875,E,2307.33984375
5624,5635,745A6403,8010,0.08765311539173126,30.214563369750977,25.753320693969727,15738.8388671875,E,2314.463623046875
5625,5648,745A6403,8011,0.113136425614357,30.659282684326172,32.9493522644043,26142.41015625,E,2224.679931640625
5626,5659,745A6403,8012,2.9479401111602783,69.5392837524414,12.220399856567383,8156.2568359375,E,2376.703857421875
5626,5708,745A6403,8013,7.061293125152588,152.406982421875,11.158273696899414,14903.517578125,E,2368.303466796875
5627,5637,745A6403,8014,0.31410491466522217,60.24491882324219,25.033985137939453,29653.11328125,E,2166.4033203125
5627,5642,745A6403,8015,0.18755954504013062,48.35856628417969,32.14714431762695,39250.76171875,E,2167.906005859375
5628,5646,745A6403,8016,0.20602333545684814,50.061126708984375,31.170028686523438,38200.13671875,E,2420.53857421875
5629,5712,745A6403,8017,0.5690406560897827,145.9967803955078,32.03943634033203,117707.171875,E,2345.6572265625
5630,5679,745A6403,8018,0.31680387258529663,66.05784606933594,25.457788467407227,33624.484375,E,2333.588623046875
5631,5647,745A6403,8019,0.2782089114189148,64.53948974609375,30.508577346801758,47180.15234375,E,2558.39892578125
5632,5702,745A6403,8020,0.7632744312286377,125.33706665039062,27.728403091430664,75686.6171875,E,2270.103759765625
5632,5709,745A6403,8021,3.165196418762207,164.109130859375,19.998458862304688,51548.45703125,E,2285.5087890625
5633,5644,745A6403,8022,0.05635916441679001,13.588926315307617,31.046850204467773,10287.5068359375,E,2175.681396484375
5634,5645,745A6403,8023,0.1422002613544464,28.69620704650879,28.589557647705078,18421.681640625,E,2212.78369140625
5635,5658,745A6403,8024,0.06805592775344849,33.25128173828125,31.278940200805664,25550.671875,E,2340.81201171875
5636,5639,745A6403,8025,0.1017051562666893,26.993640899658203,32.56605529785156,22484.419921875,E,2358.593017578125
5636,5680,745A6403,8026,0.9315837025642395,166.1800994873047,25.743379592895508,86496.8046875,E,2426.564697265625
5637,5674,745A6403,8027,0.2247069627046585,54.6161994934082,31.182575225830078,41709.53125,E,2192.810302734375
5638,5684,745A6403,8028,0.2529292106628418,63.91056442260742,31.787717819213867,50720.23046875,E,2213.83935546875
5639,5658,745A6403,8029,0.3247990608215332,81.34933471679688,31.701919555664062,64211.82421875,E,2359.63818359375
5640,5641,745A6403,8030,0.012644949369132519,2.5920000076293945,28.634456634521484,1669.1785888671875,E,2505.4619140625
5640,5662,745A6403,8031,1.6270476579666138,56.31876754760742,17.247055053710938,13157.4853515625,E,2524.810546875
5641,5662,745A6403,8032,1.1069101095199585,50.95056915283203,14.692082405090332,8637.849609375,E,2522.207763671875
5642,5704,745A6403,8033,0.46691256761550903,118.45047760009766,30.21526527404785,84933.6015625,E,2219.0693359375
5643,5667,745A6403,8034,0.3345649838447571,81.34933471679688,31.288440704345703,62547.75390625,E,2307.628662109375
5644,5714,745A6403,8035,0.5163809657096863,113.45069122314453,29.75457763671875,78886.8515625,E,2226.63818359375
5645,5648,745A6403,8036,0.11433162540197372,44.692928314208984,30.581518173217773,32828.1796875,E,2232.255615234375
5645,5661,745A6403,8037,0.27347108721733093,56.76348876953125,20.567161560058594,18858.5234375,E,2227.949951171875
5646,5651,745A6403,8038,0.1038547083735466,23.956924438476562,30.373796463012695,17358.775390625,E,2446.66748046875
5646,5680,745A6403,8039,0.4174817204475403,42.54563903808594,14.75195026397705,7271.83154296875,E,2457.402587890625
5647,5655,745A6403,8040,0.2689206600189209,64.98420715332031,31.09039306640625,49334.43359375,E,2540.423828125
5648,5653,745A6403,8041,0.026135478168725967,7.331283092498779,33.48509979248047,6456.14208984375,E,2241.8291015625
5649,5651,745A6403,8042,0.1353701949119568,31.732921600341797,22.555356979370117,12679.4189453125,E,2458.080322265625
5649,5654,745A6403,8043,0.15138299763202667,20.291284561157227,23.218299865722656,8591.3271484375,E,2471.927490234375
5649,5670,745A6403,8044,0.07242239266633987,35.398563385009766,20.83294677734375,12066.376953125,E,2476.517333984375
5650,5661,745A6403,8045,0.2893824577331543,53.54256057739258,23.725305557250977,23670.783203125,E,2221.31396484375
5650,5665,745A6403,8046,0.08191484212875366,16.625642776489258,28.479928970336914,10591.2236328125,E,2222.787353515625
5651,5670,745A6403,8047,0.15014098584651947,28.69620704650879,27.775218963623047,17387.1875,E,2468.425537109375
5652,5668,745A6403,8048,0.14638228714466095,39.6931266784668,24.856157302856445,19260.75,E,2301.705810546875
5652,5696,745A6403,8049,0.29538822174072266,61.947486877441406,26.40869140625,33931.8359375,E,2327.62451171875
5653,5675,745A6403,8050,0.29480278491973877,80.72040557861328,30.102083206176758,57446.8671875,E,2260.5859375
5653,5701,745A6403,8051,0.21864694356918335,59.17127990722656,32.911563873291016,50338.22265625,E,2272.435791015625
5654,5655,745A6403,8052,0.48079705238342285,106.45622253417969,29.872793197631836,74612.671875,E,2504.147705078125
5654,5672,745A6403,8053,0.19447946548461914,49.876922607421875,20.707937240600586,16798.21875,E,2488.704345703125
5655,5681,745A6403,8054,6.284448623657227,214.7991943359375,17.852930068969727,53770.18359375,E,2542.637939453125
5656,5663,745A6403,8055,0.45999377965927124,42.100921630859375,13.365273475646973,5906.59521484375,E,2286.222412109375
5656,5668,745A6403,8056,0.14226487278938293,24.585847854614258,26.36135482788086,13418.7021484375,E,2298.669189453125
5657,5666,745A6403,8057,0.2296343445777893,57.20820617675781,28.261981964111328,35888.34375,E,2237.628662109375
5657,5744,745A6403,8058,0.4590878188610077,110.56655883789062,31.086990356445312,83921.0703125,E,2290.8349609375
5658,5687,745A6403,8059,0.14908857643604279,54.35569381713867,30.601184844970703,39977.109375,E,2364.9150390625
5659,5738,745A6403,8060,1.7821705341339111,109.23241424560547,20.758960723876953,36970.2734375,E,2435.1455078125
5660,5666,745A6403,8061,0.056018710136413574,13.588926315307617,31.128488540649414,10341.6796875,E,2234.766845703125
5661,5720,745A6403,8062,0.4127053916454315,94.67774963378906,27.568727493286133,56515.9765625,E,2273.003173828125
5662,5676,745A6403,8063,0.43677207827568054,18.772924423217773,10.727206230163574,1696.660888671875,E,2545.9462890625
5663,5693,745A6403,8064,0.17452120780944824,39.5089225769043,30.08216667175293,28080.400390625,E,2302.663330078125
5664,5669,745A6403,8065,0.03290806710720062,8.849641799926758,32.792877197265625,7474.37060546875,E,2207.1796875
5665,5686,745A6403,8066,0.16558204591274261,42.28512954711914,26.73025131225586,23729.23046875,E,2240.594482421875
5665,5728,745A6403,8067,0.3711962401866913,89.12533569335938,31.408100128173828,69051.703125,E,2270.37255859375
5666,5713,745A6403,8068,0.40102192759513855,91.71733093261719,27.935636520385742,56215.8046875,E,2266.69189453125
5667,5679,745A6403,8069,0.16766652464866638,49.43220901489258,34.33889389038086,45779.65625,E,2346.997314453125
5667,5741,745A6403,8070,18.471975326538086,97.79077911376953,13.357132911682129,13702.95703125,E,2372.34130859375
5668,5692,745A6403,8071,0.15987876057624817,31.73292350769043,28.18034553527832,19792.1328125,E,2321.875244140625
5669,5685,745A6403,8072,0.2224198877811432,54.17148971557617,27.306386947631836,31724.08984375,E,2217.848388671875
5669,5770,745A6403,8073,0.58780437707901,141.59426879882812,31.11066246032715,107635.1328125,E,2273.22607421875
5670,5672,745A6403,8074,0.02173861302435398,3.6656415462493896,25.971023559570312,1941.8603515625,E,2483.62109375
5671,5673,745A6403,8075,0.29441794753074646,42.54563903808594,19.340736389160156,12499.451171875,E,2219.111572265625
5671,5740,745A6403,8076,0.5086053013801575,92.60678100585938,28.02712059020996,57133.34375,E,2257.5732421875
5672,5681,745A6403,8077,0.055658094584941864,9.923282623291016,26.726173400878906,5566.96875,E,2487.3603515625
5673,5677,745A6403,8078,0.018933769315481186,3.6656415462493896,27.828285217285156,2229.527099609375,E,2219.473876953125
5674,5695,745A6403,8079,0.3576974868774414,55.2451286315918,18.86649513244629,15444.2314453125,E,2229.0771484375
5674,5704,745A6403,8080,0.12037549912929535,44.87712860107422,29.53700828552246,30750.201171875,E,2236.258056640625
5675,5706,745A6403,8081,0.29141390323638916,79.83097076416016,33.075870513916016,68593.640625,E,2308.958984375
5675,5723,745A6403,8082,1.0572295188903809,55.50564193725586,17.82382583618164,13849.333984375,E,2312.78759765625
5676,5688,745A6403,8083,3.5504019260406494,50.9505615234375,7.6091227531433105,2316.904052734375,E,2563.77783203125
5676,5722,745A6403,8084,0.9674773812294006,55.06092071533203,17.535606384277344,13297.6513671875,E,2575.148681640625
5677,5678,745A6403,8085,0.32594719529151917,26.993640899658203,15.289594650268555,4956.13671875,E,2220.92822265625
5677,5697,745A6403,8086,0.1756243258714676,28.067279815673828,25.487688064575195,14320.2666015625,E,2233.681884765625
5678,5682,745A6403,8087,0.046389222145080566,2.5920000076293945,14.949922561645508,454.990966796875,E,2223.661376953125
5678,5683,745A6403,8088,0.1359243094921112,13.588924407958984,14.776443481445312,2330.315673828125,E,2223.31103515625
5679,5687,745A6403,8089,0.07151991873979568,21.364927291870117,34.56595230102539,20048.798828125,E,2367.494384765625
5680,5690,745A6403,8090,0.05387074500322342,20.920207977294922,28.593637466430664,13433.6708984375,E,2484.8251953125
5681,5691,745A6403,8091,0.10220140218734741,23.512208938598633,30.461101531982422,17134.623046875,E,2493.256591796875
5682,5683,745A6403,8092,0.06102275475859642,3.6656415462493896,15.500977516174316,691.76416015625,E,2226.213623046875
5683,5700,745A6403,8093,0.17142124474048615,22.883283615112305,16.47859001159668,4880.3203125,E,2237.77734375
5684,5686,745A6403,8094,0.28186553716659546,45.137638092041016,18.059446334838867,11562.123046875,E,2246.402587890625
5684,5703,745A6403,8095,0.10642508417367935,26.54892349243164,31.60198974609375,20824.072265625,E,2254.835693359375
5685,5695,745A6403,8096,0.08775673806667328,18.328208923339844,28.852157592773438,11983.0263671875,E,2235.8779296875
5686,5719,745A6403,8097,0.24744826555252075,42.7298469543457,21.648303985595703,15727.8359375,E,2268.765869140625
5687,5694,745A6403,8098,0.04682454094290733,13.588926315307617,34.06745529174805,12386.666015625,E,2379.883544921875
5688,5722,745A6403,8099,1.5205934047698975,56.31876754760742,12.827339172363281,7278.06982421875,E,2592.64892578125
5689,5713,745A6403,8100,0.20253285765647888,41.84041213989258,28.68940544128418,27047.61328125,E,2269.625732421875
5690,5691,745A6403,8101,0.02002335712313652,5.184000015258789,32.17889404296875,4215.9658203125,E,2495.732177734375
5690,5737,745A6403,8102,0.29478803277015686,84.12554168701172,30.2652645111084,60521.08203125,E,2504.479248046875
5691,5753,745A6403,8103,1.2802884578704834,83.31241607666016,14.769237518310547,14273.0166015625,E,2536.73974609375
5692,5696,745A6403,8104,0.3443182408809662,48.803279876708984,16.29439353942871,10176.8955078125,E,2345.9931640625
5692,5809,745A6403,8105,0.9165221452713013,155.88841247558594,26.223283767700195,84193.359375,E,2408.81494140625
5693,5702,745A6403,8106,0.10118662565946579,30.214563369750977,27.56150245666504,18026.5234375,E,2320.497802734375
5693,5754,745A6403,8107,0.32703572511672974,80.09149169921875,31.419994354248047,62099.55078125,E,2358.024169921875
5694,5711,745A6403,8108,0.263015478849411,69.27877044677734,32.45952606201172,57329.0078125,E,2408.369873046875
5694,5733,745A6403,8109,0.2548863887786865,55.2451286315918,25.332834243774414,27845.271484375,E,2404.9951171875
5695,5758,745A6403,8110,0.4627589285373688,81.60984802246094,26.94795799255371,46546.1953125,E,2280.220947265625
5696,5822,745A6403,8111,0.7400729656219482,173.14295959472656,31.068119049072266,131257.65625,E,2435.322021484375
5697,5700,745A6403,8112,0.2607605457305908,29.58563995361328,17.391403198242188,7028.13525390625,E,2248.456298828125
5697,5785,745A6403,8113,0.5181507468223572,115.30585479736328,30.117233276367188,82143.15625,E,2301.345458984375
5698,5703,745A6403,8114,1.1294121742248535,50.95056915283203,13.916102409362793,7749.5087890625,E,2261.177734375
5699,5705,745A6403,8115,0.9743537902832031,42.100929260253906,15.423977851867676,7866.369140625,E,2496.216064453125
5699,5757,745A6403,8116,11.42029857635498,296.51690673828125,23.7105712890625,130925.234375,E,2566.878173828125
5700,5787,745A6403,8117,1.4418628215789795,156.517333984375,20.96540069580078,54032.94921875,E,2314.744140625
5701,5715,745A6403,8118,0.055634886026382446,17.254566192626953,31.23870277404785,13224.5205078125,E,2308.03759765625
5701,5720,745A6403,8119,0.15486587584018707,38.61948776245117,31.645633697509766,30375.537109375,E,2307.287109375
5702,5709,745A6403,8120,0.07204050570726395,15.107283592224121,28.947402954101562,9942.498046875,E,2326.768798828125
5703,5710,745A6403,8121,0.031094051897525787,7.776000022888184,31.624439239501953,6107.8984375,E,2270.1171875
5704,5717,745A6403,8122,0.0473330020904541,12.51528263092041,32.516334533691406,10392.8271484375,E,2259.988037109375
5706,5718,745A6403,8123,0.1202426329255104,23.956924438476562,28.541481018066406,15327.5927734375,E,2346.084716796875
5706,5760,745A6403,8124,0.26286500692367554,69.09455871582031,23.74493408203125,30596.775390625,E,2371.282958984375
5707,5739,745A6403,8125,0.9700316190719604,38.435279846191406,13.406740188598633,5425.83154296875,E,2636.416259765625
5708,5712,745A6403,8126,0.11732049286365509,26.993640899658203,30.361835479736328,19543.7265625,E,2411.726806640625
5708,5738,745A6403,8127,0.3300042152404785,81.34933471679688,31.546960830688477,63585.62890625,E,2445.02978515625
5709,5819,745A6403,8128,2.6275181770324707,200.50503540039062,23.70722007751465,88506.7578125,E,2395.666748046875
5710,5719,745A6403,8129,0.09901872277259827,34.32492446899414,29.450836181640625,23382.705078125,E,2277.887939453125
5710,5779,745A6403,8130,0.39981842041015625,101.01170349121094,31.78917694091797,80171.5234375,E,2316.159423828125
5711,5737,745A6403,8131,0.74372398853302,180.029541015625,31.174619674682617,137415.59375,E,2460.1103515625
5711,5742,745A6403,8132,0.18278570473194122,45.95077133178711,25.61794090270996,23684.876953125,E,2445.67138671875
5712,5781,745A6403,8133,0.43648234009742737,106.82463073730469,29.19911766052246,71532.0625,E,2457.567138671875
5713,5721,745A6403,8134,0.046627603471279144,8.849641799926758,27.568063735961914,5282.361328125,E,2286.539306640625
5714,5725,745A6403,8135,0.29388463497161865,44.87712860107422,21.466659545898438,16242.1640625,E,2278.255615234375
5714,5727,745A6403,8136,0.087735116481781,19.217641830444336,29.524818420410156,13157.2294921875,E,2281.288330078125
5715,5723,745A6403,8137,0.47697651386260986,63.465843200683594,17.158065795898438,14674.611328125,E,2321.7890625
5715,5743,745A6403,8138,0.22460536658763885,39.95363998413086,26.888174057006836,22686.568359375,E,2334.535400390625
5716,5718,745A6403,8139,0.29046714305877686,39.95363998413086,19.168554306030273,11529.884765625,E,2356.162353515625
5716,5730,745A6403,8140,0.09603952616453171,25.030563354492188,32.290016174316406,20497.318359375,E,2373.2998046875
5717,5756,745A6403,8141,0.6682036519050598,92.79097747802734,22.127107620239258,35681.65234375,E,2282.923828125
5717,5764,745A6403,8142,0.2914370894432068,69.7234878540039,30.99787139892578,52617.8046875,E,2296.43603515625
5718,5736,745A6403,8143,0.7661644220352173,59.35548782348633,14.245794296264648,9460.71875,E,2375.653564453125
5719,5767,745A6403,8144,0.31423306465148926,78.75733184814453,31.82539176940918,62651.05859375,E,2320.456298828125
5720,5732,745A6403,8145,0.07933034002780914,21.364927291870117,32.81584167480469,18070.009765625,E,2319.972412109375
5721,5745,745A6403,8146,0.4219089150428772,60.61333084106445,24.1755313873291,27823.392578125,E,2311.889404296875
5721,5750,745A6403,8147,0.2917913794517517,44.692928314208984,15.831900596618652,8798.2197265625,E,2310.564453125
5722,5726,745A6403,8148,0.05754508078098297,10.99692440032959,27.613985061645508,6585.962890625,E,2602.54150390625
5723,5760,745A6403,8149,0.3444368243217468,85.19918060302734,31.58283805847168,66746.359375,E,2372.4765625
5724,5739,745A6403,8150,0.16843265295028687,38.61948776245117,30.35826873779297,27954.4140625,E,2654.319091796875
5725,5729,745A6403,8151,0.17972181737422943,38.435279846191406,15.335659980773926,7099.4521484375,E,2292.511962890625
5725,5750,745A6403,8152,0.3401258885860443,55.4293327331543,25.706302642822266,28767.94140625,E,2311.361572265625
5726,5731,745A6403,8153,2.8174774646759033,35.398563385009766,10.932662963867188,3322.977783203125,E,2616.89013671875
5726,5805,745A6403,8154,1.2488892078399658,129.96839904785156,24.26987648010254,60126.06640625,E,2662.35009765625
5727,5729,745A6403,8155,0.018878348171710968,3.6656415462493896,27.869102478027344,2236.072509765625,E,2291.701416015625
5727,5740,745A6403,8156,11.653792381286621,77.94419860839844,7.751054763793945,3677.86083984375,E,2294.8857421875
5728,5735,745A6403,8157,0.19884167611598969,66.5025634765625,26.27324104309082,36054.17578125,E,2317.146728515625
5728,5747,745A6403,8158,0.093392513692379,26.993640899658203,33.97060012817383,24465.708984375,E,2323.063720703125
5729,5828,745A6403,8159,0.5773097276687622,139.89169311523438,31.17135238647461,106756.1953125,E,2357.8515625
5730,5736,745A6403,8160,0.038021259009838104,9.923283576965332,32.29795455932617,8130.08935546875,E,2387.360595703125
5730,5741,745A6403,8161,0.11603812873363495,39.064205169677734,29.532474517822266,26758.91796875,E,2393.613525390625
5732,5735,745A6403,8162,0.04538364335894585,12.51528263092041,33.21025466918945,10841.1396484375,E,2329.200927734375
5732,5746,745A6403,8163,0.12509088218212128,28.251487731933594,24.7974796295166,13644.1435546875,E,2339.81201171875
5733,5748,745A6403,8164,0.14290127158164978,28.251487731933594,28.36913299560547,17857.609375,E,2426.525390625
5733,5751,745A6403,8165,0.04841657727956772,29.14092445373535,14.633575439453125,4901.10595703125,E,2433.9609375
5734,5757,745A6403,8166,1.3840646743774414,30.659282684326172,9.802367210388184,2313.736083984375,E,2511.93408203125
5735,5793,745A6403,8167,0.46452808380126953,103.97212982177734,30.254453659057617,74745.5703125,E,2362.87744140625
5736,5772,745A6403,8168,0.13193170726299286,47.72964096069336,30.04951286315918,33849.55078125,E,2412.097900390625
5737,5752,745A6403,8169,0.11202550679445267,29.325130462646484,32.37391662597656,24139.056640625,E,2529.58447265625
5738,5749,745A6403,8170,0.1437404751777649,38.61948776245117,32.79170608520508,32615.529296875,E,2486.467041015625
5739,5775,745A6403,8171,0.2922059893608093,86.71753692626953,30.876707077026367,64932.0,E,2656.444091796875
5740,5829,745A6403,8172,0.6942988634109497,142.85211181640625,29.11863899230957,95130.265625,E,2360.63916015625
5741,5759,745A6403,8173,0.10103505849838257,43.358768463134766,30.56060028076172,31804.6484375,E,2423.564453125
5742,5765,745A6403,8174,0.4584229290485382,46.8402099609375,19.381126403808594,13818.685546875,E,2475.29052734375
5742,5796,745A6403,8175,0.48682335019111633,106.1194076538086,29.832868576049805,74177.9296875,E,2512.4755859375
5743,5746,745A6403,8176,0.22794795036315918,32.17763900756836,19.006298065185547,9129.3349609375,E,2350.93115234375
5743,5788,745A6403,8177,0.25670310854911804,66.686767578125,32.28419876098633,54589.55859375,E,2385.0166015625
5744,5755,745A6403,8178,0.4585195779800415,58.726558685302734,21.919750213623047,22161.3203125,E,2341.951171875
5744,5769,745A6403,8179,0.14529307186603546,36.91692352294922,31.87226676940918,29453.796875,E,2360.7041015625
5745,5755,745A6403,8180,0.13363905251026154,22.438568115234375,25.879179000854492,11802.826171875,E,2337.51025390625
5745,5777,745A6403,8181,0.4697728753089905,46.840206146240234,14.574896812438965,7814.83203125,E,2350.6875
5746,5790,745A6403,8182,0.5962547063827515,61.318565368652344,16.240089416503906,12701.6083984375,E,2378.876953125
5747,5768,745A6403,8183,0.2854542136192322,56.76348876953125,20.197189331054688,18186.15234375,E,2350.37646484375
5747,5808,745A6403,8184,0.4762818515300751,110.49027252197266,30.594318389892578,81226.078125,E,2375.6708984375
5748,5751,745A6403,8185,0.13280431926250458,33.88020324707031,25.657228469848633,17516.82421875,E,2443.807373046875
5748,5759,745A6403,8186,0.09963518381118774,26.10420799255371,32.33537292480469,21436.611328125,E,2435.7763671875
5749,5762,745A6403,8187,0.15013541281223297,38.61948776245117,32.078941345214844,31213.06640625,E,2510.557861328125
5749,5806,745A6403,8188,3.5357093811035156,77.94419860839844,13.297354698181152,10824.4091796875,E,2532.98046875
5750,5777,745A6403,8189,0.2710503041744232,55.4293327331543,28.58043670654297,35560.44921875,E,2350.32861328125
5751,5763,745A6403,8190,0.29467734694480896,59.80020523071289,28.48046112060547,38096.6328125,E,2460.0205078125
5752,5753,745A6403,8191,0.4009431004524231,76.42584991455078,24.92970085144043,37304.765625,E,2556.162841796875
5752,5827,745A6403,8192,0.5443595051765442,128.5579833984375,28.811538696289062,83815.0078125,E,2602.473876953125
5753,5774,745A6403,8193,0.46436071395874023,112.89805603027344,31.202478408813477,86328.5703125,E,2610.0751953125
5754,5809,745A6403,8194,0.421917587518692,96.64083099365234,28.698040008544922,62510.79296875,E,2435.90625
5754,5930,745A6403,8195,1.0880744457244873,262.3446044921875,31.148008346557617,199904.5,E,2509.1953125
5755,5769,745A6403,8196,0.7700103521347046,68.20513153076172,16.703676223754883,14946.2080078125,E,2367.047607421875
5756,5779,745A6403,8197,0.44158247113227844,86.53333282470703,25.40976905822754,43880.8203125,E,2342.6630859375
5756,5782,745A6403,8198,0.4708997309207916,43.174560546875,12.449763298034668,5255.814453125,E,2337.343017578125
5757,5762,745A6403,8199,0.04744430258870125,21.36492347717285,31.1039981842041,16233.9296875,E,2524.106201171875
5758,5771,745A6403,8200,0.10405765473842621,32.361846923828125,25.045793533325195,15943.833984375,E,2327.60009765625
5758,5798,745A6403,8201,1.1629137992858887,95.64349365234375,16.964336395263672,21618.17578125,E,2353.445556640625
5759,5794,745A6403,8202,0.2564927339553833,66.8709716796875,32.432552337646484,55244.59375,E,2468.406494140625
5760,5786,745A6403,8203,0.16543301939964294,46.57969284057617,33.57645797729492,41243.5703125,E,2422.5732421875
5761,5762,745A6403,8204,0.010104382410645485,2.5920000076293945,32.032630920410156,2088.86376953125,E,2525.201904296875
5761,5766,745A6403,8205,0.03916911408305168,9.923283576965332,31.854045867919922,7908.14208984375,E,2529.7958984375
5762,5766,745A6403,8206,0.03453948721289635,8.849641799926758,32.002017974853516,7118.2021484375,E,2528.524169921875
5763,5765,745A6403,8207,0.11610350012779236,25.475284576416016,29.512060165405273,17426.412109375,E,2484.402587890625
5763,5795,745A6403,8208,0.3529590368270874,77.68368530273438,24.025745391845703,35218.7109375,E,2492.35546875
5764,5782,745A6403,8209,0.22905723750591278,52.20840835571289,25.8349609375,27368.1796875,E,2341.895751953125
5764,5798,745A6403,8210,0.23238405585289001,48.35856628417969,28.985952377319336,31910.853515625,E,2349.75634765625
5765,5817,745A6403,8211,1.0809017419815063,98.60389709472656,17.530790328979492,23800.548828125,E,2533.2724609375
5766,5804,745A6403,8212,0.3433736562728882,68.38933563232422,24.98116683959961,33519.9765625,E,2563.077880859375
5767,5768,745A6403,8213,0.018956780433654785,5.184000015258789,33.07011032104492,4452.72802734375,E,2354.818115234375
5767,5778,745A6403,8214,0.10528060793876648,23.512208938598633,25.56623649597168,12070.267578125,E,2359.910400390625
5768,5789,745A6403,8215,0.1320379227399826,32.80656814575195,31.602331161499023,25732.912109375,E,2370.244140625
5769,5797,745A6403,8216,0.13571225106716156,35.84328079223633,32.53703689575195,29802.56640625,E,2393.9794921875
5770,5773,745A6403,8217,0.03446102887392044,8.849641799926758,32.047935485839844,7138.6435546875,E,2336.1025390625
5770,5787,745A6403,8218,0.0714760422706604,25.030563354492188,28.33852195739746,15787.5556640625,E,2345.77099609375
5771,5773,745A6403,8219,0.03304147347807884,14.033641815185547,30.660091400146484,10361.130859375,E,2335.98681640625
5771,5776,745A6403,8220,0.028162285685539246,6.257641315460205,29.818204879760742,4369.8203125,E,2338.21484375
5772,5786,745A6403,8221,0.09038569033145905,38.61948776245117,30.550031661987305,28308.6875,E,2440.149658203125
5772,5840,745A6403,8222,0.470166951417923,110.04554748535156,30.80579376220703,82021.3984375,E,2484.012451171875
5773,5776,745A6403,8223,0.04655325040221214,11.441641807556152,31.2713565826416,8787.62890625,E,2340.203857421875
5774,5775,745A6403,8224,0.13687562942504883,35.84328079223633,32.36063766479492,29480.291015625,E,2651.23583984375
5774,5820,745A6403,8225,3.505006790161133,62.836917877197266,15.724695205688477,12203.0732421875,E,2670.775390625
5775,5825,745A6403,8226,0.5294339656829834,133.5577850341797,31.785097122192383,105975.671875,E,2714.54150390625
5776,5882,745A6403,8227,0.849976122379303,152.775390625,26.155174255371094,82084.0078125,E,2404.84912109375
5777,5811,745A6403,8228,0.23680345714092255,54.35569381713867,30.286420822143555,39158.9296875,E,2392.870361328125
5778,5784,745A6403,8229,0.0641913190484047,16.180925369262695,19.749544143676758,4956.86865234375,E,2366.467041015625
5778,5801,745A6403,8230,0.2908188998699188,32.80656433105469,17.213911056518555,7635.01220703125,E,2379.791748046875
5779,5783,745A6403,8231,0.019915897399187088,5.184000015258789,32.267337799072266,4239.1728515625,E,2360.691650390625
5780,5803,745A6403,8232,1.1063159704208374,31.73292350769043,15.914267539978027,6312.09130859375,E,2705.13916015625
5781,5791,745A6403,8233,7.153313636779785,45.76656723022461,10.745574951171875,4150.47265625,E,2504.01513671875
5781,5814,745A6403,8234,0.17048843204975128,42.7298469543457,31.6536922454834,33625.59375,E,2527.99462890625
5782,5802,745A6403,8235,0.1717671900987625,39.6931266784668,30.48700714111328,28975.75390625,E,2371.7470703125
5783,5784,745A6403,8236,1.0820080041885376,69.09455871582031,17.517139434814453,16651.759765625,E,2369.3486328125
5783,5799,745A6403,8237,0.08042146265506744,21.36492347717285,32.58113098144531,17812.4453125,E,2371.90478515625
5784,5807,745A6403,8238,0.3113478124141693,32.17763900756836,15.814407348632812,6320.4775390625,E,2386.487548828125
5785,5859,745A6403,8239,0.686276376247406,136.96292114257812,27.16724395751953,79393.3359375,E,2401.16650390625
5785,5907,745A6403,8240,0.6040624976158142,167.1458282470703,31.32084846496582,128781.1953125,E,2436.27685546875
5786,5839,745A6403,8241,0.37390241026878357,98.78811645507812,32.595245361328125,82433.3828125,E,2469.548095703125
5787,5871,745A6403,8242,0.5034418702125549,108.15878295898438,29.861635208129883,75749.3359375,E,2405.4013671875
5788,5790,745A6403,8243,0.3113362193107605,45.137638092041016,21.713953018188477,16715.00390625,E,2410.322265625
5788,5813,745A6403,8244,0.12008273601531982,32.80656433105469,33.04289627075195,28132.404296875,E,2429.921875
5789,5792,745A6403,8245,0.014746551401913166,3.6656415462493896,31.5325984954834,2862.591552734375,E,2386.389892578125
5789,5801,745A6403,8246,0.08171804249286652,28.69620704650879,29.46541404724121,19567.6875,E,2391.44287109375
5790,5800,745A6403,8247,0.06401848047971725,11.441641807556152,26.707805633544922,6409.9501953125,E,2412.670166015625
5792,5793,745A6403,8248,0.12710312008857727,29.14092445373535,30.369260787963867,21108.708984375,E,2388.44189453125
5792,5812,745A6403,8249,0.07215732336044312,39.5089225769043,22.25140380859375,15363.84375,E,2403.376708984375
5793,5812,745A6403,8250,0.07684703171253204,24.401639938354492,29.39252281188965,16557.037109375,E,2405.55322265625
5794,5795,745A6403,8251,0.047346241772174835,12.51528263092041,32.49592208862305,10379.783203125,E,2500.51708984375
5794,5824,745A6403,8252,0.13128642737865448,45.95077133178711,30.238637924194336,32999.484375,E,2511.965087890625
5795,5815,745A6403,8253,0.15973016619682312,36.027488708496094,30.183874130249023,25779.462890625,E,2515.7890625
5796,5817,745A6403,8254,0.17505477368831635,39.6931266784668,25.57303810119629,20387.775390625,E,2566.79541015625
5796,5848,745A6403,8255,0.38025349378585815,99.41703796386719,32.33842086791992,81656.0390625,E,2604.01708984375
5797,5810,745A6403,8256,0.07680007815361023,20.920207977294922,32.98749923706055,17879.470703125,E,2416.763671875
5797,5819,745A6403,8257,0.11195337027311325,39.248409271240234,29.749324798583984,27281.369140625,E,2426.74072265625
5798,5879,745A6403,8258,0.41044941544532776,102.34585571289062,31.5970516204834,80251.515625,E,2420.00341796875
5799,5802,745A6403,8259,0.2170015573501587,52.46892166137695,21.03760528564453,18238.310546875,E,2379.339111328125
5799,5830,745A6403,8260,0.17293278872966766,45.76656723022461,32.5578727722168,38102.21875,E,2401.09619140625
5800,5808,745A6403,8261,0.17614750564098358,46.840206146240234,26.502595901489258,25839.583984375,E,2420.666259765625
5800,5834,745A6403,8262,0.24071860313415527,57.20820617675781,21.270357131958008,20328.146484375,E,2441.906982421875
5801,5807,745A6403,8263,0.11462624371051788,25.03056526184082,29.55741310119629,17174.8671875,E,2399.8740234375
5802,5833,745A6403,8264,0.1991061270236969,60.42912673950195,29.81683921813965,42194.84375,E,2407.0732421875
5803,5805,745A6403,8265,0.022101856768131256,3.6656415462493896,25.756723403930664,1909.946044921875,E,2717.490478515625
5803,5816,745A6403,8266,3.1308441162109375,52.65312957763672,8.436392784118652,2943.25341796875,E,2723.747802734375
5805,5821,745A6403,8267,0.3544037640094757,32.80656433105469,16.641353607177734,7135.55810546875,E,2731.2900390625
5806,5814,745A6403,8268,0.6936980485916138,59.17127990722656,22.09263038635254,22682.748046875,E,2555.132080078125
5806,5818,745A6403,8269,0.05039571598172188,12.51528263092041,31.512187957763672,9760.8505859375,E,2568.823974609375
5807,5844,745A6403,8270,0.9482239484786987,84.38605499267578,22.650938034057617,34004.23046875,E,2418.666748046875
5808,5860,745A6403,8271,0.26309674978256226,71.24185180664062,32.907875061035156,60593.3203125,E,2454.7587890625
5809,5823,745A6403,8272,0.08883365243673325,24.585847854614258,33.26995086669922,21373.685546875,E,2489.423828125
5810,5811,745A6403,8273,0.2922322750091553,46.211280822753906,23.63414192199707,20272.98046875,E,2417.097412109375
5810,5852,745A6403,8274,0.28252357244491577,60.873844146728516,21.76837730407715,22655.451171875,E,2449.186767578125
5811,5826,745A6403,8275,0.09373834729194641,21.809640884399414,30.51439094543457,15949.52734375,E,2426.177001953125
5812,5845,745A6403,8276,0.207623690366745,53.726768493652344,32.161888122558594,43647.93359375,E,2434.238525390625
5813,5834,745A6403,8277,0.23247817158699036,58.4660530090332,27.890972137451172,35720.78125,E,2453.180419921875
5813,5842,745A6403,8278,0.19860850274562836,49.43220520019531,31.56888198852539,38691.73828125,E,2465.93310546875
5814,5838,745A6403,8279,0.1710846722126007,40.58256530761719,30.852283477783203,30339.193359375,E,2565.982177734375
5815,5831,745A6403,8280,0.24512210488319397,48.54277038574219,28.094881057739258,30093.232421875,E,2547.890625
5815,5835,745A6403,8281,0.35086244344711304,42.100921630859375,16.073898315429688,8543.265625,E,2545.19482421875
5816,5821,745A6403,8282,1.0757672786712646,21.36492347717285,6.980031490325928,817.5343017578125,E,2744.3251953125
5816,5837,745A6403,8283,2.389427661895752,42.7298469543457,7.354823589324951,1815.372314453125,E,2762.78759765625
5817,5836,745A6403,8284,0.21231192350387573,42.28512954711914,28.146089553833008,26309.56640625,E,2582.420166015625
5819,5949,745A6403,8285,1.0007694959640503,247.084716796875,31.418956756591797,191566.375,E,2552.802490234375
5820,5827,745A6403,8286,0.4526864290237427,95.64350128173828,29.320215225219727,64577.265625,E,2675.36083984375
5820,5854,745A6403,8287,0.7009468078613281,88.31221008300781,21.98475456237793,33523.84765625,E,2720.326171875
5821,5837,745A6403,8288,2.3157193660736084,51.57948303222656,9.866833686828613,3943.869140625,E,2765.8125
5822,5823,745A6403,8289,0.1516728699207306,48.803279876708984,30.889699935913086,36573.48046875,E,2505.488525390625
5822,5832,745A6403,8290,0.1919121891260147,45.76656723022461,30.86749267578125,34248.453125,E,2525.3544921875
5823,5941,745A6403,8291,0.8585946559906006,210.4282989501953,30.13973045349121,150131.828125,E,2596.5625
5824,5835,745A6403,8292,0.3314671218395233,50.5058479309082,22.25067138671875,19638.927734375,E,2540.98291015625
5824,5846,745A6403,8293,0.21045255661010742,44.432411193847656,29.217586517333984,29790.54296875,E,2533.2587890625
5826,5852,745A6403,8294,0.23715370893478394,45.95077133178711,23.882768630981445,20585.0546875,E,2454.189208984375
5826,5853,745A6403,8295,0.22822777926921844,43.358768463134766,27.75101661682129,26225.55078125,E,2448.76123046875
5827,5841,745A6403,8296,0.07886888086795807,18.144001007080078,30.366708755493164,13140.697265625,E,2670.2548828125
5828,5829,745A6403,8297,6.255578994750977,45.137638092041016,9.310111045837402,3072.829345703125,E,2420.055419921875
5828,5876,745A6403,8298,0.2677241861820221,66.24205017089844,31.456525802612305,51480.78125,E,2450.89453125
5829,5859,745A6403,8299,0.4300846457481384,54.17148971557617,18.65109634399414,14800.26171875,E,2440.81982421875
5830,5833,745A6403,8300,0.03194829449057579,8.849641799926758,33.29290771484375,7704.04931640625,E,2422.256591796875
5830,5844,745A6403,8301,0.0824957937002182,33.435489654541016,31.16814613342285,25510.53125,E,2431.7392578125
5831,5836,745A6403,8302,0.3508738577365875,49.87691879272461,20.64965057373047,16703.78515625,E,2575.8603515625
5831,5870,745A6403,8303,0.3365975022315979,41.47200012207031,15.05536937713623,7382.912109375,E,2584.33056640625
5832,5838,745A6403,8304,6.518400192260742,136.67076110839844,10.993890762329102,12973.8330078125,E,2559.942138671875
5832,5858,745A6403,8305,0.44910889863967896,41.21148681640625,20.64707374572754,13798.2880859375,E,2554.849609375
5833,5909,745A6403,8306,0.45016247034072876,129.89212036132812,33.96472930908203,117687.140625,E,2473.83203125
5834,5861,745A6403,8307,0.13029463589191437,33.88020324707031,32.2197151184082,27623.53515625,E,2481.865234375
5835,5872,745A6403,8308,0.4234924912452698,36.288002014160156,15.39326000213623,6753.2705078125,E,2571.29931640625
5836,5862,745A6403,8309,0.11314988136291504,30.659282684326172,25.161935806274414,15245.439453125,E,2600.277099609375
5837,5847,745A6403,8310,0.32256296277046204,9.923283576965332,11.000692367553711,943.159912109375,E,2785.3583984375
5838,5934,745A6403,8311,0.6917983293533325,169.40103149414062,31.320119857788086,130512.6875,E,2662.753662109375
5839,5842,745A6403,8312,0.1323050558567047,39.95363998413086,16.067338943481445,8100.9169921875,E,2490.78173828125
5839,5875,745A6403,8313,0.5431505441665649,59.80020523071289,19.26243782043457,17426.6953125,E,2516.213623046875
5840,5846,745A6403,8314,0.03427864611148834,9.923283576965332,27.124160766601562,5734.00244140625,E,2535.84375
5840,5850,745A6403,8315,0.027170643210411072,11.441641807556152,27.661605834960938,6875.95458984375,E,2537.9619140625
5841,5843,745A6403,8316,0.3328569829463959,64.98419952392578,25.185256958007812,32373.55859375,E,2666.34619140625
5841,5866,745A6403,8317,0.14667285978794098,34.509132385253906,30.738487243652344,25608.78125,E,2694.705322265625
5842,5875,745A6403,8318,0.16123636066913605,36.91692352294922,30.290538787841797,26602.923828125,E,2505.675537109375
5843,5848,745A6403,8319,0.08541502803564072,35.398563385009766,28.202939987182617,22113.845703125,E,2649.352294921875
5843,5874,745A6403,8320,0.04355006664991379,31.104000091552734,15.429543495178223,5815.837890625,E,2670.206787109375
5844,5877,745A6403,8321,0.18111351132392883,48.098052978515625,32.539459228515625,39997.98046875,E,2461.36279296875
5845,5877,745A6403,8322,0.5702663660049438,89.57005310058594,20.703344345092773,30153.22265625,E,2457.69091796875
5845,5888,745A6403,8323,0.2772698402404785,70.53661346435547,28.856557846069336,46131.0703125,E,2478.71240234375
5846,5850,745A6403,8324,0.0341835580766201,7.331283092498779,29.267148971557617,4932.0869140625,E,2541.80078125
5847,5856,745A6403,8325,0.6669076681137085,13.588926315307617,8.03622055053711,689.2530517578125,E,2792.510986328125
5847,5881,745A6403,8326,2.3085427284240723,64.09477233886719,12.54809856414795,7926.26025390625,E,2818.96875
5848,5851,745A6403,8327,0.009857905097305775,2.5920000076293945,32.43061447143555,2141.091552734375,E,2649.43408203125
5849,5854,745A6403,8328,0.09172459691762924,20.291284561157227,29.71870994567871,14075.3544921875,E,2754.398681640625
5850,5869,745A6403,8329,0.09533905982971191,21.364927291870117,29.943214416503906,15044.8603515625,E,2550.994384765625
5851,5874,745A6403,8330,0.24450957775115967,43.803489685058594,27.492887496948242,26003.951171875,E,2669.085205078125
5851,5890,745A6403,8331,0.158695250749588,53.987281799316406,24.899526596069336,26288.36328125,E,2673.43603515625
5852,5901,745A6403,8332,0.363564670085907,77.49948120117188,29.1534366607666,51733.0625,E,2505.023681640625
5853,5873,745A6403,8333,0.4865371882915497,63.465843200683594,17.6196346282959,15474.75390625,E,2462.222900390625
5853,5883,745A6403,8334,0.23785732686519623,47.4691276550293,28.32958984375,29921.38671875,E,2481.038330078125
5854,5857,745A6403,8335,0.22245675325393677,34.32492446899414,25.08478546142578,16963.6875,E,2749.513427734375
5855,5881,745A6403,8336,4.07498836517334,30.214563369750977,7.202267169952393,1230.962158203125,E,2833.978759765625
5857,5863,745A6403,8337,0.14564187824726105,21.364927291870117,24.315305709838867,9920.892578125,E,2740.352294921875
5857,5880,745A6403,8338,0.14357931911945343,21.809640884399414,19.848188400268555,6748.0791015625,E,2754.148193359375
5859,5897,745A6403,8339,0.29020553827285767,66.24205017089844,30.250511169433594,47609.00390625,E,2483.5771484375
5860,5864,745A6403,8340,0.06338197737932205,26.993640899658203,32.38396453857422,22233.681640625,E,2490.6923828125
5860,5868,745A6403,8341,0.026900380849838257,7.331283092498779,33.0020751953125,6271.22509765625,E,2490.1484375
5861,5865,745A6403,8342,0.013529405929148197,3.6656415462493896,32.920440673828125,3120.118896484375,E,2495.414794921875
5861,5959,745A6403,8343,1.2261998653411865,202.28390502929688,25.544828414916992,103670.984375,E,2586.75830078125
5862,5870,745A6403,8344,0.22583946585655212,47.91384506225586,29.153095245361328,31983.076171875,E,2609.635498046875
5862,5890,745A6403,8345,0.6359730958938599,143.1126251220703,30.156187057495117,102216.4296875,E,2652.36669921875
5863,5867,745A6403,8346,0.42563197016716003,65.42892456054688,22.250595092773438,25441.51171875,E,2723.59130859375
5863,5880,745A6403,8347,0.18095211684703827,27.622568130493164,21.31912612915039,9860.359375,E,2751.0869140625
5864,5865,745A6403,8348,0.027100805193185806,7.331283092498779,32.89322280883789,6229.923828125,E,2495.088623046875
5864,5878,745A6403,8349,0.046268995851278305,14.033641815185547,31.544841766357422,10967.7353515625,E,2501.882568359375
5865,5878,745A6403,8350,0.04513495787978172,14.033641815185547,31.875473022460938,11198.8525390625,E,2502.7109375
5866,5867,745A6403,8351,0.029635868966579437,7.776000022888184,32.389793395996094,6407.11474609375,E,2712.42138671875
5866,5896,745A6403,8352,4.29123067855835,59.35548782348633,12.427498817443848,7199.763671875,E,2726.2509765625
5867,5969,745A6403,8353,559.1785278320312,306.80859375,26.79234504699707,172973.21875,E,2851.961669921875
5868,5889,745A6403,8354,0.1669972836971283,45.32184600830078,27.883018493652344,27674.326171875,E,2510.961181640625
5868,5891,745A6403,8355,0.3224223852157593,91.27262115478516,33.65177917480469,81179.5234375,E,2504.16455078125
5869,5872,745A6403,8356,0.4317900836467743,102.53005981445312,28.89276695251465,67223.2265625,E,2579.94140625
5869,5894,745A6403,8357,0.486043781042099,120.85826873779297,31.545040130615234,94455.75,E,2574.455322265625
5870,5872,745A6403,8358,0.28203073143959045,59.80020523071289,29.135414123535156,39868.96484375,E,2597.645263671875
5871,5887,745A6403,8359,0.12835612893104553,30.659282684326172,30.882896423339844,22966.13671875,E,2468.9365234375
5871,5935,745A6403,8360,0.6103721857070923,149.10975646972656,27.83848762512207,90758.4765625,E,2508.425048828125
5873,5876,745A6403,8361,0.1293467879295349,28.067279815673828,29.530616760253906,19223.623046875,E,2478.211669921875
5873,5883,745A6403,8362,0.16482147574424744,32.80656433105469,28.35382652282715,20714.478515625,E,2487.744384765625
5874,5886,745A6403,8363,0.31972652673721313,38.17477035522461,21.94355583190918,14437.1123046875,E,2701.26220703125
5875,5892,745A6403,8364,0.15794239938259125,41.21148681640625,32.25130081176758,33666.859375,E,2541.208984375
5876,5922,745A6403,8365,0.5699771046638489,80.09148406982422,22.048418045043945,30579.55078125,E,2515.975341796875
5877,5884,745A6403,8366,0.05162569507956505,13.588926315307617,32.459190368652344,11244.7646484375,E,2484.421875
5878,5889,745A6403,8367,0.03235014155507088,28.69620704650879,27.8112735748291,17432.357421875,E,2519.032470703125
5879,5882,745A6403,8368,0.27209311723709106,29.58563995361328,18.077669143676758,7593.740234375,E,2467.570068359375
5879,5899,745A6403,8369,0.22451305389404297,43.174560546875,28.082124710083008,26741.005859375,E,2487.45849609375
5880,5903,745A6403,8370,2.29738712310791,81.97825622558594,12.649420738220215,10302.1962890625,E,2797.782470703125
5881,5900,745A6403,8371,1.2277436256408691,59.35548400878906,13.559810638427734,8571.5224609375,E,2866.083251953125
5882,5899,745A6403,8372,0.27997592091560364,52.024200439453125,18.633827209472656,14187.2890625,E,2491.0361328125
5883,5911,745A6403,8373,0.34848248958587646,50.32164001464844,21.93743896484375,19020.26171875,E,2520.2841796875
5884,5888,745A6403,8374,0.09820803999900818,25.03056526184082,31.88409423828125,19985.208984375,E,2497.02001953125
5884,5912,745A6403,8375,0.36531463265419006,57.20820617675781,19.7930850982666,17602.533203125,E,2512.52880859375
5885,5900,745A6403,8376,0.6566393375396729,29.14092445373535,14.89147663116455,5075.3818359375,E,2881.79052734375
5886,5895,745A6403,8377,0.17160382866859436,37.10112762451172,23.460662841796875,16038.271484375,E,2728.595458984375
5886,5904,745A6403,8378,0.31896743178367615,30.659282684326172,16.04437828063965,6198.658203125,E,2730.77783203125
5887,5918,745A6403,8379,0.6881066560745239,92.16206359863281,24.44495391845703,43253.42578125,E,2497.1123046875
5887,5947,745A6403,8380,0.5583130121231079,125.22913360595703,30.376358032226562,90754.1875,E,2541.55615234375
5888,5893,745A6403,8381,0.08494883030653,19.846567153930664,30.605426788330078,14600.6484375,E,2511.18701171875
5889,5914,745A6403,8382,0.17875322699546814,45.766563415527344,31.99361228942871,36792.9609375,E,2548.967041015625
5890,5902,745A6403,8383,0.12223314493894577,27.17784881591797,29.79099464416504,18944.142578125,E,2709.088134765625
5891,5893,745A6403,8384,0.1044115275144577,53.54256057739258,27.29253578186035,31323.970703125,E,2516.774658203125
5891,5908,745A6403,8385,0.0996406301856041,23.328001022338867,30.65091323852539,17212.90625,E,2532.821044921875
5892,5894,745A6403,8386,0.22924292087554932,56.134559631347656,31.425691604614258,43540.14453125,E,2566.133544921875
5892,5926,745A6403,8387,0.13982036709785461,45.137638092041016,29.913969039916992,31723.18359375,E,2581.1240234375
5893,5913,745A6403,8388,0.23297949135303497,56.31876754760742,31.273719787597656,43261.55078125,E,2532.47216796875
5894,5936,745A6403,8389,0.4830192029476166,120.41355895996094,30.12318229675293,85815.75,E,2624.164306640625
5895,5896,745A6403,8390,0.031418655067682266,5.184000015258789,25.67508888244629,2683.97705078125,E,2745.58447265625
5895,5898,745A6403,8391,0.023572459816932678,3.6656415462493896,24.940349578857422,1790.791259765625,E,2745.155517578125
5896,5919,745A6403,8392,0.33485931158065796,48.098052978515625,24.16070556640625,22051.421875,E,2767.279052734375
5897,5945,745A6403,8393,0.7299791574478149,118.89521026611328,25.80643653869629,62188.5390625,E,2556.7158203125
5897,5951,745A6403,8394,9.524724960327148,244.5690460205078,19.848188400268555,75671.640625,E,2589.760009765625
5898,5906,745A6403,8395,0.23375436663627625,21.36492347717285,19.468063354492188,6359.70166015625,E,2748.48876953125
5898,5924,745A6403,8396,0.5943470597267151,49.43220520019531,16.289655685424805,10302.0498046875,E,2766.923095703125
5899,5925,745A6403,8397,0.10247638821601868,35.84328079223633,26.981292724609375,20493.83203125,E,2523.45166015625
5900,5910,745A6403,8398,0.23471535742282867,18.772924423217773,17.805788040161133,4674.59716796875,E,2900.5673828125
5901,5915,745A6403,8399,0.2891841232776642,47.4691276550293,21.834400177001953,17773.9375,E,2542.4462890625
5901,5970,745A6403,8400,1.0292136669158936,163.40390014648438,26.558422088623047,90522.5625,E,2609.690185546875
5902,5905,745A6403,8401,0.2436583936214447,32.80656433105469,20.802331924438477,11149.9951171875,E,2726.43896484375
5902,5927,745A6403,8402,0.23741228878498077,42.100921630859375,26.754234313964844,23668.2734375,E,2738.54345703125
5904,5905,745A6403,8403,0.4075068235397339,26.993640899658203,13.888629913330078,4089.49951171875,E,2740.460693359375
5904,5906,745A6403,8404,0.04883510246872902,3.6656415462493896,17.327621459960938,864.406005859375,E,2747.1806640625
5905,5921,745A6403,8405,0.31305354833602905,36.47220993041992,14.2730073928833,5835.5654296875,E,2752.504150390625
5906,5921,745A6403,8406,0.20723724365234375,22.883283615112305,16.47722816467285,4879.513671875,E,2757.438232421875
5907,5917,745A6403,8407,0.06268361210823059,17.699283599853516,33.602699279785156,15696.1767578125,E,2524.254638671875
5907,5918,745A6403,8408,0.24236524105072021,63.465843200683594,32.522010803222656,52721.12890625,E,2522.4072265625
5908,5923,745A6403,8409,0.10649653524160385,38.61948776245117,30.607370376586914,28415.048828125,E,2556.750244140625
5908,5962,745A6403,8410,0.5952901840209961,144.73892211914062,31.2153263092041,110767.1484375,E,2594.3212890625
5909,5925,745A6403,8411,0.18865244090557098,48.98748779296875,32.365779876708984,40303.91015625,E,2529.728515625
5909,5938,745A6403,8412,0.1005420982837677,57.837127685546875,31.069984436035156,43850.91796875,E,2549.920166015625
5910,5920,745A6403,8413,1.5132383108139038,26.10420799255371,7.092282772064209,1031.270263671875,E,2909.140380859375
5910,5937,745A6403,8414,7.078732013702393,146.25723266601562,11.604812622070312,15469.7578125,E,2969.95068359375
5911,5915,745A6403,8415,0.34445416927337646,29.14092445373535,15.603025436401367,5571.99658203125,E,2551.08935546875
5911,5922,745A6403,8416,0.3806574046611786,35.398563385009766,15.81052017211914,6949.728515625,E,2547.228759765625
5912,5913,745A6403,8417,0.013371435925364494,3.6656415462493896,33.11433029174805,3156.97998046875,E,2538.650146484375
5912,5938,745A6403,8418,0.44300034642219543,114.15592193603516,32.29365158081055,93502.3671875,E,2552.51123046875
5913,5955,745A6403,8419,0.4137822687625885,102.53005981445312,29.15489959716797,68448.5390625,E,2584.078857421875
5914,5923,745A6403,8420,0.24499930441379547,57.20820617675781,27.09737205505371,32991.53515625,E,2562.76416015625
5914,5933,745A6403,8421,0.1450059860944748,36.91692352294922,31.918916702270508,29540.080078125,E,2584.04296875
5915,5940,745A6403,8422,1.168973684310913,64.53948974609375,12.222539901733398,7572.48388671875,E,2581.317138671875
5916,5917,745A6403,8423,2.2534852027893066,41.02728271484375,9.533479690551758,2928.636962890625,E,2533.2333984375
5917,5951,745A6403,8424,0.32758355140686035,84.20185852050781,32.11722946166992,68216.2265625,E,2570.611328125
5918,5947,745A6403,8425,0.4582863748073578,103.34317779541016,30.467592239379883,75343.875,E,2570.224609375
5919,5924,745A6403,8426,0.16141334176063538,20.291284561157227,19.25971794128418,5911.521484375,E,2787.556396484375
5919,5932,745A6403,8427,0.22106312215328217,39.248409271240234,26.700658798217773,21976.3671875,E,2807.21533203125
5921,5928,745A6403,8428,0.3988240957260132,36.027488708496094,18.939970016479492,10150.3828125,E,2781.91357421875
5922,5940,745A6403,8429,0.41431301832199097,57.39241409301758,23.583656311035156,25070.7109375,E,2578.16943359375
5923,5933,745A6403,8430,0.20135335624217987,59.35548782348633,24.743675231933594,28541.65625,E,2587.910400390625
5924,5928,745A6403,8431,0.6916546821594238,38.435279846191406,10.809354782104492,3527.11376953125,E,2795.847412109375
5925,5931,745A6403,8432,0.08717665076255798,25.03056526184082,33.87968063354492,22565.197265625,E,2550.581787109375
5926,5966,745A6403,8433,0.46041566133499146,102.79055786132812,27.958545684814453,63106.23828125,E,2649.689697265625
5926,5989,745A6403,8434,1.0248055458068848,207.3152618408203,28.67181968688965,133854.09375,E,2681.88818359375
5927,5942,745A6403,8435,0.43213191628456116,76.61004638671875,25.123062133789062,37977.01171875,E,2756.568603515625
5927,5944,745A6403,8436,0.23611733317375183,50.061126708984375,29.159099578857422,33430.1796875,E,2779.5390625
5928,5952,745A6403,8437,2.2197916507720947,55.06092834472656,11.660598754882812,5879.97021484375,E,2822.928466796875
5929,5930,745A6403,8438,1.9174516201019287,35.84328079223633,8.03622055053711,1818.0311279296875,E,2630.4052734375
5930,5950,745A6403,8439,0.3883218765258789,56.76348876953125,24.937284469604492,27724.08984375,E,2653.542724609375
5931,5935,745A6403,8440,0.07659079879522324,21.364927291870117,33.42557144165039,18747.7421875,E,2564.243896484375
5931,5953,745A6403,8441,1.145863652229309,99.30912017822266,19.221616744995117,28817.66796875,E,2599.413330078125
5932,5958,745A6403,8442,13.432147979736328,74.4627685546875,11.60577392578125,7877.2978515625,E,2847.9208984375
5932,5961,745A6403,8443,0.5462338328361511,121.2267074584961,29.840816497802734,84783.15625,E,2874.91455078125
5933,5963,745A6403,8444,0.2994207441806793,77.4994888305664,32.171852111816406,63000.046875,E,2632.542236328125
5935,5965,745A6403,8445,0.3621630370616913,90.38318634033203,31.694416046142578,71308.7890625,E,2602.00732421875
5936,5946,745A6403,8446,0.4224715828895569,86.53333282470703,26.312883377075195,47055.48046875,E,2681.395751953125
5936,5964,745A6403,8447,0.3824518620967865,77.68368530273438,28.910768508911133,50996.33203125,E,2696.8896484375
5938,5939,745A6403,8448,0.00949009507894516,2.5920000076293945,33.0531005859375,2224.07421875,E,2576.548828125
5939,5953,745A6403,8449,0.24371804296970367,51.57948684692383,29.230865478515625,34613.87890625,E,2599.061767578125
5939,5954,745A6403,8450,0.3913160264492035,84.57025909423828,27.060266494750977,48637.546875,E,2604.586669921875
5940,5943,745A6403,8451,0.04777691140770912,7.776000022888184,25.511810302734375,3974.9228515625,E,2604.814697265625
5942,5948,745A6403,8452,0.371258944272995,72.31549072265625,22.889196395874023,29756.529296875,E,2796.327880859375
5942,5957,745A6403,8453,0.49635177850723267,99.49335479736328,28.503599166870117,63486.78515625,E,2771.8203125
5943,5945,745A6403,8454,0.8560744524002075,53.987281799316406,13.086167335510254,7261.1640625,E,2608.0693359375
5943,5983,745A6403,8455,0.6201529502868652,114.96905517578125,27.28451919555664,67220.765625,E,2656.424072265625
5944,5948,745A6403,8456,0.09420846402645111,19.846567153930664,29.060138702392578,13163.4775390625,E,2807.748046875
5944,5952,745A6403,8457,0.3314249515533447,75.53640747070312,27.344772338867188,44360.3359375,E,2825.661865234375
5945,5976,745A6403,8458,0.29883402585983276,78.12841033935547,28.48089599609375,49774.41796875,E,2642.546875
5946,5956,745A6403,8459,0.298827201128006,71.87076568603516,31.216657638549805,55006.62109375,E,2731.548828125
5946,5967,745A6403,8460,1.1480785608291626,54.616207122802734,13.136261940002441,7402.10107421875,E,2732.5087890625
5947,5965,745A6403,8461,0.11951929330825806,48.987483978271484,23.525293350219727,21293.404296875,E,2619.270751953125
5948,5960,745A6403,8462,0.1325906366109848,25.475284576416016,27.72623634338379,15381.2197265625,E,2824.93115234375
5949,5950,745A6403,8463,0.17843158543109894,49.87691879272461,28.431821823120117,31666.412109375,E,2668.14892578125
5949,5979,745A6403,8464,0.28435537219047546,69.27877044677734,31.283432006835938,53249.90625,E,2694.99658203125
5950,5979,745A6403,8465,14.065144538879395,138.3733367919922,17.537994384765625,33427.3671875,E,2716.39453125
5951,5993,745A6403,8466,0.3136846125125885,86.16492462158203,33.152366638183594,74378.8515625,E,2650.457275390625
5952,5958,745A6403,8467,0.1474868506193161,32.80656814575195,29.831809997558594,22930.306640625,E,2858.77978515625
5953,5977,745A6403,8468,0.2033671736717224,49.43220520019531,31.228721618652344,37862.41015625,E,2642.941650390625
5954,5955,745A6403,8469,0.01564076356589794,2.5920000076293945,25.746519088745117,1349.4658203125,E,2627.26220703125
5954,5971,745A6403,8470,0.08287257701158524,34.7696418762207,20.190048217773438,11131.78515625,E,2643.70361328125
5955,5962,745A6403,8471,0.1662251502275467,48.35856628417969,21.70800018310547,17897.935546875,E,2638.41552734375
5956,5957,745A6403,8472,0.34699949622154236,76.42584228515625,29.921709060668945,53740.6484375,E,2762.0546875
5956,5978,745A6403,8473,0.1688607782125473,47.28491973876953,27.71092987060547,28517.71484375,E,2772.24560546875
5957,5968,745A6403,8474,0.978077232837677,106.64041900634766,19.983251571655273,33445.98828125,E,2808.048583984375
5958,5988,745A6403,8475,0.7471024394035339,84.20185852050781,22.83654022216797,34488.33203125,E,2901.535888671875
5959,5963,745A6403,8476,12.13770580291748,121.74769592285156,10.90235710144043,11365.5751953125,E,2678.24462890625
5959,5966,745A6403,8477,0.454394668340683,49.87691879272461,19.059284210205078,14229.9267578125,E,2689.612060546875
5960,5968,745A6403,8478,0.8791203498840332,73.83384704589844,15.93864631652832,14731.5439453125,E,2830.528076171875
5960,5980,745A6403,8479,0.17850139737129211,50.5058479309082,26.9738712310791,28861.447265625,E,2860.285888671875
5961,5969,745A6403,8480,0.3765213191509247,72.31549072265625,25.254261016845703,36223.51171875,E,2948.9521484375
5961,5981,745A6403,8481,0.13474221527576447,45.137638092041016,28.66785430908203,29135.2734375,E,2945.6884765625
5962,5975,745A6403,8482,0.19799520075321198,47.0244140625,30.86180877685547,35176.77734375,E,2659.55810546875
5963,5973,745A6403,8483,0.09167173504829407,23.956924438476562,32.369384765625,19714.68359375,E,2675.42138671875
5964,5967,745A6403,8484,0.13664518296718597,35.398563385009766,25.13678741455078,17566.8984375,E,2741.4833984375
5964,5987,745A6403,8485,0.14627936482429504,49.876922607421875,29.47124481201172,34024.08984375,E,2753.385009765625
5965,6013,745A6403,8486,0.5465692281723022,139.8153839111328,31.997026443481445,112425.3046875,E,2690.5732421875
5966,6025,745A6403,8487,0.5542281270027161,149.00186157226562,32.79324722290039,125849.1953125,E,2765.749755859375
5967,5990,745A6403,8488,0.49497464299201965,64.98420715332031,19.913619995117188,20239.423828125,E,2775.094482421875
5968,5984,745A6403,8489,0.27437514066696167,34.7696418762207,17.419466018676758,8286.283203125,E,2842.777099609375
5969,5986,745A6403,8490,0.15253658592700958,34.32492446899414,25.362821578979492,17341.81640625,E,2989.15087890625
5970,5972,745A6403,8491,0.04925037920475006,6.257641315460205,22.53883171081543,2496.6826171875,E,2684.1796875
5970,5983,745A6403,8492,0.21211068332195282,37.990562438964844,19.93747901916504,11860.5849609375,E,2695.844482421875
5971,5975,745A6403,8493,0.07056053727865219,16.180925369262695,30.30122947692871,11668.46484375,E,2665.355224609375
5971,5977,745A6403,8494,0.30771544575691223,71.68656158447266,26.9229793548584,40810.68359375,E,2663.069091796875
5973,5974,745A6403,8495,0.03198511153459549,8.849641799926758,33.26740264892578,7692.24951171875,E,2685.09716796875
5973,6030,745A6403,8496,0.6320191621780396,158.0356903076172,28.52309226989746,100980.6796875,E,2759.98876953125
5974,6006,745A6403,8497,0.9038244485855103,222.05416870117188,31.447044372558594,172467.984375,E,2708.541748046875
5974,6024,745A6403,8498,0.5902347564697266,141.59425354003906,30.0492000579834,100415.6328125,E,2745.537109375
5975,6006,745A6403,8499,0.5619900226593018,94.30933380126953,21.77104949951172,35107.7734375,E,2705.7431640625
5976,6009,745A6403,8500,0.474166601896286,108.52719116210938,30.497549057006836,79279.03125,E,2718.294189453125
5976,6017,745A6403,8501,0.44790366291999817,105.12206268310547,30.7106990814209,77868.7421875,E,2722.095703125
5977,6008,745A6403,8502,0.33720409870147705,83.12820434570312,31.682048797607422,65533.71875,E,2704.080322265625
5978,5992,745A6403,8503,0.12061033397912979,36.916927337646484,26.738929748535156,20730.197265625,E,2797.915283203125
5978,5994,745A6403,8504,0.03240756690502167,30.659282684326172,25.348533630371094,15472.39453125,E,2806.21044921875
5979,5996,745A6403,8505,0.13418477773666382,34.7696418762207,32.18716049194336,28291.462890625,E,2743.3681640625
5980,5984,745A6403,8506,0.34210115671157837,77.31527709960938,30.090330123901367,54980.55078125,E,2870.6884765625
5980,5991,745A6403,8507,0.4769640266895294,120.48983764648438,31.78340721130371,95596.328125,E,2909.449462890625
5981,5985,745A6403,8508,0.027221590280532837,7.331283092498779,32.80478286743164,6196.46826171875,E,2966.646728515625
5981,5986,745A6403,8509,0.3471614122390747,79.46256256103516,30.310075759887695,57335.8828125,E,2986.9267578125
5982,5986,745A6403,8510,0.5485352873802185,59.35548782348633,19.979490280151367,18608.8515625,E,3018.3935546875
5983,6001,745A6403,8511,0.25451284646987915,56.31876754760742,29.776309967041016,39217.94140625,E,2727.69140625
5984,5995,745A6403,8512,0.4265785813331604,85.2754898071289,25.620920181274414,43964.6484375,E,2850.758544921875
5985,5988,745A6403,8513,0.37995949387550354,89.3858413696289,31.01308822631836,67522.5234375,E,2947.5849609375
5985,6002,745A6403,8514,2.232842445373535,44.06399917602539,12.286487579345703,5224.314453125,E,2987.7353515625
5987,5989,745A6403,8515,0.11230386048555374,30.659282684326172,33.10752868652344,26394.009765625,E,2774.311767578125
5987,5990,745A6403,8516,0.292220801115036,72.76020812988281,31.552249908447266,56891.12109375,E,2792.395263671875
5988,5991,745A6403,8517,0.028471611440181732,7.331283092498779,32.07685089111328,5924.52197265625,E,2938.91552734375
5989,5997,745A6403,8518,0.0539323166012764,15.552000045776367,33.97006607055664,14095.1240234375,E,2780.68017578125
5990,5992,745A6403,8519,0.1126745343208313,26.993640899658203,30.953712463378906,20313.130859375,E,2807.458251953125
5991,6007,745A6403,8520,0.15483427047729492,63.2053337097168,29.554737091064453,43360.8515625,E,2969.475341796875
5992,5994,745A6403,8521,0.10522337257862091,23.956924438476562,30.165164947509766,17121.12890625,E,2818.36083984375
5993,5999,745A6403,8522,0.1276128590106964,32.361846923828125,31.981605529785156,25997.029296875,E,2698.903564453125
5993,6010,745A6403,8523,0.2334003448486328,63.02112579345703,29.03810691833496,41736.17578125,E,2718.719482421875
5994,5995,745A6403,8524,0.39229175448417664,92.42256164550781,30.74013328552246,68592.9375,E,2837.76953125
5995,6003,745A6403,8525,0.16662059724330902,38.17477035522461,30.38456916809082,27680.408203125,E,2869.55517578125
5996,6005,745A6403,8526,0.17054538428783417,45.50605392456055,27.552759170532227,27132.46484375,E,2771.17431640625
5996,6037,745A6403,8527,0.660588800907135,137.48390197753906,28.90195083618164,90197.8203125,E,2821.01171875
5997,6050,745A6403,8528,0.9116793870925903,223.31201171875,31.48200225830078,173830.765625,E,2887.7822265625
5997,6058,745A6403,8529,0.930701494216919,229.72225952148438,30.41740608215332,166931.125,E,2885.92919921875
5998,5999,745A6403,8530,0.18382501602172852,46.211280822753906,25.396156311035156,23408.517578125,E,2707.501953125
5999,6023,745A6403,8531,0.455220103263855,85.01496887207031,27.46965980529785,50383.90625,E,2743.83251953125
6000,6002,745A6403,8532,0.276456743478775,24.401639938354492,13.871623039245605,3687.7666015625,E,3010.774169921875
6001,6004,745A6403,8533,0.060006435960531235,13.588924407958984,30.026378631591797,9622.3447265625,E,2755.73828125
6001,6022,745A6403,8534,2.841965675354004,71.87076568603516,18.593982696533203,19515.830078125,E,2779.95458984375
6002,6012,745A6403,8535,15.194147109985352,44.87712860107422,9.788372039794922,3377.03759765625,E,3012.20458984375
6003,6019,745A6403,8536,0.15727847814559937,34.32492446899414,29.563871383666992,23562.537109375,E,2900.78271484375
6003,6020,745A6403,8537,0.47928178310394287,110.93498992919922,28.79340362548828,72234.4609375,E,2913.6591796875
6004,6009,745A6403,8538,0.9734572768211365,58.2818489074707,17.093839645385742,13375.2666015625,E,2760.236328125
6004,6016,745A6403,8539,0.6790072917938232,61.50277328491211,20.500608444213867,20301.029296875,E,2773.663330078125
6006,6011,745A6403,8540,0.07716848701238632,17.254566192626953,29.8862361907959,12104.2080078125,E,2749.55810546875
6007,6012,745A6403,8541,0.11655031889677048,27.622568130493164,30.83051109313965,20621.26953125,E,3008.4775390625
6007,6014,745A6403,8542,0.06659886986017227,16.180925369262695,31.121009826660156,12308.3720703125,E,3003.44384765625
6008,6011,745A6403,8543,0.3272046744823456,48.803279876708984,17.28680419921875,11454.2939453125,E,2744.878173828125
6008,6021,745A6403,8544,0.2639298737049103,47.28491973876953,22.28031349182129,18435.509765625,E,2759.96728515625
6009,6016,745A6403,8545,0.060847412794828415,15.107283592224121,31.501983642578125,11774.759765625,E,2770.9521484375
6010,6013,745A6403,8546,0.3646945059299469,50.32164001464844,17.209701538085938,11705.537109375,E,2745.472900390625
6010,6033,745A6403,8547,0.26473602652549744,57.65292739868164,25.321748733520508,29033.44921875,E,2773.189453125
6011,6021,745A6403,8548,0.1317121386528015,27.17784881591797,28.752376556396484,17646.251953125,E,2762.477783203125
6012,6032,745A6403,8549,4.919578552246094,70.53661346435547,19.42051887512207,20894.220703125,E,3049.737060546875
6013,6035,745A6403,8550,0.2983733117580414,68.83405303955078,30.4420223236084,50100.2890625,E,2776.227783203125
6015,6019,745A6403,8551,3.35941743850708,80.09149169921875,12.311334609985352,9534.2490234375,E,2902.7490234375
6016,6038,745A6403,8552,10.401348114013672,90.0147705078125,25.281570434570312,45186.81640625,E,2817.810302734375
6018,6031,745A6403,8553,1.3251489400863647,64.09476470947266,14.530326843261719,10628.28515625,E,2822.544677734375
6019,6044,745A6403,8554,0.4315955936908722,96.08820343017578,29.847686767578125,67232.8203125,E,2956.02197265625
6020,6036,745A6403,8555,1.067062258720398,124.3396987915039,25.859699249267578,65305.03125,E,2984.505615234375
6020,6040,745A6403,8556,7.811073303222656,79.64676666259766,15.923805236816406,15861.7734375,E,2984.69482421875
6021,6046,745A6403,8557,0.5707137584686279,121.67141723632812,29.18927001953125,81418.8359375,E,2815.884765625
6023,6028,745A6403,8558,0.08497238904237747,17.254566192626953,28.464380264282227,10979.875,E,2786.689697265625
6023,6041,745A6403,8559,1.2266932725906372,63.46584701538086,19.51823616027832,18989.39453125,E,2808.04638671875
6024,6026,745A6403,8560,0.008547120727598667,2.5920000076293945,34.8287239074707,2469.44873046875,E,2805.559814453125
6024,6027,745A6403,8561,3.7660183906555176,93.680419921875,26.694799423217773,52431.46875,E,2795.51025390625
6025,6031,745A6403,8562,0.18994519114494324,43.80348587036133,30.71622085571289,32458.923828125,E,2837.379638671875
6025,6053,745A6403,8563,0.4408911168575287,116.37950134277344,30.398799896240234,84465.4765625,E,2889.547119140625
6026,6029,745A6403,8564,0.17023521661758423,68.64984893798828,33.804847717285156,61615.13671875,E,2819.05908203125
6026,6048,745A6403,8565,0.4932284653186798,112.63755798339844,28.67207908630371,72726.296875,E,2850.462890625
6029,6030,745A6403,8566,0.008364774286746979,2.5920000076293945,35.206298828125,2523.28125,E,2831.469482421875
6029,6034,745A6403,8567,0.02019435167312622,6.257641315460205,35.206298828125,6091.7392578125,E,2833.69384765625
6030,6039,745A6403,8568,0.23827829957008362,66.24205017089844,33.45758056640625,58238.83984375,E,2848.64794921875
6031,6039,745A6403,8569,0.13081420958042145,48.54277038574219,30.226394653320312,34832.69921875,E,2860.59033203125
6033,6035,745A6403,8570,0.14022141695022583,30.659282684326172,29.644723892211914,21161.509765625,E,2802.470458984375
6033,6041,745A6403,8571,0.32187017798423767,68.38933563232422,29.11779022216797,45540.21875,E,2818.6806640625
6034,6042,745A6403,8572,0.22049276530742645,48.098052978515625,30.445457458496094,35015.66796875,E,2851.7421875
6034,6043,745A6403,8573,0.201775461435318,46.211280822753906,25.82305335998535,24202.1015625,E,2858.111328125
6035,6064,745A6403,8574,0.914702296257019,176.99282836914062,27.46419334411621,104852.609375,E,2883.18505859375
6036,6040,745A6403,8575,4.28411340713501,87.16226196289062,10.863780975341797,8079.42333984375,E,3033.28662109375
6036,6045,745A6403,8576,2.8340179920196533,91.71734619140625,16.25974464416504,19044.466796875,E,3058.05908203125
6039,6054,745A6403,8577,0.36257266998291016,88.68061065673828,31.40732765197754,68703.7578125,E,2901.840576171875
6041,6051,745A6403,8578,4.0139479637146,70.0918960571289,15.499174118041992,13224.3642578125,E,2859.24267578125
6042,6043,745A6403,8579,0.08226700872182846,31.732921600341797,16.279937744140625,6605.49609375,E,2871.212890625
6042,6049,745A6403,8580,0.3744724988937378,54.35569381713867,24.066341400146484,24726.068359375,E,2885.638671875
6043,6056,745A6403,8581,0.41705581545829773,63.46584701538086,21.318269729614258,22653.423828125,E,2907.3095703125
6047,6051,745A6403,8582,0.11687807738780975,7.331283092498779,15.7288818359375,1424.5101318359375,E,2883.00048828125
6048,6049,745A6403,8583,0.49499833583831787,45.137638092041016,13.669228553771973,6623.94482421875,E,2896.3935546875
6048,6065,745A6403,8584,0.6464120745658875,111.11918640136719,24.81789207458496,53753.74609375,E,2933.899169921875
6049,6060,745A6403,8585,0.4752090871334076,64.98420715332031,20.700851440429688,21871.275390625,E,2928.027587890625
6050,6059,745A6403,8586,0.3290242850780487,72.05497741699219,29.910490036010742,50629.1796875,E,3014.27294921875
6050,6089,745A6403,8587,1.0700268745422363,235.7194061279297,29.068355560302734,156432.203125,E,3093.35888671875
6051,6052,745A6403,8588,0.1420924812555313,8.849641799926758,15.659151077270508,1704.323486328125,E,2889.221923828125
6053,6061,745A6403,8589,0.3858913481235504,101.1958999633789,27.11488151550293,58434.3515625,E,2951.684814453125
6053,6068,745A6403,8590,0.3762102425098419,97.16185760498047,32.15281677246094,78890.3203125,E,2986.1953125
6054,6056,745A6403,8591,0.0969146192073822,22.883283615112305,30.76837921142578,17014.431640625,E,2934.629638671875
6054,6061,745A6403,8592,0.16500170528888702,48.54277038574219,29.16850471496582,32437.15625,E,2954.911376953125
6055,6059,745A6403,8593,2.844350814819336,44.248207092285156,8.780145645141602,2679.100341796875,E,3042.053466796875
6056,6057,745A6403,8594,0.03249095380306244,7.331283092498779,30.049509048461914,5199.29736328125,E,2938.08154296875
6057,6060,745A6403,8595,0.3975570499897003,83.31240844726562,29.11795425415039,55478.06640625,E,2947.0947265625
6057,6080,745A6403,8596,0.847335934638977,140.26010131835938,24.77408790588379,67611.3125,E,2994.753662109375
6058,6069,745A6403,8597,0.34780025482177734,77.4994888305664,29.92243766784668,54498.265625,E,3020.482177734375
6058,6070,745A6403,8598,2.0794291496276855,117.56105041503906,23.372766494750977,50439.82421875,E,3031.02587890625
6059,6081,745A6403,8599,0.6629756093025208,152.07015991210938,30.29117202758789,109588.7734375,E,3109.88232421875
6060,6065,745A6403,8600,0.37844768166542053,86.9780502319336,30.331844329833984,62848.82421875,E,2968.50244140625
6061,6062,745A6403,8601,0.06110282242298126,14.033641815185547,30.301225662231445,10120.00390625,E,2982.16259765625
6062,6063,745A6403,8602,0.04959800839424133,10.99692440032959,29.777387619018555,7658.33447265625,E,2991.6376953125
6062,6067,745A6403,8603,0.39012444019317627,49.43220901489258,20.374910354614258,16117.263671875,E,3000.548828125
6063,6071,745A6403,8604,0.5074511170387268,44.24820327758789,21.061277389526367,15415.404296875,E,3014.01904296875
6063,6076,745A6403,8605,0.7624444365501404,76.79425048828125,18.972625732421875,21710.681640625,E,3016.224609375
6065,6074,745A6403,8606,0.4124109148979187,88.23590087890625,29.313796997070312,59549.66796875,E,2994.76904296875
6066,6072,745A6403,8607,7.289004325866699,31.73292350769043,5.2656378746032715,691.0380249023438,E,3150.16357421875
6067,6068,745A6403,8608,0.3478417694568634,53.987281799316406,21.422632217407227,19459.291015625,E,3025.85546875
6067,6071,745A6403,8609,0.20821328461170197,23.512208938598633,18.480756759643555,6306.99951171875,E,3025.47509765625
6068,6069,745A6403,8610,8.69524097442627,104.75364685058594,13.602546691894531,15222.9736328125,E,3041.8271484375
6068,6075,745A6403,8611,0.10547895729541779,29.58563995361328,33.488502502441406,26059.275390625,E,3044.547119140625
6069,6087,745A6403,8612,0.49014365673065186,111.19549560546875,30.666440963745117,82130.3828125,E,3104.006591796875
6071,6077,745A6403,8613,0.17960067093372345,23.328001022338867,18.75337028503418,6443.56298828125,E,3042.53076171875
6072,6073,745A6403,8614,0.11135931313037872,13.588924407958984,22.238134384155273,5278.02783203125,E,3167.53076171875
6072,6079,745A6403,8615,5.957685470581055,164.6617431640625,16.75255584716797,36294.828125,E,3188.83349609375
6073,6079,745A6403,8616,0.10975014418363571,18.328208923339844,25.882583618164062,9643.2890625,E,3172.91845703125
6075,6085,745A6403,8617,0.31830352544784546,80.90460968017578,31.967477798461914,64935.15234375,E,3090.9912109375
6075,6088,745A6403,8618,0.39499321579933167,90.0147705078125,27.81297492980957,54688.8203125,E,3095.349609375
6076,6078,745A6403,8619,0.3153885006904602,33.25128173828125,18.176654815673828,8628.3193359375,E,3046.74267578125
6076,6082,745A6403,8620,0.17342974245548248,29.769847869873047,19.36516571044922,8768.169921875,E,3052.236328125
6077,6078,745A6403,8621,0.27788031101226807,34.7696418762207,12.645694732666016,4366.92236328125,E,3051.585693359375
6077,6088,745A6403,8622,0.7880955934524536,110.3060531616211,22.339073181152344,43233.41015625,E,3101.999267578125
6078,6091,745A6403,8623,0.5388098955154419,98.2354965209961,27.305574417114258,57525.578125,E,3095.67578125
6079,6081,745A6403,8624,0.17354536056518555,48.35856628417969,26.6462345123291,26967.14453125,E,3174.059326171875
6080,6082,745A6403,8625,0.3298947513103485,41.027278900146484,18.95295524597168,11574.87890625,E,3052.101318359375
6080,6083,745A6403,8626,0.1694132387638092,34.95384979248047,28.6973876953125,22608.388671875,E,3061.281005859375
6081,6090,745A6403,8627,0.45117446780204773,88.23590087890625,28.209503173828125,55147.53125,E,3210.871337890625
6082,6084,745A6403,8628,0.16974107921123505,21.36492347717285,22.401920318603516,8420.9619140625,E,3071.298095703125
6083,6084,745A6403,8629,0.28890907764434814,41.47200012207031,20.608442306518555,13833.5986328125,E,3077.083740234375
6083,6086,745A6403,8630,0.14179299771785736,29.325130462646484,28.80680274963379,19112.609375,E,3083.6708984375
6084,6091,745A6403,8631,1.3233674764633179,85.9044189453125,20.2711181640625,27724.314453125,E,3115.18212890625
6085,6087,745A6403,8632,0.18092408776283264,58.9107666015625,24.81789207458496,28497.998046875,E,3140.548583984375
6085,6106,745A6403,8633,1.099508285522461,242.97438049316406,30.050979614257812,172332.671875,E,3233.568359375
6086,6093,745A6403,8634,19.977327346801758,130.3368377685547,21.079200744628906,45484.69921875,E,3107.205810546875
6086,6097,745A6403,8635,0.6071333885192871,124.9686279296875,28.775415420532227,81270.71875,E,3145.463623046875
6087,6099,745A6403,8636,0.9449670910835266,201.05764770507812,29.325416564941406,135799.71875,E,3228.13037109375
6088,6094,745A6403,8637,0.34722182154655457,79.0178451538086,30.19120216369629,56568.65625,E,3169.10400390625
6089,6092,745A6403,8638,0.13496150076389313,34.509132385253906,32.00015640258789,27754.162109375,E,3216.5810546875
6089,6099,745A6403,8639,0.5015559196472168,124.52391052246094,27.715391159057617,75125.03125,E,3246.726806640625
6090,6092,745A6403,8640,1.9807273149490356,197.9130096435547,24.419904708862305,92694.109375,E,3274.439208984375
6090,6096,745A6403,8641,0.7501503229141235,138.03656005859375,27.314809799194336,80887.3046875,E,3303.435791015625
6091,6095,745A6403,8642,8.803119659423828,124.78441619873047,12.803722381591797,16066.5537109375,E,3181.58837890625
6092,6098,745A6403,8643,0.46972158551216125,89.57005310058594,27.80095863342285,54371.6171875,E,3269.3203125
6094,6095,745A6403,8644,0.050527118146419525,9.923283576965332,28.03237533569336,6124.421875,E,3205.50634765625
6094,6103,745A6403,8645,0.522600531578064,99.93805694580078,28.164461135864258,62262.0859375,E,3249.650390625
6095,6109,745A6403,8646,1.0927693843841553,218.83323669433594,28.40771484375,138699.78125,E,3292.79052734375
6098,6100,745A6403,8647,0.04581354558467865,6.257641315460205,23.334802627563477,2676.139892578125,E,3314.160400390625
6098,6102,745A6403,8648,1.1092289686203003,52.46892166137695,13.62126636505127,7645.87158203125,E,3333.842529296875
6099,6102,745A6403,8649,0.4563376307487488,96.01190185546875,29.11506462097168,63922.0234375,E,3327.40869140625
6101,6103,745A6403,8650,1.211198091506958,64.35527801513672,13.3988037109375,9074.1533203125,E,3293.09228515625
6102,6104,745A6403,8651,0.6112005710601807,45.95077133178711,19.850231170654297,14220.46484375,E,3370.086669921875
6103,6110,745A6403,8652,0.49054503440856934,123.71076965332031,31.7620906829834,98020.1953125,E,3352.914306640625
6105,6107,745A6403,8653,1.0593827962875366,46.8402099609375,14.082520484924316,7295.7421875,E,3337.660400390625
6106,6107,745A6403,8654,0.039897143840789795,9.923282623291016,31.527496337890625,7746.8330078125,E,3344.95458984375
6106,6112,745A6403,8655,1.3444328308105469,143.4810333251953,27.862781524658203,87484.9453125,E,3401.1103515625
6107,6108,745A6403,8656,1.1616235971450806,82.4229736328125,24.34998321533203,38382.6953125,E,3375.85986328125
6110,6111,745A6403,8657,1.701432228088379,34.7696418762207,13.901103019714355,5277.0185546875,E,3408.11083984375
6110,6113,745A6403,8658,0.719112753868103,47.28491973876953,20.751873016357422,15992.896484375,E,3433.15966796875
