EndNodes_1,EndNodes_2,name,edge_id,Weight,Length,Width,Volume,Type,Distance
1,13,745A6265,1,1.5983211994171143,388.6474304199219,31.31248664855957,299282.125,E,1881.90283203125
2,7,745A6265,2,9.60903263092041,307.8506774902344,29.923137664794922,216493.1875,E,1953.5416259765625
3,8,745A6265,3,0.859594464302063,154.37005615234375,28.433950424194336,98022.859375,E,1845.38037109375
4,7,745A6265,4,0.4209141135215759,95.56719207763672,30.16071128845215,68278.171875,E,1829.73388671875
5,15,745A6265,5,7.223531246185303,238.23504638671875,30.018070220947266,168601.359375,E,1752.5487060546875
6,12,745A6265,6,0.3646326959133148,81.79405212402344,30.085351943969727,58146.26171875,E,1760.3980712890625
7,19,745A6265,7,0.5593401193618774,135.3366241455078,31.147254943847656,103120.4453125,E,1750.5009765625
8,11,745A6265,8,0.2456597089767456,48.35856628417969,22.543622970581055,19302.373046875,E,1752.4051513671875
8,12,745A6265,9,0.5283535122871399,88.05169677734375,21.459728240966797,31847.55078125,E,1752.84814453125
9,29,745A6265,10,0.8452258110046387,216.2412109375,32.02164840698242,174146.890625,E,1694.0947265625
10,19,745A6265,11,0.6908909678459167,165.47488403320312,29.644346237182617,114210.421875,E,1737.031494140625
11,13,745A6265,12,0.8260602951049805,168.69580078125,27.580522537231445,100785.75,E,1738.2860107421875
11,24,745A6265,13,0.4470571279525757,109.23241424560547,31.283321380615234,83958.96875,E,1682.0396728515625
12,21,745A6265,14,0.30970489978790283,78.12841033935547,31.76357650756836,61909.5546875,E,1692.48974609375
13,15,745A6265,15,0.026030832901597023,6.257641315460205,30.988800048828125,4719.65283203125,E,1697.763916015625
14,24,745A6265,16,0.4636992812156677,116.04268646240234,29.17620849609375,77582.7890625,E,1661.77783203125
15,60,745A6265,17,1.3268086910247803,320.6580505371094,31.135276794433594,244139.1875,E,1563.481201171875
16,53,745A6265,18,1.0889711380004883,268.71014404296875,31.509695053100586,209537.78125,E,1644.733642578125
17,48,745A6265,19,2.9049768447875977,217.94378662109375,28.7188720703125,141178.6875,E,1585.1171875
18,35,745A6265,20,1.0700762271881104,204.7232666015625,28.284988403320312,128637.9453125,E,1637.8128662109375
19,35,745A6265,21,0.6068926453590393,144.18626403808594,30.900297164916992,108128.234375,E,1623.1461181640625
20,29,745A6265,22,0.35558372735977173,91.27262115478516,29.05805015563965,60528.9765625,E,1631.160400390625
21,22,745A6265,23,665.9528198242188,32.17763900756836,11.953694343566895,3611.173583984375,E,1661.7286376953125
21,28,745A6265,24,0.281004399061203,63.91056442260742,30.218820571899414,45837.14453125,E,1631.3553466796875
22,23,745A6265,25,0.1341259479522705,12.960000038146973,17.800434112548828,3225.19580078125,E,1655.5908203125
22,25,745A6265,26,0.4127042889595032,45.95077133178711,18.137531280517578,11872.4140625,E,1654.435302734375
23,25,745A6265,27,0.1307942420244217,19.846567153930664,24.84254264831543,9619.8291015625,E,1642.26318359375
24,32,745A6265,28,0.2786209285259247,70.16820526123047,31.727964401245117,55477.21875,E,1601.3121337890625
25,26,745A6265,29,0.09888069331645966,16.625642776489258,25.93452262878418,8782.6357421875,E,1629.6021728515625
26,28,745A6265,30,0.19898754358291626,32.361846923828125,19.502683639526367,9667.4501953125,E,1611.940673828125
26,37,745A6265,31,0.4954557716846466,95.38298034667969,23.561792373657227,41588.90234375,E,1584.8955078125
27,84,745A6265,32,1.1338846683502197,289.890869140625,31.988534927368164,232977.03125,E,1838.243896484375
28,38,745A6265,33,0.40477001667022705,79.20204162597656,28.664472579956055,51110.9765625,E,1570.7998046875
29,40,745A6265,34,0.27214887738227844,71.68656158447266,32.454776763916016,59304.12109375,E,1563.5267333984375
30,73,745A6265,35,2.0837550163269043,208.54153442382812,30.0369815826416,147772.984375,E,1591.7789306640625
31,47,745A6265,36,4.541457653045654,88.94112396240234,16.094118118286133,18093.677734375,E,1569.57568359375
32,34,745A6265,37,0.0917532816529274,32.80656433105469,18.520095825195312,8837.6552734375,E,1567.8878173828125
32,36,745A6265,38,0.23465882241725922,47.91384506225586,28.69915008544922,30994.80859375,E,1549.319091796875
33,46,745A6265,39,1.063240647315979,83.94132995605469,16.533117294311523,18020.84765625,E,1524.031494140625
34,36,745A6265,40,0.26655131578445435,34.9538459777832,17.715627670288086,8615.8466796875,E,1547.416015625
34,39,745A6265,41,0.3298179507255554,69.46297454833984,25.190683364868164,34619.69140625,E,1545.792236328125
35,44,745A6265,42,0.14103469252586365,31.2882080078125,29.843578338623047,21886.30078125,E,1545.1153564453125
36,45,745A6265,43,0.1360483169555664,25.475284576416016,27.65206527709961,15299.0361328125,E,1521.058349609375
37,38,745A6265,44,0.24518492817878723,36.91692352294922,18.692895889282227,10131.3779296875,E,1542.691650390625
37,44,745A6265,45,0.17800657451152802,31.917129516601562,20.715673446655273,10757.51171875,E,1538.418701171875
38,39,745A6265,46,0.030193019658327103,7.331283092498779,31.158212661743164,5590.0400390625,E,1536.331298828125
39,58,745A6265,47,0.47682711482048035,96.27241516113281,28.651914596557617,62072.46875,E,1493.2144775390625
40,43,745A6265,48,0.32257553935050964,63.91056442260742,26.872093200683594,36246.453125,E,1524.1253662109375
40,59,745A6265,49,0.40985485911369324,93.680419921875,30.390623092651367,67954.453125,E,1487.369384765625
41,61,745A6265,50,2.40911602973938,106.64041900634766,26.979673385620117,60965.6328125,E,1606.931640625
42,51,745A6265,51,5.682992935180664,154.4779510498047,23.800764083862305,68728.7109375,E,1565.293212890625
43,48,745A6265,52,0.4181160032749176,89.57005310058594,29.875709533691406,62789.80859375,E,1500.7293701171875
43,68,745A6265,53,0.8535297513008118,141.33375549316406,26.43896484375,77593.3828125,E,1459.4569091796875
44,66,745A6265,54,0.46721306443214417,107.08514404296875,30.29655647277832,77197.9296875,E,1482.1759033203125
45,46,745A6265,55,0.07203876227140427,18.772924423217773,26.38351058959961,10263.298828125,E,1505.129150390625
45,65,745A6265,56,0.9942848086357117,187.10031127929688,28.38707160949707,118414.6875,E,1441.5870361328125
46,60,745A6265,57,0.5607744455337524,73.38912200927734,21.712779998779297,27173.9296875,E,1467.721923828125
47,52,745A6265,58,0.34629350900650024,37.10112762451172,16.019577026367188,7477.89013671875,E,1518.4285888671875
47,59,745A6265,59,0.7049856781959534,148.66502380371094,28.957313537597656,97907.3359375,E,1475.535400390625
48,79,745A6265,60,1.6955149173736572,321.2869567871094,28.387046813964844,203340.265625,E,1414.0025634765625
49,57,745A6265,61,0.14180128276348114,35.84328079223633,31.795198440551758,28459.0703125,E,1600.258056640625
50,64,745A6265,62,1.8633404970169067,147.77560424804688,28.597034454345703,94914.953125,E,1685.3575439453125
51,52,745A6265,63,0.03895058482885361,8.849641799926758,30.13835334777832,6313.2734375,E,1509.0947265625
51,56,745A6265,64,1.1739850044250488,19.84656524658203,17.873620986938477,4979.66748046875,E,1509.961669921875
52,62,745A6265,65,0.27370744943618774,64.72368621826172,30.679983139038086,47847.953125,E,1478.2950439453125
53,69,745A6265,66,0.4295819401741028,95.56719207763672,29.91811752319336,67184.2109375,E,1482.236328125
53,70,745A6265,67,0.28369367122650146,71.87076568603516,29.24628257751465,48281.8046875,E,1491.5067138671875
54,84,745A6265,68,96.15740966796875,187.65293884277344,24.095136642456055,85566.5546875,E,1842.638916015625
55,86,745A6265,69,0.7052854895591736,185.68983459472656,32.48451614379883,153897.234375,E,1750.2943115234375
57,67,745A6265,70,1.6589933633804321,113.08226776123047,27.022144317626953,64852.09375,E,1547.4110107421875
57,119,745A6265,71,1.0030920505523682,257.0843200683594,32.039608001708984,207271.625,E,1468.8670654296875
58,63,745A6265,72,0.1412249207496643,27.622568130493164,20.841035842895508,9423.0732421875,E,1440.3265380859375
58,65,745A6265,73,0.07566983997821808,35.39856719970703,18.296472549438477,9307.0126953125,E,1438.791259765625
59,75,745A6265,74,0.3099037706851959,79.83097076416016,32.113433837890625,64659.859375,E,1410.63134765625
60,79,745A6265,75,0.3933963179588318,89.75425720214844,30.27610206604004,64616.7109375,E,1400.475830078125
61,73,745A6265,76,0.3313908874988556,87.60697937011719,29.349485397338867,59269.265625,E,1524.5855712890625
61,88,745A6265,77,0.4104175269603729,110.93499755859375,30.359825134277344,80307.6640625,E,1523.2080078125
62,85,745A6265,78,0.4452311098575592,91.53312683105469,27.698471069335938,55154.3515625,E,1415.0841064453125
62,89,745A6265,79,0.5967116355895996,121.6714096069336,28.688541412353516,78649.390625,E,1395.508056640625
63,65,745A6265,80,0.0627395510673523,11.441641807556152,26.924270629882812,6514.275390625,E,1425.4742431640625
63,66,745A6265,81,0.21613654494285583,37.36164093017578,27.004234313964844,21398.314453125,E,1429.2606201171875
64,72,745A6265,82,0.4735907018184662,107.08514404296875,30.7375545501709,79461.671875,E,1636.643798828125
64,88,745A6265,83,0.6000960469245911,153.5885009765625,32.086299896240234,124190.3515625,E,1556.45263671875
66,83,745A6265,84,0.2300138622522354,66.05784606933594,24.884763717651367,32127.826171875,E,1402.28076171875
67,71,745A6265,85,0.7214129567146301,132.74462890625,27.70035171508789,79997.6875,E,1487.5721435546875
67,103,745A6265,86,0.8214268684387207,181.65579223632812,28.896862030029297,119135.3125,E,1422.197265625
68,75,745A6265,87,0.29686856269836426,77.23897552490234,28.99380874633789,50996.09375,E,1388.7520751953125
68,78,745A6265,88,0.5377911329269409,141.14955139160156,32.4101676940918,116447.9765625,E,1378.593505859375
69,70,745A6265,89,0.28051891922950745,83.75712585449219,27.812667846679688,50885.83984375,E,1447.1773681640625
69,76,745A6265,90,0.2885633707046509,65.79733276367188,30.194015502929688,47112.91015625,E,1421.1156005859375
70,71,745A6265,91,0.013518556952476501,3.6656415462493896,32.93364715576172,3122.622802734375,E,1461.7567138671875
71,103,745A6265,92,0.591780424118042,142.4836883544922,31.17216682434082,108739.9140625,E,1402.102783203125
73,107,745A6265,93,0.5875774621963501,157.51467895507812,32.734737396240234,132564.921875,E,1426.5491943359375
74,108,745A6265,94,4.604043006896973,217.23855590820312,29.351423263549805,146989.09375,E,1531.056396484375
75,94,745A6265,95,0.3544808328151703,88.68062591552734,31.659204483032227,69810.15625,E,1338.166015625
76,83,745A6265,96,0.12406963109970093,38.61948776245117,27.765457153320312,23383.3125,E,1382.867431640625
76,112,745A6265,97,0.8395344614982605,148.03610229492188,29.128313064575195,98647.984375,E,1344.1124267578125
77,94,745A6265,98,4.176590442657471,145.62831115722656,16.172046661376953,29913.392578125,E,1331.0208740234375
78,82,745A6265,99,0.269942045211792,69.09455871582031,32.01725769042969,55629.08984375,E,1356.8809814453125
78,104,745A6265,100,0.4900926351547241,139.55491638183594,31.9342098236084,111775.6953125,E,1311.2481689453125
79,98,745A6265,101,1.431369662284851,100.75119018554688,20.1428165435791,32105.57421875,E,1330.9169921875
80,108,745A6265,102,33.468326568603516,132.92886352539062,27.611509323120117,79595.6796875,E,1575.6029052734375
81,131,745A6265,103,0.8088182210922241,204.6154022216797,31.966838836669922,164220.578125,E,1482.7052001953125
82,96,745A6265,104,0.8569179773330688,144.37046813964844,24.984376907348633,70779.1484375,E,1334.3701171875
82,101,745A6265,105,0.37675192952156067,85.72020721435547,30.47696304321289,62534.03515625,E,1309.165771484375
83,95,745A6265,106,0.3176300823688507,61.94748306274414,28.1368350982666,38518.02734375,E,1344.7298583984375
84,132,745A6265,107,0.7168660759925842,182.6215362548828,31.966732025146484,146567.734375,E,1678.953369140625
85,90,745A6265,108,0.12128213793039322,22.43856430053711,27.31764793395996,13151.38671875,E,1367.7088623046875
85,92,745A6265,109,0.4782237410545349,56.31876754760742,17.13030242919922,12979.9521484375,E,1360.71630859375
86,91,745A6265,110,0.29402071237564087,84.20185852050781,31.014081954956055,63610.58984375,E,1679.7960205078125
86,100,745A6265,111,0.2775578498840332,71.6102523803711,32.20825958251953,58344.453125,E,1629.1025390625
87,112,745A6265,112,0.4794536530971527,90.64369201660156,26.01637840270996,48186.03125,E,1337.185302734375
88,136,745A6265,113,0.7268150448799133,190.13702392578125,32.376495361328125,156536.71875,E,1401.9842529296875
89,92,745A6265,114,0.37609410285949707,35.398563385009766,16.563953399658203,7627.87451171875,E,1338.857177734375
89,109,745A6265,115,0.511162281036377,109.34033203125,29.42999839782715,74379.078125,E,1298.1640625
90,97,745A6265,116,0.1509183943271637,34.95384979248047,30.36197853088379,25307.255859375,E,1348.0938720703125
90,99,745A6265,117,0.18960735201835632,47.4691276550293,20.515283584594727,15691.2001953125,E,1342.3974609375
92,140,745A6265,118,1.4076510667800903,220.2752685546875,26.300071716308594,119665.640625,E,1242.2999267578125
93,132,745A6265,119,0.9990658164024353,245.49005126953125,30.667062759399414,181329.375,E,1715.96337890625
94,123,745A6265,120,0.5124644637107849,113.2664794921875,29.896095275878906,79509.71875,E,1252.4749755859375
95,98,745A6265,121,0.09125165641307831,34.32492446899414,18.703060150146484,9430.28515625,E,1310.8116455078125
95,106,745A6265,122,0.19059905409812927,35.398563385009766,22.05967140197754,13529.24609375,E,1300.98388671875
96,105,745A6265,123,0.48246368765830994,112.89805603027344,30.72688865661621,83716.96875,E,1279.2645263671875
96,113,745A6265,124,0.4352138638496399,69.01825714111328,22.896896362304688,28418.890625,E,1279.7574462890625
97,99,745A6265,125,0.19336549937725067,31.732921600341797,21.17053985595703,11170.2744140625,E,1328.392822265625
97,139,745A6265,126,0.6990026235580444,164.4775390625,30.800128936767578,122546.6796875,E,1269.53857421875
98,102,745A6265,127,0.16427168250083923,21.364927291870117,22.857881546020508,8767.2470703125,E,1294.517822265625
99,168,745A6265,128,1.4150601625442505,287.7751770019531,28.87908363342285,188499.421875,E,1200.205810546875
100,121,745A6265,129,0.6865355372428894,184.50830078125,31.51094627380371,143889.375,E,1613.7120361328125
100,131,745A6265,130,0.8337228298187256,225.90399169921875,32.95764923095703,192719.765625,E,1505.228271484375
101,105,745A6265,131,0.04650850221514702,10.99692440032959,30.743152618408203,8163.15234375,E,1265.46923828125
101,111,745A6265,132,0.12792211771011353,41.21148681640625,29.48577880859375,28140.6015625,E,1256.4482421875
102,106,745A6265,133,0.15041282773017883,20.291284561157227,23.226354598999023,8597.2890625,E,1285.6915283203125
102,113,745A6265,134,0.1468055695295334,32.361846923828125,17.30541229248047,7611.79541015625,E,1272.004150390625
103,135,745A6265,135,0.4787724018096924,110.12185668945312,30.487178802490234,80389.234375,E,1293.7894287109375
105,116,745A6265,136,0.08210904896259308,28.511999130249023,29.721599578857422,19781.623046875,E,1247.5689697265625
106,110,745A6265,137,0.12624326348304749,17.699283599853516,23.721521377563477,7822.23095703125,E,1277.2996826171875
107,122,745A6265,138,0.24340732395648956,72.68389129638672,31.032846450805664,54975.76171875,E,1342.6971435546875
107,142,745A6265,139,0.6352666616439819,161.364501953125,31.9387264251709,129280.515625,E,1281.3291015625
108,171,745A6265,140,0.915145993232727,224.01722717285156,31.322200775146484,172613.921875,E,1466.96533203125
109,140,745A6265,141,1.520464539527893,123.45027923583984,22.88352394104004,50772.40625,E,1206.5234375
109,152,745A6265,142,1.0367664098739624,185.1372528076172,25.801036834716797,96796.125,E,1181.67236328125
110,114,745A6265,143,0.08577130734920502,34.32492446899414,19.114730834960938,9849.9912109375,E,1263.023193359375
110,120,745A6265,144,0.23704411089420319,33.25128173828125,23.66499900817871,14625.517578125,E,1253.9111328125
111,115,745A6265,145,0.17187441885471344,41.65620803833008,31.132463455200195,31710.025390625,E,1237.9903564453125
111,116,745A6265,146,0.032293181866407394,37.990562438964844,27.92583656311035,23269.015625,E,1236.574951171875
112,201,745A6265,147,1.3163526058197021,277.1913757324219,28.729177474975586,179686.71875,E,1180.898193359375
113,114,745A6265,148,0.025011330842971802,3.6656415462493896,24.212329864501953,1687.7691650390625,E,1256.9111328125
114,118,745A6265,149,0.08317476511001587,12.960000038146973,25.00179100036621,6362.63671875,E,1249.4820556640625
115,123,745A6265,150,0.6933802962303162,124.52391815185547,25.669452667236328,64443.01953125,E,1225.4384765625
115,124,745A6265,151,0.2611142098903656,43.358768463134766,22.99053382873535,17999.685546875,E,1217.0074462890625
116,137,745A6265,152,0.38884034752845764,91.53312683105469,30.714662551879883,67820.296875,E,1192.6474609375
117,135,745A6265,153,1.3750176429748535,91.34891510009766,15.712532997131348,17712.73828125,E,1258.8399658203125
118,120,745A6265,154,0.021428454667329788,30.214563369750977,21.996423721313477,11481.8095703125,E,1240.8668212890625
118,149,745A6265,155,0.6563819646835327,140.704833984375,29.35999870300293,95260.0859375,E,1180.5628662109375
119,147,745A6265,156,1.444530725479126,272.19158935546875,28.639572143554688,175346.71875,E,1379.164794921875
119,157,745A6265,157,0.7053507566452026,169.1405029296875,31.03649139404297,127962.5,E,1273.5782470703125
120,197,745A6265,158,0.9916396141052246,231.68533325195312,30.71152114868164,171629.15625,E,1131.552734375
122,125,745A6265,159,0.06051505357027054,15.107283592224121,31.58513069152832,11836.9990234375,E,1330.3671875
122,129,745A6265,160,0.8268559575080872,68.83404541015625,17.985275268554688,17487.484375,E,1314.2652587890625
123,138,745A6265,161,0.30583858489990234,72.49969482421875,26.459861755371094,39865.8671875,E,1174.159912109375
124,128,745A6265,162,0.04623011127114296,18.328208923339844,25.161035537719727,9113.1162109375,E,1193.7091064453125
124,138,745A6265,163,0.3673584759235382,84.12554168701172,30.370576858520508,60943.00390625,E,1175.311279296875
125,129,745A6265,164,0.079853855073452,18.328208923339844,30.3111515045166,13225.5810546875,E,1327.87255859375
126,147,745A6265,165,0.5536556243896484,122.11612701416016,29.937923431396484,85961.953125,E,1365.415283203125
127,174,745A6265,166,1.9783592224121094,524.2762451171875,32.636009216308594,438575.28125,E,1509.4014892578125
128,133,745A6265,167,0.29412809014320374,60.42912292480469,29.03814697265625,40019.71484375,E,1180.5926513671875
128,158,745A6265,168,0.6994355916976929,116.56371307373047,25.10391616821289,57694.73828125,E,1135.3179931640625
129,136,745A6265,169,0.19169270992279053,54.35569381713867,27.55744171142578,32419.98046875,E,1319.8594970703125
130,166,745A6265,170,0.7370864748954773,130.78158569335938,27.74547004699707,79071.625,E,1285.4937744140625
131,178,745A6265,171,0.7332831621170044,193.91055297851562,31.633316040039062,152398.515625,E,1310.5235595703125
132,146,745A6265,172,0.2459906041622162,64.09477233886719,32.28218078613281,52461.19921875,E,1580.8619384765625
133,137,745A6265,173,0.15524332225322723,51.57948684692383,29.808460235595703,35995.31640625,E,1156.133056640625
133,158,745A6265,174,0.5050878524780273,100.12226104736328,26.28883171081543,54345.4375,E,1125.4515380859375
134,163,745A6265,175,0.6182371973991394,98.86442565917969,26.924856185913086,56290.7109375,E,1481.31689453125
135,176,745A6265,176,0.8616779446601868,136.22605895996094,25.63041114807129,70284.765625,E,1183.842041015625
136,182,745A6265,177,0.5044687986373901,142.03897094726562,31.4842529296875,110581.9375,E,1255.1591796875
137,175,745A6265,178,0.4817333221435547,118.08206176757812,31.388614654541016,91373.046875,E,1099.9393310546875
138,141,745A6265,179,0.019077278673648834,5.184000015258789,32.9539794921875,4421.509765625,E,1142.954345703125
139,142,745A6265,180,0.17666298151016235,36.027488708496094,12.123106956481934,4158.64404296875,E,1211.9927978515625
139,148,745A6265,181,0.09931391477584839,36.027488708496094,28.429229736328125,22869.36328125,E,1194.63525390625
140,145,745A6265,182,0.09028049558401108,21.99384880065918,31.127233505249023,16736.7890625,E,1144.592529296875
141,153,745A6265,183,0.4983255863189697,60.61333084106445,18.398115158081055,16114.048828125,E,1119.9908447265625
141,164,745A6265,184,0.3371322453022003,72.94441223144531,29.737863540649414,50664.2265625,E,1108.4195556640625
142,148,745A6265,185,0.11935681104660034,28.69620704650879,30.92510414123535,21554.439453125,E,1197.05224609375
143,219,745A6265,186,0.8472849726676941,223.4962158203125,32.61427307128906,186713.375,E,1075.554931640625
144,160,745A6265,187,0.17088527977466583,48.98748779296875,27.930767059326172,30015.166015625,E,1642.7283935546875
145,152,745A6265,188,0.2917720675468445,62.576412200927734,29.786460876464844,43605.20703125,E,1119.140380859375
145,168,745A6265,189,0.37599921226501465,66.0578384399414,20.218381881713867,21208.35546875,E,1106.2156982421875
146,163,745A6265,190,0.9391194581985474,125.5975341796875,25.3238582611084,63260.2265625,E,1503.0660400390625
146,199,745A6265,191,0.6055334806442261,150.1833953857422,31.52054786682129,117192.3671875,E,1489.7667236328125
147,150,745A6265,192,0.05400325357913971,10.99692440032959,28.527246475219727,7028.7939453125,E,1307.130615234375
148,240,745A6265,193,0.9614803791046143,211.76243591308594,30.790817260742188,157681.671875,E,1085.310546875
149,179,745A6265,194,0.37901005148887634,93.4198989868164,28.605920791625977,60040.0625,E,1079.4014892578125
149,224,745A6265,195,1.728819727897644,200.50503540039062,22.87541389465332,82404.90625,E,1038.2855224609375
150,156,745A6265,196,0.11705784499645233,16.180925369262695,22.207849502563477,6267.671875,E,1298.12939453125
150,214,745A6265,197,0.816752016544342,180.76637268066406,29.805871963500977,126127.90625,E,1216.519775390625
151,160,745A6265,198,0.6681622862815857,154.99896240234375,30.92842674255371,116448.6171875,E,1688.5809326171875
152,154,745A6265,199,0.025260522961616516,7.331283092498779,34.07209396362305,6684.478515625,E,1100.3048095703125
153,154,745A6265,200,0.021603988483548164,6.257641315460205,34.01788330078125,5687.41796875,E,1098.8963623046875
153,164,745A6265,201,0.2786428928375244,74.01805114746094,28.740440368652344,48019.13671875,E,1081.1044921875
154,187,745A6265,202,0.17965267598628998,78.57312774658203,32.06068420410156,63432.15625,E,1063.672119140625
155,184,745A6265,203,2.1389718055725098,144.55467224121094,20.16925621032715,46185.08984375,E,1125.712890625
156,159,745A6265,204,0.14993974566459656,14.033641815185547,12.970165252685547,1854.1773681640625,E,1295.5936279296875
156,162,745A6265,205,0.11211127042770386,12.51528263092041,13.580047607421875,1812.7301025390625,E,1291.4486083984375
157,161,745A6265,206,0.0458737388253212,9.923283576965332,29.401412963867188,6737.23486328125,E,1195.0101318359375
157,169,745A6265,207,0.10904186964035034,34.95384979248047,28.036800384521484,21579.521484375,E,1179.8919677734375
158,202,745A6265,208,0.4395049810409546,102.34585571289062,30.771240234375,76111.46875,E,1035.5426025390625
159,162,745A6265,209,0.05735389143228531,3.6656415462493896,15.989082336425781,736.0154418945312,E,1290.853759765625
159,167,745A6265,210,1.0319676399230957,97.9749755859375,23.182790756225586,41355.8046875,E,1315.009521484375
160,199,745A6265,211,0.9391388297080994,216.4254608154297,30.97650718688965,163103.4375,E,1525.00830078125
161,165,745A6265,212,0.1696649044752121,31.732921600341797,27.53618812561035,18897.640625,E,1198.5272216796875
161,170,745A6265,213,0.27518537640571594,26.54892349243164,18.165782928466797,6880.896484375,E,1185.3348388671875
162,264,745A6265,214,1.1113076210021973,246.08740234375,29.97368812561035,173643.9375,E,1176.641357421875
163,172,745A6265,215,0.042332783341407776,26.54892349243164,22.11840057373047,10201.03515625,E,1441.847412109375
164,181,745A6265,216,0.22470681369304657,53.09784698486328,30.636423110961914,39141.98828125,E,1053.083740234375
165,166,745A6265,217,0.2980954349040985,60.87384796142578,28.939842224121094,40041.7421875,E,1215.2803955078125
165,170,745A6265,218,0.0823608785867691,30.214567184448242,18.059295654296875,7739.41064453125,E,1186.694091796875
166,194,745A6265,219,0.411584734916687,80.27569580078125,28.001880645751953,49436.57421875,E,1189.3494873046875
167,186,745A6265,220,0.8240682482719421,187.98974609375,30.31337547302246,135672.75,E,1358.0289306640625
167,196,745A6265,221,0.5190470218658447,78.12841033935547,23.705018997192383,34480.96875,E,1304.62109375
168,180,745A6265,222,0.08252081274986267,38.61948776245117,30.24435806274414,27745.025390625,E,1060.864013671875
169,170,745A6265,223,0.3570498824119568,39.064208984375,18.827068328857422,10875.1259765625,E,1166.69873046875
169,173,745A6265,224,0.09145300090312958,17.254566192626953,27.431154251098633,10197.2265625,E,1156.74072265625
171,172,745A6265,225,0.12030132114887238,23.328001022338867,22.902536392211914,9610.248046875,E,1423.1136474609375
171,186,745A6265,226,0.1072450801730156,36.472206115722656,25.681856155395508,18893.166015625,E,1405.24853515625
172,188,745A6265,227,0.14402180910110474,43.174560546875,26.8226261138916,24396.09765625,E,1417.3680419921875
173,176,745A6265,228,0.13127689063549042,32.80656433105469,23.576311111450195,14321.95703125,E,1137.6168212890625
173,191,745A6265,229,0.3087023198604584,50.50584411621094,19.01703453063965,14345.5478515625,E,1128.3720703125
174,183,745A6265,230,0.33601292967796326,90.4594955444336,32.81536865234375,76506.546875,E,1269.2138671875
174,189,745A6265,231,0.06918621063232422,43.358768463134766,24.791717529296875,20930.521484375,E,1294.319580078125
175,179,745A6265,232,0.03937232494354248,10.99692440032959,33.41646957397461,9644.5556640625,E,1044.4893798828125
175,190,745A6265,233,0.1286645382642746,40.76676940917969,28.85421371459961,26657.208984375,E,1032.5947265625
176,185,745A6265,234,0.06911416351795197,14.033641815185547,28.484893798828125,8943.1279296875,E,1120.7611083984375
177,196,745A6265,235,0.38105228543281555,79.83097076416016,29.181306838989258,53391.33203125,E,1275.6478271484375
178,182,745A6265,236,0.2132873237133026,54.17148971557617,31.92680549621582,43368.21875,E,1204.8701171875
178,183,745A6265,237,0.10122580826282501,40.58256530761719,31.713882446289062,32057.392578125,E,1229.8197021484375
179,193,745A6265,238,0.13535962998867035,30.214567184448242,30.17254066467285,21603.79296875,E,1028.37890625
180,187,745A6265,239,0.11202485114336014,32.80656814575195,34.22456741333008,30180.513671875,E,1035.3642578125
180,198,745A6265,240,0.1223059669137001,56.50297164916992,34.09427261352539,51585.0703125,E,1028.218017578125
181,202,745A6265,241,0.2543236315250397,57.39241409301758,20.356517791748047,18678.90234375,E,1006.3402099609375
181,209,745A6265,242,0.3051232099533081,68.38933563232422,26.77637481689453,38510.734375,E,1007.6069946289062
182,228,745A6265,243,0.8261976838111877,230.90380859375,33.43385696411133,202718.75,E,1110.9205322265625
183,217,745A6265,244,0.22112113237380981,78.12841033935547,27.799203872680664,47420.22265625,E,1212.2225341796875
184,197,745A6265,245,0.2611939609050751,63.02112579345703,27.62004852294922,37759.38671875,E,1042.940185546875
184,200,745A6265,246,0.40790319442749023,83.94132995605469,25.89702033996582,44214.55859375,E,1062.052490234375
185,191,745A6265,247,0.07876580953598022,14.662566184997559,27.326793670654297,8599.580078125,E,1111.954345703125
185,203,745A6265,248,0.7278221845626831,72.49969482421875,22.333463668823242,28401.298828125,E,1088.442626953125
186,188,745A6265,249,0.05139433220028877,13.588924407958984,32.527061462402344,11291.837890625,E,1397.687744140625
187,195,745A6265,250,0.04936578869819641,25.03056526184082,34.47054672241211,23359.142578125,E,1018.5471801757812
188,192,745A6265,251,0.023630887269973755,6.257641315460205,32.52028274536133,5197.67578125,E,1398.2822265625
189,217,745A6265,252,0.5311022400856018,115.85848999023438,30.24576759338379,83242.8515625,E,1242.7255859375
189,221,745A6265,253,0.9805357456207275,258.1579284667969,32.49919509887695,214151.21875,E,1349.7149658203125
190,193,745A6265,254,0.31994354724884033,37.99056625366211,9.846212387084961,2892.704345703125,E,1014.07958984375
190,216,745A6265,255,0.2536311447620392,61.686973571777344,31.35223388671875,47623.39453125,E,992.6473999023438
191,211,745A6265,256,0.1997910439968109,36.91692352294922,27.274810791015625,21569.439453125,E,1092.253662109375
192,225,745A6265,257,0.29237374663352966,86.53333282470703,27.413673400878906,51074.92578125,E,1385.6580810546875
192,260,745A6265,258,0.8879570960998535,198.54196166992188,30.212894439697266,142339.953125,E,1313.1326904296875
193,227,745A6265,259,0.475385844707489,75.35221099853516,22.9333438873291,31125.806640625,E,980.875
194,205,745A6265,260,0.14420123398303986,31.917129516601562,29.693140029907227,22101.71484375,E,1137.2269287109375
194,214,745A6265,261,0.13575291633605957,43.358768463134766,20.235897064208984,13944.7822265625,E,1142.0947265625
195,207,745A6265,262,0.11717787384986877,36.027488708496094,35.05807113647461,34777.625,E,1000.9957885742188
195,208,745A6265,263,0.09412793070077896,28.251487731933594,34.62098693847656,26595.62109375,E,996.475341796875
196,212,745A6265,264,0.1559828370809555,34.509132385253906,29.704967498779297,23915.64453125,E,1277.514892578125
197,222,745A6265,265,0.2365531027317047,51.39527893066406,29.62808609008789,35434.01171875,E,1002.3832397460938
198,207,745A6265,266,0.09330986440181732,48.35856628417969,34.6986083984375,45728.546875,E,1002.1369018554688
198,218,745A6265,267,0.13983967900276184,41.65620803833008,34.57084655761719,39101.16015625,E,995.3212280273438
199,225,745A6265,268,0.2167208194732666,64.72368621826172,30.759597778320312,48096.60546875,E,1403.89501953125
200,201,745A6265,269,0.04161560535430908,10.368000030517578,31.54718017578125,8104.12158203125,E,1059.0809326171875
200,222,745A6265,270,0.6224231123924255,142.22317504882812,28.66689682006836,91795.546875,E,1008.77880859375
201,204,745A6265,271,0.029100904241204262,7.331283092498779,31.740989685058594,5801.10595703125,E,1059.4468994140625
202,216,745A6265,272,0.14587920904159546,56.763484954833984,26.563766479492188,31458.513671875,E,982.7306518554688
202,229,745A6265,273,0.14518454670906067,57.65291976928711,32.99192428588867,49286.328125,E,960.3417358398438
203,204,745A6265,274,0.01028213370591402,2.5920000076293945,31.75454330444336,2052.752685546875,E,1059.1778564453125
204,210,745A6265,275,0.04210962355136871,12.51528263092041,30.65675163269043,9238.103515625,E,1057.95556640625
204,244,745A6265,276,0.42257604002952576,82.86768341064453,26.652742385864258,46233.72265625,E,1019.2859497070312
205,220,745A6265,277,0.11811399459838867,49.17169189453125,24.581647872924805,23336.03125,E,1113.860595703125
205,237,745A6265,278,0.467785507440567,106.56411743164062,30.282196044921875,76749.5078125,E,1076.0302734375
206,276,745A6265,279,0.8308444023132324,181.65579223632812,29.9234676361084,127750.609375,E,1169.454345703125
207,215,745A6265,280,0.05172353237867355,16.180925369262695,35.41044616699219,15935.14453125,E,987.1387329101562
208,209,745A6265,281,0.06144985556602478,31.104000091552734,34.36432647705078,28848.40625,E,983.7788696289062
208,213,745A6265,282,0.03354654833674431,9.923283576965332,34.52950668334961,9292.3603515625,E,981.6596069335938
209,226,745A6265,283,0.19959057867527008,51.134769439697266,32.15156173706055,41515.5078125,E,960.8901977539062
210,211,745A6265,284,0.4096316397190094,48.803279876708984,20.934602737426758,16798.41796875,E,1067.17724609375
210,231,745A6265,285,0.426270067691803,66.42625427246094,18.928531646728516,18692.33203125,E,1042.6424560546875
211,232,745A6265,286,0.16085666418075562,52.468929290771484,29.44793701171875,35735.66015625,E,1055.701171875
212,234,745A6265,287,0.23972700536251068,56.94769287109375,31.024940490722656,43051.46484375,E,1267.81396484375
212,254,745A6265,288,0.5272848606109619,104.67735290527344,25.20456314086914,52227.7109375,E,1231.61767578125
213,756,745A6265,289,3.1815555095672607,978.077392578125,35.75946807861328,982302.3125,F,489.04034423828125
214,220,745A6265,290,0.13957205414772034,29.769847869873047,29.19303321838379,19926.220703125,E,1120.602783203125
215,756,745A6265,291,3.2238240242004395,980.6019287109375,35.75946807861328,984837.75,F,490.30218505859375
216,223,745A6265,292,0.12380921095609665,33.435489654541016,32.93179702758789,28479.244140625,E,957.1884765625
217,320,745A6265,293,1.3846018314361572,365.1983642578125,32.501365661621094,302985.53125,E,1016.5425415039062
218,756,745A6265,294,3.260528326034546,978.66796875,35.75946807861328,982895.4375,F,489.3357238769531
219,756,745A6265,295,3.276505470275879,978.183837890625,35.75946807861328,982409.25,F,489.0936279296875
220,233,745A6265,296,0.0911715179681778,21.364927291870117,30.781269073486328,15898.7998046875,E,1095.0870361328125
221,238,745A6265,297,0.3854149580001831,98.86441802978516,32.035667419433594,79688.8203125,E,1425.4893798828125
221,265,745A6265,298,0.42724230885505676,113.2664794921875,30.591175079345703,83249.8828125,E,1349.6563720703125
222,224,745A6265,299,0.03348327428102493,7.331283092498779,29.57251739501953,5035.544921875,E,975.0927734375
223,229,745A6265,300,0.11246097832918167,32.80656814575195,34.156795501708984,30061.1015625,E,937.8065795898438
223,235,745A6265,301,0.2542570233345032,57.837127685546875,26.2954158782959,31409.185546875,E,934.1068115234375
224,252,745A6265,302,0.19153258204460144,50.061126708984375,26.93985939025879,28535.21484375,E,949.802978515625
225,347,745A6265,303,1.6627886295318604,394.6761474609375,30.904361724853516,296053.59375,E,1211.815673828125
226,756,745A6265,304,3.0056235790252686,939.8815307617188,35.75946807861328,943941.5,F,469.9421691894531
227,230,745A6265,305,0.06287632882595062,9.923283576965332,25.040754318237305,4886.974609375,E,944.1239624023438
227,239,745A6265,306,0.0987621322274208,18.328208923339844,27.173646926879883,10629.3271484375,E,938.9435424804688
228,242,745A6265,307,0.19562309980392456,39.6931266784668,29.32752227783203,26813.650390625,E,1010.6449584960938
228,248,745A6265,308,0.33402782678604126,36.472206115722656,17.983905792236328,9264.45703125,E,1011.9601440429688
229,245,745A6265,309,0.08853025734424591,27.17784881591797,35.05467987060547,26229.919921875,E,922.7991333007812
230,236,745A6265,310,0.1966717690229416,35.398563385009766,15.328376770019531,6532.32568359375,E,943.8018188476562
230,251,745A6265,311,0.2809332311153412,31.104000091552734,16.533620834350586,6677.93310546875,E,926.6763305664062
231,232,745A6265,312,0.052443571388721466,12.960000038146973,31.42588233947754,10052.4013671875,E,1031.2630615234375
231,246,745A6265,313,0.3799189031124115,90.0147705078125,27.915409088134766,55092.39453125,E,999.7913208007812
232,237,745A6265,314,0.014653493650257587,3.6656415462493896,31.632564544677734,2880.770751953125,E,1033.4669189453125
233,264,745A6265,315,0.49511831998825073,117.56105041503906,31.033409118652344,88922.6328125,E,1078.485595703125
233,275,745A6265,316,0.43618959188461304,111.11920166015625,30.32957649230957,80280.8046875,E,1034.7203369140625
234,254,745A6265,317,0.285293847322464,69.46297454833984,28.325645446777344,43772.65625,E,1227.8363037109375
234,260,745A6265,318,0.28840160369873047,72.05497741699219,31.61488914489746,56563.6171875,E,1252.747314453125
235,239,745A6265,319,0.17254400253295898,36.47220993041992,22.395389556884766,14367.1025390625,E,934.0562133789062
235,250,745A6265,320,0.03956036642193794,31.2882080078125,19.251955032348633,9107.9423828125,E,918.8719482421875
236,243,745A6265,321,0.6816591620445251,73.57333374023438,20.53484535217285,24366.501953125,E,952.993408203125
236,247,745A6265,322,0.24969226121902466,36.027488708496094,18.215152740478516,9388.3544921875,E,934.57421875
237,270,745A6265,323,0.38164734840393066,96.01191711425781,29.254024505615234,64533.65625,E,1007.29248046875
238,249,745A6265,324,0.35957586765289307,24.401639938354492,17.814374923706055,6082.05126953125,E,1444.618896484375
238,259,745A6265,325,1.2909725904464722,141.59426879882812,27.209049224853516,82330.78125,E,1460.118408203125
239,241,745A6265,326,0.04030490294098854,7.776000022888184,27.78522491455078,4714.916015625,E,927.864501953125
240,756,745A6265,327,3.3451642990112305,988.1810913085938,35.75946807861328,992449.6875,F,494.0923156738281
241,250,745A6265,328,0.09820445626974106,24.585847854614258,26.729787826538086,13796.4111328125,E,914.2977905273438
241,251,745A6265,329,0.14428141713142395,27.17784881591797,27.494401931762695,16135.912109375,E,917.3156127929688
242,756,745A6265,330,3.362532615661621,993.1453857421875,35.75946807861328,997435.4375,F,496.574462890625
243,247,745A6265,331,0.03854946047067642,7.331283092498779,27.566682815551758,4375.61328125,E,932.3290405273438
243,252,745A6265,332,0.18753528594970703,34.95384979248047,27.322731018066406,20494.30078125,E,930.306884765625
244,246,745A6265,333,0.015663448721170425,3.6656415462493896,30.59576416015625,2695.023193359375,E,980.7318115234375
244,257,745A6265,334,0.7005683183670044,122.82135009765625,25.51769256591797,62812.5703125,E,954.3554077148438
245,756,745A6265,335,2.874166965484619,912.5165405273438,35.75946807861328,916458.3125,F,456.2593994140625
246,262,745A6265,336,0.301151841878891,62.131690979003906,29.050729751586914,41182.921875,E,953.149658203125
247,255,745A6265,337,0.16396605968475342,23.512208938598633,24.4689884185791,11056.4404296875,E,919.2681884765625
248,756,745A6265,338,3.3804771900177,999.5076293945312,35.75946807861328,1003825.125,F,499.7557067871094
249,259,745A6265,339,0.15563909709453583,28.067283630371094,21.335716247558594,10034.70703125,E,1427.57275390625
250,261,745A6265,340,0.20810380578041077,54.35569381713867,32.543800354003906,45213.84765625,E,888.5422973632812
251,256,745A6265,341,0.22181200981140137,42.7298469543457,22.915313720703125,17622.716796875,E,908.1444702148438
251,271,745A6265,342,0.30527156591415405,59.800209045410156,28.46856689453125,38064.8203125,E,883.9083862304688
252,253,745A6265,343,0.02807864546775818,5.184000015258789,27.173646926879883,3006.427734375,E,924.1199340820312
253,257,745A6265,344,0.11378329247236252,26.54892349243164,25.556976318359375,13619.330078125,E,921.5209350585938
253,263,745A6265,345,0.21494345366954803,38.61948776245117,27.222646713256836,22477.970703125,E,904.3636474609375
254,306,745A6265,346,1.1024025678634644,209.4625701904297,28.212141036987305,130938.8203125,E,1099.4267578125
255,256,745A6265,347,0.06964455544948578,12.51528263092041,23.831151962280273,5582.39599609375,E,906.3892211914062
255,263,745A6265,348,0.21757818758487701,41.84041213989258,22.372516632080078,16448.091796875,E,896.8045654296875
256,271,745A6265,349,1.1469850540161133,61.05805206298828,16.44649314880371,12971.1796875,E,876.0350952148438
257,266,745A6265,350,0.1353873312473297,33.88020324707031,16.436330795288086,7188.6220703125,E,907.5054321289062
258,315,745A6265,351,0.9323743581771851,212.20718383789062,30.620702743530273,156271.6875,E,1133.9764404296875
259,294,745A6265,352,0.7115954756736755,168.25108337402344,30.829750061035156,125599.453125,E,1337.389892578125
260,310,745A6265,353,1.0663121938705444,175.29025268554688,23.52956771850586,76221.15625,E,1181.408935546875
261,756,745A6265,354,2.7880983352661133,872.3033447265625,35.75946807861328,876071.375,F,436.15313720703125
262,279,745A6265,355,0.14801712334156036,53.282047271728516,26.850637435913086,30170.32421875,E,903.2950439453125
262,290,745A6265,356,0.6884274482727051,162.0697479248047,31.159717559814453,123588.7265625,E,920.4131469726562
263,267,745A6265,357,0.037257369607686996,8.849641799926758,30.814308166503906,6599.642578125,E,883.1605224609375
264,272,745A6265,358,0.08513535559177399,20.291284561157227,30.885459899902344,15202.2392578125,E,1070.01318359375
265,269,745A6265,359,0.0797358900308609,7.776000022888184,19.775436401367188,2388.3515625,E,1295.862548828125
265,281,745A6265,360,1.1863821744918823,70.35240936279297,13.682765007019043,10344.6689453125,E,1273.638916015625
266,274,745A6265,361,0.09675168991088867,22.438568115234375,22.73641586303711,9110.22265625,E,886.1663208007812
266,277,745A6265,362,0.2401457130908966,42.28512954711914,26.720108032226562,23711.224609375,E,891.0140380859375
267,274,745A6265,363,0.3317994177341461,53.09783935546875,22.172128677368164,20501.306640625,E,878.1207885742188
267,292,745A6265,364,0.2782753109931946,73.12861633300781,32.522640228271484,60750.35546875,E,846.4313354492188
268,310,745A6265,365,0.6952310800552368,155.1831817626953,30.11246109008789,110516.484375,E,1138.2857666015625
269,280,745A6265,366,0.5733084678649902,31.2882080078125,13.44903564453125,4444.806640625,E,1278.8770751953125
269,283,745A6265,367,0.6176744103431702,36.027488708496094,15.584186553955078,6872.14208984375,E,1290.2452392578125
270,275,745A6265,368,0.04856414347887039,17.254566192626953,30.082447052001953,12263.6640625,E,983.232666015625
270,290,745A6265,369,0.19015339016914368,59.094974517822266,24.932893753051758,28852.65625,E,956.238037109375
271,278,745A6265,370,0.08699845522642136,25.030563354492188,34.026920318603516,22761.7578125,E,846.157470703125
272,276,745A6265,371,0.01962926797568798,32.17763900756836,22.982402801513672,13348.5751953125,E,1073.2080078125
272,287,745A6265,372,0.14432673156261444,32.80656433105469,30.141738891601562,23409.236328125,E,1055.03759765625
273,299,745A6265,373,0.6509979963302612,132.22361755371094,28.758499145507812,85887.78125,E,950.123046875
274,277,745A6265,374,0.30947986245155334,45.76656723022461,20.285057067871094,14790.767578125,E,873.26904296875
275,297,745A6265,375,0.3095013499259949,74.01805114746094,30.980396270751953,55795.796875,E,965.1342163085938
276,287,745A6265,376,0.1898849904537201,36.027488708496094,20.155160903930664,11494.6669921875,E,1066.3651123046875
277,279,745A6265,377,0.017313210293650627,3.6656415462493896,29.10155487060547,2438.216552734375,E,879.5740966796875
278,756,745A6265,378,2.7423312664031982,837.2440795898438,35.75946807861328,840860.6875,F,418.621826171875
279,285,745A6265,379,0.024699900299310684,10.368000030517578,28.97618865966797,6837.0283203125,E,873.885498046875
280,283,745A6265,380,0.25191789865493774,25.475284576416016,12.035012245178223,2898.024169921875,E,1272.4534912109375
280,286,745A6265,381,0.31762734055519104,16.180925369262695,14.938729286193848,2836.093505859375,E,1258.7684326171875
281,286,745A6265,382,0.6792730689048767,22.438568115234375,7.720094680786133,1050.3408203125,E,1248.0321044921875
281,296,745A6265,383,0.8987247347831726,52.65312957763672,13.790602684020996,7864.67138671875,E,1222.526611328125
282,327,745A6265,384,65535.0,210.09146118164062,29.137754440307617,140091.0625,E,1389.733642578125
283,288,745A6265,385,0.13929910957813263,16.180925369262695,15.923011779785156,3222.134521484375,E,1274.222412109375
284,291,745A6265,386,8.075801849365234,30.843490600585938,9.111642837524414,2011.16064453125,E,940.7603759765625
285,298,745A6265,387,0.4762546122074127,105.04576873779297,29.774965286254883,73142.703125,E,856.0159301757812
285,300,745A6265,388,0.3606148958206177,91.45683288574219,32.3571662902832,75205.046875,E,827.941650390625
286,289,745A6265,389,0.0803496241569519,7.331283092498779,19.062211990356445,2092.263916015625,E,1252.2186279296875
287,295,745A6265,390,0.1489308476448059,35.398563385009766,30.810007095336914,26391.197265625,E,1037.3543701171875
288,289,745A6265,391,0.2488362342119217,20.291284561157227,18.161788940429688,5256.74267578125,E,1258.63232421875
288,294,745A6265,392,0.1736619472503662,31.2882080078125,20.559812545776367,10387.4482421875,E,1264.2540283203125
289,296,745A6265,393,0.5330808162689209,47.0244140625,17.212757110595703,10942.4404296875,E,1229.181396484375
290,293,745A6265,394,0.03196234256029129,8.849641799926758,33.27925109863281,7697.72998046875,E,925.76171875
291,756,745A6265,395,3.1065335273742676,925.6089477539062,35.75946807861328,929607.25,F,462.8059997558594
292,756,745A6265,396,2.708845615386963,814.8656005859375,35.75946807861328,818385.5,F,407.42901611328125
293,297,745A6265,397,0.21192671358585358,78.57312774658203,29.038022994995117,52035.29296875,E,929.4608154296875
293,301,745A6265,398,0.30690616369247437,75.27589416503906,31.44782829284668,58469.1953125,E,888.8709716796875
294,309,745A6265,399,0.40384313464164734,85.19918060302734,26.635595321655273,47473.375,E,1217.493408203125
295,306,745A6265,400,0.19826820492744446,57.837127685546875,24.67436408996582,27655.947265625,E,1013.4431762695312
295,308,745A6265,401,0.37998828291893005,72.68389129638672,28.021320343017578,44823.4453125,E,988.8174438476562
296,305,745A6265,402,0.5203407406806946,61.686973571777344,18.746623992919922,17026.66015625,E,1178.2239990234375
297,316,745A6265,403,0.4081239402294159,105.75099182128906,32.19839859008789,86107.875,E,918.7110595703125
298,301,745A6265,404,0.4645327627658844,60.42912673950195,18.918212890625,16986.20703125,E,849.9161376953125
298,311,745A6265,405,0.2486215978860855,45.32184600830078,22.996631622314453,18824.609375,E,818.8345947265625
299,756,745A6265,406,2.9759902954101562,893.0032348632812,35.75946807861328,896860.6875,F,446.5030517578125
300,756,745A6265,407,2.656938076019287,787.8187866210938,35.75946807861328,791221.875,F,393.91021728515625
301,313,745A6265,408,0.20822502672672272,47.4691276550293,30.300987243652344,34230.6171875,E,831.9681396484375
302,311,745A6265,409,0.42024555802345276,114.60063171386719,33.17707443237305,99072.484375,E,795.9998779296875
302,756,745A6265,410,2.643265724182129,782.019775390625,35.75946807861328,785397.8125,F,391.0120544433594
303,332,745A6265,411,0.8455469012260437,132.2236328125,25.78683853149414,69055.0078125,E,1272.31396484375
304,331,745A6265,412,0.5596479177474976,133.9262237548828,30.964818954467773,100853.875,E,1010.7994384765625
305,312,745A6265,413,0.27071613073349,51.134769439697266,22.975933074951172,21200.810546875,E,1158.069091796875
305,315,745A6265,414,0.4359838664531708,67.94461059570312,22.148897171020508,26178.76171875,E,1118.153564453125
306,328,745A6265,415,0.41863033175468445,94.12513732910156,30.045673370361328,66735.875,E,974.596923828125
307,309,745A6265,416,0.44502928853034973,99.30913543701172,30.38004493713379,71987.3046875,E,1219.2017822265625
308,318,745A6265,417,0.24237026274204254,63.2053337097168,27.852651596069336,38510.28515625,E,925.9873657226562
308,339,745A6265,418,0.7161895632743835,129.26319885253906,26.128522872924805,69309.7734375,E,932.1869506835938
309,312,745A6265,419,0.053190432488918304,13.588926315307617,31.941574096679688,10888.9912109375,E,1175.4818115234375
310,335,745A6265,420,0.589618444442749,106.37991333007812,27.217594146728516,61894.05859375,E,1069.119873046875
311,313,745A6265,421,0.10700194537639618,45.766563415527344,22.272905349731445,17831.666015625,E,804.708251953125
311,322,745A6265,422,0.1365329772233963,48.987483978271484,29.841724395751953,34262.796875,E,781.9644775390625
312,338,745A6265,423,0.4907256066799164,112.8217544555664,30.327417373657227,81499.2421875,E,1117.0858154296875
313,314,745A6265,424,0.023218853399157524,5.184000015258789,29.884233474731445,3636.12744140625,E,806.6500854492188
314,319,745A6265,425,0.14178580045700073,30.843490600585938,29.573192596435547,21186.04296875,E,790.348876953125
314,325,745A6265,426,0.1826893836259842,36.47220993041992,23.064847946166992,15238.8828125,E,796.8154296875
315,331,745A6265,427,0.3438538908958435,74.8311767578125,25.661697387695312,38702.87109375,E,1050.799072265625
316,318,745A6265,428,0.047628067433834076,12.51528263092041,32.40101623535156,10319.2412109375,E,894.0810546875
316,336,745A6265,429,0.34614840149879456,86.27281188964844,28.849285125732422,56394.13671875,E,849.5757446289062
317,321,745A6265,430,0.5016074180603027,48.54277038574219,19.43695068359375,14403.5888671875,E,1014.4979858398438
317,323,745A6265,431,0.21853969991207123,22.438568115234375,20.75887107849121,7594.3828125,E,1019.3148193359375
318,340,745A6265,432,0.3325232267379761,76.61004638671875,30.474567413330078,55879.265625,E,880.2061767578125
319,322,745A6265,433,0.04274147376418114,9.923282623291016,30.42804718017578,7215.94775390625,E,771.4551391601562
319,325,745A6265,434,0.1463599056005478,29.14092445373535,22.487234115600586,11573.515625,E,778.6885375976562
320,756,745A6265,435,2.777801275253296,847.5879516601562,35.75946807861328,851249.25,F,423.7953186035156
321,323,745A6265,436,0.11340612173080444,21.809640884399414,27.645740509033203,13091.6640625,E,1004.36767578125
321,330,745A6265,437,0.21715205907821655,48.098052978515625,29.9276065826416,33834.62109375,E,975.523193359375
322,326,745A6265,438,0.027309786528348923,6.257641315460205,31.41571807861328,4850.58935546875,E,764.77685546875
324,327,745A6265,439,0.6397501230239868,162.5907745361328,32.06693649291992,131310.890625,E,1369.2603759765625
325,329,745A6265,440,0.3220185935497284,26.993640899658203,16.301286697387695,5633.7177734375,E,772.515380859375
326,756,745A6265,441,2.565404176712036,762.087646484375,35.75946807861328,765379.5625,F,381.0385437011719
327,342,745A6265,442,0.32757362723350525,82.60717010498047,31.76348876953125,65458.19140625,E,1260.7999267578125
328,330,745A6265,443,0.01424774993211031,3.6656415462493896,32.07981491088867,2962.80859375,E,951.9417114257812
328,341,745A6265,444,0.2565825581550598,46.57969284057617,24.472545623779297,21910.123046875,E,929.5734252929688
329,756,745A6265,445,2.542809009552002,761.6114501953125,35.75946807861328,764901.3125,F,380.80743408203125
330,360,745A6265,446,0.3577878177165985,89.57006072998047,28.885751724243164,58697.56640625,E,934.1796875
331,333,745A6265,447,0.07773538678884506,14.662566184997559,27.473169326782227,8691.953125,E,1005.9700317382812
332,342,745A6265,448,0.04853200539946556,29.325130462646484,17.38164520263672,6958.43505859375,E,1219.36865234375
332,343,745A6265,449,0.5919464230537415,112.2691421508789,27.7243595123291,67775.59375,E,1167.252685546875
333,337,745A6265,450,0.1351129412651062,20.291284561157227,21.162918090820312,7137.57275390625,E,991.04052734375
333,354,745A6265,451,0.4318333566188812,53.09783935546875,22.73577117919922,21556.890625,E,979.6428833007812
334,345,745A6265,452,0.8003451824188232,62.131690979003906,19.063907623291016,17734.826171875,E,772.8533935546875
334,756,745A6265,453,2.5243868827819824,761.3335571289062,35.75946807861328,764622.25,F,380.66827392578125
335,347,745A6265,454,0.24589797854423523,46.39548873901367,18.877309799194336,12985.1162109375,E,1031.4862060546875
335,360,745A6265,455,0.5833996534347534,114.3401107788086,27.059803009033203,65756.3515625,E,964.783203125
336,346,745A6265,456,0.6719878911972046,103.60369873046875,21.46472930908203,37490.046875,E,829.64111328125
336,350,745A6265,457,0.22142598032951355,52.20840835571289,30.815807342529297,38938.33984375,E,788.1893920898438
337,344,745A6265,458,0.12762078642845154,12.51528263092041,17.99152946472168,3181.754638671875,E,976.46142578125
337,349,745A6265,459,0.4761899709701538,48.54277038574219,21.07524871826172,16934.01171875,E,966.13134765625
338,343,745A6265,460,0.5366426706314087,74.4627685546875,24.41093635559082,34849.609375,E,1091.385009765625
338,382,745A6265,461,1.1939562559127808,160.9197998046875,23.292537689208984,68569.8125,E,988.9785766601562
339,341,745A6265,462,0.018114006146788597,3.6656415462493896,28.451013565063477,2330.42626953125,E,905.9512939453125
339,348,745A6265,463,0.10746042430400848,20.920207977294922,27.85129737854004,12745.2021484375,E,895.9105834960938
340,346,745A6265,464,0.03292595595121384,7.331283092498779,29.83679962158203,5125.9501953125,E,863.276123046875
340,348,745A6265,465,0.16747593879699707,40.58256149291992,25.869176864624023,21330.181640625,E,878.0256958007812
341,355,745A6265,466,0.15359297394752502,37.99056625366211,25.989120483398438,20153.421875,E,898.656982421875
342,361,745A6265,467,0.3671818673610687,80.45989227294922,26.77078628540039,45288.8828125,E,1184.31689453125
343,362,745A6265,468,0.5217057466506958,72.49968719482422,22.450788497924805,28700.484375,E,1090.00244140625
344,349,745A6265,469,0.13702215254306793,18.328208923339844,18.596330642700195,4978.109375,E,961.6514282226562
345,756,745A6265,470,2.505964756011963,762.087646484375,35.75946807861328,765379.5625,F,381.04541015625
346,359,745A6265,471,0.3121976852416992,53.726768493652344,26.824657440185547,30363.30078125,E,849.9859008789062
347,358,745A6265,472,0.22820717096328735,46.8402099609375,28.723066329956055,30350.8125,E,1024.8194580078125
348,353,745A6265,473,0.08439647406339645,15.552000045776367,22.228179931640625,6035.09228515625,E,880.3805541992188
349,351,745A6265,474,0.03821159899234772,6.257641315460205,25.581178665161133,3216.189697265625,E,949.5590209960938
350,756,745A6265,475,2.492292642593384,764.3016357421875,35.75946807861328,767603.125,F,382.14532470703125
351,354,745A6265,476,0.12748610973358154,21.36492347717285,25.9022159576416,11258.099609375,E,950.9076538085938
351,356,745A6265,477,0.05828873813152313,29.769847869873047,20.73600196838379,10053.4833984375,E,933.4616088867188
352,357,745A6265,478,0.5756942629814148,40.137847900390625,20.891374588012695,13758.71875,E,788.9602661132812
353,355,745A6265,479,0.11166088283061981,26.54892349243164,23.378822326660156,11396.77734375,E,881.0015869140625
353,359,745A6265,480,0.09427690505981445,30.843490600585938,15.118306159973145,5536.81103515625,E,860.732421875
354,382,745A6265,481,0.9276000261306763,65.16841125488281,15.970446586608887,13054.5263671875,E,935.8467407226562
355,369,745A6265,482,0.1106988936662674,40.76676940917969,28.47896385192871,25968.36328125,E,885.4866333007812
356,366,745A6265,483,0.7050474882125854,130.5973358154297,28.16728401184082,81379.3359375,E,869.37939453125
356,408,745A6265,484,0.9558608531951904,180.766357421875,28.343265533447266,114053.1484375,E,837.6751708984375
357,756,745A6265,485,2.464947462081909,771.0404663085938,35.75946807861328,774371.0625,F,385.5213928222656
358,367,745A6265,486,0.10063610970973969,18.772924423217773,27.4447078704834,11105.5234375,E,1002.783935546875
358,368,745A6265,487,0.48914486169815063,66.0578384399414,22.397663116455078,26026.732421875,E,1032.055419921875
359,388,745A6265,488,0.20407411456108093,45.137638092041016,29.758867263793945,31395.076171875,E,832.9490356445312
360,365,745A6265,489,0.018114008009433746,6.257641315460205,28.451011657714844,3978.285888671875,E,912.3114624023438
361,370,745A6265,490,0.8961373567581177,214.61497497558594,31.203041076660156,164113.28125,E,1233.364990234375
361,377,745A6265,491,0.19348393380641937,50.061126708984375,32.168304443359375,40686.171875,E,1125.8204345703125
362,373,745A6265,492,0.18925407528877258,28.251487731933594,25.269460678100586,14168.4765625,E,1059.55615234375
362,396,745A6265,493,2.78432559967041,205.4285125732422,21.996078491210938,78062.265625,E,961.96484375
363,364,745A6265,494,0.0913354754447937,19.217641830444336,29.47764778137207,13115.220703125,E,796.1487426757812
363,756,745A6265,495,2.4828922748565674,789.9989013671875,35.75946807861328,793411.4375,F,394.9959716796875
364,366,745A6265,496,0.1350892037153244,30.214563369750977,29.895326614379883,21208.638671875,E,810.9240112304688
364,374,745A6265,497,0.144256129860878,17.699283599853516,19.646343231201172,5365.4853515625,E,794.4635620117188
365,369,745A6265,498,0.1258540004491806,27.6225643157959,29.61385154724121,19025.833984375,E,898.3065185546875
365,386,745A6265,499,0.1294821798801422,40.137847900390625,27.121976852416992,23189.248046875,E,907.4619140625
366,374,745A6265,500,0.48224878311157227,64.72368621826172,19.051788330078125,18451.201171875,E,792.26416015625
367,372,745A6265,501,0.030048547312617302,6.257641315460205,28.908424377441406,4107.23388671875,E,995.6675415039062
367,375,745A6265,502,0.2417047917842865,54.6161994934082,26.12329864501953,29273.013671875,E,975.8587036132812
368,376,745A6265,503,0.09422772377729416,13.588926315307617,24.017169952392578,6156.28466796875,E,1045.9862060546875
368,384,745A6265,504,1.6724467277526855,45.50605392456055,15.259997367858887,8322.771484375,E,1039.4173583984375
369,380,745A6265,505,0.05754232779145241,14.033641815185547,31.232755661010742,10751.79296875,E,880.603515625
371,379,745A6265,506,0.5958242416381836,60.42912673950195,21.060304641723633,21050.6484375,E,799.4830322265625
371,385,745A6265,507,0.25942590832710266,22.438568115234375,20.298919677734375,7261.57568359375,E,795.8192749023438
371,391,745A6265,508,0.30254843831062317,34.9538459777832,20.2501277923584,11257.4599609375,E,802.8331909179688
372,384,745A6265,509,0.36614087224006653,50.5058479309082,20.542871475219727,16739.939453125,E,1007.7169799804688
372,390,745A6265,510,0.15626659989356995,34.509132385253906,29.64397621154785,23817.53515625,E,979.9569702148438
373,377,745A6265,511,0.6028597950935364,56.31876754760742,15.004955291748047,9958.923828125,E,1087.3843994140625
373,387,745A6265,512,0.07844635844230652,26.54892349243164,28.03426170349121,16387.587890625,E,1062.29833984375
374,378,745A6265,513,0.06530553847551346,6.257641315460205,22.281036376953125,2439.89599609375,E,783.9227294921875
375,381,745A6265,514,0.06816194951534271,11.441641807556152,25.814285278320312,5988.2294921875,E,949.4061889648438
375,383,745A6265,515,0.1752627044916153,31.2882080078125,21.685672760009766,11556.2353515625,E,939.173095703125
376,384,745A6265,516,0.9490141868591309,17.254566192626953,9.7022123336792,1275.66162109375,E,1030.8468017578125
377,387,745A6265,517,0.21451756358146667,49.61640930175781,30.503013610839844,36257.73828125,E,1078.4073486328125
378,756,745A6265,518,2.4566009044647217,780.8590698242188,35.75946807861328,784232.125,F,390.4053649902344
379,756,745A6265,519,2.4566009044647217,780.8590698242188,35.75946807861328,784232.125,F,390.4053649902344
380,386,745A6265,520,0.17127728462219238,47.913848876953125,28.838966369628906,31297.548828125,E,887.4238891601562
380,395,745A6265,521,0.20507924258708954,50.24533462524414,31.2490234375,38535.28125,E,850.8343505859375
381,383,745A6265,522,0.050504084676504135,28.69620704650879,20.261648178100586,9252.6025390625,E,934.3427124023438
381,390,745A6265,523,0.1675645112991333,33.88020706176758,22.21714210510254,13134.462890625,E,954.008544921875
382,396,745A6265,524,0.23269669711589813,40.76676940917969,26.522064208984375,22522.19921875,E,896.607421875
383,389,745A6265,525,0.06596922874450684,25.03056526184082,26.635595321655273,13947.1455078125,E,915.2967529296875
385,756,745A6265,526,2.5046727657318115,787.0509033203125,35.75946807861328,790450.6875,F,393.5225524902344
386,389,745A6265,527,0.030065486207604408,7.331283092498779,31.219202041625977,5611.9453125,E,902.7430419921875
387,401,745A6265,528,0.4006018042564392,85.01497650146484,29.323001861572266,57411.9375,E,1020.4384155273438
388,392,745A6265,529,0.09670266509056091,29.140928268432617,28.88809585571289,19099.900390625,E,807.9260864257812
388,393,745A6265,530,0.06263324618339539,19.846567153930664,29.44512367248535,13514.5634765625,E,821.2794799804688
388,394,745A6265,531,0.09055831283330917,20.920207977294922,30.790348052978516,15577.044921875,E,809.8220825195312
389,400,745A6265,532,0.2125512808561325,44.432411193847656,29.190134048461914,29734.587890625,E,902.190185546875
390,398,745A6265,533,0.14751282334327698,25.475284576416016,26.426204681396484,13972.6416015625,E,958.6658935546875
391,756,745A6265,534,2.539886951446533,791.73193359375,35.75946807861328,795151.9375,F,395.8633728027344
392,756,745A6265,535,2.5574941635131836,794.22705078125,35.75946807861328,797657.8125,F,397.1147155761719
393,395,745A6265,536,0.05043530464172363,12.51528263092041,28.115575790405273,7770.0625,E,824.0567016601562
393,397,745A6265,537,0.09851475059986115,21.36492347717285,29.80038070678711,14901.666015625,E,811.4290771484375
394,756,745A6265,538,2.587958812713623,799.1602783203125,35.75946807861328,802612.375,F,399.5813903808594
395,402,745A6265,539,0.07266144454479218,21.809640884399414,28.552658081054688,13964.6953125,E,820.311279296875
396,406,745A6265,540,0.2680716812610626,45.50605392456055,26.07101821899414,24292.658203125,E,856.923828125
397,756,745A6265,541,2.6055660247802734,801.917236328125,35.75946807861328,805381.25,F,400.95989990234375
398,404,745A6265,542,0.11849234998226166,25.659488677978516,29.368375778198242,17381.919921875,E,938.4437866210938
398,405,745A6265,543,0.47799888253211975,81.16513061523438,23.999277114868164,36716.03125,E,977.0692138671875
399,419,745A6265,544,0.6721703410148621,119.52411651611328,25.39082145690918,60519.99609375,E,1275.7249755859375
400,404,745A6265,545,0.13797463476657867,31.73292350769043,30.285741806030273,22860.0078125,E,916.0267944335938
400,409,745A6265,546,0.11445732414722443,48.54277038574219,25.80673599243164,25391.044921875,E,883.0083618164062
401,411,745A6265,547,0.23279275000095367,70.79712677001953,26.62339973449707,39412.3671875,E,1001.9689331054688
401,417,745A6265,548,0.8269885182380676,191.0264434814453,30.65798568725586,141016.71875,E,894.7560424804688
402,756,745A6265,549,2.6793527603149414,815.463134765625,35.75946807861328,818985.625,F,407.7330627441406
403,434,745A6265,550,0.9440860152244568,219.20162963867188,30.80907440185547,163414.640625,E,1312.355712890625
404,410,745A6265,551,0.05957665294408798,18.772924423217773,29.010066986083984,12408.5,E,924.8207397460938
406,412,745A6265,552,0.1456201821565628,31.288206100463867,22.220046997070312,12132.78515625,E,821.8162841796875
406,417,745A6265,553,0.08325465768575668,39.064205169677734,19.389177322387695,11534.2041015625,E,824.7107543945312
407,409,745A6265,554,0.23395730555057526,54.6161994934082,30.8336181640625,40781.234375,E,844.1785278320312
407,756,745A6265,555,2.7274246215820312,824.7489624023438,35.75946807861328,828311.5625,F,412.3759460449219
408,756,745A6265,556,2.445035457611084,750.9154052734375,35.75946807861328,754159.0625,F,375.4590759277344
409,413,745A6265,557,0.045776352286338806,11.441641807556152,31.579708099365234,8961.783203125,E,858.6932983398438
410,415,745A6265,558,0.40802258253097534,72.31549072265625,24.24814796447754,33394.76171875,E,949.113525390625
410,421,745A6265,559,0.08649767935276031,36.472206115722656,29.640283584594727,25166.140625,E,910.0119018554688
411,416,745A6265,560,0.12365381419658661,25.475284576416016,28.84540367126465,16648.00390625,E,1022.5531616210938
411,419,745A6265,561,0.9630411267280579,242.6822509765625,31.95899200439453,194676.75,E,1123.91552734375
412,420,745A6265,562,0.17437347769737244,28.69620704650879,25.763463973999023,14959.7001953125,E,804.6387329101562
412,423,745A6265,563,0.4114551842212677,53.726768493652344,23.896095275878906,24095.419921875,E,782.3570556640625
413,414,745A6265,564,0.07773588597774506,20.291284561157227,32.435577392578125,16766.509765625,E,848.6937255859375
413,422,745A6265,565,0.08515037596225739,27.622568130493164,30.33439064025879,19962.9375,E,855.9837646484375
414,756,745A6265,566,2.7978529930114746,839.1237182617188,35.75946807861328,842748.4375,F,419.5633850097656
416,436,745A6265,567,0.5661274790763855,136.1497802734375,27.744415283203125,82311.015625,E,958.044921875
416,443,745A6265,568,0.678276002407074,136.96292114257812,27.948991775512695,84028.2265625,E,1043.99755859375
417,420,745A6265,569,0.07465299963951111,13.588926315307617,26.916141510009766,7732.15625,E,808.1277465820312
418,424,745A6265,570,0.13738594949245453,26.10420799255371,22.703889846801758,10568.1982421875,E,749.1377563476562
418,756,745A6265,571,2.443883180618286,743.4161376953125,35.75946807861328,746627.4375,F,371.7095947265625
419,434,745A6265,572,0.299109548330307,67.1314926147461,26.75885581970215,37752.984375,E,1211.4656982421875
420,423,745A6265,573,0.2477596551179886,56.76348876953125,22.38945770263672,22348.384765625,E,777.6695556640625
421,425,745A6265,574,0.15426498651504517,39.064205169677734,32.001399993896484,31420.048828125,E,879.9671630859375
421,428,745A6265,575,0.09587643295526505,23.512208938598633,31.304752349853516,18096.88671875,E,899.3824462890625
422,756,745A6265,576,2.863532066345215,853.9646606445312,35.75946807861328,857653.5,F,426.9815673828125
423,424,745A6265,577,0.031656231731176376,6.257641315460205,28.16301155090332,3898.151611328125,E,755.403076171875
424,426,745A6265,578,0.0490107424557209,9.923283576965332,28.4611759185791,6313.22021484375,E,748.9739379882812
425,756,745A6265,579,2.8987462520599365,862.2793579101562,35.75946807861328,866004.125,F,431.1391296386719
426,427,745A6265,580,0.042609065771102905,8.849641799926758,29.84865951538086,6192.4892578125,E,740.162841796875
426,433,745A6265,581,1.7122979164123535,49.43220901489258,10.963807106018066,4666.83740234375,E,738.428955078125
427,756,745A6265,582,2.437981128692627,736.2238159179688,35.75946807861328,739404.0625,F,368.1103820800781
428,429,745A6265,583,0.06483228504657745,17.254566192626953,30.079397201538086,12261.177734375,E,904.6107177734375
428,430,745A6265,584,0.10565350204706192,23.512208938598633,30.214588165283203,16858.412109375,E,890.61474609375
429,431,745A6265,585,0.07090216875076294,21.99384880065918,29.615886688232422,15150.9765625,E,897.2095336914062
429,435,745A6265,586,0.29172244668006897,73.12861633300781,31.65377426147461,57547.734375,E,916.6339111328125
430,756,745A6265,587,2.9739246368408203,880.9940795898438,35.75946807861328,884799.6875,F,440.49896240234375
431,756,745A6265,588,2.996281385421753,886.7898559570312,35.75946807861328,890620.5,F,443.3971252441406
432,433,745A6265,589,0.12272582948207855,25.03056526184082,14.264470100402832,4000.10888671875,E,752.2919311523438
432,438,745A6265,590,0.6357123851776123,111.8244400024414,26.093671798706055,59799.421875,E,804.7911987304688
432,439,745A6265,591,0.35453858971595764,21.36492347717285,11.726005554199219,2307.232666015625,E,754.3702392578125
433,440,745A6265,592,0.2893114387989044,19.217641830444336,12.831924438476562,2485.269775390625,E,738.9606323242188
434,437,745A6265,593,0.038197048008441925,9.923282623291016,32.22211837768555,8091.9541015625,E,1204.30419921875
436,438,745A6265,594,0.29184073209762573,62.39220428466797,29.32915496826172,42152.109375,E,871.8779296875
436,445,745A6265,595,0.8959414958953857,192.10009765625,29.213699340820312,128762.8515625,E,964.32958984375
437,443,745A6265,596,0.8871029615402222,147.40719604492188,29.457319259643555,100460.421875,E,1138.6317138671875
437,456,745A6265,597,1.0522522926330566,272.55999755859375,32.18484878540039,221745.578125,E,1122.9490966796875
438,448,745A6265,598,1.045676827430725,208.83363342285156,28.267030715942383,131054.1328125,E,878.3680419921875
439,440,745A6265,599,0.1604224443435669,17.699283599853516,20.948007583618164,6100.01708984375,E,741.1618041992188
439,444,745A6265,600,0.9646917581558228,96.9013442993164,20.357751846313477,31541.27734375,E,778.2135009765625
440,442,745A6265,601,0.10412149131298065,11.441641807556152,22.98036766052246,4745.611328125,E,729.4180297851562
441,451,745A6265,602,1.3084030151367188,349.2779235839844,32.85590744018555,296133.75,E,1479.552001953125
442,756,745A6265,603,2.4323177337646484,724.6668090820312,35.75946807861328,727797.125,F,362.3352966308594
443,445,745A6265,604,0.1746814101934433,39.6931266784668,30.19542694091797,28424.15234375,E,1053.5352783203125
445,448,745A6265,605,0.6698116064071655,146.25723266601562,29.632150650024414,100863.390625,E,978.0316162109375
446,447,745A6265,606,1.0567796230316162,117.63735961914062,29.996789932250977,83135.15625,E,1021.233154296875
447,756,745A6265,607,3.2631702423095703,966.3850708007812,35.75946807861328,970559.5,F,483.1907958984375
448,449,745A6265,608,0.1344660371541977,48.098052978515625,29.536373138427734,32955.7890625,E,896.2940673828125
449,456,745A6265,609,0.9009298086166382,203.9864501953125,30.202062606811523,146138.421875,E,963.7911376953125
449,461,745A6265,610,0.7343218326568604,172.9903564453125,30.735332489013672,128347.5546875,E,805.4151611328125
450,452,745A6265,611,0.22847647964954376,46.8402099609375,28.910816192626953,30748.888671875,E,740.8181762695312
451,455,745A6265,612,0.30623844265937805,85.9044189453125,30.537216186523438,62916.45703125,E,1295.7181396484375
451,462,745A6265,613,1.6213096380233765,365.42730712890625,31.799427032470703,290221.40625,E,1489.6097412109375
452,756,745A6265,614,2.4094254970550537,719.1807250976562,35.75946807861328,722287.3125,F,359.5927734375
453,454,745A6265,615,1.4338809251785278,59.800209045410156,24.264080047607422,27651.599609375,E,1035.502685546875
454,756,745A6265,616,3.3216962814331055,1008.218017578125,35.75946807861328,1012573.1875,F,504.1096496582031
455,457,745A6265,617,0.5795674324035645,80.90460968017578,20.14764404296875,25793.583984375,E,1285.647216796875
455,460,745A6265,618,1.1482748985290527,247.1610565185547,30.508771896362305,180683.859375,E,1143.545166015625
456,460,745A6265,619,0.16335180401802063,46.8402099609375,28.574684143066406,30038.0390625,E,1040.217529296875
457,464,745A6265,620,0.7894315719604492,150.4438934326172,26.641048431396484,83862.359375,E,1244.1290283203125
457,467,745A6265,621,0.6087242364883423,154.92266845703125,31.924497604370117,124008.9375,E,1372.45263671875
458,459,745A6265,622,0.6100290417671204,14.033641815185547,13.271719932556152,1941.3985595703125,E,989.8146362304688
458,756,745A6265,623,3.201129674911499,983.5197143554688,35.75946807861328,987768.1875,F,491.7615051269531
460,463,745A6265,624,0.2738143801689148,82.86768341064453,27.52263641357422,49300.9375,E,995.4180297851562
461,756,745A6265,625,2.397860050201416,732.4131469726562,35.75946807861328,735576.9375,F,366.20751953125
463,468,745A6265,626,0.5565379858016968,115.04534912109375,29.139156341552734,76720.765625,E,1005.6279296875
463,469,745A6265,627,0.8876156210899353,221.9462432861328,31.71515464782715,175336.09375,E,855.5878295898438
464,465,745A6265,628,0.19457818567752838,49.43220520019531,31.868614196777344,39429.94921875,E,1159.0565185546875
464,473,745A6265,629,1.5495800971984863,369.7218933105469,31.465862274169922,287504.28125,E,1340.5150146484375
465,468,745A6265,630,0.5562306046485901,95.38299560546875,24.001646041870117,43156.171875,E,1096.43505859375
465,476,745A6265,631,1.4816052913665771,286.9620361328125,28.773265838623047,186591.84375,E,1244.5849609375
466,481,745A6265,632,3.620316505432129,182.8057403564453,28.593318939208984,117383.9765625,E,1160.1783447265625
468,472,745A6265,633,0.5098826289176941,116.93213653564453,30.42928123474121,85036.8515625,E,1096.8203125
469,756,745A6265,634,2.3882617950439453,752.2205200195312,35.75946807861328,755469.8125,F,376.11187744140625
470,471,745A6265,635,0.025501422584056854,3.6656415462493896,23.97854232788086,1655.333251953125,E,934.4392700195312
470,756,745A6265,636,2.9255971908569336,933.1343994140625,35.75946807861328,937165.1875,F,466.56805419921875
472,474,745A6265,637,0.12580451369285583,34.95384979248047,26.730636596679688,19615.685546875,E,1134.626708984375
472,479,745A6265,638,0.48355376720428467,124.4476318359375,32.20784378051758,101391.09375,E,1190.644287109375
474,475,745A6265,639,1.8330923318862915,361.9142761230469,29.75497817993164,251660.375,E,956.320556640625
474,491,745A6265,640,0.47039833664894104,107.71405792236328,29.52967071533203,73769.9453125,E,1150.3848876953125
475,756,745A6265,641,2.522500991821289,784.8582763671875,35.75946807861328,788248.5625,F,392.4311218261719
476,479,745A6265,642,0.6304372549057007,134.89190673828125,27.100122451782227,77806.9296875,E,1296.0765380859375
476,488,745A6265,643,0.4778112471103668,101.64061737060547,27.604637145996094,60830.484375,E,1397.6383056640625
477,478,745A6265,644,0.24998734891414642,25.47528076171875,20.213533401489258,8175.10546875,E,923.383544921875
477,480,745A6265,645,0.27105215191841125,32.361846923828125,22.896461486816406,13324.775390625,E,948.1729736328125
477,486,745A6265,646,0.18938769400119781,25.47528076171875,10.48997688293457,2201.698974609375,E,938.519287109375
478,483,745A6265,647,0.5024036765098572,49.43220901489258,17.800745010375977,12302.0146484375,E,893.375
478,487,745A6265,648,0.1303395926952362,26.54892349243164,12.658447265625,3341.162841796875,E,912.5116577148438
479,485,745A6265,649,0.028356414288282394,7.776000022888184,33.10136413574219,6691.72265625,E,1238.7034912109375
480,486,745A6265,650,0.1648510843515396,31.2882080078125,27.84760093688965,19056.6328125,E,954.663818359375
481,484,745A6265,651,1.641715168952942,290.6723937988281,30.933530807495117,218450.296875,E,1279.6982421875
481,489,745A6265,652,0.29335424304008484,67.3156967163086,30.3841552734375,48809.07421875,E,1114.5367431640625
482,483,745A6265,653,0.6229232549667358,80.53620147705078,23.0698184967041,33664.28515625,E,848.5949096679688
482,756,745A6265,654,2.654534339904785,810.8611450195312,35.75946807861328,814363.75,F,405.43255615234375
483,487,745A6265,655,0.26933321356773376,30.214563369750977,21.164766311645508,10629.9970703125,E,899.0938720703125
485,494,745A6265,656,0.46415674686431885,105.490478515625,26.535812377929688,58340.19921875,E,1214.535888671875
485,502,745A6265,657,0.7991703748703003,183.17416381835938,30.53512954711914,134138.5625,E,1301.7939453125
486,487,745A6265,658,0.3381878137588501,35.398563385009766,20.546781539916992,11737.162109375,E,927.9580078125
489,492,745A6265,659,0.484992116689682,125.2291259765625,32.19471740722656,101944.6640625,E,1032.4739990234375
489,497,745A6265,660,0.9861882328987122,229.83013916015625,29.88508415222168,161215.140625,E,1190.8863525390625
490,492,745A6265,661,0.31234440207481384,87.86750030517578,33.572113037109375,77781.359375,E,935.798095703125
490,756,745A6265,662,2.9461841583251953,894.8858642578125,35.75946807861328,898751.4375,F,447.44482421875
492,518,745A6265,663,1.1350719928741455,275.2598876953125,30.49308967590332,201018.328125,E,1077.6544189453125
493,495,745A6265,664,0.8489973545074463,216.57803344726562,31.981975555419922,173986.21875,E,946.5477294921875
493,756,745A6265,665,2.8081090450286865,844.3596801757812,35.75946807861328,848007.0,F,422.1818542480469
494,495,745A6265,666,0.6678751111030579,154.63055419921875,30.513412475585938,113075.046875,E,1124.096923828125
494,502,745A6265,667,0.8602161407470703,177.8059539794922,28.506135940551758,113478.3125,E,1276.6649169921875
495,498,745A6265,668,0.22581984102725983,43.17456817626953,22.83547592163086,17682.26953125,E,1054.99267578125
496,505,745A6265,669,0.3946667015552521,84.12554168701172,29.560529708862305,57735.3984375,E,912.98193359375
496,756,745A6265,670,2.9490652084350586,882.0496215820312,35.75946807861328,885859.75,F,441.02679443359375
498,501,745A6265,671,0.1412704586982727,35.398563385009766,26.04649543762207,18861.408203125,E,1075.0047607421875
498,503,745A6265,672,0.35943281650543213,69.27877044677734,27.906354904174805,42373.6875,E,1032.5177001953125
499,500,745A6265,673,0.8167147636413574,71.68656158447266,18.70380973815918,19696.44140625,E,1184.1055908203125
499,501,745A6265,674,2.0693280696868896,70.79712677001953,10.325081825256348,5927.78564453125,E,1119.8193359375
499,509,745A6265,675,0.5157687664031982,48.54277038574219,17.17835235595703,11250.646484375,E,1143.6121826171875
501,509,745A6265,676,0.33604365587234497,49.17169189453125,25.61912727355957,25347.416015625,E,1112.50244140625
502,508,745A6265,677,0.12078884989023209,31.2882080078125,32.23505783081055,25534.5078125,E,1363.8338623046875
503,506,745A6265,678,0.13576360046863556,27.17784881591797,28.233036041259766,17014.53515625,E,999.8989868164062
503,507,745A6265,679,0.47430989146232605,64.09477233886719,18.03844451904297,16379.876953125,E,981.5262451171875
504,510,745A6265,680,0.3357418477535248,63.65005111694336,24.771987915039062,30676.8203125,E,924.0733642578125
504,756,745A6265,681,3.019592523574829,896.251220703125,35.75946807861328,900122.6875,F,448.12750244140625
505,511,745A6265,682,0.5992287993431091,118.71097564697266,26.97995376586914,67867.703125,E,999.250732421875
505,540,745A6265,683,1.4696483612060547,326.21044921875,29.151315689086914,217722.875,E,1000.1145629882812
506,507,745A6265,684,0.12747091054916382,20.736000061035156,25.646682739257812,10712.1650390625,E,982.680908203125
507,510,745A6265,685,0.16640134155750275,28.69620704650879,26.450597763061523,15768.3173828125,E,963.7422485351562
508,516,745A6265,686,0.7920207381248474,193.5421600341797,29.051498413085938,128292.875,E,1307.3533935546875
508,532,745A6265,687,1.4422991275787354,260.1526184082031,30.84897804260254,194446.28125,E,1462.7220458984375
509,515,745A6265,688,0.19584670662879944,67.13148498535156,31.321643829345703,51725.5625,E,1132.423583984375
510,513,745A6265,689,0.0517098605632782,21.809640884399414,28.249752044677734,13669.97265625,E,956.30712890625
512,513,745A6265,690,0.23130206763744354,45.76656723022461,28.436067581176758,29065.46484375,E,938.8516235351562
512,756,745A6265,691,3.101010322570801,917.3080444335938,35.75946807861328,921270.5,F,458.65460205078125
513,515,745A6265,692,0.7663175463676453,190.84225463867188,32.24961853027344,155888.3125,E,1047.9410400390625
514,517,745A6265,693,0.1966542750597,45.50605392456055,30.738069534301758,33768.53515625,E,910.5995483398438
514,756,745A6265,694,3.01772403717041,891.4219360351562,35.75946807861328,895272.5625,F,445.7099609375
515,516,745A6265,695,0.4191596806049347,118.52679443359375,33.652740478515625,105425.890625,E,1187.662109375
516,545,745A6265,696,1.2501797676086426,341.5782470703125,33.15024948120117,294817.8125,E,1386.687744140625
517,520,745A6265,697,0.2400827705860138,54.80040740966797,30.456844329833984,39924.8671875,E,954.770263671875
517,522,745A6265,698,0.32569849491119385,48.35856628417969,21.411561965942383,17412.455078125,E,936.3482666015625
519,524,745A6265,699,0.7518141269683838,100.56700134277344,27.08057403564453,57924.33984375,E,892.493408203125
519,756,745A6265,700,2.8687591552734375,848.6138305664062,35.75946807861328,852279.5625,F,424.30914306640625
520,521,745A6265,701,0.22957810759544373,38.61948776245117,26.744123458862305,21694.673828125,E,995.4882202148438
520,527,745A6265,702,0.4641329348087311,51.57948684692383,19.24413299560547,15002.5,E,991.436767578125
521,523,745A6265,703,0.07843881845474243,12.51528263092041,25.19220542907715,6238.251953125,E,1019.1365356445312
521,526,745A6265,704,0.09852707386016846,27.622568130493164,16.067012786865234,5600.46630859375,E,1013.53466796875
522,524,745A6265,705,0.06357955932617188,6.257641315460205,19.83473014831543,1933.5399169921875,E,941.8082275390625
522,529,745A6265,706,0.33374711871147156,40.137847900390625,22.23021125793457,15578.697265625,E,959.2918701171875
523,526,745A6265,707,0.3087383806705475,31.2882080078125,17.2219181060791,7288.42333984375,E,1021.1961059570312
523,544,745A6265,708,1.2534563541412354,351.5015563964844,33.5064697265625,309937.75,E,1184.157470703125
524,528,745A6265,709,0.2842775583267212,31.2882080078125,17.73741340637207,7731.27587890625,E,938.136962890625
525,533,745A6265,710,0.27733832597732544,70.79712677001953,32.1180305480957,57359.23046875,E,818.8045043945312
525,756,745A6265,711,2.692687511444092,805.0611572265625,35.75946807861328,808538.75,F,402.5322265625
526,527,745A6265,712,0.022754471749067307,3.6656415462493896,21.345882415771484,1311.8013916015625,E,1012.9744873046875
527,559,745A6265,713,1.046304702758789,260.78155517578125,31.90883445739746,208539.640625,E,1123.46533203125
528,529,745A6265,714,0.21032144129276276,30.659282684326172,10.937225341796875,2880.48876953125,E,954.3530883789062
528,536,745A6265,715,0.4660983681678772,83.05189514160156,23.917552947998047,37314.09375,E,936.580078125
529,530,745A6265,716,0.047015756368637085,7.331283092498779,24.95774269104004,3586.57958984375,E,971.4161987304688
530,539,745A6265,717,3.0861434936523438,86.53333282470703,12.122428894042969,9987.4033203125,E,977.273681640625
530,543,745A6265,718,0.7451336979866028,125.5975570678711,24.299293518066406,58244.96484375,E,1022.3160400390625
531,533,745A6265,719,0.2549688518047333,77.05477142333984,30.892961502075195,57757.51171875,E,799.9668579101562
531,756,745A6265,720,2.5037589073181152,767.9409790039062,35.75946807861328,771258.1875,F,383.9718322753906
532,535,745A6265,721,0.4160548448562622,22.438568115234375,14.774398803710938,3846.844970703125,E,1532.5728759765625
532,538,745A6265,722,0.6232538819313049,42.28512954711914,13.783342361450195,6309.37939453125,E,1518.78125
533,536,745A6265,723,0.4590338170528412,129.96841430664062,33.68367004394531,115815.453125,E,882.4983520507812
534,560,745A6265,724,0.7405584454536438,190.24490356445312,32.14936065673828,154435.671875,E,847.0256958007812
534,756,745A6265,725,2.4637951850891113,761.9774780273438,35.75946807861328,765268.9375,F,380.99005126953125
535,538,745A6265,726,0.5183315873146057,21.364927291870117,13.0413179397583,2853.87060546875,E,1531.7569580078125
536,539,745A6265,727,0.22817730903625488,56.76348876953125,31.665090560913086,44701.33203125,E,961.2940673828125
537,540,745A6265,728,0.4936228096485138,108.6034927368164,29.772424697875977,75607.015625,E,946.3917236328125
537,756,745A6265,729,2.9866421222686768,900.0624389648438,35.75946807861328,903950.375,F,450.027587890625
539,541,745A6265,730,0.03971100226044655,10.99692440032959,33.25891876220703,9553.826171875,E,990.9125366210938
540,553,745A6265,731,1.0633870363235474,265.4892272949219,31.7036075592041,209582.078125,E,1114.4749755859375
541,543,745A6265,732,0.34039947390556335,62.576412200927734,24.841272354125977,30328.30859375,E,1024.41943359375
541,565,745A6265,733,0.7001643776893616,134.2629852294922,27.97716522216797,82537.9375,E,1017.0300903320312
542,562,745A6265,734,0.5533424615859985,154.03323364257812,33.39699172973633,134933.25,E,805.7713012695312
542,756,745A6265,735,2.3508594036102295,739.2836303710938,35.75946807861328,742477.0625,F,369.63873291015625
543,546,745A6265,736,0.050165805965662,12.51528263092041,31.59597396850586,9812.82421875,E,1059.3638916015625
544,554,745A6265,737,0.7286221981048584,179.14010620117188,31.5262508392334,139838.703125,E,1430.923583984375
544,577,745A6265,738,0.8919702768325806,196.8394012451172,27.616613388061523,117907.859375,E,1362.1915283203125
545,554,745A6265,739,0.25581175088882446,44.87712860107422,23.523162841796875,19503.22265625,E,1510.714111328125
545,555,745A6265,740,0.29655909538269043,51.57948684692383,24.181053161621094,23687.396484375,E,1535.3319091796875
546,549,745A6265,741,0.09210251271724701,24.585847854614258,32.5905876159668,20509.70703125,E,1074.9683837890625
546,571,745A6265,742,0.7287307977676392,115.67427062988281,22.142234802246094,44541.984375,E,1065.207763671875
547,551,745A6265,743,0.39677128195762634,90.45948791503906,30.52430534362793,66196.5859375,E,1291.7548828125
548,550,745A6265,744,0.03750211000442505,8.849641799926758,31.393695831298828,6850.15576171875,E,732.9818115234375
548,756,745A6265,745,2.380986452102661,729.5133056640625,35.75946807861328,732664.5625,F,364.75445556640625
549,564,745A6265,746,0.2995634973049164,70.35240936279297,23.021604537963867,29284.650390625,E,1105.9193115234375
549,573,745A6265,747,1.0614070892333984,171.10360717773438,26.807470321655273,96574.109375,E,1164.358154296875
550,556,745A6265,748,0.0760200247168541,20.920207977294922,26.9283390045166,11914.4775390625,E,739.4146728515625
550,605,745A6265,749,0.9361957311630249,235.12205505371094,32.10214614868164,190305.515625,E,851.0836791992188
551,553,745A6265,750,0.14056453108787537,40.137847900390625,25.980989456176758,21279.203125,E,1243.392333984375
551,558,745A6265,751,0.10516652464866638,31.73292350769043,15.491012573242188,5980.8037109375,E,1263.2901611328125
552,556,745A6265,752,0.04225432127714157,13.588924407958984,27.9732723236084,8351.4423828125,E,736.31640625
552,756,745A6265,753,2.4027669429779053,729.4949340820312,35.75946807861328,732646.0625,F,364.73907470703125
553,558,745A6265,754,0.2006804645061493,42.28512954711914,29.27870750427246,28469.599609375,E,1252.1181640625
554,555,745A6265,755,0.20634880661964417,51.57948684692383,31.69919776916504,40706.46875,E,1531.907470703125
556,563,745A6265,756,0.09502965956926346,31.917129516601562,27.00762367248535,18284.642578125,E,745.993896484375
557,563,745A6265,757,0.08168251067399979,20.920207977294922,32.24244689941406,17080.9453125,E,739.3306274414062
557,756,745A6265,758,2.4211888313293457,728.9559326171875,35.75946807861328,732104.75,F,364.4794921875
558,569,745A6265,759,0.4542486369609833,102.71427917480469,30.27886962890625,73960.53125,E,1317.838134765625
559,570,745A6265,760,0.24287158250808716,48.98748779296875,24.444421768188477,22989.76953125,E,1243.9703369140625
559,577,745A6265,761,0.35916823148727417,94.048828125,32.52285385131836,78130.4921875,E,1284.968505859375
560,566,745A6265,762,0.32147669792175293,64.27897644042969,29.21133041381836,43078.59375,E,970.3910522460938
560,568,745A6265,763,0.17480957508087158,45.32184600830078,26.552061080932617,25095.390625,E,947.1068725585938
561,581,745A6265,764,0.5138686299324036,120.1530532836914,30.705101013183594,88970.4375,E,990.248046875
561,756,745A6265,765,3.0013270378112793,935.1087036132812,35.75946807861328,939148.0625,F,467.55218505859375
562,574,745A6265,766,0.4647948443889618,80.90460968017578,24.57729148864746,38382.3203125,E,911.1597900390625
562,586,745A6265,767,0.393341064453125,85.2754898071289,29.695369720458984,59059.74609375,E,909.1873779296875
563,584,745A6265,768,0.3690235912799835,82.86769104003906,29.982975006103516,58509.25390625,E,787.7630615234375
564,575,745A6265,769,0.10380474478006363,32.361846923828125,25.255905151367188,16212.46484375,E,1138.9197998046875
564,578,745A6265,770,0.3125697076320648,47.913848876953125,20.331260681152344,15555.341796875,E,1157.1697998046875
565,571,745A6265,771,0.22247862815856934,51.57948684692383,26.314971923828125,28052.572265625,E,1063.44189453125
565,572,745A6265,772,0.10680444538593292,41.65620803833008,29.62898826599121,28721.24609375,E,1028.3780517578125
566,572,745A6265,773,0.06418097019195557,20.291284561157227,35.512943267822266,20098.921875,E,1009.7482299804688
566,579,745A6265,774,0.1957351714372635,51.57948303222656,19.37053871154785,15200.2333984375,E,991.82275390625
567,597,745A6265,775,0.544760525226593,107.00883483886719,26.64764976501465,59679.796875,E,782.5604248046875
567,756,745A6265,776,2.471705436706543,732.674560546875,35.75946807861328,735839.4375,F,366.3394470214844
568,574,745A6265,777,0.07864927500486374,15.107283592224121,27.715761184692383,9114.4365234375,E,952.4802856445312
568,579,745A6265,778,0.0956241562962532,27.17784881591797,27.637834548950195,16304.70703125,E,967.50634765625
570,573,745A6265,779,0.02148592658340931,6.257641315460205,26.123294830322266,3353.94873046875,E,1245.270263671875
570,589,745A6265,780,1.0096813440322876,86.08861541748047,16.203609466552734,17752.484375,E,1284.6490478515625
571,575,745A6265,781,0.32070979475975037,75.35221099853516,30.69814109802246,55771.203125,E,1114.3011474609375
572,626,745A6265,782,1.0330709218978882,274.3704528808594,32.84389877319336,232453.78125,E,1143.7596435546875
573,582,745A6265,783,0.179107666015625,44.432411193847656,24.52178955078125,20984.28125,E,1235.7110595703125
574,591,745A6265,784,0.4714544117450714,75.98112487792969,23.367334365844727,32584.71484375,E,971.4517822265625
575,578,745A6265,785,0.16206593811511993,42.7298469543457,32.47420120239258,35391.43359375,E,1161.3929443359375
576,585,745A6265,786,0.2165740579366684,31.732921600341797,25.07124900817871,15665.7734375,E,748.5052490234375
576,756,745A6265,787,2.485377550125122,735.0502319335938,35.75946807861328,738225.375,F,367.5232849121094
577,625,745A6265,788,5.179844379425049,316.1029968261719,30.66741943359375,233492.515625,E,1473.618896484375
578,582,745A6265,789,0.2301931083202362,60.87384796142578,32.4642219543457,50388.40625,E,1203.473388671875
579,618,745A6265,790,1.0017859935760498,189.17129516601562,29.535423278808594,129607.9140625,E,1068.834228515625
580,595,745A6265,791,2.7683780193328857,72.49969482421875,16.600656509399414,15691.9384765625,E,991.21533203125
580,756,745A6265,792,3.0123159885406494,962.232666015625,35.75946807861328,966389.1875,F,481.11663818359375
581,596,745A6265,793,0.8974546790122986,206.1337432861328,30.47751235961914,150382.75,E,1131.785888671875
581,641,745A6265,794,1.1123194694519043,244.23220825195312,29.17892074584961,163316.953125,E,1152.27294921875
582,589,745A6265,795,0.40887123346328735,91.27262115478516,30.073299407958984,64832.46875,E,1270.3348388671875
583,585,745A6265,796,0.8847128748893738,34.7696418762207,14.83538818359375,6010.1865234375,E,752.6329956054688
583,756,745A6265,797,2.5146899223327637,742.7154541015625,35.75946807861328,745923.6875,F,371.3599853515625
584,590,745A6265,798,0.19158849120140076,38.61948776245117,28.478376388549805,24599.53125,E,831.658935546875
584,603,745A6265,799,0.37356889247894287,70.3524169921875,26.696584701538086,39380.41796875,E,856.3192138671875
585,594,745A6265,800,0.20852628350257874,43.803489685058594,29.010068893432617,28953.171875,E,776.9764404296875
586,591,745A6265,801,0.416809618473053,56.31876754760742,16.609128952026367,12202.16015625,E,969.0903930664062
586,599,745A6265,802,0.17827023565769196,41.65620803833008,30.620159149169922,30674.994140625,E,954.91162109375
587,594,745A6265,803,1.1342355012893677,53.282047271728516,14.574494361877441,8889.099609375,E,768.746337890625
587,756,745A6265,804,2.5317208766937256,748.1142578125,35.75946807861328,751345.8125,F,374.05938720703125
588,596,745A6265,805,21.292325973510742,392.0525817871094,25.540565490722656,200860.8125,E,1360.8189697265625
589,593,745A6265,806,0.041317492723464966,10.99692440032959,32.608375549316406,9183.7373046875,E,1315.2264404296875
590,597,745A6265,807,0.1997445672750473,43.174560546875,29.44207191467285,29393.716796875,E,836.3194580078125
590,600,745A6265,808,0.07681415230035782,17.254566192626953,26.647796630859375,9623.1337890625,E,849.9324951171875
591,602,745A6265,809,0.09512881934642792,22.883283615112305,31.01364517211914,17286.76953125,E,1003.2991943359375
592,595,745A6265,810,2.4770238399505615,41.84041213989258,9.83318042755127,3177.414306640625,E,1022.4725952148438
592,598,745A6265,811,1.1687753200531006,18.772924423217773,7.983651161193848,939.7772216796875,E,1038.4473876953125
593,627,745A6265,812,0.6876956224441528,174.50872802734375,31.88648796081543,139354.3125,E,1400.0850830078125
593,639,745A6265,813,1.33583664894104,150.4438934326172,23.128381729125977,63205.51171875,E,1353.362060546875
594,612,745A6265,814,0.2536833584308624,64.09477233886719,31.786882400512695,50863.74609375,E,812.7448120117188
595,598,745A6265,815,1.3219032287597656,20.291284561157227,6.369882583618164,646.6395874023438,E,1028.474853515625
596,617,745A6265,816,1.9819921255111694,246.19528198242188,28.04429817199707,152075.328125,E,1331.825927734375
597,607,745A6265,817,0.22830361127853394,47.4691276550293,29.227340698242188,31847.8203125,E,850.9534301757812
599,605,745A6265,818,0.14700086414813995,51.134769439697266,24.758317947387695,24617.755859375,E,960.655517578125
599,623,745A6265,819,0.33564499020576477,86.79385375976562,28.99209213256836,57297.80078125,E,999.060302734375
600,604,745A6265,820,0.168667733669281,36.47220993041992,29.677818298339844,25229.919921875,E,872.3223876953125
600,607,745A6265,821,0.17653469741344452,50.24533462524414,21.474634170532227,18198.56640625,E,865.591796875
601,610,745A6265,822,0.4354328215122223,44.248207092285156,21.6800479888916,16334.5078125,E,788.6358642578125
601,756,745A6265,823,2.5774877071380615,767.7091064453125,35.75946807861328,771025.3125,F,383.8438415527344
602,619,745A6265,824,1.1210442781448364,104.8615493774414,18.886873245239258,29378.275390625,E,1058.932373046875
602,620,745A6265,825,0.2793557345867157,73.83384704589844,28.969411849975586,48665.8984375,E,1034.682373046875
603,604,745A6265,826,0.013902043923735619,3.6656415462493896,32.476234436035156,3036.485595703125,E,884.8518676757812
603,609,745A6265,827,0.6320366859436035,113.52699279785156,25.404991149902344,57547.5859375,E,921.585693359375
604,614,745A6265,828,0.2102300375699997,56.318763732910156,28.4873104095459,35895.98828125,E,909.9509887695312
605,609,745A6265,829,0.09834577143192291,23.512208938598633,30.862586975097656,17589.275390625,E,962.2449340820312
606,613,745A6265,830,0.4135054647922516,33.88020324707031,19.14353370666504,9751.6953125,E,794.11572265625
606,756,745A6265,831,2.5973007678985596,778.485107421875,35.75946807861328,781847.875,F,389.24468994140625
607,611,745A6265,832,0.04222555831074715,11.441641807556152,32.905189514160156,9729.869140625,E,878.3701782226562
608,612,745A6265,833,0.503325343132019,31.73292350769043,12.505492210388184,3897.638427734375,E,824.7251586914062
609,621,745A6265,834,0.15522560477256775,45.95077133178711,20.74277687072754,15528.0341796875,E,975.8302612304688
610,613,745A6265,835,0.5480495691299438,31.73292350769043,8.985600471496582,2012.3065185546875,E,808.6090087890625
610,615,745A6265,836,0.17372159659862518,22.883283615112305,23.012893676757812,9518.109375,E,819.1612548828125
611,642,745A6265,837,0.5809818506240845,124.96863555908203,27.93047523498535,76568.046875,E,936.1748046875
611,649,745A6265,838,0.6180516481399536,119.15571594238281,28.989736557006836,78649.0234375,E,925.2841796875
612,636,745A6265,839,0.2969304323196411,80.09149169921875,32.83831787109375,67832.5390625,E,866.720458984375
613,616,745A6265,840,0.19143325090408325,21.36492347717285,21.1298828125,7491.787109375,E,817.72119140625
614,621,745A6265,841,0.36098426580429077,67.13148498535156,25.049047470092773,33082.51953125,E,958.8379516601562
614,671,745A6265,842,0.9060671329498291,203.28121948242188,28.75511932373047,132013.234375,E,1026.269775390625
615,616,745A6265,843,0.7143704295158386,28.067279815673828,11.860758781433105,3101.095458984375,E,826.83447265625
615,643,745A6265,844,3.0031514167785645,93.8646240234375,10.049198150634766,7444.82763671875,E,868.1436157226562
616,644,745A6265,845,0.9801127314567566,80.09148406982422,18.78968048095703,22208.28515625,E,863.3948974609375
618,653,745A6265,846,0.45266783237457275,123.37399291992188,33.07100296020508,105976.1796875,E,1214.71484375
618,672,745A6265,847,1.957453727722168,183.25045776367188,26.01288414001465,97389.4609375,E,1212.6513671875
619,620,745A6265,848,1.001456379890442,78.57312774658203,18.641103744506836,21444.068359375,E,1083.8394775390625
619,631,745A6265,849,0.21707408130168915,39.064208984375,26.766572952270508,21981.35546875,E,1120.6241455078125
620,623,745A6265,850,0.2415042370557785,57.20820617675781,30.958791732788086,43064.18359375,E,1043.956298828125
620,630,745A6265,851,0.11496468633413315,28.067279815673828,31.331317901611328,21639.515625,E,1071.3370361328125
621,628,745A6265,852,0.14992983639240265,42.28512954711914,26.446308135986328,23227.779296875,E,1003.641845703125
622,648,745A6265,853,0.42877501249313354,102.009033203125,30.971858978271484,76853.3984375,E,859.9303588867188
622,756,745A6265,854,2.6600985527038574,818.6453857421875,35.75946807861328,822181.625,F,409.32464599609375
623,624,745A6265,855,0.029046814888715744,7.331283092498779,31.754541397094727,5806.06005859375,E,1030.0985107421875
624,628,745A6265,856,0.1267152726650238,39.064205169677734,28.201412200927734,24401.166015625,E,1023.8473510742188
624,635,745A6265,857,0.16595754027366638,35.84328079223633,29.570581436157227,24615.994140625,E,1045.08740234375
626,629,745A6265,858,0.059829846024513245,16.180925369262695,32.987857818603516,13829.3408203125,E,1284.590087890625
626,633,745A6265,859,0.35236039757728577,77.68368530273438,24.573177337646484,36841.9296875,E,1294.9964599609375
628,640,745A6265,860,0.15099625289440155,40.76676940917969,25.37872886657715,20622.244140625,E,1039.8970947265625
629,633,745A6265,861,0.08027328550815582,18.772924423217773,30.578338623046875,13786.359375,E,1301.210205078125
630,637,745A6265,862,0.3734634518623352,56.763484954833984,22.121110916137695,21815.8828125,E,1105.6871337890625
630,645,745A6265,863,0.17710019648075104,46.8402099609375,26.04937171936035,24963.37109375,E,1095.809326171875
631,637,745A6265,864,0.12050706148147583,34.9538459777832,18.250730514526367,9144.193359375,E,1130.99853515625
631,654,745A6265,865,0.48542311787605286,60.42912673950195,22.5075626373291,24043.248046875,E,1162.923095703125
632,638,745A6265,866,0.1878916323184967,17.699283599853516,21.76118278503418,6582.79833984375,E,851.6466674804688
632,756,745A6265,867,2.695551872253418,843.6910400390625,35.75946807861328,847335.5,F,421.8471984863281
633,660,745A6265,868,0.5457127690315247,136.96292114257812,31.747602462768555,108421.34375,E,1373.9959716796875
634,638,745A6265,869,0.27801036834716797,20.291284561157227,20.28367042541504,6556.80810546875,E,855.8428344726562
634,756,745A6265,870,2.701692581176758,848.4752807617188,35.75946807861328,852140.375,F,424.2392272949219
635,640,745A6265,871,0.04785272479057312,10.99692440032959,30.311153411865234,7935.3486328125,E,1058.529541015625
635,647,745A6265,872,0.22430169582366943,55.874053955078125,28.42197036743164,35449.36328125,E,1082.1947021484375
636,646,745A6265,873,0.15303641557693481,36.027488708496094,30.82277488708496,26882.357421875,E,906.5781860351562
636,650,745A6265,874,0.16327624022960663,44.87712860107422,27.823572158813477,27286.052734375,E,919.5101928710938
637,654,745A6265,875,0.611131489276886,65.16841125488281,20.961471557617188,22489.0234375,E,1156.8812255859375
638,676,745A6265,876,1.8328355550765991,172.54563903808594,18.200151443481445,44889.40625,E,928.090087890625
640,671,745A6265,877,0.5543093085289001,119.33993530273438,30.321823120117188,86175.9921875,E,1092.411376953125
641,661,745A6265,878,0.5553832650184631,123.81871032714844,30.266752243041992,89085.65625,E,1320.567626953125
641,668,745A6265,879,0.3717496395111084,89.38585662841797,29.478347778320312,61004.9296875,E,1283.1898193359375
642,669,745A6265,880,0.4425285756587982,95.19878387451172,29.6235408782959,65613.8046875,E,1022.7471923828125
642,683,745A6265,881,1.0445743799209595,173.9561309814453,25.48373031616211,88726.9609375,E,1073.5213623046875
643,644,745A6265,882,0.1237802505493164,27.17784881591797,29.59284782409668,18692.9765625,E,904.7445678710938
643,651,745A6265,883,0.245927095413208,41.65620803833008,21.009319305419922,14440.8779296875,E,913.218505859375
644,648,745A6265,884,0.16292446851730347,36.91692352294922,30.13835334777832,26336.279296875,E,898.5849609375
645,647,745A6265,885,0.022755835205316544,6.257641315460205,33.16404342651367,5405.4951171875,E,1107.66259765625
645,665,745A6265,886,0.3992850184440613,101.38011169433594,31.91849136352539,81119.890625,E,1157.2525634765625
646,650,745A6265,887,0.09087571501731873,40.58256530761719,19.104564666748047,11633.3203125,E,927.6880493164062
646,651,745A6265,888,0.06705418229103088,13.588924407958984,28.448978424072266,8637.9033203125,E,921.01318359375
647,675,745A6265,889,2.1318750381469727,113.082275390625,24.11068344116211,51630.16015625,E,1135.43017578125
648,666,745A6265,890,0.3345746695995331,88.86482238769531,26.54230499267578,49169.64453125,E,936.3312377929688
649,657,745A6265,891,0.4372135102748871,92.34626007080078,23.6762752532959,40657.0625,E,972.742431640625
649,662,745A6265,892,0.21292035281658173,63.91056823730469,29.90230369567871,44881.96484375,E,998.3031616210938
650,657,745A6265,893,0.21318291127681732,50.061126708984375,30.770360946655273,37226.796875,E,960.65087890625
651,659,745A6265,894,0.2337004840373993,53.54256057739258,30.31622886657715,38649.09765625,E,948.1697998046875
652,656,745A6265,895,0.21841029822826385,47.0244140625,29.788005828857422,32771.48828125,E,909.9509887695312
652,756,745A6265,896,2.82609486579895,892.103759765625,35.75946807861328,895957.3125,F,446.0532531738281
653,655,745A6265,897,0.3300527334213257,90.01478576660156,30.384187698364258,65267.80078125,E,1303.4990234375
653,704,745A6265,898,1.0080132484436035,275.2283020019531,33.17336654663086,237882.265625,E,1395.997314453125
656,664,745A6265,899,0.16173313558101654,35.58277130126953,23.718612670898438,15722.015625,E,939.1743774414062
656,667,745A6265,900,0.1836656630039215,43.358768463134766,30.758398056030273,32217.6796875,E,939.1893310546875
657,663,745A6265,901,0.07252702862024307,20.291284561157227,33.43680191040039,17817.587890625,E,991.6000366210938
658,664,745A6265,902,0.35783734917640686,75.98112487792969,29.758493423461914,52846.65234375,E,947.38427734375
658,756,745A6265,903,3.05125093460083,940.6138916015625,35.75946807861328,944677.0,F,470.30865478515625
659,666,745A6265,904,0.11953197419643402,39.064205169677734,29.055246353149414,25901.0859375,E,971.5272827148438
659,681,745A6265,905,0.3478318452835083,85.9044189453125,31.464509963989258,66795.5234375,E,1008.9228515625
662,669,745A6265,906,0.23802690207958221,57.20820617675781,31.643211364746094,44989.30859375,E,1041.209228515625
662,670,745A6265,907,0.06226678937673569,17.254566192626953,33.225032806396484,14959.7646484375,E,1029.319580078125
663,670,745A6265,908,0.5155632495880127,71.68656158447266,19.099483489990234,20538.6015625,E,1016.6519775390625
663,689,745A6265,909,0.5897846817970276,127.56063842773438,29.548799514770508,87475.4609375,E,1057.491455078125
664,677,745A6265,910,1.2061668634414673,66.686767578125,13.010825157165527,8866.234375,E,976.1410522460938
665,690,745A6265,911,3.9046125411987305,126.48699951171875,25.26895523071289,63432.28125,E,1233.62451171875
665,718,745A6265,912,2.5452284812927246,325.58154296875,31.77269744873047,258141.515625,E,1351.3326416015625
666,674,745A6265,913,0.12024082988500595,26.54892349243164,29.69110679626465,18381.865234375,E,985.7853393554688
667,677,745A6265,914,0.31994861364364624,44.87712860107422,20.320171356201172,14553.57421875,E,972.1959838867188
667,682,745A6265,915,0.4362843632698059,91.45683288574219,29.009342193603516,60447.98046875,E,984.1763916015625
669,687,745A6265,916,0.5810472369194031,118.97149658203125,27.830963134765625,72375.1171875,E,1104.40380859375
670,673,745A6265,917,0.03882177546620369,8.849641799926758,29.82832908630371,6184.05615234375,E,1037.7452392578125
671,701,745A6265,918,0.6731687188148499,187.729248046875,33.41055679321289,164584.625,E,1207.437255859375
673,687,745A6265,919,0.6044774651527405,86.97806549072266,22.350156784057617,34124.06640625,E,1082.49560546875
673,689,745A6265,920,1.223747730255127,109.86136627197266,16.029390335083008,22170.162109375,E,1078.284423828125
674,676,745A6265,921,0.17185848951339722,34.32492446899414,28.278215408325195,21557.751953125,E,996.4061279296875
674,679,745A6265,922,0.3541356027126312,43.358768463134766,20.6201229095459,14479.359375,E,1014.9514770507812
676,680,745A6265,923,0.4592330753803253,74.01805114746094,22.721168518066406,30011.58203125,E,1000.774169921875
677,691,745A6265,924,0.45281144976615906,94.1251220703125,27.31982421875,55176.12890625,E,1032.9398193359375
678,686,745A6265,925,0.21264618635177612,51.76368713378906,31.594446182250977,40582.29296875,E,1033.960693359375
678,756,745A6265,926,3.378213882446289,1018.7318725585938,35.75946807861328,1023132.4375,F,509.3676452636719
679,681,745A6265,927,0.06712371110916138,25.475284576416016,30.209505081176758,18259.8046875,E,1040.6485595703125
679,685,745A6265,928,0.26433998346328735,42.28512954711914,15.312113761901855,7786.60009765625,E,1041.242919921875
680,682,745A6265,929,0.04354621842503548,17.699283599853516,26.78908348083496,9976.111328125,E,1016.907470703125
680,685,745A6265,930,0.4949031174182892,91.08841705322266,27.3201847076416,53397.42578125,E,1035.6751708984375
681,688,745A6265,931,0.13633915781974792,37.990562438964844,33.3707275390625,33227.4453125,E,1060.88720703125
682,694,745A6265,932,0.38835716247558594,87.42277526855469,30.111143112182617,62254.24609375,E,1058.9552001953125
683,693,745A6265,933,0.3095013499259949,74.64697265625,31.57411766052246,58447.3125,E,1179.587158203125
683,712,745A6265,934,0.7208291888237,169.9220428466797,31.28073501586914,130585.0625,E,1213.5355224609375
684,692,745A6265,935,0.24540548026561737,54.616207122802734,30.167831420898438,39039.08203125,E,1079.4019775390625
684,756,745A6265,936,3.5244956016540527,1055.711181640625,35.75946807861328,1060271.5,F,527.8572998046875
685,688,745A6265,937,0.29787692427635193,60.87384796142578,25.060741424560547,30026.759765625,E,1064.87841796875
686,695,745A6265,938,0.6449016332626343,139.81539916992188,26.515533447265625,77205.03125,E,1064.9495849609375
686,707,745A6265,939,0.6511774659156799,140.44436645507812,29.599163055419922,96639.1484375,E,1100.837890625
687,706,745A6265,940,0.7766822576522827,111.82441711425781,24.340404510498047,52033.3828125,E,1168.6287841796875
688,705,745A6265,941,0.3489890396595001,95.01456451416016,32.970924377441406,81122.6875,E,1120.0458984375
689,700,745A6265,942,0.21364831924438477,57.20820617675781,32.6742057800293,47968.73828125,E,1143.0069580078125
691,695,745A6265,943,0.23722946643829346,54.17148971557617,30.383907318115234,39277.8671875,E,1084.291259765625
691,703,745A6265,944,0.2844772934913635,61.947486877441406,29.561737060546875,42518.0625,E,1102.94580078125
692,723,745A6265,945,0.6929564476013184,174.6613311767578,31.815204620361328,138853.265625,E,1179.2838134765625
692,728,745A6265,946,2.0880956649780273,264.3392639160156,23.780120849609375,117403.125,E,1174.9547119140625
693,699,745A6265,947,0.857767641544342,64.53948211669922,17.528736114501953,15574.587890625,E,1232.2060546875
693,702,745A6265,948,0.2958628237247467,43.174560546875,26.273221969604492,23406.931640625,E,1232.2891845703125
694,716,745A6265,949,0.6440444588661194,129.8921356201172,27.505159378051758,77179.3515625,E,1146.6422119140625
694,717,745A6265,950,0.49235767126083374,126.48697662353516,32.15281677246094,102700.78125,E,1151.9197998046875
695,697,745A6265,951,0.042438309639692307,10.368000030517578,31.2503719329834,7952.345703125,E,1099.8909912109375
696,698,745A6265,952,3.6141271591186523,37.54584884643555,12.607361793518066,4687.05712890625,E,1156.1778564453125
696,756,745A6265,953,3.8696417808532715,1147.790771484375,35.75946807861328,1152748.875,F,573.89697265625
697,703,745A6265,954,0.3154848515987396,59.984413146972656,21.5186824798584,21815.22265625,E,1120.14404296875
697,709,745A6265,955,0.28024375438690186,65.35261535644531,27.282072067260742,38203.890625,E,1129.33447265625
699,702,745A6265,956,0.029130592942237854,12.51528263092041,18.86569595336914,3498.454345703125,E,1253.5660400390625
699,708,745A6265,957,0.49966996908187866,51.134769439697266,20.41192626953125,16733.013671875,E,1273.38525390625
700,711,745A6265,958,0.31540724635124207,71.42605590820312,30.310304641723633,51537.94921875,E,1202.3028564453125
700,719,745A6265,959,0.8630019426345825,162.2539520263672,28.587480545043945,104144.6328125,E,1210.5986328125
701,710,745A6265,960,0.444240540266037,121.04247283935547,31.34795570373535,93421.34375,E,1340.78857421875
701,715,745A6265,961,0.32369932532310486,83.75712585449219,32.270912170410156,68506.8671875,E,1327.0013427734375
702,708,745A6265,962,0.3604601323604584,48.98748779296875,23.265216827392578,20825.205078125,E,1272.30810546875
703,713,745A6265,963,0.2795346677303314,62.836917877197266,30.014684677124023,44460.296875,E,1159.9327392578125
705,719,745A6265,964,0.4173990488052368,92.16205596923828,26.870006561279297,52260.98046875,E,1205.56982421875
705,720,745A6265,965,0.7188336849212646,127.7448501586914,22.89419937133789,52587.703125,E,1204.889892578125
707,709,745A6265,966,0.03286294639110565,8.849641799926758,32.81167221069336,7482.94091796875,E,1153.02880859375
707,728,745A6265,967,0.6521457433700562,126.48697662353516,26.817100524902344,71442.9375,E,1207.3284912109375
709,713,745A6265,968,0.4139537215232849,106.37989044189453,29.61153793334961,73260.75,E,1178.91064453125
711,722,745A6265,969,0.3604052662849426,88.23590087890625,31.328353881835938,68015.890625,E,1272.034912109375
711,731,745A6265,970,16.56019401550293,153.48062133789062,25.661815643310547,79381.3046875,E,1294.974609375
712,725,745A6265,971,0.33065855503082275,80.27569580078125,28.525697708129883,51303.4453125,E,1307.7540283203125
712,729,745A6265,972,0.45277583599090576,95.38299560546875,29.8855037689209,66908.609375,E,1328.00048828125
713,714,745A6265,973,0.01543696504086256,3.6656415462493896,30.81938934326172,2734.56298828125,E,1191.031005859375
714,716,745A6265,974,0.30387765169143677,38.435279846191406,19.42678451538086,11392.572265625,E,1194.3280029296875
714,721,745A6265,975,0.26632070541381836,48.35856628417969,27.216564178466797,28133.8984375,E,1214.376953125
715,726,745A6265,976,0.562244176864624,109.15611267089844,28.27961540222168,68562.234375,E,1369.4300537109375
715,741,745A6265,977,0.7965915203094482,226.42501831054688,33.717891693115234,202178.5625,E,1465.3795166015625
716,721,745A6265,978,0.801548957824707,63.65005111694336,15.104754447937012,11405.54296875,E,1221.5701904296875
717,720,745A6265,979,0.20178043842315674,47.0244140625,26.11035919189453,25179.02734375,E,1228.2083740234375
717,732,745A6265,980,0.667302131652832,146.7019500732422,29.912521362304688,103093.625,E,1259.805419921875
719,745,745A6265,981,1.3833681344985962,362.9115905761719,32.5759162902832,302471.1875,E,1414.009521484375
720,739,745A6265,982,0.5604929327964783,149.37025451660156,32.646690368652344,125035.2109375,E,1312.7882080078125
721,727,745A6265,983,0.11065257340669632,23.956924438476562,29.470869064331055,16342.060546875,E,1246.770751953125
722,724,745A6265,984,0.08652666211128235,18.772924423217773,24.13507652282715,8588.5361328125,E,1317.98046875
722,725,745A6265,985,0.9656039476394653,148.48081970214844,25.455657958984375,75566.4296875,E,1349.5860595703125
723,733,745A6265,986,0.597391664981842,145.18359375,28.261369705200195,91073.8828125,E,1286.455322265625
723,743,745A6265,987,0.907795786857605,245.71896362304688,33.00480270385742,210224.265625,E,1369.2911376953125
724,725,745A6265,988,0.10429885983467102,17.699283599853516,26.53859519958496,9790.4228515625,E,1329.494873046875
727,732,745A6265,989,0.32950812578201294,81.34933471679688,25.277830123901367,40824.74609375,E,1276.5340576171875
727,735,745A6265,990,0.4630310535430908,95.19877624511719,28.70572280883789,61610.9921875,E,1299.904296875
728,730,745A6265,991,0.08334152400493622,23.956926345825195,33.89365005493164,21615.12109375,E,1272.4439697265625
730,733,745A6265,992,0.25710636377334595,56.31876754760742,29.9826717376709,39763.41796875,E,1306.7252197265625
730,736,745A6265,993,0.4561213552951813,82.4229736328125,25.169660568237305,41010.296875,E,1310.539794921875
732,737,745A6265,994,0.48713141679763794,98.4197006225586,28.812158584594727,64168.7421875,E,1341.4014892578125
733,734,745A6265,995,0.05042283982038498,12.51528263092041,31.494327545166016,9749.7890625,E,1335.736572265625
734,738,745A6265,996,0.41953057050704956,56.31876754760742,21.659534454345703,20751.10546875,E,1347.8270263671875
734,742,745A6265,997,0.5136172771453857,137.115478515625,32.77459716796875,115678.078125,E,1406.0238037109375
735,736,745A6265,998,0.06869027018547058,18.144001007080078,27.488754272460938,10767.951171875,E,1342.8948974609375
735,737,745A6265,999,0.06945258378982544,14.662566184997559,29.075122833251953,9735.158203125,E,1347.8851318359375
736,738,745A6265,1000,0.05526189133524895,23.512208938598633,23.114540100097656,9866.2890625,E,1352.3310546875
737,740,745A6265,1001,0.08866940438747406,38.61948776245117,20.243013381958008,12429.3017578125,E,1368.64404296875
738,740,745A6265,1002,0.20611387491226196,36.027488708496094,26.67557716369629,20134.994140625,E,1374.9146728515625
739,744,745A6265,1003,0.9555831551551819,166.3643035888672,27.23270034790039,96901.7109375,E,1430.5115966796875
739,746,745A6265,1004,6.139438629150391,230.0906524658203,31.427209854125977,178484.5,E,1482.426513671875
740,748,745A6265,1005,3.219024658203125,338.87835693359375,30.059141159057617,240484.359375,E,1528.1368408203125
743,747,745A6265,1006,0.7995302081108093,200.6892547607422,31.207944869995117,153512.71875,E,1560.741455078125
743,749,745A6265,1007,0.726294994354248,200.060302734375,33.3156623840332,174400.5,E,1575.5010986328125
747,750,745A6265,1008,0.7031894326210022,139.37071228027344,27.796916961669922,84577.4609375,E,1699.489990234375
747,753,745A6265,1009,0.9043729901313782,192.91323852539062,30.48604965209961,140816.71875,E,1718.5943603515625
749,751,745A6265,1010,0.5462414622306824,148.22030639648438,33.05519104003906,127197.015625,E,1730.303466796875
749,754,745A6265,1011,0.903322696685791,230.9801025390625,31.244457244873047,177096.671875,E,1762.6517333984375
751,752,745A6265,1012,0.5256443023681641,111.82441711425781,28.51738166809082,71424.2734375,E,1818.1849365234375
751,755,745A6265,1013,1.7086853981018066,314.5845947265625,31.23248291015625,241012.953125,E,1932.6632080078125
