EndNodes_1,EndNodes_2,name,edge_id,Weight,Length,Width,Volume,Type,Distance
1,10,745A6315,1,23.831056594848633,286.14892578125,28.30567741394043,180064.921875,E,2544.794921875
2,7,745A6315,2,0.8900773525238037,179.21641540527344,28.64506721496582,115496.109375,E,2525.98046875
3,7,745A6315,3,10.656618118286133,227.34603881835938,23.649240493774414,99864.6171875,E,2511.443115234375
4,10,745A6315,4,0.7114924192428589,132.0394287109375,25.507368087768555,67472.1953125,E,2490.2197265625
5,8,745A6315,5,0.8536421656608582,174.58502197265625,28.626619338989258,112366.5390625,E,2464.21044921875
6,11,745A6315,6,0.485654354095459,109.60083770751953,28.04547691345215,67706.3515625,E,2423.031005859375
7,8,745A6315,7,0.05774359405040741,17.254566192626953,27.60226058959961,10324.8369140625,E,2435.2001953125
8,26,745A6315,8,1.3374661207199097,300.7798767089844,30.250905990600586,216179.953125,E,2287.5517578125
9,11,745A6315,9,0.7838672399520874,146.9624481201172,28.47901725769043,93615.1796875,E,2407.3232421875
10,14,745A6315,10,0.8482706546783447,195.84207153320312,30.398963928222656,142139.046875,E,2344.349609375
11,13,745A6315,11,0.39553195238113403,92.08574676513672,30.520469665527344,67369.71875,E,2344.97900390625
12,13,745A6315,12,0.47467225790023804,20.920207977294922,17.686588287353516,5139.77392578125,E,2317.491943359375
13,28,745A6315,13,0.8970301151275635,213.12818908691406,29.657222747802734,147228.4375,E,2226.48876953125
14,40,745A6315,14,1.7439019680023193,365.05889892578125,28.826778411865234,238256.65625,E,2246.136474609375
14,65,745A6315,15,1.1204445362091064,264.04718017578125,30.744064331054688,196017.109375,E,2130.775634765625
15,37,745A6315,16,0.6158857941627502,152.33067321777344,29.897951126098633,106944.8984375,E,2218.35791015625
16,31,745A6315,17,0.7557910680770874,157.69886779785156,29.1594295501709,105311.6640625,E,2171.536865234375
17,20,745A6315,18,0.8446779847145081,20.920207977294922,9.876028060913086,1602.5828857421875,E,2187.20751953125
17,22,745A6315,19,0.2722211480140686,32.361846923828125,16.04329490661621,6541.99609375,E,2181.9267578125
17,24,745A6315,20,1.1934659481048584,61.05805206298828,17.501590728759766,14688.8515625,E,2186.858642578125
18,21,745A6315,21,0.3415294289588928,69.9076919555664,23.495380401611328,30309.572265625,E,2186.636474609375
18,22,745A6315,22,0.4800519049167633,84.20184326171875,27.767349243164062,50989.453125,E,2182.939453125
18,23,745A6315,23,0.2216845005750656,39.064208984375,26.718656539916992,21902.724609375,E,2169.890869140625
19,53,745A6315,24,0.7677978873252869,179.76902770996094,30.71977424621582,133241.890625,E,2147.194091796875
20,24,745A6315,25,0.3562907576560974,20.920207977294922,10.505223274230957,1813.2867431640625,E,2172.969970703125
21,23,745A6315,26,0.017959682270884514,3.6656415462493896,28.572988510131836,2350.450927734375,E,2166.789306640625
21,26,745A6315,27,0.4722233712673187,120.04513549804688,29.736988067626953,83373.5703125,E,2157.37158203125
22,52,745A6315,28,1.4084563255310059,167.25372314453125,24.13210105895996,76499.03125,E,2101.38720703125
23,42,745A6315,29,0.6881312131881714,121.74771118164062,25.70065689086914,63159.55859375,E,2111.629638671875
24,25,745A6315,30,0.029888620600104332,3.6656415462493896,22.148895263671875,1412.35546875,E,2164.571044921875
25,32,745A6315,31,0.3243684768676758,53.54256820678711,25.824453353881836,28044.736328125,E,2139.270263671875
25,33,745A6315,32,0.5599055886268616,72.94441223144531,18.63444709777832,19893.671875,E,2134.9052734375
26,28,745A6315,33,0.028014130890369415,7.331283092498779,32.35087203979492,6026.1767578125,E,2144.0380859375
27,34,745A6315,34,6.324386119842529,122.56085205078125,19.204904556274414,35503.07421875,E,2238.64111328125
28,43,745A6315,35,0.40578094124794006,95.64350128173828,30.75084686279297,71032.890625,E,2097.41357421875
29,37,745A6315,36,0.700348973274231,151.2570343017578,29.843992233276367,105808.1875,E,2192.7314453125
30,45,745A6315,37,0.5484260320663452,100.93539428710938,27.383039474487305,59442.4453125,E,2075.8466796875
31,35,745A6315,38,0.19295616447925568,54.80040740966797,28.81258773803711,35730.42578125,E,2103.370361328125
31,43,745A6315,39,0.7139995098114014,170.2904815673828,29.51322364807129,116496.6796875,E,2089.010986328125
32,33,745A6315,40,0.18624185025691986,34.32492446899414,21.950679779052734,12989.5888671875,E,2108.55126953125
32,64,745A6315,41,0.6125430464744568,138.18911743164062,30.13058090209961,98532.3203125,E,2050.09375
33,52,745A6315,42,0.6469218730926514,97.71446990966797,24.700233459472656,46822.1015625,E,2064.325927734375
34,40,745A6315,43,0.8091177940368652,146.3335418701172,26.519943237304688,80831.1875,E,2148.369873046875
34,54,745A6315,44,0.4163700342178345,96.45661926269531,27.548696517944336,57494.1953125,E,2145.881591796875
35,36,745A6315,45,0.050166502594947815,9.923283576965332,28.16131591796875,6180.89208984375,E,2093.16748046875
35,38,745A6315,46,0.3643151819705963,70.98133087158203,22.871946334838867,29163.541015625,E,2102.153076171875
36,38,745A6315,47,0.07344285398721695,14.662566184997559,28.205026626586914,9161.2109375,E,2086.53173828125
37,50,745A6315,48,0.31867632269859314,70.98133087158203,29.839157104492188,49637.18359375,E,2121.9091796875
38,46,745A6315,49,0.10358396172523499,33.25128173828125,25.629579544067383,17154.625,E,2066.969970703125
39,41,745A6315,50,0.043802663683891296,9.923283576965332,30.082447052001953,7052.962890625,E,2085.08154296875
39,44,745A6315,51,0.7715576887130737,94.30933380126953,19.698274612426758,28740.939453125,E,2092.2412109375
39,46,745A6315,52,0.3604450225830078,73.57333374023438,28.67633056640625,47517.92578125,E,2072.18994140625
40,58,745A6315,53,0.47945889830589294,110.22976684570312,30.32430076599121,79610.5,E,2081.96142578125
41,44,745A6315,54,0.05633486807346344,11.441641807556152,28.5018367767334,7300.017578125,E,2076.695556640625
42,45,745A6315,55,0.05947594717144966,28.69620704650879,20.451387405395508,9426.705078125,E,2051.6513671875
42,48,745A6315,56,0.16655170917510986,31.2882080078125,27.564836502075195,18671.59375,E,2044.564453125
43,72,745A6315,57,0.49005845189094543,133.00514221191406,30.9020938873291,99754.875,E,1991.2203369140625
44,61,745A6315,58,0.3242320418357849,65.61312866210938,28.550447463989258,42005.53125,E,2042.03076171875
45,48,745A6315,59,0.1431044638156891,23.956924438476562,25.933551788330078,12654.5,E,2036.1483154296875
46,47,745A6315,60,0.016967732459306717,3.6656415462493896,29.39632797241211,2487.860595703125,E,2050.373046875
47,51,745A6315,61,0.07733478397130966,16.180925369262695,28.966020584106445,10662.791015625,E,2045.107421875
47,55,745A6315,62,0.16166287660598755,29.14092445373535,21.83088493347168,10907.767578125,E,2036.4361572265625
48,60,745A6315,63,0.2899099290370941,44.87712860107422,21.54363250732422,16358.8515625,E,2013.671142578125
49,64,745A6315,64,0.4892735481262207,125.15283203125,29.935930252075195,88087.859375,E,2011.4169921875
50,53,745A6315,65,0.05277611315250397,18.772924423217773,28.928752899169922,12339.0361328125,E,2086.24658203125
50,74,745A6315,66,2.9482715129852295,205.8732147216797,29.129188537597656,137197.59375,E,2077.07275390625
51,55,745A6315,67,0.025588124990463257,26.10420799255371,23.937883377075195,11748.2158203125,E,2030.379150390625
51,72,745A6315,68,0.955220103263855,234.1247100830078,31.33323860168457,180529.296875,E,1985.5474853515625
52,57,745A6315,69,0.24154584109783173,26.54892349243164,17.201587677001953,6169.83984375,E,2017.3717041015625
53,105,745A6315,70,1.1377129554748535,282.5911560058594,31.519805908203125,220503.515625,E,1957.7379150390625
54,93,745A6315,71,0.9266819953918457,215.98072814941406,30.56394386291504,158461.46875,E,2002.4749755859375
54,95,745A6315,72,1.87504243850708,412.03863525390625,30.15852165222168,294339.09375,E,2103.2158203125
55,66,745A6315,73,0.2734678387641907,52.65312957763672,27.74513053894043,31833.736328125,E,2002.1646728515625
56,96,745A6315,74,1.3148666620254517,220.16737365722656,27.174270629882812,127690.515625,E,1909.79296875
57,60,745A6315,75,0.20404259860515594,31.2882080078125,11.167622566223145,3064.728759765625,E,2001.2958984375
57,63,745A6315,76,0.2920948266983032,30.659282684326172,20.50390625,10123.369140625,E,1991.118408203125
58,65,745A6315,77,0.2986382842063904,75.09169006347656,28.644140243530273,48389.74609375,E,2028.537109375
58,77,745A6315,78,0.6017786264419556,103.60371398925781,25.258310317993164,51912.71875,E,2003.278076171875
59,67,745A6315,79,0.5533825755119324,86.08861541748047,26.025278091430664,45795.875,E,1997.3853759765625
60,62,745A6315,80,0.17409487068653107,23.956924438476562,23.442073822021484,10339.8203125,E,1985.6654052734375
61,66,745A6315,81,0.13192352652549744,41.84041213989258,18.189741134643555,10872.7353515625,E,1996.5108642578125
61,67,745A6315,82,0.30392661690711975,46.840206146240234,20.47002410888672,15415.06640625,E,1992.34228515625
62,63,745A6315,83,0.10517078638076782,18.144001007080078,14.12216567993164,2842.009521484375,E,1976.0433349609375
62,70,745A6315,84,0.28610238432884216,46.840206146240234,25.58635711669922,24083.833984375,E,1954.480712890625
63,71,745A6315,85,0.35257601737976074,44.69292068481445,22.542926788330078,17838.126953125,E,1956.034423828125
64,82,745A6315,86,0.41344088315963745,98.86442565917969,30.961694717407227,74435.375,E,1940.3079833984375
65,69,745A6315,87,0.17827458679676056,43.17456817626953,31.123058319091797,32845.99609375,E,1987.451416015625
66,107,745A6315,88,1.102914810180664,202.83651733398438,27.26512908935547,118427.109375,E,1894.095703125
67,81,745A6315,89,0.3204379677772522,66.05784606933594,25.08756446838379,32653.615234375,E,1942.644775390625
68,95,745A6315,90,0.5467092990875244,131.0420379638672,29.59623146057129,90151.578125,E,2104.516357421875
69,80,745A6315,91,0.5998103618621826,93.8646240234375,24.87588119506836,45619.31640625,E,1962.7734375
69,116,745A6315,92,0.7143347263336182,173.58770751953125,31.215328216552734,132844.84375,E,1886.2718505859375
70,71,745A6315,93,0.11575314402580261,18.144001007080078,13.43774127960205,2573.211669921875,E,1934.4910888671875
70,85,745A6315,94,0.5575621724128723,70.16820526123047,22.915157318115234,28938.494140625,E,1901.404296875
71,76,745A6315,95,0.14407213032245636,20.920207977294922,24.017749786376953,9478.0830078125,E,1927.70556640625
72,79,745A6315,96,0.14280357956886292,34.7696418762207,31.212905883789062,26604.70703125,E,1912.3695068359375
73,101,745A6315,97,1.15292489528656,139.89169311523438,28.341232299804688,88250.9296875,E,1972.091552734375
75,132,745A6315,98,0.8263808488845825,199.95242309570312,31.15152931213379,152396.609375,E,1920.206298828125
76,82,745A6315,99,0.35471445322036743,77.23897552490234,23.503509521484375,33511.34375,E,1912.2415771484375
76,98,745A6315,100,0.6305025815963745,120.67405700683594,27.89999008178711,73775.453125,E,1866.8504638671875
77,80,745A6315,101,0.08938801288604736,26.10420799255371,12.80752944946289,3363.032958984375,E,1956.14208984375
77,83,745A6315,102,0.11931872367858887,27.6225643157959,23.267013549804688,11744.517578125,E,1953.29443359375
78,157,745A6315,103,5.2132697105407715,357.9433898925781,24.07973861694336,163007.5625,E,2109.896728515625
79,114,745A6315,104,1.1422889232635498,169.58522033691406,27.16133689880371,98260.765625,E,1844.9813232421875
79,142,745A6315,105,0.8997042179107666,208.98623657226562,30.62531280517578,153946.078125,E,1799.39697265625
80,83,745A6315,106,0.20461660623550415,30.214567184448242,24.240053176879883,13943.5517578125,E,1941.3564453125
81,99,745A6315,107,0.8311676383018494,120.22935485839844,25.015907287597656,59092.57421875,E,1875.1295166015625
81,100,745A6315,108,0.5133704543113708,98.4197006225586,27.921850204467773,60264.328125,E,1873.100341796875
82,84,745A6315,109,0.06030113250017166,14.033641815185547,30.406023025512695,10190.125,E,1888.7099609375
83,86,745A6315,110,0.1281668096780777,24.401639938354492,22.702144622802734,9877.400390625,E,1930.7825927734375
83,89,745A6315,111,0.36863619089126587,54.171485900878906,24.144922256469727,24803.4609375,E,1932.240234375
84,92,745A6315,112,0.14194504916667938,54.35569381713867,26.31896209716797,29571.4375,E,1867.879638671875
84,98,745A6315,113,0.3895793557167053,86.53333282470703,26.605009078979492,48106.1015625,E,1844.938232421875
85,88,745A6315,114,0.13780094683170319,20.291284561157227,24.209787368774414,9340.7421875,E,1859.8306884765625
85,90,745A6315,115,0.5491652488708496,35.398563385009766,11.48611831665039,3667.938720703125,E,1862.5770263671875
86,89,745A6315,116,0.22845034301280975,27.622568130493164,21.900876998901367,10405.8349609375,E,1913.4630126953125
87,112,745A6315,117,0.3155490756034851,79.2020492553711,28.98296546936035,52253.08203125,E,1828.2086181640625
88,90,745A6315,118,0.14749671518802643,16.625642776489258,18.04438591003418,4251.60107421875,E,1850.04736328125
88,94,745A6315,119,0.22009243071079254,28.067283630371094,22.571191787719727,11230.50390625,E,1837.5433349609375
89,91,745A6315,120,0.034437231719493866,3.6656415462493896,20.634353637695312,1225.8056640625,E,1911.67138671875
90,94,745A6315,121,0.3635730743408203,40.137847900390625,17.252893447875977,9383.564453125,E,1833.86376953125
91,93,745A6315,122,0.15632116794586182,31.2882080078125,20.464941024780273,10291.8056640625,E,1907.8140869140625
91,110,745A6315,123,0.6125628352165222,61.94748306274414,15.367471694946289,11489.9560546875,E,1884.559814453125
92,116,745A6315,124,0.48665013909339905,120.1530532836914,28.916292190551758,78905.9765625,E,1829.1629638671875
92,171,745A6315,125,1.4547799825668335,242.866455078125,27.925046920776367,148745.984375,E,1741.5321044921875
93,110,745A6315,126,0.22132083773612976,48.98748779296875,29.826833724975586,34228.6171875,E,1884.2618408203125
94,97,745A6315,127,0.10274657607078552,13.588926315307617,22.960041046142578,5626.267578125,E,1819.20556640625
95,140,745A6315,128,0.6045385599136353,135.26036071777344,30.129638671875,96438.015625,E,2012.145751953125
96,97,745A6315,129,0.12117762863636017,10.368000030517578,9.249883651733398,696.7186279296875,E,1813.5927734375
96,114,745A6315,130,0.2299344688653946,41.84041213989258,20.738542556762695,14133.2587890625,E,1797.376220703125
97,109,745A6315,131,0.12991654872894287,25.03056526184082,27.738351821899414,15125.921875,E,1803.77001953125
98,138,745A6315,132,0.4193360209465027,95.64350128173828,30.430803298950195,69562.015625,E,1769.5595703125
99,104,745A6315,133,0.12645520269870758,28.067279815673828,29.958160400390625,19784.29296875,E,1821.749267578125
99,106,745A6315,134,0.05294245854020119,13.588924407958984,32.01069259643555,10936.166015625,E,1817.3636474609375
100,102,745A6315,135,0.022760577499866486,3.6656415462493896,25.381269454956055,1854.669677734375,E,1831.6485595703125
100,105,745A6315,136,0.08514045923948288,30.659282684326172,16.019577026367188,6179.50927734375,E,1834.8182373046875
101,108,745A6315,137,0.2794712781906128,31.73292350769043,17.808563232421875,7904.1962890625,E,1917.382568359375
101,123,745A6315,138,0.41224566102027893,44.87712860107422,21.383831024169922,16117.0654296875,E,1897.0943603515625
102,103,745A6315,139,0.1237298995256424,28.511999130249023,24.809505462646484,13783.3173828125,E,1827.5858154296875
102,118,745A6315,140,0.12053419649600983,36.472206115722656,25.98607063293457,19343.4140625,E,1815.6064453125
103,104,745A6315,141,0.1607636660337448,32.361846923828125,28.346593856811523,20423.251953125,E,1827.1595458984375
103,115,745A6315,142,0.04814707487821579,32.80656433105469,20.790212631225586,11137.0068359375,E,1811.1715087890625
104,115,745A6315,143,0.11500246077775955,23.956924438476562,23.239906311035156,10162.24609375,E,1811.294189453125
105,118,745A6315,144,0.20554621517658234,41.21148681640625,28.754501342773438,26762.078125,E,1816.4342041015625
106,107,745A6315,145,0.21254770457744598,49.43220520019531,20.012853622436523,15549.552734375,E,1808.955322265625
106,127,745A6315,146,0.31580331921577454,52.20840835571289,26.75709342956543,29356.767578125,E,1790.68896484375
107,112,745A6315,147,0.06986773759126663,16.180923461914062,30.41957664489746,11759.7880859375,E,1799.5888671875
108,123,745A6315,148,0.18546517193317413,35.398563385009766,20.37769317626953,11544.7763671875,E,1898.949462890625
109,134,745A6315,149,0.46410584449768066,73.38912963867188,22.90447235107422,30238.63671875,E,1761.0902099609375
109,138,745A6315,150,0.6039466261863708,100.12226104736328,21.97779083251953,37982.94140625,E,1759.1856689453125
110,113,745A6315,151,0.021190404891967773,5.184000015258789,31.266633987426758,3980.312255859375,E,1859.235595703125
111,178,745A6315,152,1.111053705215454,272.5915832519531,31.416500091552734,211308.953125,E,2035.45703125
112,117,745A6315,153,0.08395811170339584,34.9538459777832,29.123334884643555,23284.5078125,E,1788.438720703125
112,119,745A6315,154,0.0787060409784317,20.291284561157227,27.481977462768555,12036.365234375,E,1787.1761474609375
113,124,745A6315,155,0.10473223775625229,29.769847869873047,27.642192840576172,17865.34765625,E,1843.1920166015625
113,132,745A6315,156,0.4190797209739685,102.89846801757812,28.717639923095703,66649.40625,E,1841.886474609375
114,121,745A6315,157,0.06213443726301193,14.033641815185547,30.00621223449707,9923.9052734375,E,1774.9442138671875
115,141,745A6315,158,0.6658658981323242,105.49047088623047,26.479982376098633,58094.9609375,E,1756.76806640625
116,139,745A6315,159,0.2740245461463928,68.20513153076172,31.539390563964844,53286.05078125,E,1774.112548828125
117,120,745A6315,160,0.01604495197534561,3.6656415462493896,30.229835510253906,2630.943115234375,E,1776.442626953125
117,144,745A6315,161,0.6636960506439209,168.06686401367188,30.296449661254883,121158.9375,E,1736.92822265625
118,189,745A6315,162,0.9217944145202637,227.682861328125,31.44719123840332,176841.40625,E,1698.775390625
119,126,745A6315,163,0.1723860502243042,14.662566184997559,16.62437629699707,3182.662353515625,E,1772.6904296875
119,127,745A6315,164,0.12226979434490204,31.2882080078125,23.483858108520508,13552.189453125,E,1773.0989990234375
120,122,745A6315,165,0.0593612864613533,11.441641807556152,27.591079711914062,6840.9375,E,1774.7265625
120,126,745A6315,166,0.5544734001159668,37.54584884643555,13.347389221191406,5253.4482421875,E,1765.425048828125
121,134,745A6315,167,0.3300212025642395,62.131690979003906,24.63670539855957,29618.857421875,E,1745.488525390625
121,137,745A6315,168,0.3258857727050781,73.57333374023438,30.05449104309082,52195.0234375,E,1744.2882080078125
122,126,745A6315,169,0.11372514814138412,13.588926315307617,16.012800216674805,2736.589111328125,E,1771.09912109375
123,133,745A6315,170,0.16477906703948975,41.65620803833008,25.03679847717285,20508.18359375,E,1864.7083740234375
124,131,745A6315,171,0.32575520873069763,66.24205017089844,25.37947654724121,33511.12109375,E,1808.866455078125
124,159,745A6315,172,0.5753405094146729,124.9686508178711,29.493717193603516,85378.7890625,E,1776.1956787109375
125,155,745A6315,173,0.5839194059371948,142.4073944091797,31.30508804321289,109610.53125,E,1766.34375
127,141,745A6315,174,0.23186537623405457,49.87691879272461,29.359949111938477,33767.58984375,E,1745.281982421875
128,133,745A6315,175,0.37032896280288696,84.83076477050781,30.46158790588379,61822.75,E,1870.829345703125
129,191,745A6315,176,1.258973479270935,325.949951171875,32.17201232910156,264970.3125,E,2194.46826171875
130,140,745A6315,177,0.5870013236999512,140.52061462402344,29.39490509033203,95361.7109375,E,1961.6248779296875
131,135,745A6315,178,0.6034117341041565,72.94441223144531,19.601619720458984,22012.3203125,E,1793.4190673828125
131,136,745A6315,179,0.06213467940688133,10.99692440032959,26.636611938476562,6128.00439453125,E,1781.922607421875
132,234,745A6315,180,1.1801856756210327,291.48553466796875,31.443849563598633,226348.875,E,1708.68212890625
133,143,745A6315,181,0.19341807067394257,35.398563385009766,27.016223907470703,20291.998046875,E,1832.67724609375
134,166,745A6315,182,0.47334665060043335,105.5667724609375,29.992834091186523,74585.109375,E,1681.4794921875
135,136,745A6315,183,0.06334500014781952,12.51528263092041,28.050525665283203,7734.14892578125,E,1775.446044921875
135,145,745A6315,184,0.24599407613277435,49.61640930175781,28.40399932861328,31439.396484375,E,1756.362060546875
137,142,745A6315,185,0.021536177024245262,33.435489654541016,26.09280014038086,17878.82421875,E,1711.2286376953125
137,166,745A6315,186,0.7572084665298462,143.665283203125,27.48589515686035,85243.5390625,E,1671.20068359375
138,181,745A6315,187,0.6259187459945679,144.6309814453125,30.42356300354004,105140.828125,E,1662.169677734375
139,158,745A6315,188,0.31789860129356384,67.1314926147461,29.2125186920166,44993.95703125,E,1712.2923583984375
139,171,745A6315,189,1.0381935834884644,158.14358520507812,23.65733528137207,69514.1328125,E,1696.1263427734375
140,160,745A6315,190,0.31374120712280273,72.49969482421875,30.405179977416992,52640.64453125,E,1963.2032470703125
141,146,745A6315,191,0.09622764587402344,23.956924438476562,25.00856590270996,11767.8876953125,E,1711.8853759765625
142,144,745A6315,192,0.042240262031555176,9.923283576965332,30.646587371826172,7319.97412109375,E,1699.217041015625
143,168,745A6315,193,0.5928854942321777,81.79405212402344,20.144306182861328,26068.51171875,E,1785.9964599609375
143,177,745A6315,194,0.6657834053039551,133.74200439453125,28.607444763183594,85963.8515625,E,1760.0042724609375
144,193,745A6315,195,0.6515644192695618,154.92266845703125,30.901521682739258,116188.890625,E,1631.779541015625
145,147,745A6315,196,0.15077628195285797,32.80656433105469,29.530166625976562,22468.931640625,E,1730.1632080078125
145,152,745A6315,197,0.8905825614929199,42.28512954711914,13.00066089630127,5613.1728515625,E,1724.07958984375
146,148,745A6315,198,0.10178496688604355,15.107283592224121,24.276708602905273,6992.87646484375,E,1694.8441162109375
146,156,745A6315,199,1.2404448986053467,80.09149169921875,14.76728630065918,13717.583984375,E,1692.040283203125
147,150,745A6315,200,0.12741383910179138,27.17784881591797,29.21110725402832,18213.818359375,E,1710.29931640625
147,152,745A6315,201,0.2130981981754303,36.027488708496094,20.431058883666992,11811.515625,E,1710.0865478515625
148,156,745A6315,202,0.20057371258735657,25.659488677978516,19.53317642211914,7689.24365234375,E,1680.3980712890625
148,224,745A6315,203,1.0119954347610474,225.2750701904297,30.349863052368164,162973.3125,E,1590.546142578125
149,293,745A6315,204,1.755213975906372,427.8511657714844,30.669519424438477,316079.65625,E,1946.7230224609375
150,158,745A6315,205,0.23148508369922638,40.58256912231445,21.781837463378906,15122.3212890625,E,1688.7294921875
150,173,745A6315,206,0.3308347165584564,69.9076919555664,22.306058883666992,27318.732421875,E,1672.2071533203125
151,187,745A6315,207,0.4603739380836487,100.38278198242188,29.688283920288086,69489.5234375,E,2152.679443359375
152,161,745A6315,208,0.2214311957359314,18.328208923339844,11.838493347167969,2017.4498291015625,E,1702.1541748046875
153,187,745A6315,209,3.0761826038360596,124.70813751220703,27.444128036499023,73770.640625,E,2188.912841796875
154,155,745A6315,210,1.2550652027130127,46.8402099609375,14.26015853881836,7480.9619140625,E,1709.5379638671875
155,211,745A6315,211,0.5868982076644897,153.29641723632812,32.34699630737305,125976.5703125,E,1633.609375
156,189,745A6315,212,0.44623640179634094,100.12226104736328,27.454143524169922,59270.19140625,E,1633.599365234375
157,160,745A6315,213,0.12871873378753662,26.993640899658203,10.672941207885742,2415.013671875,E,1952.8450927734375
157,169,745A6315,214,0.15001727640628815,35.398563385009766,23.762542724609375,15698.6162109375,E,1946.106689453125
158,183,745A6315,215,0.3698459565639496,82.23876953125,29.854089736938477,57567.07421875,E,1644.083984375
159,162,745A6315,216,0.3050999343395233,34.32492446899414,16.611671447753906,7439.1982421875,E,1714.76318359375
159,164,745A6315,217,0.08701120316982269,19.217641830444336,29.711437225341797,13324.08203125,E,1710.1431884765625
160,169,745A6315,218,0.17723335325717926,40.137847900390625,30.15142250061035,28658.904296875,E,1933.1405029296875
161,163,745A6315,219,0.12859481573104858,17.254566192626953,23.839624404907227,7701.80908203125,E,1689.7530517578125
161,165,745A6315,220,0.21910330653190613,31.2882080078125,18.418447494506836,8336.3623046875,E,1695.9537353515625
162,164,745A6315,221,0.279410183429718,27.622568130493164,17.34099006652832,6523.81640625,E,1701.399169921875
162,165,745A6315,222,0.14554347097873688,26.10420799255371,21.084989547729492,9114.80078125,E,1695.2127685546875
163,167,745A6315,223,0.17293083667755127,26.548925399780273,20.300369262695312,8592.998046875,E,1679.8409423828125
163,172,745A6315,224,0.15360236167907715,28.251487731933594,27.139766693115234,16343.439453125,E,1669.9180908203125
164,210,745A6315,225,0.5751327276229858,134.2629852294922,30.628204345703125,98921.171875,E,1638.7333984375
165,167,745A6315,226,0.029943564906716347,7.331283092498779,22.128564834594727,2819.527587890625,E,1683.573974609375
166,186,745A6315,227,0.282157301902771,60.87384796142578,29.375072479248047,41255.18359375,E,1606.826416015625
167,184,745A6315,228,0.39120906591415405,53.54256057739258,24.111698150634766,24448.0703125,E,1655.4407958984375
168,176,745A6315,229,0.15443667769432068,33.88020706176758,29.7266845703125,23514.12890625,E,1735.167236328125
168,185,745A6315,230,1.2333422899246216,240.3823699951172,27.603166580200195,143850.140625,E,1788.7200927734375
169,293,745A6315,231,1.2786582708358765,322.51324462890625,31.777929306030273,255792.984375,E,1833.68505859375
170,185,745A6315,232,0.388217955827713,84.57025146484375,29.766027450561523,58850.37890625,E,1769.8917236328125
171,174,745A6315,233,0.08050227910280228,14.033641815185547,26.30286979675293,7625.46826171875,E,1624.719970703125
172,173,745A6315,234,0.0993233472108841,21.364927291870117,29.218446731567383,14325.361328125,E,1652.1602783203125
172,184,745A6315,235,0.28987014293670654,52.20840835571289,19.992849349975586,16390.029296875,E,1641.9827880859375
173,175,745A6315,236,0.03225250542163849,7.331283092498779,30.141740798950195,5231.2626953125,E,1643.275634765625
174,181,745A6315,237,0.20055413246154785,32.361846923828125,19.038494110107422,9212.73046875,E,1608.3277587890625
174,194,745A6315,238,0.35830259323120117,43.803489685058594,19.091163635253906,12539.0146484375,E,1600.972412109375
175,198,745A6315,239,0.3374468684196472,63.2053337097168,27.47418212890625,37470.81640625,E,1614.89111328125
175,219,745A6315,240,0.7105842232704163,123.45027160644531,25.25661849975586,61848.953125,E,1593.88720703125
176,179,745A6315,241,0.045526932924985886,10.99692440032959,31.07350730895996,8339.5322265625,E,1718.096435546875
176,180,745A6315,242,0.10201498866081238,29.14092254638672,27.57248878479004,17399.833984375,E,1713.5054931640625
177,180,745A6315,243,0.20512758195400238,41.65620803833008,23.826068878173828,18572.673828125,E,1697.25537109375
177,228,745A6315,244,0.8589940071105957,220.01475524902344,32.023136138916016,177202.3125,E,1616.36669921875
178,188,745A6315,245,0.0863032341003418,18.772924423217773,29.657711029052734,12968.71875,E,1896.649169921875
178,192,745A6315,246,0.11923626065254211,36.472206115722656,14.752375602722168,6234.1298828125,E,1906.609619140625
179,195,745A6315,247,0.09483929723501205,33.88020706176758,29.307388305664062,22855.470703125,E,1699.854736328125
179,196,745A6315,248,0.2787463068962097,82.86768341064453,30.368440628051758,60023.328125,E,1720.7725830078125
180,195,745A6315,249,0.05028075352311134,33.435489654541016,17.076705932617188,7657.8310546875,E,1693.9490966796875
181,205,745A6315,250,0.42204368114471436,76.61004638671875,27.693349838256836,46145.20703125,E,1568.47216796875
182,243,745A6315,251,0.7110612988471985,174.1403045654297,31.26128578186035,133660.4375,E,1610.133544921875
183,194,745A6315,252,0.6521295309066772,73.57333374023438,21.129375457763672,25797.85546875,E,1602.133544921875
183,202,745A6315,253,0.32651281356811523,61.50277328491211,27.638317108154297,36898.421875,E,1579.56689453125
184,210,745A6315,254,0.3557114899158478,71.87076568603516,25.228801727294922,35928.1953125,E,1601.77490234375
185,196,745A6315,255,0.09024554491043091,21.99384880065918,31.20274543762207,16818.091796875,E,1726.8770751953125
186,197,745A6315,256,0.23313184082508087,42.7298469543457,18.067039489746094,10954.5654296875,E,1574.9051513671875
186,200,745A6315,257,0.15577302873134613,30.214563369750977,27.830963134765625,18380.7265625,E,1567.1676025390625
187,233,745A6315,258,0.5146369338035583,114.86114501953125,30.098176956176758,81722.8359375,E,2087.55224609375
188,192,745A6315,259,0.10260563343763351,35.39856719970703,28.21468162536621,22132.265625,E,1892.738037109375
188,258,745A6315,260,1.1124305725097656,282.7753601074219,31.967517852783203,226959.96875,E,1758.4521484375
189,212,745A6315,261,0.2631905972957611,67.57620239257812,32.054603576660156,54533.63671875,E,1564.9661865234375
190,213,745A6315,262,5.574113845825195,84.12554168701172,19.99951934814453,26427.548828125,E,2182.695068359375
191,192,745A6315,263,1.3453891277313232,240.0902557373047,29.513399124145508,164249.046875,E,1970.2359619140625
191,203,745A6315,264,0.4461232125759125,80.45989227294922,21.738494873046875,29862.64453125,E,2000.114013671875
193,220,745A6315,265,1.6252117156982422,126.67121124267578,16.44464874267578,26904.009765625,E,1536.954833984375
193,245,745A6315,266,0.7900339365005493,168.95631408691406,29.277311325073242,113743.53125,E,1499.7833251953125
194,208,745A6315,267,0.45294222235679626,57.83712387084961,18.545116424560547,15622.6865234375,E,1562.7283935546875
195,275,745A6315,268,0.7556357383728027,194.76841735839844,32.12611770629883,157879.1875,E,1596.8944091796875
196,246,745A6315,269,0.5888484716415405,151.3333282470703,32.073787689208984,122271.4296875,E,1648.306396484375
197,199,745A6315,270,0.0543668270111084,7.331283092498779,23.189085006713867,3096.257568359375,E,1561.9608154296875
197,200,745A6315,271,0.1542348563671112,26.548925399780273,20.01430892944336,8352.529296875,E,1558.1328125
198,202,745A6315,272,0.3344172239303589,47.0244140625,21.415002822875977,16937.509765625,E,1571.658203125
198,219,745A6315,273,0.5525254607200623,103.97211456298828,23.805742263793945,46277.53515625,E,1563.033203125
199,207,745A6315,274,0.13441120088100433,37.54584503173828,17.564613342285156,9097.64453125,E,1543.439697265625
199,209,745A6315,275,0.35565024614334106,69.46297454833984,24.480426788330078,32694.994140625,E,1540.87939453125
200,207,745A6315,276,0.20014289021492004,37.54584884643555,27.52446174621582,22340.326171875,E,1539.579345703125
201,202,745A6315,277,0.011422178708016872,2.5920000076293945,30.128189086914062,1847.867919921875,E,1554.457763671875
201,217,745A6315,278,0.1509631872177124,31.2882080078125,28.847436904907227,20449.611328125,E,1540.2623291015625
202,230,745A6315,279,0.6142340898513794,102.89849090576172,25.40813636779785,52172.83984375,E,1539.19775390625
203,265,745A6315,280,0.6992939710617065,186.76348876953125,32.71039962768555,156947.1875,E,1873.0269775390625
203,276,745A6315,281,1.3466815948486328,346.31756591796875,32.10911560058594,280427.84375,E,2019.632568359375
204,222,745A6315,282,1.0792887210845947,84.38605499267578,21.017839431762695,29277.68359375,E,1532.8121337890625
205,208,745A6315,283,0.2806594967842102,36.91692352294922,18.933462142944336,10393.826171875,E,1538.8863525390625
205,209,745A6315,284,0.044589463621377945,9.923283576965332,29.833412170410156,6936.67138671875,E,1533.9375
206,240,745A6315,285,0.40122291445732117,91.71734619140625,27.581541061401367,54799.7265625,E,2030.479736328125
207,216,745A6315,286,0.12081681936979294,20.291284561157227,26.04960060119629,10814.3779296875,E,1518.543212890625
208,217,745A6315,287,0.20868438482284546,30.843490600585938,18.516706466674805,8305.7880859375,E,1533.42333984375
209,248,745A6315,288,0.6364187002182007,105.12206268310547,26.312305450439453,57161.2265625,E,1485.5384521484375
210,232,745A6315,289,0.2192903757095337,53.726768493652344,31.328752517700195,41415.87109375,E,1552.5985107421875
211,221,745A6315,290,0.19329845905303955,25.475284576416016,23.866729736328125,11397.1103515625,E,1551.311767578125
211,223,745A6315,291,0.2629290819168091,35.39856719970703,19.288095474243164,10343.1845703125,E,1548.23291015625
212,215,745A6315,292,0.21329344809055328,53.987281799316406,28.13319969177246,33559.81640625,E,1528.232421875
212,222,745A6315,293,0.08426033705472946,22.883283615112305,32.95848846435547,19522.830078125,E,1522.988525390625
213,218,745A6315,294,0.11823418736457825,23.956924438476562,28.544755935668945,15331.111328125,E,2136.464599609375
213,225,745A6315,295,1.1453344821929932,86.97806549072266,22.869775772094727,35729.21484375,E,2121.62255859375
214,269,745A6315,296,0.7874870300292969,190.24490356445312,31.285537719726562,146248.078125,E,1802.854736328125
215,224,745A6315,297,0.45952364802360535,96.9013442993164,29.628576278686523,66809.9609375,E,1504.0313720703125
215,239,745A6315,298,0.2646186351776123,60.24491882324219,26.966964721679688,34409.1875,E,1491.5198974609375
216,220,745A6315,299,0.09771321713924408,19.846567153930664,23.561786651611328,8653.498046875,E,1504.1478271484375
216,231,745A6315,300,0.21935485303401947,37.54584884643555,26.118600845336914,20116.46484375,E,1495.0361328125
217,254,745A6315,301,0.4598780870437622,99.75384521484375,29.482593536376953,68100.59375,E,1480.005615234375
218,225,745A6315,302,0.12645713984966278,26.10420799255371,28.673505783081055,16856.291015625,E,2114.66943359375
219,232,745A6315,303,0.11508674919605255,30.843490600585938,25.66927146911621,15961.7490234375,E,1536.41748046875
220,229,745A6315,304,0.13273130357265472,18.144001007080078,23.40169334411621,7804.00390625,E,1488.9124755859375
221,226,745A6315,305,0.06760650873184204,9.923283576965332,19.21807098388672,2878.4912109375,E,1537.4212646484375
221,228,745A6315,306,0.13836847245693207,29.769847869873047,13.539389610290527,4286.123046875,E,1536.279296875
222,227,745A6315,307,0.045973069965839386,12.51528263092041,32.99869918823242,10703.4599609375,E,1507.6646728515625
223,226,745A6315,308,0.10932432115077972,14.033641815185547,20.43105697631836,4600.89111328125,E,1532.559326171875
223,244,745A6315,309,0.6865928769111633,152.33067321777344,29.084299087524414,101203.2421875,E,1479.2332763671875
224,283,745A6315,310,1.677545189857483,322.3606262207031,28.153562545776367,200677.453125,E,1412.781494140625
225,233,745A6315,311,0.26989492774009705,74.4627685546875,29.27130126953125,50108.69921875,E,2069.54296875
226,236,745A6315,312,0.1529434621334076,31.73292350769043,21.226810455322266,11229.7333984375,E,1520.221435546875
227,239,745A6315,313,1.1935745477676392,66.686767578125,16.20254135131836,13749.7822265625,E,1486.290771484375
227,244,745A6315,314,0.27158352732658386,58.2818489074707,29.618989944458008,40157.2265625,E,1475.8592529296875
228,236,745A6315,315,0.16657637059688568,32.361846923828125,28.32811164855957,20396.630859375,E,1517.402099609375
229,231,745A6315,316,0.027884995564818382,26.993640899658203,19.28244972229004,7882.7138671875,E,1479.8438720703125
229,245,745A6315,317,0.4246639609336853,55.2451286315918,20.271329879760742,17829.87890625,E,1456.3360595703125
230,237,745A6315,318,0.2149963676929474,34.509132385253906,19.265506744384766,10059.6943359375,E,1511.5556640625
230,254,745A6315,319,1.2749691009521484,137.66812133789062,19.530757904052734,41244.0625,E,1465.49853515625
231,241,745A6315,320,0.16467714309692383,31.73292350769043,27.749649047851562,19191.767578125,E,1465.8663330078125
232,238,745A6315,321,0.09348751604557037,24.585847854614258,32.37205123901367,20235.57421875,E,1516.4039306640625
233,240,745A6315,322,0.14466238021850586,30.843490600585938,29.312978744506836,20814.8515625,E,2029.5615234375
234,249,745A6315,323,0.17206503450870514,41.027278900146484,30.95661163330078,30879.443359375,E,1568.0484619140625
234,261,745A6315,324,0.822820246219635,114.78482818603516,25.286611557006836,57644.203125,E,1541.639404296875
235,246,745A6315,325,0.2958284318447113,73.57333374023438,31.58174705505371,57634.51171875,E,1607.2435302734375
236,259,745A6315,326,0.26839685440063477,62.576412200927734,30.57737159729004,45951.625,E,1478.924072265625
237,238,745A6315,327,0.021519768983125687,5.184000015258789,31.056564331054688,3927.00732421875,E,1505.19482421875
237,266,745A6315,328,0.4826389253139496,86.71753692626953,24.983922958374023,42512.640625,E,1467.9825439453125
238,267,745A6315,329,0.17432492971420288,67.1314926147461,28.387676239013672,42488.9375,E,1480.47314453125
239,264,745A6315,330,0.336836576461792,82.60717010498047,31.33413314819336,63700.51953125,E,1434.290283203125
240,311,745A6315,331,0.9889186024665833,217.42274475097656,29.882986068725586,152490.53125,E,1916.1842041015625
241,247,745A6315,332,0.9354510307312012,61.50276565551758,15.457977294921875,11542.2333984375,E,1451.04833984375
241,262,745A6315,333,0.7732564210891724,119.9688491821289,26.143627166748047,64400.625,E,1414.554443359375
242,321,745A6315,334,2.0277209281921387,317.7739562988281,28.63216209411621,204605.109375,E,1664.716064453125
243,255,745A6315,335,0.29671287536621094,45.32184600830078,25.791669845581055,23678.62109375,E,1510.401123046875
243,256,745A6315,336,0.13803339004516602,36.472206115722656,13.55294132232666,5261.6142578125,E,1514.9915771484375
244,278,745A6315,337,0.2698362171649933,68.83405303955078,32.0258903503418,55449.2421875,E,1418.5528564453125
245,283,745A6315,338,0.3929153382778168,85.01497650146484,29.474742889404297,58007.6640625,E,1398.986328125
246,253,745A6315,339,0.0488046258687973,15.107283592224121,30.656753540039062,11151.37890625,E,1575.034423828125
247,248,745A6315,340,0.04366234317421913,15.552000045776367,15.409692764282227,2900.44140625,E,1438.802734375
247,262,745A6315,341,0.17437146604061127,21.809640884399414,16.129356384277344,4456.27978515625,E,1427.4876708984375
248,260,745A6315,342,0.12817397713661194,21.364927291870117,20.024471282958984,6728.42529296875,E,1431.048828125
249,299,745A6315,343,0.7443249225616455,175.13763427734375,30.251012802124023,125877.8125,E,1532.17919921875
249,364,745A6315,344,0.9287759065628052,232.68267822265625,31.68135643005371,183426.25,E,1443.6607666015625
250,296,745A6315,345,11.779821395874023,194.24740600585938,21.021278381347656,67416.0546875,E,1688.7618408203125
251,308,745A6315,346,0.9727725982666016,228.68020629882812,30.754676818847656,169879.421875,E,1441.1546630859375
252,278,745A6315,347,1.999125599861145,136.85498046875,20.10479736328125,43446.01171875,E,1410.0234375
253,275,745A6315,348,0.26672446727752686,90.19898223876953,29.3267822265625,60928.48046875,E,1534.8028564453125
253,300,745A6315,349,0.39820972084999084,109.86135864257812,30.686325073242188,81250.234375,E,1532.897705078125
254,263,745A6315,350,0.05059175193309784,10.99692440032959,29.46240234375,7497.17138671875,E,1429.152099609375
255,256,745A6315,351,0.19357144832611084,38.43528366088867,22.844158172607422,15753.2548828125,E,1496.212646484375
255,267,745A6315,352,0.35737475752830505,87.86747741699219,31.428003311157227,68163.4609375,E,1469.6201171875
256,261,745A6315,353,0.016528140753507614,3.6656415462493896,25.045833587646484,1805.97119140625,E,1501.8372802734375
257,313,745A6315,354,0.6111180782318115,149.4781494140625,31.384096145629883,115634.34375,E,1922.9884033203125
258,270,745A6315,355,0.3274420499801636,62.392208099365234,24.668611526489258,29820.13671875,E,1641.329833984375
258,277,745A6315,356,0.23649747669696808,62.131690979003906,32.4193115234375,51287.390625,E,1608.328125
259,286,745A6315,357,0.40397438406944275,67.1314926147461,27.121129989624023,38782.1328125,E,1427.915283203125
259,301,745A6315,358,0.5803765058517456,119.07941436767578,27.01409339904785,68250.7421875,E,1397.7760009765625
260,262,745A6315,359,0.06812366843223572,11.441641807556152,25.850881576538086,6005.22021484375,E,1418.80517578125
260,263,745A6315,360,0.2251196652650833,34.7696418762207,25.48001480102539,17729.212890625,E,1421.97705078125
261,335,745A6315,361,0.8515157699584961,189.43177795410156,29.043577194213867,125499.765625,E,1414.2779541015625
263,289,745A6315,362,0.282138466835022,64.53948974609375,23.416580200195312,27794.724609375,E,1395.875732421875
264,280,745A6315,363,0.2612287700176239,85.01497650146484,28.82710838317871,55486.51953125,E,1389.551513671875
264,284,745A6315,364,0.52197265625,137.48390197753906,32.480777740478516,113918.5859375,E,1378.0069580078125
265,268,745A6315,365,0.02640606090426445,7.331283092498779,33.319908142089844,6392.59912109375,E,1778.723876953125
265,272,745A6315,366,0.49728092551231384,45.766563415527344,18.4461669921875,12230.67578125,E,1791.0902099609375
266,273,745A6315,367,0.15174151957035065,43.803489685058594,27.495529174804688,26008.947265625,E,1431.5721435546875
266,281,745A6315,368,0.3005610406398773,66.24205017089844,29.673551559448242,45810.25390625,E,1414.59619140625
267,273,745A6315,369,0.15274904668331146,44.69292068481445,27.786609649658203,27101.900390625,E,1446.702880859375
267,335,745A6315,370,0.6391106843948364,145.07568359375,30.309978485107422,104678.0859375,E,1392.9432373046875
268,269,745A6315,371,0.5100887417793274,116.56371307373047,26.720060348510742,65362.41796875,E,1743.220458984375
268,271,745A6315,372,0.009494486264884472,2.5920000076293945,33.04545593261719,2223.045654296875,E,1774.067138671875
269,270,745A6315,373,0.4268830418586731,108.41928100585938,31.87264060974121,86503.265625,E,1680.9403076171875
270,285,745A6315,374,0.33478856086730957,71.42605590820312,22.475616455078125,28338.037109375,E,1622.942138671875
271,279,745A6315,375,0.31804221868515015,52.20840835571289,22.42503547668457,20620.376953125,E,1775.8905029296875
271,297,745A6315,376,0.4062143564224243,109.1561279296875,30.3518123626709,78978.2109375,E,1722.996337890625
272,274,745A6315,377,0.15067236125469208,8.849641799926758,16.050071716308594,1790.480224609375,E,1797.005859375
272,279,745A6315,378,0.9033466577529907,72.49969482421875,22.501272201538086,28829.705078125,E,1799.654052734375
273,302,745A6315,379,0.49448803067207336,86.79385375976562,27.9326171875,53186.58203125,E,1396.861328125
274,279,745A6315,380,0.11550703644752502,11.441641807556152,13.878211975097656,1730.79345703125,E,1788.1248779296875
275,345,745A6315,381,0.6204465627670288,157.51467895507812,31.880502700805664,125736.4609375,E,1435.361572265625
277,291,745A6315,382,0.1983148753643036,57.39241409301758,24.09938621520996,26179.197265625,E,1575.076416015625
277,300,745A6315,383,0.38926175236701965,94.048828125,31.272245407104492,72237.28125,E,1540.5513916015625
278,280,745A6315,384,0.03989771753549576,10.99692440032959,33.182682037353516,9510.078125,E,1384.7137451171875
280,315,745A6315,385,0.36433926224708557,87.60697937011719,31.082263946533203,66474.3125,E,1341.5213623046875
281,289,745A6315,386,0.13486593961715698,38.61948776245117,26.737693786621094,21684.244140625,E,1377.660400390625
281,348,745A6315,387,0.7074081897735596,145.444091796875,29.168472290039062,97188.15625,E,1338.8521728515625
282,303,745A6315,388,2.388932943344116,110.67449188232422,26.052431106567383,58997.54296875,E,1657.0987548828125
283,320,745A6315,389,1.2701526880264282,104.8615493774414,20.817319869995117,35690.7578125,E,1327.2861328125
284,288,745A6315,390,0.2644650936126709,68.64984893798828,32.230255126953125,56008.88671875,E,1354.9256591796875
284,329,745A6315,391,0.8822087645530701,168.06689453125,28.174020767211914,104777.9140625,E,1308.66015625
285,291,745A6315,392,0.0985950157046318,23.512208938598633,30.88800048828125,17618.255859375,E,1582.446044921875
285,317,745A6315,393,1.4246339797973633,169.58522033691406,25.243104934692383,84871.8046875,E,1571.721435546875
286,295,745A6315,394,0.11825712025165558,25.03056526184082,29.080095291137695,16624.63671875,E,1391.886962890625
286,306,745A6315,395,0.2685701847076416,64.72368621826172,24.070024490356445,29451.416015625,E,1377.7677001953125
287,315,745A6315,396,1.689650535583496,132.6683349609375,17.798112869262695,33006.92578125,E,1328.02392578125
288,319,745A6315,397,0.9154436588287354,146.5177459716797,24.38347053527832,68418.125,E,1331.8812255859375
288,332,745A6315,398,0.3711816072463989,83.12820434570312,30.213441848754883,59598.9609375,E,1306.901611328125
289,316,745A6315,399,0.3275086581707001,61.94748306274414,27.585161209106445,37022.40234375,E,1339.7470703125
290,331,745A6315,400,1.7912944555282593,115.22956085205078,18.21324920654297,30021.2421875,E,1788.067138671875
291,294,745A6315,401,0.058264512568712234,14.033641815185547,31.02268409729004,10607.6455078125,E,1566.84423828125
292,382,745A6315,402,1.2367669343948364,218.3122100830078,25.886554718017578,114899.046875,E,1345.9364013671875
293,327,745A6315,403,0.24911433458328247,66.0578384399414,32.556705474853516,54991.4453125,E,1709.1207275390625
294,317,745A6315,404,0.38019347190856934,51.134769439697266,17.335906982421875,12069.779296875,E,1552.554443359375
294,318,745A6315,405,0.2110888659954071,51.134769439697266,31.131505966186523,38923.01171875,E,1538.10400390625
295,306,745A6315,406,0.11858272552490234,24.401639938354492,28.74172019958496,15831.9501953125,E,1371.182861328125
296,303,745A6315,407,0.11036486178636551,28.251487731933594,23.691898345947266,12454.6328125,E,1613.638916015625
296,312,745A6315,408,0.1559610664844513,33.88020324707031,29.640281677246094,23377.634765625,E,1600.9697265625
297,324,745A6315,409,0.28353989124298096,73.12861633300781,32.21592712402344,59609.9140625,E,1642.6453857421875
297,331,745A6315,410,0.7410522699356079,177.62171936035156,31.101627349853516,134943.5625,E,1710.5118408203125
298,339,745A6315,411,0.28033047914505005,75.09169006347656,29.038532257080078,49731.44140625,E,1447.28466796875
299,307,745A6315,412,0.12508432567119598,31.288206100463867,31.630714416503906,24586.037109375,E,1517.7896728515625
299,339,745A6315,413,0.4396134614944458,110.22976684570312,30.301668167114258,79491.7109375,E,1465.859130859375
300,392,745A6315,414,0.7123779058456421,190.1370391845703,32.70557403564453,159735.03125,E,1412.17724609375
301,400,745A6315,415,1.8588461875915527,287.146240234375,26.552125930786133,158997.984375,E,1256.3104248046875
301,414,745A6315,416,1.5533876419067383,291.2566223144531,27.020212173461914,167010.265625,E,1225.278564453125
302,323,745A6315,417,0.20621100068092346,33.88020706176758,25.93355369567871,17896.1640625,E,1344.948486328125
302,325,745A6315,418,0.1784067153930664,37.54584884643555,24.488811492919922,17684.2734375,E,1339.728759765625
303,314,745A6315,419,0.11567260324954987,26.10420799255371,30.12367057800293,18604.423828125,E,1599.783447265625
304,328,745A6315,420,0.61656653881073,67.3156967163086,21.168460845947266,23691.076171875,E,1830.3468017578125
305,377,745A6315,421,1.8250293731689453,441.5926818847656,31.523414611816406,344649.96875,E,1920.8773193359375
306,308,745A6315,422,0.011345495469868183,3.6656415462493896,30.229833602905273,2630.942626953125,E,1358.902587890625
307,351,745A6315,423,0.42667722702026367,104.8615493774414,31.477108001708984,81601.0625,E,1510.51708984375
307,401,745A6315,424,0.8505387306213379,216.8701629638672,30.98787498474121,163558.5625,E,1423.964111328125
308,310,745A6315,425,0.015673862770199776,3.6656415462493896,30.58559799194336,2693.232421875,E,1356.417724609375
309,313,745A6315,426,0.5409673452377319,119.15570068359375,27.52987289428711,70927.25,E,1888.64453125
310,382,745A6315,427,0.6300943493843079,141.59425354003906,29.997499465942383,100070.3984375,E,1300.4244384765625
310,395,745A6315,428,0.9965592622756958,205.1680145263672,28.740365982055664,133101.859375,E,1270.1427001953125
311,328,745A6315,429,0.10893896967172623,28.69620704650879,16.32451820373535,6006.13525390625,E,1804.863037109375
311,330,745A6315,430,0.24441766738891602,37.54584884643555,24.751840591430664,18066.19921875,E,1791.4300537109375
312,314,745A6315,431,0.014466946944594383,3.6656415462493896,31.835857391357422,2917.917236328125,E,1589.1326904296875
312,322,745A6315,432,0.22129663825035095,47.913848876953125,24.939104080200195,23405.21484375,E,1572.2847900390625
313,340,745A6315,433,0.25975292921066284,69.01825714111328,32.57352066040039,57515.2890625,E,1820.190673828125
314,425,745A6315,434,1.110846996307373,236.6088104248047,29.52351951599121,161978.375,E,1507.8221435546875
315,371,745A6315,435,0.4759424328804016,108.5271987915039,30.33555030822754,78439.03125,E,1256.981689453125
316,320,745A6315,436,0.12926016747951508,34.32492446899414,18.385921478271484,9113.1865234375,E,1305.900634765625
316,342,745A6315,437,0.34652087092399597,45.32184600830078,22.822307586669922,18540.291015625,E,1292.0802001953125
317,318,745A6315,438,0.11081120371818542,31.104000091552734,23.942235946655273,14003.4658203125,E,1527.97900390625
318,334,745A6315,439,0.10356293618679047,25.475284576416016,31.368282318115234,19687.4921875,E,1507.4306640625
319,336,745A6315,440,0.5200866460800171,117.6373519897461,30.210002899169922,84321.171875,E,1277.1444091796875
319,358,745A6315,441,0.5438632965087891,81.53353118896484,22.38558578491211,32089.5078125,E,1270.630859375
320,342,745A6315,442,0.31581345200538635,39.6931266784668,22.510913848876953,15797.6123046875,E,1284.558349609375
321,322,745A6315,443,0.064565509557724,16.625642776489258,26.89581298828125,9445.77734375,E,1550.4034423828125
321,333,745A6315,444,0.0855853334069252,17.699283599853516,28.75740623474121,11495.9541015625,E,1538.8695068359375
322,333,745A6315,445,0.2393529713153839,26.993640899658203,7.826824188232422,1298.7408447265625,E,1542.3782958984375
323,325,745A6315,446,0.09619715064764023,14.033641815185547,24.195388793945312,6452.4619140625,E,1326.66552734375
323,391,745A6315,447,1.9704216718673706,150.7044219970703,18.179798126220703,39119.5625,E,1270.1932373046875
324,352,745A6315,448,0.3580244481563568,100.12226104736328,31.07245445251465,75922.703125,E,1618.6328125
324,359,745A6315,449,0.44332629442214966,123.00555419921875,33.33180618286133,107332.7578125,E,1561.6348876953125
325,348,745A6315,450,0.15092332661151886,42.28512954711914,18.491634368896484,11356.072265625,E,1306.1158447265625
326,368,745A6315,451,0.3983781635761261,84.57025909423828,29.172706604003906,56527.65625,E,1607.8194580078125
327,368,745A6315,452,0.9089745879173279,109.67713928222656,20.18219757080078,35086.73046875,E,1642.6812744140625
327,385,745A6315,453,0.4917808771133423,118.08206176757812,29.01007843017578,78049.7734375,E,1635.362548828125
328,330,745A6315,454,0.19951680302619934,35.39856719970703,21.236614227294922,12538.515625,E,1787.1771240234375
329,338,745A6315,455,0.06119517609477043,33.435489654541016,22.240373611450195,12989.1796875,E,1265.8759765625
329,350,745A6315,456,0.15665709972381592,39.5089225769043,24.18946075439453,18156.720703125,E,1254.6031494140625
330,337,745A6315,457,0.07275773584842682,18.328208923339844,24.649412155151367,8746.2734375,E,1766.9542236328125
331,341,745A6315,458,0.19768941402435303,37.54584884643555,27.685529708862305,22602.55078125,E,1742.8892822265625
332,336,745A6315,459,0.04663955047726631,10.99692440032959,30.697412490844727,8138.8798828125,E,1264.3270263671875
332,338,745A6315,460,0.08106809109449387,26.10420799255371,28.440847396850586,16583.853515625,E,1260.6278076171875
333,351,745A6315,461,0.1287136971950531,39.6931266784668,27.22362518310547,23104.529296875,E,1515.00439453125
334,344,745A6315,462,0.13251622021198273,32.361846923828125,24.3981990814209,15129.9921875,E,1497.2198486328125
334,357,745A6315,463,0.166111022233963,37.99056625366211,30.235645294189453,27277.474609375,E,1479.6553955078125
335,391,745A6315,464,0.5123335123062134,112.71385192871094,29.714344024658203,78162.6875,E,1281.446533203125
336,354,745A6315,465,0.0744803175330162,26.993640899658203,29.8522891998291,18893.248046875,E,1247.6160888671875
337,385,745A6315,466,0.9086548089981079,188.358154296875,29.23572540283203,126445.1171875,E,1675.0499267578125
337,402,745A6315,467,0.7013201117515564,149.8149871826172,29.55014419555664,102745.859375,E,1698.4041748046875
338,347,745A6315,468,0.04227044805884361,15.107283592224121,28.938915252685547,9936.6669921875,E,1248.140869140625
339,343,745A6315,469,0.01436585932970047,3.6656415462493896,31.947669982910156,2938.44970703125,E,1419.8826904296875
340,341,745A6315,470,0.3300051987171173,60.87384796142578,27.342138290405273,35742.5546875,E,1770.6337890625
340,375,745A6315,471,0.6324528455734253,95.56719207763672,20.646549224853516,31995.8515625,E,1743.81201171875
341,372,745A6315,472,0.7369195818901062,96.01191711425781,19.495023727416992,28659.099609375,E,1706.73095703125
342,355,745A6315,473,0.0734560638666153,22.438568115234375,18.581083297729492,6084.53076171875,E,1261.4039306640625
343,346,745A6315,474,0.16409935057163239,39.50891876220703,31.19480323791504,30196.0078125,E,1407.73193359375
343,404,745A6315,475,0.5927417874336243,147.4834747314453,30.339616775512695,106623.6171875,E,1359.102783203125
344,357,745A6315,476,0.45073091983795166,48.35856628417969,14.48216438293457,7965.81494140625,E,1479.9493408203125
344,359,745A6315,477,0.41523072123527527,62.576412200927734,22.715576171875,25359.9296875,E,1508.4486083984375
345,370,745A6315,478,0.22234295308589935,69.01825714111328,31.6971435546875,54462.0703125,E,1353.544921875
345,407,745A6315,479,0.7636409997940063,188.54237365722656,31.500423431396484,146937.15625,E,1277.1881103515625
346,364,745A6315,480,0.373745858669281,88.05168151855469,25.891765594482422,46360.796875,E,1365.94873046875
346,428,745A6315,481,0.9591488838195801,202.20761108398438,29.35293960571289,136832.921875,E,1305.046875
347,350,745A6315,482,0.13038226962089539,30.659282684326172,30.83802604675293,22899.447265625,E,1237.06494140625
347,354,745A6315,483,0.0892406776547432,36.47220993041992,29.010072708129883,24107.35546875,E,1235.7545166015625
348,403,745A6315,484,0.6369856595993042,137.29969787597656,29.427444458007812,93382.296875,E,1230.88671875
349,383,745A6315,485,0.4334643483161926,95.56719207763672,29.720243453979492,66298.453125,E,2006.9442138671875
350,353,745A6315,486,0.01386729720979929,3.6656415462493896,32.51689529418945,3044.09375,E,1235.2034912109375
351,379,745A6315,487,0.23626147210597992,61.05805206298828,32.16417694091797,49610.97265625,E,1483.85791015625
352,356,745A6315,488,0.04039798676967621,8.849641799926758,29.604707717895508,6091.6806640625,E,1631.638427734375
352,360,745A6315,489,0.42224398255348206,62.576412200927734,17.917604446411133,15778.30859375,E,1619.902099609375
353,371,745A6315,490,0.6497324109077454,133.81825256347656,27.420312881469727,79022.3671875,E,1226.3155517578125
353,374,745A6315,491,0.2474953681230545,49.61640930175781,19.487194061279297,14798.3681640625,E,1216.1875
354,394,745A6315,492,0.38960790634155273,96.71713256835938,31.567514419555664,75696.203125,E,1191.1331787109375
355,358,745A6315,493,0.059086862951517105,8.849641799926758,20.708894729614258,2980.7763671875,E,1248.9671630859375
355,472,745A6315,494,1.2287644147872925,259.30792236328125,29.009159088134766,171386.234375,E,1135.00390625
356,360,745A6315,495,0.06204064562916756,10.99692440032959,26.71792984008789,6165.4775390625,E,1632.846923828125
357,384,745A6315,496,0.2506476640701294,69.7234878540039,28.813199996948242,45462.359375,E,1439.4830322265625
358,448,745A6315,497,1.2116215229034424,246.63998413085938,28.7658634185791,160290.65625,E,1142.336181640625
359,384,745A6315,498,0.3893113434314728,101.38011169433594,32.33425521850586,83246.953125,E,1463.4619140625
360,367,745A6315,499,0.21542255580425262,39.064205169677734,27.164453506469727,22639.70703125,E,1639.2015380859375
361,362,745A6315,500,0.5893298387527466,73.57333374023438,25.615903854370117,37916.625,E,1828.8804931640625
361,363,745A6315,501,0.2243768870830536,14.033641815185547,14.527397155761719,2326.14013671875,E,1824.12451171875
361,366,745A6315,502,0.06912349909543991,7.331283092498779,20.5462589263916,2430.722412109375,E,1830.3087158203125
362,363,745A6315,503,0.08646702766418457,15.552000045776367,23.419483184814453,6699.3203125,E,1812.9658203125
362,365,745A6315,504,0.010674833320081234,2.5920000076293945,31.16498565673828,1977.237060546875,E,1806.3382568359375
364,419,745A6315,505,0.735180139541626,163.95652770996094,29.926488876342773,115326.765625,E,1262.1602783203125
365,373,745A6315,506,0.18287648260593414,29.769847869873047,20.924772262573242,10237.3603515625,E,1807.5426025390625
365,402,745A6315,507,0.8331844210624695,173.87979125976562,29.769412994384766,121026.234375,E,1722.544677734375
366,369,745A6315,508,0.19785510003566742,10.99692440032959,16.197460174560547,2265.974365234375,E,1825.0302734375
366,373,745A6315,509,0.6316872239112854,58.9107666015625,21.405855178833008,21200.67578125,E,1828.1160888671875
367,372,745A6315,510,0.2544921934604645,42.100921630859375,26.036893844604492,22416.08984375,E,1652.5546875
367,390,745A6315,511,0.6383808255195618,58.2818489074707,15.897599220275879,11568.74609375,E,1616.58251953125
368,425,745A6315,512,1.5033169984817505,193.80267333984375,24.288330078125,89793.515625,E,1517.4603271484375
369,373,745A6315,513,0.09909532964229584,8.849641799926758,16.263530731201172,1838.4222412109375,E,1815.5081787109375
370,376,745A6315,514,0.1405925750732422,32.361846923828125,30.42943572998047,23534.826171875,E,1342.7989501953125
370,410,745A6315,515,0.7599159479141235,116.1189956665039,23.460140228271484,50194.296875,E,1293.0145263671875
371,426,745A6315,516,0.7301594018936157,152.775390625,29.12676239013672,101795.296875,E,1144.0006103515625
372,381,745A6315,517,0.1768365204334259,30.214563369750977,19.302776336669922,8841.9033203125,E,1656.8739013671875
374,378,745A6315,518,0.05816522240638733,17.254566192626953,26.133459091186523,9255.2412109375,E,1193.436279296875
374,417,745A6315,519,0.9329780340194702,150.99652099609375,27.998064041137695,92963.5859375,E,1152.8978271484375
375,377,745A6315,520,0.21247883141040802,50.5058479309082,30.907480239868164,37892.98046875,E,1714.2086181640625
375,380,745A6315,521,0.22775349020957947,51.134769439697266,30.238204956054688,36721.3125,E,1682.8768310546875
376,392,745A6315,522,0.32606807351112366,63.65005111694336,24.102548599243164,29041.203125,E,1335.1407470703125
376,422,745A6315,523,0.81977778673172,118.52677917480469,23.392730712890625,50941.0859375,E,1288.716552734375
377,388,745A6315,524,0.34335434436798096,89.57006072998047,29.852611541748047,62692.76171875,E,1750.1640625
378,387,745A6315,525,0.2735583782196045,64.09476470947266,30.544939041137695,46966.80078125,E,1179.25634765625
378,418,745A6315,526,0.6294286251068115,115.04535675048828,26.02629280090332,61204.53515625,E,1136.951416015625
379,401,745A6315,527,1.01204252243042,210.61251831054688,29.346141815185547,142454.46875,E,1385.1151123046875
379,431,745A6315,528,0.6135645508766174,140.07591247558594,30.262449264526367,100753.8125,E,1439.1187744140625
380,381,745A6315,529,0.053571414202451706,12.960000038146973,31.087059020996094,9836.806640625,E,1655.962890625
380,398,745A6315,530,0.3413850963115692,81.53353118896484,28.59573745727539,52363.5078125,E,1662.16943359375
381,390,745A6315,531,0.30970367789268494,69.27877044677734,30.090072631835938,49264.77734375,E,1621.9107666015625
382,389,745A6315,532,0.08101779222488403,18.772924423217773,30.42441749572754,13647.9169921875,E,1240.310546875
383,386,745A6315,533,0.29856422543525696,64.98419952392578,26.017370223999023,34548.12109375,E,1983.1800537109375
383,421,745A6315,534,1.7509441375732422,432.3746032714844,31.633106231689453,339808.09375,E,1775.68310546875
384,451,745A6315,535,0.7799513339996338,198.64984130859375,32.14631652832031,161228.015625,E,1322.0885009765625
385,474,745A6315,536,0.8877949714660645,215.35179138183594,31.158018112182617,164201.84375,E,1497.7078857421875
387,394,745A6315,537,0.17176491022109985,51.57948684692383,29.04564666748047,34176.609375,E,1152.0107421875
387,418,745A6315,538,0.4622299075126648,96.45661926269531,27.081680297851562,55561.3984375,E,1123.765625
388,396,745A6315,539,0.22142115235328674,53.726768493652344,31.314069747924805,41377.0625,E,1779.953857421875
388,397,745A6315,540,0.2126712203025818,40.322052001953125,24.69007110595703,19305.328125,E,1749.4227294921875
389,407,745A6315,541,0.1733938306570053,60.42912292480469,25.962507247924805,31991.1171875,E,1210.84326171875
389,454,745A6315,542,0.8741832971572876,190.24490356445312,30.654611587524414,140408.859375,E,1152.9356689453125
390,393,745A6315,543,0.052658811211586,13.588924407958984,32.09200668334961,10991.796875,E,1590.272705078125
391,449,745A6315,544,0.8465023040771484,133.63406372070312,25.465974807739258,68065.6015625,E,1170.054443359375
392,455,745A6315,545,0.566950261592865,140.96534729003906,31.692333221435547,111201.5078125,E,1265.74853515625
393,445,745A6315,546,1.2927021980285645,337.98895263671875,32.428802490234375,279160.625,E,1446.1951904296875
393,467,745A6315,547,0.6784225106239319,159.2935333251953,30.318065643310547,114998.1953125,E,1525.9180908203125
394,443,745A6315,548,0.45995378494262695,116.56371307373047,31.8968505859375,93142.7109375,E,1096.5565185546875
395,399,745A6315,549,0.2793724536895752,36.027488708496094,22.858728408813477,14785.228515625,E,1165.7908935546875
395,408,745A6315,550,0.9494501948356628,48.098052978515625,12.698490142822266,6091.46240234375,E,1160.46435546875
396,397,745A6315,551,0.6997978091239929,81.79405212402344,20.719058990478516,27577.296875,E,1751.658203125
396,415,745A6315,552,0.2813522517681122,73.12861633300781,32.26630783081055,59796.50390625,E,1794.85888671875
397,406,745A6315,553,0.23386164009571075,61.50276565551758,32.41185760498047,50744.8984375,E,1702.3016357421875
398,406,745A6315,554,0.09327977895736694,34.509132385253906,26.407907485961914,18901.30859375,E,1673.0911865234375
398,420,745A6315,555,0.1895304024219513,49.43220901489258,21.75501251220703,18374.62890625,E,1649.133544921875
399,408,745A6315,556,0.4648156464099884,24.585847854614258,13.634259223937988,3589.534423828125,E,1145.80859375
399,432,745A6315,557,0.6272768974304199,86.71753692626953,21.309844970703125,30928.396484375,E,1113.9068603515625
400,414,745A6315,558,0.31344664096832275,65.16841125488281,29.383394241333008,44190.70703125,E,1123.5341796875
400,432,745A6315,559,0.43934759497642517,68.20513153076172,23.92161750793457,30654.060546875,E,1110.5936279296875
401,404,745A6315,560,0.08677221834659576,32.80656814575195,29.744470596313477,22796.23828125,E,1307.9306640625
402,421,745A6315,561,0.10493583232164383,49.61640930175781,26.68961524963379,27758.74609375,E,1622.6595458984375
403,413,745A6315,562,0.1580912321805954,38.61948776245117,17.64084815979004,9439.2021484375,E,1162.6778564453125
403,477,745A6315,563,0.8018224835395813,146.7782440185547,25.648488998413086,75835.9453125,E,1114.2843017578125
404,409,745A6315,564,0.03418412804603577,7.331283092498779,29.287904739379883,4939.08447265625,E,1294.0107421875
405,411,745A6315,565,1.1521172523498535,19.84656524658203,5.966682434082031,554.9336547851562,E,1152.870849609375
405,412,745A6315,566,0.6374590396881104,10.99692440032959,10.545882225036621,960.5653686523438,E,1148.06689453125
406,420,745A6315,567,0.2102193385362625,47.0244140625,30.27998161315918,33862.92578125,E,1652.7178955078125
407,527,745A6315,568,0.9308286905288696,206.57846069335938,30.786075592041016,153774.234375,E,1094.6536865234375
408,446,745A6315,569,1.8741352558135986,85.64389038085938,12.879219055175781,11157.4599609375,E,1101.9346923828125
409,424,745A6315,570,0.42560815811157227,33.88020324707031,15.74258804321289,6594.59521484375,E,1281.1949462890625
409,491,745A6315,571,0.7971970438957214,181.83999633789062,30.244993209838867,130643.046875,E,1203.3509521484375
411,412,745A6315,572,0.05935303121805191,8.849641799926758,24.07510757446289,4028.580322265625,E,1147.0728759765625
411,413,745A6315,573,0.039946042001247406,7.331283092498779,27.044893264770508,4211.53515625,E,1148.261962890625
413,456,745A6315,574,0.47036096453666687,97.71446990966797,28.903005599975586,64111.32421875,E,1103.024169921875
414,416,745A6315,575,0.025672446936368942,7.331283092498779,33.794254302978516,6575.90625,E,1103.4144287109375
415,429,745A6315,576,0.14956898987293243,40.76676940917969,32.96961212158203,34803.578125,E,1811.093505859375
415,511,745A6315,577,0.9978187680244446,234.6773223876953,31.210268020629883,179537.828125,E,1691.712646484375
416,417,745A6315,578,0.009092978201806545,2.5920000076293945,33.76715087890625,2321.2060546875,E,1100.33837890625
416,459,745A6315,579,0.18788926303386688,81.60984802246094,31.851667404174805,65027.45703125,E,1064.4827880859375
417,426,745A6315,580,0.2696841359138489,72.94441223144531,28.925540924072266,47934.1328125,E,1082.665771484375
418,475,745A6315,581,0.46174436807632446,106.0114974975586,30.427396774291992,77085.453125,E,1036.9613037109375
419,423,745A6315,582,0.06891074776649475,13.588926315307617,28.07491683959961,8412.24609375,E,1183.8875732421875
419,435,745A6315,583,0.13532698154449463,38.61948776245117,27.286590576171875,22583.693359375,E,1167.9681396484375
420,502,745A6315,584,0.8738875389099121,216.5333251953125,31.582548141479492,169632.46875,E,1529.42822265625
421,474,745A6315,585,0.898054838180542,220.09109497070312,30.839092254638672,164397.625,E,1506.9613037109375
423,427,745A6315,586,0.14390526711940765,23.956924438476562,25.89515495300293,12617.0537109375,E,1187.0352783203125
423,436,745A6315,587,0.1821782886981964,22.883283615112305,19.25872802734375,6665.970703125,E,1173.7198486328125
424,430,745A6315,588,0.7996190190315247,95.82770538330078,22.69633674621582,38769.70703125,E,1298.0438232421875
424,440,745A6315,589,0.14156123995780945,34.95384979248047,16.797176361083984,7745.64306640625,E,1256.1431884765625
425,438,745A6315,590,0.044008951634168625,26.54892349243164,21.691482543945312,9811.044921875,E,1424.536376953125
426,447,745A6315,591,0.2078302949666977,48.98748779296875,30.80982208251953,36521.90625,E,1057.03955078125
427,428,745A6315,592,0.385017454624176,62.836917877197266,25.702306747436523,32602.353515625,E,1203.1484375
427,433,745A6315,593,0.09081099927425385,14.033641815185547,22.35015296936035,5505.810546875,E,1183.391845703125
428,471,745A6315,594,0.4854761064052582,87.60697937011719,25.164560317993164,43571.9765625,E,1175.3079833984375
429,439,745A6315,595,0.9076667428016663,230.16696166992188,31.95444679260254,184584.609375,E,1901.9415283203125
429,466,745A6315,596,0.2978819012641907,80.45989227294922,29.668743133544922,55624.69140625,E,1815.74365234375
430,444,745A6315,597,0.3642128109931946,88.05168151855469,31.146692276000977,67089.015625,E,1323.635498046875
430,470,745A6315,598,0.47272226214408875,74.4627685546875,23.408300399780273,32045.6328125,E,1289.830078125
431,437,745A6315,599,0.09483399987220764,14.662566184997559,24.95638656616211,7172.3798828125,E,1400.38525390625
431,441,745A6315,600,0.24146348237991333,46.39548873901367,17.584941864013672,11268.017578125,E,1380.4610595703125
432,461,745A6315,601,0.16344335675239563,57.837127685546875,31.388612747192383,44754.92578125,E,1055.5576171875
433,436,745A6315,602,0.14549431204795837,20.291284561157227,17.776037216186523,5035.8095703125,E,1171.39501953125
433,484,745A6315,603,2.7517664432525635,163.77230834960938,15.539063453674316,31058.466796875,E,1119.5166015625
434,507,745A6315,604,1.5561074018478394,145.2598876953125,21.666994094848633,53559.0546875,E,1011.9907836914062
435,436,745A6315,605,0.26753926277160645,40.58256530761719,21.89662742614746,15282.126953125,E,1155.1923828125
435,442,745A6315,606,0.09528731554746628,17.254566192626953,26.82465934753418,9751.2958984375,E,1142.884765625
437,438,745A6315,607,0.1095026358962059,20.736000061035156,21.840566635131836,7768.59814453125,E,1406.703369140625
437,458,745A6315,608,0.16765166819095612,42.7298469543457,24.300424575805664,19817.501953125,E,1385.810546875
438,463,745A6315,609,0.2336031049489975,46.8402099609375,28.9837646484375,30904.255859375,E,1399.52490234375
440,468,745A6315,610,0.6400578022003174,110.49028015136719,26.938934326171875,62975.9609375,E,1253.4593505859375
440,560,745A6315,611,0.8715927600860596,208.54153442382812,31.063064575195312,158041.46875,E,1146.4752197265625
441,444,745A6315,612,0.39517074823379517,54.35569381713867,20.14136505126953,17318.59765625,E,1355.5634765625
441,450,745A6315,613,0.0477132722735405,15.107283592224121,27.226165771484375,8795.2705078125,E,1355.0882568359375
442,449,745A6315,614,0.12125349044799805,30.214567184448242,22.616470336914062,12138.2451171875,E,1124.512451171875
442,462,745A6315,615,0.25870490074157715,50.50584411621094,18.710683822631836,13887.0771484375,E,1115.66796875
443,448,745A6315,616,0.03909440338611603,10.99692440032959,33.53336715698242,9712.1513671875,E,1041.945068359375
443,490,745A6315,617,0.38822072744369507,103.97212982177734,30.65965461730957,76761.125,E,1007.6119384765625
444,450,745A6315,618,0.17385590076446533,36.47220993041992,28.95220947265625,24011.283203125,E,1338.6773681640625
445,453,745A6315,619,0.31061115860939026,85.72020721435547,33.22270202636719,74309.2734375,E,1282.9102783203125
445,460,745A6315,620,0.13712170720100403,49.61640930175781,23.277175903320312,21114.255859375,E,1311.43212890625
446,454,745A6315,621,0.2723739445209503,69.7234878540039,27.12621307373047,40294.64453125,E,1066.1700439453125
446,469,745A6315,622,0.13920310139656067,48.098052978515625,28.827104568481445,31392.03125,E,1044.8343505859375
447,480,745A6315,623,0.26520583033561707,63.2053337097168,27.923900604248047,38707.55859375,E,1012.6727905273438
447,481,745A6315,624,0.29576575756073,61.05805206298828,20.211502075195312,19589.80078125,E,1010.7412109375
448,512,745A6315,625,0.6493381261825562,108.15877532958984,24.432363510131836,50708.71484375,E,989.6270141601562
449,457,745A6315,626,0.05879829451441765,11.441641807556152,27.883819580078125,6986.87158203125,E,1110.2288818359375
450,458,745A6315,627,0.3201323449611664,68.20513153076172,29.5733699798584,46849.890625,E,1358.3802490234375
451,453,745A6315,628,0.16272106766700745,41.02728271484375,31.823152542114258,32632.400390625,E,1242.83544921875
451,455,745A6315,629,0.09143147617578506,52.024200439453125,29.937599182128906,36620.91796875,E,1216.811767578125
451,493,745A6315,630,0.44172126054763794,75.53640747070312,25.48189926147461,38522.0859375,E,1204.808349609375
452,513,745A6315,631,1.417999029159546,100.82749938964844,17.009140014648438,22910.44921875,E,990.8568115234375
453,479,745A6315,632,0.20830267667770386,45.766563415527344,25.1915283203125,22811.150390625,E,1238.296875
454,500,745A6315,633,0.32127514481544495,89.57005310058594,33.43991470336914,78665.2734375,E,1027.8472900390625
455,531,745A6315,634,0.9852577447891235,264.3392639160156,33.060115814208984,226913.5,E,1108.463623046875
456,472,745A6315,635,0.30483517050743103,63.02112579345703,29.483192443847656,43025.4140625,E,1034.4228515625
456,476,745A6315,636,0.3384484350681305,92.79097747802734,27.1116886138916,53568.41015625,E,1052.75146484375
457,462,745A6315,637,0.08047846704721451,14.662566184997559,26.993389129638672,8391.0185546875,E,1101.817626953125
457,478,745A6315,638,0.6571892499923706,71.42605590820312,18.094629287719727,18367.326171875,E,1079.363037109375
458,465,745A6315,639,0.05142602324485779,13.588924407958984,32.51079559326172,11280.546875,E,1376.63720703125
459,461,745A6315,640,0.08880731463432312,26.54892349243164,34.580326080322266,24934.171875,E,1026.08740234375
459,483,745A6315,641,0.15134358406066895,45.50605392456055,34.726993560791016,43101.60546875,E,1009.3883666992188
460,464,745A6315,642,0.04176126420497894,10.99692440032959,32.44065856933594,9089.509765625,E,1317.0386962890625
460,496,745A6315,643,0.7346477508544922,117.37683868408203,29.021841049194336,77646.5625,E,1263.139404296875
461,469,745A6315,644,0.10677263885736465,32.361846923828125,34.80580139160156,30791.189453125,E,1025.0439453125
462,484,745A6315,645,0.17894141376018524,33.251285552978516,27.404050827026367,19612.26953125,E,1083.28759765625
463,465,745A6315,646,0.013798201456665993,3.6656415462493896,32.598209381103516,3059.33740234375,E,1379.3056640625
463,508,745A6315,647,0.29564571380615234,87.60697937011719,27.1900577545166,50868.4921875,E,1367.21728515625
464,492,745A6315,648,0.7356992363929749,199.2471923828125,32.92522430419922,169644.421875,E,1362.736083984375
464,537,745A6315,649,0.49873602390289307,121.74771118164062,31.055850982666016,92222.640625,E,1267.8072509765625
465,554,745A6315,650,0.8094562292098999,195.7657470703125,30.145893096923828,139727.8125,E,1294.237060546875
466,489,745A6315,651,0.27741968631744385,55.4293327331543,28.522165298461914,35415.58984375,E,1825.0361328125
466,514,745A6315,652,0.652513861656189,133.74200439453125,27.35459327697754,78599.21875,E,1754.168212890625
467,492,745A6315,653,0.731011152267456,55.874053955078125,12.972705841064453,7385.18212890625,E,1433.1915283203125
467,498,745A6315,654,0.4164925813674927,59.800209045410156,22.70541000366211,24213.150390625,E,1442.5687255859375
468,470,745A6315,655,0.10974369943141937,20.291284561157227,27.56414222717285,12108.4453125,E,1262.3397216796875
468,575,745A6315,656,1.199167013168335,211.87034606933594,27.30452537536621,124059.296875,E,1164.0201416015625
469,497,745A6315,657,0.1969377100467682,58.4660530090332,34.50543212890625,54672.45703125,E,1005.2730712890625
470,473,745A6315,658,0.05333089828491211,12.51528263092041,30.559173583984375,9179.388671875,E,1264.1614990234375
471,485,745A6315,659,0.16989612579345703,29.769847869873047,26.560379028320312,16494.34375,E,1122.2196044921875
471,491,745A6315,660,0.1589221954345703,41.84041213989258,19.528432846069336,12532.0068359375,E,1126.671142578125
472,504,745A6315,661,0.24375885725021362,54.6161994934082,29.994014739990234,38590.515625,E,993.620849609375
473,488,745A6315,662,0.12264956533908844,26.10420799255371,29.15689468383789,17429.419921875,E,1260.445556640625
473,494,745A6315,663,0.18404677510261536,34.95384979248047,14.479623794555664,5755.71728515625,E,1245.5537109375
474,508,745A6315,664,0.2668980658054352,63.65005111694336,30.925874710083008,47811.52734375,E,1383.138916015625
475,481,745A6315,665,0.013223075307905674,3.6656415462493896,33.29957962036133,3192.40087890625,E,986.7071533203125
475,490,745A6315,666,0.13590824604034424,56.763484954833984,26.86418914794922,32174.099609375,E,981.9708862304688
476,477,745A6315,667,0.028998566791415215,7.776000022888184,32.740516662597656,6546.62060546875,E,1049.0216064453125
476,504,745A6315,668,0.6212170720100403,149.99917602539062,29.636669158935547,103475.5,E,1000.6627807617188
477,478,745A6315,669,0.019416658207774162,5.184000015258789,32.676143646240234,4347.2685546875,E,1051.2232666015625
477,482,745A6315,670,0.009654177352786064,2.5920000076293945,32.77101135253906,2186.27392578125,E,1049.1175537109375
478,487,745A6315,671,0.5154677033424377,58.726566314697266,22.782917022705078,23941.044921875,E,1055.80029296875
479,493,745A6315,672,0.3671052157878876,69.27877044677734,21.161468505859375,24365.853515625,E,1194.8857421875
479,496,745A6315,673,0.11237901449203491,30.843490600585938,25.22879981994629,15418.6591796875,E,1218.1689453125
480,486,745A6315,674,0.09948864579200745,29.140928268432617,34.282779693603516,26899.568359375,E,988.1353759765625
480,499,745A6315,675,0.1683546006679535,37.54584884643555,30.822519302368164,28014.8359375,E,973.1616821289062
481,515,745A6315,676,0.14000093936920166,56.579280853271484,33.15320587158203,48842.55078125,E,958.17041015625
482,516,745A6315,677,0.5782026052474976,80.01517486572266,20.764463424682617,27095.90625,E,1033.9666748046875
482,533,745A6315,678,0.4831477999687195,87.60697937011719,28.12539291381836,54428.4296875,E,1009.8801879882812
483,1562,745A6315,679,3.2334980964660645,990.8799438476562,35.800079345703125,997421.875,F,495.44171142578125
484,487,745A6315,680,0.02984367124736309,6.257641315460205,28.955862045288086,4120.72412109375,E,1065.28515625
485,501,745A6315,681,0.09772270917892456,45.50605392456055,23.87079429626465,20365.39453125,E,1100.6339111328125
485,520,745A6315,682,0.4258180260658264,108.08247375488281,29.329734802246094,73023.296875,E,1064.08837890625
486,1562,745A6315,683,3.203915596008301,984.4312133789062,35.800079345703125,990930.5625,F,492.2173156738281
487,517,745A6315,684,0.15501585602760315,52.024208068847656,29.675859451293945,35983.37890625,E,1043.651611328125
488,494,745A6315,685,0.24316830933094025,25.030563354492188,18.68950653076172,6866.828125,E,1247.3433837890625
488,518,745A6315,686,0.23793929815292358,56.94769287109375,31.154823303222656,43412.6796875,E,1250.772705078125
489,509,745A6315,687,0.2264184057712555,53.282047271728516,25.06431770324707,26289.513671875,E,1836.7119140625
489,510,745A6315,688,0.3723064363002777,67.3156967163086,21.072216033935547,23476.13671875,E,1798.939453125
490,506,745A6315,689,0.1311800479888916,36.027488708496094,33.20809555053711,31204.111328125,E,955.2479248046875
491,501,745A6315,690,0.13263145089149475,28.251487731933594,29.22014045715332,18945.052734375,E,1106.316162109375
492,495,745A6315,691,0.029735466465353966,7.331283092498779,31.3953914642334,5675.4677734375,E,1408.296630859375
493,623,745A6315,692,1.4347522258758545,285.6278991699219,28.760108947753906,185554.53125,E,1042.353759765625
494,542,745A6315,693,0.5536341667175293,78.12840270996094,21.61104965209961,28658.30859375,E,1207.5565185546875
495,498,745A6315,694,0.11159226298332214,26.548925399780273,30.837682723999023,19828.9765625,E,1413.813232421875
495,559,745A6315,695,1.7499189376831055,122.56085205078125,16.593448638916016,26504.21484375,E,1354.523681640625
496,505,745A6315,696,0.11124249547719955,27.17784881591797,31.27115249633789,20873.376953125,E,1201.59228515625
497,1562,745A6315,697,3.289984703063965,985.1032104492188,35.800079345703125,991607.0,F,492.553466796875
498,503,745A6315,698,0.06344376504421234,14.662566184997559,30.43719482421875,10668.6416015625,E,1420.69970703125
499,1562,745A6315,699,3.084197998046875,957.4554443359375,35.800079345703125,963776.6875,F,478.7293701171875
500,1562,745A6315,700,3.309276580810547,986.2279052734375,35.800079345703125,992739.0625,F,493.1156921386719
501,521,745A6315,701,0.09941351413726807,23.956926345825195,31.23275375366211,18354.45703125,E,1080.7344970703125
502,503,745A6315,702,0.015096491202712059,3.6656415462493896,31.164989471435547,2796.236083984375,E,1422.93603515625
502,523,745A6315,703,0.40096232295036316,98.86441802978516,31.429851531982422,76703.390625,E,1449.5845947265625
503,566,745A6315,704,0.6696885824203491,122.74505615234375,25.9295654296875,64816.3203125,E,1365.103271484375
504,507,745A6315,705,0.01599113829433918,3.6656415462493896,30.280658721923828,2639.796875,E,967.3150024414062
505,537,745A6315,706,0.4399329423904419,111.56389617919922,28.22504425048828,69804.3984375,E,1198.008056640625
505,579,745A6315,707,0.5639344453811646,144.73890686035156,32.03036880493164,116626.984375,E,1116.7459716796875
506,515,745A6315,708,0.11185116320848465,32.80656814575195,34.246585845947266,30219.359375,E,935.1798706054688
506,519,745A6315,709,0.25673556327819824,58.9107666015625,26.59764862060547,32731.888671875,E,930.9172973632812
507,540,745A6315,710,0.28504371643066406,50.061126708984375,26.932878494262695,28520.4296875,E,943.8844604492188
508,672,745A6315,711,1.4442212581634521,350.6883850097656,31.214759826660156,268368.3125,E,1208.12841796875
509,510,745A6315,712,0.3980574607849121,86.34913635253906,29.47109031677246,58903.390625,E,1803.0040283203125
509,525,745A6315,713,0.39618954062461853,103.86420440673828,32.47909927368164,86052.546875,E,1877.8831787109375
510,536,745A6315,714,0.413171648979187,90.64369201660156,29.88620376586914,63587.09375,E,1730.6575927734375
511,523,745A6315,715,0.5868166089057922,133.44984436035156,30.213163375854492,95675.4140625,E,1531.171875
511,526,745A6315,716,0.5868374109268188,128.89476013183594,28.406478881835938,81688.3203125,E,1628.1661376953125
512,513,745A6315,717,0.3030239939689636,30.214563369750977,16.127031326293945,6171.84619140625,E,939.0161743164062
512,529,745A6315,718,0.09627813845872879,18.328208923339844,27.549741744995117,10925.5927734375,E,933.533447265625
513,524,745A6315,719,0.1447807252407074,17.254566192626953,17.351152420043945,4079.91015625,E,938.4887084960938
514,526,745A6315,720,0.12524296343326569,16.180925369262695,22.816375732421875,6615.86328125,E,1684.740966796875
514,536,745A6315,721,0.08181798458099365,32.361846923828125,13.386918067932129,4554.9580078125,E,1691.0386962890625
515,528,745A6315,722,0.036843884736299515,10.99692440032959,34.702308654785156,10401.06640625,E,927.1241455078125
516,517,745A6315,723,0.05214668810367584,12.960000038146973,31.520751953125,10113.1865234375,E,1020.3585205078125
516,535,745A6315,724,0.35984015464782715,86.34912109375,28.15135955810547,53746.05078125,E,990.2214965820312
517,520,745A6315,725,0.014476186595857143,3.6656415462493896,31.825695037841797,2916.0546875,E,1022.3885498046875
518,545,745A6315,726,0.25773587822914124,64.27897644042969,28.302352905273438,40439.328125,E,1213.7919921875
518,554,745A6315,727,0.30115294456481934,74.64697265625,31.46653938293457,58049.7109375,E,1234.3131103515625
519,529,745A6315,728,0.15838448703289032,35.398563385009766,22.75115394592285,14390.71484375,E,930.630859375
519,538,745A6315,729,0.038616787642240524,31.2882080078125,19.485740661621094,9330.48828125,E,916.8680419921875
520,565,745A6315,730,0.43593862652778625,96.01190185546875,29.835704803466797,67125.5078125,E,995.0808715820312
521,560,745A6315,731,0.4283553957939148,114.96904754638672,30.980052947998047,86663.28125,E,1063.373779296875
521,571,745A6315,732,0.4689869284629822,111.74813079833984,31.201580047607422,85444.34375,E,1020.7388916015625
522,603,745A6315,733,3.3236303329467773,192.0238037109375,15.592658996582031,36667.83984375,E,1103.066650390625
523,553,745A6315,734,0.633574903011322,58.726558685302734,17.85125732421875,14698.12890625,E,1457.5394287109375
524,532,745A6315,735,0.7206628322601318,76.16533660888672,20.37210464477539,24826.701171875,E,947.8284301757812
524,534,745A6315,736,0.24893201887607574,34.95384979248047,18.19482421875,9088.2578125,E,928.3634033203125
526,541,745A6315,737,0.049486346542835236,30.214567184448242,14.474540710449219,4971.8251953125,E,1674.1456298828125
527,1562,745A6315,738,3.379166603088379,1000.3139038085938,35.800079345703125,1006918.0625,F,500.1573791503906
528,1562,745A6315,739,2.923457622528076,923.3670043945312,35.800079345703125,929463.1875,F,461.6849060058594
529,530,745A6315,740,0.03207939490675926,6.257641315460205,27.946165084838867,3838.353759765625,E,924.0485229492188
530,538,745A6315,741,0.14337582886219025,27.17784881591797,27.60959815979004,16271.408203125,E,912.9129028320312
530,539,745A6315,742,0.09741627424955368,25.659488677978516,27.45148277282715,15186.912109375,E,913.43212890625
531,1562,745A6315,743,3.391756772994995,1004.576416015625,35.800079345703125,1011208.75,F,502.2899169921875
532,534,745A6315,744,0.03739564120769501,7.331283092498779,27.986825942993164,4510.0068359375,E,927.3436279296875
532,540,745A6315,745,0.19018349051475525,34.95384979248047,27.12451934814453,20198.029296875,E,923.7786865234375
533,535,745A6315,746,0.031226061284542084,7.331283092498779,30.616090774536133,5397.21044921875,E,970.8384399414062
533,550,745A6315,747,0.6827329993247986,121.74771881103516,25.742923736572266,63367.48046875,E,945.6549072265625
534,547,745A6315,748,0.1647205650806427,25.03056526184082,24.885459899902344,12174.521484375,E,913.12060546875
535,558,745A6315,749,0.3111917972564697,64.27897644042969,28.94095230102539,42284.8203125,E,940.917724609375
536,541,745A6315,750,0.13298028707504272,21.36492347717285,25.330448150634766,10766.5595703125,E,1679.965576171875
537,563,745A6315,751,0.18558552861213684,52.46892166137695,33.624847412109375,46592.140625,E,1203.617431640625
538,551,745A6315,752,0.1634393036365509,39.6931266784668,31.302602767944336,30546.826171875,E,891.1830444335938
539,549,745A6315,753,0.22964422404766083,43.803489685058594,23.602445602416992,19165.16796875,E,903.6035766601562
539,568,745A6315,754,0.2971916198730469,57.65292739868164,28.173791885375977,35941.96875,E,877.9692993164062
540,544,745A6315,755,0.02919246256351471,5.184000015258789,26.645082473754883,2890.60693359375,E,918.2122192382812
541,552,745A6315,756,0.3107212781906128,65.16841125488281,29.515533447265625,44589.0546875,E,1640.9869384765625
542,545,745A6315,757,0.014267840422689915,3.6656415462493896,26.956802368164062,2092.072021484375,E,1183.477294921875
542,583,745A6315,758,0.5899519920349121,95.56719207763672,25.526288986206055,48907.34375,E,1138.3453369140625
543,578,745A6315,759,1.7573944330215454,130.5210723876953,18.432830810546875,34830.08984375,E,1370.261474609375
544,550,745A6315,760,0.12056232988834381,27.622568130493164,24.95290184020996,13508.1552734375,E,913.5004272460938
544,556,745A6315,761,0.23163162171840668,41.21148681640625,26.977130889892578,23555.8984375,E,897.5201416015625
545,611,745A6315,762,0.8542489409446716,139.00225830078125,28.173601150512695,86655.5703125,E,1146.26513671875
546,552,745A6315,763,0.502646267414093,104.0484390258789,26.899625778198242,59131.3671875,E,1580.80078125
546,553,745A6315,764,0.7385868430137634,134.2629852294922,26.8863582611084,76227.234375,E,1494.344482421875
546,589,745A6315,765,0.5454233288764954,112.19284057617188,29.61713409423828,77293.1640625,E,1497.9591064453125
547,549,745A6315,766,0.0785517692565918,14.033641815185547,24.106616973876953,6405.20166015625,E,900.1942138671875
547,556,745A6315,767,0.17060545086860657,35.58277130126953,21.227296829223633,12592.7060546875,E,891.441650390625
548,592,745A6315,768,1.1919047832489014,183.87936401367188,26.05968475341797,98075.6484375,E,997.6982421875
548,1562,745A6315,769,3.339629650115967,991.0968627929688,35.800079345703125,997640.1875,F,495.26202392578125
549,568,745A6315,770,0.8194073438644409,64.27897644042969,17.522104263305664,15499.98828125,E,871.6258544921875
550,557,745A6315,771,0.059760626405477524,22.883283615112305,15.663810729980469,4409.6396484375,E,901.7195434570312
551,1562,745A6315,772,2.789285182952881,879.43701171875,35.800079345703125,885243.125,F,439.7200012207031
552,555,745A6315,773,0.009430558420717716,2.5920000076293945,33.15727233886719,2238.115234375,E,1610.567626953125
553,569,745A6315,774,0.11793074756860733,44.432411193847656,30.399248123168945,32248.94140625,E,1415.749267578125
554,587,745A6315,775,0.29435625672340393,55.06092071533203,19.792377471923828,16940.619140625,E,1202.57568359375
555,599,745A6315,776,0.4722009301185608,123.81871032714844,32.44253921508789,102354.234375,E,1551.9781494140625
555,614,745A6315,777,0.44593143463134766,129.00270080566406,32.17355728149414,104878.59375,E,1613.6171875
556,561,745A6315,778,0.03758784756064415,8.849641799926758,30.6313419342041,6521.50146484375,E,877.2711791992188
557,562,745A6315,779,0.07817170023918152,10.99692440032959,23.597366333007812,4809.3701171875,E,889.3482666015625
557,564,745A6315,780,0.2389056384563446,28.69620704650879,16.805646896362305,6365.3876953125,E,884.7241821289062
558,580,745A6315,781,0.13075080513954163,48.098052978515625,25.716707229614258,24983.205078125,E,892.794921875
558,586,745A6315,782,0.48146742582321167,108.97191619873047,30.512184143066406,79680.3203125,E,907.1539916992188
559,566,745A6315,783,0.3691789507865906,26.10420799255371,6.302117824554443,814.2793579101562,E,1306.1297607421875
559,582,745A6315,784,0.7113702297210693,46.39548873901367,14.294966697692871,7446.15234375,E,1280.2691650390625
560,572,745A6315,785,0.06565465033054352,22.883283615112305,29.375999450683594,15509.34765625,E,1053.472900390625
561,564,745A6315,786,0.1090954840183258,25.475284576416016,25.4698486328125,12979.6103515625,E,873.5689086914062
561,593,745A6315,787,0.24237188696861267,60.61333084106445,31.789852142333984,48109.96484375,E,847.1110229492188
562,574,745A6315,788,0.14565730094909668,22.438568115234375,21.349267959594727,8032.5048828125,E,876.4908447265625
562,577,745A6315,789,0.22180487215518951,39.6931266784668,26.866098403930664,22501.65234375,E,882.1636962890625
563,567,745A6315,790,0.48937058448791504,71.2418441772461,22.668310165405273,28751.6875,E,1210.593017578125
563,585,745A6315,791,0.16061466932296753,40.137847900390625,31.7008113861084,31679.966796875,E,1174.244873046875
564,574,745A6315,792,0.10983210802078247,26.10420799255371,22.130599975585938,10041.2275390625,E,868.8327026367188
565,571,745A6315,793,0.04593170806765556,19.84656524658203,30.93120002746582,14913.12890625,E,970.3042602539062
565,598,745A6315,794,0.18688955903053284,59.094974517822266,24.962261199951172,28920.666015625,E,943.615966796875
566,578,745A6315,795,0.17283079028129578,24.585847854614258,13.580047607421875,3561.046630859375,E,1310.1708984375
566,581,745A6315,796,0.4239777624607086,25.03056526184082,15.624284744262695,4799.111328125,E,1297.31884765625
567,573,745A6315,797,0.779475748538971,15.107283592224121,10.266353607177734,1250.572021484375,E,1229.1748046875
567,576,745A6315,798,0.48302406072616577,15.107283592224121,9.321035385131836,1030.87158203125,E,1220.8458251953125
568,570,745A6315,799,0.024558614939451218,6.257641315460205,32.59482192993164,5221.52978515625,E,848.239990234375
569,595,745A6315,800,0.3885412812232971,97.97498321533203,31.86358070373535,78125.7578125,E,1417.2073974609375
569,606,745A6315,801,0.5141192078590393,120.5977783203125,30.716670989990234,89367.0625,E,1339.3199462890625
570,1562,745A6315,802,2.7483601570129395,845.5642700195312,35.800079345703125,851146.75,F,422.7831726074219
571,609,745A6315,803,0.30769971013069153,75.09169006347656,31.27151870727539,57673.953125,E,951.5135498046875
572,575,745A6315,804,0.06686365604400635,32.17763900756836,18.21515464782715,8385.1298828125,E,1055.25390625
572,591,745A6315,805,0.16953442990779877,34.95384979248047,28.774587631225586,22730.19140625,E,1036.984619140625
573,576,745A6315,806,0.165084108710289,17.699283599853516,20.55303955078125,5872.1572265625,E,1222.5379638671875
574,577,745A6315,807,0.29640066623687744,43.17456817626953,19.802881240844727,13297.6435546875,E,865.4462280273438
575,591,745A6315,808,0.15694692730903625,36.027488708496094,22.147443771362305,13879.4130859375,E,1048.3077392578125
576,585,745A6315,809,0.5958088636398315,62.39220428466797,17.949676513671875,15788.23046875,E,1191.48974609375
577,580,745A6315,810,0.017216863110661507,3.6656415462493896,29.18286895751953,2451.86083984375,E,871.4013061523438
578,584,745A6315,811,0.19856183230876923,13.588926315307617,16.495285034179688,2903.98681640625,E,1303.527099609375
579,610,745A6315,812,0.42455947399139404,73.57333374023438,24.805950164794922,35556.74609375,E,1045.894775390625
579,648,745A6315,813,0.7899052500724792,191.76327514648438,31.197237014770508,146584.34375,E,962.0548706054688
580,588,745A6315,814,0.036718763411045074,12.960000038146973,29.101551055908203,8620.39453125,E,864.3863525390625
581,584,745A6315,815,0.12611232697963715,21.36492347717285,14.217036247253418,3391.636962890625,E,1292.2919921875
581,590,745A6315,816,0.27511733770370483,19.84656524658203,17.66335678100586,4863.1953125,E,1278.4661865234375
582,590,745A6315,817,0.36655446887016296,22.438568115234375,12.18138313293457,2615.039306640625,E,1266.2518310546875
582,608,745A6315,818,0.7012130618095398,51.57948684692383,15.287717819213867,9467.8681640625,E,1243.099853515625
583,594,745A6315,819,0.13592186570167542,19.846567153930664,24.186189651489258,9118.2216796875,E,1085.51904296875
583,601,745A6315,820,0.1137409657239914,28.69620704650879,14.806588172912598,4941.10791015625,E,1089.326904296875
584,596,745A6315,821,0.13893213868141174,15.107283592224121,16.949649810791016,3408.77001953125,E,1290.6051025390625
585,644,745A6315,822,0.6777563095092773,149.99917602539062,30.199539184570312,107443.3125,E,1134.454345703125
586,598,745A6315,823,0.20316995680332184,54.6161994934082,32.872657775878906,46353.33203125,E,911.8331298828125
586,607,745A6315,824,0.20874202251434326,47.0244140625,24.984848022460938,23055.08203125,E,884.8058471679688
587,612,745A6315,825,0.6273685097694397,71.6102523803711,19.06300926208496,20438.453125,E,1150.69873046875
587,634,745A6315,826,0.9989855885505676,121.30299377441406,20.765670776367188,41082.1640625,E,1140.81201171875
588,617,745A6315,827,0.3101910352706909,75.27589416503906,31.753660202026367,59611.95703125,E,825.101806640625
588,620,745A6315,828,0.4502609074115753,100.75119018554688,30.038612365722656,71400.2578125,E,846.2881469726562
589,595,745A6315,829,0.02598443441092968,7.331283092498779,33.57741165161133,6491.7880859375,E,1444.997802734375
589,599,745A6315,830,0.3982481360435486,63.91056442260742,18.784378051757812,17711.533203125,E,1471.3564453125
590,597,745A6315,831,0.055964142084121704,6.257641315460205,21.142587661743164,2196.93310546875,E,1269.08837890625
591,603,745A6315,832,0.10008728504180908,23.956924438476562,30.948143005371094,18021.466796875,E,1021.9691162109375
592,1562,745A6315,833,3.133800745010376,936.2395629882812,35.800079345703125,942420.75,F,468.0670166015625
593,1562,745A6315,834,2.711599588394165,821.627197265625,35.800079345703125,827051.6875,F,410.81561279296875
594,601,745A6315,835,0.32241904735565186,19.846567153930664,14.088282585144043,3093.793701171875,E,1078.1348876953125
594,630,745A6315,836,0.573935866355896,101.82483673095703,24.538352966308594,48154.2265625,E,1029.0545654296875
595,624,745A6315,837,0.2866959869861603,82.60717010498047,30.44634437561035,60142.0078125,E,1404.673583984375
596,597,745A6315,838,0.1284835785627365,22.883283615112305,18.90228843688965,6421.5078125,E,1276.6187744140625
596,606,745A6315,839,0.17915193736553192,29.769847869873047,20.908802032470703,10221.7392578125,E,1284.102294921875
597,608,745A6315,840,0.4094298779964447,43.358768463134766,20.554489135742188,14387.3291015625,E,1247.689697265625
598,600,745A6315,841,0.03187300264835358,8.849641799926758,33.319908142089844,7716.55029296875,E,913.1018676757812
599,657,745A6315,842,0.761868417263031,187.65293884277344,31.539628982543945,146608.25,E,1405.7178955078125
600,602,745A6315,843,0.026814589276909828,7.331283092498779,33.05562210083008,6291.59228515625,E,909.6044921875
600,616,745A6315,844,0.10525736212730408,34.95384979248047,29.482728958129883,23862.73828125,E,893.7577514648438
601,647,745A6315,845,1.3303759098052979,132.29989624023438,20.4335994720459,43384.953125,E,1026.3980712890625
602,609,745A6315,846,0.2569982409477234,71.2418441772461,29.00044059753418,47058.08203125,E,916.1642456054688
602,616,745A6315,847,0.18195532262325287,41.027278900146484,12.475481986999512,5015.0732421875,E,891.7648315429688
603,605,745A6315,848,0.026534821838140488,6.257641315460205,30.670303344726562,4623.13623046875,E,1012.55517578125
604,623,745A6315,849,0.19305360317230225,49.61640930175781,26.984521865844727,28375.57421875,E,917.85302734375
604,1562,745A6315,850,3.074397563934326,921.5462036132812,35.800079345703125,927630.375,F,460.77459716796875
605,629,745A6315,851,0.359613835811615,71.6102523803711,28.612720489501953,46045.09375,E,976.1671142578125
605,630,745A6315,852,0.2946312427520752,64.53948211669922,26.446308135986328,35452.38671875,E,997.4801635742188
606,635,745A6315,853,0.4087725877761841,91.4568099975586,27.522327423095703,54409.69140625,E,1237.3720703125
607,620,745A6315,854,0.2565513253211975,39.6931266784668,19.966388702392578,12428.0849609375,E,847.9913940429688
607,621,745A6315,855,0.14552325010299683,26.54892349243164,13.254776000976562,3663.376708984375,E,849.389892578125
608,627,745A6315,856,0.38719168305397034,61.686973571777344,22.23902130126953,23961.537109375,E,1200.7452392578125
609,646,745A6315,857,0.4068950116634369,108.3429946899414,32.6391487121582,90650.125,E,902.3513793945312
610,615,745A6315,858,0.03256801888346672,6.257641315460205,27.810636520385742,3801.215087890625,E,1036.52734375
610,618,745A6315,859,0.7415259480476379,70.98133087158203,20.467361450195312,23353.80859375,E,1052.462158203125
611,612,745A6315,860,0.010049194097518921,2.5920000076293945,32.12046813964844,2100.335205078125,E,1113.638427734375
611,647,745A6315,861,0.6237372756004333,132.85255432128906,27.8170223236084,80738.578125,E,1047.5819091796875
612,634,745A6315,862,0.34221526980400085,61.947486877441406,27.48444175720215,36752.54296875,E,1100.229736328125
613,614,745A6315,863,0.053523652255535126,10.368000030517578,27.84316062927246,6312.79833984375,E,1624.73828125
613,619,745A6315,864,2.2081761360168457,13.588926315307617,8.489562034606934,769.211181640625,E,1630.5291748046875
614,619,745A6315,865,4.012513160705566,28.251487731933594,8.057223320007324,1440.4625244140625,E,1623.2197265625
615,618,745A6315,866,0.04998283088207245,10.99692440032959,29.70635414123535,7621.83984375,E,1034.90283203125
616,625,745A6315,867,0.15890999138355255,39.248409271240234,31.386919021606445,30367.517578125,E,860.7132568359375
617,1562,745A6315,868,2.66454815864563,794.3285522460938,35.800079345703125,799572.8125,F,397.1664123535156
618,666,745A6315,869,0.6211801171302795,160.47508239746094,32.14969253540039,130272.0234375,E,1030.3648681640625
620,622,745A6315,870,0.014211704023182392,3.6656415462493896,32.1204719543457,2970.3232421875,E,830.19677734375
621,622,745A6315,871,0.06498314440250397,14.033641815185547,29.45054054260254,9559.7568359375,E,833.0083618164062
621,625,745A6315,872,0.36933618783950806,47.913848876953125,18.41290283203125,12758.3779296875,E,839.48828125
622,636,745A6315,873,0.18152564764022827,50.061126708984375,19.329883575439453,14690.919921875,E,809.525146484375
623,626,745A6315,874,0.08657355606555939,20.920207977294922,31.56867027282715,16374.515625,E,899.6759643554688
624,635,745A6315,875,1.0994293689727783,207.2073974609375,28.992319107055664,136792.109375,E,1280.5714111328125
624,673,745A6315,876,0.841006875038147,147.33087158203125,25.66689682006836,76230.7890625,E,1302.19775390625
625,640,745A6315,877,0.21407189965248108,50.061126708984375,30.644790649414062,36923.58203125,E,819.0462036132812
626,1562,745A6315,878,2.94888973236084,890.7169799804688,35.800079345703125,896597.5625,F,445.35986328125
627,639,745A6315,879,0.28108513355255127,52.20840835571289,23.36219024658203,22379.86328125,E,1177.745849609375
627,644,745A6315,880,0.3490299880504608,66.42625427246094,24.258413314819336,30701.134765625,E,1137.519287109375
628,631,745A6315,881,0.14726360142230988,40.58256149291992,33.32126235961914,35389.3203125,E,785.6275634765625
628,1562,745A6315,882,2.626399517059326,778.1743774414062,35.800079345703125,783312.0,F,389.08782958984375
629,651,745A6315,883,0.2528916895389557,67.94461059570312,28.348093032836914,42883.734375,E,910.4322509765625
629,684,745A6315,884,0.65482497215271,133.37353515625,26.900894165039062,75804.1484375,E,914.5353393554688
630,667,745A6315,885,0.42270275950431824,94.75406646728516,29.95323371887207,66769.046875,E,955.3268432617188
631,633,745A6315,886,0.03689402714371681,8.849641799926758,30.95153045654297,6658.552734375,E,786.041748046875
631,637,745A6315,887,0.06256315112113953,16.180925369262695,30.43719482421875,11773.416015625,E,779.0968017578125
632,661,745A6315,888,4.545739650726318,260.74993896484375,29.126171112060547,173732.421875,E,1750.2490234375
633,636,745A6315,889,0.09463197737932205,22.883283615112305,31.043012619018555,17319.5234375,E,785.8797607421875
633,638,745A6315,890,0.046715568751096725,13.588924407958984,30.107860565185547,9674.638671875,E,777.625732421875
634,642,745A6315,891,0.09989847987890244,20.291284561157227,28.512001037597656,12955.51953125,E,1083.503173828125
635,639,745A6315,892,0.044159308075904846,10.99692440032959,31.49534034729004,8567.4931640625,E,1193.1102294921875
636,641,745A6315,893,0.14100225269794464,47.91384506225586,24.418529510498047,22438.298828125,E,791.8502197265625
636,643,745A6315,894,0.14915351569652557,25.475284576416016,28.857601165771484,16662.0859375,E,776.055908203125
637,1562,745A6315,895,2.60663104057312,771.6197509765625,35.800079345703125,776714.0625,F,385.81201171875
638,1562,745A6315,896,2.60524320602417,771.232177734375,35.800079345703125,776323.9375,F,385.6182556152344
639,682,745A6315,897,0.4967699348926544,116.48739624023438,30.621177673339844,85785.2421875,E,1133.862548828125
640,641,745A6315,898,0.01560118980705738,3.6656415462493896,30.65675163269043,2705.778076171875,E,793.6878051757812
640,653,745A6315,899,0.16722041368484497,36.027488708496094,24.359718322753906,16790.68359375,E,787.5048217773438
641,650,745A6315,900,0.16880381107330322,31.917129516601562,28.43474769592285,20268.072265625,E,776.4210815429688
642,652,745A6315,901,0.8434436917304993,122.82135009765625,24.432205200195312,57582.3125,E,1024.5755615234375
642,670,745A6315,902,0.41898012161254883,68.38933563232422,23.254589080810547,29046.62109375,E,1051.2584228515625
643,1562,745A6315,903,2.5835118293762207,765.408447265625,35.800079345703125,770461.75,F,382.70648193359375
644,645,745A6315,904,0.016827281564474106,3.6656415462493896,24.822214126586914,1773.866455078125,E,1104.9112548828125
645,660,745A6315,905,0.19599927961826324,31.288206100463867,25.254674911499023,15673.0712890625,E,1091.1781005859375
645,663,745A6315,906,0.3665802478790283,74.4627685546875,25.352710723876953,37590.48046875,E,1074.3638916015625
646,651,745A6315,907,0.047291435301303864,12.51528263092041,32.51079559326172,10389.2861328125,E,876.410400390625
646,679,745A6315,908,0.33066293597221375,86.27281188964844,29.475801467895508,58870.140625,E,830.6573486328125
647,652,745A6315,909,0.03870297968387604,7.776000022888184,28.329036712646484,4901.28271484375,E,981.6663208007812
648,649,745A6315,910,0.12574651837348938,24.401639938354492,25.18233299255371,12153.4853515625,E,864.523193359375
648,664,745A6315,911,0.18618109822273254,40.137847900390625,29.910369873046875,28202.494140625,E,857.64111328125
649,1562,745A6315,912,2.7929861545562744,855.9292602539062,35.800079345703125,861580.1875,F,427.9628601074219
650,1562,745A6315,913,2.5684823989868164,762.7705688476562,35.800079345703125,767806.4375,F,381.38739013671875
651,675,745A6315,914,0.25372374057769775,58.4660530090332,30.413869857788086,42475.35546875,E,865.745361328125
652,667,745A6315,915,0.16591115295886993,48.54277038574219,28.23570442199707,30395.66796875,E,957.0032348632812
653,654,745A6315,916,0.2084866315126419,34.95384979248047,22.870586395263672,14359.505859375,E,768.5391235351562
653,655,745A6315,917,0.04047797992825508,9.923283576965332,31.27680206298828,7624.1240234375,E,779.0628662109375
654,1562,745A6315,918,2.5562288761138916,760.8480224609375,35.800079345703125,765871.25,F,380.4258728027344
655,658,745A6315,919,0.019834371283650398,5.184000015258789,32.310211181640625,4250.44580078125,E,776.5848388671875
655,674,745A6315,920,0.7869836688041687,63.02112579345703,22.290603637695312,24593.462890625,E,778.1177368164062
656,657,745A6315,921,0.8391227126121521,216.57806396484375,32.25998306274414,177024.203125,E,1415.0479736328125
656,659,745A6315,922,0.2537429928779602,58.2818489074707,30.395374298095703,42290.046875,E,1530.560546875
656,680,745A6315,923,0.23101705312728882,53.72676467895508,21.881223678588867,20203.369140625,E,1504.0570068359375
657,678,745A6315,924,0.18798111379146576,59.094974517822266,31.2288818359375,45264.0390625,E,1295.7510986328125
658,662,745A6315,925,0.08275733888149261,14.662566184997559,28.668537139892578,9464.7880859375,E,767.25048828125
658,665,745A6315,926,0.10712596774101257,17.254566192626953,26.477025985717773,9500.19140625,E,768.5938110351562
659,661,745A6315,927,0.39906299114227295,103.41949462890625,32.216766357421875,84305.5546875,E,1593.4468994140625
659,680,745A6315,928,0.2128019481897354,50.69004821777344,26.614585876464844,28200.1875,E,1530.7325439453125
660,663,745A6315,929,0.2012307494878769,32.80656814575195,25.69807243347168,17015.775390625,E,1061.2579345703125
661,686,745A6315,930,0.25775548815727234,65.79733276367188,24.10051727294922,30015.869140625,E,1646.1575927734375
662,1562,745A6315,931,2.541199207305908,760.1412963867188,35.800079345703125,765159.8125,F,380.0566711425781
663,671,745A6315,932,0.05323219299316406,10.99692440032959,28.59840202331543,7063.90185546875,E,1042.585205078125
664,1562,745A6315,933,2.7174038887023926,840.0079956054688,35.800079345703125,845553.8125,F,420.00518798828125
665,1562,745A6315,934,2.539811372756958,760.5875244140625,35.800079345703125,765609.0,F,380.29547119140625
666,671,745A6315,935,0.06761948019266129,15.107283592224121,29.911340713500977,10615.6845703125,E,1034.211181640625
666,677,745A6315,936,0.1488635241985321,29.325130462646484,22.42333984375,11580.5830078125,E,1015.65771484375
667,669,745A6315,937,0.01415789034217596,3.6656415462493896,32.18145751953125,2981.61328125,E,933.0858764648438
668,697,745A6315,938,0.6907062530517578,90.82789611816406,21.10016441345215,31760.025390625,E,953.7514038085938
669,685,745A6315,939,0.18619734048843384,45.50605392456055,21.82701301574707,17027.373046875,E,910.6439819335938
669,697,745A6315,940,0.2200290560722351,47.913848876953125,29.612777709960938,32999.64453125,E,923.0107421875
670,676,745A6315,941,0.07845763862133026,17.254566192626953,19.333271026611328,5065.29296875,E,1014.1222534179688
670,689,745A6315,942,0.34054845571517944,40.76676940917969,24.51570701599121,19243.54296875,E,1022.7549438476562
671,694,745A6315,943,0.1882082223892212,40.137847900390625,23.76056480407715,17797.439453125,E,1022.08984375
672,692,745A6315,944,0.21716634929180145,46.57969284057617,29.421010971069336,31666.6171875,E,1040.285400390625
672,713,745A6315,945,0.41011741757392883,84.38605499267578,26.407899856567383,46219.82421875,E,1055.2327880859375
673,687,745A6315,946,0.5433895587921143,109.67713928222656,28.592300415039062,70421.328125,E,1187.539306640625
673,690,745A6315,947,0.048931784927845,35.58277130126953,17.31049346923828,8374.30078125,E,1241.4739990234375
674,1562,745A6315,948,2.520043134689331,760.5875244140625,35.800079345703125,765609.0,F,380.2922668457031
675,683,745A6315,949,0.08384978771209717,18.772924423217773,29.895854949951172,13177.826171875,E,851.3378295898438
675,691,745A6315,950,0.3679961562156677,39.6931266784668,19.267200469970703,11572.90625,E,837.27783203125
676,689,745A6315,951,0.2578722834587097,36.027488708496094,19.24905014038086,10484.3740234375,E,1010.5850830078125
676,711,745A6315,952,0.7811027765274048,123.63447570800781,24.829988479614258,59866.3125,E,946.593994140625
677,694,745A6315,953,0.068863146007061,25.659488677978516,20.8240966796875,8739.1708984375,E,1002.5809936523438
677,699,745A6315,954,0.24906988441944122,38.61948776245117,20.708045959472656,13006.9248046875,E,981.7188110351562
678,690,745A6315,955,0.09535492956638336,23.512208938598633,31.416566848754883,18226.39453125,E,1257.55712890625
678,693,745A6315,956,0.20162780582904816,45.32184600830078,26.092802047729492,24234.76953125,E,1280.787841796875
679,691,745A6315,957,0.3746986389160156,61.947486877441406,19.697633743286133,18877.376953125,E,801.7052612304688
679,695,745A6315,958,0.15151138603687286,34.95384979248047,30.51953125,25570.58203125,E,779.4549560546875
680,698,745A6315,959,0.16269253194332123,27.17784881591797,26.243011474609375,14700.5078125,E,1496.4407958984375
681,737,745A6315,960,0.48270124197006226,115.41377258300781,31.034542083740234,87304.8203125,E,1753.321044921875
682,687,745A6315,961,0.49772927165031433,79.2020492553711,23.930370330810547,35622.55859375,E,1109.93603515625
682,738,745A6315,962,1.092176079750061,158.7725067138672,25.096036911010742,78537.2109375,E,1008.9447021484375
683,688,745A6315,963,0.01732531189918518,3.6656415462493896,29.091388702392578,2436.51318359375,E,845.3199462890625
683,696,745A6315,964,0.19387809932231903,43.174560546875,25.238039016723633,21598.771484375,E,858.3409423828125
684,685,745A6315,965,0.012573854997754097,2.5920000076293945,28.715293884277344,1678.6162109375,E,886.27587890625
684,696,745A6315,966,0.10218692570924759,19.846567153930664,27.85710334777832,12096.150390625,E,876.4170532226562
685,707,745A6315,967,0.23167107999324799,40.58256530761719,26.611202239990234,22571.392578125,E,877.8860473632812
686,709,745A6315,968,1.2366852760314941,215.42811584472656,28.74795913696289,139831.90625,E,1564.9949951171875
686,737,745A6315,969,0.5245266556739807,119.26362609863281,30.564979553222656,87507.671875,E,1687.002197265625
687,715,745A6315,970,0.4571115970611572,77.68368530273438,21.960283279418945,29423.58203125,E,1111.440673828125
688,691,745A6315,971,0.3055437207221985,43.174560546875,20.628808975219727,14429.9931640625,E,827.0780639648438
688,722,745A6315,972,0.3399606943130493,61.50277328491211,27.371131896972656,36188.45703125,E,831.20556640625
689,692,745A6315,973,0.01651919074356556,3.6656415462493896,29.79275131225586,2555.4130859375,E,1017.8839721679688
690,714,745A6315,974,0.3813202679157257,84.57025146484375,26.9614200592041,48282.86328125,E,1206.7476806640625
692,712,745A6315,975,0.15465006232261658,45.76656723022461,28.622116088867188,29447.04296875,E,1002.5270385742188
693,698,745A6315,976,1.7257426977157593,239.8297119140625,26.081424713134766,128131.3828125,E,1386.42236328125
693,719,745A6315,977,0.16624689102172852,49.876922607421875,23.17552947998047,21040.150390625,E,1280.6007080078125
694,704,745A6315,978,0.2501636743545532,34.95384979248047,24.088659286499023,15929.7939453125,E,989.1160278320312
695,1562,745A6315,979,2.494147777557373,762.5679931640625,35.800079345703125,767602.5625,F,381.2855224609375
696,703,745A6315,980,0.021076371893286705,17.699283599853516,22.17938804626465,6838.24560546875,E,861.2937622070312
697,711,745A6315,981,0.19647379219532013,39.064208984375,28.176565170288086,24358.189453125,E,904.4782104492188
698,709,745A6315,982,0.056032694876194,30.659282684326172,21.054494857788086,10674.3515625,E,1477.500244140625
699,701,745A6315,983,0.04041946679353714,7.331283092498779,26.943246841430664,4179.93701171875,E,967.9908447265625
699,705,745A6315,984,0.29159390926361084,42.7298469543457,24.47390365600586,20101.46484375,E,952.3521728515625
700,731,745A6315,985,2.6566529273986816,239.38504028320312,26.323156356811523,130275.515625,E,1142.9764404296875
701,704,745A6315,986,0.06512822210788727,12.51528263092041,27.713054656982422,7549.1728515625,E,971.3117065429688
701,716,745A6315,987,0.15202683210372925,43.358768463134766,21.684707641601562,16013.0458984375,E,946.9404296875
702,706,745A6315,988,0.4739317297935486,22.883283615112305,15.87952995300293,4531.93310546875,E,776.3031005859375
703,707,745A6315,989,0.12705875933170319,27.622568130493164,22.63341522216797,11113.583984375,E,860.7908935546875
703,722,745A6315,990,0.30970367789268494,36.027488708496094,17.779523849487305,8944.666015625,E,839.1470947265625
704,738,745A6315,991,0.911019504070282,66.24205017089844,17.189300537109375,15372.341796875,E,954.9060668945312
705,716,745A6315,992,0.12035655230283737,25.03056526184082,23.344940185546875,10713.8623046875,E,929.6158447265625
705,724,745A6315,993,0.5414788126945496,112.89805603027344,29.445117950439453,76878.15625,E,883.921630859375
706,1562,745A6315,994,2.4635140895843506,766.6757202148438,35.800079345703125,771737.375,F,383.339111328125
707,728,745A6315,995,0.09588424116373062,38.17477035522461,28.742883682250977,24770.05859375,E,864.9279174804688
708,752,745A6315,996,0.4871048629283905,135.26036071777344,31.276235580444336,103917.671875,E,1782.934814453125
709,718,745A6315,997,0.10028936713933945,19.846567153930664,28.066205978393555,12278.42578125,E,1460.252685546875
710,717,745A6315,998,0.5783917307853699,37.54584884643555,15.097976684570312,6721.857421875,E,781.67822265625
710,1562,745A6315,999,2.4498724937438965,770.656982421875,35.800079345703125,775744.9375,F,385.32952880859375
711,723,745A6315,1000,0.032021746039390564,11.441641807556152,27.959716796875,7024.95849609375,E,889.83740234375
712,726,745A6315,1001,1.3352305889129639,70.3524169921875,17.18370246887207,16315.5751953125,E,1013.2296142578125
712,727,745A6315,1002,0.09873279929161072,18.772924423217773,27.671234130859375,11289.6083984375,E,981.4329833984375
713,726,745A6315,1003,0.1919899582862854,17.254566192626953,17.158023834228516,3989.591796875,E,1037.09423828125
713,731,745A6315,1004,0.2231656014919281,30.843490600585938,24.080188751220703,14046.6630859375,E,1049.497802734375
714,719,745A6315,1005,0.5915777087211609,127.56063842773438,29.561737060546875,87552.078125,E,1215.2513427734375
714,732,745A6315,1006,0.1687084138393402,43.803489685058594,32.280391693115234,35848.9296875,E,1148.0225830078125
715,729,745A6315,1007,0.22814199328422546,29.769847869873047,24.204198837280273,13697.708984375,E,1082.7596435546875
715,751,745A6315,1008,1.9387999773025513,204.3548583984375,24.27069664001465,94545.1640625,E,983.3841552734375
716,767,745A6315,1009,0.82981938123703,181.83999633789062,30.085309982299805,129267.171875,E,843.8980712890625
717,725,745A6315,1010,0.12851765751838684,9.923283576965332,20.964706420898438,3425.4912109375,E,779.536865234375
717,734,745A6315,1011,0.5080952048301697,41.65620803833008,18.880603790283203,11662.7607421875,E,789.4055786132812
718,719,745A6315,1012,1.5373575687408447,219.35426330566406,27.497203826904297,130260.578125,E,1355.2081298828125
718,770,745A6315,1013,1.081214427947998,224.56983947753906,27.250898361206055,130979.3828125,E,1350.025634765625
720,721,745A6315,1014,0.17463372647762299,37.990562438964844,29.781131744384766,26463.544921875,E,809.2830810546875
720,724,745A6315,1015,0.15333804488182068,30.659282684326172,28.537412643432617,19610.15625,E,829.0529174804688
720,739,745A6315,1016,0.10876952111721039,34.32492446899414,15.443575859069824,6429.7666015625,E,806.5548095703125
721,1562,745A6315,1017,2.482567310333252,795.4442138671875,35.800079345703125,800695.8125,F,397.72210693359375
722,747,745A6315,1018,0.26061350107192993,53.54256820678711,28.976526260375977,35308.69921875,E,810.43359375
723,728,745A6315,1019,0.11134996265172958,23.956926345825195,29.328561782836914,16184.6201171875,E,875.57470703125
723,741,745A6315,1020,0.2134379893541336,40.137847900390625,28.006669998168945,24726.7421875,E,884.1265869140625
724,739,745A6315,1021,0.3399128019809723,48.54277038574219,21.99981117248535,18452.37890625,E,815.792724609375
725,1562,745A6315,1022,2.4362308979034424,775.3893432617188,35.800079345703125,780508.5625,F,387.6954650878906
726,730,745A6315,1023,0.1427595019340515,9.923283576965332,16.670120239257812,2165.822021484375,E,1029.676513671875
727,733,745A6315,1024,0.0430133193731308,8.849641799926758,28.750869750976562,5745.36376953125,E,973.6490478515625
727,736,745A6315,1025,0.26658448576927185,62.39220428466797,27.239151000976562,36358.6171875,E,949.6273193359375
728,735,745A6315,1026,0.05672081932425499,12.960000038146973,30.263717651367188,9322.650390625,E,861.0785522460938
729,732,745A6315,1027,0.6793209314346313,56.31876754760742,15.006804466247559,9961.3798828125,E,1113.1708984375
729,742,745A6315,1028,0.08913199603557587,28.067283630371094,25.510025024414062,14345.37890625,E,1085.4093017578125
730,731,745A6315,1029,0.1672680824995041,30.214567184448242,19.235010147094727,8779.9306640625,E,1039.779052734375
730,740,745A6315,1030,0.08797573298215866,22.883283615112305,10.855905532836914,2118.0703125,E,1022.0903930664062
732,746,745A6315,1031,0.19099503755569458,47.0244140625,31.52143096923828,36696.5390625,E,1107.691650390625
733,740,745A6315,1032,0.5165061354637146,69.7234878540039,21.516265869140625,25351.44921875,E,991.3656005859375
733,744,745A6315,1033,0.1667739450931549,34.509132385253906,28.773509979248047,22439.314453125,E,956.5367431640625
734,1562,745A6315,1034,2.463850498199463,782.7882690429688,35.800079345703125,787956.3125,F,391.3908996582031
735,741,745A6315,1035,0.0930880755186081,41.65620803833008,23.964311599731445,18788.8203125,E,866.109619140625
735,749,745A6315,1036,0.24705572426319122,59.53969192504883,31.222768783569336,45586.81640625,E,829.5411376953125
736,744,745A6315,1037,0.09816444665193558,40.137847900390625,20.47171974182129,13211.5146484375,E,928.5451049804688
736,745,745A6315,1038,0.1999957263469696,46.395484924316406,23.86673355102539,20756.37890625,E,900.3419189453125
737,753,745A6315,1039,0.1571045070886612,47.4691276550293,30.29421043395996,34215.3046875,E,1693.425048828125
738,751,745A6315,1040,0.21215981245040894,40.76676940917969,27.718372344970703,24599.802734375,E,914.9345703125
739,743,745A6315,1041,0.11634821444749832,18.772924423217773,26.413713455200195,10286.810546875,E,787.6588134765625
740,750,745A6315,1042,0.7284286618232727,104.04842376708984,24.088153839111328,47416.81640625,E,1046.3505859375
741,745,745A6315,1043,0.031099431216716766,7.331283092498779,30.704187393188477,5428.31591796875,E,878.184326171875
742,746,745A6315,1044,0.03655612841248512,9.923283576965332,32.94381332397461,8458.4931640625,E,1083.457763671875
742,758,745A6315,1045,0.37029093503952026,86.08861541748047,30.731534957885742,63856.3515625,E,1042.331787109375
743,1562,745A6315,1046,2.4808428287506104,779.899169921875,35.800079345703125,785048.125,F,389.9506530761719
744,755,745A6315,1047,0.13743720948696136,35.843284606933594,23.89722442626953,16076.541015625,E,931.2827758789062
745,754,745A6315,1048,0.21971823275089264,42.9140510559082,28.187509536743164,26779.51953125,E,880.5950927734375
746,763,745A6315,1049,0.8587773442268372,83.94132995605469,16.000518798828125,16878.5,E,1096.4683837890625
747,1562,745A6315,1050,2.5516862869262695,794.22705078125,35.800079345703125,799470.625,F,397.1147155761719
748,752,745A6315,1051,0.5988761782646179,148.55712890625,31.628498077392578,116718.71875,E,1797.927490234375
749,1562,745A6315,1052,2.59964919090271,801.917236328125,35.800079345703125,807211.5625,F,400.95989990234375
751,761,745A6315,1053,0.2359265685081482,44.432411193847656,27.433090209960938,26262.693359375,E,878.025390625
752,757,745A6315,1054,0.04040737450122833,10.99692440032959,32.918399810791016,9359.197265625,E,1725.6085205078125
753,757,745A6315,1055,0.1270246058702469,49.876922607421875,25.218637466430664,24913.38671875,E,1699.4371337890625
753,760,745A6315,1056,0.6895939111709595,183.32676696777344,32.665184020996094,153633.53125,E,1592.3731689453125
754,759,745A6315,1057,0.1728907972574234,37.990562438964844,29.63592529296875,26206.111328125,E,896.3341064453125
754,765,745A6315,1058,0.32049405574798584,56.94769287109375,24.67555046081543,27233.267578125,E,857.4401245117188
755,759,745A6315,1059,0.06233016774058342,14.662566184997559,30.6160945892334,10794.423828125,E,914.0987548828125
755,766,745A6315,1060,1.0770140886306763,199.06297302246094,27.406871795654297,117435.46875,E,993.8978271484375
756,789,745A6315,1061,1.3662430047988892,365.87200927734375,32.824737548828125,309614.6875,E,1860.49755859375
757,798,745A6315,1062,0.5859827399253845,149.55447387695312,30.33563995361328,108092.515625,E,1674.36474609375
758,762,745A6315,1063,0.2786296606063843,69.7234878540039,28.868736267089844,45637.78125,E,1024.5614013671875
758,771,745A6315,1064,0.7824993133544922,196.21047973632812,31.969791412353516,157504.03125,E,913.927734375
759,768,745A6315,1065,0.026816077530384064,36.91692352294922,27.810632705688477,22425.240234375,E,895.6591186523438
760,780,745A6315,1066,1.0573341846466064,266.1181335449219,31.213539123535156,203634.03125,E,1393.283203125
760,807,745A6315,1067,0.8098608255386353,212.75978088378906,31.263084411621094,163321.390625,E,1527.002197265625
761,764,745A6315,1068,0.17005802690982819,37.10112762451172,23.048473358154297,15479.65625,E,841.7095947265625
761,771,745A6315,1069,0.1602829247713089,43.803489685058594,19.60433006286621,13222.1650390625,E,845.3037109375
762,763,745A6315,1070,0.29751056432724,65.61312866210938,27.425451278686523,38760.39453125,E,1074.729248046875
762,769,745A6315,1071,0.11325445771217346,25.475284576416016,30.128189086914062,18161.63671875,E,1045.628173828125
763,770,745A6315,1072,0.7070081830024719,179.6611328125,31.985748291015625,144363.375,E,1172.9901123046875
764,773,745A6315,1073,0.18012599647045135,30.843490600585938,26.296092987060547,16750.810546875,E,825.0744018554688
764,776,745A6315,1074,0.29080379009246826,52.20840835571289,23.30767250061035,22275.53515625,E,802.2201538085938
765,1562,745A6315,1075,2.7530150413513184,830.3224487304688,35.800079345703125,835804.3125,F,415.16259765625
767,1562,745A6315,1076,2.4746179580688477,756.868408203125,35.800079345703125,761865.3125,F,378.4356994628906
768,774,745A6315,1077,0.1370813548564911,33.88020706176758,31.62748146057129,26617.37109375,E,867.6340942382812
768,792,745A6315,1078,0.42006659507751465,100.30647277832031,30.978090286254883,75601.1015625,E,896.229248046875
769,790,745A6315,1079,0.623079776763916,140.44436645507812,29.249454498291016,94369.0859375,E,981.2138061523438
769,799,745A6315,1080,0.6445440053939819,138.4812774658203,29.66400146484375,95706.2734375,E,1067.67626953125
770,775,745A6315,1081,0.0430569127202034,8.849641799926758,28.669553756713867,5712.91064453125,E,1247.6224365234375
771,773,745A6315,1082,0.018971679732203484,3.6656415462493896,27.80046844482422,2225.072265625,E,828.242431640625
772,777,745A6315,1083,0.3823588490486145,41.21148681640625,18.154165267944336,10667.453125,E,764.302978515625
772,1562,745A6315,1084,2.475430965423584,752.3812866210938,35.800079345703125,757348.5625,F,376.1889953613281
773,776,745A6315,1085,0.33189553022384644,60.42912673950195,24.324739456176758,28082.29296875,E,800.0014038085938
774,1562,745A6315,1086,2.84894061088562,851.7313842773438,35.800079345703125,857354.625,F,425.8672790527344
775,780,745A6315,1087,0.0967702567577362,39.248409271240234,17.61204719543457,9561.623046875,E,1257.533935546875
775,782,745A6315,1088,0.1707647293806076,42.100929260253906,25.092594146728516,20819.615234375,E,1235.308837890625
776,777,745A6315,1089,0.035617657005786896,7.331283092498779,28.68480110168457,4737.765625,E,776.4113159179688
777,778,745A6315,1090,0.04763690382242203,9.923283576965332,28.872846603393555,6497.17431640625,E,769.0625610351562
778,779,745A6315,1091,0.11388824880123138,21.364927291870117,28.021554946899414,13175.7626953125,E,754.6801147460938
778,783,745A6315,1092,0.6307991743087769,35.398563385009766,13.203953742980957,4847.11669921875,E,758.9483642578125
779,1562,745A6315,1093,2.470930576324463,744.7840576171875,35.800079345703125,749701.1875,F,372.38775634765625
780,787,745A6315,1094,0.12049375474452972,39.6931266784668,28.019012451171875,24474.33203125,E,1250.6422119140625
781,786,745A6315,1095,0.0573178231716156,13.588924407958984,30.770599365234375,10105.2451171875,E,1218.6868896484375
781,793,745A6315,1096,0.3308863639831543,87.60697937011719,26.285930633544922,47541.76171875,E,1239.2535400390625
781,804,745A6315,1097,1.0789597034454346,265.04449462890625,31.375059127807617,204916.90625,E,1091.86767578125
782,787,745A6315,1098,0.0735117569565773,17.254566192626953,30.599153518676758,12688.5712890625,E,1230.3321533203125
782,799,745A6315,1099,0.9351626634597778,145.25990295410156,28.394182205200195,91980.1953125,E,1160.9937744140625
783,785,745A6315,1100,0.16706493496894836,14.033641815185547,13.610541343688965,2041.7899169921875,E,761.95458984375
783,794,745A6315,1101,0.2829784154891968,19.217641830444336,9.49383544921875,1360.421142578125,E,750.891357421875
784,785,745A6315,1102,0.3733483552932739,25.03056526184082,16.31774139404297,5234.56494140625,E,776.8920288085938
784,791,745A6315,1103,0.5728874802589417,107.08514404296875,28.372562408447266,67704.296875,E,828.3916625976562
784,795,745A6315,1104,0.1511208415031433,21.36492347717285,11.743624687194824,2314.171630859375,E,778.6808471679688
785,796,745A6315,1105,0.3296101689338684,18.144001007080078,11.717874526977539,1956.68359375,E,761.978515625
786,793,745A6315,1106,0.07631397247314453,17.254566192626953,30.063812255859375,12248.4755859375,E,1223.811279296875
787,834,745A6315,1107,1.1587624549865723,284.00164794921875,31.30577850341797,218604.828125,E,1149.1282958984375
788,804,745A6315,1108,0.6690133810043335,67.57620239257812,21.542755126953125,24631.232421875,E,982.2241821289062
789,798,745A6315,1109,0.23585771024227142,58.9107666015625,31.74539566040039,46627.91796875,E,1666.5577392578125
789,808,745A6315,1110,6.060015678405762,352.1304931640625,30.53648567199707,257888.28125,E,1823.951904296875
790,791,745A6315,1111,0.24693183600902557,57.20820617675781,30.52412986755371,41863.43359375,E,892.9454345703125
790,801,745A6315,1112,0.9112497568130493,200.32081604003906,28.58281898498535,128536.3828125,E,988.2890014648438
791,816,745A6315,1113,1.1027861833572388,204.27854919433594,26.466157913208008,112381.40625,E,903.9022216796875
792,1562,745A6315,1114,3.0307390689849854,897.7492065429688,35.800079345703125,903676.25,F,448.8765563964844
793,824,745A6315,1115,0.8165211081504822,204.69168090820312,31.70060157775879,161556.75,E,1205.077880859375
794,796,745A6315,1116,0.17056141793727875,18.772924423217773,20.985761642456055,6493.38720703125,E,750.2095947265625
794,797,745A6315,1117,0.08805342018604279,10.99692440032959,24.339387893676758,5116.587890625,E,739.936279296875
795,796,745A6315,1118,0.1710057556629181,20.291284561157227,21.76263427734375,7547.833984375,E,764.5813598632812
795,800,745A6315,1119,0.5230439305305481,65.16841125488281,19.804237365722656,20074.431640625,E,792.672607421875
797,1562,745A6315,1120,2.4638924598693848,734.6388549804688,35.800079345703125,739489.0,F,367.3213195800781
798,807,745A6315,1121,0.3660503625869751,100.30647277832031,33.1599006652832,86625.3984375,E,1597.1573486328125
799,801,745A6315,1122,0.1286754161119461,30.843490600585938,30.8742733001709,23091.220703125,E,1079.1005859375
800,811,745A6315,1123,1.3320258855819702,139.9996337890625,21.866413116455078,52574.10546875,E,847.7733764648438
800,812,745A6315,1124,0.5923505425453186,105.490478515625,28.5936279296875,67739.453125,E,768.3314208984375
801,816,745A6315,1125,0.7041640877723694,155.1068878173828,29.790634155273438,108113.625,E,1004.4580078125
802,803,745A6315,1126,1.0153841972351074,22.438568115234375,12.144283294677734,2599.134765625,E,737.4216918945312
802,1562,745A6315,1127,2.4574289321899414,729.1264038085938,35.800079345703125,733940.1875,F,364.5636291503906
804,806,745A6315,1128,0.06284212321043015,14.662566184997559,31.067407608032227,11115.0107421875,E,966.4016723632812
805,810,745A6315,1129,3.634681463241577,92.34627532958984,16.54407501220703,19851.54296875,E,1370.6683349609375
806,1562,745A6315,1130,3.2348437309265137,959.8277587890625,35.800079345703125,966164.625,F,479.9156188964844
807,821,745A6315,1131,0.887859046459198,231.27220153808594,32.502777099609375,191890.859375,E,1453.426025390625
809,810,745A6315,1132,0.5701184868812561,24.585847854614258,22.83247184753418,10066.556640625,E,1336.4327392578125
810,823,745A6315,1133,0.4972739517688751,118.63469696044922,30.91425895690918,89047.0,E,1298.1611328125
812,1562,745A6315,1134,2.4498162269592285,725.3988647460938,35.800079345703125,730188.0,F,362.7017822265625
813,828,745A6315,1135,1.5864877700805664,123.8949966430664,19.766237258911133,38018.20703125,E,1055.335205078125
814,825,745A6315,1136,0.7628427743911743,96.71713256835938,20.765445709228516,32754.865234375,E,1015.1419677734375
815,818,745A6315,1137,0.24173323810100555,57.837127685546875,31.156856536865234,44096.4765625,E,1056.03369140625
816,819,745A6315,1138,0.14887315034866333,50.69004821777344,30.418346405029297,36836.9609375,E,921.8667602539062
817,822,745A6315,1139,1.0577778816223145,140.07589721679688,25.848846435546875,73508.171875,E,823.9788818359375
818,1562,745A6315,1140,3.4235823154449463,1029.546142578125,35.800079345703125,1036343.3125,F,514.7741088867188
819,825,745A6315,1141,0.48813048005104065,117.6373519897461,31.069791793823242,89189.109375,E,952.0731201171875
819,842,745A6315,1142,0.587019145488739,150.55178833007812,32.031925201416016,121322.640625,E,840.5182495117188
820,822,745A6315,1143,0.41167858242988586,43.803489685058594,19.1401424407959,12603.435546875,E,745.2000732421875
820,1562,745A6315,1144,2.4368896484375,727.4705810546875,35.800079345703125,732273.4375,F,363.7375793457031
821,833,745A6315,1145,0.3005545437335968,91.08841705322266,31.849411010742188,72569.7890625,E,1318.756591796875
821,836,745A6315,1146,0.8480277061462402,227.31446838378906,32.80836868286133,192170.28125,E,1458.93701171875
822,827,745A6315,1147,0.16717328131198883,34.95384979248047,29.52508544921875,23931.349609375,E,746.6602783203125
823,826,745A6315,1148,0.13579270243644714,29.769847869873047,29.70737075805664,20634.546875,E,1267.8575439453125
823,832,745A6315,1149,0.2937634587287903,62.576412200927734,25.62141227722168,32263.14453125,E,1229.7542724609375
824,829,745A6315,1150,0.7721725702285767,199.32350158691406,32.17143249511719,162027.671875,E,1091.3914794921875
824,832,745A6315,1151,0.04099005088210106,30.843490600585938,26.80771827697754,17408.970703125,E,1196.311767578125
825,828,745A6315,1152,0.15292127430438995,34.95384979248047,30.22814178466797,25084.634765625,E,1014.5549926757812
826,830,745A6315,1153,0.3334757089614868,56.31876754760742,25.972431182861328,29837.8984375,E,1301.07080078125
826,835,745A6315,1154,0.15651673078536987,29.769847869873047,23.198762893676758,12583.3466796875,E,1283.5509033203125
827,1562,745A6315,1155,2.4357399940490723,731.265625,35.800079345703125,736093.5,F,365.6351318359375
828,834,745A6315,1156,0.21133054792881012,56.76348876953125,28.02477264404297,35014.1171875,E,1051.8673095703125
829,1562,745A6315,1157,3.273707628250122,995.4258422851562,35.800079345703125,1001997.75,F,497.7147216796875
830,835,745A6315,1158,0.7367396354675293,28.69620704650879,17.19868278503418,6666.60498046875,E,1302.8873291015625
831,897,745A6315,1159,1.242870569229126,313.5872802734375,31.880971908569336,250329.140625,E,1460.66259765625
832,894,745A6315,1160,1.3201971054077148,298.7405090332031,30.15305519104004,213327.40625,E,1154.3074951171875
833,837,745A6315,1161,0.2501566708087921,40.76676940917969,21.27585792541504,14493.40234375,E,1291.72265625
833,846,745A6315,1162,1.0721720457077026,240.9033660888672,31.032119750976562,182203.03125,E,1169.2354736328125
834,844,745A6315,1163,0.24050074815750122,49.43220901489258,29.16254425048828,33017.99609375,E,1065.174560546875
836,848,745A6315,1164,0.7099467515945435,181.7321319580078,32.19654083251953,147958.53125,E,1635.4150390625
836,865,745A6315,1165,0.9602012634277344,194.79998779296875,28.389101028442383,123305.3984375,E,1611.7708740234375
837,840,745A6315,1166,0.35729458928108215,47.91384506225586,23.345338821411133,20509.318359375,E,1324.801025390625
837,843,745A6315,1167,0.0678437203168869,26.54892349243164,19.69242286682129,8086.025390625,E,1299.5936279296875
838,842,745A6315,1168,0.347730427980423,47.4691276550293,21.417957305908203,17102.40625,E,759.495849609375
838,1562,745A6315,1169,2.4320526123046875,740.19189453125,35.800079345703125,745078.75,F,370.0960693359375
839,853,745A6315,1170,0.28010857105255127,91.45681762695312,32.00680923461914,73585.234375,E,1909.000244140625
840,845,745A6315,1171,0.05290743336081505,29.769847869873047,21.79990577697754,11111.5771484375,E,1327.2578125
840,847,745A6315,1172,0.26681405305862427,61.50277328491211,30.493148803710938,44914.765625,E,1364.478515625
841,847,745A6315,1173,0.21935494244098663,51.57948303222656,25.291353225708008,25912.599609375,E,1412.3292236328125
842,849,745A6315,1174,0.17444199323654175,38.17477035522461,30.012985229492188,27007.51953125,E,765.4803466796875
843,845,745A6315,1175,0.15407457947731018,23.956924438476562,25.07971954345703,11834.9462890625,E,1305.0201416015625
843,851,745A6315,1176,0.6152500510215759,114.60063934326172,27.448877334594727,67815.046875,E,1245.151611328125
844,846,745A6315,1177,0.014662913046777248,3.6656415462493896,31.62240219116211,2878.919921875,E,1058.122802734375
844,850,745A6315,1178,0.2798910140991211,82.86768341064453,27.489879608154297,49183.6484375,E,1021.073974609375
845,856,745A6315,1179,0.6011511087417603,77.05476379394531,23.40011978149414,33137.9453125,E,1314.138427734375
846,852,745A6315,1180,0.6172599792480469,70.98133087158203,18.22822380065918,18523.486328125,E,1083.519775390625
847,857,745A6315,1181,0.5720105171203613,134.6314239501953,30.900699615478516,100965.484375,E,1437.3935546875
848,853,745A6315,1182,0.7205110788345337,185.2135467529297,32.142364501953125,150285.921875,E,1795.2476806640625
848,864,745A6315,1183,0.44503626227378845,107.00883483886719,29.033205032348633,70843.4140625,E,1743.5328369140625
849,1562,745A6315,1184,2.430328369140625,750.5350952148438,35.800079345703125,755490.1875,F,375.26690673828125
850,855,745A6315,1185,0.5305622220039368,110.93498992919922,29.148096084594727,74025.0703125,E,1031.327880859375
850,858,745A6315,1186,0.8848110437393188,234.46153259277344,32.592159271240234,195608.515625,E,876.1900024414062
851,854,745A6315,1187,0.1567249298095703,40.58256149291992,32.17603302001953,32998.51171875,E,1180.9847412109375
851,856,745A6315,1188,0.6872897148132324,123.45027923583984,26.09012794494629,65998.546875,E,1251.512451171875
852,854,745A6315,1189,0.3253365159034729,61.94748306274414,28.669092178344727,39989.08203125,E,1135.404296875
852,855,745A6315,1190,0.2621742784976959,39.248409271240234,18.525903701782227,10579.63671875,E,1093.48046875
853,866,745A6315,1191,0.6791773438453674,180.39796447753906,32.610443115234375,150672.8125,E,1951.982177734375
854,888,745A6315,1192,1.4619243144989014,291.0724182128906,28.237550735473633,182282.5,E,1270.621826171875
855,869,745A6315,1193,0.5048738718032837,111.74813079833984,29.895273208618164,78439.5703125,E,1122.4368896484375
856,873,745A6315,1194,0.8659802675247192,221.8699493408203,32.048641204833984,178981.265625,E,1399.8699951171875
857,860,745A6315,1195,0.04649920016527176,10.99692440032959,30.778730392456055,8182.0576171875,E,1494.3857421875
857,861,745A6315,1196,0.48048698902130127,76.16533660888672,20.30400276184082,24660.994140625,E,1511.8760986328125
858,1562,745A6315,1197,2.4213273525238037,767.5121459960938,35.800079345703125,772579.375,F,383.7576599121094
859,874,745A6315,1198,3.7231011390686035,192.28431701660156,27.302719116210938,112575.9296875,E,1847.0517578125
860,861,745A6315,1199,0.04470068961381912,9.923283576965332,29.818164825439453,6929.58251953125,E,1502.100830078125
861,871,745A6315,1200,0.44938576221466064,63.65005111694336,21.91383934020996,24006.3203125,E,1526.9017333984375
862,863,745A6315,1201,1.0593754053115845,7.776000022888184,12.350118637084961,931.5119018554688,E,929.24658203125
862,1562,745A6315,1202,2.894688129425049,925.3585205078125,35.800079345703125,931467.8125,F,462.6801452636719
864,867,745A6315,1203,0.6546567678451538,103.60371398925781,21.350574493408203,37092.34765625,E,1724.994384765625
864,872,745A6315,1204,0.233621746301651,58.4660530090332,31.651830673217773,46003.546875,E,1786.8824462890625
865,867,745A6315,1205,0.06665388494729996,17.254566192626953,28.518096923828125,11021.35546875,E,1673.242431640625
865,871,745A6315,1206,0.5970115065574646,136.85498046875,30.47971534729004,99855.5703125,E,1605.952392578125
867,880,745A6315,1207,0.4324834942817688,102.26956176757812,30.888383865356445,76634.9140625,E,1721.73291015625
868,870,745A6315,1208,1.0142745971679688,6.257641315460205,14.50164794921875,1033.5589599609375,E,916.2091064453125
868,1562,745A6315,1209,2.8857853412628174,915.2733154296875,35.800079345703125,921316.0625,F,457.6380310058594
869,876,745A6315,1210,0.26434755325317383,53.726768493652344,28.732234954833984,34835.2890625,E,1186.9949951171875
869,877,745A6315,1211,0.1454446166753769,39.064205169677734,26.950702667236328,22284.818359375,E,1159.2762451171875
871,873,745A6315,1212,0.20917998254299164,53.54256820678711,26.476152420043945,29478.052734375,E,1520.7210693359375
872,880,745A6315,1213,0.21916839480400085,47.0244140625,29.49662208557129,32133.486328125,E,1781.61669921875
872,891,745A6315,1214,0.3187558352947235,68.83405303955078,26.41646385192871,37726.16015625,E,1818.18115234375
873,884,745A6315,1215,0.2457839399576187,51.134769439697266,29.483627319335938,34911.4609375,E,1507.7005615234375
874,879,745A6315,1216,0.22948713600635529,52.65312957763672,25.256948471069336,26380.0625,E,1793.3154296875
874,883,745A6315,1217,0.3271864950656891,88.05168151855469,32.80354309082031,74416.4609375,E,1734.1221923828125
875,877,745A6315,1218,1.7823902368545532,380.24249267578125,30.16855239868164,271806.25,E,975.812255859375
875,1562,745A6315,1219,2.5572242736816406,797.7846069335938,35.800079345703125,803051.6875,F,398.8941650390625
876,881,745A6315,1220,0.11710412055253983,40.137847900390625,18.677648544311523,10997.357421875,E,1185.17822265625
876,892,745A6315,1221,0.3246619403362274,76.34953308105469,30.677967071533203,56435.1171875,E,1231.454833984375
877,881,745A6315,1222,0.07852251827716827,20.920207977294922,26.245269775390625,11317.6943359375,E,1161.7017822265625
878,882,745A6315,1223,1.000258445739746,198.6182403564453,28.886089324951172,130162.6875,E,993.6161499023438
878,1562,745A6315,1224,2.887509822845459,901.5726928710938,35.800079345703125,907525.0,F,450.7880554199219
880,898,745A6315,1225,0.2804124355316162,58.021331787109375,25.792217254638672,30314.814453125,E,1781.400634765625
881,911,745A6315,1226,0.370614230632782,81.60984802246094,29.640960693359375,56314.08203125,E,1179.0045166015625
883,902,745A6315,1227,0.7360813021659851,197.5446014404297,32.790199279785156,166818.09375,E,1612.80029296875
883,904,745A6315,1228,0.32546183466911316,89.75425720214844,30.567304611206055,65865.6875,E,1737.9569091796875
884,887,745A6315,1229,0.05318745970726013,13.588924407958984,31.9497013092041,10894.53125,E,1525.7628173828125
884,890,745A6315,1230,1.5665514469146729,138.3733367919922,17.727245330810547,34152.6796875,E,1459.2259521484375
885,886,745A6315,1231,1.8774651288986206,86.16492462158203,17.267065048217773,20177.041015625,E,919.3170166015625
886,895,745A6315,1232,0.18745404481887817,38.61948776245117,22.156518936157227,14890.1640625,E,976.183837890625
886,899,745A6315,1233,0.23450270295143127,26.54892349243164,9.459954261779785,1866.013916015625,E,963.7649536132812
887,889,745A6315,1234,0.48423707485198975,80.98091888427734,23.757761001586914,35899.10546875,E,1568.632568359375
887,903,745A6315,1235,0.159091517329216,34.32492446899414,29.651227951049805,23701.990234375,E,1529.3896484375
888,890,745A6315,1236,0.06718243658542633,19.217641830444336,27.746259689331055,11619.8056640625,E,1388.898193359375
888,892,745A6315,1237,0.6778843402862549,136.41026306152344,26.763187408447266,76738.375,E,1320.6304931640625
890,900,745A6315,1238,0.11837051063776016,28.251487731933594,30.640939712524414,20832.2109375,E,1406.792236328125
891,898,745A6315,1239,0.2014332413673401,36.47220993041992,11.567435264587402,3832.8876953125,E,1815.036376953125
891,928,745A6315,1240,0.722392201423645,150.81231689453125,29.351438522338867,102043.53125,E,1870.5030517578125
892,893,745A6315,1241,0.015518750995397568,3.6656415462493896,30.73807144165039,2720.151611328125,E,1263.005615234375
893,907,745A6315,1242,0.2808297574520111,48.098052978515625,26.829402923583984,27191.888671875,E,1280.582275390625
893,913,745A6315,1243,0.4775451421737671,58.4660530090332,24.109331130981445,26690.9453125,E,1249.55029296875
894,897,745A6315,1244,1.1922481060028076,301.224609375,31.911314010620117,240918.265625,E,1256.5535888671875
894,906,745A6315,1245,0.219053715467453,65.79733276367188,25.3999080657959,33339.76171875,E,1090.576171875
895,899,745A6315,1246,0.1601882427930832,29.769847869873047,27.65816307067871,17885.998046875,E,977.7244262695312
895,914,745A6315,1247,1.3165414333343506,181.36370849609375,28.723609924316406,117521.765625,E,1072.9732666015625
896,899,745A6315,1248,1.0344291925430298,151.1491241455078,24.48859214782715,71190.6875,E,895.3262939453125
896,1562,745A6315,1249,2.692307949066162,824.0521850585938,35.800079345703125,829492.6875,F,412.0281677246094
897,902,745A6315,1250,0.48784852027893066,133.00514221191406,31.460891723632812,103395.1953125,E,1461.6563720703125
898,934,745A6315,1251,0.6564212441444397,144.00205993652344,30.195823669433594,103122.2421875,E,1821.87890625
900,901,745A6315,1252,0.42253127694129944,46.840206146240234,17.96442222595215,11872.30859375,E,1438.1651611328125
900,926,745A6315,1253,0.7901821136474609,117.37683868408203,25.61505889892578,60487.13671875,E,1447.9375
901,903,745A6315,1254,1.9378442764282227,80.72040557861328,11.261425971984863,8040.0732421875,E,1493.7613525390625
901,958,745A6315,1255,2.3120880126953125,326.578857421875,25.30057716369629,164187.015625,E,1551.36572265625
902,918,745A6315,1256,0.28858089447021484,79.83097076416016,29.982009887695312,56361.52734375,E,1544.0948486328125
903,905,745A6315,1257,0.0558629110455513,14.662566184997559,32.34816360473633,12050.3349609375,E,1534.986328125
904,909,745A6315,1258,0.08664007484912872,21.36492347717285,31.44197654724121,16588.64453125,E,1778.7979736328125
904,916,745A6315,1259,0.5763517618179321,81.79405212402344,24.134546279907227,37418.80078125,E,1800.189453125
905,910,745A6315,1260,0.507288932800293,100.82748413085938,29.09908103942871,67054.4140625,E,1587.506103515625
905,953,745A6315,1261,1.0260405540466309,188.54237365722656,26.362646102905273,102914.5703125,E,1595.8980712890625
906,915,745A6315,1262,0.5782355666160583,129.96839904785156,30.128189086914062,92656.03125,E,1008.45068359375
906,921,745A6315,1263,0.34920263290405273,91.90155029296875,29.249788284301758,61753.01953125,E,1104.3319091796875
907,913,745A6315,1264,1.4101002216339111,64.09477233886719,13.09383487701416,8630.7041015625,E,1270.26953125
907,939,745A6315,1265,0.5955140590667725,144.55467224121094,31.187969207763672,110432.3203125,E,1343.7747802734375
908,915,745A6315,1266,0.28619304299354553,73.20491790771484,32.0623893737793,59104.6875,E,915.6766357421875
908,1562,745A6315,1267,2.897660255432129,880.3685302734375,35.800079345703125,886180.8125,F,440.1861877441406
909,916,745A6315,1268,0.1235370934009552,23.512208938598633,27.72931480407715,14199.125,E,1793.7196044921875
912,918,745A6315,1269,0.7458769679069519,112.0086441040039,23.611064910888672,49042.4921875,E,1613.72509765625
913,923,745A6315,1270,0.20898789167404175,53.282047271728516,27.46672821044922,31570.732421875,E,1230.181884765625
915,961,745A6315,1271,0.8070276975631714,194.9842071533203,29.930648803710938,137189.734375,E,1022.555908203125
916,920,745A6315,1272,1.2711920738220215,50.69004821777344,24.156034469604492,23230.783203125,E,1823.1767578125
917,924,745A6315,1273,0.9229954481124878,231.2406005859375,31.69089126586914,182399.171875,E,964.3746948242188
917,1562,745A6315,1274,2.845533609390259,857.5760498046875,35.800079345703125,863237.875,F,428.7891845703125
918,922,745A6315,1275,0.03760872781276703,8.849641799926758,30.722824096679688,6560.513671875,E,1569.7315673828125
919,925,745A6315,1276,0.8063531517982483,76.42584228515625,18.208683013916016,19901.564453125,E,1624.8726806640625
921,933,745A6315,1277,1.071934700012207,259.49212646484375,31.298015594482422,199640.0625,E,1264.4339599609375
921,957,745A6315,1278,0.43136560916900635,103.60369873046875,31.15030860900879,78956.859375,E,1164.3563232421875
922,925,745A6315,1279,0.08676176518201828,22.438568115234375,32.12047576904297,18182.3046875,E,1581.8133544921875
922,929,745A6315,1280,0.3964776396751404,96.45661926269531,28.928001403808594,63395.5546875,E,1535.1207275390625
923,924,745A6315,1281,0.7146462798118591,157.85147094726562,29.781557083129883,109959.6484375,E,1147.2677001953125
923,930,745A6315,1282,0.49150335788726807,107.89827728271484,29.72159767150879,74859.8046875,E,1268.3177490234375
924,932,745A6315,1283,0.12141401320695877,39.95363998413086,19.61381721496582,12071.7568359375,E,1080.411376953125
925,938,745A6315,1284,0.3395022749900818,79.3862533569336,30.705543518066406,58785.30078125,E,1618.7127685546875
926,941,745A6315,1285,0.3636379837989807,62.131690979003906,26.353017807006836,33889.390625,E,1503.7578125
926,944,745A6315,1286,0.26215556263923645,57.837127685546875,22.63680076599121,23276.984375,E,1473.1871337890625
927,947,745A6315,1287,0.33610716462135315,70.53661346435547,29.263267517089844,47440.59375,E,895.5943603515625
927,1562,745A6315,1288,2.907236099243164,869.4373168945312,35.800079345703125,875177.4375,F,434.72076416015625
929,933,745A6315,1289,0.5383346080780029,129.33949279785156,31.035390853881836,97844.28125,E,1444.0997314453125
929,938,745A6315,1290,1.0192323923110962,232.42214965820312,28.733654022216797,150712.4375,E,1600.283935546875
930,939,745A6315,1291,1.0307241678237915,79.2020492553711,16.869827270507812,17703.029296875,E,1351.0792236328125
930,955,745A6315,1292,0.5566367506980896,53.09784698486328,19.265024185180664,15477.6806640625,E,1311.370361328125
931,935,745A6315,1293,1.453998327255249,79.0178451538086,12.746541976928711,10083.2333984375,E,1145.0025634765625
931,955,745A6315,1294,0.8160035014152527,136.41026306152344,26.041976928710938,72658.234375,E,1241.82470703125
931,956,745A6315,1295,0.30308347940444946,55.874053955078125,23.999652862548828,25276.095703125,E,1172.8828125
932,935,745A6315,1296,0.1689886599779129,28.067279815673828,25.87934112548828,14763.7490234375,E,1097.874267578125
932,940,745A6315,1297,0.24829085171222687,47.913848876953125,27.998384475708008,29499.650390625,E,1066.6234130859375
933,1007,745A6315,1298,7.748920917510986,268.5575256347656,29.257234573364258,180548.453125,E,1475.76611328125
935,956,745A6315,1299,0.34066861867904663,58.021331787109375,27.18946075439453,33688.2734375,E,1134.103759765625
936,940,745A6315,1300,0.5966398119926453,59.35548782348633,17.220369338989258,13824.0625,E,1031.651123046875
936,945,745A6315,1301,0.08233027905225754,19.846567153930664,22.36743927001953,7798.44091796875,E,1022.5054931640625
936,951,745A6315,1302,0.3307606875896454,47.91384506225586,16.464282989501953,10200.853515625,E,1001.4974975585938
937,960,745A6315,1303,0.3796689808368683,78.75732421875,29.159412384033203,52594.26171875,E,938.9539794921875
937,1562,745A6315,1304,3.035043239593506,903.9876098632812,35.800079345703125,909955.8125,F,451.99566650390625
938,943,745A6315,1305,0.7378740310668945,167.06954956054688,30.466779708862305,121798.0390625,E,1727.2879638671875
939,946,745A6315,1306,0.06363430619239807,16.180925369262695,31.886680603027344,12921.4677734375,E,1390.685302734375
940,945,745A6315,1307,0.10664796829223633,23.956926345825195,29.94070816040039,16867.28125,E,1039.2197265625
941,942,745A6315,1308,0.02135278470814228,3.6656415462493896,26.204612731933594,1976.948486328125,E,1524.4853515625
941,954,745A6315,1309,0.030081577599048615,25.03056526184082,22.077743530273438,9582.302734375,E,1519.70068359375
942,948,745A6315,1310,0.08455192297697067,10.99692440032959,22.738447189331055,4465.6298828125,E,1530.486083984375
942,952,745A6315,1311,0.23140381276607513,33.88020706176758,19.694120407104492,10320.69921875,E,1538.15185546875
944,946,745A6315,1312,0.45013749599456787,83.12820434570312,24.770170211791992,40058.6484375,E,1434.7044677734375
944,954,745A6315,1313,0.32417041063308716,47.913848876953125,24.61293601989746,22797.005859375,E,1495.183837890625
945,951,745A6315,1314,0.23759081959724426,42.7298469543457,26.88768196105957,24262.07421875,E,1014.8613891601562
946,949,745A6315,1315,0.02021341770887375,5.184000015258789,32.01882553100586,4174.126953125,E,1397.41650390625
947,966,745A6315,1316,0.8971598148345947,167.06954956054688,27.940673828125,102437.9609375,E,999.5916137695312
947,993,745A6315,1317,0.8221514225006104,150.62811279296875,26.053268432617188,80300.8828125,E,966.7389526367188
948,952,745A6315,1318,0.08639472723007202,10.99692440032959,18.54720115661621,2971.10400390625,E,1539.5069580078125
949,973,745A6315,1319,0.2796209752559662,69.01825714111328,31.750667572021484,54646.15234375,E,1379.6712646484375
949,977,745A6315,1320,0.316636323928833,78.75733184814453,29.051652908325195,52206.2578125,E,1420.6517333984375
950,1001,745A6315,1321,1.1611984968185425,194.6157989501953,26.219589233398438,105079.9140625,E,936.521728515625
950,1562,745A6315,1322,2.9162371158599854,865.5650024414062,35.800079345703125,871279.5625,F,432.7844543457031
951,959,745A6315,1323,0.12527142465114594,19.846567153930664,25.249130249023438,9937.29296875,E,991.6094970703125
952,958,745A6315,1324,0.048568785190582275,8.849641799926758,22.782495498657227,3607.598388671875,E,1546.6422119140625
954,958,745A6315,1325,0.24275188148021698,41.84041213989258,26.173336029052734,22511.4765625,E,1533.34423828125
955,974,745A6315,1326,0.20322996377944946,43.174560546875,29.259105682373047,29029.5234375,E,1304.4404296875
956,978,745A6315,1327,0.19683681428432465,67.1314926147461,31.657678604125977,52841.40234375,E,1156.9271240234375
957,963,745A6315,1328,0.4123345613479614,101.90113830566406,29.33661460876465,68879.328125,E,1143.7799072265625
957,964,745A6315,1329,0.10032150894403458,24.585847854614258,31.360658645629883,18990.89453125,E,1197.5919189453125
959,960,745A6315,1330,0.026576019823551178,10.368000030517578,27.9461669921875,6359.59375,E,980.6676635742188
959,975,745A6315,1331,0.12439662963151932,40.58256530761719,19.357666015625,11943.603515625,E,995.6836547851562
960,968,745A6315,1332,0.15685048699378967,34.95384979248047,29.83172035217285,24431.013671875,E,971.5946044921875
961,963,745A6315,1333,0.016781527549028397,3.6656415462493896,29.55896759033203,2515.465576171875,E,1099.639404296875
961,966,745A6315,1334,0.11704695224761963,29.14092254638672,25.612154006958008,15013.619140625,E,1086.024658203125
962,965,745A6315,1335,0.0732567086815834,6.257641315460205,22.687623977661133,2529.755615234375,E,924.6220092773438
962,1562,745A6315,1336,3.111536979675293,922.963134765625,35.800079345703125,929056.625,F,461.4833984375
963,970,745A6315,1337,0.049352288246154785,16.625642776489258,28.981609344482422,10967.6435546875,E,1105.15625
964,992,745A6315,1338,1.7404365539550781,301.7772216796875,27.323949813842773,176955.171875,E,1339.8984375
964,1000,745A6315,1339,0.7868936657905579,154.0332489013672,28.505645751953125,98302.859375,E,1248.9559326171875
965,968,745A6315,1340,0.19875486195087433,45.766563415527344,24.142101287841797,20950.20703125,E,948.1947021484375
965,976,745A6315,1341,0.160690575838089,36.027488708496094,16.314353942871094,7531.1904296875,E,921.569580078125
966,972,745A6315,1342,0.03093697503209114,16.625642776489258,18.306636810302734,4376.08251953125,E,1075.3719482421875
967,969,745A6315,1343,0.17016719281673431,6.257641315460205,18.526870727539062,1686.959716796875,E,867.2650756835938
967,1562,745A6315,1344,2.9227001667022705,865.5300903320312,35.800079345703125,871244.4375,F,432.76556396484375
968,975,745A6315,1345,0.22893179953098297,43.803489685058594,27.810636520385742,26608.505859375,E,989.658203125
970,972,745A6315,1346,0.31004056334495544,37.990562438964844,18.50202178955078,10214.1904296875,E,1093.1304931640625
970,988,745A6315,1347,0.377888947725296,85.01497650146484,30.02872085571289,60208.66015625,E,1135.376220703125
971,976,745A6315,1348,0.10177704691886902,20.920207977294922,29.23369789123535,14041.818359375,E,910.6185913085938
971,1562,745A6315,1349,3.0412683486938477,900.7116088867188,35.800079345703125,906658.1875,F,450.35772705078125
972,993,745A6315,1350,0.8036404252052307,129.00270080566406,24.615333557128906,61390.35546875,E,1045.6026611328125
973,974,745A6315,1351,0.31636470556259155,70.79712677001953,30.229022979736328,50810.53125,E,1335.6766357421875
973,990,745A6315,1352,0.2985861897468567,78.57312774658203,26.20819854736328,42387.546875,E,1372.3282470703125
974,979,745A6315,1353,0.26186174154281616,69.9076919555664,25.417572021484375,35471.77734375,E,1281.1837158203125
975,978,745A6315,1354,0.6075395345687866,167.95896911621094,33.252140045166016,145858.671875,E,1083.5333251953125
976,982,745A6315,1355,0.17030417919158936,40.76676940917969,30.966386795043945,30702.74609375,E,936.9301147460938
977,980,745A6315,1356,0.15465466678142548,36.027488708496094,30.534780502319336,26382.349609375,E,1460.191162109375
977,986,745A6315,1357,0.27791932225227356,58.4660530090332,26.036556243896484,31128.68359375,E,1431.3057861328125
978,979,745A6315,1358,0.4030223488807678,111.19548034667969,33.24354934692383,96514.328125,E,1210.3466796875
979,990,745A6315,1359,0.4836611747741699,121.30299377441406,31.73856544494629,95970.109375,E,1318.0118408203125
980,985,745A6315,1360,0.05142296850681305,30.843490600585938,24.00225830078125,13955.892578125,E,1468.6839599609375
980,987,745A6315,1361,0.1662115752696991,34.95384979248047,29.09308433532715,23236.162109375,E,1488.8480224609375
981,983,745A6315,1362,1.421140193939209,22.883283615112305,11.047905921936035,2193.654296875,E,875.1625366210938
981,1562,745A6315,1363,2.9216485023498535,865.3554077148438,35.800079345703125,871068.5625,F,432.67608642578125
982,989,745A6315,1364,0.22425590455532074,54.80040740966797,31.43265724182129,42524.171875,E,978.6514282226562
982,994,745A6315,1365,0.26619604229927063,44.692928314208984,22.408096313476562,17625.384765625,E,958.1047973632812
984,996,745A6315,1366,0.6204802989959717,120.8582763671875,29.679452896118164,83613.8203125,E,907.301025390625
984,1562,745A6315,1367,2.8831634521484375,854.5151977539062,35.800079345703125,860156.8125,F,427.2579040527344
985,986,745A6315,1368,0.2166864424943924,43.17456817626953,23.30674934387207,18419.6484375,E,1445.1849365234375
985,987,745A6315,1369,0.291542112827301,45.95077133178711,21.35198211669922,16453.529296875,E,1482.58544921875
986,995,745A6315,1370,0.11520521342754364,40.76676940917969,28.039342880249023,25172.818359375,E,1413.5628662109375
987,1008,745A6315,1371,0.29533228278160095,71.6102523803711,31.198253631591797,54742.62890625,E,1527.531982421875
988,1011,745A6315,1372,0.510225236415863,128.81849670410156,30.210052490234375,92336.0078125,E,1222.15771484375
988,1053,745A6315,1373,0.8144891262054443,196.73147583007812,31.332565307617188,151689.546875,E,1192.8292236328125
989,1024,745A6315,1374,0.876650869846344,136.77870178222656,26.12971305847168,73346.203125,E,1048.2633056640625
989,1041,745A6315,1375,1.4999343156814575,398.970703125,32.998130798339844,341200.40625,E,1183.875244140625
990,995,745A6315,1376,0.1185549944639206,31.2882080078125,32.54184341430664,26022.849609375,E,1388.3870849609375
991,1003,745A6315,1377,0.09205059707164764,40.137847900390625,31.77938461303711,31837.205078125,E,838.7467041015625
991,1562,745A6315,1378,2.795327663421631,831.422119140625,35.800079345703125,836911.25,F,415.7127990722656
992,1000,745A6315,1379,0.697688102722168,121.30299377441406,26.148704528808594,65142.09765625,E,1358.745849609375
992,1014,745A6315,1380,0.37618911266326904,68.83405303955078,21.048763275146484,23952.25390625,E,1402.2974853515625
993,999,745A6315,1381,0.08421772718429565,21.364927291870117,31.751996994018555,16917.392578125,E,1015.875
994,996,745A6315,1382,0.03720623627305031,3.6656415462493896,19.851673126220703,1134.577392578125,E,963.1885375976562
994,1009,745A6315,1383,0.36045607924461365,42.7298469543457,22.286457061767578,16668.759765625,E,981.3887939453125
995,1043,745A6315,1384,0.7087660431861877,188.35813903808594,32.637516021728516,157582.671875,E,1469.0537109375
996,1006,745A6315,1385,0.2609163820743561,33.88020706176758,18.492141723632812,9099.3505859375,E,961.4815673828125
997,1002,745A6315,1386,0.08636409789323807,20.291284561157227,31.34795570373535,15660.9423828125,E,826.5509643554688
997,1562,745A6315,1387,2.7473647594451904,819.5025024414062,35.800079345703125,824912.9375,F,409.7529296875
998,1002,745A6315,1388,0.09158516675233841,19.846567153930664,25.223716735839844,9917.2998046875,E,823.8721313476562
998,1562,745A6315,1389,2.729797601699829,815.3395385742188,35.800079345703125,820722.5,F,407.666748046875
999,1001,745A6315,1390,0.014320260845124722,3.6656415462493896,31.998493194580078,2947.806396484375,E,1014.6842041015625
999,1060,745A6315,1391,1.0075557231903076,220.27528381347656,28.3929500579834,139468.671875,E,1104.4813232421875
1000,1011,745A6315,1392,0.22389750182628632,53.726768493652344,26.343788146972656,29284.44921875,E,1298.611328125
1001,1012,745A6315,1393,0.17846067249774933,39.248409271240234,29.8520450592041,27470.091796875,E,1006.1719970703125
1002,1003,745A6315,1394,0.02273615263402462,6.257641315460205,33.16404724121094,5405.49658203125,E,836.179443359375
1003,1021,745A6315,1395,0.26742252707481384,70.3524169921875,32.5346794128418,58487.3515625,E,843.9887084960938
1004,1014,745A6315,1396,0.6741260290145874,97.34606170654297,25.429109573364258,49439.09765625,E,1436.6376953125
1005,1012,745A6315,1397,0.31156623363494873,32.80656814575195,15.61298942565918,6280.91357421875,E,983.2984619140625
1005,1015,745A6315,1398,1.1111259460449219,33.88020706176758,9.119194030761719,2212.834228515625,E,977.8208618164062
1006,1009,745A6315,1399,0.29771891236305237,33.251285552978516,11.094776153564453,3214.66259765625,E,978.7977905273438
1006,1025,745A6315,1400,0.4311733841896057,90.82789611816406,26.182514190673828,48902.5859375,E,958.4282836914062
1008,1017,745A6315,1401,0.24139653146266937,54.35569381713867,30.228641510009766,39009.6640625,E,1576.3377685546875
1008,1045,745A6315,1402,0.7450605630874634,144.9993896484375,25.47810173034668,73924.8046875,E,1550.166259765625
1009,1013,745A6315,1403,0.038252297788858414,6.257641315460205,25.57440185546875,3214.48583984375,E,996.1357421875
1010,1027,745A6315,1404,0.29448550939559937,86.08861541748047,30.68077850341797,63645.59765625,E,914.3507080078125
1010,1562,745A6315,1405,2.9365382194519043,876.7322387695312,35.800079345703125,882520.5,F,438.3677978515625
1011,1034,745A6315,1406,0.45636141300201416,104.41683197021484,30.393701553344727,75757.84375,E,1323.4498291015625
1012,1015,745A6315,1407,0.14946655929088593,29.769847869873047,28.524194717407227,19023.625,E,995.3246459960938
1013,1029,745A6315,1408,0.5947401523590088,88.68062591552734,24.745800018310547,42650.25390625,E,1032.64794921875
1013,1033,745A6315,1409,1.5684432983398438,90.64369201660156,14.410649299621582,14784.0888671875,E,1001.2123413085938
1014,1018,745A6315,1410,0.133285790681839,31.2882080078125,30.645666122436523,23078.560546875,E,1395.0357666015625
1015,1016,745A6315,1411,0.049625445157289505,11.441641807556152,30.404666900634766,8307.2783203125,E,989.5424194335938
1016,1030,745A6315,1412,0.26043418049812317,79.3862533569336,30.96474266052246,59781.95703125,E,974.8653564453125
1016,1042,745A6315,1413,0.7106850147247314,112.8217544555664,22.020004272460938,42965.265625,E,1042.0538330078125
1017,1023,745A6315,1414,0.18966373801231384,41.65620803833008,29.907276153564453,29263.302734375,E,1617.4302978515625
1017,1028,745A6315,1415,0.19475696980953217,48.98748779296875,26.767059326171875,27566.166015625,E,1603.6875
1018,1019,745A6315,1416,1.8978642225265503,131.41050720214844,18.174495697021484,34091.390625,E,1440.883056640625
1018,1034,745A6315,1417,0.30684876441955566,76.79425048828125,31.634262084960938,60357.88671875,E,1378.5616455078125
1020,1022,745A6315,1418,0.05167347937822342,13.588924407958984,32.71815490722656,11424.904296875,E,773.7396240234375
1020,1562,745A6315,1419,2.488595962524414,767.1006469726562,35.800079345703125,772165.125,F,383.55169677734375
1021,1022,745A6315,1420,0.2563818097114563,93.4962158203125,30.80878257751465,69700.0390625,E,813.8355712890625
1021,1025,745A6315,1421,0.44238585233688354,124.78441619873047,33.62529754638672,110810.90625,E,902.5716552734375
1022,1075,745A6315,1422,0.7348743677139282,190.24490356445312,32.2206916809082,155121.734375,E,865.864990234375
1023,1028,745A6315,1423,0.05750001221895218,36.656410217285156,15.968753814697266,7341.4501953125,E,1627.1087646484375
1023,1039,745A6315,1424,0.6949474811553955,173.9561309814453,31.722843170166016,137490.859375,E,1713.62060546875
1024,1029,745A6315,1425,1.0399435758590698,72.94441223144531,14.301739692687988,11718.1669921875,E,1089.4459228515625
1024,1074,745A6315,1426,0.6194210648536682,172.54563903808594,33.379695892333984,150993.625,E,1186.7586669921875
1025,1033,745A6315,1427,0.2689133286476135,65.61312866210938,31.370044708251953,50712.01953125,E,983.515869140625
1026,1027,745A6315,1428,0.2894987165927887,70.79712677001953,31.357707977294922,54675.671875,E,919.166259765625
1026,1562,745A6315,1429,2.942763090133667,890.8112182617188,35.800079345703125,896692.4375,F,445.406982421875
1027,1032,745A6315,1430,0.08265218138694763,20.920207977294922,31.856185913085938,16674.140625,E,953.0352783203125
1028,1050,745A6315,1431,0.2597734034061432,60.42912673950195,30.60931968688965,44467.5859375,E,1637.5814208984375
1029,1037,745A6315,1432,0.10281367599964142,15.107283592224121,24.19877815246582,6948.0537109375,E,1068.973876953125
1030,1032,745A6315,1433,0.023637991398572922,6.257641315460205,32.56771469116211,5212.8486328125,E,964.037353515625
1030,1036,745A6315,1434,0.060297995805740356,16.180925369262695,32.7574577331543,13636.8349609375,E,973.08740234375
1031,1076,745A6315,1435,0.5334073305130005,133.7419891357422,31.907258987426758,106939.1328125,E,1654.3251953125
1032,1077,745A6315,1436,1.8996808528900146,139.63119506835938,22.241342544555664,54249.32421875,E,985.9647216796875
1033,1035,745A6315,1437,0.013078956864774227,3.6656415462493896,33.4825439453125,3227.577880859375,E,1014.40478515625
1034,1061,745A6315,1438,0.7694901823997498,184.50833129882812,29.842864990234375,129058.5859375,E,1306.6259765625
1035,1040,745A6315,1439,0.26842573285102844,48.54277038574219,28.383670806884766,30715.07421875,E,1037.7713623046875
1035,1091,745A6315,1440,0.6640939116477966,132.5604248046875,26.67508888244629,74082.484375,E,1038.9578857421875
1036,1042,745A6315,1441,0.6101831793785095,117.63733673095703,28.197887420654297,73462.921875,E,1033.4327392578125
1036,1093,745A6315,1442,0.8087698817253113,153.40431213378906,27.639019012451172,92039.171875,E,1041.1932373046875
1037,1040,745A6315,1443,0.13877426087856293,30.843490600585938,13.559718132019043,4454.0458984375,E,1066.3209228515625
1037,1097,745A6315,1444,1.0460734367370605,154.29376220703125,24.259315490722656,71317.375,E,1086.0045166015625
1038,1082,745A6315,1445,0.6602357029914856,172.80613708496094,32.784942626953125,145880.71875,E,816.0478515625
1038,1562,745A6315,1446,2.329916477203369,740.604736328125,35.800079345703125,745494.3125,F,370.3031921386719
1039,1048,745A6315,1447,0.1531163901090622,41.21148681640625,32.782630920410156,34785.30078125,E,1814.435546875
1039,1054,745A6315,1448,0.904310405254364,164.73805236816406,26.991361618041992,94261.296875,E,1728.8675537109375
1040,1051,745A6315,1449,0.16217836737632751,32.99077224731445,28.821008682250977,21522.89453125,E,1077.5411376953125
1041,1058,745A6315,1450,0.3189713954925537,81.34933471679688,32.00752639770508,65455.79296875,E,1406.9346923828125
1041,1064,745A6315,1451,0.16080018877983093,45.76656723022461,27.83943748474121,27858.58984375,E,1375.709716796875
1042,1060,745A6315,1452,0.5086830854415894,119.78462982177734,30.706336975097656,88704.78125,E,1141.0977783203125
1043,1045,745A6315,1453,0.013460332527756691,3.6656415462493896,33.004798889160156,3136.1298828125,E,1536.219970703125
1043,1067,745A6315,1454,0.1418534815311432,51.57948684692383,32.122032165527344,41799.67578125,E,1534.0362548828125
1044,1046,745A6315,1455,0.04355095326900482,6.257641315460205,25.520187377929688,3200.871826171875,E,908.3502197265625
1044,1562,745A6315,1456,2.949800968170166,905.2427978515625,35.800079345703125,911219.3125,F,452.6168212890625
1045,1055,745A6315,1457,0.2391909956932068,37.10112762451172,27.356613159179688,21807.2890625,E,1554.5562744140625
1047,1076,745A6315,1458,10.074615478515625,208.54153442382812,29.694494247436523,144422.3125,E,1721.1387939453125
1048,1088,745A6315,1459,0.4227645695209503,91.71733093261719,24.478641510009766,43163.42578125,E,1862.24609375
1048,1090,745A6315,1460,1.3691483736038208,269.3390808105469,28.22884178161621,168568.09375,E,1926.489501953125
1049,1059,745A6315,1461,0.10947670787572861,23.956926345825195,30.078495025634766,17022.88671875,E,745.9133911132812
1049,1562,745A6315,1462,2.370028018951416,734.4330444335938,35.800079345703125,739281.875,F,367.2140808105469
1050,1052,745A6315,1463,0.25790852308273315,56.134559631347656,25.498165130615234,28664.083984375,E,1627.814208984375
1050,1054,745A6315,1464,0.03949233517050743,10.99692440032959,33.360565185546875,9612.314453125,E,1655.67919921875
1051,1057,745A6315,1465,0.2348170131444931,44.24820327758789,28.51072883605957,28248.939453125,E,1111.706787109375
1051,1066,745A6315,1466,0.10007813572883606,30.214563369750977,26.95970344543457,17247.908203125,E,1104.1912841796875
1052,1055,745A6315,1467,0.13571235537528992,38.435279846191406,17.918344497680664,9692.0517578125,E,1587.4029541015625
1052,1068,745A6315,1468,0.28397396206855774,35.398563385009766,18.753881454467773,9778.17578125,E,1606.261962890625
1053,1056,745A6315,1469,0.05066759139299393,9.923282623291016,27.937694549560547,6083.1201171875,E,1237.124755859375
1053,1063,745A6315,1470,0.12654608488082886,51.57948684692383,26.359622955322266,28147.8515625,E,1216.515625
1054,1079,745A6315,1471,0.1948935091495514,48.35856628417969,31.563669204711914,37838.87890625,E,1664.1868896484375
1055,1069,745A6315,1472,0.20542170107364655,28.067283630371094,17.757741928100586,6951.29541015625,E,1576.1842041015625
1056,1061,745A6315,1473,0.03703615814447403,7.331283092498779,28.081695556640625,4540.6337890625,E,1244.162841796875
1056,1071,745A6315,1474,0.06989550590515137,42.9140510559082,25.127153396606445,21280.212890625,E,1233.379150390625
1057,1066,745A6315,1475,0.12422646582126617,33.88020706176758,14.23736572265625,5393.80419921875,E,1126.1114501953125
1057,1096,745A6315,1476,0.8587684631347656,141.5179901123047,27.13652992248535,81848.390625,E,1200.4222412109375
1058,1067,745A6315,1477,0.3540366291999817,100.38277435302734,30.817354202270508,74875.5,E,1488.2926025390625
1058,1119,745A6315,1478,0.7129620909690857,136.594482421875,27.04269027709961,78455.3984375,E,1496.0552978515625
1059,1080,745A6315,1479,0.15572507679462433,47.6533317565918,29.243860244750977,32007.560546875,E,758.3290405273438
1059,1121,745A6315,1480,0.6367896199226379,160.47508239746094,31.773176193237305,127238.5625,E,829.9479370117188
1060,1063,745A6315,1481,0.05324987694621086,12.51528263092041,30.640487670898438,9228.3037109375,E,1197.1416015625
1061,1078,745A6315,1482,0.11828313767910004,37.54584884643555,20.50424575805664,12397.6513671875,E,1248.9686279296875
1061,1085,745A6315,1483,0.4502333402633667,58.4660530090332,20.111886978149414,18573.73828125,E,1272.324462890625
1062,1111,745A6315,1484,0.9312328100204468,189.17127990722656,29.288265228271484,127447.8125,E,1444.5185546875
1063,1071,745A6315,1485,0.12763501703739166,28.69620704650879,30.01434326171875,20303.5546875,E,1213.72216796875
1064,1072,745A6315,1486,0.20412439107894897,46.39548873901367,30.123109817504883,33064.75,E,1368.512451171875
1064,1083,745A6315,1487,0.14708760380744934,41.21148681640625,27.517892837524414,24509.728515625,E,1400.165283203125
1065,1080,745A6315,1488,0.14206470549106598,32.36184310913086,30.499662399291992,23643.578125,E,745.5614013671875
1065,1562,745A6315,1489,2.4054007530212402,731.5963134765625,35.800079345703125,736426.375,F,365.7997741699219
1066,1102,745A6315,1490,0.47378525137901306,77.68368530273438,22.935644149780273,32095.310546875,E,1144.381591796875
1067,1070,745A6315,1491,0.05577860027551651,14.662566184997559,32.409149169921875,12095.814453125,E,1541.0928955078125
1068,1073,745A6315,1492,0.12005134671926498,25.03056526184082,29.09364891052246,16640.138671875,E,1603.4306640625
1068,1079,745A6315,1493,0.2614022195339203,60.87384796142578,26.030540466308594,32395.673828125,E,1639.19580078125
1069,1070,745A6315,1494,0.19824109971523285,41.02728271484375,29.16254234313965,27403.962890625,E,1565.543212890625
1069,1073,745A6315,1495,0.06114393472671509,14.662566184997559,30.94136619567871,11025.0068359375,E,1588.4996337890625
1070,1116,745A6315,1496,0.4774419367313385,93.05148315429688,26.463285446166992,51180.046875,E,1556.7000732421875
1071,1078,745A6315,1497,0.14926603436470032,26.10420799255371,26.46437644958496,14358.984375,E,1239.1614990234375
1073,1135,745A6315,1498,0.7096698880195618,131.59471130371094,24.408409118652344,61575.40625,E,1645.6080322265625
1074,1096,745A6315,1499,0.25684869289398193,50.061126708984375,24.312284469604492,23240.31640625,E,1265.932861328125
1074,1105,745A6315,1500,0.4400242269039154,96.64083099365234,29.986560821533203,68250.1953125,E,1306.98583984375
1075,1084,745A6315,1501,0.17388445138931274,36.027488708496094,29.279434204101562,24257.6796875,E,974.29833984375
1075,1095,745A6315,1502,0.17851778864860535,46.395484924316406,27.230323791503906,27019.12109375,E,965.550048828125
1076,1106,745A6315,1503,0.6926125288009644,170.9193878173828,31.84549331665039,136137.3125,E,1587.383544921875
1078,1085,745A6315,1504,0.3215969502925873,52.65312957763672,26.258825302124023,28514.427734375,E,1274.3035888671875
1079,1088,745A6315,1505,0.9346272945404053,250.45826721191406,32.90751266479492,213017.546875,E,1780.999267578125
1079,1132,745A6315,1506,0.5455148220062256,112.63755798339844,25.17082405090332,56049.01171875,E,1700.16357421875
1080,1113,745A6315,1507,0.32304444909095764,85.45968627929688,29.48866081237793,58366.1796875,E,800.9542236328125
1081,1107,745A6315,1508,0.41731035709381104,105.04576873779297,31.817440032958984,83521.6171875,E,978.6571655273438
1081,1562,745A6315,1509,2.9607646465301514,928.8261108398438,35.800079345703125,934958.3125,F,464.4139404296875
1082,1100,745A6315,1510,0.40670230984687805,77.23896789550781,25.19135093688965,38497.2109375,E,929.98583984375
1082,1133,745A6315,1511,0.4681926369667053,101.90113830566406,29.810068130493164,71120.5078125,E,933.1866455078125
1083,1092,745A6315,1512,0.1401599645614624,33.435489654541016,24.67409896850586,15987.486328125,E,1407.504150390625
1083,1101,745A6315,1513,0.20184411108493805,39.064208984375,27.848390579223633,23794.08984375,E,1427.5660400390625
1084,1094,745A6315,1514,0.150648295879364,30.843490600585938,29.493907928466797,21072.59765625,E,1006.4127807617188
1084,1103,745A6315,1515,0.24977171421051025,41.84041213989258,15.982983589172363,8394.6298828125,E,993.1170654296875
1085,1087,745A6315,1516,0.03897850587964058,7.331283092498779,27.45825958251953,4341.2607421875,E,1298.57421875
1086,1089,745A6315,1517,0.021419063210487366,5.184000015258789,31.73421287536621,4100.24951171875,E,733.371826171875
1086,1562,745A6315,1518,2.4524521827697754,731.1094360351562,35.800079345703125,735936.3125,F,365.556640625
1087,1111,745A6315,1519,0.5587203502655029,118.89521789550781,27.613731384277344,71204.015625,E,1354.8253173828125
1087,1131,745A6315,1520,0.6178441047668457,83.31241607666016,20.817317962646484,28356.2734375,E,1320.365966796875
1088,1090,745A6315,1521,0.19254501163959503,48.803279876708984,31.890426635742188,38981.58984375,E,1915.6429443359375
1089,1114,745A6315,1522,0.3068823516368866,56.76348876953125,27.41421127319336,33505.06640625,E,753.3903198242188
1089,1151,745A6315,1523,0.5227500796318054,119.52411651611328,26.691816329956055,66880.8359375,E,791.6535034179688
1090,1126,745A6315,1524,0.5889909267425537,159.0330352783203,32.92974090576172,135442.140625,E,2011.341552734375
1091,1097,745A6315,1525,0.20803914964199066,50.061126708984375,26.57054328918457,27758.205078125,E,1085.7044677734375
1091,1098,745A6315,1526,0.11118803918361664,43.174560546875,28.388893127441406,27328.431640625,E,1050.7393798828125
1092,1101,745A6315,1527,0.25193852186203003,36.47220993041992,25.16312026977539,18137.646484375,E,1420.4588623046875
1092,1105,745A6315,1528,0.46300917863845825,83.31241607666016,22.713037490844727,33755.9296875,E,1375.23193359375
1094,1098,745A6315,1529,0.0641133189201355,20.291284561157227,35.54851531982422,20139.20703125,E,1030.088623046875
1094,1104,745A6315,1530,0.21813780069351196,52.65312957763672,20.77956199645996,17856.109375,E,1012.818359375
1095,1100,745A6315,1531,0.0467231385409832,9.923283576965332,29.142213821411133,6618.96923828125,E,969.5287475585938
1095,1103,745A6315,1532,0.07740449905395508,25.03056526184082,27.939390182495117,15345.9716796875,E,982.582275390625
1096,1099,745A6315,1533,0.01487857848405838,2.5920000076293945,26.397741317749023,1418.594970703125,E,1267.13134765625
1097,1102,745A6315,1534,0.3801860511302948,89.38585662841797,30.705427169799805,66189.4765625,E,1141.031005859375
1098,1198,745A6315,1535,1.034242868423462,275.8887939453125,32.907684326171875,234648.921875,E,1165.4046630859375
1099,1109,745A6315,1536,0.2116548717021942,50.69004821777344,25.114215850830078,25110.294921875,E,1257.9970703125
1099,1138,745A6315,1537,0.9385601282119751,89.12533569335938,16.785995483398438,19723.55859375,E,1304.6123046875
1100,1157,745A6315,1538,0.6004693508148193,101.45641326904297,25.094749450683594,50180.515625,E,998.1981201171875
1101,1158,745A6315,1539,1.0155630111694336,114.78482818603516,21.769895553588867,42725.48828125,E,1483.842529296875
1102,1109,745A6315,1540,0.3238673210144043,85.9044189453125,32.5656852722168,71552.6640625,E,1212.722900390625
1103,1104,745A6315,1541,0.04962211102247238,9.923283576965332,28.268047332763672,6227.83251953125,E,997.025634765625
1104,1184,745A6315,1542,0.9413292407989502,185.0609130859375,29.777414321899414,128877.9296875,E,1088.974609375
1105,1158,745A6315,1543,0.6678491234779358,178.43487548828125,32.70146179199219,149866.296875,E,1434.1263427734375
1106,1112,745A6315,1544,0.301605224609375,66.24205017089844,22.082435607910156,25369.83203125,E,1506.028564453125
1106,1122,745A6315,1545,0.09548620134592056,27.622568130493164,26.15717887878418,14843.48046875,E,1531.184814453125
1107,1146,745A6315,1546,0.8739391565322876,201.39447021484375,30.591699600219727,148028.265625,E,1110.919921875
1107,1210,745A6315,1547,1.3170148134231567,219.6463623046875,25.312490463256836,110530.8828125,E,1125.493896484375
1108,1115,745A6315,1548,0.10955105721950531,12.51528263092041,22.97223472595215,5187.248046875,E,748.7698364257812
1108,1562,745A6315,1549,2.5095560550689697,742.9822387695312,35.800079345703125,747887.5,F,371.49346923828125
1109,1120,745A6315,1550,0.10911425948143005,23.512208938598633,29.38108253479004,15941.123046875,E,1261.31787109375
1110,1201,745A6315,1551,1.3843014240264893,229.12490844726562,26.835107803344727,129589.2109375,E,1061.013671875
1110,1562,745A6315,1552,3.0048999786376953,956.8447875976562,35.800079345703125,963162.0,F,478.4230041503906
1111,1118,745A6315,1553,0.05764671787619591,11.441641807556152,28.180633544921875,7136.4091796875,E,1416.4478759765625
1112,1118,745A6315,1554,0.42028671503067017,95.64350128173828,27.838420867919922,58214.94921875,E,1458.1341552734375
1112,1122,745A6315,1555,0.21535851061344147,43.17456817626953,28.416706085205078,27382.009765625,E,1513.9833984375
1113,1143,745A6315,1556,0.2078544795513153,42.28512954711914,28.58896255493164,27144.03125,E,846.1987915039062
1113,1155,745A6315,1557,0.2967250347137451,65.61312866210938,23.30219841003418,27981.720703125,E,869.4044189453125
1114,1115,745A6315,1558,0.3244898021221161,38.880001068115234,19.05235481262207,11084.4326171875,E,762.5889892578125
1114,1147,745A6315,1559,0.22309565544128418,46.395484924316406,28.879196166992188,30390.357421875,E,788.9056396484375
1115,1123,745A6315,1560,0.03885965049266815,13.588924407958984,19.424755096435547,4027.041015625,E,757.4906005859375
1116,1119,745A6315,1561,0.22578203678131104,30.659282684326172,18.116411209106445,7903.07666015625,E,1555.9188232421875
1116,1136,745A6315,1562,0.21950338780879974,30.843490600585938,19.423303604125977,9139.01953125,E,1581.935302734375
1117,1125,745A6315,1563,0.08934187889099121,13.588924407958984,25.88747215270996,7152.4404296875,E,753.878173828125
1117,1562,745A6315,1564,2.524585723876953,747.5437622070312,35.800079345703125,752479.125,F,373.7741394042969
1118,1131,745A6315,1565,0.5350437760353088,105.56678009033203,28.145000457763672,65677.9609375,E,1383.4205322265625
1119,1145,745A6315,1566,0.20024850964546204,32.80656433105469,25.647247314453125,16948.53515625,E,1553.4632568359375
1120,1138,745A6315,1567,0.3731969892978668,65.61312866210938,26.994810104370117,37552.703125,E,1301.2608642578125
1120,1170,745A6315,1568,1.3692388534545898,91.71733093261719,17.93656349182129,23175.001953125,E,1300.299560546875
1121,1127,745A6315,1569,0.06778758764266968,17.254566192626953,31.94428062438965,13828.662109375,E,915.1382446289062
1121,1160,745A6315,1570,0.43213412165641785,68.38933563232422,19.25664710998535,19917.720703125,E,918.4996337890625
1122,1187,745A6315,1571,0.8581889867782593,208.388916015625,31.351760864257812,160874.9375,E,1629.516845703125
1123,1125,745A6315,1572,0.07536378502845764,17.699283599853516,21.757553100585938,6580.6025390625,E,761.2007446289062
1123,1147,745A6315,1573,0.5434903502464294,50.69004821777344,17.069313049316406,11599.64453125,E,780.93310546875
1124,1139,745A6315,1574,0.11673939228057861,17.699283599853516,21.208660125732422,6252.76416015625,E,758.33837890625
1124,1562,745A6315,1575,2.532100200653076,750.2709350585938,35.800079345703125,755224.3125,F,375.1361083984375
1125,1139,745A6315,1576,0.17087309062480927,24.585847854614258,23.9963321685791,11118.9765625,E,765.475341796875
1127,1133,745A6315,1577,0.5785452127456665,66.5025634765625,18.201078414916992,17303.044921875,E,945.771484375
1127,1162,745A6315,1578,0.24769817292690277,57.837127685546875,26.402097702026367,31664.560546875,E,948.7110595703125
1128,1140,745A6315,1579,0.07847157120704651,10.368000030517578,20.681787490844727,3483.060546875,E,757.432861328125
1128,1562,745A6315,1580,2.538227081298828,752.5375366210938,35.800079345703125,757505.875,F,376.2709655761719
1129,1130,745A6315,1581,0.4347091317176819,86.9780502319336,23.524337768554688,37803.70703125,E,1242.1153564453125
1129,1137,745A6315,1582,0.09104461967945099,21.36492347717285,30.69232940673828,15807.0537109375,E,1248.3240966796875
1129,1146,745A6315,1583,0.4157770872116089,71.87076568603516,26.71935272216797,40298.98046875,E,1216.73974609375
1130,1131,745A6315,1584,0.5213818550109863,110.0455551147461,29.17835235595703,73584.0859375,E,1305.4462890625
1130,1137,745A6315,1585,0.08638308942317963,21.36492347717285,31.43435287475586,16580.6015625,E,1263.0562744140625
1132,1141,745A6315,1586,0.19180220365524292,41.65620803833008,29.741931915283203,28940.630859375,E,1722.44580078125
1132,1206,745A6315,1587,1.7048497200012207,197.39199829101562,27.35839080810547,116038.0703125,E,1820.412109375
1133,1149,745A6315,1588,0.09318892657756805,22.883283615112305,31.345693588256836,17658.9140625,E,977.7705688476562
1134,1140,745A6315,1589,0.10489905625581741,9.923282623291016,22.245460510253906,3856.80810546875,E,759.232421875
1134,1562,745A6315,1590,2.544353723526001,754.9130249023438,35.800079345703125,759897.0625,F,377.4541320800781
1135,1141,745A6315,1591,0.06703431159257889,16.180925369262695,31.05656623840332,12257.4501953125,E,1701.648681640625
1135,1154,745A6315,1592,0.38057032227516174,96.27241516113281,31.798192977905273,76453.3671875,E,1662.0252685546875
1136,1145,745A6315,1593,0.4916718602180481,40.58256912231445,12.999207496643066,5385.9609375,E,1581.0380859375
1136,1154,745A6315,1594,0.23571240901947021,39.6931266784668,19.760190963745117,12172.7158203125,E,1611.64697265625
1138,1142,745A6315,1595,0.029639681801199913,7.331283092498779,31.44282341003418,5692.6298828125,E,1335.1444091796875
1139,1144,745A6315,1596,0.06845928728580475,9.923282623291016,23.97854232788086,4481.16357421875,E,768.398193359375
1140,1144,745A6315,1597,0.03160518780350685,7.331283092498779,21.539012908935547,2671.292724609375,E,765.6290283203125
1141,1177,745A6315,1598,0.3866921365261078,71.87076568603516,24.726665496826172,34512.25,E,1731.6982421875
1142,1196,745A6315,1599,0.5717151761054993,108.15877532958984,23.561033248901367,47156.36328125,E,1364.367431640625
1142,1212,745A6315,1600,0.9411269426345825,230.56695556640625,31.353931427001953,178020.875,E,1446.493408203125
1143,1150,745A6315,1601,0.05277266353368759,13.588926315307617,27.470117568969727,8053.71142578125,E,862.1703491210938
1143,1151,745A6315,1602,0.1953473687171936,40.58256530761719,28.847436904907227,26524.294921875,E,850.45654296875
1144,1152,745A6315,1603,0.23316128551959991,35.398563385009766,25.058345794677734,17457.431640625,E,771.200927734375
1145,1164,745A6315,1604,0.16767826676368713,38.435279846191406,23.139389038085938,16163.0654296875,E,1576.8848876953125
1146,1168,745A6315,1605,0.1790916621685028,58.021331787109375,25.133934020996094,28787.140625,E,1223.63037109375
1147,1176,745A6315,1606,0.24949873983860016,61.94748306274414,31.505964279174805,48294.65625,E,824.7053833007812
1148,1152,745A6315,1607,0.03496229648590088,7.331283092498779,29.965553283691406,5170.28515625,E,765.9098510742188
1148,1562,745A6315,1608,2.5627341270446777,762.6824951171875,35.800079345703125,767717.8125,F,381.343505859375
1149,1162,745A6315,1609,0.23496119678020477,51.134769439697266,26.121599197387695,27403.48046875,E,977.5733642578125
1149,1190,745A6315,1610,0.3606495261192322,86.79385375976562,28.062408447265625,53682.0078125,E,1015.7315063476562
1150,1156,745A6315,1611,0.13243268430233002,40.58256530761719,27.069740295410156,23355.94921875,E,884.075927734375
1150,1169,745A6315,1612,0.17574547231197357,50.69004821777344,22.673099517822266,20466.06640625,E,879.1344604492188
1151,1169,745A6315,1613,0.23084796965122223,45.32184600830078,28.326492309570312,28561.634765625,E,865.515380859375
1152,1174,745A6315,1614,0.3613230586051941,54.80040740966797,22.334762573242188,21470.212890625,E,792.8191528320312
1153,1163,745A6315,1615,0.11221838742494583,20.291284561157227,27.5565185546875,12101.7490234375,E,776.8133544921875
1153,1562,745A6315,1616,2.5749876499176025,768.3870239257812,35.800079345703125,773460.0,F,384.19573974609375
1154,1159,745A6315,1617,0.07288994640111923,14.662566184997559,28.379858016967773,9275.13671875,E,1626.515869140625
1155,1156,745A6315,1618,0.016066553071141243,3.6656415462493896,30.20950698852539,2627.40576171875,E,896.8206787109375
1155,1160,745A6315,1619,0.2920115888118744,53.54256057739258,27.472148895263672,31737.61328125,E,914.6297607421875
1156,1180,745A6315,1620,0.31026265025138855,61.50277328491211,28.294666290283203,38671.7421875,E,924.1092529296875
1157,1185,745A6315,1621,0.9188845157623291,101.1958999633789,19.74162483215332,30975.51953125,E,1076.067626953125
1157,1189,745A6315,1622,0.2737792730331421,71.24185180664062,28.541473388671875,45580.37109375,E,1052.72265625
1158,1172,745A6315,1623,0.17828674614429474,48.098052978515625,32.82793426513672,40710.31640625,E,1536.89599609375
1159,1167,745A6315,1624,0.12246555835008621,34.95384979248047,25.045835494995117,17220.904296875,E,1614.66015625
1159,1178,745A6315,1625,0.12102733552455902,36.288002014160156,13.214118957519531,4976.5615234375,E,1632.8436279296875
1160,1171,745A6315,1626,0.31482526659965515,56.31876754760742,22.429595947265625,22252.86328125,E,958.4984741210938
1161,1165,745A6315,1627,0.07283807545900345,10.99692440032959,26.194446563720703,5926.24462890625,E,782.3942260742188
1161,1562,745A6315,1628,2.5933678150177,777.7080078125,35.800079345703125,782842.5,F,388.8551940917969
1162,1171,745A6315,1629,0.10252732038497925,24.585847854614258,30.918495178222656,18459.15234375,E,977.8631591796875
1163,1165,745A6315,1630,0.07924194633960724,12.51528263092041,25.1312198638916,6208.0849609375,E,785.826171875
1163,1179,745A6315,1631,0.23850920796394348,36.47220993041992,19.7760009765625,11202.859375,E,801.50244140625
1164,1167,745A6315,1632,0.08261118829250336,20.291284561157227,31.337791442871094,15650.7880859375,E,1598.0836181640625
1164,1172,745A6315,1633,0.15378539264202118,47.913848876953125,28.414976119995117,30384.04296875,E,1574.0211181640625
1165,1166,745A6315,1634,0.17663326859474182,28.69620704650879,21.26746940612793,10194.0322265625,E,789.4906005859375
1166,1562,745A6315,1635,2.605621576309204,784.4172973632812,35.800079345703125,789596.125,F,392.20989990234375
1167,1178,745A6315,1636,0.21241234242916107,40.137847900390625,27.910831451416016,24557.802734375,E,1623.7213134765625
1168,1182,745A6315,1637,0.3397693336009979,81.34932708740234,30.940608978271484,61164.796875,E,1284.519775390625
1168,1220,745A6315,1638,2.912280797958374,129.7079315185547,26.857927322387695,73485.453125,E,1267.642822265625
1169,1175,745A6315,1639,0.03977037966251373,9.923283576965332,31.581741333007812,7773.5146484375,E,892.3570556640625
1171,1191,745A6315,1640,0.2509165108203888,47.4691276550293,24.97930335998535,23262.7890625,E,994.1265869140625
1172,1194,745A6315,1641,0.24646270275115967,54.35569381713867,30.111446380615234,38707.76953125,E,1582.304443359375
1173,1176,745A6315,1642,0.25063610076904297,25.475284576416016,16.42277717590332,5396.375,E,839.2734375
1174,1179,745A6315,1643,0.4660029411315918,32.80656433105469,10.444235801696777,2810.6318359375,E,816.6022338867188
1174,1181,745A6315,1644,0.17354577779769897,23.956924438476562,23.363014221191406,10270.1953125,E,826.5818481445312
1175,1218,745A6315,1645,0.6126094460487366,122.37661743164062,26.789215087890625,68977.6328125,E,951.7486572265625
1175,1229,745A6315,1646,0.6566609740257263,122.82135009765625,28.37324333190918,77657.203125,E,937.8892211914062
1176,1193,745A6315,1647,0.15431863069534302,37.990562438964844,31.36247444152832,29348.5234375,E,861.36767578125
1177,1205,745A6315,1648,1.377415418624878,96.27239990234375,16.2391357421875,19939.650390625,E,1793.7239990234375
1177,1215,745A6315,1649,1.0104175806045532,96.27242279052734,19.555444717407227,28915.263671875,E,1780.871826171875
1178,1215,745A6315,1650,0.67494797706604,168.06686401367188,31.606481552124023,131863.40625,E,1718.254638671875
1179,1186,745A6315,1651,0.17387042939662933,21.36492347717285,22.18701171875,8260.1669921875,E,826.4088745117188
1180,1191,745A6315,1652,0.4576698839664459,76.61004638671875,24.067119598388672,34851.69140625,E,976.7875366210938
1180,1268,745A6315,1653,0.9847779273986816,198.0972442626953,28.65821647644043,127781.1015625,E,1039.8026123046875
1181,1186,745A6315,1654,0.695808470249176,31.732921600341797,12.853271484375,4117.43994140625,E,835.380126953125
1181,1217,745A6315,1655,2.7345738410949707,91.71734619140625,10.51207447052002,7960.09375,E,874.0445556640625
1182,1188,745A6315,1656,0.1886596530675888,44.87712860107422,30.91155242919922,33678.796875,E,1337.2711181640625
1182,1204,745A6315,1657,0.19323600828647614,54.616207122802734,28.63194465637207,35165.203125,E,1332.7623291015625
1183,1225,745A6315,1658,0.4666353762149811,115.59799194335938,31.608646392822266,90709.328125,E,858.7931518554688
1183,1562,745A6315,1659,2.6498970985412598,812.752197265625,35.800079345703125,818118.0625,F,406.378173828125
1184,1224,745A6315,1660,0.41567638516426086,110.85869598388672,32.72480392456055,93242.46875,E,1229.161376953125
1184,1318,745A6315,1661,2.4160637855529785,328.7709045410156,24.447378158569336,154329.109375,E,1283.4544677734375
1185,1189,745A6315,1662,0.7557732462882996,75.98112487792969,19.913145065307617,23663.302734375,E,1100.9532470703125
1185,1203,745A6315,1663,0.2553577125072479,44.87712860107422,26.49057960510254,24734.201171875,E,1139.3284912109375
1186,1217,745A6315,1664,0.6493625044822693,74.90748596191406,22.09882354736328,28731.177734375,E,869.8672485351562
1188,1204,745A6315,1665,0.902626633644104,60.42912292480469,17.894664764404297,15197.890625,E,1357.8477783203125
1188,1241,745A6315,1666,0.8105301260948181,201.94708251953125,31.59412956237793,158321.625,E,1450.1639404296875
1189,1190,745A6315,1667,0.26199400424957275,57.20820617675781,29.767099380493164,39812.6640625,E,1060.7451171875
1189,1202,745A6315,1668,0.12962274253368378,30.659282684326172,30.812612533569336,22861.72265625,E,1089.155517578125
1190,1195,745A6315,1669,0.03143124654889107,7.331283092498779,30.54155158996582,5370.9619140625,E,1046.0198974609375
1191,1199,745A6315,1670,0.114967942237854,36.027488708496094,26.253984451293945,19503.578125,E,1021.6412963867188
1192,1196,745A6315,1671,0.3335779309272766,86.79385375976562,32.413978576660156,71621.5234375,E,1353.3604736328125
1192,1198,745A6315,1672,0.13202452659606934,43.803489685058594,27.535058975219727,26083.783203125,E,1306.606201171875
1192,1207,745A6315,1673,0.06499995291233063,36.472206115722656,18.072847366333008,9356.3193359375,E,1326.53271484375
1193,1209,745A6315,1674,0.1864650994539261,45.32184600830078,31.209461212158203,34671.2890625,E,891.48828125
1193,1238,745A6315,1675,1.001561164855957,118.89521789550781,22.623924255371094,47795.84375,E,921.8588256835938
1194,1257,745A6315,1676,0.604304850101471,142.48370361328125,29.44273567199707,97008.859375,E,1640.726806640625
1194,1298,745A6315,1677,1.3294763565063477,321.0264587402344,31.576454162597656,251395.453125,E,1749.7266845703125
1195,1199,745A6315,1678,0.13045772910118103,39.064205169677734,27.77675437927246,23671.833984375,E,1040.115966796875
1195,1208,745A6315,1679,0.18600665032863617,40.58256530761719,29.588781356811523,27905.095703125,E,1060.561279296875
1196,1197,745A6315,1680,0.012363276444375515,3.6656415462493896,34.43802261352539,3414.414794921875,E,1390.1302490234375
1197,1212,745A6315,1681,1.7380207777023315,221.7936553955078,28.118080139160156,137724.21875,E,1484.295166015625
1197,1236,745A6315,1682,0.4289504587650299,82.23876953125,26.58155632019043,45638.07421875,E,1409.6561279296875
1198,1207,745A6315,1683,0.15113526582717896,37.54584884643555,31.65132713317871,29541.712890625,E,1313.5494384765625
1199,1213,745A6315,1684,0.23090575635433197,41.84041213989258,27.475982666015625,24808.03125,E,1055.3505859375
1200,1240,745A6315,1685,0.7534614205360413,94.49353790283203,23.25006866455078,40118.109375,E,874.2697143554688
1200,1562,745A6315,1686,2.686657667160034,839.15576171875,35.800079345703125,844695.9375,F,419.57965087890625
1202,1211,745A6315,1687,0.41650664806365967,56.76348876953125,20.588275909423828,18897.263671875,E,1124.0494384765625
1202,1221,745A6315,1688,0.17952284216880798,46.8402099609375,26.021644592285156,24910.255859375,E,1113.7626953125
1203,1211,745A6315,1689,0.13987304270267487,34.9538459777832,18.259878158569336,9153.361328125,E,1150.53271484375
1203,1232,745A6315,1690,0.4912034273147583,56.76348876953125,21.583738327026367,20768.841796875,E,1181.484375
1207,1242,745A6315,1691,0.48180902004241943,96.19611358642578,28.60978889465332,61841.03125,E,1375.3507080078125
1208,1213,745A6315,1692,0.045858025550842285,10.99692440032959,30.961692810058594,8279.6220703125,E,1075.9483642578125
1208,1222,745A6315,1693,0.12656569480895996,54.80040740966797,27.00762367248535,31393.984375,E,1098.6197509765625
1209,1230,745A6315,1694,0.20433825254440308,43.358768463134766,29.197391510009766,29030.52734375,E,919.9180908203125
1209,1233,745A6315,1695,0.19161857664585114,47.4691276550293,27.217697143554688,27618.740234375,E,928.8260498046875
1210,1216,745A6315,1696,0.07295707613229752,18.772924423217773,32.039154052734375,15135.0517578125,E,1225.6427001953125
1210,1227,745A6315,1697,0.28151029348373413,51.134769439697266,27.824983596801758,31093.958984375,E,1243.587890625
1211,1237,745A6315,1698,0.44698622822761536,47.4691276550293,20.624189376831055,15858.236328125,E,1168.12744140625
1212,1257,745A6315,1699,0.5859856605529785,121.2267074584961,29.3133602142334,81812.453125,E,1615.400390625
1213,1268,745A6315,1700,0.6805187463760376,115.6742935180664,25.755958557128906,60267.359375,E,1107.5662841796875
1214,1228,745A6315,1701,0.4520586133003235,79.64676666259766,27.52602195739746,47396.35546875,E,1597.8946533203125
1215,1256,745A6315,1702,0.42091625928878784,111.48761749267578,32.563262939453125,92847.953125,E,1850.412353515625
1216,1227,745A6315,1703,0.0923321396112442,32.36184310913086,16.83953094482422,7207.47412109375,E,1244.6556396484375
1216,1235,745A6315,1704,0.1272633969783783,26.54892349243164,28.96738052368164,17496.6640625,E,1239.06201171875
1217,1219,745A6315,1705,0.02728865295648575,6.257641315460205,30.277273178100586,4505.4072265625,E,906.7365112304688
1218,1269,745A6315,1706,0.3632800281047821,90.01478576660156,28.788705825805664,58593.30859375,E,1036.505615234375
1218,1288,745A6315,1707,1.0587142705917358,174.84555053710938,25.132030487060547,86736.046875,E,1085.707275390625
1219,1225,745A6315,1708,0.1918826401233673,43.61928176879883,30.284847259521484,31420.94140625,E,905.6007080078125
1219,1230,745A6315,1709,0.2857455611228943,58.28184509277344,21.25643539428711,20682.548828125,E,919.6500244140625
1220,1239,745A6315,1710,0.08340948820114136,37.10112762451172,22.296283721923828,14485.7822265625,E,1282.9425048828125
1220,1245,745A6315,1711,0.32846516370773315,57.39241409301758,26.91827964782715,32661.712890625,E,1305.7685546875
1221,1222,745A6315,1712,0.018541444092988968,5.184000015258789,33.4418830871582,4553.4052734375,E,1124.179443359375
1221,1258,745A6315,1713,0.42440295219421387,98.78811645507812,30.5950870513916,72626.9765625,E,1171.7037353515625
1222,1275,745A6315,1714,0.49137091636657715,105.7509765625,29.721601486206055,73370.0234375,E,1148.36328125
1223,1244,745A6315,1715,0.23924455046653748,58.021331787109375,31.266632080078125,44549.1875,E,903.8531494140625
1223,1562,745A6315,1716,2.7753069400787354,883.9669799804688,35.800079345703125,889803.0,F,441.9847717285156
1224,1226,745A6315,1717,0.16011613607406616,46.840206146240234,29.101552963256836,31155.94921875,E,1297.2684326171875
1224,1243,745A6315,1718,0.15817169845104218,39.6931266784668,31.828041076660156,31580.935546875,E,1297.1116943359375
1225,1263,745A6315,1719,0.3167476952075958,88.23589324951172,27.263999938964844,51512.69921875,E,942.4472045898438
1226,1243,745A6315,1720,0.12079031020402908,39.248409271240234,14.562634468078613,6537.201171875,E,1315.7965087890625
1226,1267,745A6315,1721,1.6348307132720947,154.29373168945312,23.32062530517578,65905.0234375,E,1379.992431640625
1227,1235,745A6315,1722,0.08566249907016754,26.548925399780273,26.607812881469727,14762.33984375,E,1256.6290283203125
1227,1239,745A6315,1723,0.1321374624967575,20.920207977294922,21.776866912841797,7791.958984375,E,1270.678466796875
1228,1231,745A6315,1724,0.4834524393081665,58.021331787109375,19.37562370300293,17107.595703125,E,1552.3966064453125
1228,1234,745A6315,1725,0.17343956232070923,17.699283599853516,16.51968002319336,3793.57666015625,E,1569.4722900390625
1229,1238,745A6315,1726,0.16348588466644287,31.73292350769043,23.216190338134766,13433.2744140625,E,977.750244140625
1229,1259,745A6315,1727,0.21666766703128815,66.05784606933594,29.657222747802734,45632.6015625,E,1010.9071044921875
1230,1233,745A6315,1728,0.14408844709396362,42.54563903808594,19.949928283691406,13299.2646484375,E,940.1318359375
1230,1251,745A6315,1729,0.23723949491977692,54.6161994934082,30.420934677124023,39696.890625,E,955.2407836914062
1231,1234,745A6315,1730,0.12371248006820679,19.217641830444336,25.198307037353516,9583.6884765625,E,1556.3062744140625
1231,1241,745A6315,1731,0.046892199665308,18.328208923339844,30.585601806640625,13466.166015625,E,1546.053955078125
1232,1237,745A6315,1732,0.3014138340950012,22.883283615112305,14.206871032714844,3627.48046875,E,1195.547119140625
1232,1246,745A6315,1733,0.674043595790863,58.2818489074707,18.873437881469727,16305.1669921875,E,1220.3372802734375
1233,1247,745A6315,1734,0.21759071946144104,50.061126708984375,30.45465087890625,36466.80859375,E,971.5679931640625
1235,1282,745A6315,1735,0.5507668852806091,118.71099853515625,29.557479858398438,81454.6015625,E,1285.67333984375
1236,1242,745A6315,1736,0.4524058699607849,31.2882080078125,12.943058967590332,4116.65478515625,E,1428.8013916015625
1236,1254,745A6315,1737,1.399346113204956,56.31876754760742,9.536527633666992,4022.754638671875,E,1455.00634765625
1237,1246,745A6315,1738,0.6152710318565369,35.398563385009766,11.04226016998291,3389.935791015625,E,1204.3974609375
1238,1247,745A6315,1739,0.3139941096305847,59.094974517822266,23.51643943786621,25667.5,E,986.7752685546875
1239,1245,745A6315,1740,0.1726939082145691,37.10112762451172,21.851213455200195,13913.234375,E,1298.5579833984375
1240,1248,745A6315,1741,0.4333946108818054,51.76368713378906,19.260425567626953,15081.580078125,E,928.1991577148438
1240,1252,745A6315,1742,0.39668938517570496,84.57025909423828,25.96990203857422,44796.91796875,E,922.0498046875
1241,1292,745A6315,1743,1.0019004344940186,264.70770263671875,32.56375503540039,220457.78125,E,1668.15966796875
1242,1253,745A6315,1744,0.2923639118671417,40.76676940917969,23.85578155517578,18221.47265625,E,1441.107177734375
1243,1354,745A6315,1745,1.1592251062393188,312.5899658203125,32.905555725097656,265829.625,E,1450.3897705078125
1244,1252,745A6315,1746,0.10715803503990173,27.17784881591797,31.79520034790039,21578.83984375,E,933.17529296875
1244,1261,745A6315,1747,0.17043933272361755,36.656410217285156,23.399152755737305,15763.04296875,E,938.3980102539062
1245,1250,745A6315,1748,0.03813466429710388,9.923283576965332,32.24244689941406,8102.1689453125,E,1320.550537109375
1246,1258,745A6315,1749,0.39720049500465393,37.10112762451172,15.110563278198242,6653.31787109375,E,1220.0263671875
1247,1262,745A6315,1750,0.07431258261203766,20.291284561157227,33.01496124267578,17370.84765625,E,1002.5336303710938
1248,1264,745A6315,1751,0.38395318388938904,28.251487731933594,17.49458885192871,6791.07763671875,E,957.3764038085938
1248,1266,745A6315,1752,0.3906513750553131,25.03056526184082,12.590682983398438,3116.4423828125,E,956.9006958007812
1249,1255,745A6315,1753,0.22204215824604034,58.726566314697266,32.53907012939453,48835.40625,E,946.6506958007812
1249,1562,745A6315,1754,3.040973663330078,940.3531494140625,35.800079345703125,946561.4375,F,470.1783752441406
1250,1282,745A6315,1755,0.3833915889263153,104.23262023925781,28.137531280517578,64813.50390625,E,1335.094970703125
1250,1306,745A6315,1756,1.1085258722305298,308.95587158203125,33.375648498535156,270299.84375,E,1459.2369384765625
1251,1263,745A6315,1757,0.11218186467885971,39.064205169677734,29.346635818481445,26423.205078125,E,978.2347412109375
1251,1286,745A6315,1758,0.3485129475593567,88.49641418457031,31.930295944213867,70863.3125,E,1016.94384765625
1252,1260,745A6315,1759,0.05581001192331314,13.588926315307617,31.230045318603516,10409.26953125,E,947.2846069335938
1253,1254,745A6315,1760,0.03237368166446686,6.257641315460205,27.797082901000977,3797.510498046875,E,1463.3736572265625
1253,1267,745A6315,1761,0.6436514854431152,32.361846923828125,13.417411804199219,4575.7333984375,E,1457.051513671875
1254,1273,745A6315,1762,0.1739143580198288,36.027488708496094,28.656003952026367,23235.666015625,E,1483.369384765625
1255,1261,745A6315,1763,0.23824261128902435,40.58256912231445,26.43230438232422,22268.93359375,E,948.619873046875
1255,1281,745A6315,1764,0.7206697463989258,58.726558685302734,17.028425216674805,13374.37109375,E,974.0615844726562
1256,1272,745A6315,1765,2.4955086708068848,203.80224609375,29.59962272644043,140239.78125,E,1985.847412109375
1256,1323,745A6315,1766,1.7054922580718994,210.4282989501953,29.32209587097168,142096.71875,E,1979.875244140625
1257,1280,745A6315,1767,0.1659720093011856,45.137638092041016,27.435321807861328,26683.87109375,E,1683.048828125
1258,1265,745A6315,1768,0.03350566327571869,7.331283092498779,29.56574249267578,5033.23779296875,E,1220.3463134765625
1259,1269,745A6315,1769,0.21972838044166565,56.134559631347656,32.29568862915039,45984.26953125,E,1052.58544921875
1259,1270,745A6315,1770,0.07108261436223984,18.772924423217773,32.36732864379883,15446.693359375,E,1042.977783203125
1260,1278,745A6315,1771,0.24105261266231537,55.4293327331543,30.350618362426758,40101.87109375,E,968.5444946289062
1260,1304,745A6315,1772,0.6583990454673767,136.85498046875,26.495819091796875,75457.984375,E,1012.9292602539062
1261,1281,745A6315,1773,1.1395970582962036,83.75712585449219,14.701068878173828,14217.0498046875,E,983.2394409179688
1262,1271,745A6315,1774,0.5674658417701721,72.76020812988281,22.415597915649414,28713.390625,E,1027.7828369140625
1262,1301,745A6315,1775,0.5957439541816711,126.04229736328125,29.258758544921875,84745.7578125,E,1066.8306884765625
1263,1276,745A6315,1776,0.11500252783298492,26.54892349243164,30.36807632446289,19229.6484375,E,991.513916015625
1264,1266,745A6315,1777,0.6885219812393188,36.472206115722656,10.347671508789062,3067.165283203125,E,972.2072143554688
1264,1277,745A6315,1778,0.20595461130142212,30.843490600585938,19.3637638092041,9083.076171875,E,982.3816528320312
1265,1274,745A6315,1779,0.09838692098855972,28.251487731933594,27.383718490600586,16638.572265625,E,1223.31298828125
1265,1318,745A6315,1780,0.8436598181724548,186.83978271484375,29.922828674316406,131390.65625,E,1307.4566650390625
1266,1278,745A6315,1781,0.6554442048072815,58.46604537963867,15.993440628051758,11745.6591796875,E,972.9967041015625
1267,1283,745A6315,1782,0.8810290098190308,68.20512390136719,13.9066743850708,10359.849609375,E,1476.7891845703125
1268,1289,745A6315,1783,0.32849931716918945,88.68061065673828,32.93925476074219,75569.421875,E,1169.6954345703125
1269,1294,745A6315,1784,0.4197351038455963,90.90420532226562,29.821449279785156,63493.80078125,E,1108.534423828125
1270,1271,745A6315,1785,0.011793222278356552,2.5920000076293945,29.650447845458984,1789.7294921875,E,1048.4678955078125
1270,1295,745A6315,1786,0.5797372460365295,91.08841705322266,23.500797271728516,39511.01953125,E,1092.2310791015625
1271,1301,745A6315,1787,1.3881611824035645,108.78772735595703,15.114566802978516,19519.1640625,E,1087.2552490234375
1273,1283,745A6315,1788,0.36101362109184265,44.87712860107422,18.96549415588379,12677.7822265625,E,1501.803466796875
1273,1291,745A6315,1789,0.40112000703811646,101.38011169433594,31.7630615234375,80331.78125,E,1544.4796142578125
1274,1275,745A6315,1790,0.38575926423072815,85.9044189453125,28.149982452392578,53464.0234375,E,1200.8060302734375
1274,1303,745A6315,1791,0.5502849817276001,107.71405792236328,29.095130920410156,71614.8203125,E,1256.74755859375
1275,1289,745A6315,1792,0.319426566362381,72.49969482421875,23.988706588745117,32767.23046875,E,1198.39794921875
1276,1277,745A6315,1793,0.16700512170791626,35.398563385009766,29.191471099853516,23691.22265625,E,1001.9666137695312
1276,1286,745A6315,1794,0.38777369260787964,71.42605590820312,23.16771125793457,30110.142578125,E,1032.30224609375
1277,1284,745A6315,1795,0.5159621834754944,76.16533660888672,22.029970169067383,29031.873046875,E,1006.787353515625
1278,1287,745A6315,1796,0.16945309937000275,41.21148681640625,31.162084579467773,31431.21484375,E,1006.7416381835938
1279,1290,745A6315,1797,0.32677626609802246,61.686973571777344,28.656982421875,39787.28125,E,1024.37890625
1279,1562,745A6315,1798,3.3180813789367676,1005.7093505859375,35.800079345703125,1012349.125,F,502.8563232421875
1280,1312,745A6315,1799,0.5995348691940308,107.71407318115234,22.945598602294922,44541.1171875,E,1714.662353515625
1280,1347,745A6315,1800,1.969053030014038,262.1156921386719,26.54895782470703,145103.5,E,1809.345703125
1281,1299,745A6315,1801,0.4745163023471832,73.75753784179688,22.38155174255371,29018.615234375,E,1029.320556640625
1282,1332,745A6315,1802,0.6215437650680542,159.2935333251953,32.046913146972656,128487.3671875,E,1390.4681396484375
1283,1386,745A6315,1803,5.827468395233154,346.39385986328125,26.55406951904297,191832.515625,E,1637.26318359375
1284,1287,745A6315,1804,0.06486836075782776,20.291284561157227,26.64779281616211,11316.75390625,E,1023.5277709960938
1284,1296,745A6315,1805,0.7346947193145752,148.74134826660156,27.4005126953125,87707.953125,E,1052.8804931640625
1285,1305,745A6315,1806,0.3407710790634155,63.91056442260742,27.739484786987305,38624.18359375,E,1063.2183837890625
1285,1562,745A6315,1807,3.434448003768921,1034.990478515625,35.800079345703125,1041823.625,F,517.4969482421875
1286,1296,745A6315,1808,0.1002979651093483,29.58563995361328,34.331295013427734,27387.42578125,E,1066.699462890625
1287,1313,745A6315,1809,0.3438758850097656,80.09149169921875,30.608386993408203,58932.80859375,E,1061.3289794921875
1288,1307,745A6315,1810,0.3209933042526245,78.31261444091797,31.70574378967285,61829.75390625,E,1192.933349609375
1288,1349,745A6315,1811,0.7589866518974304,175.10606384277344,30.97027015686035,131911.015625,E,1229.15478515625
1289,1309,745A6315,1812,0.24806199967861176,64.72368621826172,32.339256286621094,53163.453125,E,1243.2608642578125
1290,1299,745A6315,1813,0.3613288104534149,65.61312866210938,24.280094146728516,30379.55078125,E,1045.7880859375
1290,1338,745A6315,1814,0.67034512758255,144.10995483398438,29.527793884277344,98683.8046875,E,1096.852783203125
1291,1312,745A6315,1815,0.668349027633667,164.66175842285156,30.271713256835938,118510.4453125,E,1660.45068359375
1291,1411,745A6315,1816,2.3043532371520996,415.22796630859375,30.78108787536621,308989.96875,E,1762.868896484375
1293,1300,745A6315,1817,0.25831738114356995,16.625642776489258,18.27904510498047,4362.90087890625,E,1082.7513427734375
1293,1562,745A6315,1818,3.5918376445770264,1075.6331787109375,35.800079345703125,1082734.625,F,537.8182373046875
1294,1295,745A6315,1819,0.26922285556793213,33.251285552978516,23.575862884521484,14515.5498046875,E,1138.624755859375
1294,1350,745A6315,1820,1.2594830989837646,154.81475830078125,21.803688049316406,57804.5703125,E,1214.95654296875
1295,1348,745A6315,1821,1.989950180053711,159.73825073242188,19.515804290771484,47782.8125,E,1199.390869140625
1296,1297,745A6315,1822,0.012225765734910965,3.6656415462493896,34.63115310668945,3452.818603515625,E,1081.602294921875
1297,1308,745A6315,1823,0.45724689960479736,80.27569580078125,24.83963966369629,38901.33984375,E,1100.8961181640625
1297,1326,745A6315,1824,0.26829636096954346,76.87055969238281,33.845664978027344,69160.1640625,E,1117.0699462890625
1298,1342,745A6315,1825,3.626425266265869,168.06686401367188,21.85219955444336,63032.171875,E,1957.9605712890625
1298,1361,745A6315,1826,8.29330825805664,183.6951904296875,19.664745330810547,55791.0234375,E,1925.6319580078125
1299,1316,745A6315,1827,0.3826472759246826,86.71753692626953,27.69420051574707,52236.55078125,E,1080.258544921875
1301,1322,745A6315,1828,0.2118443250656128,56.134559631347656,32.48543167114258,46526.1875,E,1151.3748779296875
1302,1314,745A6315,1829,2.002786159515381,41.21148681640625,11.01418399810791,3926.5654296875,E,1191.601806640625
1302,1562,745A6315,1830,3.9600894451141357,1173.474853515625,35.800079345703125,1181222.25,F,586.7390747070312
1303,1309,745A6315,1831,0.352473646402359,53.09784698486328,18.766590118408203,14687.150390625,E,1279.599609375
1303,1339,745A6315,1832,0.6518756747245789,90.0147705078125,26.21223258972168,48574.875,E,1326.75439453125
1304,1311,745A6315,1833,0.1888919323682785,34.9538459777832,27.7225399017334,21098.466796875,E,1079.0892333984375
1304,1315,745A6315,1834,0.12964996695518494,30.214563369750977,30.48487663269043,22053.376953125,E,1086.6884765625
1305,1310,745A6315,1835,0.29240795969963074,33.88020324707031,18.278682708740234,8890.48828125,E,1093.9100341796875
1305,1317,745A6315,1836,0.14964225888252258,32.80656433105469,29.618257522583008,22603.18359375,E,1106.1806640625
1306,1337,745A6315,1837,0.6003197431564331,169.40103149414062,33.593624114990234,150148.046875,E,1677.7352294921875
1306,1352,745A6315,1838,0.7253135442733765,129.0789794921875,29.605209350585938,88854.9609375,E,1633.5911865234375
1307,1321,745A6315,1839,1.2054023742675781,93.23567962646484,16.682315826416016,20379.0859375,E,1260.2685546875
1307,1327,745A6315,1840,0.417809396982193,47.91384506225586,24.03295135498047,21735.275390625,E,1248.178955078125
1309,1321,745A6315,1841,0.10038215667009354,25.47528076171875,31.86025619506836,20309.880859375,E,1282.6900634765625
1310,1317,745A6315,1842,0.22720523178577423,34.95384979248047,15.511341094970703,6605.1640625,E,1110.50732421875
1310,1377,745A6315,1843,1.486210584640503,231.0880126953125,25.520288467407227,118205.7109375,E,1186.631103515625
1311,1315,745A6315,1844,0.15166550874710083,37.99056625366211,15.419858932495117,7094.576171875,E,1096.6375732421875
1311,1316,745A6315,1845,0.09871245920658112,22.438568115234375,30.171390533447266,16042.6337890625,E,1094.1832275390625
1312,1329,745A6315,1846,0.21649517118930817,45.95077133178711,29.291973114013672,30965.630859375,E,1757.048095703125
1313,1330,745A6315,1847,0.21915751695632935,49.17169189453125,25.448728561401367,25011.353515625,E,1114.66943359375
1313,1357,745A6315,1848,0.5722404718399048,134.2629852294922,30.65285873413086,99080.4921875,E,1154.017333984375
1315,1324,745A6315,1849,0.11063791066408157,22.883283615112305,28.845176696777344,14953.904296875,E,1110.06787109375
1316,1320,745A6315,1850,0.03688691556453705,8.849641799926758,30.95661163330078,6660.7392578125,E,1103.0352783203125
1317,1369,745A6315,1851,0.5573238730430603,149.18605041503906,32.762351989746094,125767.4453125,E,1185.9755859375
1318,1343,745A6315,1852,0.2748868465423584,75.27589416503906,33.05827713012695,64610.96875,E,1429.4317626953125
1319,1332,745A6315,1853,0.1497374027967453,41.84041213989258,25.988609313964844,22194.833984375,E,1459.162109375
1320,1331,745A6315,1854,0.418226957321167,59.984413146972656,19.888263702392578,18634.685546875,E,1122.712890625
1320,1340,745A6315,1855,0.27327898144721985,64.90789794921875,27.10201072692871,37444.70703125,E,1129.456298828125
1321,1325,745A6315,1856,0.06550739705562592,17.254566192626953,32.44573974609375,14266.2333984375,E,1299.5703125
1322,1346,745A6315,1857,0.3457264006137848,78.12841033935547,30.162073135375977,55824.03515625,E,1213.9677734375
1322,1365,745A6315,1858,0.7956774234771729,167.6221466064453,28.83056640625,109427.7890625,E,1221.6514892578125
1324,1330,745A6315,1859,0.3167511820793152,55.06092071533203,19.276348114013672,16068.779296875,E,1126.066650390625
1324,1331,745A6315,1860,0.07379075139760971,17.254566192626953,30.55510711669922,12652.068359375,E,1126.8138427734375
1325,1339,745A6315,1861,0.4328196048736572,74.4627685546875,21.90561866760254,28063.390625,E,1333.9241943359375
1325,1356,745A6315,1862,0.42600464820861816,93.23570251464844,29.81816291809082,65107.93359375,E,1345.7008056640625
1326,1359,745A6315,1863,0.6521281599998474,100.56697845458984,23.468950271606445,43504.34375,E,1185.8092041015625
1326,1360,745A6315,1864,0.46804431080818176,94.12513732910156,28.491670608520508,60011.06640625,E,1195.70361328125
1327,1358,745A6315,1865,2.0637731552124023,122.11614990234375,14.875707626342773,21223.5625,E,1317.87060546875
1327,1370,745A6315,1866,0.7845182418823242,131.67098999023438,24.206743240356445,60597.22265625,E,1328.5289306640625
1328,1329,745A6315,1867,0.3337278366088867,51.134769439697266,20.305696487426758,16559.298828125,E,1787.370361328125
1328,1336,745A6315,1868,0.2051764726638794,25.03056526184082,22.73731803894043,10163.400390625,E,1805.9249267578125
1329,1336,745A6315,1869,0.15199901163578033,28.251487731933594,27.52150535583496,16806.43359375,E,1790.9005126953125
1330,1335,745A6315,1870,0.08390729129314423,16.625642776489258,28.121387481689453,10326.2314453125,E,1139.30859375
1331,1334,745A6315,1871,0.04292144626379013,9.923283576965332,30.40263557434082,7203.90087890625,E,1137.0927734375
1332,1333,745A6315,1872,0.0145971504971385,3.6656415462493896,31.693553924560547,2891.89013671875,E,1464.822998046875
1333,1345,745A6315,1873,0.579594075679779,124.9686279296875,28.44963836669922,79440.9375,E,1514.0380859375
1333,1391,745A6315,1874,1.0459855794906616,203.09701538085938,30.468488693237305,148079.609375,E,1551.0673828125
1334,1341,745A6315,1875,0.69535231590271,51.57948684692383,15.092047691345215,9227.0576171875,E,1149.6671142578125
1334,1351,745A6315,1876,0.2734881639480591,58.28184509277344,29.26370620727539,39199.6171875,E,1166.8277587890625
1335,1341,745A6315,1877,0.12353592365980148,21.99384880065918,26.680904388427734,12296.8037109375,E,1154.2308349609375
1335,1344,745A6315,1878,0.5492972135543823,64.53948974609375,16.806615829467773,14317.7890625,E,1170.32275390625
1338,1340,745A6315,1879,0.023533252999186516,6.257641315460205,32.60837936401367,5225.87451171875,E,1151.096435546875
1338,1377,745A6315,1880,0.726196825504303,126.48699951171875,25.52800750732422,64739.5390625,E,1205.740966796875
1339,1363,745A6315,1881,0.5166233777999878,143.03631591796875,33.269309997558594,124343.703125,E,1421.8408203125
1340,1351,745A6315,1882,0.4790070354938507,110.04554748535156,28.46445655822754,70027.421875,E,1178.754150390625
1341,1344,745A6315,1883,0.09722282737493515,16.625642776489258,26.100061416625977,8895.111328125,E,1169.190185546875
1343,1362,745A6315,1884,0.4283314645290375,107.63777160644531,31.829696655273438,85648.4609375,E,1513.62744140625
1343,1364,745A6315,1885,0.2501574158668518,71.24185180664062,29.91908836364746,50086.625,E,1489.21875
1344,1355,745A6315,1886,0.16611751914024353,30.214567184448242,26.96049690246582,17248.92578125,E,1189.57958984375
1346,1348,745A6315,1887,0.07825760543346405,21.36492347717285,28.83388328552246,13950.7470703125,E,1254.9320068359375
1346,1418,745A6315,1888,1.283120036125183,264.8603210449219,29.518526077270508,181257.5625,E,1353.166748046875
1348,1368,745A6315,1889,0.2693386673927307,62.131690979003906,30.372142791748047,45014.65234375,E,1291.565673828125
1349,1375,745A6315,1890,0.3372470438480377,78.75733184814453,24.28886604309082,36491.8046875,E,1323.720458984375
1349,1383,745A6315,1891,0.6210669875144958,115.22956085205078,27.971664428710938,70809.3203125,E,1354.79052734375
1351,1353,745A6315,1892,0.032405536621809006,7.331283092498779,30.04009246826172,5196.0390625,E,1195.25390625
1353,1355,745A6315,1893,0.21608878672122955,42.54563903808594,23.96837615966797,19196.50390625,E,1199.9107666015625
1353,1373,745A6315,1894,0.3032446801662445,52.024200439453125,26.37152862548828,28416.193359375,E,1221.2650146484375
1354,1362,745A6315,1895,0.06358008086681366,39.6931266784668,20.13289451599121,12636.2333984375,E,1566.2501220703125
1354,1371,745A6315,1896,0.2682259976863861,49.43220901489258,27.58249282836914,29537.037109375,E,1589.723876953125
1355,1373,745A6315,1897,0.8239701390266418,64.72368621826172,17.786672592163086,16082.091796875,E,1226.576904296875
1356,1358,745A6315,1898,0.07008291035890579,21.809640884399414,28.38324546813965,13799.4736328125,E,1378.6395263671875
1356,1406,745A6315,1899,0.7455028295516968,196.8394012451172,32.7121467590332,165432.203125,E,1470.57763671875
1357,1366,745A6315,1900,0.2637297213077545,48.54277038574219,27.641647338867188,29130.12109375,E,1231.3182373046875
1357,1390,745A6315,1901,0.7287247776985168,144.73892211914062,25.358327865600586,73099.84375,E,1262.5953369140625
1358,1372,745A6315,1902,0.2645757794380188,55.4293327331543,29.690509796142578,38376.453125,E,1383.989990234375
1359,1360,745A6315,1903,0.43967458605766296,45.137638092041016,15.053930282592773,8033.93896484375,E,1231.3970947265625
1359,1366,745A6315,1904,0.17624980211257935,43.358768463134766,24.395294189453125,20266.5078125,E,1239.8570556640625
1360,1365,745A6315,1905,0.09772148728370667,34.9538459777832,26.977128982543945,19979.119140625,E,1252.350830078125
1362,1367,745A6315,1906,0.10901789367198944,21.36492347717285,27.9173641204834,13077.9609375,E,1573.8736572265625
1363,1364,745A6315,1907,0.27867162227630615,43.61928176879883,23.22173500061035,18473.86328125,E,1498.7774658203125
1363,1382,745A6315,1908,0.9703899025917053,88.05168151855469,17.86446762084961,22070.271484375,E,1520.0189208984375
1364,1382,745A6315,1909,0.30048808455467224,69.7234878540039,30.55266761779785,51117.22265625,E,1540.0233154296875
1365,1408,745A6315,1910,0.5539392232894897,146.4098358154297,32.494903564453125,121420.109375,E,1338.435791015625
1366,1385,745A6315,1911,0.2669762074947357,66.05784606933594,31.67661476135254,52058.51953125,E,1280.331298828125
1367,1371,745A6315,1912,0.02288505621254444,28.067283630371094,21.284894943237305,9986.958984375,E,1594.719482421875
1367,1374,745A6315,1913,0.062176041305065155,13.588924407958984,29.526437759399414,9304.5859375,E,1585.56640625
1368,1375,745A6315,1914,0.2501836121082306,41.21148681640625,26.5836124420166,22873.6875,E,1332.754638671875
1368,1384,745A6315,1915,0.38956454396247864,52.468929290771484,20.631641387939453,17541.212890625,E,1340.5648193359375
1369,1394,745A6315,1916,0.5883417129516602,150.3675994873047,28.877655029296875,98484.53125,E,1285.324951171875
1369,1431,745A6315,1917,0.8931845426559448,244.20062255859375,33.16526412963867,210961.65625,E,1364.522216796875
1370,1372,745A6315,1918,0.012111742980778217,3.6656415462493896,34.793785095214844,3485.324462890625,E,1390.4346923828125
1370,1380,745A6315,1919,0.17701908946037292,47.0244140625,32.663944244384766,39404.92578125,E,1394.0107421875
1371,1379,745A6315,1920,0.17760133743286133,29.14092445373535,25.68159294128418,15095.1396484375,E,1617.143310546875
1372,1380,745A6315,1921,0.6942850947380066,126.67121887207031,25.59345817565918,65166.70703125,E,1426.5682373046875
1373,1376,745A6315,1922,0.0664949044585228,14.033641815185547,29.084611892700195,9323.66796875,E,1251.179443359375
1374,1379,745A6315,1923,0.44541558623313904,44.87712860107422,13.1937894821167,6135.55810546875,E,1609.8017578125
1374,1414,745A6315,1924,0.885356605052948,181.9163055419922,29.25876808166504,122313.265625,E,1626.1019287109375
1375,1378,745A6315,1925,0.04960252717137337,12.51528263092041,31.746410369873047,9906.490234375,E,1354.03173828125
1376,1389,745A6315,1926,0.4145773947238922,79.83097076416016,25.977115631103516,42310.01171875,E,1280.1871337890625
1376,1397,745A6315,1927,0.5065082907676697,99.93805694580078,28.12661361694336,62094.86328125,E,1301.399169921875
1377,1381,745A6315,1928,0.09472616016864777,26.10420799255371,33.17082214355469,22558.638671875,E,1271.145263671875
1378,1387,745A6315,1929,0.16401958465576172,38.61948776245117,30.772472381591797,28722.431640625,E,1371.42822265625
1378,1388,745A6315,1930,0.6104114055633545,87.60697937011719,20.4442138671875,28758.7109375,E,1394.2476806640625
1379,1392,745A6315,1931,0.31892892718315125,49.87691879272461,25.0436954498291,24568.935546875,E,1643.125
1380,1383,745A6315,1932,0.11378073692321777,29.769847869873047,25.848846435546875,15622.4384765625,E,1407.081298828125
1381,1394,745A6315,1933,0.2695872187614441,59.984413146972656,30.027557373046875,42478.4140625,E,1306.525146484375
1381,1398,745A6315,1934,0.47156769037246704,82.4229736328125,24.89468765258789,40119.1328125,E,1311.9320068359375
1382,1420,745A6315,1935,0.6201899647712708,146.1493377685547,31.2545166015625,112127.5390625,E,1611.8758544921875
1383,1388,745A6315,1936,0.07754308730363846,20.291284561157227,32.303436279296875,16630.17578125,E,1415.2783203125
1384,1387,745A6315,1937,0.30700647830963135,32.80656814575195,16.57427978515625,7078.154296875,E,1373.8355712890625
1384,1396,745A6315,1938,0.9322015047073364,66.686767578125,14.149271011352539,10485.70703125,E,1385.9705810546875
1385,1393,745A6315,1939,1.6279057264328003,86.53333282470703,17.976503372192383,21962.599609375,E,1315.135986328125
1385,1404,745A6315,1940,0.2809595763683319,72.76020812988281,32.232662200927734,59371.2421875,E,1343.1866455078125
1387,1399,745A6315,1941,0.28704655170440674,60.42912292480469,29.096229553222656,40179.97265625,E,1404.5732421875
1388,1422,745A6315,1942,0.5364301204681396,139.00225830078125,32.24879837036133,113537.3671875,E,1485.875244140625
1389,1390,745A6315,1943,0.009793411940336227,2.5920000076293945,32.53722381591797,2155.19140625,E,1313.044921875
1390,1393,745A6315,1944,0.1572149693965912,30.843490600585938,24.165863037109375,14146.7939453125,E,1325.24853515625
1390,1400,745A6315,1945,0.2851884365081787,52.20840835571289,28.104812622070312,32388.564453125,E,1331.6865234375
1392,1415,745A6315,1946,0.9127948880195618,115.6742935180664,22.704967498779297,46834.78515625,E,1674.9407958984375
1392,1426,745A6315,1947,0.5463399291038513,136.22605895996094,29.90314483642578,95671.765625,E,1713.3187255859375
1393,1409,745A6315,1948,1.3718286752700806,81.97825622558594,13.019858360290527,10914.4296875,E,1362.948974609375
1394,1395,745A6315,1949,0.0407760888338089,9.923283576965332,31.185317993164062,7579.58837890625,E,1335.42041015625
1395,1402,745A6315,1950,0.37641653418540955,55.24512481689453,22.395755767822266,21762.826171875,E,1345.7740478515625
1395,1437,745A6315,1951,0.7237187623977661,181.80841064453125,31.733606338500977,143794.65625,E,1425.2314453125
1396,1399,745A6315,1952,0.5132933259010315,33.25128173828125,12.23830509185791,3911.477294921875,E,1417.4532470703125
1396,1403,745A6315,1953,0.24485786259174347,21.36492347717285,18.649694442749023,5836.26025390625,E,1417.0673828125
1397,1398,745A6315,1954,0.07759183645248413,20.736000061035156,25.88273048400879,10910.2587890625,E,1345.26708984375
1397,1401,745A6315,1955,0.037476152181625366,7.331283092498779,27.98004913330078,4507.82275390625,E,1347.9312744140625
1398,1402,745A6315,1956,0.04977673292160034,18.328208923339844,24.2733211517334,8481.4140625,E,1351.8101806640625
1399,1407,745A6315,1957,0.12176360189914703,26.54892349243164,29.467479705810547,18106.01171875,E,1434.9923095703125
1400,1401,745A6315,1958,0.15838362276554108,45.32184600830078,28.698354721069336,29316.45703125,E,1355.055908203125
1400,1405,745A6315,1959,0.09450598806142807,18.328208923339844,27.89872932434082,11204.1455078125,E,1358.403564453125
1401,1410,745A6315,1960,0.21228273212909698,46.39548873901367,19.301321029663086,13574.99609375,E,1369.926513671875
1402,1410,745A6315,1961,0.25548502802848816,39.6931266784668,25.233489990234375,19849.96875,E,1373.839599609375
1403,1407,745A6315,1962,0.5663745999336243,35.398563385009766,13.257317543029785,4886.37548828125,E,1434.643798828125
1403,1418,745A6315,1963,0.7685418128967285,68.38933563232422,15.778332710266113,13372.126953125,E,1443.27587890625
1404,1412,745A6315,1964,0.14784811437129974,36.027488708496094,31.253082275390625,27638.1875,E,1392.5689697265625
1404,1416,745A6315,1965,0.3296031057834625,64.27897644042969,21.565811157226562,23479.5859375,E,1394.7144775390625
1405,1409,745A6315,1966,0.44575563073158264,68.20512390136719,22.74540138244629,27713.671875,E,1375.873291015625
1405,1417,745A6315,1967,0.25647711753845215,46.211280822753906,27.364513397216797,27177.7421875,E,1387.11181640625
1406,1419,745A6315,1968,0.34439629316329956,105.30628204345703,32.3216667175293,86403.5703125,E,1596.3299560546875
1406,1450,745A6315,1969,0.8521836400032043,236.68511962890625,33.37495422363281,207062.859375,E,1661.854736328125
1407,1458,745A6315,1970,1.5250622034072876,325.9946594238281,29.59296417236328,224221.53125,E,1576.908447265625
1408,1413,745A6315,1971,0.20338842272758484,43.803489685058594,24.527433395385742,20696.779296875,E,1411.8656005859375
1408,1432,745A6315,1972,0.5987956523895264,110.75077819824219,27.34610939025879,65047.07421875,E,1458.795654296875
1409,1416,745A6315,1973,0.17934806644916534,32.99077224731445,27.5504207611084,19667.033203125,E,1402.9381103515625
1410,1421,745A6315,1974,0.2013821303844452,49.17169189453125,31.244951248168945,37702.02734375,E,1406.554443359375
1412,1413,745A6315,1975,0.3289860486984253,52.46892166137695,21.836496353149414,19649.791015625,E,1410.6368408203125
1412,1434,745A6315,1976,0.4694777727127075,106.64043426513672,30.129793167114258,76033.34375,E,1455.5423583984375
1413,1434,745A6315,1977,1.8584035634994507,110.30608367919922,14.06862735748291,17147.18359375,E,1465.4595947265625
1416,1423,745A6315,1978,0.09211000800132751,23.956924438476562,32.197265625,19505.583984375,E,1425.8671875
1417,1421,745A6315,1979,0.1512688845396042,42.7298469543457,26.916141510009766,24313.462890625,E,1414.6724853515625
1417,1423,745A6315,1980,0.7469231486320496,85.9044189453125,22.11738395690918,33004.48046875,E,1422.49951171875
1418,1435,745A6315,1981,1.26656174659729,114.60061645507812,18.994848251342773,32474.94921875,E,1500.9234619140625
1419,1420,745A6315,1982,0.10811519622802734,41.027278900146484,29.58132553100586,28196.671875,E,1653.0460205078125
1419,1429,745A6315,1983,0.19688573479652405,45.766563415527344,25.182594299316406,22794.9765625,E,1660.9854736328125
1420,1424,745A6315,1984,0.056061383336782455,13.588924407958984,31.136526107788086,10347.01953125,E,1672.7415771484375
1421,1443,745A6315,1985,0.4947195053100586,126.93169403076172,32.04231643676758,102354.703125,E,1480.7327880859375
1422,1425,745A6315,1986,0.1263580024242401,32.80656433105469,26.51209259033203,18110.841796875,E,1558.4405517578125
1422,1436,745A6315,1987,0.33865898847579956,70.61292266845703,29.406875610351562,47959.19140625,E,1580.1368408203125
1423,1459,745A6315,1988,1.810736060142517,270.9337158203125,26.25988006591797,146736.578125,E,1556.0633544921875
1424,1426,745A6315,1989,0.7565064430236816,169.5852508544922,30.423717498779297,123282.8046875,E,1735.8154296875
1424,1428,745A6315,1990,0.16664502024650574,36.656410217285156,23.49208641052246,15888.5029296875,E,1683.4512939453125
1425,1427,745A6315,1991,0.22411495447158813,17.699283599853516,19.867643356323242,5487.0419921875,E,1575.6131591796875
1425,1430,745A6315,1992,2.086106777191162,34.9538459777832,8.835670471191406,2143.20556640625,E,1586.1444091796875
1426,1442,745A6315,1993,0.4071735143661499,102.53005981445312,31.859575271606445,81737.4453125,E,1804.5247802734375
1427,1430,745A6315,1994,2.3868415355682373,18.772924423217773,5.965230464935303,524.6578979492188,E,1590.8062744140625
1428,1429,745A6315,1995,0.05846995487809181,10.368000030517578,26.599002838134766,5761.2353515625,E,1685.34716796875
1428,1433,745A6315,1996,1.0745985507965088,69.27877044677734,17.478452682495117,16622.486328125,E,1709.6630859375
1429,1433,745A6315,1997,0.20130151510238647,37.54584884643555,22.463998794555664,14880.7890625,E,1693.177001953125
1431,1439,745A6315,1998,0.24347324669361115,54.35569381713867,25.954404830932617,28757.890625,E,1497.75244140625
1431,1448,745A6315,1999,0.5480557084083557,142.22317504882812,32.28183364868164,116406.34375,E,1543.5390625
1432,1435,745A6315,2000,0.12529076635837555,20.920207977294922,25.9432373046875,11058.7041015625,E,1515.10009765625
1432,1447,745A6315,2001,2.2742533683776855,132.92886352539062,15.511903762817383,25121.140625,E,1558.563720703125
1433,1452,745A6315,2002,5.898652076721191,158.1436004638672,12.836508750915527,20466.111328125,E,1744.6866455078125
1434,1446,745A6315,2003,0.2707279324531555,68.02091979980469,31.706064224243164,53705.2890625,E,1537.4632568359375
1435,1468,745A6315,2004,1.273935317993164,286.8541564941406,29.515682220458984,196271.234375,E,1653.013671875
1437,1440,745A6315,2005,0.13214638829231262,35.84328079223633,26.701553344726562,20071.078125,E,1514.8115234375
1437,1449,745A6315,2006,0.443371444940567,100.38279724121094,30.19538688659668,71883.6953125,E,1556.20458984375
1438,1439,745A6315,2007,0.04027991741895676,9.923282623291016,26.997459411621094,5680.55859375,E,1515.7650146484375
1438,1440,745A6315,2008,0.06958416104316711,27.6225643157959,17.408754348754883,6574.9013671875,E,1514.14892578125
1438,1441,745A6315,2009,0.1274387240409851,25.03056526184082,21.158851623535156,8801.2568359375,E,1520.201171875
1439,1444,745A6315,2010,0.18278761208057404,39.064205169677734,29.37309455871582,26470.875,E,1533.4754638671875
1440,1441,745A6315,2011,0.04732761159539223,6.257641315460205,22.992563247680664,2598.216552734375,E,1521.70263671875
1441,1444,745A6315,2012,0.11157079041004181,31.917129516601562,25.232187271118164,15959.654296875,E,1536.881591796875
1443,1453,745A6315,2013,0.5028994679450989,104.41683959960938,29.298377990722656,70395.9375,E,1578.7603759765625
1443,1483,745A6315,2014,1.4047966003417969,298.3721008300781,28.036773681640625,184206.171875,E,1674.0316162109375
1444,1445,745A6315,2015,0.02355130761861801,6.257641315460205,32.574493408203125,5215.01904296875,E,1552.2139892578125
1445,1451,745A6315,2016,0.7624907493591309,82.60717010498047,21.392642974853516,29691.798828125,E,1582.300048828125
1445,1454,745A6315,2017,0.49330174922943115,95.38298034667969,27.980262756347656,58649.5,E,1592.975341796875
1446,1447,745A6315,2018,0.23254665732383728,48.098052978515625,24.944189071655273,23504.779296875,E,1589.7364501953125
1446,1482,745A6315,2019,1.5222523212432861,298.6642150878906,28.783954620361328,194345.28125,E,1687.4329833984375
1447,1490,745A6315,2020,1.0614298582077026,290.519775390625,33.08970642089844,249833.9375,E,1740.87646484375
1448,1451,745A6315,2021,0.33157092332839966,33.88020324707031,19.805931091308594,10438.21875,E,1610.8670654296875
1448,1455,745A6315,2022,0.17301642894744873,45.32184600830078,32.42922592163086,37434.37890625,E,1627.52392578125
1449,1453,745A6315,2023,0.44076964259147644,75.98112487792969,24.413776397705078,35568.49609375,E,1608.8255615234375
1449,1463,745A6315,2024,1.0205912590026855,119.78463745117188,21.056324005126953,41711.52734375,E,1652.3201904296875
1450,1457,745A6315,2025,0.31481802463531494,76.79425048828125,31.377601623535156,59382.44921875,E,1774.5537109375
1450,1485,745A6315,2026,1.0865252017974854,257.45269775390625,30.542055130004883,188618.3125,E,1884.642822265625
1451,1455,745A6315,2027,1.1844109296798706,71.2418441772461,14.019671440124512,10997.6708984375,E,1640.3707275390625
1453,1462,745A6315,2028,0.4931694567203522,88.94113159179688,27.11752700805664,51368.00390625,E,1660.241455078125
1454,1465,745A6315,2029,1.6468136310577393,108.97191619873047,15.418808937072754,20347.26953125,E,1675.7548828125
1454,1472,745A6315,2030,0.7840453386306763,152.14646911621094,28.898853302001953,99795.96875,E,1698.6689453125
1455,1456,745A6315,2031,0.054324887692928314,15.107283592224121,33.353790283203125,13199.7783203125,E,1654.4141845703125
1456,1471,745A6315,2032,0.524334728717804,142.4073944091797,33.034854888916016,122058.28125,E,1721.573486328125
1456,1479,745A6315,2033,0.6592891216278076,167.06954956054688,30.75576400756836,124119.5546875,E,1728.3284912109375
1457,1461,745A6315,2034,1.043649435043335,133.37353515625,27.300369262695312,78072.234375,E,1788.1195068359375
1457,1469,745A6315,2035,0.5782191753387451,124.26341247558594,29.842012405395508,86913.9296875,E,1829.0574951171875
1460,1473,745A6315,2036,1.4683647155761719,148.6650390625,29.386587142944336,100831.6875,E,1839.69921875
1462,1464,745A6315,2037,0.060676898807287216,22.883283615112305,13.071812629699707,3071.000244140625,E,1703.290283203125
1462,1467,745A6315,2038,0.5020533204078674,47.4691276550293,17.396896362304688,11283.5224609375,E,1719.9110107421875
1463,1464,745A6315,2039,0.03697868809103966,3.6656415462493896,19.91265869140625,1141.55908203125,E,1704.843994140625
1463,1465,745A6315,2040,0.5050675272941589,32.361846923828125,16.3538818359375,6797.74560546875,E,1713.18994140625
1464,1466,745A6315,2041,0.28658387064933777,36.472206115722656,17.9486141204834,9228.130859375,E,1721.5181884765625
1465,1470,745A6315,2042,0.3002385199069977,42.28512954711914,23.72152328491211,18687.994140625,E,1736.690673828125
1466,1467,745A6315,2043,0.027491828426718712,3.6656415462493896,23.094213485717773,1535.4873046875,E,1738.192138671875
1466,1470,745A6315,2044,0.29397910833358765,32.361846923828125,17.326467514038086,7630.32861328125,E,1744.990966796875
1467,1474,745A6315,2045,0.21879057586193085,30.214567184448242,23.484167098999023,13087.4970703125,E,1752.3382568359375
1468,1477,745A6315,2046,0.5335844159126282,133.81825256347656,32.13637924194336,108542.3203125,E,1816.5810546875
1468,1505,745A6315,2047,0.8395078182220459,200.87342834472656,31.011245727539062,151722.78125,E,1874.1307373046875
1470,1478,745A6315,2048,0.22320643067359924,34.509132385253906,24.93864631652832,16856.587890625,E,1765.9176025390625
1471,1481,745A6315,2049,0.8368172645568848,200.7655487060547,31.760557174682617,159057.921875,E,1828.6104736328125
1471,1487,745A6315,2050,0.38512134552001953,86.0886001586914,27.648883819580078,51688.1171875,E,1821.2391357421875
1472,1480,745A6315,2051,0.19848118722438812,59.53969192504883,29.933609008789062,41900.05859375,E,1783.625244140625
1472,1486,745A6315,2052,0.2948225736618042,72.94441223144531,28.314035415649414,45928.83984375,E,1795.2025146484375
1473,1475,745A6315,2053,0.6031195521354675,70.79712677001953,24.358509063720703,32991.87109375,E,1831.930419921875
1473,1476,745A6315,2054,0.08766135573387146,15.107283592224121,26.197837829589844,8143.42626953125,E,1851.108642578125
1474,1478,745A6315,2055,0.0874616950750351,28.69620704650879,16.96828269958496,6489.1845703125,E,1770.343017578125
1474,1496,745A6315,2056,1.2804064750671387,136.77870178222656,21.553348541259766,49904.2890625,E,1819.7421875
1475,1476,745A6315,2057,0.08246473968029022,16.625642776489258,23.813875198364258,7405.05810546875,E,1846.3656005859375
1475,1481,745A6315,2058,0.12693209946155548,47.0244140625,29.773555755615234,32739.697265625,E,1856.6668701171875
1478,1491,745A6315,2059,0.32633107900619507,75.98112487792969,27.39942741394043,44800.05859375,E,1812.09765625
1479,1480,745A6315,2060,0.029084021225571632,7.331283092498779,31.74098777770996,5801.10498046875,E,1801.6859130859375
1479,1492,745A6315,2061,0.5484524965286255,134.6314239501953,29.981069564819336,95045.28125,E,1832.8709716796875
1480,1484,745A6315,2062,0.08607227355241776,20.291284561157227,30.732988357543945,15052.5126953125,E,1812.5743408203125
1481,1498,745A6315,2063,0.6585290431976318,172.6219482421875,32.575340270996094,143867.875,E,1934.6522216796875
1482,1483,745A6315,2064,0.03571058437228203,9.923283576965332,33.319908142089844,8652.724609375,E,1810.1414794921875
1482,1503,745A6315,2065,0.9546554088592529,139.37069702148438,24.82863426208496,67478.75,E,1852.7689208984375
1483,1489,745A6315,2066,0.12884846329689026,30.659282684326172,30.921035766601562,23022.896484375,E,1826.7320556640625
1484,1500,745A6315,2067,0.4996331036090851,82.23876953125,23.929346084594727,36985.2109375,E,1856.28515625
1484,1510,745A6315,2068,0.9153355360031128,168.8800048828125,29.14993667602539,112705.046875,E,1890.623779296875
1486,1497,745A6315,2069,0.3978758454322815,76.79425048828125,28.290924072265625,48273.953125,E,1849.126953125
1486,1501,745A6315,2070,0.567205548286438,77.68368530273438,18.542814254760742,20978.333984375,E,1859.3299560546875
1487,1492,745A6315,2071,0.12593163549900055,38.17477035522461,18.321882247924805,10064.83203125,E,1868.934326171875
1487,1493,745A6315,2072,0.21551105380058289,42.28512954711914,28.041519165039062,26114.43359375,E,1878.2213134765625
1488,1498,745A6315,2073,0.6906813979148865,150.81231689453125,30.579246520996094,110759.3125,E,1972.0338134765625
1489,1495,745A6315,2074,0.2945607602596283,62.131690979003906,21.863359451293945,23325.81640625,E,1855.0452880859375
1489,1512,745A6315,2075,0.46943148970603943,109.23241424560547,28.724843978881836,70787.53125,E,1890.8525390625
1490,1502,745A6315,2076,0.6853853464126587,95.56717681884766,23.336536407470703,40876.2890625,E,1899.2401123046875
1490,1507,745A6315,2077,0.4165574014186859,92.34627532958984,30.101083755493164,65716.3671875,E,1912.4527587890625
1491,1499,745A6315,2078,0.2491026520729065,48.098052978515625,27.97191619873047,29557.099609375,E,1860.202392578125
1491,1504,745A6315,2079,0.35828524827957153,68.83405303955078,28.458528518676758,43784.26953125,E,1871.6822509765625
1492,1494,745A6315,2080,0.20296184718608856,27.17784881591797,23.44658660888672,11734.490234375,E,1888.3065185546875
1493,1494,745A6315,2081,0.09225911647081375,29.14092445373535,27.552160263061523,17374.1875,E,1896.554931640625
1493,1511,745A6315,2082,0.3730325996875763,91.27262115478516,31.277482986450195,70128.40625,E,1937.123046875
1494,1517,745A6315,2083,1.2844194173812866,113.5270004272461,17.025882720947266,25846.890625,E,1947.3363037109375
1495,1496,745A6315,2084,0.13065630197525024,22.883283615112305,26.41242218017578,12537.896484375,E,1874.2425537109375
1495,1513,745A6315,2085,0.47762206196784973,73.38912963867188,24.94418716430664,35864.1328125,E,1907.5462646484375
1496,1504,745A6315,2086,0.483686238527298,51.134769439697266,18.492372512817383,13733.822265625,E,1891.60791015625
1497,1499,745A6315,2087,0.11692969501018524,45.137638092041016,24.136821746826172,20653.2734375,E,1876.7052001953125
1497,1506,745A6315,2088,0.15512192249298096,50.061126708984375,29.401412963867188,33988.1015625,E,1897.17431640625
1498,1519,745A6315,2089,1.402367115020752,167.62216186523438,26.31049346923828,91133.765625,E,2050.99755859375
1499,1506,745A6315,2090,0.24145720899105072,55.24512481689453,30.3839111328125,40056.33203125,E,1899.9989013671875
1500,1501,745A6315,2091,0.07469914853572845,11.441641807556152,21.96084976196289,4333.87646484375,E,1892.57470703125
1500,1528,745A6315,2092,1.1082448959350586,264.2629699707031,31.704849243164062,208630.390625,E,2001.7777099609375
1501,1520,745A6315,2093,0.5555971264839172,124.52393341064453,30.312606811523438,89864.7265625,E,1944.15576171875
1504,1514,745A6315,2094,0.18540968000888824,48.35856628417969,32.30569076538086,39638.87890625,E,1921.9696044921875
1505,1508,745A6315,2095,0.16234272718429565,38.61948776245117,25.522449493408203,19757.916015625,E,1979.2677001953125
1505,1515,745A6315,2096,0.22482696175575256,47.913848876953125,29.38437271118164,32492.548828125,E,1982.9166259765625
1506,1509,745A6315,2097,0.07630084455013275,21.36492347717285,33.457130432128906,18783.15625,E,1926.5047607421875
1507,1518,745A6315,2098,0.5868728756904602,103.78791046142578,27.31291389465332,60809.6796875,E,1982.95263671875
1507,1531,745A6315,2099,4.269964694976807,214.35446166992188,29.104398727416992,142606.625,E,2049.19287109375
1508,1515,745A6315,2100,0.19125935435295105,45.32184600830078,19.02494239807129,12883.8056640625,E,1999.7852783203125
1508,1518,745A6315,2101,0.8743400573730469,124.52391815185547,25.177701950073242,61997.59765625,E,2027.1392822265625
1509,1520,745A6315,2102,0.26493895053863525,74.20225524902344,29.601884841918945,51067.6328125,E,1963.1519775390625
1509,1521,745A6315,2103,0.4415458142757416,97.9749755859375,27.854097366333008,59701.22265625,E,1970.885986328125
1511,1517,745A6315,2104,0.22858206927776337,40.76676940917969,22.436893463134766,16118.388671875,E,1986.883544921875
1511,1527,745A6315,2105,0.6065248847007751,166.10379028320312,33.153682708740234,143394.65625,E,2050.316162109375
1512,1523,745A6315,2106,0.3273806869983673,77.94420623779297,30.916831970214844,58514.52734375,E,1976.3118896484375
1512,1526,745A6315,2107,0.8031892776489258,177.99014282226562,30.218217849731445,127650.796875,E,1999.8017578125
1513,1516,745A6315,2108,0.48657187819480896,45.32184600830078,12.723307609558105,5762.32177734375,E,1940.7882080078125
1513,1522,745A6315,2109,0.7916007041931152,75.53640747070312,18.88796043395996,21164.90625,E,1971.87841796875
1514,1516,745A6315,2110,0.05003751069307327,12.51528263092041,31.595972061157227,9812.8232421875,E,1946.623046875
1514,1521,745A6315,2111,0.301652729511261,62.131690979003906,25.92635154724121,32800.91015625,E,1966.3538818359375
1515,1518,745A6315,2112,0.08057437837123871,20.920207977294922,32.2598762512207,17099.4140625,E,2007.8409423828125
1516,1522,745A6315,2113,0.3436569273471832,61.947486877441406,27.283918380737305,36218.21484375,E,1976.537353515625
1517,1528,745A6315,2114,0.5678118467330933,143.29681396484375,30.231252670288086,102858.15625,E,2052.514892578125
1520,1524,745A6315,2115,0.2652558386325836,67.31568908691406,31.88298797607422,53743.28125,E,2019.0177001953125
1521,1525,745A6315,2116,0.3236720561981201,71.87076568603516,27.369197845458984,42283.05078125,E,2021.987060546875
1522,1529,745A6315,2117,0.3231574594974518,90.90420532226562,33.5357551574707,80295.28125,E,2046.6883544921875
1523,1535,745A6315,2118,1.0646002292633057,148.66500854492188,24.852705001831055,72118.375,E,2072.89501953125
1523,1536,745A6315,2119,0.8849121332168579,154.5542755126953,26.552095413208008,85579.2578125,E,2076.408203125
1524,1525,745A6315,2120,0.35013705492019653,72.94441223144531,26.841938018798828,41277.14453125,E,2045.322509765625
1524,1530,745A6315,2121,0.27565711736679077,60.87384796142578,29.816774368286133,42505.19140625,E,2072.126953125
1525,1530,745A6315,2122,0.5862438082695007,108.15877532958984,25.25275993347168,54171.3125,E,2091.0361328125
1527,1541,745A6315,2123,0.8798226118087769,216.8701629638672,31.083669662475586,164571.359375,E,2186.75634765625
1527,1549,745A6315,2124,0.7464972734451294,200.7655487060547,32.901580810546875,170691.78125,E,2215.1259765625
1528,1532,745A6315,2125,0.13731749355793,36.47220993041992,32.71940612792969,30666.3984375,E,2122.64306640625
1528,1537,745A6315,2126,0.37208864092826843,79.83097076416016,27.236576080322266,46512.13671875,E,2130.319580078125
1529,1536,745A6315,2127,0.1629532128572464,51.76368713378906,24.687530517578125,24778.236328125,E,2109.259765625
1529,1546,745A6315,2128,0.6356682181358337,149.73866271972656,30.91129493713379,112372.03125,E,2150.145751953125
1530,1545,745A6315,2129,0.39333221316337585,87.86750030517578,30.003042221069336,62122.47265625,E,2139.60791015625
1532,1534,745A6315,2130,0.055818259716033936,12.51528263092041,25.22879981994629,6256.38916015625,E,2142.779541015625
1532,1544,745A6315,2131,0.6364057660102844,134.00247192382812,29.70635414123535,92875.546875,E,2151.7109375
1533,1540,745A6315,2132,0.6106417179107666,132.1156768798828,30.200855255126953,94641.7421875,E,2265.5556640625
1534,1539,745A6315,2133,0.4791942834854126,51.134769439697266,18.027496337890625,13051.998046875,E,2162.80712890625
1534,1551,745A6315,2134,2.760413885116577,231.16432189941406,28.512128829956055,147594.421875,E,2246.20654296875
1536,1548,745A6315,2135,0.8181858062744141,115.93478393554688,26.015846252441406,61628.2109375,E,2181.90478515625
1537,1538,745A6315,2136,0.13597047328948975,21.36492347717285,25.01788330078125,10502.4912109375,E,2166.668701171875
1537,1539,745A6315,2137,0.10428830236196518,24.585847854614258,15.701083183288574,4760.2998046875,E,2170.415771484375
1538,1542,745A6315,2138,0.2686682343482971,19.846567153930664,17.056377410888672,4534.703125,E,2180.64111328125
1538,1543,745A6315,2139,1.9536385536193848,210.1678009033203,21.701948165893555,77741.609375,E,2212.4873046875
1539,1543,745A6315,2140,0.12894563376903534,12.51528263092041,19.69513702392578,3812.840087890625,E,2183.49853515625
1540,1541,745A6315,2141,0.1404884159564972,32.17763900756836,30.179792404174805,23018.474609375,E,2256.9951171875
1540,1547,745A6315,2142,0.7746042013168335,151.2570343017578,28.729524612426758,98053.3203125,E,2319.519775390625
1541,1550,745A6315,2143,2.0855114459991455,158.8488311767578,26.106353759765625,85028.859375,E,2326.885986328125
1542,1543,745A6315,2144,0.19763225317001343,20.291284561157227,16.365177154541016,4268.16162109375,E,2189.0390625
1549,1552,745A6315,2145,0.5496366024017334,145.70462036132812,32.63587951660156,121886.0,E,2374.819580078125
1549,1553,745A6315,2146,1.6182243824005127,224.1251220703125,28.295961380004883,140938.390625,E,2364.73779296875
1552,1554,745A6315,2147,0.3631022870540619,98.15919494628906,30.505849838256836,71744.25,E,2468.66650390625
1552,1556,745A6315,2148,0.5126287341117859,130.7815704345703,31.978626251220703,105040.3203125,E,2501.8525390625
1554,1555,745A6315,2149,0.917317271232605,90.0147705078125,24.929576873779297,43937.3125,E,2498.41455078125
1554,1558,745A6315,2150,6.853707790374756,95.38298034667969,23.216188430786133,40377.79296875,E,2536.824462890625
1556,1557,745A6315,2151,0.2751508355140686,73.38912963867188,29.069026947021484,48706.015625,E,2576.54638671875
1556,1559,745A6315,2152,0.1729993224143982,44.248207092285156,32.059486389160156,35718.94921875,E,2579.388427734375
1559,1560,745A6315,2153,0.1977059543132782,37.54584884643555,27.9075927734375,22966.591796875,E,2613.200927734375
1559,1561,745A6315,2154,0.8164850473403931,74.64697265625,19.083219528198242,21350.369140625,E,2626.46875
1560,1561,745A6315,2155,0.18339751660823822,30.659282684326172,25.6370792388916,15826.6474609375,E,2639.650146484375
