node_Degree,node_Accessibility,node_ID
1,0.07746914029121399,1
1,0.0793616995215416,2
1,0.07740282267332077,3
3,0.0777292400598526,4
3,0.07859130203723907,5
1,0.07024050503969193,6
1,0.07247737795114517,7
1,0.027487946674227715,8
3,0.08106478303670883,9
3,0.08278583735227585,10
3,0.08456254750490189,11
1,0.08636852353811264,12
3,0.08455059677362442,13
1,0.08478838950395584,14
3,0.08535127341747284,15
3,0.08531038463115692,16
3,0.08548881858587265,17
1,0.08500433713197708,18
1,0.08704350888729095,19
3,0.08574679493904114,20
3,0.08960698544979095,21
3,0.08915054798126221,22
1,0.05765344202518463,23
1,0.08319439738988876,24
3,0.08917588740587234,25
3,0.09032806009054184,26
1,0.07945676147937775,27
3,0.0898989886045456,28
3,0.08764515817165375,29
3,0.091329425573349,30
3,0.08527089655399323,31
3,0.09018251299858093,32
3,0.08631172776222229,33
3,0.09047640860080719,34
3,0.09320732951164246,35
1,0.08928346633911133,36
3,0.09352706372737885,37
3,0.09324498474597931,38
1,0.08845602720975876,39
3,0.0895613357424736,40
3,0.08860377222299576,41
1,0.09193622320890427,42
3,0.08979331701993942,43
3,0.08842261135578156,44
3,0.08930687606334686,45
3,0.09213554859161377,46
3,0.09254737198352814,47
1,0.0797281339764595,48
1,0.06333652138710022,49
3,0.08968552201986313,50
3,0.09410472959280014,51
3,0.0958365797996521,52
3,0.0914083942770958,53
1,0.08448552340269089,54
3,0.09307758510112762,55
1,0.09204176068305969,56
3,0.0969385951757431,57
3,0.09611528366804123,58
3,0.09316085278987885,59
3,0.0923704206943512,60
3,0.0928669199347496,61
3,0.09613893926143646,62
3,0.08589423447847366,63
3,0.09262634813785553,64
3,0.09363400191068649,65
3,0.09376715123653412,66
1,0.04735405370593071,67
3,0.09806961566209793,68
3,0.0982351005077362,69
3,0.0840788334608078,70
1,0.08726772665977478,71
3,0.09406955540180206,72
3,0.09473136812448502,73
1,0.06910092383623123,74
3,0.08751538395881653,75
3,0.07930769771337509,76
2,0.07993889600038528,77
3,0.09447403997182846,78
3,0.09513701498508453,79
3,0.0806950181722641,80
3,0.08132614195346832,81
1,0.1006782129406929,82
3,0.1008700430393219,83
1,0.07703578472137451,84
3,0.0967673659324646,85
1,0.09298614412546158,86
1,0.08324244618415833,87
1,0.0895281434059143,88
1,0.05388796329498291,89
3,0.09614963829517365,90
3,0.10200713574886322,91
3,0.10215520858764648,92
3,0.09792529791593552,93
3,0.09674238413572311,94
3,0.09900789707899094,95
3,0.0993204265832901,96
2,0.10228972136974335,97
3,0.09778682887554169,98
3,0.10187582671642303,99
1,0.0984669104218483,100
3,0.10252842307090759,101
1,0.09441523998975754,102
1,0.07568977773189545,103
3,0.10274246335029602,104
3,0.10489314049482346,105
1,0.09199338406324387,106
3,0.10300543159246445,107
3,0.10043434798717499,108
3,0.10012199729681015,109
3,0.09999168664216995,110
1,0.09755991399288177,111
2,0.08648993074893951,112
2,0.09840568155050278,113
3,0.09864003956317902,114
3,0.10164738446474075,115
3,0.10177811980247498,116
3,0.09690723568201065,117
3,0.10693101584911346,118
3,0.10479720681905746,119
3,0.10533910244703293,120
3,0.10266188532114029,121
3,0.10463753342628479,122
1,0.09061083942651749,123
3,0.10310880094766617,124
3,0.10748430341482162,125
3,0.10082625597715378,126
3,0.10495365411043167,127
3,0.1060461774468422,128
3,0.10327332466840744,129
3,0.0929628238081932,130
3,0.10201344639062881,131
3,0.10610701143741608,132
3,0.10256744176149368,133
3,0.10685320198535919,134
3,0.1037295013666153,135
1,0.0969122052192688,136
3,0.1034916415810585,137
3,0.10541919618844986,138
3,0.10945776104927063,139
3,0.10689432173967361,140
3,0.10744292289018631,141
3,0.1029423177242279,142
1,0.07708150893449783,143
3,0.10791093856096268,144
3,0.10843008011579514,145
3,0.10427089780569077,146
3,0.10766170173883438,147
3,0.10606205463409424,148
3,0.10815129429101944,149
3,0.11030653119087219,150
3,0.11015010625123978,151
1,0.10118328779935837,152
3,0.1091885045170784,153
3,0.11001962423324585,154
3,0.11079531162977219,155
3,0.11071556061506271,156
3,0.11085348576307297,157
3,0.1079937145113945,158
1,0.09162212163209915,159
3,0.10903725028038025,160
3,0.11107376217842102,161
3,0.1075717955827713,162
3,0.10998009890317917,163
1,0.09771312028169632,164
3,0.11197743564844131,165
3,0.1061943769454956,166
3,0.10581322759389877,167
1,0.10531756281852722,168
3,0.11256931722164154,169
3,0.11162670701742172,170
3,0.11142697930335999,171
3,0.11190368235111237,172
3,0.11292760819196701,173
1,0.07385314255952835,174
3,0.11394191533327103,175
3,0.1130920946598053,176
3,0.1082688719034195,177
3,0.10170819610357285,178
3,0.10851462930440903,179
3,0.10744616389274597,180
3,0.10893912613391876,181
3,0.10886786878108978,182
3,0.11048794537782669,183
3,0.10925348848104477,184
3,0.10955972969532013,185
3,0.10851575434207916,186
3,0.11446820199489594,187
3,0.1132609024643898,188
3,0.11157736927270889,189
3,0.11133664846420288,190
3,0.11458904296159744,191
3,0.11270421743392944,192
3,0.1113298162817955,193
3,0.11511627584695816,194
3,0.11682722717523575,195
3,0.11149345338344574,196
3,0.1137302815914154,197
3,0.1154843270778656,198
3,0.11581391096115112,199
3,0.11662328988313675,200
3,0.11497620493173599,201
3,0.11585213243961334,202
3,0.1162557303905487,203
3,0.11802740395069122,204
3,0.11225777864456177,205
3,0.1191212385892868,206
1,0.10526656359434128,207
3,0.1160564199090004,208
1,0.09998193383216858,209
3,0.1102103739976883,210
3,0.11362887173891068,211
3,0.10932508111000061,212
3,0.11662813276052475,213
1,0.0879824310541153,214
3,0.11580009758472443,215
3,0.11413474380970001,216
3,0.11753518134355545,217
3,0.1175660789012909,218
3,0.11868913471698761,219
3,0.11680611968040466,220
3,0.11489421874284744,221
3,0.1141103059053421,222
1,0.08407577872276306,223
3,0.11940772831439972,224
3,0.11150868237018585,225
3,0.11616159975528717,226
3,0.11342877894639969,227
3,0.11862921714782715,228
3,0.11738039553165436,229
3,0.11533410102128983,230
3,0.11810266971588135,231
3,0.11551740765571594,232
3,0.11914492398500443,233
3,0.11433883756399155,234
3,0.11273820698261261,235
3,0.12023916840553284,236
3,0.11760444194078445,237
3,0.11640419811010361,238
3,0.06916318833827972,239
3,0.11965558677911758,240
3,0.11510328948497772,241
3,0.11965547502040863,242
3,0.11870346963405609,243
3,0.11557452380657196,244
3,0.11680887639522552,245
3,0.12120695412158966,246
3,0.12116774916648865,247
3,0.1206429973244667,248
3,0.12044313549995422,249
3,0.12026482075452805,250
3,0.12086471915245056,251
3,0.10248473286628723,252
3,0.11820264160633087,253
3,0.1183147057890892,254
1,0.09670653194189072,255
1,0.0498490035533905,256
1,0.10778278112411499,257
3,0.11994384974241257,258
3,0.12205743044614792,259
3,0.11589251458644867,260
1,0.10140670090913773,261
3,0.12053491175174713,262
3,0.11485420167446136,263
3,0.1216316819190979,264
3,0.11588375270366669,265
3,0.11658526211977005,266
3,0.11368925124406815,267
3,0.12182717770338058,268
3,0.12300866097211838,269
3,0.11360101401805878,270
3,0.11935178935527802,271
3,0.115595243871212,272
3,0.12141548842191696,273
3,0.12127015739679337,274
3,0.11492253839969635,275
3,0.11748746782541275,276
3,0.1150599792599678,277
3,0.1210523471236229,278
3,0.1157502830028534,279
3,0.11750835925340652,280
3,0.12424007058143616,281
3,0.11602669209241867,282
3,0.11405978351831436,283
3,0.12449567019939423,284
3,0.11792951822280884,285
3,0.11931976675987244,286
3,0.12112021446228027,287
3,0.12566928565502167,288
3,0.12312513589859009,289
3,0.12009138613939285,290
3,0.11308343708515167,291
3,0.12095873057842255,292
3,0.12017939239740372,293
3,0.1159338504076004,294
3,0.1216076985001564,295
1,0.08413355052471161,296
3,0.119536392390728,297
3,0.11239328980445862,298
3,0.12009952962398529,299
3,0.10482440143823624,300
3,0.12646542489528656,301
3,0.12041489034891129,302
3,0.12323492020368576,303
1,0.10612833499908447,304
3,0.11980807781219482,305
3,0.10723992437124252,306
3,0.12358120083808899,307
3,0.12379791587591171,308
1,0.112816222012043,309
3,0.12048482149839401,310
3,0.12459781765937805,311
3,0.10775230079889297,312
3,0.12485082447528839,313
3,0.12480556219816208,314
3,0.1250694841146469,315
3,0.12368401139974594,316
3,0.1284707635641098,317
3,0.12240687757730484,318
3,0.12282326817512512,319
3,0.12458907067775726,320
3,0.1253967136144638,321
3,0.12566283345222473,322
3,0.12488194555044174,323
3,0.12300574779510498,324
4,0.1260898858308792,325
3,0.12127021700143814,326
3,0.12659801542758942,327
3,0.12319943308830261,328
3,0.12017887085676193,329
3,0.1267363578081131,330
3,0.12860804796218872,331
3,0.12724225223064423,332
3,0.12599442899227142,333
3,0.12424018979072571,334
3,0.1262965053319931,335
3,0.13043227791786194,336
3,0.12940004467964172,337
3,0.13076022267341614,338
1,0.116021066904068,339
1,0.11815329641103745,340
3,0.12852460145950317,341
3,0.12457996606826782,342
3,0.1252523958683014,343
3,0.10801853239536285,344
3,0.10775034129619598,345
3,0.11003979295492172,346
3,0.12774644792079926,347
3,0.12759052217006683,348
1,0.12398844957351685,349
3,0.1233740895986557,350
3,0.12345108389854431,351
3,0.10768619179725647,352
3,0.12429327517747879,353
3,0.11710778623819351,354
1,0.10277272015810013,355
3,0.12548629939556122,356
1,0.10200552642345428,357
1,0.10627450793981552,358
1,0.09356939047574997,359
3,0.1275216042995453,360
3,0.1258968710899353,361
3,0.12677554786205292,362
3,0.12714824080467224,363
3,0.12708118557929993,364
3,0.12783929705619812,365
3,0.12626010179519653,366
3,0.12731413543224335,367
1,0.10555752366781235,368
3,0.12427742779254913,369
3,0.13316436111927032,370
3,0.12574216723442078,371
3,0.1303366720676422,372
3,0.13017027080059052,373
3,0.12979139387607574,374
3,0.12029711902141571,375
3,0.12764932215213776,376
3,0.12623412907123566,377
1,0.07062764465808868,378
3,0.12571172416210175,379
3,0.12875597178936005,380
3,0.13014115393161774,381
3,0.11037968844175339,382
1,0.09680365771055222,383
3,0.13620948791503906,384
3,0.1115826889872551,385
3,0.12333455681800842,386
3,0.10804728418588638,387
3,0.11991168558597565,388
3,0.1317172795534134,389
3,0.1332494169473648,390
3,0.10818635672330856,391
1,0.10146171599626541,392
3,0.1318940669298172,393
3,0.11128316819667816,394
3,0.12815508246421814,395
3,0.10854414105415344,396
3,0.1277797669172287,397
3,0.10875064134597778,398
3,0.13093946874141693,399
3,0.13235962390899658,400
3,0.1337394416332245,401
3,0.11031313985586166,402
3,0.13294655084609985,403
3,0.13815933465957642,404
3,0.13820113241672516,405
3,0.134895458817482,406
3,0.12788377702236176,407
3,0.12861128151416779,408
3,0.1112445741891861,409
3,0.10999096930027008,410
3,0.1281602680683136,411
3,0.1281895488500595,412
3,0.13273686170578003,413
3,0.13003844022750854,414
1,0.115248903632164,415
3,0.11273752152919769,416
1,0.1166575700044632,417
3,0.13245780766010284,418
3,0.11859776824712753,419
3,0.12176451832056046,420
2,0.11923966556787491,421
3,0.13119348883628845,422
3,0.13595043122768402,423
3,0.13474874198436737,424
1,0.13219903409481049,425
1,0.1059231236577034,426
3,0.113509401679039,427
3,0.13397027552127838,428
3,0.13407517969608307,429
3,0.11496428400278091,430
1,0.10111933201551437,431
3,0.14000582695007324,432
3,0.13065887987613678,433
1,0.1014414057135582,434
3,0.10869228839874268,435
1,0.11440952867269516,436
3,0.130869522690773,437
3,0.1328020840883255,438
3,0.10904388129711151,439
3,0.12098532915115356,440
3,0.10187331587076187,441
3,0.13209415972232819,442
1,0.10176794230937958,443
3,0.13213926553726196,444
1,0.09611207991838455,445
3,0.12160270661115646,446
3,0.13812746107578278,447
3,0.11502666771411896,448
3,0.10944627970457077,449
3,0.13284815847873688,450
3,0.13409173488616943,451
3,0.14259512722492218,452
3,0.13633644580841064,453
3,0.08767115324735641,454
3,0.13792400062084198,455
2,0.08802026510238647,456
3,0.09177139401435852,457
3,0.12452462315559387,458
3,0.11675672233104706,459
3,0.1191611960530281,460
3,0.13482752442359924,461
3,0.1371544599533081,462
3,0.10362792760133743,463
1,0.08969346433877945,464
3,0.11297453939914703,465
3,0.1387389898300171,466
3,0.13454784452915192,467
3,0.1346694380044937,468
3,0.1401226669549942,469
3,0.12260424345731735,470
3,0.12522998452186584,471
3,0.13509836792945862,472
3,0.1376534402370453,473
1,0.12311436235904694,474
3,0.14463429152965546,475
3,0.14162805676460266,476
3,0.14040061831474304,477
3,0.14409415423870087,478
3,0.14490196108818054,479
3,0.13752102851867676,480
1,0.09568784385919571,481
1,0.13426710665225983,482
3,0.14041444659233093,483
3,0.14072808623313904,484
3,0.12397149950265884,485
3,0.133161723613739,486
1,0.0046029225923120975,487
3,0.13625618815422058,488
2,0.11761468648910522,489
3,0.09608210623264313,490
1,0.09282436221837997,491
3,0.14176514744758606,492
3,0.1305977702140808,493
3,0.13759876787662506,494
4,0.11774378269910812,495
3,0.1408902257680893,496
3,0.14184308052062988,497
1,0.12651397287845612,498
3,0.14516350626945496,499
3,0.13724441826343536,500
3,0.13630186021327972,501
3,0.13948878645896912,502
3,0.13648386299610138,503
3,0.13909997045993805,504
3,0.13606205582618713,505
3,0.1401647925376892,506
3,0.1388823539018631,507
3,0.13844992220401764,508
3,0.1375141441822052,509
3,0.1053929403424263,510
3,0.12688204646110535,511
3,0.14560385048389435,512
3,0.14312858879566193,513
3,0.13661061227321625,514
1,0.11060496419668198,515
1,0.07552294433116913,516
3,0.11987017840147018,517
3,0.14306798577308655,518
3,0.14723514020442963,519
3,0.13912436366081238,520
3,0.13928300142288208,521
1,0.08721687644720078,522
1,0.10564444959163666,523
3,0.1382209211587906,524
3,0.1448274552822113,525
3,0.14492014050483704,526
3,0.09830711781978607,527
3,0.1474149078130722,528
1,0.10320528596639633,529
3,0.13880376517772675,530
3,0.14167946577072144,531
3,0.14377447962760925,532
3,0.14001254737377167,533
3,0.13947510719299316,534
3,0.11703675985336304,535
3,0.11157314479351044,536
1,0.09126758575439453,537
3,0.14356794953346252,538
3,0.1336754560470581,539
3,0.1427825391292572,540
3,0.14243623614311218,541
3,0.12055511772632599,542
3,0.12287768721580505,543
3,0.1140580102801323,544
3,0.14436109364032745,545
3,0.14208044111728668,546
3,0.14139911532402039,547
3,0.14929109811782837,548
3,0.1258351057767868,549
3,0.10586439073085785,550
3,0.11640460789203644,551
3,0.14146344363689423,552
3,0.12734997272491455,553
1,0.11361097544431686,554
3,0.13074888288974762,555
1,0.12891925871372223,556
3,0.14354324340820312,557
3,0.14403721690177917,558
3,0.12751396000385284,559
3,0.11224807798862457,560
3,0.11640609800815582,561
3,0.14542564749717712,562
3,0.11673956364393234,563
1,0.11893341690301895,564
3,0.13957321643829346,565
3,0.1417420655488968,566
3,0.14290215075016022,567
3,0.1279081404209137,568
1,0.08256051689386368,569
3,0.14604972302913666,570
3,0.14440849423408508,571
1,0.10314442217350006,572
3,0.1250590831041336,573
3,0.12280771881341934,574
1,0.09611359238624573,575
3,0.12346456199884415,576
3,0.10796196758747101,577
3,0.14244820177555084,578
3,0.10111666470766068,579
3,0.1459285020828247,580
3,0.14628393948078156,581
1,0.10403502732515335,582
3,0.1442699134349823,583
3,0.14072833955287933,584
1,0.05675864964723587,585
3,0.1193283423781395,586
3,0.14185716211795807,587
3,0.14104241132736206,588
3,0.14704081416130066,589
3,0.11993414908647537,590
3,0.148888498544693,591
3,0.14413179457187653,592
3,0.15080001950263977,593
3,0.14735864102840424,594
1,0.13950395584106445,595
3,0.11525466293096542,596
3,0.10936436057090759,597
3,0.14029671251773834,598
3,0.13122214376926422,599
3,0.15530365705490112,600
3,0.151161789894104,601
3,0.14940591156482697,602
3,0.1109236627817154,603
3,0.1533840000629425,604
3,0.15246132016181946,605
3,0.1508985310792923,606
3,0.15014012157917023,607
3,0.1032230332493782,608
3,0.15427309274673462,609
3,0.14822769165039062,610
1,0.10914219170808792,611
3,0.14400257170200348,612
3,0.14581455290317535,613
3,0.1360708624124527,614
3,0.15231309831142426,615
3,0.15108118951320648,616
3,0.14668039977550507,617
3,0.15359124541282654,618
3,0.14333216845989227,619
3,0.15742522478103638,620
3,0.1542026847600937,621
3,0.146852046251297,622
1,0.1221623495221138,623
3,0.15713684260845184,624
3,0.1511385291814804,625
3,0.1163773164153099,626
3,0.15197151899337769,627
3,0.15338322520256042,628
3,0.14851199090480804,629
3,0.145903542637825,630
3,0.15253682434558868,631
3,0.15515358746051788,632
3,0.1525336652994156,633
3,0.15286828577518463,634
3,0.15549856424331665,635
3,0.152215376496315,636
3,0.15852484107017517,637
3,0.128290593624115,638
3,0.12876856327056885,639
3,0.14795580506324768,640
3,0.15017852187156677,641
3,0.1494472324848175,642
1,0.11353978514671326,643
3,0.15192915499210358,644
3,0.13567301630973816,645
3,0.10890528559684753,646
3,0.10710174590349197,647
3,0.11776132136583328,648
3,0.15049269795417786,649
3,0.14777745306491852,650
1,0.0997265949845314,651
3,0.1532532423734665,652
3,0.15070299804210663,653
3,0.12617532908916473,654
1,0.11733366549015045,655
1,0.13668355345726013,656
3,0.15445688366889954,657
3,0.15290547907352448,658
3,0.1501850187778473,659
3,0.15096649527549744,660
3,0.15488019585609436,661
2,0.13651488721370697,662
3,0.12687261402606964,663
3,0.15606488287448883,664
3,0.15518610179424286,665
3,0.15559719502925873,666
3,0.12990349531173706,667
3,0.09853261709213257,668
3,0.15158993005752563,669
3,0.1636475920677185,670
3,0.1522187888622284,671
3,0.14904779195785522,672
1,0.08839321881532669,673
3,0.15742351114749908,674
3,0.1543778032064438,675
3,0.1388142704963684,676
3,0.10877808183431625,677
3,0.10739550739526749,678
1,0.08880958706140518,679
1,0.09678592532873154,680
3,0.1564427614212036,681
3,0.15785369277000427,682
3,0.1516239494085312,683
3,0.12012618035078049,684
3,0.11770880967378616,685
3,0.12864765524864197,686
3,0.15045450627803802,687
3,0.14631934463977814,688
1,0.12301594763994217,689
3,0.1527121216058731,690
3,0.15326395630836487,691
1,0.15346692502498627,692
3,0.16357167065143585,693
1,0.13176563382148743,694
3,0.1514231413602829,695
3,0.15977288782596588,696
1,0.09912097454071045,697
1,0.11824684590101242,698
3,0.16002006828784943,699
3,0.13014493882656097,700
3,0.14955133199691772,701
3,0.15497030317783356,702
3,0.15790393948554993,703
3,0.15575756132602692,704
3,0.15726269781589508,705
3,0.16014839708805084,706
3,0.14767737686634064,707
3,0.1571238785982132,708
3,0.1549435555934906,709
3,0.10809667408466339,710
3,0.1311168223619461,711
3,0.16011536121368408,712
3,0.16090264916419983,713
3,0.15894676744937897,714
3,0.1014108657836914,715
3,0.14557413756847382,716
3,0.1583573967218399,717
3,0.1604580581188202,718
3,0.15771768987178802,719
3,0.1449398547410965,720
3,0.1590605229139328,721
3,0.15884491801261902,722
3,0.1621217578649521,723
1,0.12182900309562683,724
3,0.16167621314525604,725
1,0.07959975302219391,726
3,0.159346342086792,727
1,0.11760605871677399,728
3,0.1688244491815567,729
3,0.15486612915992737,730
3,0.15896667540073395,731
3,0.10885603725910187,732
3,0.13383859395980835,733
3,0.14202190935611725,734
3,0.14661318063735962,735
3,0.14373381435871124,736
3,0.16976384818553925,737
3,0.15587173402309418,738
3,0.15937815606594086,739
3,0.10345207899808884,740
1,0.0984235629439354,741
1,0.10102862864732742,742
3,0.16127720475196838,743
3,0.11213821917772293,744
3,0.11320290714502335,745
3,0.16103053092956543,746
3,0.15843342244625092,747
1,0.10891168564558029,748
3,0.1624796837568283,749
3,0.1620507389307022,750
3,0.1342550367116928,751
3,0.1624118685722351,752
3,0.15856792032718658,753
3,0.1589813232421875,754
3,0.1617310345172882,755
3,0.16620111465454102,756
3,0.10488944500684738,757
3,0.13185088336467743,758
1,0.16775253415107727,759
3,0.11252429336309433,760
3,0.10978420823812485,761
3,0.1398724615573883,762
3,0.14043645560741425,763
3,0.16734851896762848,764
3,0.16734656691551208,765
1,0.1622246950864792,766
3,0.16102765500545502,767
3,0.16593106091022491,768
3,0.16870374977588654,769
3,0.16574445366859436,770
1,0.09714264422655106,771
4,0.14048780500888824,772
2,0.14068350195884705,773
3,0.1525842547416687,774
3,0.1638835370540619,775
3,0.16672936081886292,776
3,0.16705147922039032,777
1,0.09555408358573914,778
2,0.16207502782344818,779
4,0.16236038506031036,780
3,0.16427648067474365,781
3,0.16220062971115112,782
3,0.16479817032814026,783
3,0.1704982966184616,784
3,0.12706735730171204,785
3,0.16377376019954681,786
3,0.17322085797786713,787
3,0.1110495924949646,788
3,0.16986028850078583,789
3,0.17575319111347198,790
3,0.17357642948627472,791
3,0.17326882481575012,792
3,0.17481406033039093,793
3,0.1765163242816925,794
3,0.16291207075119019,795
3,0.16882465779781342,796
3,0.14244836568832397,797
3,0.1710582673549652,798
3,0.13976629078388214,799
3,0.11045483499765396,800
3,0.10795978456735611,801
3,0.1333606243133545,802
2,0.16379374265670776,803
3,0.16387908160686493,804
2,0.15564481914043427,805
3,0.17058411240577698,806
3,0.16673168540000916,807
3,0.17438426613807678,808
3,0.145380437374115,809
3,0.14166803658008575,810
3,0.1636364609003067,811
3,0.17826376855373383,812
3,0.1648527979850769,813
3,0.1667666733264923,814
3,0.1769048273563385,815
3,0.17477867007255554,816
3,0.10985775291919708,817
3,0.12961523234844208,818
3,0.15110845863819122,819
3,0.15220703184604645,820
1,0.10640738159418106,821
3,0.12938492000102997,822
3,0.17269670963287354,823
3,0.17532581090927124,824
3,0.17664535343647003,825
3,0.18133658170700073,826
3,0.11352664232254028,827
3,0.158929705619812,828
3,0.17846526205539703,829
3,0.1419585645198822,830
3,0.17042475938796997,831
1,0.10692126303911209,832
3,0.1468956619501114,833
3,0.17414331436157227,834
3,0.1707374006509781,835
3,0.16924609243869781,836
3,0.16749414801597595,837
3,0.15119414031505585,838
1,0.10105002671480179,839
3,0.18083882331848145,840
3,0.1082625538110733,841
1,0.08908488601446152,842
3,0.18060629069805145,843
3,0.1772899627685547,844
1,0.16364313662052155,845
3,0.17386725544929504,846
3,0.11429040133953094,847
3,0.1780741810798645,848
3,0.13194753229618073,849
3,0.11452039331197739,850
3,0.17023923993110657,851
3,0.1541469544172287,852
3,0.10561433434486389,853
3,0.17875458300113678,854
3,0.09963427484035492,855
3,0.14602509140968323,856
3,0.16873140633106232,857
1,0.09932607412338257,858
3,0.16907384991645813,859
3,0.18094296753406525,860
3,0.1764659583568573,861
3,0.16911794245243073,862
3,0.10309847444295883,863
3,0.16809988021850586,864
3,0.18368804454803467,865
3,0.17397518455982208,866
3,0.17599180340766907,867
1,0.09946716576814651,868
3,0.12765604257583618,869
3,0.12779313325881958,870
3,0.17265595495700836,871
3,0.10099770128726959,872
3,0.11582610011100769,873
3,0.16705016791820526,874
3,0.18231883645057678,875
3,0.1154307946562767,876
3,0.11047681421041489,877
3,0.1786855310201645,878
3,0.1653001308441162,879
3,0.17559027671813965,880
2,0.1099499762058258,881
3,0.11159633100032806,882
3,0.17124289274215698,883
3,0.17240135371685028,884
3,0.1340709924697876,885
3,0.18749630451202393,886
3,0.1770191341638565,887
3,0.16973483562469482,888
3,0.15673361718654633,889
3,0.10808291286230087,890
3,0.16661731898784637,891
3,0.16988712549209595,892
3,0.17249147593975067,893
3,0.17138530313968658,894
2,0.11068879812955856,895
1,0.09792817384004593,896
1,0.0946115031838417,897
3,0.11331944912672043,898
3,0.17580904066562653,899
3,0.1749926507472992,900
3,0.18750633299350739,901
3,0.15653873980045319,902
3,0.17589221894741058,903
3,0.17453069984912872,904
3,0.17615902423858643,905
3,0.17270590364933014,906
3,0.17678247392177582,907
3,0.1740577518939972,908
3,0.13738228380680084,909
1,0.08134163916110992,910
3,0.13083559274673462,911
3,0.18786805868148804,912
3,0.17871013283729553,913
3,0.17674674093723297,914
1,0.09904889017343521,915
3,0.12409011274576187,916
3,0.1819680780172348,917
3,0.17907357215881348,918
3,0.17673088610172272,919
3,0.1538090705871582,920
3,0.1983824372291565,921
3,0.17749331891536713,922
3,0.17828793823719025,923
3,0.17966611683368683,924
3,0.17592015862464905,925
3,0.19003652036190033,926
3,0.178850919008255,927
3,0.17261457443237305,928
3,0.18393009901046753,929
3,0.18533337116241455,930
3,0.1754232496023178,931
3,0.13209103047847748,932
3,0.15594007074832916,933
3,0.18806475400924683,934
3,0.179042786359787,935
3,0.18605569005012512,936
3,0.10002791881561279,937
3,0.15614978969097137,938
3,0.15415655076503754,939
3,0.16594120860099792,940
3,0.1225823163986206,941
3,0.15585337579250336,942
3,0.15448877215385437,943
3,0.18018265068531036,944
3,0.1196771115064621,945
3,0.15621747076511383,946
3,0.16143570840358734,947
3,0.14032404124736786,948
3,0.14542311429977417,949
3,0.15092679858207703,950
3,0.18836988508701324,951
3,0.181070476770401,952
3,0.15029525756835938,953
1,0.08903338015079498,954
3,0.12035980075597763,955
3,0.20534257590770721,956
3,0.12338723987340927,957
3,0.12888507544994354,958
3,0.14463035762310028,959
3,0.18601815402507782,960
3,0.1809474676847458,961
3,0.1840796321630478,962
3,0.15336531400680542,963
1,0.10861822217702866,964
3,0.13683918118476868,965
3,0.17752692103385925,966
3,0.17883166670799255,967
3,0.18735581636428833,968
3,0.17547976970672607,969
3,0.17905780673027039,970
3,0.195661261677742,971
1,0.10272625833749771,972
3,0.1961202472448349,973
3,0.20101244747638702,974
3,0.11980753391981125,975
3,0.18641160428524017,976
3,0.12443190813064575,977
3,0.13491997122764587,978
3,0.15036863088607788,979
3,0.15548278391361237,980
3,0.19730673730373383,981
3,0.1633944809436798,982
3,0.1224815845489502,983
3,0.1655617505311966,984
3,0.14964871108531952,985
3,0.186227947473526,986
3,0.19940777122974396,987
3,0.2057817578315735,988
3,0.1851559579372406,989
3,0.15813343226909637,990
3,0.1232839822769165,991
4,0.19038110971450806,992
3,0.18242119252681732,993
3,0.1905217468738556,994
3,0.17211374640464783,995
3,0.20696485042572021,996
3,0.18856999278068542,997
3,0.15839995443820953,998
1,0.09850107133388519,999
3,0.12344732135534286,1000
3,0.1256095916032791,1001
3,0.20910991728305817,1002
3,0.1911255419254303,1003
3,0.18421319127082825,1004
3,0.15874570608139038,1005
3,0.11135079711675644,1006
3,0.18402333557605743,1007
3,0.18060500919818878,1008
3,0.12549975514411926,1009
3,0.16198627650737762,1010
3,0.1916666477918625,1011
3,0.18892808258533478,1012
3,0.20229311287403107,1013
3,0.1459062099456787,1014
3,0.2006424069404602,1015
3,0.1746615469455719,1016
3,0.16832180321216583,1017
3,0.10717811435461044,1018
3,0.11315112560987473,1019
3,0.19697168469429016,1020
3,0.14587926864624023,1021
3,0.1020851880311966,1022
3,0.14523953199386597,1023
3,0.18734122812747955,1024
1,0.12377957254648209,1025
3,0.16772837936878204,1026
3,0.12696880102157593,1027
3,0.1442556232213974,1028
1,0.1710217446088791,1029
3,0.1220569908618927,1030
3,0.12633532285690308,1031
3,0.12676288187503815,1032
3,0.17642590403556824,1033
3,0.19224847853183746,1034
3,0.18611463904380798,1035
3,0.14618541300296783,1036
3,0.14493520557880402,1037
3,0.1213262528181076,1038
3,0.2045065462589264,1039
3,0.16897277534008026,1040
3,0.12289872765541077,1041
3,0.1877516210079193,1042
3,0.19902823865413666,1043
3,0.19197289645671844,1044
3,0.19137531518936157,1045
3,0.1639440953731537,1046
3,0.16369161009788513,1047
3,0.16518893837928772,1048
3,0.18808001279830933,1049
3,0.1219509094953537,1050
3,0.1323128193616867,1051
3,0.195647194981575,1052
3,0.19271618127822876,1053
3,0.12118668109178543,1054
3,0.1469392478466034,1055
3,0.17925165593624115,1056
3,0.18907317519187927,1057
3,0.19562749564647675,1058
3,0.1605595201253891,1059
3,0.19425231218338013,1060
1,0.16499640047550201,1061
3,0.19098946452140808,1062
3,0.16813072562217712,1063
3,0.12550868093967438,1064
3,0.1347186267375946,1065
3,0.14738555252552032,1066
3,0.16702866554260254,1067
3,0.20521734654903412,1068
3,0.18954746425151825,1069
3,0.10229761153459549,1070
3,0.11509515345096588,1071
3,0.12649478018283844,1072
3,0.12880927324295044,1073
3,0.16827313601970673,1074
3,0.20579805970191956,1075
3,0.19216033816337585,1076
3,0.12829314172267914,1077
3,0.20387430489063263,1078
3,0.20689208805561066,1079
3,0.1906089335680008,1080
3,0.1707170307636261,1081
3,0.12467096000909805,1082
3,0.10941383242607117,1083
3,0.10955274850130081,1084
3,0.15621830523014069,1085
3,0.12786123156547546,1086
3,0.14164182543754578,1087
3,0.2047600895166397,1088
3,0.1714906394481659,1089
3,0.12649744749069214,1090
3,0.14917489886283875,1091
3,0.1787545084953308,1092
3,0.18166515231132507,1093
3,0.20197969675064087,1094
3,0.2027907520532608,1095
3,0.19245365262031555,1096
3,0.2103552669286728,1097
3,0.20603397488594055,1098
3,0.12584137916564941,1099
3,0.11199242621660233,1100
3,0.11169908195734024,1101
3,0.20475420355796814,1102
3,0.15839868783950806,1103
3,0.2046576738357544,1104
3,0.1753937155008316,1105
2,0.110964834690094,1106
3,0.11026716232299805,1107
3,0.2096908986568451,1108
3,0.20455817878246307,1109
3,0.19212859869003296,1110
3,0.2225433737039566,1111
3,0.19474996626377106,1112
3,0.1933392882347107,1113
3,0.13395264744758606,1114
3,0.15335887670516968,1115
3,0.17045161128044128,1116
3,0.20591670274734497,1117
3,0.20385226607322693,1118
3,0.13355740904808044,1119
1,0.08715063333511353,1120
3,0.19478261470794678,1121
3,0.13437549769878387,1122
3,0.17282453179359436,1123
3,0.22376373410224915,1124
3,0.14375093579292297,1125
3,0.1101643294095993,1126
3,0.09460266679525375,1127
3,0.1508299708366394,1128
3,0.21914805471897125,1129
3,0.14515142142772675,1130
2,0.09660565853118896,1131
3,0.16863471269607544,1132
3,0.2233237624168396,1133
3,0.19718249142169952,1134
3,0.09837352484464645,1135
3,0.22662372887134552,1136
3,0.2106994390487671,1137
3,0.17545011639595032,1138
3,0.18590529263019562,1139
3,0.22733613848686218,1140
3,0.1970260590314865,1141
3,0.15248757600784302,1142
3,0.18672333657741547,1143
3,0.20498685538768768,1144
3,0.13696171343326569,1145
3,0.13646051287651062,1146
3,0.1470659077167511,1147
3,0.1513289362192154,1148
3,0.2081446647644043,1149
4,0.19934812188148499,1150
3,0.18576298654079437,1151
3,0.2100803256034851,1152
3,0.21336856484413147,1153
3,0.21101078391075134,1154
4,0.22587083280086517,1155
3,0.20116862654685974,1156
3,0.20095202326774597,1157
3,0.1579613983631134,1158
3,0.16092266142368317,1159
3,0.21953672170639038,1160
3,0.22125382721424103,1161
3,0.19837284088134766,1162
3,0.18170051276683807,1163
3,0.16544951498508453,1164
3,0.16148041188716888,1165
3,0.22787843644618988,1166
3,0.22460630536079407,1167
3,0.18258966505527496,1168
3,0.12351563572883606,1169
3,0.16012921929359436,1170
3,0.21076849102973938,1171
3,0.21815133094787598,1172
3,0.20389297604560852,1173
3,0.18314756453037262,1174
3,0.18674875795841217,1175
3,0.1907975822687149,1176
3,0.2133161425590515,1177
3,0.14902634918689728,1178
3,0.11843756586313248,1179
3,0.11348022520542145,1180
3,0.1486131250858307,1181
3,0.16063997149467468,1182
3,0.18496981263160706,1183
3,0.2220841497182846,1184
3,0.21757590770721436,1185
3,0.1323595494031906,1186
3,0.15255017578601837,1187
3,0.20418161153793335,1188
3,0.15881365537643433,1189
3,0.1603599339723587,1190
3,0.1289951503276825,1191
1,0.1205548569560051,1192
3,0.20666812360286713,1193
3,0.12494838982820511,1194
3,0.1478460729122162,1195
3,0.16090144217014313,1196
3,0.13351315259933472,1197
3,0.1268758326768875,1198
3,0.20636838674545288,1199
3,0.15130983293056488,1200
3,0.13780473172664642,1201
3,0.16310282051563263,1202
3,0.20502616465091705,1203
1,0.1875518560409546,1204
3,0.22794796526432037,1205
3,0.2138902097940445,1206
3,0.20746847987174988,1207
3,0.20540255308151245,1208
3,0.15986046195030212,1209
3,0.2059796005487442,1210
3,0.19090287387371063,1211
3,0.2038375586271286,1212
3,0.2302556335926056,1213
3,0.231068417429924,1214
3,0.2255692481994629,1215
3,0.12931324541568756,1216
3,0.11598916351795197,1217
3,0.22641436755657196,1218
1,0.1068391427397728,1219
1,0.11461582779884338,1220
3,0.15259645879268646,1221
3,0.15079401433467865,1222
3,0.15588288009166718,1223
3,0.2047550231218338,1224
3,0.2327372431755066,1225
3,0.20748978853225708,1226
3,0.21685749292373657,1227
3,0.12695465981960297,1228
3,0.15227065980434418,1229
3,0.15619921684265137,1230
3,0.23211203515529633,1231
3,0.19034066796302795,1232
3,0.159786656498909,1233
3,0.2287554293870926,1234
3,0.22882823646068573,1235
3,0.212711900472641,1236
3,0.2060060203075409,1237
3,0.20859931409358978,1238
3,0.21383202075958252,1239
3,0.14782512187957764,1240
3,0.23089422285556793,1241
3,0.1517360657453537,1242
3,0.16116231679916382,1243
3,0.2137497514486313,1244
3,0.1631629317998886,1245
3,0.19836576282978058,1246
3,0.11788473278284073,1247
3,0.1822432577610016,1248
3,0.14955303072929382,1249
3,0.19968214631080627,1250
3,0.19922952353954315,1251
3,0.23792928457260132,1252
3,0.24345609545707703,1253
3,0.23505568504333496,1254
3,0.13970650732517242,1255
3,0.11627961695194244,1256
3,0.15072371065616608,1257
3,0.23310168087482452,1258
3,0.23998643457889557,1259
3,0.1480078399181366,1260
3,0.2029018998146057,1261
3,0.24492815136909485,1262
3,0.21638840436935425,1263
3,0.19527240097522736,1264
3,0.14186635613441467,1265
3,0.1049857884645462,1266
3,0.23463955521583557,1267
3,0.2227843999862671,1268
3,0.16773828864097595,1269
3,0.21941609680652618,1270
3,0.24385541677474976,1271
3,0.12683404982089996,1272
2,0.11752962321043015,1273
3,0.12414421141147614,1274
3,0.1484394371509552,1275
3,0.1693236082792282,1276
3,0.21519584953784943,1277
3,0.13821199536323547,1278
3,0.169680655002594,1279
3,0.2023240178823471,1280
3,0.24879314005374908,1281
3,0.19978156685829163,1282
3,0.15824055671691895,1283
3,0.24180349707603455,1284
3,0.21713271737098694,1285
3,0.23373328149318695,1286
3,0.22490493953227997,1287
3,0.21828706562519073,1288
3,0.18330352008342743,1289
3,0.15735258162021637,1290
3,0.1733264923095703,1291
2,0.23308919370174408,1292
3,0.22001223266124725,1293
3,0.14092111587524414,1294
3,0.15712472796440125,1295
3,0.23226219415664673,1296
3,0.18210141360759735,1297
3,0.1927739530801773,1298
3,0.1969032734632492,1299
3,0.2143869698047638,1300
3,0.23961608111858368,1301
3,0.2448570877313614,1302
3,0.16300290822982788,1303
1,0.11146607995033264,1304
3,0.144789457321167,1305
3,0.10985711216926575,1306
3,0.12304714322090149,1307
3,0.14564140141010284,1308
3,0.1990126222372055,1309
3,0.24411645531654358,1310
3,0.1532040238380432,1311
3,0.15912459790706635,1312
3,0.1610424667596817,1313
3,0.2289433479309082,1314
3,0.1572541743516922,1315
3,0.12492813169956207,1316
3,0.14917756617069244,1317
3,0.22464917600154877,1318
3,0.14571420848369598,1319
1,0.09479139000177383,1320
3,0.14663392305374146,1321
3,0.17846740782260895,1322
3,0.22251398861408234,1323
3,0.1264849305152893,1324
3,0.14618408679962158,1325
3,0.16689585149288177,1326
3,0.21112647652626038,1327
3,0.23089195787906647,1328
3,0.16785958409309387,1329
3,0.2218993604183197,1330
3,0.2255188375711441,1331
3,0.2103399932384491,1332
4,0.253017395734787,1333
3,0.2180136740207672,1334
3,0.12557756900787354,1335
3,0.2138100415468216,1336
3,0.1418444663286209,1337
3,0.1603042185306549,1338
3,0.21981029212474823,1339
3,0.22663521766662598,1340
3,0.20116333663463593,1341
3,0.22949576377868652,1342
3,0.16440404951572418,1343
1,0.08873335272073746,1344
3,0.15850375592708588,1345
3,0.16106417775154114,1346
3,0.15848727524280548,1347
3,0.105662502348423,1348
3,0.24570463597774506,1349
3,0.23561948537826538,1350
3,0.17695990204811096,1351
3,0.1759313941001892,1352
3,0.12917999923229218,1353
3,0.16233885288238525,1354
1,0.019161634147167206,1355
3,0.188471719622612,1356
3,0.2254640907049179,1357
3,0.25356242060661316,1358
3,0.23144695162773132,1359
1,0.10501263290643692,1360
3,0.1491658091545105,1361
3,0.24553753435611725,1362
4,0.24698783457279205,1363
3,0.21758589148521423,1364
3,0.23649555444717407,1365
3,0.21080732345581055,1366
3,0.1488891839981079,1367
3,0.14784957468509674,1368
3,0.2555946409702301,1369
3,0.19445499777793884,1370
3,0.21368318796157837,1371
3,0.2596522569656372,1372
3,0.2528092861175537,1373
3,0.23444706201553345,1374
3,0.1447305530309677,1375
3,0.14735212922096252,1376
3,0.16398324072360992,1377
3,0.1726909577846527,1378
3,0.19788524508476257,1379
3,0.23117631673812866,1380
3,0.1456553190946579,1381
3,0.1992897391319275,1382
3,0.22860603034496307,1383
3,0.23759475350379944,1384
3,0.18629871308803558,1385
3,0.17491453886032104,1386
3,0.25845444202423096,1387
3,0.20694005489349365,1388
1,0.11423985660076141,1389
3,0.14423999190330505,1390
3,0.15480297803878784,1391
3,0.2189292013645172,1392
3,0.14560939371585846,1393
3,0.15618082880973816,1394
3,0.2176186591386795,1395
3,0.24142874777317047,1396
3,0.24520057439804077,1397
3,0.24355262517929077,1398
3,0.10845063626766205,1399
3,0.24082906544208527,1400
3,0.2276553064584732,1401
3,0.21026980876922607,1402
3,0.1833750158548355,1403
3,0.13735565543174744,1404
3,0.23205214738845825,1405
3,0.1354043185710907,1406
1,0.14837169647216797,1407
3,0.24769577383995056,1408
1,0.10166225582361221,1409
3,0.16870352625846863,1410
3,0.23425325751304626,1411
3,0.18673944473266602,1412
1,0.23901842534542084,1413
3,0.2609025537967682,1414
3,0.19171251356601715,1415
3,0.15039652585983276,1416
3,0.2150183767080307,1417
1,0.2253868728876114,1418
3,0.2804926335811615,1419
3,0.25229522585868835,1420
3,0.25362637639045715,1421
3,0.1933840811252594,1422
3,0.2812173068523407,1423
3,0.19173012673854828,1424
3,0.18827764689922333,1425
3,0.19753241539001465,1426
3,0.27029693126678467,1427
3,0.2502559721469879,1428
3,0.23963148891925812,1429
3,0.13290002942085266,1430
3,0.22658176720142365,1431
3,0.22769872844219208,1432
3,0.20359006524085999,1433
3,0.2538032829761505,1434
3,0.22969795763492584,1435
3,0.23763810098171234,1436
3,0.26217538118362427,1437
3,0.2581990361213684,1438
3,0.18269334733486176,1439
3,0.18221025168895721,1440
3,0.153407022356987,1441
3,0.17552371323108673,1442
3,0.26866012811660767,1443
3,0.2517837584018707,1444
3,0.2197561264038086,1445
3,0.1835547536611557,1446
3,0.15240263938903809,1447
1,0.1615729182958603,1448
3,0.2167712301015854,1449
3,0.26092517375946045,1450
3,0.21256443858146667,1451
3,0.12806326150894165,1452
3,0.12856490910053253,1453
3,0.15114830434322357,1454
3,0.21862518787384033,1455
3,0.21193557977676392,1456
3,0.2573624551296234,1457
3,0.2596113681793213,1458
3,0.26441484689712524,1459
3,0.24615901708602905,1460
3,0.29008737206459045,1461
3,0.18199247121810913,1462
3,0.20462766289710999,1463
3,0.2787458300590515,1464
3,0.27541857957839966,1465
3,0.2587936520576477,1466
3,0.2618770897388458,1467
3,0.17163951694965363,1468
3,0.25293344259262085,1469
1,0.16887083649635315,1470
3,0.12579317390918732,1471
3,0.2633120119571686,1472
3,0.2774450480937958,1473
3,0.23680545389652252,1474
3,0.2641642987728119,1475
4,0.26451271772384644,1476
3,0.22588613629341125,1477
3,0.2912918031215668,1478
3,0.2997324466705322,1479
3,0.2630692422389984,1480
3,0.2701338827610016,1481
3,0.2751113772392273,1482
1,0.1808280646800995,1483
3,0.27114608883857727,1484
3,0.1498080939054489,1485
2,0.33204570412635803,1486
3,0.12370944768190384,1487
3,0.15030714869499207,1488
3,0.23551703989505768,1489
3,0.26219260692596436,1490
3,0.2709029018878937,1491
3,0.12939190864562988,1492
3,0.1325409859418869,1493
3,0.1916184425354004,1494
1,0.12149449437856674,1495
3,0.1305428147315979,1496
3,0.2400006651878357,1497
3,0.3068864345550537,1498
3,0.29914459586143494,1499
3,0.2045789361000061,1500
3,0.3079967796802521,1501
3,0.3068525791168213,1502
3,0.31020885705947876,1503
3,0.2670172452926636,1504
3,0.13399390876293182,1505
3,0.16044604778289795,1506
3,0.24197722971439362,1507
3,0.3114003539085388,1508
3,0.13940761983394623,1509
3,0.1423833966255188,1510
3,0.18789546191692352,1511
3,0.18858754634857178,1512
3,0.2890758514404297,1513
3,0.21321891248226166,1514
3,0.28090888261795044,1515
3,0.1914849579334259,1516
3,0.18565823137760162,1517
3,0.3211631774902344,1518
3,0.3165113627910614,1519
3,0.210490882396698,1520
3,0.14717036485671997,1521
3,0.291890025138855,1522
3,0.27634507417678833,1523
3,0.238697350025177,1524
3,0.1642511487007141,1525
3,0.18489257991313934,1526
3,0.29618480801582336,1527
3,0.1801442950963974,1528
3,0.2830851972103119,1529
3,0.12478188425302505,1530
3,0.1731843203306198,1531
3,0.2939992845058441,1532
3,0.27872130274772644,1533
3,0.27872616052627563,1534
3,0.21083420515060425,1535
2,0.1204574927687645,1536
3,0.24783305823802948,1537
3,0.3300072252750397,1538
3,0.3144143521785736,1539
3,0.27972692251205444,1540
3,0.15546958148479462,1541
3,0.33132699131965637,1542
3,0.18704262375831604,1543
3,0.18227137625217438,1544
3,0.2119835764169693,1545
3,0.14824016392230988,1546
3,0.167950838804245,1547
3,0.18106988072395325,1548
3,0.18747453391551971,1549
3,0.32652634382247925,1550
3,0.3387630581855774,1551
3,0.3067682683467865,1552
3,0.29778504371643066,1553
3,0.28218743205070496,1554
3,0.14508262276649475,1555
3,0.33168110251426697,1556
3,0.34125062823295593,1557
3,0.2856478989124298,1558
3,0.24489013850688934,1559
3,0.12593664228916168,1560
3,0.14211511611938477,1561
3,0.2529386281967163,1562
2,0.31177324056625366,1563
3,0.30461907386779785,1564
3,0.23182110488414764,1565
3,0.18413114547729492,1566
3,0.340364933013916,1567
3,0.1375264674425125,1568
3,0.1405753195285797,1569
2,0.3697936534881592,1570
3,0.2730655074119568,1571
3,0.16138607263565063,1572
3,0.19410744309425354,1573
2,0.3108755946159363,1574
3,0.34318873286247253,1575
3,0.285693883895874,1576
3,0.3126106560230255,1577
3,0.3137848377227783,1578
3,0.2867327630519867,1579
3,0.27755120396614075,1580
3,0.2902333736419678,1581
3,0.2293076366186142,1582
3,0.3534679114818573,1583
3,0.2908329367637634,1584
3,0.29131799936294556,1585
3,0.18322889506816864,1586
3,0.28229010105133057,1587
3,0.2895174026489258,1588
3,0.21940045058727264,1589
3,0.13267391920089722,1590
3,0.16863714158535004,1591
3,0.35954803228378296,1592
3,0.32862478494644165,1593
3,0.13113117218017578,1594
1,0.12615017592906952,1595
3,0.16809646785259247,1596
3,0.2701016366481781,1597
3,0.2226606011390686,1598
3,0.1775018572807312,1599
3,0.1924154907464981,1600
3,0.30941540002822876,1601
3,0.3167905807495117,1602
3,0.20011010766029358,1603
3,0.19913560152053833,1604
3,0.31048986315727234,1605
3,0.31380322575569153,1606
3,0.31852877140045166,1607
3,0.2990872859954834,1608
3,0.20377153158187866,1609
1,0.12060347944498062,1610
3,0.12570099532604218,1611
3,0.19996550679206848,1612
2,0.31749626994132996,1613
3,0.317402184009552,1614
3,0.31066641211509705,1615
3,0.2826020121574402,1616
3,0.1737920045852661,1617
3,0.19890660047531128,1618
3,0.20238812267780304,1619
2,0.38195157051086426,1620
3,0.1756892055273056,1621
3,0.1762108951807022,1622
3,0.31846940517425537,1623
3,0.19536806643009186,1624
3,0.30333200097084045,1625
3,0.18740461766719818,1626
3,0.2746954560279846,1627
3,0.29498201608657837,1628
3,0.20292678475379944,1629
3,0.1697710007429123,1630
3,0.20648030936717987,1631
3,0.3220777213573456,1632
3,0.2845143675804138,1633
3,0.20171071588993073,1634
3,0.27668678760528564,1635
3,0.309423565864563,1636
3,0.307574063539505,1637
1,0.13612791895866394,1638
3,0.16900768876075745,1639
3,0.2056581676006317,1640
3,0.2735532522201538,1641
2,0.32446572184562683,1642
3,0.30419936776161194,1643
3,0.21527829766273499,1644
3,0.22515684366226196,1645
3,0.336885929107666,1646
3,0.33939069509506226,1647
3,0.3151646554470062,1648
3,0.31242918968200684,1649
3,0.20874039828777313,1650
2,0.38648444414138794,1651
3,0.3409356474876404,1652
3,0.20988304913043976,1653
3,0.3302832543849945,1654
3,0.34425076842308044,1655
3,0.31730538606643677,1656
3,0.2139878273010254,1657
3,0.1996348351240158,1658
3,0.2076115757226944,1659
3,0.32183295488357544,1660
3,0.3085850775241852,1661
3,0.31697535514831543,1662
3,0.2148846983909607,1663
3,0.3147214651107788,1664
3,0.2583657205104828,1665
3,0.17259277403354645,1666
3,0.21555086970329285,1667
3,0.32574915885925293,1668
3,0.24255810678005219,1669
3,0.22854898869991302,1670
3,0.21642549335956573,1671
3,0.21978096663951874,1672
3,0.21219022572040558,1673
3,0.21388770639896393,1674
3,0.2841259241104126,1675
3,0.3298809826374054,1676
3,0.3091491162776947,1677
3,0.2057981640100479,1678
3,0.23192454874515533,1679
3,0.21466325223445892,1680
3,0.21741488575935364,1681
3,0.2327210009098053,1682
3,0.32125478982925415,1683
3,0.2467506229877472,1684
3,0.21551170945167542,1685
3,0.21030811965465546,1686
3,0.33387309312820435,1687
3,0.29107367992401123,1688
3,0.24369016289710999,1689
3,0.2137307971715927,1690
3,0.19099707901477814,1691
3,0.19160157442092896,1692
3,0.21935810148715973,1693
3,0.20140375196933746,1694
3,0.16907308995723724,1695
3,0.2177676409482956,1696
3,0.3148866891860962,1697
3,0.2216467261314392,1698
2,0.3936600089073181,1699
3,0.18973074853420258,1700
3,0.22296427190303802,1701
3,0.1900498867034912,1702
3,0.21282093226909637,1703
4,0.34222710132598877,1704
1,0.14510440826416016,1705
3,0.29922816157341003,1706
3,0.22656306624412537,1707
3,0.23987047374248505,1708
3,0.3507436215877533,1709
3,0.13798806071281433,1710
3,0.3022575378417969,1711
3,0.2289055734872818,1712
3,0.334570050239563,1713
2,0.1380605399608612,1714
3,0.18696340918540955,1715
3,0.23165123164653778,1716
3,0.2203700691461563,1717
3,0.23970837891101837,1718
3,0.13862045109272003,1719
3,0.2211022824048996,1720
3,0.31820735335350037,1721
1,0.13078410923480988,1722
3,0.15933865308761597,1723
3,0.1313086450099945,1724
3,0.3519711196422577,1725
3,0.24674205482006073,1726
3,0.3668926954269409,1727
3,0.26536333560943604,1728
3,0.25875991582870483,1729
3,0.24337314069271088,1730
3,0.34100213646888733,1731
3,0.355961412191391,1732
2,0.35450002551078796,1733
3,0.19994698464870453,1734
3,0.2509833872318268,1735
3,0.36268624663352966,1736
3,0.250412255525589,1737
3,0.3445347249507904,1738
3,0.3656286895275116,1739
3,0.3633538782596588,1740
3,0.34724271297454834,1741
3,0.3186769187450409,1742
3,0.3239869773387909,1743
3,0.35270869731903076,1744
3,0.35487085580825806,1745
2,0.36152252554893494,1746
3,0.14103055000305176,1747
3,0.13986361026763916,1748
3,0.35091695189476013,1749
3,0.21581658720970154,1750
3,0.2565333843231201,1751
3,0.3305791914463043,1752
3,0.28294846415519714,1753
3,0.24997612833976746,1754
3,0.1590493768453598,1755
3,0.14254768192768097,1756
3,0.4007236957550049,1757
3,0.22198227047920227,1758
3,0.2367030382156372,1759
3,0.22902733087539673,1760
3,0.23798878490924835,1761
2,0.40222564339637756,1762
3,0.24180039763450623,1763
2,0.4098704159259796,1764
4,0.4040257930755615,1765
3,0.3901840150356293,1766
3,0.34135571122169495,1767
3,0.2861165702342987,1768
3,0.2753525674343109,1769
3,0.2850562632083893,1770
3,0.34148505330085754,1771
3,0.3386925756931305,1772
3,0.26553410291671753,1773
2,0.37462320923805237,1774
2,0.41194427013397217,1775
3,0.3972300887107849,1776
3,0.26361027359962463,1777
3,0.24622198939323425,1778
3,0.40062767267227173,1779
3,0.3517574071884155,1780
3,0.24448594450950623,1781
3,0.27031490206718445,1782
3,0.3562232553958893,1783
3,0.2269126921892166,1784
3,0.13854175806045532,1785
3,0.22163806855678558,1786
3,0.22317485511302948,1787
3,0.28038355708122253,1788
3,0.14073434472084045,1789
3,0.3535812199115753,1790
3,0.35836637020111084,1791
3,0.32553917169570923,1792
2,0.4161555767059326,1793
3,0.26650571823120117,1794
3,0.2828088104724884,1795
3,0.19457395374774933,1796
3,0.20097745954990387,1797
3,0.16297462582588196,1798
3,0.18677349388599396,1799
3,0.19278231263160706,1800
3,0.4109765589237213,1801
3,0.18188056349754333,1802
3,0.3922732472419739,1803
3,0.16881881654262543,1804
3,0.22007477283477783,1805
3,0.1295725703239441,1806
3,0.17716385424137115,1807
3,0.2183530479669571,1808
3,0.28301572799682617,1809
3,0.2392933964729309,1810
2,0.41986095905303955,1811
3,0.2409469336271286,1812
3,0.13117371499538422,1813
3,0.1704828143119812,1814
3,0.25090301036834717,1815
3,0.2931073307991028,1816
3,0.22805802524089813,1817
3,0.2908385992050171,1818
3,0.33695948123931885,1819
3,0.3810921907424927,1820
2,0.42338335514068604,1821
3,0.2951538860797882,1822
2,0.42448705434799194,1823
3,0.2972312271595001,1824
3,0.2310267686843872,1825
3,0.23116867244243622,1826
2,0.4012672007083893,1827
3,0.2620733082294464,1828
3,0.1428070217370987,1829
3,0.23316040635108948,1830
3,0.30328062176704407,1831
3,0.40141651034355164,1832
1,0.10120131820440292,1833
3,0.18164919316768646,1834
3,0.22820590436458588,1835
3,0.22908765077590942,1836
3,0.24181659519672394,1837
3,0.3314676880836487,1838
3,0.25180408358573914,1839
3,0.3077869415283203,1840
1,0.11551821976900101,1841
3,0.24338862299919128,1842
3,0.30722638964653015,1843
3,0.24994193017482758,1844
3,0.2997838258743286,1845
2,0.4292163550853729,1846
3,0.3110344409942627,1847
3,0.3091147541999817,1848
3,0.24133259057998657,1849
3,0.18117520213127136,1850
3,0.18486341834068298,1851
3,0.22197546064853668,1852
3,0.25788360834121704,1853
3,0.30725741386413574,1854
1,0.3356347382068634,1855
3,0.35531213879585266,1856
3,0.3296768069267273,1857
1,0.1317613422870636,1858
2,0.3090876042842865,1859
3,0.28658705949783325,1860
3,0.16393634676933289,1861
2,0.4138486683368683,1862
3,0.33236587047576904,1863
3,0.3152271807193756,1864
3,0.2363426834344864,1865
3,0.3103891611099243,1866
3,0.34061330556869507,1867
3,0.16322360932826996,1868
3,0.26231417059898376,1869
3,0.16134828329086304,1870
3,0.3144906461238861,1871
3,0.2643316388130188,1872
1,0.18790753185749054,1873
3,0.18884269893169403,1874
3,0.1657562255859375,1875
3,0.3124921917915344,1876
3,0.16550946235656738,1877
3,0.2575840353965759,1878
3,0.3054969012737274,1879
3,0.19755852222442627,1880
3,0.20272070169448853,1881
3,0.31814780831336975,1882
3,0.261314332485199,1883
3,0.13271526992321014,1884
3,0.14057709276676178,1885
3,0.3067692518234253,1886
3,0.1566944122314453,1887
3,0.2519054710865021,1888
3,0.1235518753528595,1889
2,0.41520100831985474,1890
3,0.32092684507369995,1891
3,0.17957350611686707,1892
3,0.29460275173187256,1893
3,0.28425416350364685,1894
3,0.3899851441383362,1895
3,0.22509455680847168,1896
3,0.1983868032693863,1897
3,0.17160573601722717,1898
3,0.1273287534713745,1899
3,0.26045259833335876,1900
1,0.16101191937923431,1901
3,0.18183623254299164,1902
3,0.22327034175395966,1903
3,0.24878408014774323,1904
3,0.26276612281799316,1905
3,0.32753506302833557,1906
3,0.3749791085720062,1907
3,0.3928973078727722,1908
3,0.2884151339530945,1909
3,0.22826598584651947,1910
3,0.2300931215286255,1911
3,0.23145870864391327,1912
3,0.19919879734516144,1913
3,0.22419527173042297,1914
3,0.20333826541900635,1915
3,0.2142225205898285,1916
3,0.2597048580646515,1917
3,0.1446533501148224,1918
3,0.2571832239627838,1919
2,0.41904976963996887,1920
3,0.2925495505332947,1921
3,0.2707515060901642,1922
3,0.22459948062896729,1923
3,0.26866766810417175,1924
3,0.28338944911956787,1925
3,0.2718510925769806,1926
2,0.2699642777442932,1927
3,0.13605384528636932,1928
3,0.2576042711734772,1929
3,0.2091219425201416,1930
3,0.20873260498046875,1931
1,0.24534526467323303,1932
3,0.21592234075069427,1933
3,0.21404120326042175,1934
3,0.28899627923965454,1935
3,0.3098498582839966,1936
3,0.15354549884796143,1937
3,0.39653486013412476,1938
3,0.2865781784057617,1939
3,0.3127075135707855,1940
3,0.2001134306192398,1941
3,0.15303248167037964,1942
3,0.2522744834423065,1943
3,0.23428945243358612,1944
2,0.4049161672592163,1945
3,0.20198851823806763,1946
3,0.26860785484313965,1947
2,0.4164208769798279,1948
1,0.2813199758529663,1949
3,0.15372957289218903,1950
3,0.2700902819633484,1951
3,0.27256345748901367,1952
3,0.27992621064186096,1953
3,0.22630703449249268,1954
3,0.21857072412967682,1955
3,0.30547651648521423,1956
3,0.14035803079605103,1957
3,0.22993887960910797,1958
3,0.22137665748596191,1959
2,0.0882190689444542,1960
3,0.13883669674396515,1961
3,0.15061993896961212,1962
3,0.09790162742137909,1963
3,0.146102637052536,1964
3,0.15081240236759186,1965
3,0.15412688255310059,1966
3,0.3359397351741791,1967
2,0.09103783220052719,1968
3,0.2875255048274994,1969
3,0.25184473395347595,1970
3,0.31726792454719543,1971
3,0.24006012082099915,1972
3,0.15185226500034332,1973
3,0.1597781628370285,1974
3,0.17582640051841736,1975
3,0.28924182057380676,1976
3,0.2899527847766876,1977
3,0.24657338857650757,1978
3,0.13344883918762207,1979
3,0.25521519780158997,1980
3,0.17204870283603668,1981
3,0.2351827174425125,1982
3,0.3515468239784241,1983
2,0.41764792799949646,1984
3,0.19514726102352142,1985
3,0.26820728182792664,1986
3,0.20094583928585052,1987
3,0.212384432554245,1988
3,0.14063537120819092,1989
3,0.2711116373538971,1990
3,0.23495937883853912,1991
3,0.22756822407245636,1992
3,0.40323251485824585,1993
3,0.2493346482515335,1994
3,0.12698543071746826,1995
3,0.12799914181232452,1996
3,0.25104108452796936,1997
3,0.3489344120025635,1998
3,0.245334655046463,1999
3,0.21872669458389282,2000
3,0.24382160604000092,2001
3,0.23741459846496582,2002
3,0.40968719124794006,2003
3,0.1218268945813179,2004
3,0.22646145522594452,2005
3,0.23574604094028473,2006
3,0.3251444399356842,2007
3,0.12542583048343658,2008
3,0.21210846304893494,2009
2,0.4178490936756134,2010
3,0.1241033747792244,2011
3,0.21410997211933136,2012
3,0.24427466094493866,2013
1,0.11327104270458221,2014
3,0.15067480504512787,2015
3,0.2153293937444687,2016
3,0.26606515049934387,2017
3,0.3559457063674927,2018
3,0.24536901712417603,2019
1,0.15427197515964508,2020
3,0.36358314752578735,2021
1,0.12421191483736038,2022
3,0.38529717922210693,2023
3,0.2016049176454544,2024
3,0.39013174176216125,2025
3,0.26179277896881104,2026
3,0.25836771726608276,2027
1,0.18769221007823944,2028
3,0.3944534361362457,2029
1,0.1427166759967804,2030
3,0.24040016531944275,2031
2,0.4189833402633667,2032
3,0.2541258633136749,2033
3,0.20813637971878052,2034
3,0.22607451677322388,2035
3,0.2245158702135086,2036
3,0.2317982017993927,2037
3,0.27096548676490784,2038
3,0.14427635073661804,2039
3,0.23285870254039764,2040
3,0.25379058718681335,2041
1,0.14305248856544495,2042
1,0.1407419741153717,2043
3,0.21698451042175293,2044
3,0.2288670390844345,2045
3,0.3610139787197113,2046
3,0.24999892711639404,2047
3,0.25039321184158325,2048
3,0.36394575238227844,2049
1,0.10353948920965195,2050
3,0.24775400757789612,2051
3,0.3511946499347687,2052
3,0.3599030673503876,2053
2,0.4191858172416687,2054
3,0.2718316316604614,2055
3,0.15800555050373077,2056
3,0.24634425342082977,2057
2,0.1583276242017746,2058
3,0.280918151140213,2059
3,0.21321995556354523,2060
3,0.30736517906188965,2061
3,0.15855465829372406,2062
3,0.2867518961429596,2063
3,0.22523963451385498,2064
3,0.10828253626823425,2065
3,0.15887221693992615,2066
3,0.2843639850616455,2067
3,0.24093441665172577,2068
3,0.11899100989103317,2069
3,0.10952528566122055,2070
3,0.38197460770606995,2071
3,0.3996303081512451,2072
3,0.18588991463184357,2073
3,0.1573411226272583,2074
3,0.36012279987335205,2075
2,0.420225590467453,2076
3,0.1864178627729416,2077
3,0.10892364382743835,2078
3,0.11191178113222122,2079
3,0.16319815814495087,2080
3,0.16704785823822021,2081
3,0.24730880558490753,2082
3,0.24884887039661407,2083
3,0.2496482878923416,2084
3,0.2490028440952301,2085
3,0.26181039214134216,2086
3,0.2512551546096802,2087
3,0.2488369196653366,2088
1,0.02929641492664814,2089
3,0.26062944531440735,2090
3,0.25405293703079224,2091
3,0.3478098213672638,2092
1,0.13430549204349518,2093
3,0.2906889021396637,2094
3,0.19254061579704285,2095
3,0.3032742738723755,2096
3,0.28567978739738464,2097
3,0.27047187089920044,2098
3,0.11816892772912979,2099
3,0.12716934084892273,2100
1,0.040961798280477524,2101
3,0.11443301290273666,2102
3,0.25991949439048767,2103
2,0.31845274567604065,2104
1,0.1229281798005104,2105
3,0.12945659458637238,2106
3,0.16381427645683289,2107
2,0.42087939381599426,2108
3,0.14224033057689667,2109
1,0.047097768634557724,2110
3,0.30058902502059937,2111
3,0.17251484096050262,2112
3,0.1730191558599472,2113
1,0.11467364430427551,2114
1,0.14849701523780823,2115
3,0.1584140509366989,2116
3,0.1554957777261734,2117
3,0.23473456501960754,2118
3,0.1294442117214203,2119
3,0.230758935213089,2120
3,0.12438978254795074,2121
3,0.22834494709968567,2122
2,0.42227816581726074,2123
2,0.3067401945590973,2124
3,0.16402748227119446,2125
3,0.15062852203845978,2126
3,0.1310652196407318,2127
3,0.12768688797950745,2128
3,0.2854825258255005,2129
3,0.2890772819519043,2130
3,0.3960363268852234,2131
2,0.3050922453403473,2132
3,0.15672239661216736,2133
3,0.13481086492538452,2134
2,0.42178255319595337,2135
1,0.14064419269561768,2136
3,0.1812531054019928,2137
3,0.4065784513950348,2138
3,0.2075045108795166,2139
3,0.1359115093946457,2140
3,0.10370182991027832,2141
3,0.2752339243888855,2142
3,0.21089251339435577,2143
1,0.11814776062965393,2144
1,0.0916828140616417,2145
3,0.18637453019618988,2146
3,0.169677734375,2147
3,0.26478156447410583,2148
3,0.16082057356834412,2149
3,0.11226800829172134,2150
3,0.417757123708725,2151
2,0.42293834686279297,2152
3,0.3358231484889984,2153
3,0.3068043291568756,2154
3,0.29668402671813965,2155
3,0.2820590138435364,2156
3,0.40966540575027466,2157
3,0.30881547927856445,2158
3,0.3934507966041565,2159
2,0.29608145356178284,2160
2,0.42279261350631714,2161
3,0.13160786032676697,2162
3,0.18458758294582367,2163
3,0.3903553783893585,2164
1,0.07211923599243164,2165
3,0.3239050507545471,2166
3,0.37540313601493835,2167
3,0.284653902053833,2168
3,0.41038408875465393,2169
2,0.42420414090156555,2170
3,0.17702941596508026,2171
3,0.2795346975326538,2172
3,0.19837993383407593,2173
3,0.19906865060329437,2174
3,0.2286405861377716,2175
3,0.2506633400917053,2176
3,0.4016883373260498,2177
2,0.4243079125881195,2178
3,0.2793673574924469,2179
3,0.2679164409637451,2180
3,0.22346509993076324,2181
3,0.29169073700904846,2182
3,0.2996194660663605,2183
3,0.21151700615882874,2184
3,0.28173747658729553,2185
2,0.4250175654888153,2186
2,0.3105109930038452,2187
3,0.28542330861091614,2188
3,0.12670911848545074,2189
3,0.26409628987312317,2190
3,0.352698415517807,2191
3,0.12685361504554749,2192
3,0.26751047372817993,2193
3,0.17050756514072418,2194
1,0.09249521791934967,2195
1,0.21387766301631927,2196
3,0.1721765398979187,2197
3,0.24051836133003235,2198
3,0.21690110862255096,2199
3,0.16961006820201874,2200
3,0.12878987193107605,2201
3,0.20416446030139923,2202
1,0.12087098509073257,2203
1,0.11939974874258041,2204
3,0.20109619200229645,2205
3,0.24457858502864838,2206
2,0.4256863296031952,2207
3,0.393047958612442,2208
1,0.11521410197019577,2209
3,0.2831028401851654,2210
3,0.1320856809616089,2211
3,0.12276364862918854,2212
3,0.20550791919231415,2213
3,0.26368483901023865,2214
3,0.16724149882793427,2215
3,0.18663343787193298,2216
1,0.11432201415300369,2217
1,0.06849280744791031,2218
3,0.2019127607345581,2219
3,0.21695828437805176,2220
3,0.2659892439842224,2221
3,0.1935720145702362,2222
3,0.1174061968922615,2223
3,0.14936958253383636,2224
1,0.13092468678951263,2225
3,0.152259960770607,2226
3,0.1665356159210205,2227
2,0.426252543926239,2228
3,0.12012990564107895,2229
3,0.12198889255523682,2230
3,0.20448021590709686,2231
3,0.29862451553344727,2232
3,0.22880621254444122,2233
3,0.2973596453666687,2234
3,0.18645963072776794,2235
3,0.1957867592573166,2236
3,0.3164484202861786,2237
3,0.14028409123420715,2238
3,0.16724389791488647,2239
3,0.1379060596227646,2240
3,0.16029851138591766,2241
3,0.18373605608940125,2242
3,0.23446379601955414,2243
1,0.020744044333696365,2244
3,0.25156262516975403,2245
3,0.2221071571111679,2246
3,0.12507832050323486,2247
3,0.2230529934167862,2248
3,0.1261974573135376,2249
3,0.33862772583961487,2250
3,0.3495790362358093,2251
3,0.14803583920001984,2252
3,0.13762407004833221,2253
3,0.21211043000221252,2254
3,0.21593116223812103,2255
3,0.3733215928077698,2256
3,0.2610380947589874,2257
3,0.2124999761581421,2258
3,0.13455429673194885,2259
3,0.17337411642074585,2260
2,0.41134458780288696,2261
1,0.1704624444246292,2262
3,0.17450474202632904,2263
3,0.20001477003097534,2264
3,0.13106311857700348,2265
3,0.1726410984992981,2266
1,0.1297328770160675,2267
1,0.11596831679344177,2268
3,0.1666766256093979,2269
3,0.171919047832489,2270
3,0.21700245141983032,2271
3,0.13744640350341797,2272
3,0.12979745864868164,2273
3,0.14244362711906433,2274
3,0.11859820783138275,2275
3,0.16756325960159302,2276
3,0.16156251728534698,2277
3,0.23521848022937775,2278
3,0.13697358965873718,2279
3,0.1873408406972885,2280
3,0.21170967817306519,2281
3,0.13182543218135834,2282
3,0.14247405529022217,2283
3,0.14360055327415466,2284
3,0.15451215207576752,2285
1,0.14884217083454132,2286
3,0.1576283574104309,2287
3,0.2395210564136505,2288
3,0.1328756958246231,2289
3,0.13060879707336426,2290
3,0.12792791426181793,2291
3,0.15325747430324554,2292
1,0.11454515159130096,2293
3,0.23342527449131012,2294
3,0.16660076379776,2295
4,0.122777558863163,2296
2,0.12262961268424988,2297
3,0.16600371897220612,2298
3,0.1679682731628418,2299
3,0.17336724698543549,2300
2,0.38690054416656494,2301
3,0.17415328323841095,2302
3,0.26617372035980225,2303
1,0.24907925724983215,2304
1,0.13014790415763855,2305
3,0.14986908435821533,2306
3,0.3145536482334137,2307
3,0.32495564222335815,2308
3,0.13157342374324799,2309
3,0.14157529175281525,2310
3,0.14197057485580444,2311
1,0.09566222131252289,2312
3,0.12999534606933594,2313
3,0.37143474817276,2314
3,0.12213612347841263,2315
3,0.1468203067779541,2316
3,0.2333078235387802,2317
3,0.14323948323726654,2318
3,0.127624973654747,2319
3,0.2228359580039978,2320
2,0.3793855309486389,2321
2,0.3346850872039795,2322
3,0.22423003613948822,2323
3,0.26127880811691284,2324
3,0.1443103402853012,2325
3,0.19098743796348572,2326
3,0.32886117696762085,2327
1,0.04050356522202492,2328
3,0.14497405290603638,2329
3,0.2298356592655182,2330
3,0.12535995244979858,2331
3,0.15776285529136658,2332
3,0.2661344110965729,2333
3,0.12020204961299896,2334
3,0.25898829102516174,2335
3,0.17104192078113556,2336
3,0.285956472158432,2337
3,0.1626158207654953,2338
3,0.16934968531131744,2339
3,0.29783156514167786,2340
3,0.28894394636154175,2341
3,0.16591386497020721,2342
3,0.1579834222793579,2343
3,0.21474406123161316,2344
3,0.15544064342975616,2345
3,0.16762374341487885,2346
3,0.20156654715538025,2347
3,0.2127055823802948,2348
2,0.36519861221313477,2349
3,0.20626413822174072,2350
3,0.11621402204036713,2351
3,0.14105713367462158,2352
3,0.19863289594650269,2353
2,0.1160949170589447,2354
3,0.13705003261566162,2355
3,0.17317429184913635,2356
3,0.18934154510498047,2357
3,0.3575536906719208,2358
3,0.1279648244380951,2359
3,0.14030133187770844,2360
2,0.3627892732620239,2361
3,0.25446760654449463,2362
3,0.1999872624874115,2363
3,0.11932753026485443,2364
3,0.1502581536769867,2365
3,0.1872352510690689,2366
3,0.271790087223053,2367
3,0.32751160860061646,2368
3,0.15100793540477753,2369
1,0.08278035372495651,2370
1,0.14895334839820862,2371
3,0.186757430434227,2372
3,0.18771342933177948,2373
3,0.2496180683374405,2374
3,0.29676195979118347,2375
3,0.315899521112442,2376
3,0.19890114665031433,2377
1,0.005928721744567156,2378
3,0.19470520317554474,2379
3,0.17840251326560974,2380
3,0.1762489527463913,2381
3,0.18656235933303833,2382
3,0.24010851979255676,2383
3,0.18207190930843353,2384
3,0.14787963032722473,2385
3,0.14624640345573425,2386
3,0.13479618728160858,2387
3,0.16496899724006653,2388
3,0.1914166510105133,2389
3,0.14756520092487335,2390
3,0.13824240863323212,2391
3,0.16351133584976196,2392
2,0.14701953530311584,2393
3,0.13534550368785858,2394
3,0.1338379681110382,2395
2,0.33361324667930603,2396
3,0.13344579935073853,2397
1,0.06565553694963455,2398
3,0.2165367603302002,2399
3,0.13372892141342163,2400
3,0.1266632080078125,2401
3,0.1606685072183609,2402
3,0.16337400674819946,2403
3,0.16505734622478485,2404
4,0.1464359164237976,2405
3,0.13006235659122467,2406
3,0.11553563177585602,2407
3,0.16540181636810303,2408
3,0.29088684916496277,2409
3,0.26807519793510437,2410
3,0.16540108621120453,2411
3,0.15679961442947388,2412
3,0.32607290148735046,2413
3,0.15233077108860016,2414
3,0.14794963598251343,2415
3,0.12915615737438202,2416
3,0.317190021276474,2417
3,0.166388139128685,2418
3,0.16610032320022583,2419
3,0.2029343843460083,2420
3,0.30713555216789246,2421
3,0.16188044846057892,2422
3,0.201976478099823,2423
3,0.21314910054206848,2424
3,0.15094026923179626,2425
3,0.21433018147945404,2426
2,0.33348503708839417,2427
3,0.14448629319667816,2428
1,0.11032852530479431,2429
3,0.2176358848810196,2430
3,0.15955381095409393,2431
2,0.3436409831047058,2432
3,0.12708404660224915,2433
3,0.12586714327335358,2434
3,0.15149983763694763,2435
3,0.14243115484714508,2436
3,0.17219345271587372,2437
3,0.1566932499408722,2438
3,0.16023825109004974,2439
3,0.27704164385795593,2440
3,0.24818278849124908,2441
3,0.1580253541469574,2442
3,0.1409119963645935,2443
2,0.3331384062767029,2444
3,0.1733740270137787,2445
3,0.22129613161087036,2446
3,0.22759929299354553,2447
3,0.2524418532848358,2448
3,0.17274953424930573,2449
3,0.2515240013599396,2450
3,0.13956210017204285,2451
3,0.2325887382030487,2452
3,0.25912967324256897,2453
3,0.17430856823921204,2454
3,0.28561869263648987,2455
3,0.21383437514305115,2456
3,0.1278788149356842,2457
3,0.22581924498081207,2458
3,0.18048982322216034,2459
3,0.13160450756549835,2460
3,0.13746137917041779,2461
3,0.13082823157310486,2462
3,0.17163364589214325,2463
2,0.32996833324432373,2464
3,0.1425645798444748,2465
1,0.11140112578868866,2466
3,0.1416582465171814,2467
3,0.1878092736005783,2468
3,0.1333080530166626,2469
3,0.21295802295207977,2470
3,0.18446829915046692,2471
3,0.20400531589984894,2472
3,0.19912582635879517,2473
1,0.09745682030916214,2474
3,0.21739977598190308,2475
3,0.2530878186225891,2476
3,0.20064479112625122,2477
1,0.12413287907838821,2478
3,0.21831035614013672,2479
3,0.2443443089723587,2480
3,0.24338212609291077,2481
3,0.3182336390018463,2482
3,0.14790834486484528,2483
2,0.32258307933807373,2484
3,0.18198679387569427,2485
3,0.16394002735614777,2486
3,0.12671802937984467,2487
3,0.1288502812385559,2488
3,0.11448058485984802,2489
3,0.19336964190006256,2490
3,0.20015759766101837,2491
3,0.1458027958869934,2492
3,0.14312763512134552,2493
3,0.14607934653759003,2494
3,0.1421208381652832,2495
3,0.165080264210701,2496
3,0.1840580701828003,2497
3,0.26146984100341797,2498
3,0.12346786260604858,2499
3,0.17280040681362152,2500
3,0.18452158570289612,2501
3,0.14818686246871948,2502
3,0.1258794069290161,2503
3,0.2529182732105255,2504
3,0.1563943773508072,2505
3,0.26869693398475647,2506
3,0.1567849963903427,2507
3,0.18632034957408905,2508
3,0.19481585919857025,2509
2,0.27348846197128296,2510
3,0.23477128148078918,2511
3,0.16573452949523926,2512
3,0.28035426139831543,2513
3,0.23523056507110596,2514
3,0.19609059393405914,2515
3,0.22831109166145325,2516
2,0.33179616928100586,2517
3,0.12740060687065125,2518
3,0.16218507289886475,2519
3,0.2888738811016083,2520
1,0.1323288083076477,2521
3,0.16383156180381775,2522
3,0.2547990381717682,2523
3,0.16336564719676971,2524
3,0.15196143090724945,2525
3,0.2525518238544464,2526
2,0.31479668617248535,2527
3,0.1363576054573059,2528
3,0.24957488477230072,2529
3,0.2299846112728119,2530
1,0.14542481303215027,2531
3,0.16174185276031494,2532
3,0.16515114903450012,2533
3,0.29128995537757874,2534
3,0.16846922039985657,2535
3,0.13997633755207062,2536
2,0.3201202154159546,2537
2,0.33145299553871155,2538
3,0.24852041900157928,2539
3,0.24887846410274506,2540
3,0.19526934623718262,2541
3,0.2029838114976883,2542
3,0.15103557705879211,2543
3,0.1553899049758911,2544
3,0.18135811388492584,2545
3,0.19452475011348724,2546
3,0.27244579792022705,2547
3,0.16146564483642578,2548
3,0.1209515854716301,2549
3,0.11853694170713425,2550
3,0.24384237825870514,2551
3,0.16100245714187622,2552
3,0.18067966401576996,2553
3,0.17931470274925232,2554
3,0.20311911404132843,2555
3,0.23474912345409393,2556
3,0.20366787910461426,2557
3,0.235483318567276,2558
3,0.1521027684211731,2559
3,0.19103823602199554,2560
3,0.18429918587207794,2561
3,0.1471186727285385,2562
3,0.1903001368045807,2563
3,0.21430076658725739,2564
3,0.29640576243400574,2565
3,0.23522402346134186,2566
3,0.1847231686115265,2567
2,0.33924347162246704,2568
3,0.18216033279895782,2569
3,0.13458696007728577,2570
3,0.2327912300825119,2571
3,0.1552242785692215,2572
3,0.17515075206756592,2573
2,0.3303128182888031,2574
3,0.23756065964698792,2575
3,0.12233691662549973,2576
1,0.12205783277750015,2577
2,0.1442183405160904,2578
3,0.33225151896476746,2579
3,0.23334087431430817,2580
3,0.0748211145401001,2581
3,0.11597771942615509,2582
3,0.2152814269065857,2583
3,0.1858978569507599,2584
1,0.06495393812656403,2585
3,0.18500062823295593,2586
3,0.1405518651008606,2587
3,0.17985869944095612,2588
3,0.18645867705345154,2589
3,0.17493756115436554,2590
3,0.18271969258785248,2591
3,0.1929391622543335,2592
2,0.3496882915496826,2593
1,0.08254995197057724,2594
3,0.17698240280151367,2595
3,0.2763044834136963,2596
3,0.25777366757392883,2597
3,0.2801620662212372,2598
3,0.19387103617191315,2599
3,0.2860678434371948,2600
3,0.24766497313976288,2601
3,0.22848710417747498,2602
3,0.09872329235076904,2603
3,0.2669624984264374,2604
3,0.25428837537765503,2605
3,0.24826505780220032,2606
3,0.14459873735904694,2607
3,0.24803563952445984,2608
3,0.190659299492836,2609
3,0.33805808424949646,2610
3,0.24884739518165588,2611
4,0.17512331902980804,2612
3,0.1742134839296341,2613
3,0.20074138045310974,2614
3,0.15210406482219696,2615
1,0.07362093031406403,2616
3,0.2899130880832672,2617
3,0.20204609632492065,2618
3,0.15076716244220734,2619
3,0.25058817863464355,2620
3,0.27810782194137573,2621
3,0.22160668671131134,2622
3,0.14956623315811157,2623
3,0.135902538895607,2624
3,0.11943721771240234,2625
3,0.11454030126333237,2626
3,0.13607686758041382,2627
3,0.25947532057762146,2628
2,0.3298472464084625,2629
3,0.2077275812625885,2630
3,0.17050908505916595,2631
3,0.2778357267379761,2632
3,0.27645066380500793,2633
3,0.20665250718593597,2634
3,0.14771617949008942,2635
3,0.2751167416572571,2636
3,0.26119208335876465,2637
3,0.16697916388511658,2638
3,0.26188722252845764,2639
3,0.2729070782661438,2640
3,0.18983660638332367,2641
3,0.2176354080438614,2642
3,0.18345849215984344,2643
3,0.15279436111450195,2644
2,0.3750951886177063,2645
2,0.3295707404613495,2646
3,0.32446956634521484,2647
3,0.24079228937625885,2648
3,0.19174359738826752,2649
3,0.1289912462234497,2650
3,0.1612660437822342,2651
3,0.2336704581975937,2652
3,0.32096177339553833,2653
3,0.1817615032196045,2654
3,0.22961224615573883,2655
3,0.1634395718574524,2656
3,0.1999509036540985,2657
3,0.15626069903373718,2658
3,0.16278398036956787,2659
3,0.17991365492343903,2660
3,0.2888752818107605,2661
1,0.11612015217542648,2662
3,0.27593299746513367,2663
2,0.38790595531463623,2664
3,0.2759893834590912,2665
3,0.13070212304592133,2666
3,0.28607049584388733,2667
3,0.1596255749464035,2668
3,0.1614437848329544,2669
3,0.36450597643852234,2670
3,0.18771892786026,2671
1,0.13518184423446655,2672
3,0.3440062701702118,2673
3,0.2362486720085144,2674
3,0.17280806601047516,2675
1,0.10546950250864029,2676
3,0.15789829194545746,2677
1,0.11906970292329788,2678
3,0.12026530504226685,2679
3,0.3757009208202362,2680
3,0.16137748956680298,2681
3,0.2168201059103012,2682
3,0.32213759422302246,2683
3,0.15288129448890686,2684
3,0.29927217960357666,2685
2,0.32880619168281555,2686
3,0.23985201120376587,2687
3,0.1616552770137787,2688
3,0.1392175257205963,2689
1,0.09159889072179794,2690
3,0.15912406146526337,2691
2,0.4032546877861023,2692
3,0.11752600967884064,2693
1,0.12901604175567627,2694
3,0.3066421151161194,2695
3,0.2590674161911011,2696
3,0.17528685927391052,2697
3,0.16175837814807892,2698
3,0.28543683886528015,2699
3,0.3125613331794739,2700
3,0.2191302627325058,2701
3,0.13621100783348083,2702
3,0.22498349845409393,2703
3,0.2485823780298233,2704
3,0.30409684777259827,2705
3,0.2963793873786926,2706
3,0.13399779796600342,2707
3,0.1183309406042099,2708
3,0.1463206708431244,2709
3,0.1337660402059555,2710
3,0.18634209036827087,2711
3,0.19023747742176056,2712
3,0.16625912487506866,2713
3,0.27757781744003296,2714
3,0.1914534568786621,2715
3,0.19109278917312622,2716
3,0.17274367809295654,2717
3,0.12235688418149948,2718
3,0.16682544350624084,2719
3,0.17181922495365143,2720
3,0.2766331136226654,2721
3,0.2902659475803375,2722
2,0.39854326844215393,2723
3,0.12126875668764114,2724
3,0.16726607084274292,2725
3,0.13674034178256989,2726
3,0.14360354840755463,2727
3,0.2565113604068756,2728
3,0.20254863798618317,2729
3,0.18562254309654236,2730
3,0.1564290076494217,2731
3,0.19815514981746674,2732
3,0.16105952858924866,2733
3,0.38333919644355774,2734
3,0.13526548445224762,2735
3,0.14092086255550385,2736
3,0.17159348726272583,2737
3,0.1951259821653366,2738
3,0.21760649979114532,2739
3,0.12054921686649323,2740
3,0.17772753536701202,2741
3,0.2590852677822113,2742
3,0.2547251880168915,2743
3,0.1940237432718277,2744
3,0.18965472280979156,2745
3,0.2605966329574585,2746
2,0.32834485173225403,2747
3,0.2525935769081116,2748
3,0.13933520019054413,2749
3,0.25971195101737976,2750
3,0.3593257665634155,2751
3,0.15515609085559845,2752
2,0.3925606310367584,2753
3,0.1632520854473114,2754
3,0.1292060911655426,2755
3,0.3043520748615265,2756
3,0.19620463252067566,2757
3,0.2576112747192383,2758
3,0.28177544474601746,2759
3,0.16265100240707397,2760
3,0.17400617897510529,2761
3,0.19049818813800812,2762
3,0.12769950926303864,2763
3,0.16232942044734955,2764
3,0.20984691381454468,2765
1,0.08690321445465088,2766
3,0.1684177964925766,2767
3,0.16976723074913025,2768
3,0.21146473288536072,2769
3,0.2550441324710846,2770
3,0.1858792006969452,2771
3,0.2112898975610733,2772
3,0.12133379280567169,2773
3,0.12818185985088348,2774
3,0.23173397779464722,2775
3,0.20690730214118958,2776
3,0.2004500925540924,2777
3,0.17504797875881195,2778
1,0.11138403415679932,2779
4,0.37691134214401245,2780
2,0.3888111710548401,2781
3,0.17548805475234985,2782
3,0.13177326321601868,2783
3,0.24963349103927612,2784
3,0.17624330520629883,2785
3,0.1307305544614792,2786
3,0.17538781464099884,2787
3,0.2512491047382355,2788
3,0.21977965533733368,2789
3,0.13528083264827728,2790
3,0.11832302063703537,2791
3,0.1760389804840088,2792
3,0.19462795555591583,2793
3,0.21751126646995544,2794
3,0.1756592094898224,2795
3,0.14501169323921204,2796
3,0.16751301288604736,2797
3,0.2388387769460678,2798
3,0.25881972908973694,2799
3,0.37416180968284607,2800
3,0.37557271122932434,2801
3,0.1714438796043396,2802
3,0.18796251714229584,2803
3,0.1247681975364685,2804
3,0.11292977631092072,2805
3,0.1740209013223648,2806
3,0.25736626982688904,2807
3,0.1606389582157135,2808
3,0.16988316178321838,2809
3,0.2967883348464966,2810
3,0.16096925735473633,2811
3,0.2070288360118866,2812
3,0.2955213189125061,2813
3,0.1509166806936264,2814
3,0.14248114824295044,2815
3,0.1825915426015854,2816
2,0.38262271881103516,2817
3,0.27332159876823425,2818
3,0.20882225036621094,2819
3,0.14796917140483856,2820
3,0.24045920372009277,2821
3,0.316623717546463,2822
3,0.14827466011047363,2823
3,0.18554551899433136,2824
3,0.1779295951128006,2825
3,0.19300192594528198,2826
2,0.19025199115276337,2827
3,0.20030207931995392,2828
3,0.2872089445590973,2829
3,0.18670234084129333,2830
3,0.15275420248508453,2831
3,0.18224169313907623,2832
3,0.2453620880842209,2833
2,0.3269537687301636,2834
3,0.20398804545402527,2835
3,0.19907091557979584,2836
1,0.12073314934968948,2837
3,0.1871582418680191,2838
3,0.18514776229858398,2839
3,0.2502439618110657,2840
3,0.19938911497592926,2841
3,0.35081353783607483,2842
3,0.17033089697360992,2843
2,0.3788600564002991,2844
3,0.19746920466423035,2845
3,0.2669692933559418,2846
3,0.3360673189163208,2847
1,0.049593228846788406,2848
3,0.13926419615745544,2849
4,0.14244787395000458,2850
3,0.18412670493125916,2851
3,0.2748529613018036,2852
3,0.28738442063331604,2853
3,0.3563804626464844,2854
3,0.19171357154846191,2855
3,0.1842019408941269,2856
3,0.27265796065330505,2857
3,0.2828565835952759,2858
3,0.3652105927467346,2859
3,0.1373053938150406,2860
3,0.18293657898902893,2861
3,0.18949422240257263,2862
3,0.19525034725666046,2863
3,0.15630395710468292,2864
3,0.19361981749534607,2865
3,0.2508423924446106,2866
3,0.27112096548080444,2867
3,0.17819491028785706,2868
2,0.21253573894500732,2869
4,0.21308697760105133,2870
2,0.2702212333679199,2871
3,0.2790960967540741,2872
3,0.21230822801589966,2873
3,0.27747637033462524,2874
3,0.20096692442893982,2875
3,0.13507942855358124,2876
3,0.15547071397304535,2877
4,0.19146056473255157,2878
3,0.23315592110157013,2879
3,0.26869672536849976,2880
3,0.2659432888031006,2881
3,0.18506379425525665,2882
3,0.16400067508220673,2883
3,0.27483341097831726,2884
2,0.3743082284927368,2885
3,0.2884691655635834,2886
3,0.21855513751506805,2887
3,0.2279433012008667,2888
3,0.32895904779434204,2889
3,0.2926901876926422,2890
1,0.05292709916830063,2891
3,0.34709790349006653,2892
3,0.3643343448638916,2893
3,0.16525278985500336,2894
3,0.178782656788826,2895
3,0.2012307047843933,2896
3,0.31428492069244385,2897
3,0.2057938128709793,2898
3,0.1592264175415039,2899
3,0.12677240371704102,2900
3,0.21585898101329803,2901
3,0.27600112557411194,2902
2,0.37155237793922424,2903
2,0.31198209524154663,2904
3,0.33561575412750244,2905
3,0.34742259979248047,2906
3,0.3268774151802063,2907
2,0.3702455163002014,2908
3,0.17195703089237213,2909
3,0.15209221839904785,2910
3,0.16272671520709991,2911
3,0.2138413041830063,2912
3,0.3065778315067291,2913
3,0.25859490036964417,2914
3,0.3237878084182739,2915
3,0.36291399598121643,2916
3,0.17547786235809326,2917
3,0.16750378906726837,2918
3,0.16673554480075836,2919
3,0.2085697203874588,2920
3,0.34020698070526123,2921
3,0.18444505333900452,2922
3,0.20826147496700287,2923
3,0.1852642297744751,2924
3,0.12877795100212097,2925
3,0.30168598890304565,2926
3,0.3505763113498688,2927
3,0.20942896604537964,2928
3,0.19692082703113556,2929
3,0.12977853417396545,2930
3,0.2525961101055145,2931
3,0.2981822192668915,2932
3,0.21848781406879425,2933
3,0.21757963299751282,2934
3,0.20121069252490997,2935
3,0.18665950000286102,2936
3,0.13680635392665863,2937
3,0.15184786915779114,2938
3,0.15206418931484222,2939
3,0.2803323268890381,2940
2,0.3055332899093628,2941
3,0.22437356412410736,2942
3,0.12921564280986786,2943
3,0.14047807455062866,2944
3,0.2974718511104584,2945
3,0.24094200134277344,2946
3,0.20319220423698425,2947
3,0.13685116171836853,2948
3,0.16107864677906036,2949
3,0.3155059218406677,2950
2,0.3660834729671478,2951
3,0.15457308292388916,2952
3,0.15572546422481537,2953
3,0.26414987444877625,2954
3,0.27778664231300354,2955
3,0.3098019063472748,2956
3,0.33627134561538696,2957
3,0.2360767126083374,2958
3,0.1549098640680313,2959
3,0.15985389053821564,2960
3,0.1632753163576126,2961
2,0.3031512200832367,2962
3,0.11720901727676392,2963
3,0.16281896829605103,2964
3,0.199014812707901,2965
3,0.1993906944990158,2966
3,0.12790799140930176,2967
3,0.1766071766614914,2968
3,0.1771879494190216,2969
3,0.29090356826782227,2970
2,0.30123642086982727,2971
3,0.28842753171920776,2972
3,0.15142758190631866,2973
3,0.3001841604709625,2974
3,0.3513610363006592,2975
3,0.2730479836463928,2976
3,0.30349791049957275,2977
2,0.36344701051712036,2978
3,0.16068027913570404,2979
1,0.1030389815568924,2980
3,0.14978589117527008,2981
3,0.15294067561626434,2982
3,0.3051218092441559,2983
3,0.27942997217178345,2984
3,0.1254138946533203,2985
3,0.342982679605484,2986
1,0.11485639214515686,2987
3,0.28461018204689026,2988
3,0.3312819004058838,2989
3,0.19627179205417633,2990
3,0.2853491008281708,2991
3,0.29835379123687744,2992
3,0.2578783631324768,2993
3,0.1992228627204895,2994
3,0.15628182888031006,2995
3,0.19027994573116302,2996
3,0.25426968932151794,2997
3,0.28388071060180664,2998
3,0.3435288071632385,2999
3,0.345718115568161,3000
3,0.2709060609340668,3001
3,0.15819992125034332,3002
3,0.1690511703491211,3003
3,0.2803021967411041,3004
3,0.1621854305267334,3005
1,0.07157007604837418,3006
3,0.16017672419548035,3007
3,0.16708874702453613,3008
3,0.2883821129798889,3009
2,0.35785576701164246,3010
3,0.275232195854187,3011
3,0.2744348347187042,3012
3,0.22632469236850739,3013
3,0.31720852851867676,3014
3,0.16484412550926208,3015
3,0.2275170236825943,3016
3,0.2856851816177368,3017
3,0.34634289145469666,3018
3,0.2197066694498062,3019
3,0.14519338309764862,3020
3,0.31437018513679504,3021
3,0.24771298468112946,3022
3,0.14870880544185638,3023
3,0.3212682604789734,3024
3,0.25710415840148926,3025
3,0.15741465985774994,3026
3,0.18368171155452728,3027
3,0.2825351357460022,3028
3,0.20962227880954742,3029
3,0.1362459510564804,3030
3,0.13934490084648132,3031
3,0.2138882875442505,3032
3,0.30535760521888733,3033
2,0.35396620631217957,3034
3,0.20324592292308807,3035
3,0.2760944664478302,3036
3,0.3106336295604706,3037
3,0.16193796694278717,3038
3,0.2752567529678345,3039
3,0.27625203132629395,3040
3,0.20676523447036743,3041
3,0.14083409309387207,3042
3,0.14296701550483704,3043
3,0.21948592364788055,3044
3,0.22278262674808502,3045
3,0.14615584909915924,3046
3,0.2248411923646927,3047
3,0.2058371901512146,3048
3,0.24304309487342834,3049
3,0.14822667837142944,3050
3,0.24118651449680328,3051
2,0.18761582672595978,3052
3,0.14790792763233185,3053
3,0.2003656029701233,3054
3,0.21059685945510864,3055
3,0.25203967094421387,3056
3,0.23253023624420166,3057
3,0.2409653514623642,3058
3,0.14736151695251465,3059
3,0.21434132754802704,3060
3,0.24880003929138184,3061
3,0.146049365401268,3062
3,0.1959390938282013,3063
3,0.2632766366004944,3064
3,0.2504114508628845,3065
3,0.26796385645866394,3066
3,0.20180849730968475,3067
3,0.15868517756462097,3068
3,0.1967359185218811,3069
3,0.249461829662323,3070
3,0.25342467427253723,3071
3,0.3134430944919586,3072
3,0.31624096632003784,3073
3,0.18293556571006775,3074
2,0.34964922070503235,3075
3,0.2576877772808075,3076
1,0.12569566071033478,3077
3,0.2112763375043869,3078
3,0.16714021563529968,3079
3,0.18801984190940857,3080
3,0.23580075800418854,3081
3,0.2614767253398895,3082
3,0.2657643258571625,3083
3,0.20957383513450623,3084
3,0.2051653116941452,3085
4,0.14585278928279877,3086
3,0.30401018261909485,3087
3,0.13748812675476074,3088
3,0.1530764400959015,3089
3,0.2289680540561676,3090
2,0.3026539981365204,3091
3,0.14535987377166748,3092
3,0.15604029595851898,3093
3,0.2151138037443161,3094
3,0.23834504187107086,3095
3,0.3001817464828491,3096
3,0.2036207765340805,3097
3,0.17105334997177124,3098
3,0.20895028114318848,3099
3,0.297254353761673,3100
3,0.17053303122520447,3101
3,0.25712519884109497,3102
3,0.19978804886341095,3103
3,0.22464923560619354,3104
3,0.24745124578475952,3105
3,0.22169587016105652,3106
3,0.18186311423778534,3107
3,0.24833272397518158,3108
3,0.23364877700805664,3109
3,0.15326820313930511,3110
1,0.10129420459270477,3111
3,0.2736566364765167,3112
3,0.17324185371398926,3113
3,0.13291224837303162,3114
3,0.2055288851261139,3115
3,0.1945057064294815,3116
3,0.1960056573152542,3117
3,0.20990008115768433,3118
3,0.21908803284168243,3119
1,0.274075448513031,3120
2,0.3417712152004242,3121
3,0.20642215013504028,3122
3,0.19396382570266724,3123
3,0.20657631754875183,3124
3,0.21491172909736633,3125
3,0.1962183266878128,3126
3,0.2784135937690735,3127
3,0.14477625489234924,3128
3,0.1701912134885788,3129
3,0.1451387107372284,3130
3,0.14105159044265747,3131
1,0.11445382237434387,3132
3,0.2611466944217682,3133
3,0.26565760374069214,3134
3,0.2865360379219055,3135
3,0.21647712588310242,3136
3,0.1325460970401764,3137
3,0.14176136255264282,3138
3,0.17247724533081055,3139
3,0.17649272084236145,3140
3,0.20375648140907288,3141
4,0.23312155902385712,3142
3,0.24975621700286865,3143
3,0.2645638883113861,3144
2,0.3340739607810974,3145
3,0.21662703156471252,3146
3,0.17117275297641754,3147
3,0.24252982437610626,3148
3,0.2850147783756256,3149
3,0.3337377607822418,3150
3,0.21205152571201324,3151
3,0.20506177842617035,3152
3,0.17780648171901703,3153
3,0.23990857601165771,3154
2,0.28394585847854614,3155
3,0.1892629712820053,3156
1,0.13564568758010864,3157
3,0.20375478267669678,3158
3,0.3285146951675415,3159
3,0.21309839189052582,3160
3,0.2032836526632309,3161
3,0.19782379269599915,3162
3,0.2103676199913025,3163
3,0.23748239874839783,3164
3,0.28213125467300415,3165
3,0.2067558765411377,3166
3,0.18073724210262299,3167
3,0.23597340285778046,3168
3,0.2834034264087677,3169
3,0.1628599315881729,3170
3,0.17899124324321747,3171
1,0.1091303676366806,3172
3,0.13835793733596802,3173
3,0.1387462466955185,3174
3,0.1892944574356079,3175
2,0.3173479735851288,3176
1,0.08207039535045624,3177
2,0.19991126656532288,3178
1,0.1365973949432373,3179
3,0.22920876741409302,3180
4,0.20035792887210846,3181
3,0.31282004714012146,3182
2,0.31359001994132996,3183
3,0.11517393589019775,3184
3,0.18938666582107544,3185
3,0.22639606893062592,3186
3,0.3119511902332306,3187
1,0.16460734605789185,3188
3,0.20200082659721375,3189
3,0.20530001819133759,3190
3,0.27270734310150146,3191
3,0.24647656083106995,3192
3,0.19837917387485504,3193
3,0.19853553175926208,3194
3,0.2693498730659485,3195
3,0.2640649080276489,3196
3,0.18067064881324768,3197
3,0.21862967312335968,3198
2,0.30709773302078247,3199
3,0.13307955861091614,3200
3,0.3081466853618622,3201
3,0.13122305274009705,3202
3,0.2550698220729828,3203
3,0.3046894967556,3204
3,0.3087560534477234,3205
3,0.20300497114658356,3206
3,0.19493506848812103,3207
3,0.19546301662921906,3208
3,0.2195112705230713,3209
3,0.23566561937332153,3210
3,0.29296913743019104,3211
3,0.2942527234554291,3212
3,0.30381959676742554,3213
3,0.24333085119724274,3214
3,0.13409124314785004,3215
3,0.15473268926143646,3216
3,0.18398705124855042,3217
3,0.2344997376203537,3218
3,0.25242891907691956,3219
3,0.19916972517967224,3220
1,0.08016074448823929,3221
3,0.18309436738491058,3222
3,0.21525363624095917,3223
3,0.23382115364074707,3224
3,0.26489588618278503,3225
3,0.15463538467884064,3226
3,0.15536025166511536,3227
3,0.22810162603855133,3228
3,0.08537064492702484,3229
3,0.15499624609947205,3230
3,0.15572547912597656,3231
3,0.17493659257888794,3232
3,0.27455317974090576,3233
3,0.1885218620300293,3234
3,0.1817229688167572,3235
3,0.2315485179424286,3236
3,0.25624188780784607,3237
3,0.18801502883434296,3238
3,0.12102971225976944,3239
3,0.15510274469852448,3240
3,0.22115269303321838,3241
3,0.23994314670562744,3242
1,0.081734798848629,3243
3,0.19035910069942474,3244
3,0.24851885437965393,3245
3,0.16664665937423706,3246
3,0.118016816675663,3247
3,0.15430760383605957,3248
3,0.21237803995609283,3249
3,0.2878005802631378,3250
3,0.21489258110523224,3251
3,0.2587684690952301,3252
3,0.2508937418460846,3253
1,0.11747239530086517,3254
3,0.16254426538944244,3255
3,0.1697017103433609,3256
3,0.25036880373954773,3257
3,0.1533871293067932,3258
3,0.278194397687912,3259
3,0.14576488733291626,3260
3,0.18604904413223267,3261
3,0.2713676393032074,3262
3,0.2763969302177429,3263
2,0.2860166132450104,3264
3,0.13101214170455933,3265
3,0.13775983452796936,3266
3,0.18562859296798706,3267
3,0.2902615964412689,3268
3,0.18925856053829193,3269
3,0.26475051045417786,3270
3,0.27025219798088074,3271
3,0.1913285106420517,3272
3,0.1719977855682373,3273
3,0.1795346587896347,3274
3,0.17509356141090393,3275
3,0.2655084431171417,3276
3,0.2812497913837433,3277
3,0.25622060894966125,3278
2,0.27678248286247253,3279
3,0.14758719503879547,3280
3,0.2421356588602066,3281
3,0.27425438165664673,3282
3,0.13543438911437988,3283
3,0.17519858479499817,3284
3,0.1506667286157608,3285
3,0.17143745720386505,3286
3,0.16911581158638,3287
3,0.26581689715385437,3288
3,0.2398921400308609,3289
3,0.2547640800476074,3290
3,0.2694225311279297,3291
3,0.1346392184495926,3292
3,0.16571350395679474,3293
1,0.11117996275424957,3294
3,0.16947579383850098,3295
3,0.17960424721240997,3296
3,0.2075158804655075,3297
3,0.20296426117420197,3298
3,0.14836850762367249,3299
3,0.14612740278244019,3300
1,0.14462138712406158,3301
3,0.15817959606647491,3302
3,0.24789349734783173,3303
3,0.252404123544693,3304
3,0.15322788059711456,3305
3,0.17642393708229065,3306
1,0.11162412166595459,3307
3,0.1629401445388794,3308
1,0.15420962870121002,3309
3,0.24636904895305634,3310
3,0.2450091391801834,3311
2,0.26601096987724304,3312
3,0.16965214908123016,3313
3,0.1669897735118866,3314
3,0.24294938147068024,3315
3,0.23602283000946045,3316
3,0.2109350562095642,3317
3,0.21183286607265472,3318
3,0.26791447401046753,3319
3,0.23595629632472992,3320
3,0.15095724165439606,3321
3,0.16506542265415192,3322
3,0.233944371342659,3323
3,0.23935459554195404,3324
3,0.13210158050060272,3325
3,0.17592501640319824,3326
3,0.1955883651971817,3327
3,0.1434624195098877,3328
3,0.1632915884256363,3329
3,0.21652667224407196,3330
3,0.15467356145381927,3331
3,0.20165392756462097,3332
3,0.1910153180360794,3333
1,0.1196519285440445,3334
3,0.12406416982412338,3335
3,0.1929982304573059,3336
3,0.19472427666187286,3337
3,0.19739720225334167,3338
3,0.19975602626800537,3339
3,0.17095936834812164,3340
3,0.2030298262834549,3341
3,0.20525671541690826,3342
3,0.2593843638896942,3343
3,0.24654582142829895,3344
3,0.1459612399339676,3345
3,0.23998333513736725,3346
3,0.177972674369812,3347
3,0.1619335114955902,3348
3,0.19275541603565216,3349
3,0.2535320222377777,3350
3,0.16556333005428314,3351
3,0.18859919905662537,3352
3,0.2109585851430893,3353
3,0.12421204894781113,3354
3,0.15153129398822784,3355
3,0.1602528840303421,3356
3,0.17131765186786652,3357
1,0.15105663239955902,3358
3,0.2463967502117157,3359
3,0.16075967252254486,3360
3,0.1431507021188736,3361
3,0.16054441034793854,3362
1,0.15866482257843018,3363
4,0.24805781245231628,3364
2,0.24746470153331757,3365
3,0.1835802048444748,3366
3,0.19671067595481873,3367
3,0.1223483458161354,3368
3,0.19548018276691437,3369
3,0.19878828525543213,3370
3,0.188863143324852,3371
3,0.19124287366867065,3372
3,0.1822068989276886,3373
1,0.04856457561254501,3374
3,0.16072165966033936,3375
3,0.20666749775409698,3376
3,0.23270832002162933,3377
3,0.15301181375980377,3378
3,0.12114600837230682,3379
3,0.12560337781906128,3380
3,0.1455267071723938,3381
3,0.22114431858062744,3382
3,0.16757498681545258,3383
3,0.18371042609214783,3384
3,0.24922454357147217,3385
3,0.13966858386993408,3386
3,0.14532573521137238,3387
4,0.1475486159324646,3388
3,0.19147279858589172,3389
3,0.24031151831150055,3390
3,0.24732598662376404,3391
3,0.13950446248054504,3392
3,0.16789014637470245,3393
3,0.13813187181949615,3394
3,0.14498066902160645,3395
3,0.22982452809810638,3396
3,0.16718938946723938,3397
3,0.14786404371261597,3398
3,0.14531834423542023,3399
3,0.18543493747711182,3400
3,0.18370459973812103,3401
3,0.2417990267276764,3402
3,0.20719942450523376,3403
1,0.13645198941230774,3404
3,0.1189132109284401,3405
3,0.18008024990558624,3406
3,0.23412756621837616,3407
3,0.22800713777542114,3408
3,0.22695131599903107,3409
3,0.15522193908691406,3410
3,0.233486607670784,3411
1,0.22018146514892578,3412
3,0.17417117953300476,3413
3,0.11802034080028534,3414
3,0.11661583185195923,3415
3,0.15432679653167725,3416
3,0.22929680347442627,3417
3,0.1303788274526596,3418
3,0.22500121593475342,3419
1,0.13041067123413086,3420
3,0.18150632083415985,3421
3,0.16917571425437927,3422
3,0.19473867118358612,3423
3,0.1166536808013916,3424
3,0.11551050841808319,3425
3,0.22708900272846222,3426
3,0.1428317427635193,3427
3,0.15135984122753143,3428
1,0.11255056411027908,3429
3,0.15031485259532928,3430
3,0.17010851204395294,3431
3,0.17973075807094574,3432
3,0.22468425333499908,3433
3,0.12431822717189789,3434
3,0.23494142293930054,3435
3,0.12823854386806488,3436
3,0.18426038324832916,3437
3,0.1899913251399994,3438
3,0.15092188119888306,3439
3,0.1516902893781662,3440
3,0.1469368189573288,3441
3,0.23289577662944794,3442
3,0.23035268485546112,3443
1,0.1160341128706932,3444
3,0.1603745073080063,3445
3,0.2054460346698761,3446
3,0.22972188889980316,3447
3,0.18090780079364777,3448
3,0.20302535593509674,3449
3,0.22190381586551666,3450
3,0.16425015032291412,3451
3,0.1465303748846054,3452
3,0.13730593025684357,3453
3,0.16649939119815826,3454
3,0.16372664272785187,3455
3,0.12284185737371445,3456
3,0.1979457288980484,3457
3,0.2244901955127716,3458
3,0.11178974062204361,3459
3,0.10840322822332382,3460
3,0.15847623348236084,3461
3,0.22315289080142975,3462
3,0.12311242520809174,3463
3,0.16018806397914886,3464
3,0.21229778230190277,3465
3,0.15978485345840454,3466
3,0.174091175198555,3467
3,0.17359879612922668,3468
3,0.18197892606258392,3469
3,0.20833908021450043,3470
3,0.20320169627666473,3471
1,0.09770839661359787,3472
3,0.16064566373825073,3473
3,0.21063904464244843,3474
3,0.20667210221290588,3475
3,0.13483810424804688,3476
2,0.20535624027252197,3477
3,0.11018400639295578,3478
3,0.10559235513210297,3479
3,0.17837072908878326,3480
3,0.14205916225910187,3481
3,0.14425237476825714,3482
3,0.20410332083702087,3483
3,0.17924124002456665,3484
3,0.21827296912670135,3485
3,0.20422649383544922,3486
3,0.13566167652606964,3487
3,0.14314107596874237,3488
3,0.11862708628177643,3489
3,0.13535040616989136,3490
3,0.1788100153207779,3491
3,0.12001221626996994,3492
3,0.10448173433542252,3493
3,0.11804375052452087,3494
3,0.1667921543121338,3495
3,0.17821313440799713,3496
3,0.1990320384502411,3497
1,0.12590144574642181,3498
3,0.1555815041065216,3499
3,0.15554577112197876,3500
3,0.16959403455257416,3501
3,0.1724720150232315,3502
3,0.1757839322090149,3503
3,0.21138903498649597,3504
3,0.20132111012935638,3505
3,0.20055964589118958,3506
1,0.07378865033388138,3507
3,0.1734461486339569,3508
3,0.16705113649368286,3509
3,0.17578838765621185,3510
1,0.10445573925971985,3511
3,0.11642935127019882,3512
3,0.1716655194759369,3513
3,0.1493300050497055,3514
3,0.1398824155330658,3515
3,0.1774173229932785,3516
3,0.11477478593587875,3517
3,0.14163365960121155,3518
3,0.20082640647888184,3519
3,0.15753968060016632,3520
3,0.11732405424118042,3521
3,0.1656317412853241,3522
3,0.12989449501037598,3523
3,0.14101549983024597,3524
3,0.15082553029060364,3525
3,0.20352786779403687,3526
3,0.16572922468185425,3527
3,0.20278851687908173,3528
3,0.12941913306713104,3529
3,0.19539301097393036,3530
3,0.13450618088245392,3531
3,0.19376440346240997,3532
1,0.10268854349851608,3533
3,0.19658733904361725,3534
3,0.13723799586296082,3535
1,0.13928166031837463,3536
3,0.19408074021339417,3537
3,0.19797292351722717,3538
3,0.15404947102069855,3539
3,0.13301491737365723,3540
3,0.20146989822387695,3541
1,0.0913366824388504,3542
1,0.11348129063844681,3543
3,0.12098831683397293,3544
3,0.1923299878835678,3545
3,0.16187722980976105,3546
3,0.16029049456119537,3547
3,0.16243843734264374,3548
3,0.19898909330368042,3549
3,0.15977853536605835,3550
3,0.16776445508003235,3551
3,0.1990780234336853,3552
3,0.19196410477161407,3553
3,0.1517343968153,3554
3,0.1349724531173706,3555
3,0.1468959003686905,3556
3,0.1510802060365677,3557
3,0.1959843933582306,3558
1,0.10408198088407516,3559
3,0.15958648920059204,3560
3,0.19081051647663116,3561
2,0.1344882994890213,3562
3,0.1344834417104721,3563
3,0.16568899154663086,3564
3,0.1939220279455185,3565
3,0.1894247978925705,3566
3,0.1933935582637787,3567
3,0.14239661395549774,3568
3,0.1273707151412964,3569
3,0.15946897864341736,3570
3,0.1609090119600296,3571
3,0.17812040448188782,3572
3,0.1879764050245285,3573
1,0.11739829927682877,3574
3,0.18569427728652954,3575
1,0.08571526408195496,3576
1,0.12523962557315826,3577
3,0.17612849175930023,3578
3,0.17659467458724976,3579
3,0.16660775244235992,3580
3,0.18146762251853943,3581
3,0.18587206304073334,3582
3,0.11465828120708466,3583
3,0.19106540083885193,3584
3,0.18480287492275238,3585
3,0.1656569242477417,3586
3,0.1317594349384308,3587
1,0.07728185504674911,3588
3,0.14037278294563293,3589
3,0.1820274293422699,3590
3,0.14142780005931854,3591
3,0.1595451682806015,3592
3,0.1864178627729416,3593
1,0.10586996376514435,3594
3,0.18058744072914124,3595
1,0.10646811872720718,3596
3,0.15232400596141815,3597
3,0.15194378793239594,3598
3,0.16009128093719482,3599
2,0.1837625354528427,3600
3,0.1488112360239029,3601
4,0.1841052621603012,3602
3,0.18466348946094513,3603
2,0.18361473083496094,3604
3,0.1313537061214447,3605
3,0.14864717423915863,3606
3,0.11910391598939896,3607
3,0.1534743756055832,3608
3,0.18277204036712646,3609
3,0.146912083029747,3610
3,0.14786790311336517,3611
3,0.1491318643093109,3612
3,0.16912131011486053,3613
3,0.17820197343826294,3614
1,0.12916117906570435,3615
1,0.13559065759181976,3616
3,0.13876157999038696,3617
3,0.17756226658821106,3618
3,0.1495429128408432,3619
3,0.12678271532058716,3620
3,0.14353697001934052,3621
3,0.16620108485221863,3622
3,0.1627204269170761,3623
3,0.14903707802295685,3624
3,0.16435207426548004,3625
1,0.11853834986686707,3626
3,0.17310506105422974,3627
3,0.1726086437702179,3628
3,0.13547074794769287,3629
3,0.17134618759155273,3630
3,0.17171205580234528,3631
3,0.14041614532470703,3632
3,0.15943415462970734,3633
3,0.16193953156471252,3634
3,0.14454451203346252,3635
3,0.17098362743854523,3636
3,0.14673000574111938,3637
3,0.13975071907043457,3638
3,0.17358653247356415,3639
3,0.13347767293453217,3640
3,0.1678643673658371,3641
3,0.15850092470645905,3642
3,0.1652686595916748,3643
1,0.06691603362560272,3644
3,0.14178873598575592,3645
3,0.16481630504131317,3646
3,0.17137658596038818,3647
3,0.1392912119626999,3648
3,0.16709229350090027,3649
3,0.14364105463027954,3650
3,0.14649683237075806,3651
3,0.16981351375579834,3652
3,0.16235782206058502,3653
1,0.11967340856790543,3654
3,0.14057229459285736,3655
3,0.16498823463916779,3656
3,0.15637966990470886,3657
3,0.16534018516540527,3658
3,0.16495536267757416,3659
3,0.14541128277778625,3660
3,0.16266100108623505,3661
3,0.16073454916477203,3662
1,0.06621680408716202,3663
3,0.1457800567150116,3664
3,0.13950428366661072,3665
3,0.15429401397705078,3666
3,0.16170166432857513,3667
3,0.1384543925523758,3668
3,0.15198248624801636,3669
3,0.16303031146526337,3670
1,0.10200519114732742,3671
3,0.14127250015735626,3672
3,0.1555062085390091,3673
3,0.1598302721977234,3674
3,0.15111398696899414,3675
3,0.1561528444290161,3676
3,0.14080365002155304,3677
3,0.14986376464366913,3678
3,0.15357233583927155,3679
1,0.11573948711156845,3680
1,0.055642545223236084,3681
3,0.15496429800987244,3682
3,0.15857838094234467,3683
3,0.1544712334871292,3684
4,0.15212169289588928,3685
3,0.15102516114711761,3686
1,0.09079787135124207,3687
3,0.15276950597763062,3688
3,0.14657264947891235,3689
3,0.12410164624452591,3690
3,0.15395578742027283,3691
3,0.14767204225063324,3692
3,0.13708460330963135,3693
3,0.15029683709144592,3694
3,0.1456042379140854,3695
3,0.15150415897369385,3696
3,0.11918280273675919,3697
3,0.13264253735542297,3698
1,0.11914340406656265,3699
3,0.13134869933128357,3700
3,0.15168258547782898,3701
3,0.14692182838916779,3702
3,0.14038912951946259,3703
3,0.14060257375240326,3704
2,0.14101257920265198,3705
3,0.14220882952213287,3706
3,0.14185671508312225,3707
3,0.1360347867012024,3708
3,0.14749068021774292,3709
3,0.12602514028549194,3710
3,0.14743229746818542,3711
1,0.08748362958431244,3712
4,0.1461111605167389,3713
2,0.14565405249595642,3714
3,0.1258985549211502,3715
3,0.14111441373825073,3716
3,0.1155281513929367,3717
3,0.1303626000881195,3718
3,0.14235340058803558,3719
3,0.11670789867639542,3720
3,0.14305272698402405,3721
3,0.14380230009555817,3722
3,0.10342153161764145,3723
3,0.11762236803770065,3724
3,0.14080339670181274,3725
3,0.13645532727241516,3726
2,0.11739955842494965,3727
3,0.1268492341041565,3728
3,0.14048703014850616,3729
3,0.13237974047660828,3730
3,0.11708095669746399,3731
3,0.13869276642799377,3732
3,0.14131806790828705,3733
3,0.13980193436145782,3734
3,0.13507777452468872,3735
3,0.14040222764015198,3736
3,0.12726368010044098,3737
1,0.09602460265159607,3738
3,0.13749344646930695,3739
3,0.10638239979743958,3740
3,0.12613791227340698,3741
3,0.1252897083759308,3742
3,0.12143182754516602,3743
3,0.13646265864372253,3744
3,0.13355332612991333,3745
3,0.137963205575943,3746
3,0.1383122205734253,3747
1,0.05960045009851456,3748
3,0.10782851278781891,3749
3,0.12478449940681458,3750
1,0.102688267827034,3751
3,0.13754528760910034,3752
3,0.12722022831439972,3753
3,0.1365228295326233,3754
3,0.1366942822933197,3755
3,0.13099296391010284,3756
3,0.13103680312633514,3757
3,0.13577412068843842,3758
3,0.13141261041164398,3759
1,0.05467601865530014,3760
3,0.1312977820634842,3761
3,0.13299071788787842,3762
3,0.13188233971595764,3763
1,0.09162744879722595,3764
3,0.133932963013649,3765
3,0.12069718539714813,3766
3,0.13368065655231476,3767
3,0.13342250883579254,3768
3,0.1297515332698822,3769
3,0.12673670053482056,3770
3,0.12791334092617035,3771
3,0.13131526112556458,3772
4,0.1324165016412735,3773
3,0.12994936108589172,3774
3,0.1307804435491562,3775
3,0.12113653123378754,3776
3,0.1294843554496765,3777
3,0.12814068794250488,3778
3,0.12551172077655792,3779
3,0.11667003482580185,3780
3,0.12698978185653687,3781
3,0.1298256516456604,3782
3,0.13038058578968048,3783
3,0.12419443577528,3784
3,0.12610356509685516,3785
3,0.12605023384094238,3786
3,0.12589141726493835,3787
3,0.11827202141284943,3788
3,0.1248449832201004,3789
3,0.12432589381933212,3790
3,0.12779517471790314,3791
3,0.11245521903038025,3792
3,0.11707863211631775,3793
3,0.12694188952445984,3794
3,0.12357935309410095,3795
3,0.1245848685503006,3796
1,0.07492633908987045,3797
3,0.12010606378316879,3798
3,0.12326472252607346,3799
3,0.12690651416778564,3800
3,0.12484780699014664,3801
2,0.12101580202579498,3802
4,0.12115808576345444,3803
3,0.12198856472969055,3804
3,0.1205507218837738,3805
3,0.12137246131896973,3806
3,0.12066657096147537,3807
3,0.12431351095438004,3808
3,0.12087055295705795,3809
3,0.12148047983646393,3810
3,0.1233176738023758,3811
3,0.12050474435091019,3812
3,0.11511645466089249,3813
3,0.12006649374961853,3814
3,0.12166775017976761,3815
3,0.12315870076417923,3816
3,0.11963191628456116,3817
1,0.044640518724918365,3818
3,0.1226341724395752,3819
3,0.12262001633644104,3820
3,0.11881467700004578,3821
3,0.12224522233009338,3822
3,0.1206102967262268,3823
3,0.12074393033981323,3824
3,0.12055527418851852,3825
3,0.12223199754953384,3826
1,0.055469535291194916,3827
3,0.11834599077701569,3828
3,0.12186142057180405,3829
3,0.10357271134853363,3830
3,0.11770620942115784,3831
3,0.1227392628788948,3832
3,0.11670519411563873,3833
3,0.1180722713470459,3834
3,0.10714580863714218,3835
1,0.07357152551412582,3836
3,0.10137702524662018,3837
3,0.11612801253795624,3838
1,0.0951438695192337,3839
3,0.11864066869020462,3840
3,0.11928946524858475,3841
3,0.11910895258188248,3842
1,0.08880569040775299,3843
3,0.11879575252532959,3844
3,0.11606937646865845,3845
2,0.11860629916191101,3846
3,0.11920627951622009,3847
3,0.11863230913877487,3848
3,0.1163567304611206,3849
3,0.1182844489812851,3850
3,0.11618901789188385,3851
3,0.09262074530124664,3852
3,0.10924295336008072,3853
3,0.11595265567302704,3854
3,0.11470405757427216,3855
3,0.11400448530912399,3856
3,0.11597009748220444,3857
3,0.11750691384077072,3858
3,0.11435447633266449,3859
3,0.11626692116260529,3860
3,0.11599645018577576,3861
1,0.0935468077659607,3862
3,0.11603984981775284,3863
3,0.09486649930477142,3864
3,0.11257675290107727,3865
3,0.1153746172785759,3866
3,0.098433718085289,3867
3,0.11347740143537521,3868
3,0.10951283574104309,3869
3,0.09788895398378372,3870
1,0.1104884222149849,3871
3,0.09374555200338364,3872
3,0.11410520225763321,3873
3,0.11493048816919327,3874
3,0.09314002096652985,3875
1,0.11263570189476013,3876
3,0.11455453932285309,3877
3,0.11448294669389725,3878
3,0.09834866970777512,3879
3,0.113499715924263,3880
3,0.11205732822418213,3881
2,0.0920199528336525,3882
3,0.11269760131835938,3883
3,0.10150056332349777,3884
3,0.11151745915412903,3885
3,0.10092978924512863,3886
3,0.09066976606845856,3887
3,0.10998266190290451,3888
3,0.11123477667570114,3889
3,0.11075828224420547,3890
3,0.11229506880044937,3891
3,0.10047668218612671,3892
3,0.11280625313520432,3893
3,0.11170106381177902,3894
3,0.1029105857014656,3895
3,0.10288899391889572,3896
3,0.11120510846376419,3897
3,0.10318748652935028,3898
3,0.10966062545776367,3899
1,0.08765443414449692,3900
3,0.10624498128890991,3901
3,0.11081340909004211,3902
3,0.10976221412420273,3903
3,0.10974857956171036,3904
3,0.10814563930034637,3905
3,0.10733143985271454,3906
3,0.10663196444511414,3907
1,0.094720758497715,3908
3,0.10855616629123688,3909
3,0.10902170836925507,3910
3,0.09953075647354126,3911
1,0.09984017163515091,3912
3,0.10903406143188477,3913
3,0.09841486066579819,3914
3,0.11112143844366074,3915
3,0.09270305931568146,3916
3,0.10768210142850876,3917
3,0.1053149625658989,3918
3,0.10627572983503342,3919
3,0.10809982568025589,3920
3,0.10571639984846115,3921
1,0.10486730188131332,3922
3,0.09710099548101425,3923
3,0.10594196617603302,3924
3,0.10882657021284103,3925
3,0.10468234121799469,3926
3,0.10337670892477036,3927
3,0.10709171742200851,3928
3,0.10902940481901169,3929
3,0.10331805050373077,3930
3,0.09429622441530228,3931
3,0.10249685496091843,3932
1,0.09627926349639893,3933
3,0.104313924908638,3934
3,0.10758394002914429,3935
3,0.10509408265352249,3936
3,0.10524920374155045,3937
3,0.10702989250421524,3938
3,0.09167393296957016,3939
3,0.10273130983114243,3940
3,0.10142871737480164,3941
3,0.10469542443752289,3942
3,0.10318342596292496,3943
3,0.10220614820718765,3944
1,0.10191284865140915,3945
3,0.10366439074277878,3946
3,0.102312833070755,3947
3,0.09640057384967804,3948
1,0.08524907380342484,3949
3,0.1018214300274849,3950
3,0.0946391150355339,3951
3,0.10223514586687088,3952
3,0.06515824049711227,3953
3,0.10283425450325012,3954
3,0.10071565210819244,3955
3,0.101730577647686,3956
1,0.06140695884823799,3957
3,0.10167201608419418,3958
3,0.10127443820238113,3959
3,0.10273300111293793,3960
3,0.10145478695631027,3961
3,0.09640403836965561,3962
3,0.10075881332159042,3963
1,0.09387879073619843,3964
1,0.09812935441732407,3965
3,0.09979940950870514,3966
3,0.09641795605421066,3967
3,0.10134859383106232,3968
3,0.10002900660037994,3969
1,0.10117214173078537,3970
1,0.08609860390424728,3971
3,0.10104231536388397,3972
3,0.10078258067369461,3973
3,0.0981505885720253,3974
1,0.0840008482336998,3975
3,0.09280326217412949,3976
3,0.09960778057575226,3977
1,0.07001502066850662,3978
3,0.09720265865325928,3979
1,0.0910913348197937,3980
3,0.09604126214981079,3981
3,0.09695616364479065,3982
3,0.0958670973777771,3983
3,0.09778650850057602,3984
3,0.09634693711996078,3985
1,0.08219616115093231,3986
3,0.09535127133131027,3987
3,0.09607702493667603,3988
3,0.09647659212350845,3989
3,0.09574884176254272,3990
1,0.04130985587835312,3991
3,0.09346647560596466,3992
3,0.0938640758395195,3993
3,0.09310715645551682,3994
3,0.09187668561935425,3995
1,0.09468027204275131,3996
3,0.09263167530298233,3997
3,0.09189300239086151,3998
3,0.09236545860767365,3999
1,0.0015367534942924976,4000
3,0.08894801884889603,4001
3,0.08958566188812256,4002
1,0.0871163085103035,4003
3,0.08230514079332352,4004
3,0.08458321541547775,4005
1,0.07967361062765121,4006
3,0.08408968150615692,4007
1,0.08343806117773056,4008
1,0.07003841549158096,4009
3,0.08395072817802429,4010
3,0.08271633088588715,4011
1,0.08021873980760574,4012
1,0.0803229957818985,4013
1,0.0795944407582283,4014
97,65535.0,4015
