node_Degree,node_Accessibility,node_ID
1,0.03586420789361,1
1,0.03839564323425293,2
3,0.03882294148206711,3
1,0.0397702194750309,4
3,0.044401369988918304,5
1,0.04144470393657684,6
1,0.03792497515678406,7
3,0.04627197980880737,8
3,0.0506979376077652,9
1,0.04500606656074524,10
1,0.013240136206150055,11
1,0.041867490857839584,12
1,0.048182208091020584,13
1,0.04795299097895622,14
3,0.05003457888960838,15
1,0.03425866365432739,16
3,0.04902385175228119,17
3,0.05339641869068146,18
3,0.046880967915058136,19
1,0.046684782952070236,20
3,0.05028676986694336,21
1,0.04191601648926735,22
1,0.04910401627421379,23
1,0.04458864778280258,24
1,0.04841651767492294,25
3,0.0524742528796196,26
3,0.052885398268699646,27
3,0.049822211265563965,28
1,0.048726845532655716,29
3,0.05336170643568039,30
1,0.049309249967336655,31
3,0.053736135363578796,32
1,0.04937111213803291,33
3,0.04957614839076996,34
3,0.04823831468820572,35
1,0.04875565320253372,36
3,0.0542728565633297,37
3,0.05493483319878578,38
1,0.048707809299230576,39
3,0.0516650415956974,40
3,0.051223285496234894,41
3,0.04947442188858986,42
1,0.04774098098278046,43
3,0.05011759698390961,44
1,0.049143027514219284,45
3,0.05646229535341263,46
3,0.05685577914118767,47
1,0.047664083540439606,48
3,0.05166027694940567,49
3,0.05577172338962555,50
3,0.05321963131427765,51
3,0.05747909098863602,52
3,0.05379069969058037,53
3,0.05133902654051781,54
3,0.053210608661174774,55
3,0.052239786833524704,56
3,0.057904697954654694,57
1,0.04925126954913139,58
3,0.05441783741116524,59
3,0.0546177439391613,60
3,0.051864832639694214,61
1,0.04334671422839165,62
1,0.052317965775728226,63
3,0.05331721901893616,64
1,0.04426199570298195,65
3,0.0553579144179821,66
3,0.05292012542486191,67
3,0.052988212555646896,68
3,0.05283556506037712,69
3,0.04485637694597244,70
3,0.05458666384220123,71
1,0.030898578464984894,72
1,0.04419495910406113,73
3,0.055331695824861526,74
1,0.05080470070242882,75
1,0.044465310871601105,76
1,0.045107822865247726,77
3,0.05363801121711731,78
1,0.03583286330103874,79
1,0.0548839271068573,80
1,0.006462086457759142,81
3,0.055550940334796906,82
3,0.04620331898331642,83
3,0.05436353757977486,84
3,0.046734295785427094,85
3,0.055914729833602905,86
3,0.05608535185456276,87
3,0.05539288371801376,88
3,0.04807520657777786,89
3,0.057075854390859604,90
1,0.04329586401581764,91
3,0.05806497484445572,92
3,0.05654964596033096,93
3,0.05677306279540062,94
3,0.0560997799038887,95
3,0.055979520082473755,96
3,0.057543426752090454,97
3,0.05863884836435318,98
1,0.05142063647508621,99
3,0.05188898369669914,100
3,0.05191529169678688,101
3,0.05628535896539688,102
3,0.05694245919585228,103
3,0.05882865935564041,104
3,0.0561540424823761,105
3,0.06043267995119095,106
3,0.06159774214029312,107
3,0.059882938861846924,108
3,0.05788881331682205,109
3,0.05740736797451973,110
1,0.0550227016210556,111
3,0.05292383208870888,112
3,0.059098102152347565,113
3,0.05262986570596695,114
1,0.043024227023124695,115
1,0.04561591520905495,116
3,0.05913872644305229,117
3,0.060703057795763016,118
1,0.04160574451088905,119
3,0.055591847747564316,120
3,0.059345729649066925,121
3,0.06407357007265091,122
3,0.05642762780189514,123
3,0.060679323971271515,124
3,0.06360384076833725,125
3,0.05630800500512123,126
3,0.05943736433982849,127
3,0.060067906975746155,128
3,0.0640803873538971,129
3,0.05851675570011139,130
3,0.06041427329182625,131
1,0.03926955536007881,132
3,0.057246822863817215,133
3,0.06466011703014374,134
3,0.06486488878726959,135
3,0.05798204243183136,136
3,0.06072748452425003,137
1,0.05232121795415878,138
3,0.06032148003578186,139
3,0.0598188079893589,140
3,0.058613937348127365,141
1,0.05386052653193474,142
3,0.05762844905257225,143
3,0.06000154837965965,144
3,0.05598246678709984,145
3,0.057728998363018036,146
3,0.05912437662482262,147
3,0.05943906679749489,148
3,0.059887055307626724,149
3,0.05912145599722862,150
3,0.061639148741960526,151
3,0.061348915100097656,152
1,0.05316699296236038,153
3,0.0600394606590271,154
3,0.057100486010313034,155
3,0.06092441827058792,156
3,0.05914048105478287,157
3,0.0589987188577652,158
3,0.05692434310913086,159
3,0.06290514022111893,160
3,0.06175597757101059,161
3,0.06665871292352676,162
1,0.04442790150642395,163
3,0.0626625120639801,164
3,0.05605681985616684,165
3,0.05747918039560318,166
1,0.029985999688506126,167
3,0.06154463812708855,168
1,0.053247470408678055,169
3,0.056967802345752716,170
3,0.06253186613321304,171
3,0.06035265699028969,172
4,0.05919944494962692,173
3,0.05589894577860832,174
3,0.06248394027352333,175
3,0.061559055000543594,176
1,0.054399847984313965,177
1,0.04508200287818909,178
1,0.05238887295126915,179
3,0.0565447136759758,180
3,0.05612551420927048,181
3,0.06290783733129501,182
3,0.06020539253950119,183
3,0.06296537816524506,184
3,0.06422711908817291,185
3,0.05644580349326134,186
1,0.053230732679367065,187
3,0.06553111225366592,188
3,0.06643442809581757,189
1,0.03793315216898918,190
3,0.06401681900024414,191
3,0.06586037576198578,192
3,0.058372512459754944,193
3,0.06597296893596649,194
1,0.04104876145720482,195
3,0.06276319921016693,196
3,0.056292351335287094,197
3,0.055803559720516205,198
3,0.063936248421669,199
1,0.05171845853328705,200
3,0.061543021351099014,201
1,0.06088568642735481,202
3,0.06370086222887039,203
3,0.059737954288721085,204
3,0.05859999358654022,205
3,0.06117178499698639,206
3,0.06207631528377533,207
3,0.06155028194189072,208
3,0.05854444578289986,209
3,0.06409536302089691,210
3,0.06410559266805649,211
3,0.06290236860513687,212
3,0.06254792958498001,213
3,0.06160014495253563,214
3,0.058907400816679,215
1,0.049344658851623535,216
3,0.06438814103603363,217
3,0.06630450487136841,218
3,0.06344134360551834,219
1,0.05222189798951149,220
3,0.06280136853456497,221
3,0.06656648963689804,222
3,0.06337812542915344,223
3,0.05843266844749451,224
3,0.06847885996103287,225
3,0.0668637752532959,226
3,0.06663621962070465,227
3,0.0698406845331192,228
3,0.06993803381919861,229
3,0.06030531972646713,230
3,0.0662798285484314,231
3,0.06448539346456528,232
3,0.06912454962730408,233
3,0.06328579783439636,234
3,0.0634860172867775,235
3,0.06933391094207764,236
3,0.0643966794013977,237
3,0.06101284176111221,238
3,0.0667281448841095,239
3,0.05974568799138069,240
3,0.0642939954996109,241
3,0.06816966086626053,242
1,0.055434100329875946,243
1,0.050098203122615814,244
3,0.06405031681060791,245
3,0.062149666249752045,246
3,0.05974067747592926,247
3,0.06194177269935608,248
3,0.06154431402683258,249
3,0.06088096648454666,250
3,0.06448367238044739,251
3,0.06660163402557373,252
3,0.061180029064416885,253
3,0.06474682688713074,254
3,0.06117093935608864,255
1,0.037037428468465805,256
3,0.06134245917201042,257
3,0.06877549737691879,258
3,0.07125604897737503,259
3,0.06086653843522072,260
3,0.06895952671766281,261
3,0.056292902678251266,262
3,0.06353262066841125,263
3,0.07157061249017715,264
3,0.06317736208438873,265
3,0.06533099710941315,266
3,0.06952135264873505,267
3,0.060954153537750244,268
3,0.06613615155220032,269
3,0.06413310021162033,270
3,0.058786019682884216,271
3,0.061821043491363525,272
3,0.06133485212922096,273
3,0.06231689453125,274
3,0.06760984659194946,275
3,0.0668528601527214,276
3,0.05940404534339905,277
3,0.07136900722980499,278
3,0.07147395610809326,279
3,0.06042535975575447,280
3,0.06716117262840271,281
3,0.06191486865282059,282
3,0.06623934209346771,283
3,0.06696999073028564,284
3,0.06791381537914276,285
3,0.06254001706838608,286
3,0.06156937777996063,287
3,0.06648378819227219,288
3,0.06659365445375443,289
3,0.07206122577190399,290
3,0.06444745510816574,291
3,0.06482111662626266,292
3,0.06853107362985611,293
3,0.06848427653312683,294
3,0.06970953196287155,295
3,0.055217329412698746,296
3,0.07200119644403458,297
3,0.06914572417736053,298
3,0.06122852861881256,299
3,0.06544427573680878,300
3,0.06933372467756271,301
3,0.06927431374788284,302
3,0.06852609664201736,303
1,0.056366585195064545,304
3,0.06868825852870941,305
3,0.07246620208024979,306
3,0.06516385823488235,307
3,0.06207527965307236,308
3,0.06401436030864716,309
3,0.06777442991733551,310
3,0.06997700035572052,311
3,0.07048562914133072,312
3,0.06660376489162445,313
3,0.06206938624382019,314
3,0.0740719735622406,315
3,0.05881357192993164,316
3,0.06860476732254028,317
1,0.0575060099363327,318
3,0.0657254233956337,319
3,0.07170453667640686,320
3,0.07073841989040375,321
3,0.06465402990579605,322
3,0.07210780680179596,323
3,0.07082458585500717,324
3,0.06688013672828674,325
3,0.06532487273216248,326
3,0.07242833822965622,327
3,0.07070063799619675,328
3,0.067923404276371,329
3,0.07175863534212112,330
3,0.06997767835855484,331
3,0.0724150761961937,332
3,0.06281407177448273,333
3,0.07120563834905624,334
3,0.07232499122619629,335
1,0.056823648512363434,336
3,0.07204435020685196,337
3,0.06941603869199753,338
3,0.07593531161546707,339
1,0.024130668491125107,340
3,0.0690571740269661,341
3,0.07303759455680847,342
3,0.07082073390483856,343
3,0.06607367098331451,344
3,0.06925003230571747,345
3,0.07334868609905243,346
3,0.07097556442022324,347
1,0.06129653379321098,348
3,0.07129491120576859,349
3,0.0637856274843216,350
1,0.06427463889122009,351
3,0.07092775404453278,352
3,0.07482793927192688,353
3,0.06330724060535431,354
3,0.07310715317726135,355
3,0.06899227946996689,356
3,0.06078058108687401,357
3,0.07268388569355011,358
1,0.05901501700282097,359
3,0.06888286024332047,360
3,0.07266663759946823,361
3,0.07046953588724136,362
3,0.07643875479698181,363
3,0.07279276847839355,364
3,0.06284906715154648,365
1,0.05492939054965973,366
3,0.0695912316441536,367
3,0.07732713967561722,368
3,0.0770762711763382,369
3,0.07506652921438217,370
3,0.06492400169372559,371
3,0.07717326283454895,372
3,0.06670039892196655,373
3,0.07208143919706345,374
3,0.05599347874522209,375
3,0.07553510367870331,376
3,0.06507664173841476,377
1,0.05731212720274925,378
3,0.0702531486749649,379
3,0.07101677358150482,380
3,0.07149999588727951,381
3,0.07327327132225037,382
3,0.07440236955881119,383
3,0.07751176506280899,384
3,0.06994329392910004,385
3,0.06561899185180664,386
3,0.07396569848060608,387
3,0.07328790426254272,388
3,0.07043904811143875,389
2,0.07372977584600449,390
2,0.07240322977304459,391
1,0.0724097490310669,392
3,0.07022898644208908,393
1,0.04931141436100006,394
3,0.07193780690431595,395
3,0.07251652330160141,396
3,0.06195024400949478,397
1,0.06814321130514145,398
3,0.07122261077165604,399
3,0.07163994759321213,400
1,0.04880866780877113,401
3,0.07127507776021957,402
3,0.07505536824464798,403
3,0.07438799738883972,404
3,0.0735880434513092,405
1,0.059584639966487885,406
3,0.07354417443275452,407
3,0.07519089430570602,408
3,0.05878913775086403,409
3,0.06298330426216125,410
3,0.07568849623203278,411
3,0.07212258875370026,412
1,0.06491594761610031,413
1,0.07172761112451553,414
3,0.07523085922002792,415
3,0.07133793830871582,416
3,0.07613475620746613,417
3,0.06525734066963196,418
3,0.07470820844173431,419
3,0.0734110027551651,420
3,0.07019003480672836,421
3,0.06665780395269394,422
3,0.08016180247068405,423
3,0.0700470507144928,424
3,0.07539840042591095,425
3,0.07373814284801483,426
1,0.0608806274831295,427
3,0.06108080968260765,428
3,0.06486460566520691,429
2,0.07979142665863037,430
4,0.07986634969711304,431
3,0.06459832936525345,432
1,0.05549399554729462,433
3,0.062427032738924026,434
1,0.04482196271419525,435
3,0.07255737483501434,436
1,0.06202341243624687,437
3,0.07263915985822678,438
1,0.045583538711071014,439
3,0.06677619367837906,440
3,0.07569311559200287,441
3,0.0636676475405693,442
3,0.07896595448255539,443
3,0.07908222079277039,444
3,0.06511406600475311,445
3,0.07599757611751556,446
3,0.07323285192251205,447
1,0.05037790536880493,448
3,0.07176626473665237,449
3,0.06632135808467865,450
3,0.07764799892902374,451
3,0.07805608958005905,452
3,0.07796203345060349,453
3,0.07439810782670975,454
3,0.07356428354978561,455
3,0.07951491326093674,456
3,0.07610034942626953,457
3,0.07664269953966141,458
3,0.07343050092458725,459
3,0.0675521120429039,460
3,0.07444489002227783,461
3,0.07775066792964935,462
3,0.06775011867284775,463
4,0.06486653536558151,464
2,0.06493449956178665,465
3,0.07226075977087021,466
3,0.07179150730371475,467
3,0.08197671920061111,468
3,0.06774156540632248,469
1,0.05976885184645653,470
3,0.06304681301116943,471
3,0.07992837578058243,472
3,0.07339321821928024,473
3,0.07419762760400772,474
1,0.03679715096950531,475
3,0.08222033828496933,476
3,0.07138225436210632,477
3,0.08004546910524368,478
3,0.06899169832468033,479
3,0.0770048052072525,480
3,0.07657148689031601,481
1,0.05128367617726326,482
1,0.0658230260014534,483
3,0.07703688740730286,484
3,0.07669202238321304,485
3,0.07097691297531128,486
3,0.06348837167024612,487
3,0.0589321106672287,488
3,0.08041629940271378,489
3,0.07541467994451523,490
3,0.08033688366413116,491
3,0.04499809816479683,492
3,0.07717067003250122,493
3,0.06674541532993317,494
3,0.06884001940488815,495
3,0.06956786662340164,496
3,0.08103049546480179,497
3,0.07953276485204697,498
3,0.07819105684757233,499
3,0.06876230239868164,500
2,0.042079292237758636,501
2,0.04304243251681328,502
3,0.07415766268968582,503
3,0.06994049996137619,504
3,0.08338043093681335,505
3,0.08116426318883896,506
3,0.06907570362091064,507
3,0.06848349422216415,508
3,0.07353285700082779,509
3,0.08126036822795868,510
3,0.08026061952114105,511
3,0.06716664880514145,512
3,0.07816573232412338,513
3,0.0736861303448677,514
1,0.05859076604247093,515
3,0.07925951480865479,516
1,0.05908336490392685,517
3,0.07713039219379425,518
3,0.08028478175401688,519
1,0.06338467448949814,520
3,0.06794772297143936,521
1,0.05669010430574417,522
3,0.07984499633312225,523
3,0.08316509425640106,524
3,0.07475323975086212,525
3,0.07603120058774948,526
3,0.08458777517080307,527
1,0.06531036645174026,528
1,0.05713413283228874,529
3,0.07489501684904099,530
3,0.08064053952693939,531
3,0.06767584383487701,532
3,0.0763162225484848,533
3,0.0837973952293396,534
3,0.081779845058918,535
3,0.0685560330748558,536
3,0.07348880171775818,537
3,0.0828792154788971,538
3,0.07720791548490524,539
3,0.08058545738458633,540
3,0.08397044986486435,541
1,0.06196838617324829,542
3,0.08345269411802292,543
3,0.0840538814663887,544
3,0.06428076326847076,545
3,0.08550477027893066,546
3,0.0838310495018959,547
3,0.08257298171520233,548
3,0.07413683086633682,549
3,0.08360150456428528,550
3,0.06470850855112076,551
3,0.06558201462030411,552
3,0.07812977582216263,553
1,0.06375166028738022,554
3,0.07220076024532318,555
1,0.06394869089126587,556
3,0.07551879435777664,557
1,0.04519271105527878,558
3,0.07958973944187164,559
3,0.08007121086120605,560
3,0.07209166139364243,561
3,0.06630170345306396,562
3,0.08495834469795227,563
3,0.07275458425283432,564
3,0.07416364550590515,565
3,0.08189716190099716,566
3,0.08177894353866577,567
3,0.08455083519220352,568
3,0.08368272334337234,569
3,0.07903920114040375,570
3,0.08482500165700912,571
3,0.08102399110794067,572
3,0.06994198262691498,573
3,0.08553439378738403,574
3,0.07993806898593903,575
3,0.08035125583410263,576
3,0.08016647398471832,577
3,0.07974594086408615,578
3,0.07049565017223358,579
3,0.06808581203222275,580
3,0.08165352791547775,581
3,0.08051671087741852,582
3,0.0826362743973732,583
3,0.08346541225910187,584
3,0.0706651508808136,585
3,0.08103692531585693,586
1,0.06745553016662598,587
3,0.08419904112815857,588
3,0.07394296675920486,589
1,0.04776604846119881,590
3,0.07952535152435303,591
3,0.08465337008237839,592
1,0.06778038293123245,593
3,0.07838458567857742,594
3,0.07064017653465271,595
3,0.08044152706861496,596
3,0.08495891839265823,597
3,0.08584430813789368,598
3,0.07122818380594254,599
3,0.08646081387996674,600
3,0.07745184004306793,601
3,0.07493524253368378,602
3,0.08492913097143173,603
3,0.07533753663301468,604
3,0.08561484515666962,605
3,0.08005128055810928,606
3,0.07318815588951111,607
3,0.07728752493858337,608
3,0.0796387568116188,609
3,0.08766385167837143,610
3,0.08533851057291031,611
3,0.07011127471923828,612
3,0.08439808338880539,613
3,0.08704288303852081,614
1,0.06877721846103668,615
3,0.0873897448182106,616
3,0.07269151508808136,617
3,0.0841531902551651,618
3,0.07374292612075806,619
3,0.08758320659399033,620
3,0.0764453336596489,621
1,0.058537065982818604,622
3,0.07783254235982895,623
3,0.07964422553777695,624
3,0.07708185166120529,625
3,0.08435407280921936,626
3,0.0821741372346878,627
3,0.07591849565505981,628
3,0.06920869648456573,629
3,0.08424119651317596,630
3,0.0810668021440506,631
3,0.08636842668056488,632
3,0.08854921907186508,633
2,0.08433973044157028,634
3,0.0679396316409111,635
3,0.07801385223865509,636
1,0.06463233381509781,637
3,0.07158514112234116,638
3,0.08462167531251907,639
3,0.08806021511554718,640
3,0.0783596783876419,641
3,0.06513743102550507,642
1,0.07080262899398804,643
1,0.07595619559288025,644
3,0.08510757237672806,645
3,0.08556996285915375,646
3,0.06240788847208023,647
3,0.08278154581785202,648
3,0.08415593206882477,649
3,0.07565169781446457,650
3,0.08281730115413666,651
3,0.08293499052524567,652
3,0.08527500182390213,653
3,0.08225326985120773,654
3,0.08521054685115814,655
3,0.0771317407488823,656
1,0.06084221974015236,657
1,0.04680778458714485,658
3,0.0816124975681305,659
3,0.07461109757423401,660
3,0.07439801096916199,661
3,0.08424755930900574,662
3,0.0709189847111702,663
3,0.06573890894651413,664
3,0.07801423966884613,665
3,0.06916826218366623,666
3,0.06127862259745598,667
3,0.09056156128644943,668
3,0.08210482448339462,669
3,0.07830116152763367,670
3,0.09153624624013901,671
3,0.08703900128602982,672
3,0.0860033929347992,673
3,0.08993519097566605,674
3,0.09013932943344116,675
3,0.06507263332605362,676
3,0.08405724167823792,677
3,0.08425474166870117,678
3,0.08718015253543854,679
3,0.08646794408559799,680
3,0.09215159714221954,681
3,0.0873350203037262,682
3,0.08240319043397903,683
3,0.07790481299161911,684
1,0.07872837036848068,685
3,0.08610546588897705,686
3,0.07689990103244781,687
3,0.07702933251857758,688
3,0.0761772021651268,689
3,0.08376970887184143,690
3,0.08797255903482437,691
3,0.08343053609132767,692
3,0.09159693866968155,693
3,0.07896386086940765,694
3,0.07022210210561752,695
3,0.09065300226211548,696
3,0.08889590948820114,697
3,0.0774688869714737,698
1,0.059406839311122894,699
3,0.0838598757982254,700
3,0.07952553778886795,701
3,0.05396075174212456,702
1,0.051772844046354294,703
3,0.08426357060670853,704
3,0.08835745602846146,705
3,0.08020016551017761,706
3,0.08215377479791641,707
3,0.08482828736305237,708
3,0.08552604913711548,709
3,0.08984196931123734,710
3,0.07718217372894287,711
3,0.08558055758476257,712
3,0.09339043498039246,713
3,0.08880631625652313,714
3,0.08860891312360764,715
3,0.072507843375206,716
1,0.06316998600959778,717
3,0.08597683161497116,718
3,0.0939515233039856,719
3,0.07801733165979385,720
3,0.08697998523712158,721
3,0.09388706833124161,722
3,0.07290568202733994,723
3,0.06660778820514679,724
1,0.06682103872299194,725
1,0.07018475979566574,726
3,0.09030700474977493,727
3,0.0923096314072609,728
3,0.07822444289922714,729
3,0.08033323287963867,730
3,0.07821004092693329,731
3,0.08084555715322495,732
3,0.08984526246786118,733
3,0.09058655798435211,734
3,0.08618785440921783,735
3,0.08638104796409607,736
3,0.08497604727745056,737
3,0.08331458270549774,738
3,0.08636686950922012,739
3,0.0840667113661766,740
1,0.07267670333385468,741
1,0.0780869871377945,742
3,0.08446516841650009,743
3,0.08664070814847946,744
3,0.08013148605823517,745
1,0.07388179749250412,746
3,0.08687648922204971,747
3,0.0903124287724495,748
3,0.09078671038150787,749
3,0.09358922392129898,750
3,0.08534765243530273,751
3,0.09221120178699493,752
3,0.07311080396175385,753
3,0.07286368310451508,754
3,0.06677263230085373,755
1,0.012586206197738647,756
3,0.07538323849439621,757
3,0.07508006691932678,758
1,0.03807199373841286,759
3,0.08983667194843292,760
3,0.09037086367607117,761
3,0.09449788928031921,762
3,0.08999751508235931,763
3,0.09155388921499252,764
3,0.07486677914857864,765
3,0.0685563012957573,766
3,0.08294738829135895,767
3,0.08080124109983444,768
3,0.08116503804922104,769
3,0.06898295134305954,770
1,0.06598876416683197,771
3,0.09072094410657883,772
3,0.09330525249242783,773
3,0.06570998579263687,774
3,0.09450692683458328,775
3,0.09430690854787827,776
3,0.07957465946674347,777
3,0.09179655462503433,778
3,0.09236416965723038,779
3,0.09254895150661469,780
3,0.09660129249095917,781
3,0.09205418825149536,782
3,0.08931645005941391,783
3,0.08322498202323914,784
3,0.07584795355796814,785
3,0.06909738481044769,786
1,0.0504450760781765,787
1,0.07930947840213776,788
3,0.08827058970928192,789
3,0.0918903797864914,790
3,0.07836885750293732,791
3,0.0691956877708435,792
3,0.09332063049077988,793
3,0.09378774464130402,794
3,0.0869717001914978,795
3,0.07647111266851425,796
3,0.0697082132101059,797
3,0.0889025554060936,798
1,0.07471772283315659,799
3,0.09278591722249985,800
3,0.09305818378925323,801
3,0.0921827182173729,802
3,0.09705972671508789,803
3,0.09755263477563858,804
1,0.08913807570934296,805
3,0.07268765568733215,806
3,0.08920802921056747,807
3,0.06677813082933426,808
3,0.07297439128160477,809
3,0.08197248727083206,810
3,0.07729367166757584,811
3,0.07966238260269165,812
1,0.07655597478151321,813
3,0.0790710374712944,814
3,0.0924176499247551,815
3,0.09013257920742035,816
1,0.06946413218975067,817
3,0.09316063672304153,818
3,0.09812687337398529,819
3,0.08328919112682343,820
1,0.07848305255174637,821
3,0.08852768689393997,822
3,0.09496656805276871,823
1,0.046348776668310165,824
3,0.08482251316308975,825
1,0.06180504709482193,826
3,0.09155194461345673,827
3,0.09394875168800354,828
3,0.07778633385896683,829
3,0.0690387561917305,830
3,0.08884032070636749,831
3,0.08375322073698044,832
3,0.09390408545732498,833
3,0.07825391739606857,834
3,0.0790477842092514,835
3,0.09163210541009903,836
3,0.08748362213373184,837
3,0.06264322996139526,838
3,0.09617620706558228,839
3,0.08245378732681274,840
1,0.07585722208023071,841
3,0.084418386220932,842
3,0.0913715660572052,843
3,0.07639753073453903,844
3,0.07760732620954514,845
3,0.08666705340147018,846
1,0.06675498932600021,847
3,0.09117703884840012,848
3,0.09724016487598419,849
3,0.07989136874675751,850
3,0.09614486247301102,851
1,0.058960191905498505,852
3,0.08727791905403137,853
3,0.09054256230592728,854
3,0.08960303664207458,855
3,0.09737823903560638,856
3,0.08884461224079132,857
3,0.07343239337205887,858
3,0.10031983256340027,859
3,0.09826866537332535,860
3,0.0986536294221878,861
1,0.06488944590091705,862
3,0.09908032417297363,863
3,0.07449348270893097,864
3,0.08796684443950653,865
3,0.092379130423069,866
3,0.09006104618310928,867
3,0.07067755609750748,868
3,0.07404711842536926,869
3,0.09862690418958664,870
1,0.03293997049331665,871
3,0.09794802963733673,872
3,0.09133746474981308,873
3,0.09978780150413513,874
3,0.0889400914311409,875
1,0.03569592162966728,876
3,0.08063887804746628,877
3,0.08751270920038223,878
3,0.08856898546218872,879
1,0.07453114539384842,880
1,0.0777769461274147,881
3,0.08994252979755402,882
3,0.09082412719726562,883
3,0.10081780701875687,884
3,0.09317313879728317,885
3,0.08941205590963364,886
1,0.049431636929512024,887
3,0.08006588369607925,888
3,0.08627814054489136,889
3,0.09279530495405197,890
3,0.09824144840240479,891
3,0.10051440447568893,892
3,0.07117555290460587,893
3,0.0802127942442894,894
3,0.09378010779619217,895
3,0.09858594089746475,896
1,0.07745470106601715,897
3,0.06579560786485672,898
3,0.06240752711892128,899
3,0.08593457192182541,900
3,0.0659661665558815,901
3,0.06464998424053192,902
3,0.10176094621419907,903
3,0.09539388120174408,904
3,0.09001623094081879,905
3,0.07227587699890137,906
3,0.09420369565486908,907
3,0.0826273187994957,908
1,0.07005536556243896,909
3,0.09426124393939972,910
3,0.1016106829047203,911
3,0.09097537398338318,912
3,0.07634193450212479,913
3,0.0917067602276802,914
1,0.08812621980905533,915
3,0.0947485938668251,916
3,0.07675014436244965,917
3,0.10319212079048157,918
1,0.04732586815953255,919
3,0.10108722001314163,920
3,0.10208302736282349,921
3,0.08732888847589493,922
3,0.09476247429847717,923
3,0.09426763653755188,924
3,0.07286138087511063,925
3,0.09490684419870377,926
3,0.10342004150152206,927
3,0.09992294758558273,928
3,0.09316650778055191,929
3,0.07756272703409195,930
3,0.09179297089576721,931
3,0.08495792746543884,932
3,0.10589337348937988,933
3,0.10315605998039246,934
3,0.07105333358049393,935
3,0.10433519631624222,936
3,0.09729047119617462,937
3,0.08379264175891876,938
3,0.08157255500555038,939
3,0.08890881389379501,940
3,0.09041798114776611,941
3,0.07901425659656525,942
3,0.10273575037717819,943
3,0.10124935954809189,944
3,0.09107016772031784,945
3,0.09906135499477386,946
3,0.10375359654426575,947
3,0.1033703088760376,948
1,0.077903151512146,949
3,0.07343251258134842,950
3,0.08702290803194046,951
3,0.08059588819742203,952
3,0.09011910855770111,953
3,0.09300347417593002,954
3,0.09568201005458832,955
3,0.10237103700637817,956
3,0.0892028659582138,957
3,0.08949818462133408,958
3,0.09369649738073349,959
3,0.09571671485900879,960
3,0.07668116688728333,961
3,0.06556714326143265,962
3,0.0977359339594841,963
3,0.10439570248126984,964
3,0.09535078704357147,965
3,0.08974025398492813,966
3,0.08990449458360672,967
3,0.08701053261756897,968
3,0.09682159870862961,969
3,0.08478580415248871,970
1,0.06555411964654922,971
1,0.07631389796733856,972
3,0.09262004494667053,973
3,0.09924968332052231,974
3,0.10098257660865784,975
3,0.09648122638463974,976
3,0.09737367928028107,977
3,0.10233797878026962,978
3,0.0954795852303505,979
3,0.09302753210067749,980
3,0.0909935012459755,981
3,0.10069536417722702,982
3,0.09236018359661102,983
3,0.06706276535987854,984
3,0.08529765158891678,985
3,0.09658751636743546,986
3,0.0975106954574585,987
3,0.09532480686903,988
3,0.10451479256153107,989
3,0.08831538259983063,990
1,0.08442766219377518,991
3,0.10820385813713074,992
3,0.10632063448429108,993
3,0.09032616019248962,994
3,0.10640707612037659,995
3,0.10745833069086075,996
3,0.07395993918180466,997
3,0.09743442386388779,998
3,0.10135208815336227,999
3,0.08405627310276031,1000
3,0.1032949760556221,1001
3,0.10339920222759247,1002
3,0.10244476050138474,1003
3,0.08949501812458038,1004
3,0.0922825038433075,1005
1,0.08679842203855515,1006
3,0.06877113878726959,1007
3,0.098666250705719,1008
3,0.09638696908950806,1009
3,0.10374820977449417,1010
3,0.10408777743577957,1011
3,0.10193397849798203,1012
3,0.09665923565626144,1013
3,0.09929168224334717,1014
3,0.09530648589134216,1015
3,0.09062884747982025,1016
3,0.09815763682126999,1017
3,0.10874903202056885,1018
3,0.07786084711551666,1019
1,0.07320567965507507,1020
3,0.08444532752037048,1021
3,0.10562121868133545,1022
3,0.08744008094072342,1023
3,0.07840441912412643,1024
3,0.10920406132936478,1025
3,0.10937231779098511,1026
3,0.07845789939165115,1027
1,0.05435177683830261,1028
3,0.10611723363399506,1029
1,0.08646245300769806,1030
3,0.07885238528251648,1031
3,0.09963085502386093,1032
3,0.09981022030115128,1033
3,0.10855095088481903,1034
3,0.10733206570148468,1035
1,0.06399419903755188,1036
3,0.0895417332649231,1037
3,0.09943122416734695,1038
3,0.1095157191157341,1039
3,0.0982203483581543,1040
3,0.07418555021286011,1041
3,0.07489145547151566,1042
3,0.08644670248031616,1043
3,0.10766169428825378,1044
3,0.10042904317378998,1045
3,0.06931967288255692,1046
3,0.11106309294700623,1047
3,0.1099437028169632,1048
3,0.10780908912420273,1049
3,0.09447605907917023,1050
3,0.09858966618776321,1051
3,0.11113790422677994,1052
3,0.0898815467953682,1053
3,0.0904325470328331,1054
3,0.09530232846736908,1055
3,0.10818237066268921,1056
1,0.10089458525180817,1057
3,0.08503775298595428,1058
3,0.11232027411460876,1059
3,0.10589058697223663,1060
3,0.10073336213827133,1061
3,0.10571098327636719,1062
3,0.08816725015640259,1063
3,0.08755543828010559,1064
3,0.09375830739736557,1065
3,0.11361098289489746,1066
4,0.0903533324599266,1067
1,0.07398563623428345,1068
3,0.09178476780653,1069
3,0.0998423844575882,1070
3,0.0959155485033989,1071
3,0.11256252974271774,1072
3,0.08937155455350876,1073
2,0.10304441303014755,1074
3,0.10491841286420822,1075
3,0.08917248994112015,1076
3,0.0800742655992508,1077
3,0.0775047317147255,1078
3,0.0961509644985199,1079
3,0.10560903698205948,1080
3,0.0702986791729927,1081
1,0.062262244522571564,1082
3,0.10649017244577408,1083
3,0.10428094863891602,1084
3,0.10951676964759827,1085
3,0.07767337560653687,1086
3,0.0991896539926529,1087
3,0.10763859748840332,1088
3,0.0794108659029007,1089
1,0.0907951220870018,1090
3,0.10572462528944016,1091
3,0.07622683793306351,1092
3,0.08038509637117386,1093
3,0.08667982369661331,1094
3,0.11380467563867569,1095
3,0.11159718036651611,1096
3,0.1082046702504158,1097
3,0.08291689306497574,1098
3,0.09590227156877518,1099
3,0.10125482827425003,1100
3,0.1015390083193779,1101
3,0.1052854135632515,1102
3,0.10611694306135178,1103
3,0.08363008499145508,1104
3,0.08039048314094543,1105
1,0.05981223285198212,1106
3,0.08126471191644669,1107
3,0.11053548753261566,1108
3,0.11201401799917221,1109
3,0.10809440910816193,1110
3,0.1083107441663742,1111
3,0.10138709843158722,1112
3,0.09010389447212219,1113
3,0.09022632986307144,1114
3,0.08426728844642639,1115
3,0.09515073895454407,1116
3,0.11160088330507278,1117
3,0.10918399691581726,1118
3,0.1093452125787735,1119
3,0.06558720767498016,1120
3,0.097347691655159,1121
3,0.09761059284210205,1122
3,0.08416590094566345,1123
3,0.07419358193874359,1124
3,0.06578857451677322,1125
3,0.1019541397690773,1126
3,0.11017447710037231,1127
3,0.10852973908185959,1128
3,0.09692239761352539,1129
3,0.11099051684141159,1130
3,0.10524360090494156,1131
3,0.09110565483570099,1132
3,0.09199640154838562,1133
3,0.08099126070737839,1134
3,0.07155825197696686,1135
3,0.09378927201032639,1136
3,0.1023905873298645,1137
3,0.10940546542406082,1138
3,0.10707192122936249,1139
3,0.08490559458732605,1140
3,0.11162117123603821,1141
3,0.10066184401512146,1142
3,0.10254758596420288,1143
3,0.06672706454992294,1144
3,0.10143627971410751,1145
1,0.07243712246417999,1146
3,0.09214181452989578,1147
3,0.11607985198497772,1148
3,0.1122841015458107,1149
3,0.1103111281991005,1150
3,0.09111368656158447,1151
3,0.11466684192419052,1152
3,0.11629577726125717,1153
3,0.11051765084266663,1154
3,0.1031310185790062,1155
3,0.10013988614082336,1156
3,0.07521571218967438,1157
3,0.08749256283044815,1158
3,0.0975479781627655,1159
3,0.07531788945198059,1160
3,0.10906032472848892,1161
3,0.08079926669597626,1162
3,0.11174515634775162,1163
3,0.11308775097131729,1164
3,0.09797808527946472,1165
3,0.10423249006271362,1166
3,0.08181029558181763,1167
3,0.11247914284467697,1168
1,0.09980937838554382,1169
3,0.10620015114545822,1170
3,0.11073018610477448,1171
3,0.1107393205165863,1172
3,0.09955833852291107,1173
3,0.07894453406333923,1174
1,0.05399412289261818,1175
3,0.10413040220737457,1176
3,0.11678706109523773,1177
3,0.11394735425710678,1178
3,0.10906510055065155,1179
3,0.104648157954216,1180
3,0.11770787090063095,1181
1,0.06054933741688728,1182
1,0.06600826978683472,1183
3,0.09825796633958817,1184
3,0.10015615075826645,1185
3,0.1049020066857338,1186
3,0.11118697375059128,1187
3,0.10958848148584366,1188
3,0.10941120982170105,1189
3,0.07633551955223083,1190
3,0.11157258599996567,1191
3,0.11030258983373642,1192
3,0.0932067483663559,1193
3,0.07861513644456863,1194
3,0.1008429229259491,1195
3,0.10084282606840134,1196
3,0.07933473587036133,1197
3,0.0919998288154602,1198
3,0.1119658499956131,1199
3,0.11180412769317627,1200
1,0.08903905004262924,1201
3,0.07740907371044159,1202
3,0.07797952741384506,1203
3,0.08851922303438187,1204
3,0.10750476270914078,1205
3,0.10419248044490814,1206
3,0.10114935040473938,1207
3,0.08259265869855881,1208
1,0.09738471359014511,1209
3,0.11219225823879242,1210
3,0.09665030986070633,1211
3,0.11178463697433472,1212
3,0.11130016297101974,1213
3,0.10896512866020203,1214
3,0.10146056860685349,1215
3,0.07331977784633636,1216
3,0.11786965280771255,1217
3,0.11009124666452408,1218
3,0.07368840277194977,1219
3,0.11253198981285095,1220
3,0.11629895120859146,1221
3,0.07775989919900894,1222
3,0.09274917840957642,1223
3,0.10254008322954178,1224
3,0.08815843611955643,1225
3,0.07805480808019638,1226
3,0.08306634426116943,1227
3,0.08584500849246979,1228
3,0.07966077327728271,1229
1,0.06011752411723137,1230
3,0.08535119891166687,1231
3,0.11938408762216568,1232
3,0.11149567365646362,1233
3,0.11071144789457321,1234
3,0.10680579394102097,1235
3,0.06449411064386368,1236
3,0.07445882260799408,1237
3,0.09269190579652786,1238
3,0.10974813252687454,1239
3,0.10611385852098465,1240
3,0.09976638108491898,1241
3,0.11771322786808014,1242
3,0.11483006179332733,1243
3,0.1139906719326973,1244
3,0.10209933668375015,1245
3,0.08016443997621536,1246
1,0.064900241792202,1247
3,0.11396319419145584,1248
3,0.11304429173469543,1249
3,0.10094905644655228,1250
3,0.07489462196826935,1251
1,0.07207280397415161,1252
3,0.11548270285129547,1253
3,0.0869329646229744,1254
3,0.1154465302824974,1255
3,0.11476080119609833,1256
1,0.05287646874785423,1257
3,0.09521247446537018,1258
3,0.08660745620727539,1259
3,0.11258859932422638,1260
1,0.10161412507295609,1261
3,0.12118159979581833,1262
3,0.11591660231351852,1263
3,0.11088108271360397,1264
3,0.11552449315786362,1265
3,0.09922285377979279,1266
3,0.06608351320028305,1267
3,0.07714025676250458,1268
3,0.09033104032278061,1269
3,0.09891562908887863,1270
3,0.11198442429304123,1271
3,0.11812435835599899,1272
3,0.11770352721214294,1273
3,0.11669591069221497,1274
3,0.0812041312456131,1275
3,0.08748850971460342,1276
3,0.09493345767259598,1277
1,0.06793852150440216,1278
3,0.11097314208745956,1279
3,0.07556138932704926,1280
3,0.06678348034620285,1281
3,0.08853655308485031,1282
3,0.11305203288793564,1283
3,0.10773883759975433,1284
3,0.11528217792510986,1285
3,0.11746194958686829,1286
3,0.10222144424915314,1287
3,0.10093123465776443,1288
3,0.11702262610197067,1289
3,0.09999166429042816,1290
3,0.0762401595711708,1291
3,0.0908779427409172,1292
3,0.08959762006998062,1293
3,0.09660281240940094,1294
3,0.12099003791809082,1295
3,0.11511673778295517,1296
3,0.11943653970956802,1297
3,0.0811498761177063,1298
3,0.08770572394132614,1299
3,0.09675363451242447,1300
3,0.1095849946141243,1301
3,0.08535298705101013,1302
3,0.11813286691904068,1303
3,0.11768604069948196,1304
3,0.11733164638280869,1305
3,0.10928148031234741,1306
3,0.09865536540746689,1307
3,0.08292711526155472,1308
3,0.0962437093257904,1309
3,0.12159038335084915,1310
3,0.11408890038728714,1311
3,0.11019136756658554,1312
3,0.11084699630737305,1313
3,0.0971725806593895,1314
3,0.07324781268835068,1315
3,0.0716884434223175,1316
3,0.1160086914896965,1317
3,0.10852950811386108,1318
3,0.08171964436769485,1319
3,0.07832642644643784,1320
3,0.11308150738477707,1321
3,0.12079299986362457,1322
3,0.11826703697443008,1323
3,0.1186203882098198,1324
3,0.1112738847732544,1325
3,0.07000992447137833,1326
3,0.11321613192558289,1327
3,0.12205344438552856,1328
3,0.1198684498667717,1329
3,0.12285322695970535,1330
3,0.12242455780506134,1331
3,0.11721506714820862,1332
1,0.07151015847921371,1333
3,0.09005407989025116,1334
3,0.09712386876344681,1335
1,0.10469857603311539,1336
3,0.12068352103233337,1337
3,0.10939104110002518,1338
3,0.10204050689935684,1339
3,0.10719525068998337,1340
3,0.1189589723944664,1341
1,0.06216844543814659,1342
3,0.09276575595140457,1343
3,0.11924511939287186,1344
3,0.09812570363283157,1345
3,0.12354448437690735,1346
3,0.11228544265031815,1347
3,0.09651292115449905,1348
3,0.12061932682991028,1349
3,0.11824748665094376,1350
1,0.07464290410280228,1351
3,0.10991287976503372,1352
3,0.1157100722193718,1353
3,0.1121840626001358,1354
3,0.10435852408409119,1355
3,0.09507595002651215,1356
3,0.07081660628318787,1357
3,0.09988366067409515,1358
3,0.12161488831043243,1359
3,0.11988472938537598,1360
3,0.10464830696582794,1361
3,0.0928734689950943,1362
3,0.08674369007349014,1363
3,0.07127845287322998,1364
3,0.11964406073093414,1365
3,0.1202443540096283,1366
3,0.1193799152970314,1367
2,0.10841189324855804,1368
1,0.08691223710775375,1369
3,0.09840968251228333,1370
3,0.09741959720849991,1371
3,0.07374896854162216,1372
3,0.08459696173667908,1373
3,0.0706513449549675,1374
1,0.06650716066360474,1375
3,0.10338164865970612,1376
3,0.09276563674211502,1377
3,0.07446825504302979,1378
3,0.10349474847316742,1379
3,0.12199248373508453,1380
3,0.12100671976804733,1381
3,0.07213950902223587,1382
3,0.08844861388206482,1383
3,0.07960327714681625,1384
3,0.10081171989440918,1385
3,0.12091968953609467,1386
3,0.12758764624595642,1387
3,0.12251371145248413,1388
3,0.11392683535814285,1389
3,0.11681143939495087,1390
3,0.1277778595685959,1391
3,0.1212010383605957,1392
3,0.11544707417488098,1393
3,0.085196353495121,1394
3,0.12047457695007324,1395
3,0.08618021011352539,1396
3,0.11593025922775269,1397
3,0.0771971121430397,1398
3,0.07702235132455826,1399
3,0.08294643461704254,1400
3,0.11580631136894226,1401
3,0.0823812186717987,1402
3,0.1255854219198227,1403
3,0.07410439103841782,1404
1,0.1250440776348114,1405
3,0.08096420019865036,1406
3,0.08158718049526215,1407
1,0.0648624375462532,1408
1,0.07111448794603348,1409
3,0.0905565470457077,1410
3,0.10629048198461533,1411
3,0.11662790924310684,1412
3,0.11512142419815063,1413
3,0.09474333375692368,1414
3,0.10590140521526337,1415
3,0.08189310878515244,1416
3,0.1170475110411644,1417
3,0.12370442599058151,1418
3,0.12320994585752487,1419
3,0.11538655310869217,1420
3,0.10183092206716537,1421
3,0.07906991243362427,1422
3,0.07764358073472977,1423
3,0.09515955299139023,1424
3,0.09412641078233719,1425
3,0.11311836540699005,1426
3,0.12501507997512817,1427
3,0.12572751939296722,1428
3,0.08034233748912811,1429
3,0.11324260383844376,1430
3,0.08062487095594406,1431
3,0.07112383842468262,1432
3,0.11965031176805496,1433
3,0.12122199684381485,1434
3,0.1260717511177063,1435
3,0.10773945599794388,1436
3,0.12613432109355927,1437
3,0.12271896749734879,1438
3,0.0986022800207138,1439
3,0.08306799083948135,1440
3,0.12631985545158386,1441
3,0.10804322361946106,1442
2,0.09594855457544327,1443
3,0.10585504025220871,1444
3,0.12164371460676193,1445
3,0.12466812878847122,1446
3,0.12470262497663498,1447
3,0.08522342890501022,1448
4,0.09605995565652847,1449
3,0.1107797771692276,1450
3,0.11986126750707626,1451
3,0.10254667699337006,1452
3,0.07938291877508163,1453
3,0.07259700447320938,1454
3,0.10480605810880661,1455
3,0.13179394602775574,1456
3,0.13281331956386566,1457
3,0.11994973570108414,1458
3,0.10132116824388504,1459
3,0.12833721935749054,1460
3,0.12087386101484299,1461
1,0.09742745757102966,1462
3,0.09386847913265228,1463
3,0.11147923022508621,1464
3,0.12091007083654404,1465
3,0.07493526488542557,1466
1,0.06302845478057861,1467
3,0.09398674219846725,1468
3,0.11491385102272034,1469
3,0.12831376492977142,1470
3,0.12473896890878677,1471
3,0.09919422119855881,1472
3,0.10024195909500122,1473
3,0.07347366958856583,1474
1,0.04317612200975418,1475
3,0.10550551116466522,1476
3,0.10458027571439743,1477
3,0.11010117828845978,1478
3,0.11496516317129135,1479
3,0.12807632982730865,1480
3,0.12428291887044907,1481
3,0.10355011373758316,1482
1,0.07942301779985428,1483
2,0.07238346338272095,1484
3,0.09187322854995728,1485
3,0.09250570833683014,1486
3,0.09573723375797272,1487
3,0.09641788899898529,1488
3,0.11191820353269577,1489
3,0.13442862033843994,1490
3,0.1254938393831253,1491
3,0.10542111098766327,1492
3,0.07713919132947922,1493
3,0.095500648021698,1494
3,0.12525509297847748,1495
3,0.12566587328910828,1496
3,0.07749421894550323,1497
3,0.11364834755659103,1498
3,0.13449370861053467,1499
3,0.11963102966547012,1500
3,0.12231855094432831,1501
3,0.1121894046664238,1502
3,0.0959121435880661,1503
3,0.12239217758178711,1504
3,0.12704810500144958,1505
3,0.0911715105175972,1506
2,0.1264973282814026,1507
3,0.12485385686159134,1508
3,0.06755345314741135,1509
3,0.13073556125164032,1510
3,0.10205569118261337,1511
3,0.08897671103477478,1512
3,0.11437962204217911,1513
3,0.07366256415843964,1514
1,0.07645925879478455,1515
3,0.10494378209114075,1516
1,0.06947197765111923,1517
3,0.1006186455488205,1518
3,0.12772928178310394,1519
3,0.12754471600055695,1520
3,0.12097901105880737,1521
3,0.09750621765851974,1522
3,0.11695458739995956,1523
3,0.12375837564468384,1524
3,0.11045200377702713,1525
3,0.09517509490251541,1526
3,0.10931440442800522,1527
3,0.12559175491333008,1528
3,0.12582865357398987,1529
3,0.0737062469124794,1530
2,0.09529218822717667,1531
3,0.13736632466316223,1532
3,0.108435720205307,1533
3,0.0962129533290863,1534
3,0.10881366580724716,1535
3,0.0877215787768364,1536
3,0.08319643884897232,1537
3,0.07653917372226715,1538
3,0.0870397612452507,1539
3,0.09559629112482071,1540
3,0.12809237837791443,1541
3,0.12448395043611526,1542
3,0.12876319885253906,1543
3,0.1295243501663208,1544
1,0.10634761303663254,1545
3,0.11144489794969559,1546
3,0.08631517738103867,1547
3,0.09592366963624954,1548
3,0.11395721137523651,1549
3,0.1176939606666565,1550
3,0.12886619567871094,1551
3,0.09295779466629028,1552
3,0.117945596575737,1553
3,0.12771394848823547,1554
3,0.11586710810661316,1555
3,0.1377325803041458,1556
3,0.13454365730285645,1557
3,0.13223902881145477,1558
3,0.10634247213602066,1559
3,0.13945212960243225,1560
3,0.1015697792172432,1561
3,0.08594779670238495,1562
3,0.09061466157436371,1563
3,0.13911843299865723,1564
3,0.13495512306690216,1565
3,0.1298283487558365,1566
3,0.12726391851902008,1567
3,0.1122601106762886,1568
3,0.11305317282676697,1569
3,0.1401643604040146,1570
3,0.13689376413822174,1571
3,0.13571031391620636,1572
1,0.00890673603862524,1573
3,0.09670307487249374,1574
3,0.12605039775371552,1575
3,0.13564898073673248,1576
3,0.1299382895231247,1577
3,0.13125921785831451,1578
3,0.13967932760715485,1579
3,0.13105426728725433,1580
3,0.12394426017999649,1581
3,0.07612331956624985,1582
1,0.03371709957718849,1583
3,0.13365419209003448,1584
3,0.1317126601934433,1585
3,0.10742583870887756,1586
1,0.09410755336284637,1587
3,0.08593800663948059,1588
3,0.11794640868902206,1589
3,0.13638104498386383,1590
3,0.08938122540712357,1591
3,0.07651876658201218,1592
3,0.08888241648674011,1593
3,0.0972243994474411,1594
3,0.13541051745414734,1595
3,0.10766144096851349,1596
3,0.07010217756032944,1597
3,0.1270645707845688,1598
3,0.12482275068759918,1599
3,0.08236003667116165,1600
3,0.07818938046693802,1601
3,0.0961749479174614,1602
3,0.13018035888671875,1603
3,0.11373284459114075,1604
3,0.13111944496631622,1605
3,0.13424667716026306,1606
3,0.13196434080600739,1607
3,0.12480640411376953,1608
3,0.11377300322055817,1609
3,0.14104194939136505,1610
3,0.13361413776874542,1611
3,0.13268893957138062,1612
3,0.12407785654067993,1613
1,0.09773822128772736,1614
3,0.08740498870611191,1615
3,0.09649191796779633,1616
3,0.09710507094860077,1617
3,0.12743470072746277,1618
2,0.14125116169452667,1619
3,0.11079027503728867,1620
3,0.11995022743940353,1621
3,0.1415431648492813,1622
3,0.13174062967300415,1623
3,0.13337072730064392,1624
3,0.12540416419506073,1625
3,0.08130557090044022,1626
3,0.13448768854141235,1627
3,0.1375124454498291,1628
3,0.1343700885772705,1629
3,0.09761267900466919,1630
3,0.12910062074661255,1631
3,0.1421273648738861,1632
1,0.0730036199092865,1633
3,0.0882464349269867,1634
3,0.1367129534482956,1635
3,0.13611823320388794,1636
3,0.14089025557041168,1637
3,0.12677469849586487,1638
3,0.08893407136201859,1639
3,0.08965922892093658,1640
3,0.1107623502612114,1641
3,0.09106577187776566,1642
3,0.07880070805549622,1643
3,0.1270182579755783,1644
1,0.07260122150182724,1645
3,0.1274823248386383,1646
3,0.12996117770671844,1647
3,0.12744316458702087,1648
1,0.066948302090168,1649
3,0.09110051393508911,1650
3,0.13703709840774536,1651
3,0.08628571033477783,1652
3,0.07843612134456635,1653
3,0.09055435657501221,1654
3,0.09678960591554642,1655
3,0.1079649031162262,1656
3,0.12463774532079697,1657
3,0.13649147748947144,1658
3,0.1283179521560669,1659
3,0.08951577544212341,1660
3,0.1284937709569931,1661
3,0.12485717236995697,1662
3,0.07880667597055435,1663
3,0.0791449323296547,1664
3,0.1309332400560379,1665
3,0.13308760523796082,1666
2,0.12536905705928802,1667
3,0.1257215291261673,1668
3,0.11865030974149704,1669
3,0.13831676542758942,1670
3,0.12923485040664673,1671
3,0.12655934691429138,1672
3,0.12356144189834595,1673
3,0.07833433896303177,1674
3,0.09795238822698593,1675
3,0.10401201248168945,1676
3,0.1392253339290619,1677
3,0.13009943068027496,1678
3,0.11808040738105774,1679
3,0.0792701318860054,1680
3,0.10436885058879852,1681
1,0.09997434169054031,1682
3,0.1007232815027237,1683
1,0.0692192018032074,1684
3,0.08956614881753922,1685
3,0.13283893465995789,1686
3,0.11720150709152222,1687
3,0.12846018373966217,1688
3,0.12799327075481415,1689
3,0.12782223522663116,1690
3,0.13064666092395782,1691
3,0.12074600905179977,1692
3,0.10236458480358124,1693
3,0.09905372560024261,1694
3,0.10301365703344345,1695
2,0.1146082803606987,1696
3,0.076092429459095,1697
3,0.13963021337985992,1698
1,0.09942544996738434,1699
3,0.11249836534261703,1700
3,0.1353977769613266,1701
3,0.13745766878128052,1702
3,0.09063616394996643,1703
3,0.11228760331869125,1704
3,0.13011868298053741,1705
3,0.11892899125814438,1706
3,0.09655392169952393,1707
3,0.08971568942070007,1708
3,0.10086137056350708,1709
3,0.11247566342353821,1710
3,0.13886503875255585,1711
3,0.11778892576694489,1712
3,0.07404862344264984,1713
1,0.12055060267448425,1714
3,0.08565419912338257,1715
3,0.13700489699840546,1716
3,0.07873836904764175,1717
3,0.14080266654491425,1718
3,0.1374858319759369,1719
3,0.13817039132118225,1720
3,0.10035475343465805,1721
3,0.13307926058769226,1722
3,0.14107802510261536,1723
3,0.1460038125514984,1724
3,0.08114106208086014,1725
3,0.1352638155221939,1726
3,0.07542484998703003,1727
3,0.09147054702043533,1728
3,0.13822677731513977,1729
3,0.13898329436779022,1730
3,0.08060464262962341,1731
3,0.11472824215888977,1732
3,0.13365066051483154,1733
3,0.13853871822357178,1734
3,0.08043134212493896,1735
3,0.10589595139026642,1736
3,0.11531700193881989,1737
3,0.13458502292633057,1738
3,0.08097571134567261,1739
3,0.07589752227067947,1740
3,0.0733490064740181,1741
3,0.10127471387386322,1742
3,0.10487911105155945,1743
1,0.06854034960269928,1744
3,0.09796424210071564,1745
3,0.10050749778747559,1746
3,0.13552767038345337,1747
3,0.10428736358880997,1748
3,0.10415441542863846,1749
3,0.10093457251787186,1750
1,0.07969629019498825,1751
3,0.12024905532598495,1752
3,0.09977232664823532,1753
3,0.07899754494428635,1754
3,0.14286427199840546,1755
3,0.1485975831747055,1756
3,0.12422002106904984,1757
3,0.11530508100986481,1758
3,0.11446215212345123,1759
3,0.08165725320577621,1760
1,0.11352293938398361,1761
3,0.13737753033638,1762
3,0.1136709675192833,1763
3,0.10475029051303864,1764
3,0.10016346722841263,1765
3,0.0953536331653595,1766
3,0.10785649716854095,1767
3,0.15055687725543976,1768
3,0.14772987365722656,1769
3,0.11337399482727051,1770
3,0.1024366244673729,1771
3,0.13896100223064423,1772
2,0.11086687445640564,1773
3,0.09010110050439835,1774
3,0.08183430135250092,1775
3,0.1378290057182312,1776
3,0.14024722576141357,1777
1,0.10510852187871933,1778
1,0.07841574400663376,1779
3,0.10180869698524475,1780
3,0.11063586920499802,1781
3,0.09337262809276581,1782
3,0.0945698544383049,1783
3,0.10195192694664001,1784
3,0.08225671201944351,1785
3,0.07263565063476562,1786
1,0.07354336977005005,1787
3,0.09317929297685623,1788
3,0.12033390253782272,1789
3,0.1376287043094635,1790
1,0.11678563803434372,1791
3,0.1389687955379486,1792
3,0.14120696485042572,1793
3,0.13497062027454376,1794
3,0.10275346785783768,1795
1,0.054758619517087936,1796
3,0.09306662529706955,1797
3,0.09360216557979584,1798
3,0.15093737840652466,1799
3,0.14391829073429108,1800
3,0.13412947952747345,1801
3,0.1265030801296234,1802
3,0.10615294426679611,1803
3,0.09913332760334015,1804
3,0.10675293207168579,1805
1,0.08534053713083267,1806
3,0.08424091339111328,1807
3,0.12915025651454926,1808
3,0.14484164118766785,1809
3,0.10460416227579117,1810
3,0.07015061378479004,1811
3,0.08209949731826782,1812
3,0.11056628078222275,1813
1,0.13981139659881592,1814
3,0.14749503135681152,1815
3,0.1364341378211975,1816
1,0.07201162725687027,1817
3,0.08230432122945786,1818
3,0.08384815603494644,1819
1,0.08594021946191788,1820
3,0.14308778941631317,1821
3,0.13574589788913727,1822
3,0.13536755740642548,1823
3,0.12793977558612823,1824
3,0.08208505809307098,1825
3,0.08282916247844696,1826
3,0.11120648682117462,1827
3,0.12055952847003937,1828
3,0.13277287781238556,1829
3,0.08458144217729568,1830
3,0.10520049929618835,1831
3,0.10392725467681885,1832
3,0.1381578892469406,1833
3,0.11587455868721008,1834
3,0.11711057275533676,1835
3,0.08130268007516861,1836
3,0.06940468400716782,1837
3,0.09007416665554047,1838
4,0.08458208292722702,1839
3,0.08888128399848938,1840
3,0.09245049953460693,1841
1,0.10161580890417099,1842
3,0.14420124888420105,1843
3,0.13321933150291443,1844
3,0.13660290837287903,1845
1,0.07560887187719345,1846
3,0.1057746559381485,1847
3,0.10529160499572754,1848
3,0.12175118923187256,1849
3,0.1375269889831543,1850
3,0.10578610748052597,1851
3,0.14638443291187286,1852
1,0.09785059094429016,1853
3,0.08578707277774811,1854
3,0.10522881895303726,1855
3,0.1482008993625641,1856
3,0.13457994163036346,1857
3,0.1067354828119278,1858
3,0.08684076368808746,1859
3,0.10503579676151276,1860
3,0.12919628620147705,1861
3,0.11833290010690689,1862
3,0.10846851766109467,1863
3,0.09856385737657547,1864
3,0.09874188899993896,1865
3,0.09281817078590393,1866
3,0.0645262748003006,1867
3,0.10509698837995529,1868
3,0.12716199457645416,1869
3,0.1493259221315384,1870
3,0.08603259176015854,1871
3,0.08513665944337845,1872
3,0.1063830703496933,1873
3,0.12976686656475067,1874
3,0.10137314349412918,1875
3,0.08382658660411835,1876
1,0.06119970977306366,1877
1,0.0681137815117836,1878
3,0.08357370644807816,1879
3,0.09023241698741913,1880
3,0.13249801099300385,1881
3,0.14866262674331665,1882
3,0.14708787202835083,1883
3,0.08659598231315613,1884
3,0.11370843648910522,1885
1,0.07043075561523438,1886
3,0.14672203361988068,1887
3,0.0870208740234375,1888
3,0.10417661815881729,1889
3,0.12352534383535385,1890
3,0.14187772572040558,1891
3,0.10761549323797226,1892
3,0.09161129593849182,1893
3,0.08335942775011063,1894
3,0.11940642446279526,1895
3,0.10966432839632034,1896
1,0.08166446536779404,1897
3,0.13775509595870972,1898
3,0.08046405017375946,1899
3,0.09435687214136124,1900
3,0.08939824253320694,1901
3,0.08160697668790817,1902
3,0.09293394535779953,1903
3,0.1464119702577591,1904
3,0.08633290231227875,1905
3,0.08151747286319733,1906
3,0.09944677352905273,1907
3,0.12506994605064392,1908
3,0.12528099119663239,1909
3,0.14628742635250092,1910
3,0.15937156975269318,1911
3,0.1476607322692871,1912
2,0.07925841957330704,1913
1,0.08674705028533936,1914
3,0.08625694364309311,1915
3,0.08624271303415298,1916
3,0.15127897262573242,1917
3,0.0813797116279602,1918
3,0.0994265079498291,1919
3,0.0859905481338501,1920
3,0.08049802482128143,1921
3,0.12569881975650787,1922
3,0.12550263106822968,1923
3,0.1468765139579773,1924
3,0.1482619196176529,1925
3,0.14902639389038086,1926
3,0.10699453949928284,1927
3,0.1059245765209198,1928
3,0.08754956722259521,1929
3,0.08913552016019821,1930
3,0.15169452130794525,1931
3,0.15192371606826782,1932
3,0.1513749659061432,1933
3,0.15084683895111084,1934
3,0.15354014933109283,1935
3,0.14274467527866364,1936
1,0.11738039553165436,1937
3,0.08619244396686554,1938
3,0.08788172900676727,1939
3,0.1500667929649353,1940
3,0.14099229872226715,1941
2,0.08585629612207413,1942
3,0.07891568541526794,1943
3,0.09481755644083023,1944
3,0.10035459697246552,1945
3,0.13999587297439575,1946
3,0.14965175092220306,1947
3,0.09176171571016312,1948
3,0.0963946133852005,1949
3,0.07698862999677658,1950
3,0.09475193917751312,1951
3,0.10163355618715286,1952
3,0.15323056280612946,1953
3,0.1621014028787613,1954
3,0.14401936531066895,1955
3,0.10847105085849762,1956
3,0.11664925515651703,1957
3,0.13682906329631805,1958
3,0.1493922770023346,1959
3,0.15145041048526764,1960
3,0.10937756299972534,1961
3,0.10075939446687698,1962
3,0.07822106778621674,1963
3,0.12798747420310974,1964
3,0.12582772970199585,1965
3,0.13297151029109955,1966
3,0.15179520845413208,1967
3,0.15115618705749512,1968
3,0.1340945065021515,1969
3,0.13585685193538666,1970
3,0.1230454221367836,1971
1,0.09315267950296402,1972
3,0.133745014667511,1973
3,0.1225394681096077,1974
3,0.08738314360380173,1975
3,0.09057699888944626,1976
3,0.1290094256401062,1977
3,0.15202540159225464,1978
3,0.15818189084529877,1979
3,0.10241610556840897,1980
2,0.07991858571767807,1981
3,0.09625165164470673,1982
3,0.13831955194473267,1983
3,0.15366925299167633,1984
3,0.12806154787540436,1985
3,0.10335303097963333,1986
1,0.06917592138051987,1987
2,0.08029526472091675,1988
3,0.09485999494791031,1989
3,0.08912526071071625,1990
3,0.08868047595024109,1991
3,0.15476490557193756,1992
3,0.15520761907100677,1993
3,0.08774670213460922,1994
3,0.09674549847841263,1995
3,0.09824170172214508,1996
3,0.0811898335814476,1997
3,0.08804446458816528,1998
3,0.09775613248348236,1999
3,0.09785933047533035,2000
3,0.08961667865514755,2001
3,0.09750621765851974,2002
3,0.1352899670600891,2003
3,0.12630359828472137,2004
3,0.10273280739784241,2005
3,0.10140899568796158,2006
3,0.13265281915664673,2007
3,0.14060412347316742,2008
3,0.1581910401582718,2009
3,0.09346111118793488,2010
3,0.0998726561665535,2011
3,0.16077479720115662,2012
3,0.1505245566368103,2013
3,0.1492237001657486,2014
3,0.0959957167506218,2015
3,0.08946903795003891,2016
3,0.08091454207897186,2017
3,0.09583734720945358,2018
3,0.14810697734355927,2019
1,0.10323326289653778,2020
3,0.12820056080818176,2021
3,0.15726223587989807,2022
3,0.08322106301784515,2023
1,0.09242841601371765,2024
1,0.09316848963499069,2025
3,0.15911847352981567,2026
3,0.1517890840768814,2027
3,0.090547576546669,2028
1,0.13360750675201416,2029
3,0.11138320714235306,2030
3,0.10989192128181458,2031
3,0.1344473958015442,2032
3,0.15940675139427185,2033
3,0.1597539335489273,2034
3,0.1585814207792282,2035
3,0.1594153642654419,2036
3,0.16249163448810577,2037
3,0.15280427038669586,2038
3,0.1304910033941269,2039
4,0.16010192036628723,2040
3,0.16043145954608917,2041
3,0.11541017889976501,2042
3,0.09640634804964066,2043
3,0.1567377746105194,2044
3,0.15968649089336395,2045
3,0.08384952694177628,2046
3,0.12061720341444016,2047
3,0.12556292116641998,2048
3,0.11472171545028687,2049
3,0.11059081554412842,2050
3,0.15829308331012726,2051
3,0.1688208132982254,2052
3,0.16367366909980774,2053
3,0.12539444863796234,2054
3,0.10230108350515366,2055
3,0.160866379737854,2056
3,0.1694173514842987,2057
3,0.15230675041675568,2058
3,0.13026030361652374,2059
3,0.10094787925481796,2060
3,0.13639672100543976,2061
3,0.14346641302108765,2062
2,0.15948565304279327,2063
2,0.15619269013404846,2064
3,0.16475538909435272,2065
3,0.15781235694885254,2066
3,0.16524234414100647,2067
3,0.15466293692588806,2068
3,0.15121372044086456,2069
3,0.12988398969173431,2070
3,0.10768255591392517,2071
3,0.15991032123565674,2072
3,0.09115416556596756,2073
3,0.10091742873191833,2074
3,0.17565137147903442,2075
3,0.09146428853273392,2076
3,0.08249979466199875,2077
1,0.06921269744634628,2078
3,0.08618650585412979,2079
3,0.16102804243564606,2080
3,0.1425636112689972,2081
3,0.13221032917499542,2082
1,0.06294690817594528,2083
3,0.16106735169887543,2084
3,0.13524489104747772,2085
3,0.15650328993797302,2086
3,0.1628541797399521,2087
3,0.12444787472486496,2088
3,0.1735028326511383,2089
3,0.16177810728549957,2090
3,0.10182338207960129,2091
1,0.1105848103761673,2092
3,0.13796426355838776,2093
3,0.13567380607128143,2094
3,0.11743820458650589,2095
3,0.09254804998636246,2096
3,0.09690288454294205,2097
3,0.12402355670928955,2098
3,0.16584466397762299,2099
3,0.16363590955734253,2100
3,0.1089969128370285,2101
3,0.16637498140335083,2102
3,0.1013239175081253,2103
3,0.09291748702526093,2104
3,0.10201644152402878,2105
3,0.13961660861968994,2106
3,0.16398097574710846,2107
3,0.1626615673303604,2108
3,0.14162667095661163,2109
3,0.14021006226539612,2110
3,0.13701845705509186,2111
3,0.10048165172338486,2112
3,0.09357950836420059,2113
3,0.10864865779876709,2114
3,0.17306509613990784,2115
3,0.1656380295753479,2116
3,0.14838695526123047,2117
3,0.12808401882648468,2118
1,0.0786394476890564,2119
3,0.17913585901260376,2120
3,0.15928815305233002,2121
3,0.16241368651390076,2122
1,0.12366709113121033,2123
3,0.0997869074344635,2124
1,0.067500539124012,2125
3,0.162948340177536,2126
3,0.10550229251384735,2127
3,0.14970482885837555,2128
3,0.16378821432590485,2129
3,0.1055351048707962,2130
3,0.11493130773305893,2131
3,0.11977998167276382,2132
3,0.13904429972171783,2133
3,0.15660525858402252,2134
3,0.13931001722812653,2135
3,0.09448125213384628,2136
3,0.09374099224805832,2137
3,0.14126276969909668,2138
3,0.08263122290372849,2139
3,0.09883682429790497,2140
3,0.16636668145656586,2141
3,0.16649319231510162,2142
4,0.16565316915512085,2143
3,0.12643365561962128,2144
3,0.10011793673038483,2145
3,0.10000485181808472,2146
1,0.0781036987900734,2147
3,0.08438359946012497,2148
3,0.12634389102458954,2149
3,0.16036783158779144,2150
3,0.16825199127197266,2151
3,0.18249861896038055,2152
3,0.15766121447086334,2153
3,0.13616029918193817,2154
3,0.08242902159690857,2155
3,0.09910697489976883,2156
3,0.12587817013263702,2157
1,0.08067625761032104,2158
3,0.10020114481449127,2159
3,0.08252445608377457,2160
1,0.10323456674814224,2161
3,0.1588737666606903,2162
3,0.1353016346693039,2163
3,0.12993495166301727,2164
3,0.10640930384397507,2165
3,0.08114615827798843,2166
3,0.09546773880720139,2167
3,0.16669616103172302,2168
3,0.169714093208313,2169
4,0.16930878162384033,2170
3,0.13488398492336273,2171
3,0.10054673999547958,2172
3,0.11160092800855637,2173
3,0.1701088398694992,2174
3,0.1703227311372757,2175
3,0.17371009290218353,2176
3,0.08258212357759476,2177
3,0.1652921587228775,2178
3,0.1586296707391739,2179
3,0.1418851912021637,2180
3,0.08269238471984863,2181
3,0.18745610117912292,2182
3,0.14457347989082336,2183
3,0.13045568764209747,2184
3,0.10011596977710724,2185
3,0.10107135772705078,2186
3,0.08159187436103821,2187
3,0.1654745489358902,2188
4,0.1368975043296814,2189
4,0.17014476656913757,2190
3,0.16304364800453186,2191
3,0.1607649326324463,2192
3,0.12257784605026245,2193
1,0.0978768914937973,2194
1,0.07759428769350052,2195
3,0.16525869071483612,2196
3,0.177565798163414,2197
3,0.17313987016677856,2198
3,0.1326826810836792,2199
3,0.13169504702091217,2200
3,0.0834735557436943,2201
3,0.10585006326436996,2202
3,0.16686038672924042,2203
3,0.1618126928806305,2204
3,0.09903278946876526,2205
3,0.11795913428068161,2206
3,0.16805605590343475,2207
3,0.10396891832351685,2208
3,0.0839032530784607,2209
3,0.12419367581605911,2210
3,0.08244254440069199,2211
3,0.12421837449073792,2212
3,0.1299692690372467,2213
3,0.17135383188724518,2214
3,0.1669820100069046,2215
3,0.17841677367687225,2216
3,0.1639796793460846,2217
3,0.0972699299454689,2218
3,0.10324271768331528,2219
3,0.16433493793010712,2220
3,0.16821539402008057,2221
3,0.1686156988143921,2222
3,0.1644374132156372,2223
3,0.10912943631410599,2224
3,0.17302127182483673,2225
3,0.10430864244699478,2226
3,0.17653676867485046,2227
1,0.0783042162656784,2228
3,0.10825240612030029,2229
3,0.1096104308962822,2230
3,0.15968193113803864,2231
3,0.17658768594264984,2232
3,0.17710433900356293,2233
3,0.18046320974826813,2234
3,0.173356294631958,2235
3,0.1621362566947937,2236
3,0.08826889097690582,2237
3,0.1310853213071823,2238
3,0.1477038711309433,2239
3,0.1760759949684143,2240
3,0.17723003029823303,2241
3,0.17343419790267944,2242
4,0.17415937781333923,2243
3,0.08546750992536545,2244
2,0.08398265391588211,2245
3,0.08350541442632675,2246
3,0.11182340234518051,2247
3,0.14788764715194702,2248
3,0.15659232437610626,2249
3,0.2015443742275238,2250
3,0.1813543438911438,2251
1,0.08058544248342514,2252
3,0.09255532175302505,2253
3,0.1003832221031189,2254
3,0.11231496185064316,2255
3,0.1466163843870163,2256
3,0.17085479199886322,2257
3,0.19949863851070404,2258
3,0.1145288422703743,2259
3,0.11886236816644669,2260
3,0.1377941071987152,2261
3,0.1481512039899826,2262
3,0.1531032919883728,2263
3,0.16916148364543915,2264
3,0.13968060910701752,2265
3,0.12642209231853485,2266
3,0.09136869013309479,2267
3,0.1143471822142601,2268
3,0.14046835899353027,2269
3,0.14286744594573975,2270
3,0.14692489802837372,2271
3,0.13458044826984406,2272
3,0.10441359877586365,2273
3,0.0874718427658081,2274
3,0.09806133061647415,2275
3,0.1814366728067398,2276
3,0.1785268783569336,2277
3,0.11867028474807739,2278
3,0.1201474592089653,2279
4,0.12811404466629028,2280
3,0.136542409658432,2281
3,0.19981883466243744,2282
1,0.07812051475048065,2283
3,0.10942136496305466,2284
3,0.13183079659938812,2285
3,0.1316273808479309,2286
3,0.16407424211502075,2287
3,0.1648414134979248,2288
3,0.17501209676265717,2289
3,0.14096365869045258,2290
3,0.10701759159564972,2291
3,0.11037684977054596,2292
3,0.13284100592136383,2293
3,0.1758914589881897,2294
3,0.0848572850227356,2295
3,0.12201235443353653,2296
3,0.18446838855743408,2297
3,0.18237192928791046,2298
3,0.18085618317127228,2299
3,0.12735728919506073,2300
3,0.18120740354061127,2301
3,0.0992041528224945,2302
3,0.1110633909702301,2303
3,0.11398976296186447,2304
3,0.14956124126911163,2305
3,0.18530701100826263,2306
3,0.14216278493404388,2307
3,0.18367336690425873,2308
3,0.17597225308418274,2309
3,0.10870511084794998,2310
3,0.12262677401304245,2311
3,0.14950598776340485,2312
3,0.13359351456165314,2313
3,0.13402186334133148,2314
3,0.1405673325061798,2315
3,0.19052451848983765,2316
3,0.12239188700914383,2317
3,0.12296406924724579,2318
3,0.1344882994890213,2319
3,0.14082418382167816,2320
3,0.1942656934261322,2321
3,0.20474873483181,2322
3,0.08787427842617035,2323
3,0.13529258966445923,2324
3,0.1635810136795044,2325
3,0.17917194962501526,2326
3,0.17950089275836945,2327
3,0.18741023540496826,2328
3,0.2026573270559311,2329
3,0.18292473256587982,2330
3,0.14568550884723663,2331
3,0.2059095799922943,2332
3,0.16643576323986053,2333
3,0.12385737150907516,2334
3,0.1719672679901123,2335
3,0.17278628051280975,2336
3,0.18929100036621094,2337
3,0.08818013966083527,2338
3,0.12583306431770325,2339
3,0.17524322867393494,2340
3,0.11159544438123703,2341
3,0.14264164865016937,2342
3,0.18744142353534698,2343
3,0.1386663168668747,2344
3,0.1661187708377838,2345
3,0.15465378761291504,2346
3,0.11228273063898087,2347
3,0.1536245495080948,2348
3,0.19136236608028412,2349
3,0.175774946808815,2350
3,0.1306828409433365,2351
3,0.11144859343767166,2352
3,0.19199077785015106,2353
3,0.1553640365600586,2354
3,0.15284056961536407,2355
1,0.15514826774597168,2356
1,0.11367755383253098,2357
3,0.12564463913440704,2358
3,0.12554477155208588,2359
2,0.14382049441337585,2360
3,0.14777112007141113,2361
3,0.181749626994133,2362
3,0.12616245448589325,2363
3,0.11209751665592194,2364
3,0.1680424064397812,2365
3,0.19086675345897675,2366
3,0.18793946504592896,2367
3,0.17942042648792267,2368
3,0.1755877435207367,2369
3,0.10006119310855865,2370
3,0.10291030257940292,2371
3,0.12780947983264923,2372
3,0.1801081746816635,2373
3,0.17840193212032318,2374
3,0.1840638369321823,2375
1,0.08008237928152084,2376
3,0.12806494534015656,2377
3,0.19608446955680847,2378
3,0.15084443986415863,2379
3,0.1506214439868927,2380
3,0.11275967210531235,2381
3,0.15570476651191711,2382
3,0.17437513172626495,2383
3,0.18899989128112793,2384
3,0.18005119264125824,2385
3,0.17324814200401306,2386
3,0.12981070578098297,2387
3,0.17492835223674774,2388
3,0.18491028249263763,2389
3,0.18114064633846283,2390
3,0.11365694552659988,2391
3,0.08799769729375839,2392
3,0.09131414443254471,2393
3,0.1417275220155716,2394
3,0.15066951513290405,2395
3,0.1515125036239624,2396
3,0.18098847568035126,2397
3,0.17569567263126373,2398
3,0.09190911054611206,2399
3,0.11930974572896957,2400
3,0.17088353633880615,2401
3,0.18466874957084656,2402
3,0.197005495429039,2403
3,0.1744409054517746,2404
3,0.102181077003479,2405
3,0.1175406351685524,2406
3,0.11840164661407471,2407
3,0.14120885729789734,2408
3,0.16237981617450714,2409
3,0.16268911957740784,2410
3,0.19251486659049988,2411
3,0.15472345054149628,2412
3,0.09188936650753021,2413
1,0.04215236380696297,2414
3,0.1142597645521164,2415
3,0.1260455697774887,2416
3,0.12754608690738678,2417
3,0.12796612083911896,2418
3,0.15779712796211243,2419
3,0.19301603734493256,2420
3,0.15472859144210815,2421
3,0.10661986470222473,2422
3,0.11615067720413208,2423
3,0.13318023085594177,2424
3,0.18259716033935547,2425
3,0.10254202783107758,2426
3,0.0848643034696579,2427
3,0.10348530113697052,2428
3,0.11386770009994507,2429
3,0.1271219402551651,2430
3,0.1552986055612564,2431
3,0.10228043794631958,2432
3,0.10471925884485245,2433
1,0.07914228737354279,2434
3,0.08474136888980865,2435
3,0.09549816697835922,2436
3,0.17749813199043274,2437
3,0.19104786217212677,2438
3,0.19387850165367126,2439
3,0.11646916717290878,2440
3,0.1409335434436798,2441
3,0.14132525026798248,2442
3,0.14312057197093964,2443
3,0.14703090488910675,2444
3,0.16961289942264557,2445
3,0.17284923791885376,2446
3,0.1902894824743271,2447
3,0.20073747634887695,2448
3,0.1558735966682434,2449
3,0.08465269207954407,2450
3,0.13083985447883606,2451
3,0.20147190988063812,2452
3,0.20085933804512024,2453
1,0.09599649161100388,2454
3,0.10390605032444,2455
3,0.09690792113542557,2456
3,0.11187722533941269,2457
3,0.19546733796596527,2458
3,0.19847775995731354,2459
3,0.14893998205661774,2460
3,0.19464708864688873,2461
3,0.18368372321128845,2462
3,0.1611415147781372,2463
3,0.11802251636981964,2464
3,0.13922648131847382,2465
3,0.16157014667987823,2466
3,0.19060789048671722,2467
3,0.2029101550579071,2468
3,0.10566341131925583,2469
1,0.07936583459377289,2470
3,0.13281989097595215,2471
3,0.1645703911781311,2472
3,0.19350892305374146,2473
3,0.18614132702350616,2474
3,0.1845364272594452,2475
3,0.1446235477924347,2476
3,0.12045919895172119,2477
1,0.11258261650800705,2478
3,0.1802106350660324,2479
3,0.2141619473695755,2480
3,0.20477166771888733,2481
3,0.1219206228852272,2482
3,0.20613205432891846,2483
3,0.11342637240886688,2484
3,0.211994007229805,2485
3,0.12243308871984482,2486
3,0.14461365342140198,2487
3,0.1065402403473854,2488
3,0.1356419324874878,2489
3,0.2198699414730072,2490
3,0.12316033244132996,2491
3,0.08196820318698883,2492
3,0.1144462376832962,2493
3,0.12064119428396225,2494
3,0.16667579114437103,2495
3,0.1769171506166458,2496
3,0.2206036001443863,2497
3,0.123647540807724,2498
3,0.11161843687295914,2499
3,0.13839012384414673,2500
3,0.15864616632461548,2501
3,0.19365648925304413,2502
3,0.19224101305007935,2503
3,0.21072353422641754,2504
3,0.19007110595703125,2505
3,0.12385091930627823,2506
3,0.10512829571962357,2507
3,0.07477923482656479,2508
3,0.11052577942609787,2509
3,0.14565281569957733,2510
3,0.14604702591896057,2511
3,0.14762428402900696,2512
3,0.17752964794635773,2513
3,0.19558222591876984,2514
3,0.19055601954460144,2515
3,0.10534124076366425,2516
3,0.11250430345535278,2517
1,0.08037687838077545,2518
3,0.1253759264945984,2519
3,0.17364518344402313,2520
3,0.19357113540172577,2521
3,0.12517276406288147,2522
4,0.21970234811306,2523
1,0.07960375398397446,2524
3,0.20580589771270752,2525
3,0.18483848869800568,2526
3,0.19083699584007263,2527
3,0.21414893865585327,2528
2,0.20430350303649902,2529
3,0.19367831945419312,2530
3,0.11519615352153778,2531
3,0.13998514413833618,2532
3,0.15292473137378693,2533
3,0.1544112116098404,2534
3,0.1548675000667572,2535
2,0.1903587430715561,2536
3,0.20752955973148346,2537
1,0.07595114409923553,2538
3,0.17245478928089142,2539
3,0.1897840052843094,2540
3,0.22406399250030518,2541
3,0.20536473393440247,2542
3,0.166237011551857,2543
3,0.11230499297380447,2544
3,0.21072764694690704,2545
1,0.07153204083442688,2546
3,0.0982532650232315,2547
3,0.18086650967597961,2548
3,0.10842358320951462,2549
1,0.08613579720258713,2550
3,0.1432350128889084,2551
3,0.14938051998615265,2552
3,0.1523875594139099,2553
3,0.18702702224254608,2554
3,0.12100646644830704,2555
3,0.09197436273097992,2556
2,0.07606103271245956,2557
3,0.1539471298456192,2558
3,0.18707576394081116,2559
3,0.10825961828231812,2560
3,0.11056312173604965,2561
3,0.1344728022813797,2562
3,0.17610272765159607,2563
3,0.2194492667913437,2564
3,0.21887589991092682,2565
3,0.09537671506404877,2566
3,0.11377298831939697,2567
3,0.11688541620969772,2568
3,0.15200260281562805,2569
3,0.1544754058122635,2570
3,0.1926693171262741,2571
3,0.12164536863565445,2572
1,0.08205463737249374,2573
3,0.09170278906822205,2574
3,0.10992027819156647,2575
4,0.15478286147117615,2576
3,0.19855211675167084,2577
3,0.18452680110931396,2578
3,0.12200810760259628,2579
3,0.1894952803850174,2580
3,0.1834009885787964,2581
3,0.14828528463840485,2582
3,0.12514925003051758,2583
3,0.14712348580360413,2584
3,0.13940642774105072,2585
3,0.10692761093378067,2586
3,0.08850137144327164,2587
3,0.08778561651706696,2588
1,0.0747198611497879,2589
3,0.11424728482961655,2590
3,0.11468884348869324,2591
3,0.18472063541412354,2592
3,0.10948850214481354,2593
3,0.10035059601068497,2594
1,0.0745314434170723,2595
3,0.1562279909849167,2596
3,0.21561448276042938,2597
3,0.22504311800003052,2598
3,0.19009701907634735,2599
3,0.1856270283460617,2600
3,0.17136602103710175,2601
3,0.09217377752065659,2602
3,0.1857181191444397,2603
3,0.21708916127681732,2604
3,0.11060745269060135,2605
3,0.07365737110376358,2606
3,0.1389564722776413,2607
3,0.21038202941417694,2608
3,0.22552579641342163,2609
3,0.08671125769615173,2610
3,0.1881731152534485,2611
3,0.0777134895324707,2612
3,0.12796975672245026,2613
3,0.15035589039325714,2614
3,0.15393593907356262,2615
3,0.15537385642528534,2616
3,0.22309610247612,2617
1,0.08392185717821121,2618
3,0.10379388928413391,2619
3,0.12415198236703873,2620
3,0.21890002489089966,2621
3,0.17321592569351196,2622
3,0.21265630424022675,2623
3,0.21082662045955658,2624
3,0.08428244292736053,2625
3,0.11596120148897171,2626
3,0.12470147013664246,2627
3,0.15750867128372192,2628
3,0.20471271872520447,2629
3,0.07315882295370102,2630
3,0.19695283472537994,2631
3,0.107595294713974,2632
3,0.08406960219144821,2633
3,0.09336397051811218,2634
3,0.12834054231643677,2635
3,0.14619514346122742,2636
3,0.15871278941631317,2637
3,0.18676578998565674,2638
3,0.13497960567474365,2639
3,0.11439408361911774,2640
3,0.1235906258225441,2641
3,0.1467311829328537,2642
3,0.1604105532169342,2643
3,0.233763188123703,2644
3,0.23109740018844604,2645
2,0.15018339455127716,2646
3,0.08304952830076218,2647
3,0.1062450036406517,2648
3,0.21564780175685883,2649
3,0.23303434252738953,2650
3,0.11259651929140091,2651
3,0.11076872795820236,2652
3,0.11022922396659851,2653
3,0.07837703078985214,2654
3,0.07649433612823486,2655
3,0.12486148625612259,2656
3,0.14417767524719238,2657
3,0.1295142024755478,2658
3,0.18949200212955475,2659
3,0.19049972295761108,2660
3,0.1921006292104721,2661
3,0.08173920959234238,2662
3,0.20494121313095093,2663
3,0.17912514507770538,2664
3,0.14168667793273926,2665
3,0.11315437406301498,2666
1,0.06727880984544754,2667
3,0.14227652549743652,2668
3,0.211711123585701,2669
1,0.07770049571990967,2670
3,0.14206190407276154,2671
3,0.1987610012292862,2672
3,0.21857261657714844,2673
3,0.20973914861679077,2674
3,0.13660107553005219,2675
2,0.07376254349946976,2676
3,0.12699545919895172,2677
3,0.14183028042316437,2678
3,0.1662886142730713,2679
3,0.24212633073329926,2680
4,0.11795679479837418,2681
1,0.07964537292718887,2682
3,0.13302403688430786,2683
3,0.16500268876552582,2684
3,0.1831957995891571,2685
3,0.16721117496490479,2686
3,0.10753585398197174,2687
3,0.09140254557132721,2688
3,0.13131792843341827,2689
3,0.15615226328372955,2690
3,0.19147160649299622,2691
3,0.20606514811515808,2692
3,0.16735395789146423,2693
3,0.17015168070793152,2694
3,0.20657949149608612,2695
3,0.20541951060295105,2696
3,0.1372491717338562,2697
3,0.11594319343566895,2698
3,0.10426236689090729,2699
3,0.1151544451713562,2700
3,0.15556852519512177,2701
3,0.2282857447862625,2702
3,0.20882044732570648,2703
3,0.20929408073425293,2704
3,0.16632910072803497,2705
3,0.0916648805141449,2706
3,0.2024049609899521,2707
3,0.22926095128059387,2708
3,0.1172051653265953,2709
3,0.0886831060051918,2710
3,0.20140831172466278,2711
3,0.22423531115055084,2712
3,0.227561354637146,2713
3,0.23428282141685486,2714
3,0.11590851843357086,2715
3,0.14042186737060547,2716
3,0.14508076012134552,2717
3,0.19722798466682434,2718
3,0.19913524389266968,2719
3,0.2332947701215744,2720
3,0.14351946115493774,2721
3,0.1185031533241272,2722
3,0.10493561625480652,2723
3,0.0786287933588028,2724
3,0.14647705852985382,2725
3,0.1468825340270996,2726
3,0.15302300453186035,2727
3,0.15551497042179108,2728
3,0.2113950252532959,2729
3,0.13871528208255768,2730
3,0.11914726346731186,2731
1,0.06602311134338379,2732
3,0.1410035789012909,2733
3,0.1750137209892273,2734
3,0.20988762378692627,2735
3,0.1328268051147461,2736
3,0.07294934242963791,2737
3,0.08166762441396713,2738
3,0.08959399908781052,2739
3,0.16189925372600555,2740
3,0.2059077024459839,2741
3,0.13658547401428223,2742
3,0.14125487208366394,2743
3,0.14143285155296326,2744
3,0.20586185157299042,2745
3,0.21349471807479858,2746
1,0.0788717046380043,2747
3,0.09328505396842957,2748
3,0.16313877701759338,2749
3,0.19906926155090332,2750
4,0.24846188724040985,2751
3,0.2045891433954239,2752
3,0.12027420103549957,2753
3,0.11799195408821106,2754
3,0.11914156377315521,2755
3,0.19611670076847076,2756
3,0.1997961550951004,2757
3,0.12094048410654068,2758
3,0.15241804718971252,2759
3,0.2067074030637741,2760
1,0.20892676711082458,2761
3,0.19647228717803955,2762
3,0.08284828066825867,2763
3,0.15180379152297974,2764
3,0.18667593598365784,2765
3,0.21978218853473663,2766
1,0.07984320819377899,2767
3,0.09145455062389374,2768
3,0.10466492921113968,2769
3,0.15028519928455353,2770
3,0.20548096299171448,2771
3,0.21230420470237732,2772
3,0.11995162814855576,2773
3,0.11921451985836029,2774
3,0.15237301588058472,2775
3,0.2284332662820816,2776
3,0.10158806294202805,2777
3,0.10119852423667908,2778
3,0.18474167585372925,2779
3,0.20157299935817719,2780
3,0.2352021187543869,2781
1,0.08433316648006439,2782
1,0.0988672599196434,2783
3,0.22483496367931366,2784
4,0.2297850102186203,2785
3,0.2574009895324707,2786
3,0.2232266366481781,2787
1,0.09270409494638443,2788
1,0.08597146719694138,2789
3,0.10258278250694275,2790
3,0.14470334351062775,2791
3,0.20622815191745758,2792
3,0.25628024339675903,2793
3,0.2164844125509262,2794
1,0.09029360115528107,2795
3,0.2044115513563156,2796
3,0.245491623878479,2797
3,0.12145116925239563,2798
1,0.07631490379571915,2799
3,0.09410163760185242,2800
3,0.20142820477485657,2801
3,0.2313290536403656,2802
3,0.22045154869556427,2803
3,0.20284682512283325,2804
3,0.1948249638080597,2805
3,0.2125658392906189,2806
1,0.23059053719043732,2807
3,0.134399875998497,2808
3,0.0958271399140358,2809
3,0.14310865104198456,2810
3,0.20215579867362976,2811
3,0.24052779376506805,2812
3,0.09067496657371521,2813
3,0.15453045070171356,2814
3,0.19077390432357788,2815
3,0.2471579760313034,2816
1,0.07958877831697464,2817
3,0.12386567890644073,2818
3,0.13696295022964478,2819
3,0.14239339530467987,2820
3,0.1633550524711609,2821
3,0.1924581229686737,2822
3,0.2479398399591446,2823
3,0.21791589260101318,2824
3,0.21378988027572632,2825
3,0.2051096260547638,2826
3,0.1592993438243866,2827
3,0.1375443935394287,2828
3,0.15108861029148102,2829
3,0.24260450899600983,2830
3,0.22230014204978943,2831
3,0.1908993422985077,2832
3,0.17132678627967834,2833
3,0.15982599556446075,2834
3,0.16055773198604584,2835
1,0.035796139389276505,2836
3,0.10407625883817673,2837
3,0.09163270890712738,2838
3,0.09519536793231964,2839
3,0.13404695689678192,2840
3,0.13585703074932098,2841
3,0.1531650573015213,2842
3,0.1567753106355667,2843
3,0.09784770011901855,2844
3,0.0959639772772789,2845
3,0.08768484741449356,2846
3,0.2267325222492218,2847
3,0.21001051366329193,2848
1,0.08422152698040009,2849
3,0.08913969993591309,2850
3,0.20187297463417053,2851
3,0.2068857103586197,2852
3,0.21044506132602692,2853
3,0.1622653603553772,2854
3,0.12401167303323746,2855
1,0.08753464370965958,2856
3,0.09886980801820755,2857
3,0.1009567528963089,2858
3,0.12849457561969757,2859
3,0.19985422492027283,2860
3,0.1902974396944046,2861
3,0.16329480707645416,2862
3,0.09341195970773697,2863
3,0.1267729103565216,2864
3,0.25925588607788086,2865
3,0.20661072432994843,2866
3,0.17293879389762878,2867
3,0.16372239589691162,2868
3,0.24431376159191132,2869
3,0.2314208298921585,2870
3,0.126399964094162,2871
1,0.07707498967647552,2872
3,0.2224055528640747,2873
3,0.1668543517589569,2874
3,0.2027396410703659,2875
3,0.24500486254692078,2876
3,0.17626723647117615,2877
3,0.2561073303222656,2878
3,0.2519673705101013,2879
3,0.2525404095649719,2880
3,0.2461250126361847,2881
3,0.17919808626174927,2882
1,0.08480014652013779,2883
3,0.0984693393111229,2884
3,0.09977023303508759,2885
3,0.27276182174682617,2886
3,0.17734241485595703,2887
3,0.1413652002811432,2888
3,0.12045002728700638,2889
1,0.11966574192047119,2890
3,0.09800288826227188,2891
3,0.1804550439119339,2892
3,0.2734094262123108,2893
3,0.237816721200943,2894
3,0.1743701845407486,2895
3,0.09944010525941849,2896
3,0.16190725564956665,2897
3,0.21368718147277832,2898
3,0.24843548238277435,2899
3,0.24001841247081757,2900
3,0.12057984620332718,2901
3,0.09886679798364639,2902
3,0.12280957400798798,2903
3,0.21542350947856903,2904
3,0.21430213749408722,2905
3,0.0938594788312912,2906
3,0.09796284884214401,2907
3,0.16312308609485626,2908
3,0.2500547468662262,2909
3,0.18526893854141235,2910
1,0.15871217846870422,2911
3,0.11899581551551819,2912
3,0.10002590715885162,2913
3,0.24029836058616638,2914
3,0.08574172854423523,2915
1,0.09947600960731506,2916
3,0.20366589725017548,2917
3,0.22200196981430054,2918
3,0.2593004107475281,2919
3,0.16596320271492004,2920
3,0.09421267360448837,2921
1,0.08021736145019531,2922
3,0.24199269711971283,2923
3,0.1652470976114273,2924
3,0.1642884463071823,2925
3,0.127603679895401,2926
3,0.08098018914461136,2927
3,0.14444932341575623,2928
3,0.20527620613574982,2929
3,0.26833707094192505,2930
3,0.23420143127441406,2931
3,0.18722045421600342,2932
1,0.1074596494436264,2933
3,0.1432102769613266,2934
1,0.10017111152410507,2935
3,0.10804300755262375,2936
3,0.10692095011472702,2937
3,0.11939557641744614,2938
3,0.20619700849056244,2939
3,0.2593499720096588,2940
3,0.12610788643360138,2941
3,0.10016379505395889,2942
3,0.14252525568008423,2943
3,0.23258498311042786,2944
4,0.18230034410953522,2945
1,0.09939178824424744,2946
1,0.07005976885557175,2947
1,0.08812443166971207,2948
3,0.10667911171913147,2949
3,0.22987127304077148,2950
3,0.24059002101421356,2951
3,0.24898554384708405,2952
3,0.2363002598285675,2953
3,0.27386897802352905,2954
3,0.15087386965751648,2955
1,0.08207563310861588,2956
3,0.24382902681827545,2957
3,0.2714318633079529,2958
3,0.25127294659614563,2959
3,0.11718647181987762,2960
3,0.21843571960926056,2961
3,0.22534632682800293,2962
3,0.272550106048584,2963
3,0.27614858746528625,2964
3,0.25236815214157104,2965
1,0.05243201553821564,2966
3,0.2744729518890381,2967
3,0.2714362144470215,2968
3,0.28621581196784973,2969
3,0.26025962829589844,2970
3,0.2515925168991089,2971
3,0.26369714736938477,2972
2,0.30380135774612427,2973
3,0.2520503103733063,2974
3,0.25054553151130676,2975
3,0.13108676671981812,2976
3,0.12299414724111557,2977
1,0.09291541576385498,2978
1,0.08145411312580109,2979
3,0.1254042685031891,2980
3,0.269197553396225,2981
3,0.254727303981781,2982
3,0.25291600823402405,2983
3,0.08256149291992188,2984
3,0.11511926352977753,2985
3,0.12598609924316406,2986
3,0.22222226858139038,2987
3,0.24773162603378296,2988
1,0.11828485876321793,2989
3,0.08181367814540863,2990
1,0.09088640660047531,2991
3,0.09683844447135925,2992
3,0.10297469049692154,2993
3,0.10872387886047363,2994
4,0.13990116119384766,2995
3,0.09792421013116837,2996
3,0.09041769057512283,2997
3,0.2725454568862915,2998
3,0.2795752286911011,2999
3,0.29410630464553833,3000
3,0.2912600040435791,3001
3,0.1764412224292755,3002
3,0.12434002757072449,3003
3,0.09001436084508896,3004
3,0.10325206071138382,3005
3,0.1817292422056198,3006
3,0.2311095893383026,3007
3,0.25761470198631287,3008
3,0.2732866704463959,3009
3,0.29594603180885315,3010
3,0.24772194027900696,3011
3,0.10968995839357376,3012
1,0.13832281529903412,3013
3,0.2389948070049286,3014
1,0.08347209542989731,3015
3,0.15952275693416595,3016
3,0.13396009802818298,3017
3,0.10274234414100647,3018
3,0.10069333016872406,3019
3,0.0907340943813324,3020
3,0.09106826037168503,3021
3,0.27662333846092224,3022
3,0.23170144855976105,3023
3,0.13029085099697113,3024
3,0.13594771921634674,3025
3,0.1766466349363327,3026
3,0.17796191573143005,3027
3,0.2833857536315918,3028
3,0.126614511013031,3029
3,0.15182767808437347,3030
3,0.07947280257940292,3031
3,0.09191133081912994,3032
3,0.138264462351799,3033
2,0.32091662287712097,3034
3,0.3068084120750427,3035
3,0.30326980352401733,3036
3,0.25715506076812744,3037
3,0.2576223313808441,3038
3,0.17543324828147888,3039
3,0.289768248796463,3040
3,0.2906980514526367,3041
3,0.2890630066394806,3042
1,0.09301140904426575,3043
3,0.13547880947589874,3044
3,0.1077587753534317,3045
3,0.2800256609916687,3046
3,0.20087014138698578,3047
1,0.08401511609554291,3048
3,0.09501022100448608,3049
3,0.27158623933792114,3050
3,0.2594335079193115,3051
3,0.2594459354877472,3052
3,0.1567879468202591,3053
3,0.1549137979745865,3054
3,0.23665688931941986,3055
3,0.17638947069644928,3056
3,0.12811417877674103,3057
1,0.09224624931812286,3058
3,0.09769453853368759,3059
3,0.3138854503631592,3060
3,0.29909011721611023,3061
3,0.2611708641052246,3062
3,0.09347984939813614,3063
3,0.09722646325826645,3064
3,0.09986623376607895,3065
3,0.14584653079509735,3066
3,0.15578404068946838,3067
3,0.17039452493190765,3068
3,0.17847996950149536,3069
3,0.3165118396282196,3070
3,0.30917075276374817,3071
3,0.2624317705631256,3072
3,0.09283626079559326,3073
3,0.09853988140821457,3074
3,0.13711313903331757,3075
3,0.13945822417736053,3076
3,0.17662104964256287,3077
3,0.17888440191745758,3078
3,0.17489728331565857,3079
3,0.17763257026672363,3080
3,0.11623653024435043,3081
3,0.1009715124964714,3082
3,0.10222498327493668,3083
3,0.13396389782428741,3084
3,0.15774555504322052,3085
3,0.24099427461624146,3086
3,0.32208582758903503,3087
3,0.20514962077140808,3088
3,0.10283765941858292,3089
3,0.24123701453208923,3090
2,0.2878381311893463,3091
3,0.32369929552078247,3092
3,0.29496708512306213,3093
3,0.2654780447483063,3094
3,0.1960531771183014,3095
3,0.1903284788131714,3096
1,0.08622492849826813,3097
3,0.09590177983045578,3098
3,0.10240431874990463,3099
3,0.10548081248998642,3100
3,0.1303773671388626,3101
3,0.1842907816171646,3102
1,0.08197193592786789,3103
1,0.049998894333839417,3104
3,0.09384247660636902,3105
3,0.10511894524097443,3106
3,0.22649621963500977,3107
2,0.28668448328971863,3108
3,0.32629409432411194,3109
3,0.3047550916671753,3110
3,0.09787333011627197,3111
3,0.11516124755144119,3112
3,0.15212403237819672,3113
3,0.09634697437286377,3114
3,0.1296517252922058,3115
3,0.3072386384010315,3116
3,0.26662763953208923,3117
3,0.11415952444076538,3118
1,0.056456927210092545,3119
3,0.0990990698337555,3120
3,0.10847518593072891,3121
3,0.1278780847787857,3122
3,0.18347817659378052,3123
3,0.2683645486831665,3124
3,0.10123852640390396,3125
3,0.12662170827388763,3126
3,0.19056880474090576,3127
3,0.28356391191482544,3128
1,0.10457135736942291,3129
3,0.10036466270685196,3130
3,0.15648484230041504,3131
3,0.17708274722099304,3132
3,0.21722114086151123,3133
3,0.33648601174354553,3134
3,0.3128652572631836,3135
3,0.2712930142879486,3136
3,0.10253660380840302,3137
3,0.10952381044626236,3138
3,0.10354981571435928,3139
3,0.10476786643266678,3140
3,0.15844522416591644,3141
3,0.24920259416103363,3142
3,0.2690613865852356,3143
3,0.3103155791759491,3144
3,0.18739889562129974,3145
3,0.17178380489349365,3146
3,0.3172590136528015,3147
3,0.11126460880041122,3148
3,0.114912249147892,3149
1,0.07232972234487534,3150
3,0.10354457050561905,3151
3,0.18657293915748596,3152
3,0.18071900308132172,3153
3,0.28356075286865234,3154
3,0.25365662574768066,3155
3,0.13012312352657318,3156
3,0.31968817114830017,3157
3,0.10393277555704117,3158
3,0.0966562032699585,3159
3,0.11201352626085281,3160
1,0.14164698123931885,3161
2,0.2928662598133087,3162
2,0.35740968585014343,3163
3,0.31045886874198914,3164
3,0.3144732713699341,3165
3,0.1149691715836525,3166
3,0.11688482761383057,3167
3,0.1609204262495041,3168
3,0.16634905338287354,3169
3,0.22458244860172272,3170
3,0.28769370913505554,3171
3,0.3165149390697479,3172
3,0.11951389908790588,3173
3,0.13438859581947327,3174
3,0.30853936076164246,3175
3,0.09973074495792389,3176
3,0.11854216456413269,3177
3,0.11943452060222626,3178
3,0.1899089515209198,3179
3,0.11655370891094208,3180
3,0.13310500979423523,3181
3,0.1626414805650711,3182
3,0.17005133628845215,3183
3,0.11635862290859222,3184
3,0.08757932484149933,3185
3,0.16320234537124634,3186
3,0.13556788861751556,3187
1,0.0816861093044281,3188
3,0.19133183360099792,3189
3,0.292921245098114,3190
3,0.11963460594415665,3191
3,0.19067946076393127,3192
2,0.296916663646698,3193
1,0.079026959836483,3194
3,0.11011222004890442,3195
3,0.2592618465423584,3196
3,0.28496986627578735,3197
3,0.2450597584247589,3198
3,0.16659094393253326,3199
3,0.2027919888496399,3200
3,0.30625662207603455,3201
3,0.3179899752140045,3202
3,0.1062115877866745,3203
3,0.10876015573740005,3204
3,0.11073096096515656,3205
3,0.283881276845932,3206
3,0.29390448331832886,3207
3,0.13530020415782928,3208
1,0.08807550370693207,3209
3,0.3376522660255432,3210
3,0.281307578086853,3211
3,0.1834220141172409,3212
3,0.10734546184539795,3213
3,0.11300433427095413,3214
3,0.19128167629241943,3215
3,0.21042002737522125,3216
3,0.3293791115283966,3217
3,0.2802831828594208,3218
1,0.07578153163194656,3219
3,0.09686194360256195,3220
3,0.16717855632305145,3221
3,0.29528817534446716,3222
2,0.3006516993045807,3223
2,0.3641192317008972,3224
3,0.33770376443862915,3225
3,0.31154924631118774,3226
3,0.19602607190608978,3227
1,0.09166786074638367,3228
3,0.21166245639324188,3229
3,0.3430100679397583,3230
3,0.08479304611682892,3231
3,0.19266539812088013,3232
3,0.3446519672870636,3233
2,0.08522006124258041,3234
3,0.196905255317688,3235
3,0.2951089143753052,3236
3,0.20574921369552612,3237
3,0.10830467939376831,3238
3,0.10815760493278503,3239
3,0.1954686939716339,3240
3,0.19927962124347687,3241
3,0.08543628454208374,3242
3,0.19296099245548248,3243
3,0.26878416538238525,3244
3,0.3135124444961548,3245
3,0.2907143533229828,3246
3,0.09063456952571869,3247
3,0.09126563370227814,3248
3,0.11737416684627533,3249
3,0.2027553915977478,3250
3,0.2665736675262451,3251
3,0.19970683753490448,3252
3,0.1641393005847931,3253
3,0.16414867341518402,3254
3,0.1252955198287964,3255
3,0.20143480598926544,3256
3,0.2990530729293823,3257
3,0.16494227945804596,3258
3,0.10728254914283752,3259
3,0.10913830995559692,3260
3,0.11692503839731216,3261
3,0.1991938054561615,3262
3,0.18819288909435272,3263
3,0.18399208784103394,3264
3,0.09349340945482254,3265
3,0.12570232152938843,3266
3,0.21200495958328247,3267
3,0.2688556909561157,3268
3,0.09340045601129532,3269
3,0.10812532156705856,3270
3,0.10296572744846344,3271
3,0.12162286043167114,3272
2,0.09420418739318848,3273
1,0.07593322545289993,3274
3,0.09879052639007568,3275
3,0.11841218173503876,3276
3,0.2013380080461502,3277
3,0.20322254300117493,3278
3,0.21379542350769043,3279
3,0.3021271824836731,3280
2,0.3076432943344116,3281
3,0.16630561649799347,3282
3,0.14161403477191925,3283
3,0.14121311902999878,3284
3,0.09505971521139145,3285
2,0.10299955308437347,3286
3,0.10654255002737045,3287
3,0.2023036628961563,3288
3,0.21714289486408234,3289
3,0.29307422041893005,3290
3,0.29926562309265137,3291
3,0.09835950285196304,3292
3,0.20453837513923645,3293
3,0.1996372640132904,3294
3,0.2786308228969574,3295
3,0.3043557107448578,3296
3,0.23279911279678345,3297
3,0.20388707518577576,3298
3,0.10329395532608032,3299
3,0.20555423200130463,3300
2,0.12113606929779053,3301
3,0.10346341133117676,3302
3,0.11332466453313828,3303
3,0.11362966150045395,3304
3,0.12004747241735458,3305
3,0.1423577517271042,3306
3,0.2045442759990692,3307
3,0.21876585483551025,3308
3,0.303588330745697,3309
2,0.3696277141571045,3310
3,0.2899833917617798,3311
3,0.10370367020368576,3312
3,0.18365439772605896,3313
3,0.1842464655637741,3314
3,0.2059638500213623,3315
3,0.20408129692077637,3316
3,0.2740018963813782,3317
3,0.2752600610256195,3318
2,0.31087106466293335,3319
3,0.14455075562000275,3320
2,0.10239618271589279,3321
3,0.1029939278960228,3322
1,0.11627469211816788,3323
3,0.1564086228609085,3324
3,0.2050034999847412,3325
3,0.20685605704784393,3326
3,0.2038767784833908,3327
3,0.306543231010437,3328
3,0.10145039111375809,3329
3,0.11019806563854218,3330
3,0.1270374357700348,3331
3,0.17512859404087067,3332
3,0.20616619288921356,3333
3,0.2422056347131729,3334
2,0.312115877866745,3335
1,0.08461692184209824,3336
3,0.10879204422235489,3337
3,0.11070230603218079,3338
3,0.17583826184272766,3339
3,0.3058398962020874,3340
3,0.20723019540309906,3341
3,0.3069520592689514,3342
1,0.2820919454097748,3343
3,0.23657777905464172,3344
1,0.12801608443260193,3345
1,0.13997207581996918,3346
3,0.13304300606250763,3347
3,0.10989262908697128,3348
3,0.11012431979179382,3349
3,0.2159489095211029,3350
2,0.3141672611236572,3351
3,0.32038775086402893,3352
3,0.15520642697811127,3353
3,0.2962493896484375,3354
3,0.32133013010025024,3355
2,0.13387659192085266,3356
3,0.1317695677280426,3357
3,0.22348712384700775,3358
3,0.13761502504348755,3359
3,0.14509576559066772,3360
3,0.30826395750045776,3361
2,0.3162457346916199,3362
3,0.31671667098999023,3363
1,0.08107522130012512,3364
3,0.12235195934772491,3365
3,0.1456010937690735,3366
3,0.21378354728221893,3367
3,0.12916365265846252,3368
3,0.21447040140628815,3369
3,0.30585286021232605,3370
3,0.30890417098999023,3371
3,0.1905209869146347,3372
3,0.11095964908599854,3373
3,0.0880199447274208,3374
3,0.10110897570848465,3375
3,0.17032213509082794,3376
3,0.2141912877559662,3377
2,0.31835195422172546,3378
3,0.29321983456611633,3379
3,0.10144127905368805,3380
3,0.1124587431550026,3381
3,0.21483442187309265,3382
3,0.24181006848812103,3383
3,0.08893551677465439,3384
1,0.07404844462871552,3385
3,0.15092825889587402,3386
3,0.11447348445653915,3387
3,0.22779910266399384,3388
3,0.15161018073558807,3389
3,0.09226705133914948,3390
3,0.12380141764879227,3391
3,0.16605223715305328,3392
3,0.11908630281686783,3393
1,0.1351836770772934,3394
3,0.3112926185131073,3395
1,0.2265046238899231,3396
3,0.30843937397003174,3397
2,0.29153940081596375,3398
3,0.19339719414710999,3399
3,0.12205144017934799,3400
1,0.10396856814622879,3401
3,0.21853123605251312,3402
3,0.09948515146970749,3403
3,0.1649320125579834,3404
2,0.32399076223373413,3405
3,0.31056609749794006,3406
3,0.09803416579961777,3407
3,0.11689956486225128,3408
3,0.11726512759923935,3409
3,0.09350130707025528,3410
3,0.19205690920352936,3411
3,0.2545101046562195,3412
3,0.316404789686203,3413
3,0.12629340589046478,3414
3,0.113765187561512,3415
3,0.11601167172193527,3416
3,0.22663389146327972,3417
3,0.253704309463501,3418
3,0.13974371552467346,3419
3,0.11878421902656555,3420
3,0.11443101614713669,3421
3,0.14028221368789673,3422
3,0.09077849239110947,3423
4,0.11432426422834396,3424
3,0.3001731336116791,3425
1,0.13590623438358307,3426
3,0.09204327315092087,3427
2,0.11443999409675598,3428
3,0.11428947746753693,3429
3,0.31676939129829407,3430
3,0.3217045068740845,3431
3,0.3416233956813812,3432
3,0.2808550298213959,3433
3,0.15925368666648865,3434
3,0.09259679913520813,3435
3,0.12032769620418549,3436
3,0.15090209245681763,3437
3,0.08383669704198837,3438
3,0.08569744974374771,3439
3,0.08726058900356293,3440
3,0.3233735263347626,3441
2,0.3312346339225769,3442
3,0.2574858069419861,3443
1,0.08510732650756836,3444
3,0.08737200498580933,3445
3,0.13160759210586548,3446
3,0.1860916018486023,3447
1,0.15594372153282166,3448
3,0.22920744121074677,3449
3,0.15212735533714294,3450
3,0.12870091199874878,3451
3,0.1281348615884781,3452
1,0.0773596540093422,3453
3,0.09802523255348206,3454
3,0.15710197389125824,3455
3,0.20850646495819092,3456
3,0.09391403943300247,3457
3,0.13161048293113708,3458
3,0.15792636573314667,3459
3,0.1885206401348114,3460
3,0.17883598804473877,3461
3,0.12562784552574158,3462
3,0.13200877606868744,3463
3,0.15053488314151764,3464
3,0.1590578556060791,3465
3,0.2364414781332016,3466
3,0.31828734278678894,3467
3,0.09398277848958969,3468
1,0.07401953637599945,3469
3,0.2137150764465332,3470
3,0.2385479360818863,3471
3,0.1536644995212555,3472
3,0.2586715817451477,3473
3,0.3558155596256256,3474
3,0.353030264377594,3475
3,0.10623551905155182,3476
3,0.1328819841146469,3477
2,0.15562964975833893,3478
3,0.21967966854572296,3479
2,0.3845493197441101,3480
3,0.09035828709602356,3481
3,0.11908429116010666,3482
3,0.22857540845870972,3483
3,0.3173845708370209,3484
3,0.3513791263103485,3485
3,0.1556725949048996,3486
3,0.1571202278137207,3487
3,0.22810502350330353,3488
2,0.24042001366615295,3489
3,0.1904136836528778,3490
3,0.16832083463668823,3491
3,0.1633121371269226,3492
3,0.12786364555358887,3493
3,0.15511780977249146,3494
1,0.1433916985988617,3495
3,0.09872840344905853,3496
3,0.1185728907585144,3497
3,0.12174293398857117,3498
3,0.2535998225212097,3499
2,0.38657742738723755,3500
3,0.37121686339378357,3501
3,0.36745762825012207,3502
3,0.12580148875713348,3503
3,0.12603197991847992,3504
3,0.19245532155036926,3505
3,0.09030895680189133,3506
3,0.24543645977973938,3507
3,0.1931087076663971,3508
3,0.09088654816150665,3509
3,0.15727467834949493,3510
3,0.2797605097293854,3511
3,0.1087706908583641,3512
3,0.12174618244171143,3513
2,0.34368187189102173,3514
1,0.1474883258342743,3515
3,0.08544764667749405,3516
1,0.0720648318529129,3517
3,0.08764765411615372,3518
3,0.12257159501314163,3519
2,0.3888368010520935,3520
3,0.27715468406677246,3521
3,0.18432606756687164,3522
3,0.1725894808769226,3523
3,0.13124124705791473,3524
3,0.3486040532588959,3525
1,0.13525556027889252,3526
3,0.10173675417900085,3527
3,0.12941542267799377,3528
3,0.13211312890052795,3529
3,0.20816852152347565,3530
3,0.21208031475543976,3531
3,0.33324968814849854,3532
3,0.277285635471344,3533
3,0.21921934187412262,3534
3,0.12060729414224625,3535
3,0.21153390407562256,3536
3,0.1763407438993454,3537
3,0.18007886409759521,3538
3,0.2537496089935303,3539
3,0.3382699191570282,3540
3,0.22026419639587402,3541
3,0.16062268614768982,3542
3,0.11917697638273239,3543
3,0.1247388944029808,3544
3,0.12553980946540833,3545
3,0.18444645404815674,3546
2,0.39215075969696045,3547
3,0.3884809613227844,3548
3,0.3313571810722351,3549
3,0.11083494126796722,3550
3,0.11972374469041824,3551
3,0.1708066463470459,3552
3,0.17515546083450317,3553
3,0.34725040197372437,3554
3,0.08863697201013565,3555
3,0.12507934868335724,3556
3,0.15045814216136932,3557
3,0.15105529129505157,3558
3,0.1548490822315216,3559
3,0.16623099148273468,3560
3,0.18933093547821045,3561
3,0.2012348771095276,3562
3,0.09663669019937515,3563
3,0.09991607069969177,3564
3,0.15985210239887238,3565
3,0.19918590784072876,3566
3,0.1222522184252739,3567
2,0.39447593688964844,3568
3,0.18027424812316895,3569
3,0.1799439638853073,3570
3,0.1351902037858963,3571
3,0.09599660336971283,3572
1,0.07994983345270157,3573
3,0.08602574467658997,3574
3,0.10977577418088913,3575
3,0.15658973157405853,3576
3,0.22641363739967346,3577
3,0.10220853239297867,3578
3,0.08442025631666183,3579
3,0.10501043498516083,3580
3,0.22705979645252228,3581
3,0.15831992030143738,3582
3,0.08637173473834991,3583
3,0.2671603262424469,3584
3,0.3152165710926056,3585
3,0.2314482033252716,3586
2,0.39713823795318604,3587
3,0.2923177182674408,3588
3,0.22816875576972961,3589
3,0.1573849618434906,3590
3,0.123390331864357,3591
3,0.2688876986503601,3592
3,0.172002911567688,3593
3,0.12254813313484192,3594
3,0.1021704375743866,3595
3,0.13536401093006134,3596
2,0.3625175356864929,3597
3,0.1932518035173416,3598
1,0.1596289426088333,3599
3,0.1279122233390808,3600
3,0.13921402394771576,3601
3,0.15475712716579437,3602
3,0.16182011365890503,3603
3,0.20753160119056702,3604
3,0.21052385866641998,3605
3,0.19909800589084625,3606
3,0.17365290224552155,3607
3,0.1692456156015396,3608
1,0.13873176276683807,3609
3,0.09741117060184479,3610
3,0.10110876709222794,3611
3,0.11287833750247955,3612
3,0.13610462844371796,3613
3,0.19410355389118195,3614
3,0.17030270397663116,3615
3,0.11478785425424576,3616
1,0.07923473417758942,3617
3,0.10097780078649521,3618
3,0.2072826623916626,3619
3,0.17001213133335114,3620
3,0.10482485592365265,3621
3,0.16936664283275604,3622
3,0.20767740905284882,3623
3,0.2175835222005844,3624
3,0.2801305055618286,3625
3,0.16934360563755035,3626
3,0.15957188606262207,3627
3,0.20903733372688293,3628
3,0.23490679264068604,3629
3,0.12467999756336212,3630
3,0.21927112340927124,3631
3,0.22450485825538635,3632
2,0.40171268582344055,3633
3,0.2352316975593567,3634
3,0.19752104580402374,3635
3,0.10177123546600342,3636
3,0.2814844250679016,3637
3,0.2360505312681198,3638
3,0.1397203505039215,3639
3,0.20220811665058136,3640
3,0.2553388178348541,3641
3,0.23746688663959503,3642
3,0.16814905405044556,3643
3,0.09557686746120453,3644
3,0.17334705591201782,3645
3,0.24299916625022888,3646
3,0.2536899149417877,3647
3,0.1720464825630188,3648
3,0.19657796621322632,3649
1,0.07934275269508362,3650
3,0.15452438592910767,3651
3,0.24009312689304352,3652
3,0.21900787949562073,3653
3,0.19637423753738403,3654
3,0.09931889921426773,3655
1,0.10119053721427917,3656
3,0.180106982588768,3657
3,0.29287829995155334,3658
4,0.19741234183311462,3659
3,0.08980294317007065,3660
3,0.1589275300502777,3661
3,0.09811810404062271,3662
3,0.12197979539632797,3663
3,0.2950064539909363,3664
3,0.23678474128246307,3665
3,0.20073075592517853,3666
3,0.17437981069087982,3667
3,0.10681740939617157,3668
3,0.10066994279623032,3669
3,0.09727557003498077,3670
3,0.22502803802490234,3671
3,0.22775870561599731,3672
3,0.2894323766231537,3673
3,0.1632721722126007,3674
3,0.10455387830734253,3675
3,0.08917274326086044,3676
3,0.08773200958967209,3677
3,0.08527176082134247,3678
3,0.09461762011051178,3679
3,0.10124840587377548,3680
3,0.2882109582424164,3681
3,0.18111692368984222,3682
1,0.08494888246059418,3683
3,0.18758833408355713,3684
3,0.3009479343891144,3685
3,0.14365017414093018,3686
3,0.2336496114730835,3687
3,0.2293572872877121,3688
1,0.1533793807029724,3689
3,0.180819571018219,3690
3,0.1548078954219818,3691
3,0.09630122780799866,3692
3,0.13507451117038727,3693
3,0.20332324504852295,3694
3,0.15192487835884094,3695
3,0.18196941912174225,3696
3,0.12050095945596695,3697
3,0.09291114658117294,3698
3,0.08848255127668381,3699
1,0.0612650029361248,3700
3,0.09281254559755325,3701
3,0.09699505567550659,3702
3,0.2996053099632263,3703
3,0.21337474882602692,3704
3,0.20551061630249023,3705
3,0.12428457289934158,3706
3,0.1724368780851364,3707
3,0.32240474224090576,3708
3,0.20770247280597687,3709
3,0.13051018118858337,3710
3,0.23893433809280396,3711
3,0.33282169699668884,3712
3,0.36087822914123535,3713
2,0.38202962279319763,3714
3,0.10367879271507263,3715
3,0.17371737957000732,3716
3,0.22873781621456146,3717
3,0.2641545236110687,3718
3,0.21558348834514618,3719
3,0.15488409996032715,3720
3,0.20709969103336334,3721
3,0.22960908710956573,3722
3,0.34345197677612305,3723
3,0.35834312438964844,3724
3,0.18609902262687683,3725
3,0.12928161025047302,3726
1,0.0744265615940094,3727
3,0.09462030977010727,3728
3,0.09511945396661758,3729
3,0.21350543200969696,3730
3,0.2373085916042328,3731
3,0.2102300524711609,3732
3,0.10269910097122192,3733
3,0.09721917659044266,3734
3,0.09939292818307877,3735
1,0.06851156800985336,3736
3,0.13882111012935638,3737
3,0.12188634276390076,3738
3,0.12104836106300354,3739
3,0.18874333798885345,3740
3,0.22269126772880554,3741
3,0.2390560358762741,3742
3,0.20979641377925873,3743
3,0.2118946611881256,3744
3,0.14653779566287994,3745
3,0.10820507258176804,3746
3,0.09221626818180084,3747
3,0.14774759113788605,3748
3,0.19677408039569855,3749
3,0.23221060633659363,3750
3,0.2132660150527954,3751
1,0.09803024679422379,3752
3,0.10838223248720169,3753
3,0.20268763601779938,3754
3,0.21902045607566833,3755
3,0.15473255515098572,3756
3,0.1459251344203949,3757
3,0.10327573865652084,3758
2,0.20295479893684387,3759
3,0.2154611200094223,3760
3,0.2277970016002655,3761
3,0.15696850419044495,3762
3,0.09679616242647171,3763
3,0.13852430880069733,3764
4,0.20342843234539032,3765
3,0.21135903894901276,3766
3,0.21868963539600372,3767
2,0.14529556035995483,3768
3,0.10104666650295258,3769
3,0.09985822439193726,3770
3,0.23072883486747742,3771
3,0.20966129004955292,3772
3,0.14484278857707977,3773
3,0.2857828736305237,3774
3,0.36173713207244873,3775
3,0.21300573647022247,3776
3,0.28699079155921936,3777
3,0.21194730699062347,3778
3,0.20637424290180206,3779
3,0.09834335744380951,3780
3,0.11095079779624939,3781
3,0.1481601595878601,3782
3,0.20611730217933655,3783
3,0.21419483423233032,3784
3,0.2201017290353775,3785
1,0.08326242119073868,3786
3,0.1502991020679474,3787
3,0.24019165337085724,3788
3,0.2050151824951172,3789
3,0.21317176520824432,3790
3,0.09441708773374557,3791
3,0.14866432547569275,3792
3,0.24462103843688965,3793
3,0.26118844747543335,3794
2,0.38207879662513733,3795
3,0.212418332695961,3796
3,0.22000983357429504,3797
3,0.21833963692188263,3798
3,0.08667931705713272,3799
3,0.08302672207355499,3800
3,0.08365580439567566,3801
3,0.3316442370414734,3802
1,0.05681547895073891,3803
3,0.21929214894771576,3804
3,0.0976974368095398,3805
3,0.1420689970254898,3806
3,0.10291854292154312,3807
3,0.09098266065120697,3808
3,0.11460363119840622,3809
3,0.27450045943260193,3810
4,0.23313915729522705,3811
3,0.2173529416322708,3812
3,0.15704840421676636,3813
3,0.0883445218205452,3814
2,0.11536253243684769,3815
3,0.14292685687541962,3816
3,0.22270187735557556,3817
3,0.10103276371955872,3818
3,0.11634775251150131,3819
3,0.20949327945709229,3820
3,0.23208735883235931,3821
3,0.23235926032066345,3822
2,0.09724107384681702,3823
3,0.14173594117164612,3824
3,0.22072695195674896,3825
3,0.19568441808223724,3826
3,0.15962092578411102,3827
3,0.15346945822238922,3828
3,0.2002030313014984,3829
3,0.16633635759353638,3830
3,0.15203770995140076,3831
3,0.15376535058021545,3832
3,0.2184741050004959,3833
3,0.22680792212486267,3834
3,0.23003923892974854,3835
3,0.0867857113480568,3836
3,0.1049201637506485,3837
3,0.1527826488018036,3838
3,0.22585555911064148,3839
3,0.08242107182741165,3840
3,0.3080958127975464,3841
3,0.08968958258628845,3842
3,0.15466974675655365,3843
3,0.34931057691574097,3844
3,0.2406426966190338,3845
3,0.0902135819196701,3846
3,0.15947756171226501,3847
3,0.2651878297328949,3848
2,0.09057408571243286,3849
3,0.1338825672864914,3850
3,0.17038923501968384,3851
3,0.09093017131090164,3852
3,0.2443660944700241,3853
1,0.07533517479896545,3854
3,0.3184634745121002,3855
3,0.13866324722766876,3856
1,0.08965624123811722,3857
3,0.1375565379858017,3858
3,0.27770084142684937,3859
3,0.0843518078327179,3860
3,0.14074212312698364,3861
3,0.13852672278881073,3862
3,0.0841146856546402,3863
3,0.14207381010055542,3864
3,0.1945718675851822,3865
3,0.2494788020849228,3866
3,0.24117214977741241,3867
3,0.24255874752998352,3868
3,0.22510968148708344,3869
3,0.22598960995674133,3870
3,0.08546007424592972,3871
1,0.08572522550821304,3872
3,0.08848818391561508,3873
3,0.1300058811903,3874
3,0.09183346480131149,3875
3,0.08430574834346771,3876
3,0.12871582806110382,3877
3,0.24484753608703613,3878
3,0.08598525822162628,3879
3,0.22749872505664825,3880
3,0.23686392605304718,3881
3,0.32037851214408875,3882
3,0.21315144002437592,3883
3,0.23177741467952728,3884
3,0.37592798471450806,3885
3,0.08670241385698318,3886
3,0.08609016984701157,3887
3,0.12369810789823532,3888
3,0.2110375463962555,3889
3,0.22074633836746216,3890
2,0.38348206877708435,3891
3,0.10561288893222809,3892
3,0.08572353422641754,3893
3,0.1256527304649353,3894
3,0.19784343242645264,3895
1,0.1097274124622345,3896
3,0.10619310289621353,3897
3,0.09104505181312561,3898
3,0.25935548543930054,3899
3,0.11020494252443314,3900
3,0.10753996670246124,3901
1,0.06997817009687424,3902
3,0.1926029622554779,3903
3,0.16611862182617188,3904
1,0.08644251525402069,3905
4,0.2002580463886261,3906
3,0.24210527539253235,3907
3,0.342962384223938,3908
3,0.10674719512462616,3909
3,0.2222062349319458,3910
1,0.06919603794813156,3911
3,0.11430927366018295,3912
3,0.32614216208457947,3913
3,0.36398646235466003,3914
3,0.10594207793474197,3915
3,0.1057005524635315,3916
3,0.1097853034734726,3917
3,0.3298696279525757,3918
3,0.3476322591304779,3919
3,0.11486099660396576,3920
3,0.1317625194787979,3921
3,0.19898514449596405,3922
3,0.35152962803840637,3923
3,0.2763511836528778,3924
3,0.08939935266971588,3925
3,0.10003605484962463,3926
1,0.08016015589237213,3927
3,0.20572541654109955,3928
3,0.09386590123176575,3929
3,0.12390001863241196,3930
3,0.3560847043991089,3931
2,0.3844350576400757,3932
3,0.27210259437561035,3933
3,0.233548104763031,3934
3,0.3690575063228607,3935
3,0.3724144399166107,3936
3,0.23936276137828827,3937
4,0.16585613787174225,3938
3,0.09922919422388077,3939
1,0.10923069715499878,3940
3,0.2563699185848236,3941
3,0.23754596710205078,3942
3,0.14141203463077545,3943
3,0.10541413724422455,3944
3,0.20616376399993896,3945
3,0.0999605730175972,3946
3,0.2205069214105606,3947
3,0.2315790206193924,3948
3,0.09363698959350586,3949
3,0.09240326285362244,3950
3,0.20847581326961517,3951
3,0.24247418344020844,3952
1,0.1825386881828308,3953
3,0.09600147604942322,3954
3,0.12495117634534836,3955
2,0.3853074312210083,3956
3,0.11641454696655273,3957
3,0.3420186936855316,3958
3,0.1831938475370407,3959
3,0.3226633667945862,3960
2,0.38510146737098694,3961
3,0.177490234375,3962
3,0.2776590585708618,3963
1,0.06170322746038437,3964
3,0.2268214374780655,3965
3,0.2594604194164276,3966
3,0.11703845858573914,3967
1,0.07979210466146469,3968
3,0.2881413400173187,3969
3,0.29370927810668945,3970
3,0.18697917461395264,3971
3,0.18073345720767975,3972
3,0.16912853717803955,3973
3,0.20910945534706116,3974
3,0.2479855716228485,3975
3,0.23744481801986694,3976
3,0.09396982192993164,3977
3,0.16206783056259155,3978
3,0.27101877331733704,3979
3,0.24952614307403564,3980
3,0.10302411764860153,3981
3,0.10344689339399338,3982
3,0.19637219607830048,3983
3,0.116493821144104,3984
3,0.09418297559022903,3985
3,0.22967475652694702,3986
3,0.11998708546161652,3987
2,0.38547825813293457,3988
3,0.10373228043317795,3989
3,0.3383578956127167,3990
3,0.1975809782743454,3991
3,0.08333636820316315,3992
3,0.09934458136558533,3993
3,0.2603130638599396,3994
3,0.12714044749736786,3995
3,0.0959840640425682,3996
3,0.12743903696537018,3997
3,0.172367662191391,3998
3,0.2387581765651703,3999
1,0.07664167135953903,4000
3,0.08904647082090378,4001
3,0.23917776346206665,4002
3,0.11236854642629623,4003
3,0.1680326759815216,4004
3,0.24838735163211823,4005
1,0.13022907078266144,4006
3,0.1829780489206314,4007
1,0.06935891509056091,4008
3,0.2730257213115692,4009
3,0.24182459712028503,4010
3,0.11252713203430176,4011
3,0.08417844772338867,4012
1,0.037548601627349854,4013
3,0.24340803921222687,4014
3,0.24857470393180847,4015
3,0.318401962518692,4016
3,0.2489115446805954,4017
3,0.1112951934337616,4018
3,0.20302598178386688,4019
3,0.12861204147338867,4020
3,0.12182843685150146,4021
3,0.2834329605102539,4022
3,0.2508687973022461,4023
3,0.2379135936498642,4024
3,0.2795824408531189,4025
3,0.15708401799201965,4026
1,0.09616111218929291,4027
3,0.1124383881688118,4028
3,0.08723031729459763,4029
3,0.1298867166042328,4030
1,0.08254415541887283,4031
3,0.2997681796550751,4032
3,0.09248103946447372,4033
3,0.24938882887363434,4034
3,0.3151034116744995,4035
3,0.10836394131183624,4036
3,0.09697283804416656,4037
3,0.11693818122148514,4038
3,0.12447230517864227,4039
2,0.319570392370224,4040
3,0.14324617385864258,4041
3,0.11047880351543427,4042
3,0.10892824083566666,4043
3,0.10634496062994003,4044
3,0.287613183259964,4045
1,0.08484353125095367,4046
3,0.1446717232465744,4047
3,0.125796377658844,4048
3,0.1765076220035553,4049
3,0.17703619599342346,4050
3,0.2209739089012146,4051
3,0.13119664788246155,4052
3,0.10107216238975525,4053
3,0.0879700779914856,4054
3,0.18183937668800354,4055
3,0.17779463529586792,4056
3,0.1693529486656189,4057
3,0.22566582262516022,4058
1,0.20271094143390656,4059
3,0.12653975188732147,4060
1,0.06467293947935104,4061
1,0.2078452855348587,4062
3,0.1457134634256363,4063
3,0.08658123761415482,4064
1,0.09949982166290283,4065
3,0.1268550157546997,4066
3,0.2708457112312317,4067
3,0.2482135146856308,4068
3,0.13198447227478027,4069
3,0.3576827049255371,4070
3,0.12508979439735413,4071
3,0.11509214341640472,4072
1,0.09646058082580566,4073
3,0.133005753159523,4074
1,0.3087812066078186,4075
3,0.2124943733215332,4076
3,0.16598738729953766,4077
3,0.08604078739881516,4078
3,0.11907050758600235,4079
3,0.13009867072105408,4080
3,0.27353376150131226,4081
3,0.11213880777359009,4082
3,0.08643516898155212,4083
3,0.09705673903226852,4084
3,0.12284476310014725,4085
3,0.27366647124290466,4086
2,0.38678497076034546,4087
3,0.1713712215423584,4088
3,0.12258535623550415,4089
3,0.2593190670013428,4090
3,0.16451720893383026,4091
3,0.08744977414608002,4092
1,0.09590908885002136,4093
1,0.08384472131729126,4094
3,0.09707152843475342,4095
3,0.15110692381858826,4096
3,0.36919987201690674,4097
3,0.10910099744796753,4098
3,0.13970550894737244,4099
3,0.17528575658798218,4100
2,0.30363306403160095,4101
3,0.13014329969882965,4102
2,0.18017157912254333,4103
3,0.21982628107070923,4104
3,0.2189207226037979,4105
3,0.12054488807916641,4106
3,0.274575412273407,4107
3,0.2862229645252228,4108
3,0.10336951166391373,4109
3,0.10570504516363144,4110
3,0.10585843026638031,4111
3,0.10415234416723251,4112
3,0.12393487244844437,4113
3,0.1907280683517456,4114
3,0.18435457348823547,4115
2,0.3000006377696991,4116
1,0.09300270676612854,4117
3,0.09387264400720596,4118
3,0.09560470283031464,4119
3,0.09985925257205963,4120
3,0.1173565685749054,4121
3,0.09366673231124878,4122
3,0.10472819954156876,4123
3,0.08868763595819473,4124
3,0.08896706253290176,4125
3,0.12039495259523392,4126
3,0.09919537603855133,4127
3,0.08730380982160568,4128
3,0.38246580958366394,4129
2,0.3880498707294464,4130
3,0.2898378372192383,4131
3,0.11854558438062668,4132
3,0.2928331196308136,4133
3,0.0893244817852974,4134
3,0.10100077092647552,4135
3,0.2416694015264511,4136
3,0.1843191683292389,4137
3,0.1327563375234604,4138
4,0.1404605507850647,4139
1,0.19691777229309082,4140
3,0.2921474277973175,4141
3,0.2987801432609558,4142
2,0.30053165555000305,4143
3,0.17793995141983032,4144
3,0.11674818396568298,4145
3,0.08953357487916946,4146
1,0.11710752546787262,4147
3,0.0896560326218605,4148
3,0.08816500008106232,4149
3,0.2979789078235626,4150
3,0.32861506938934326,4151
3,0.11827372014522552,4152
3,0.3539279103279114,4153
1,0.08082855492830276,4154
3,0.13585183024406433,4155
3,0.10928809642791748,4156
3,0.11910559237003326,4157
3,0.10178956389427185,4158
3,0.11797656863927841,4159
3,0.19914770126342773,4160
1,0.07990309596061707,4161
3,0.11904381215572357,4162
3,0.118836410343647,4163
3,0.11960753053426743,4164
3,0.3206586539745331,4165
3,0.2616715133190155,4166
3,0.08720200508832932,4167
3,0.25676804780960083,4168
3,0.3043499290943146,4169
3,0.3490036129951477,4170
3,0.2571365535259247,4171
3,0.12178598344326019,4172
3,0.3789820373058319,4173
2,0.3886060118675232,4174
1,0.033410243690013885,4175
3,0.20792053639888763,4176
3,0.19012951850891113,4177
3,0.15300175547599792,4178
3,0.11772313714027405,4179
3,0.2084752470254898,4180
3,0.36617690324783325,4181
3,0.241171732544899,4182
3,0.15245285630226135,4183
3,0.12081852555274963,4184
3,0.36813172698020935,4185
3,0.2449626326560974,4186
3,0.13381806015968323,4187
3,0.11243487894535065,4188
4,0.10524109750986099,4189
3,0.13112221658229828,4190
3,0.26086050271987915,4191
3,0.10383069515228271,4192
3,0.21069304645061493,4193
3,0.28114137053489685,4194
1,0.12131811678409576,4195
3,0.10731330513954163,4196
3,0.11850234121084213,4197
3,0.2950766384601593,4198
3,0.23687918484210968,4199
3,0.22818291187286377,4200
3,0.1093020886182785,4201
3,0.09732656925916672,4202
3,0.26942673325538635,4203
3,0.3832681179046631,4204
3,0.2076132744550705,4205
3,0.12403439730405807,4206
3,0.2777082622051239,4207
2,0.38949742913246155,4208
2,0.31504055857658386,4209
3,0.11527927219867706,4210
3,0.094489187002182,4211
3,0.26216283440589905,4212
3,0.0919748842716217,4213
3,0.22061625123023987,4214
3,0.26443174481391907,4215
3,0.09160566329956055,4216
3,0.10354050248861313,4217
4,0.13269653916358948,4218
1,0.08563432097434998,4219
3,0.11084577441215515,4220
3,0.1259979009628296,4221
1,0.036838363856077194,4222
3,0.186050146818161,4223
3,0.09115543961524963,4224
3,0.26403310894966125,4225
3,0.33276596665382385,4226
3,0.18610945343971252,4227
3,0.2600821852684021,4228
3,0.08802143484354019,4229
1,0.07215052098035812,4230
3,0.10600289702415466,4231
3,0.18694539368152618,4232
3,0.1050812155008316,4233
3,0.1032622903585434,4234
3,0.1168624758720398,4235
3,0.2581978142261505,4236
3,0.10456692427396774,4237
3,0.08466272056102753,4238
3,0.09918306767940521,4239
1,0.11735088378190994,4240
3,0.1778070628643036,4241
3,0.0960627868771553,4242
3,0.08696287125349045,4243
1,0.04889795556664467,4244
3,0.228663370013237,4245
3,0.11088098585605621,4246
3,0.100328728556633,4247
3,0.1770334392786026,4248
3,0.21308600902557373,4249
3,0.25629937648773193,4250
3,0.11883240938186646,4251
3,0.1072593629360199,4252
3,0.2080734521150589,4253
3,0.22637614607810974,4254
3,0.08395785093307495,4255
3,0.14921829104423523,4256
3,0.1008579283952713,4257
3,0.20825065672397614,4258
2,0.39026907086372375,4259
3,0.14792212843894958,4260
3,0.0822293609380722,4261
3,0.16986536979675293,4262
3,0.3838168978691101,4263
3,0.09536668658256531,4264
3,0.2688394784927368,4265
2,0.3900577127933502,4266
3,0.0805623009800911,4267
3,0.1140945702791214,4268
3,0.0994228944182396,4269
3,0.18401724100112915,4270
3,0.36303970217704773,4271
1,0.2044287919998169,4272
3,0.15189389884471893,4273
3,0.14285902678966522,4274
3,0.11073693633079529,4275
3,0.09846976399421692,4276
3,0.08623027056455612,4277
1,0.07840576767921448,4278
3,0.21347935497760773,4279
3,0.26702412962913513,4280
3,0.12292990833520889,4281
3,0.11111205071210861,4282
3,0.09279411286115646,4283
3,0.1130136102437973,4284
3,0.14017640054225922,4285
3,0.2742350399494171,4286
1,0.14046813547611237,4287
3,0.08987270295619965,4288
3,0.1736801415681839,4289
3,0.2100936770439148,4290
3,0.1408383697271347,4291
3,0.19988210499286652,4292
3,0.224735289812088,4293
3,0.09353416413068771,4294
3,0.17300966382026672,4295
3,0.27695000171661377,4296
1,0.07654333114624023,4297
3,0.1565345972776413,4298
3,0.15941551327705383,4299
3,0.16349075734615326,4300
1,0.12571503221988678,4301
3,0.08827924728393555,4302
3,0.09227943420410156,4303
3,0.09249582886695862,4304
3,0.11336874961853027,4305
1,0.08785736560821533,4306
3,0.11190657317638397,4307
3,0.11213135719299316,4308
3,0.1129373162984848,4309
3,0.27118006348609924,4310
3,0.2915620505809784,4311
3,0.10119183361530304,4312
2,0.29190805554389954,4313
2,0.3908316195011139,4314
3,0.2937154471874237,4315
3,0.17094112932682037,4316
3,0.1585492193698883,4317
3,0.12860044836997986,4318
3,0.29477936029434204,4319
3,0.1316048502922058,4320
3,0.10157307237386703,4321
3,0.20772217214107513,4322
3,0.23390284180641174,4323
3,0.29585039615631104,4324
3,0.18572863936424255,4325
3,0.12753070890903473,4326
3,0.092166468501091,4327
3,0.11595768481492996,4328
3,0.19302383065223694,4329
3,0.18122097849845886,4330
3,0.11444463580846786,4331
3,0.09702026098966599,4332
3,0.20146028697490692,4333
3,0.309111624956131,4334
3,0.09887433052062988,4335
3,0.14631812274456024,4336
3,0.16674630343914032,4337
3,0.24092330038547516,4338
3,0.21515758335590363,4339
2,0.209454745054245,4340
3,0.20408186316490173,4341
3,0.18696123361587524,4342
3,0.1445275992155075,4343
3,0.1105852723121643,4344
3,0.24264958500862122,4345
3,0.2507931590080261,4346
3,0.13193851709365845,4347
3,0.11251460015773773,4348
3,0.10418500006198883,4349
3,0.10542970150709152,4350
3,0.33421236276626587,4351
3,0.1030416488647461,4352
3,0.15560311079025269,4353
3,0.19224095344543457,4354
1,0.06030598655343056,4355
3,0.11106660962104797,4356
3,0.17083020508289337,4357
3,0.21638630330562592,4358
3,0.26890286803245544,4359
3,0.35458582639694214,4360
3,0.18738222122192383,4361
3,0.10938555747270584,4362
3,0.09246918559074402,4363
3,0.08697215467691422,4364
3,0.14716695249080658,4365
3,0.09980934113264084,4366
3,0.1413274109363556,4367
3,0.26561832427978516,4368
3,0.22789160907268524,4369
3,0.08290452510118484,4370
3,0.115712970495224,4371
3,0.17819136381149292,4372
3,0.18206238746643066,4373
3,0.3682091236114502,4374
3,0.10784796625375748,4375
3,0.10374587774276733,4376
1,0.08269095420837402,4377
3,0.1628669798374176,4378
3,0.10568957775831223,4379
3,0.1006220355629921,4380
3,0.16675888001918793,4381
3,0.08413103222846985,4382
2,0.39221155643463135,4383
3,0.2225639969110489,4384
3,0.20260074734687805,4385
3,0.09726082533597946,4386
3,0.08395508676767349,4387
3,0.20456232130527496,4388
3,0.11042281985282898,4389
3,0.08786503225564957,4390
3,0.10092952102422714,4391
3,0.1208747923374176,4392
3,0.17912587523460388,4393
3,0.11064784973859787,4394
3,0.10845497250556946,4395
3,0.0894094854593277,4396
3,0.08815546333789825,4397
3,0.12133035808801651,4398
3,0.09999693930149078,4399
3,0.08625608682632446,4400
3,0.118755042552948,4401
3,0.17327052354812622,4402
3,0.24912364780902863,4403
3,0.2157287299633026,4404
3,0.11138811707496643,4405
3,0.09490299969911575,4406
3,0.1141444593667984,4407
3,0.11898615956306458,4408
3,0.1484488695859909,4409
3,0.11282066255807877,4410
3,0.11485303938388824,4411
4,0.15181833505630493,4412
2,0.15162216126918793,4413
3,0.1180872842669487,4414
3,0.2233748584985733,4415
3,0.20691563189029694,4416
3,0.1844010204076767,4417
3,0.1058596819639206,4418
3,0.09260378032922745,4419
3,0.1538264900445938,4420
3,0.12360299378633499,4421
3,0.10717450827360153,4422
3,0.0927533283829689,4423
3,0.1742171049118042,4424
3,0.12015733122825623,4425
3,0.08960066735744476,4426
3,0.19383707642555237,4427
3,0.14385725557804108,4428
3,0.14025311172008514,4429
3,0.14980514347553253,4430
3,0.14357677102088928,4431
3,0.12435770779848099,4432
3,0.11913096904754639,4433
3,0.0885806530714035,4434
3,0.09443792700767517,4435
4,0.11992325633764267,4436
3,0.14055484533309937,4437
3,0.22618143260478973,4438
3,0.111319400370121,4439
3,0.10138820856809616,4440
3,0.08870989084243774,4441
3,0.1950119584798813,4442
3,0.16280989348888397,4443
3,0.08678774535655975,4444
3,0.1644110232591629,4445
3,0.24026906490325928,4446
3,0.1482563316822052,4447
3,0.13858196139335632,4448
3,0.13648144900798798,4449
3,0.13436409831047058,4450
3,0.09281529486179352,4451
3,0.09500135481357574,4452
3,0.11672832071781158,4453
3,0.10834033787250519,4454
3,0.09150537103414536,4455
3,0.1083686575293541,4456
3,0.11867203563451767,4457
3,0.12004803121089935,4458
3,0.12042853981256485,4459
3,0.12327250093221664,4460
3,0.16074928641319275,4461
3,0.10766929388046265,4462
3,0.09901278465986252,4463
3,0.11888827383518219,4464
3,0.12023798376321793,4465
3,0.24965928494930267,4466
3,0.2531118094921112,4467
3,0.12802791595458984,4468
3,0.1092502549290657,4469
3,0.10349876433610916,4470
3,0.11006496101617813,4471
3,0.1745087206363678,4472
3,0.1750279664993286,4473
3,0.17801453173160553,4474
2,0.3820119798183441,4475
2,0.3629426062107086,4476
3,0.13377000391483307,4477
3,0.13734258711338043,4478
3,0.1561855524778366,4479
3,0.09424098581075668,4480
3,0.09809879958629608,4481
2,0.18229328095912933,4482
3,0.2712392210960388,4483
3,0.09545716643333435,4484
3,0.09267253428697586,4485
3,0.09380481392145157,4486
4,0.18257461488246918,4487
3,0.23147298395633698,4488
3,0.36954519152641296,4489
3,0.10748030990362167,4490
3,0.10364563018083572,4491
3,0.14919134974479675,4492
3,0.14960195124149323,4493
3,0.15622206032276154,4494
2,0.18217608332633972,4495
3,0.3083573877811432,4496
3,0.1396692842245102,4497
3,0.1371496021747589,4498
3,0.08794601261615753,4499
3,0.09576454758644104,4500
3,0.19164440035820007,4501
3,0.13666760921478271,4502
3,0.13572457432746887,4503
3,0.1080789789557457,4504
3,0.10792247951030731,4505
3,0.181496724486351,4506
3,0.14785853028297424,4507
3,0.36875012516975403,4508
3,0.14000850915908813,4509
3,0.09563043713569641,4510
3,0.08969321101903915,4511
3,0.1277729719877243,4512
2,0.37470024824142456,4513
3,0.27818453311920166,4514
3,0.13313280045986176,4515
3,0.12429714947938919,4516
3,0.09575968235731125,4517
3,0.09247109293937683,4518
3,0.08384311199188232,4519
3,0.09752512723207474,4520
3,0.2387113720178604,4521
3,0.10494894534349442,4522
3,0.26492950320243835,4523
3,0.15029925107955933,4524
3,0.23068387806415558,4525
3,0.10597603023052216,4526
3,0.09106981754302979,4527
3,0.11410203576087952,4528
3,0.13070695102214813,4529
3,0.15251152217388153,4530
2,0.36253297328948975,4531
3,0.13057824969291687,4532
3,0.09912465512752533,4533
3,0.235373392701149,4534
3,0.355684757232666,4535
3,0.2837662398815155,4536
3,0.16382227838039398,4537
3,0.1217157244682312,4538
3,0.1139436885714531,4539
3,0.12989994883537292,4540
3,0.3411584794521332,4541
3,0.12009314447641373,4542
3,0.10014616698026657,4543
3,0.27131643891334534,4544
3,0.1675347089767456,4545
3,0.1904689222574234,4546
3,0.11075986921787262,4547
3,0.12911801040172577,4548
3,0.1782190352678299,4549
4,0.28793588280677795,4550
3,0.29924091696739197,4551
3,0.08339925855398178,4552
3,0.08404117077589035,4553
3,0.2934572994709015,4554
3,0.3002931475639343,4555
3,0.17108838260173798,4556
3,0.14630530774593353,4557
3,0.10770808160305023,4558
3,0.2799701988697052,4559
3,0.1451415866613388,4560
3,0.08380632847547531,4561
3,0.16633355617523193,4562
3,0.1767100840806961,4563
3,0.22130456566810608,4564
3,0.14278052747249603,4565
3,0.10816013813018799,4566
3,0.10627610981464386,4567
3,0.1017218604683876,4568
3,0.1637018322944641,4569
3,0.2198435217142105,4570
3,0.13328945636749268,4571
3,0.17100760340690613,4572
3,0.22246234118938446,4573
3,0.21202272176742554,4574
3,0.14236892759799957,4575
3,0.13214828073978424,4576
3,0.1291697472333908,4577
3,0.1454758495092392,4578
3,0.2022632360458374,4579
2,0.3585379421710968,4580
3,0.13361217081546783,4581
3,0.0985894575715065,4582
3,0.19890351593494415,4583
3,0.240615576505661,4584
3,0.18212777376174927,4585
3,0.09941405057907104,4586
3,0.14710043370723724,4587
3,0.2559545636177063,4588
3,0.2745799124240875,4589
3,0.2653290629386902,4590
3,0.09428247809410095,4591
3,0.15612372756004333,4592
3,0.1952054649591446,4593
3,0.19789667427539825,4594
3,0.30199164152145386,4595
3,0.31065845489501953,4596
3,0.320012629032135,4597
3,0.10998515039682388,4598
3,0.08196970820426941,4599
1,0.08462110906839371,4600
3,0.15318207442760468,4601
3,0.28385570645332336,4602
3,0.2949305772781372,4603
3,0.3247668147087097,4604
3,0.205335795879364,4605
3,0.18402238190174103,4606
3,0.1573345959186554,4607
3,0.10582567006349564,4608
3,0.08275046944618225,4609
3,0.2012719362974167,4610
3,0.08696183562278748,4611
1,0.08882158994674683,4612
3,0.18874113261699677,4613
3,0.15187512338161469,4614
3,0.14727027714252472,4615
3,0.12651774287223816,4616
3,0.15449070930480957,4617
1,0.09982217103242874,4618
3,0.1453334242105484,4619
3,0.1733587086200714,4620
3,0.19797728955745697,4621
3,0.1435472071170807,4622
3,0.1165710836648941,4623
3,0.0976979210972786,4624
1,0.07743403315544128,4625
3,0.10313595086336136,4626
3,0.14278468489646912,4627
3,0.15554162859916687,4628
3,0.1877838373184204,4629
2,0.3609165847301483,4630
3,0.1457941085100174,4631
3,0.14059720933437347,4632
3,0.13763733208179474,4633
3,0.09717054665088654,4634
3,0.13893213868141174,4635
3,0.13151466846466064,4636
3,0.12997794151306152,4637
3,0.11243210732936859,4638
3,0.12209105491638184,4639
3,0.29122409224510193,4640
3,0.134850412607193,4641
3,0.11621447652578354,4642
3,0.11201835423707962,4643
3,0.10616198182106018,4644
3,0.16895729303359985,4645
3,0.13439518213272095,4646
3,0.13252747058868408,4647
3,0.09543540328741074,4648
3,0.1716766506433487,4649
3,0.2227964699268341,4650
3,0.2935895025730133,4651
3,0.1252833604812622,4652
1,0.08737731724977493,4653
3,0.3166045546531677,4654
3,0.0956115797162056,4655
3,0.3424169719219208,4656
3,0.35036712884902954,4657
3,0.33688247203826904,4658
3,0.1584455966949463,4659
3,0.15532547235488892,4660
3,0.1524106115102768,4661
3,0.12050711363554001,4662
3,0.11347047239542007,4663
3,0.0896565243601799,4664
3,0.2162790298461914,4665
3,0.16965650022029877,4666
3,0.120760977268219,4667
3,0.1138225868344307,4668
3,0.0876176655292511,4669
3,0.0934465304017067,4670
3,0.16208040714263916,4671
3,0.2072412520647049,4672
3,0.16587774455547333,4673
3,0.11878687888383865,4674
3,0.11810106039047241,4675
3,0.15049810707569122,4676
3,0.10852637887001038,4677
2,0.36051151156425476,4678
3,0.2855345904827118,4679
3,0.13191194832324982,4680
3,0.10941077023744583,4681
3,0.09099332243204117,4682
3,0.10903121531009674,4683
3,0.11705007404088974,4684
3,0.10249977558851242,4685
3,0.3200463056564331,4686
3,0.13168485462665558,4687
3,0.11375001817941666,4688
3,0.15153390169143677,4689
3,0.10689587146043777,4690
3,0.12424619495868683,4691
3,0.12058354914188385,4692
3,0.12315347790718079,4693
2,0.33778172731399536,4694
3,0.1639576405286789,4695
3,0.16009178757667542,4696
3,0.11857562512159348,4697
3,0.09330365806818008,4698
3,0.1196337416768074,4699
1,0.11817572265863419,4700
3,0.15567244589328766,4701
3,0.0896940752863884,4702
3,0.16737443208694458,4703
3,0.1651468724012375,4704
3,0.1263011395931244,4705
3,0.11541443318128586,4706
3,0.11581305414438248,4707
3,0.10820525139570236,4708
3,0.08943584561347961,4709
3,0.27339524030685425,4710
3,0.2647855579853058,4711
3,0.1772741675376892,4712
3,0.14938431978225708,4713
3,0.14860054850578308,4714
3,0.11604619026184082,4715
3,0.0888451635837555,4716
3,0.17782853543758392,4717
3,0.17727825045585632,4718
3,0.12874437868595123,4719
3,0.11326737701892853,4720
3,0.11148212105035782,4721
3,0.23035725951194763,4722
3,0.1477624475955963,4723
3,0.13114413619041443,4724
3,0.10401180386543274,4725
3,0.10310089588165283,4726
3,0.09602891653776169,4727
3,0.11186976730823517,4728
3,0.2250673621892929,4729
3,0.23496246337890625,4730
3,0.24346217513084412,4731
3,0.2591146230697632,4732
3,0.15217171609401703,4733
3,0.18064405024051666,4734
3,0.11018484085798264,4735
3,0.22381232678890228,4736
3,0.3086484968662262,4737
3,0.1803852617740631,4738
3,0.13214550912380219,4739
1,0.07083389908075333,4740
3,0.13498623669147491,4741
3,0.24400806427001953,4742
3,0.23774516582489014,4743
3,0.13369515538215637,4744
2,0.32809901237487793,4745
3,0.09800463914871216,4746
3,0.0980989933013916,4747
3,0.18742066621780396,4748
3,0.11371814459562302,4749
3,0.09994751214981079,4750
3,0.13480953872203827,4751
3,0.22670762240886688,4752
3,0.22946763038635254,4753
3,0.14742067456245422,4754
3,0.14303210377693176,4755
4,0.13866515457630157,4756
3,0.12735812366008759,4757
3,0.10957503318786621,4758
1,0.08684960007667542,4759
3,0.1415606290102005,4760
3,0.12780484557151794,4761
1,0.09772172570228577,4762
3,0.22196662425994873,4763
3,0.14666546881198883,4764
3,0.12515698373317719,4765
3,0.10302088409662247,4766
3,0.22127972543239594,4767
3,0.11914374679327011,4768
3,0.25557535886764526,4769
3,0.141259104013443,4770
2,0.35927101969718933,4771
3,0.20601128041744232,4772
3,0.19052624702453613,4773
3,0.12198270112276077,4774
3,0.11349952220916748,4775
3,0.09411066770553589,4776
3,0.20859692990779877,4777
3,0.2299661636352539,4778
3,0.23068466782569885,4779
3,0.22834081947803497,4780
3,0.20808900892734528,4781
3,0.15922002494335175,4782
3,0.10344965755939484,4783
3,0.07879212498664856,4784
3,0.09979628771543503,4785
3,0.11289776116609573,4786
2,0.07903830707073212,4787
3,0.10553470999002457,4788
3,0.2508385479450226,4789
3,0.2574051022529602,4790
3,0.31518566608428955,4791
3,0.28870493173599243,4792
3,0.10587117820978165,4793
3,0.07935156673192978,4794
1,0.11814955621957779,4795
3,0.2049594670534134,4796
3,0.21743296086788177,4797
2,0.3192972242832184,4798
3,0.16824710369110107,4799
3,0.10279074311256409,4800
3,0.24343037605285645,4801
3,0.13208435475826263,4802
3,0.14636772871017456,4803
3,0.13977961242198944,4804
3,0.2329758107662201,4805
3,0.14829817414283752,4806
3,0.14470890164375305,4807
3,0.0955171212553978,4808
3,0.1720695048570633,4809
3,0.1987064629793167,4810
3,0.1456964612007141,4811
3,0.12845101952552795,4812
3,0.1327686607837677,4813
3,0.13667112588882446,4814
3,0.1881389170885086,4815
3,0.2590453326702118,4816
3,0.18420054018497467,4817
3,0.18165768682956696,4818
1,0.06794584542512894,4819
3,0.1871935874223709,4820
3,0.33705195784568787,4821
3,0.15614089369773865,4822
3,0.15326830744743347,4823
3,0.13746227324008942,4824
3,0.17503677308559418,4825
3,0.19811038672924042,4826
3,0.1030382364988327,4827
3,0.1775738000869751,4828
3,0.20228752493858337,4829
3,0.26643916964530945,4830
3,0.16199173033237457,4831
3,0.1597326248884201,4832
3,0.1257418394088745,4833
3,0.08075717091560364,4834
3,0.11754509806632996,4835
3,0.13702188432216644,4836
3,0.13820405304431915,4837
3,0.18804876506328583,4838
3,0.110462985932827,4839
2,0.08125191926956177,4840
3,0.26926422119140625,4841
3,0.2757665514945984,4842
3,0.2457258254289627,4843
3,0.13949912786483765,4844
3,0.1017734482884407,4845
3,0.17240707576274872,4846
3,0.08375503122806549,4847
3,0.09116272628307343,4848
3,0.13748520612716675,4849
3,0.16869550943374634,4850
3,0.229279562830925,4851
3,0.25350338220596313,4852
3,0.24455690383911133,4853
3,0.09144777804613113,4854
3,0.10153897106647491,4855
3,0.11379449814558029,4856
3,0.20258769392967224,4857
3,0.1075342670083046,4858
3,0.16400039196014404,4859
3,0.28253328800201416,4860
2,0.3585430681705475,4861
3,0.11014480143785477,4862
3,0.1055464819073677,4863
3,0.09232509881258011,4864
3,0.1700715720653534,4865
2,0.3108997642993927,4866
3,0.2670983076095581,4867
3,0.14092476665973663,4868
3,0.15049614012241364,4869
3,0.2682631313800812,4870
1,0.1379111111164093,4871
3,0.15852759778499603,4872
3,0.10803350061178207,4873
3,0.10508047789335251,4874
3,0.14318504929542542,4875
3,0.16933363676071167,4876
3,0.3070923089981079,4877
3,0.12032361328601837,4878
3,0.10361991077661514,4879
3,0.08959539979696274,4880
3,0.10980144143104553,4881
3,0.11049830913543701,4882
3,0.277063250541687,4883
3,0.1694972962141037,4884
3,0.11857973039150238,4885
3,0.10935524851083755,4886
3,0.23895053565502167,4887
3,0.10007434338331223,4888
2,0.3156064748764038,4889
3,0.11764547228813171,4890
3,0.08546487987041473,4891
3,0.08862792700529099,4892
3,0.09957356750965118,4893
3,0.11087773740291595,4894
3,0.10230495035648346,4895
3,0.14819622039794922,4896
3,0.2913722097873688,4897
3,0.08734668791294098,4898
3,0.1599971055984497,4899
3,0.17090672254562378,4900
3,0.1252809315919876,4901
3,0.11265843361616135,4902
3,0.11137392371892929,4903
3,0.10132204741239548,4904
3,0.16674509644508362,4905
3,0.15432316064834595,4906
3,0.11221356689929962,4907
1,0.06331286579370499,4908
3,0.10118834674358368,4909
3,0.1950397938489914,4910
3,0.20535750687122345,4911
3,0.1089249774813652,4912
3,0.134481281042099,4913
3,0.1599225103855133,4914
3,0.19458399713039398,4915
3,0.2666758894920349,4916
3,0.16604267060756683,4917
3,0.16527701914310455,4918
3,0.20331017673015594,4919
3,0.18120118975639343,4920
3,0.2720611095428467,4921
2,0.35789167881011963,4922
3,0.16539224982261658,4923
3,0.1651250422000885,4924
3,0.11132754385471344,4925
3,0.1592230647802353,4926
3,0.2586178779602051,4927
3,0.27037879824638367,4928
3,0.11644382774829865,4929
3,0.09751991927623749,4930
3,0.18030962347984314,4931
3,0.119570292532444,4932
3,0.09896069020032883,4933
1,0.07611631602048874,4934
3,0.29960304498672485,4935
3,0.1309787482023239,4936
3,0.1303071528673172,4937
3,0.11125463992357254,4938
3,0.09917394816875458,4939
3,0.17883393168449402,4940
3,0.2083411067724228,4941
3,0.13073529303073883,4942
3,0.13038870692253113,4943
3,0.11882468312978745,4944
1,0.08163663744926453,4945
3,0.234275683760643,4946
2,0.32835111021995544,4947
3,0.2335340827703476,4948
3,0.2071370631456375,4949
3,0.11570651084184647,4950
3,0.1568443924188614,4951
3,0.19435974955558777,4952
3,0.13010354340076447,4953
3,0.18980365991592407,4954
3,0.18842922151088715,4955
3,0.09877569228410721,4956
3,0.21427561342716217,4957
3,0.29092270135879517,4958
2,0.33360546827316284,4959
3,0.13976068794727325,4960
3,0.12894082069396973,4961
3,0.11021364480257034,4962
3,0.10959067940711975,4963
3,0.17574423551559448,4964
3,0.26465240120887756,4965
1,0.07604505866765976,4966
3,0.16744224727153778,4967
3,0.11089393496513367,4968
3,0.18248043954372406,4969
3,0.18661297857761383,4970
1,0.08816118538379669,4971
3,0.08015687018632889,4972
3,0.2490929663181305,4973
3,0.24377793073654175,4974
3,0.1600332260131836,4975
1,0.07971874624490738,4976
3,0.32524964213371277,4977
3,0.26959463953971863,4978
3,0.12490012496709824,4979
3,0.13134653866291046,4980
4,0.31421008706092834,4981
3,0.10430814325809479,4982
3,0.09470918029546738,4983
3,0.09879153966903687,4984
2,0.3574199378490448,4985
3,0.19074013829231262,4986
3,0.16063369810581207,4987
3,0.12722045183181763,4988
3,0.09901096671819687,4989
3,0.20140273869037628,4990
3,0.20218868553638458,4991
2,0.342168390750885,4992
3,0.17665567994117737,4993
3,0.18447533249855042,4994
3,0.19297857582569122,4995
3,0.11438995599746704,4996
3,0.18096347153186798,4997
3,0.27409934997558594,4998
3,0.1475955992937088,4999
3,0.11574582010507584,5000
3,0.09386175870895386,5001
3,0.27304938435554504,5002
2,0.3457649052143097,5003
3,0.20235304534435272,5004
3,0.15118062496185303,5005
3,0.12763366103172302,5006
3,0.17106537520885468,5007
3,0.16421107947826385,5008
1,0.09480252861976624,5009
3,0.12342071533203125,5010
3,0.12638840079307556,5011
3,0.10067102313041687,5012
3,0.17298823595046997,5013
4,0.2796259820461273,5014
3,0.3305330276489258,5015
3,0.28428030014038086,5016
3,0.17970508337020874,5017
3,0.09737040102481842,5018
3,0.09717370569705963,5019
3,0.14465653896331787,5020
3,0.19312700629234314,5021
3,0.260085791349411,5022
3,0.2609020173549652,5023
3,0.28117504715919495,5024
2,0.35159629583358765,5025
3,0.11709971725940704,5026
3,0.10298117995262146,5027
3,0.14941805601119995,5028
3,0.2819826900959015,5029
3,0.23630864918231964,5030
3,0.1784147471189499,5031
3,0.17807692289352417,5032
3,0.11812441051006317,5033
3,0.3262648284435272,5034
3,0.25433868169784546,5035
2,0.35277193784713745,5036
3,0.28151658177375793,5037
3,0.22915048897266388,5038
3,0.12477126717567444,5039
3,0.10188999027013779,5040
4,0.3245801031589508,5041
3,0.3352602422237396,5042
3,0.2782418429851532,5043
3,0.28086522221565247,5044
3,0.20986466109752655,5045
3,0.20899225771427155,5046
3,0.15648280084133148,5047
3,0.14334608614444733,5048
3,0.10253781825304031,5049
1,0.07992599904537201,5050
3,0.16992433369159698,5051
3,0.1899205595254898,5052
3,0.15095821022987366,5053
3,0.08703985065221786,5054
3,0.250139445066452,5055
3,0.27931851148605347,5056
3,0.154131680727005,5057
3,0.12915971875190735,5058
3,0.1278195083141327,5059
3,0.12414682656526566,5060
3,0.09661247581243515,5061
3,0.10973944514989853,5062
3,0.13949263095855713,5063
3,0.1038617491722107,5064
3,0.1400943547487259,5065
3,0.12343967705965042,5066
3,0.12142156809568405,5067
3,0.308437317609787,5068
3,0.29981857538223267,5069
3,0.12280192226171494,5070
3,0.08656249940395355,5071
3,0.10414732247591019,5072
3,0.14271773397922516,5073
3,0.15871454775333405,5074
3,0.15308111906051636,5075
3,0.09850667417049408,5076
3,0.14653131365776062,5077
2,0.11393074691295624,5078
3,0.09743014723062515,5079
1,0.07853318005800247,5080
3,0.13030047714710236,5081
3,0.1465848684310913,5082
3,0.28223082423210144,5083
3,0.13636133074760437,5084
3,0.2164589762687683,5085
3,0.15213210880756378,5086
3,0.10552015900611877,5087
3,0.08619315922260284,5088
3,0.1054317057132721,5089
3,0.10584543645381927,5090
3,0.11574914306402206,5091
3,0.16498270630836487,5092
2,0.3562735617160797,5093
3,0.12514720857143402,5094
3,0.33496785163879395,5095
3,0.2809412479400635,5096
3,0.10338038951158524,5097
3,0.2525266408920288,5098
3,0.2671821415424347,5099
3,0.2731642723083496,5100
3,0.35122331976890564,5101
3,0.28180548548698425,5102
3,0.1094072237610817,5103
3,0.09582345187664032,5104
3,0.1269613802433014,5105
3,0.265995591878891,5106
2,0.3698745667934418,5107
3,0.24355044960975647,5108
3,0.13506877422332764,5109
3,0.12106900662183762,5110
1,0.09269091486930847,5111
3,0.13407747447490692,5112
3,0.11457598954439163,5113
3,0.18349666893482208,5114
3,0.19532987475395203,5115
3,0.1495061069726944,5116
3,0.13355226814746857,5117
3,0.227158784866333,5118
3,0.17248816788196564,5119
3,0.10287564992904663,5120
3,0.1966509371995926,5121
3,0.19132785499095917,5122
3,0.09362785518169403,5123
3,0.0931045189499855,5124
3,0.09294619411230087,5125
3,0.0948360413312912,5126
3,0.227346271276474,5127
3,0.13849173486232758,5128
3,0.10017603635787964,5129
3,0.0947175994515419,5130
3,0.11934396624565125,5131
3,0.09287981688976288,5132
3,0.1324792355298996,5133
3,0.1432388573884964,5134
3,0.2239139825105667,5135
3,0.26477333903312683,5136
3,0.1215766966342926,5137
2,0.35570311546325684,5138
3,0.3501257300376892,5139
3,0.21065209805965424,5140
3,0.12353972345590591,5141
3,0.11630129814147949,5142
3,0.10674341768026352,5143
3,0.10855822265148163,5144
3,0.2625589668750763,5145
3,0.11019009351730347,5146
1,0.11906168609857559,5147
3,0.22131317853927612,5148
3,0.22261448204517365,5149
3,0.20660725235939026,5150
3,0.1178152784705162,5151
3,0.2800333797931671,5152
2,0.38298991322517395,5153
3,0.16432632505893707,5154
3,0.13140597939491272,5155
3,0.13626141846179962,5156
3,0.17932085692882538,5157
3,0.2662786841392517,5158
3,0.30033883452415466,5159
3,0.26455628871917725,5160
3,0.1923845410346985,5161
3,0.1111530065536499,5162
3,0.11754922568798065,5163
3,0.15878503024578094,5164
3,0.21693353354930878,5165
3,0.2778458595275879,5166
3,0.3551512062549591,5167
3,0.11316761374473572,5168
3,0.10005083680152893,5169
3,0.15703994035720825,5170
3,0.20312128961086273,5171
3,0.15461616218090057,5172
3,0.09113803505897522,5173
3,0.2384534478187561,5174
3,0.09011464565992355,5175
3,0.09025087207555771,5176
3,0.09587796032428741,5177
3,0.15636798739433289,5178
3,0.14804430305957794,5179
3,0.12853872776031494,5180
1,0.07928143441677094,5181
3,0.10308771580457687,5182
3,0.11217765510082245,5183
3,0.33041617274284363,5184
3,0.13562195003032684,5185
3,0.12788398563861847,5186
3,0.10769013315439224,5187
3,0.09078484773635864,5188
3,0.0987694263458252,5189
3,0.3691823184490204,5190
3,0.1794072538614273,5191
3,0.1344752460718155,5192
3,0.127527117729187,5193
3,0.10646537691354752,5194
3,0.112801693379879,5195
3,0.1385679394006729,5196
3,0.17570160329341888,5197
3,0.17332664132118225,5198
3,0.1442617028951645,5199
3,0.1348770409822464,5200
3,0.12473160028457642,5201
3,0.10402380675077438,5202
3,0.1291867196559906,5203
3,0.09029517322778702,5204
3,0.14928634464740753,5205
3,0.28938671946525574,5206
2,0.4003954827785492,5207
3,0.10451976209878922,5208
2,0.35506197810173035,5209
3,0.1336229294538498,5210
3,0.21382325887680054,5211
3,0.10601750761270523,5212
3,0.11593363434076309,5213
3,0.13715937733650208,5214
3,0.23621301352977753,5215
3,0.16148453950881958,5216
3,0.15884096920490265,5217
3,0.10192474722862244,5218
3,0.0966058149933815,5219
3,0.11579615622758865,5220
3,0.15562234818935394,5221
3,0.20376960933208466,5222
3,0.22829371690750122,5223
3,0.3347536623477936,5224
3,0.15424004197120667,5225
3,0.15855897963047028,5226
3,0.09166024625301361,5227
3,0.10204154998064041,5228
3,0.2768385708332062,5229
3,0.340290904045105,5230
3,0.13956645131111145,5231
3,0.10030604898929596,5232
3,0.24589483439922333,5233
3,0.331940233707428,5234
3,0.32131463289260864,5235
3,0.2428770810365677,5236
3,0.16047139465808868,5237
3,0.138091579079628,5238
3,0.09360948204994202,5239
3,0.14477594196796417,5240
3,0.191669762134552,5241
3,0.17442481219768524,5242
3,0.17532040178775787,5243
3,0.11457785964012146,5244
3,0.10960261523723602,5245
3,0.09555315226316452,5246
3,0.09983014315366745,5247
3,0.11644132435321808,5248
3,0.13851897418498993,5249
3,0.10404817759990692,5250
3,0.2673875689506531,5251
3,0.19274722039699554,5252
3,0.17467942833900452,5253
3,0.2682769298553467,5254
2,0.41499194502830505,5255
3,0.3155025541782379,5256
3,0.195571631193161,5257
3,0.19449429214000702,5258
3,0.13709476590156555,5259
3,0.11262741684913635,5260
3,0.11461515724658966,5261
3,0.11943621188402176,5262
3,0.162295863032341,5263
3,0.15238142013549805,5264
3,0.15529388189315796,5265
3,0.1431691199541092,5266
3,0.10641123354434967,5267
3,0.09491129219532013,5268
3,0.11853590607643127,5269
3,0.25116974115371704,5270
3,0.15782324969768524,5271
3,0.13600797951221466,5272
3,0.11037759482860565,5273
3,0.1141543760895729,5274
3,0.23961517214775085,5275
3,0.1546655297279358,5276
2,0.14934924244880676,5277
3,0.09050676226615906,5278
3,0.09412703663110733,5279
3,0.1071045994758606,5280
3,0.13220246136188507,5281
3,0.24860228598117828,5282
4,0.14911292493343353,5283
3,0.1312890350818634,5284
3,0.1334516406059265,5285
3,0.14096106588840485,5286
3,0.25720468163490295,5287
3,0.21042731404304504,5288
3,0.19426240026950836,5289
3,0.10924586653709412,5290
3,0.11493264138698578,5291
3,0.1928415149450302,5292
3,0.14021368324756622,5293
3,0.2205047607421875,5294
3,0.16446742415428162,5295
3,0.16693291068077087,5296
2,0.1578708291053772,5297
3,0.15288153290748596,5298
3,0.13942986726760864,5299
3,0.12942253053188324,5300
3,0.10650043189525604,5301
3,0.10793772339820862,5302
3,0.11656328290700912,5303
3,0.13794614374637604,5304
3,0.1682608425617218,5305
3,0.1157890185713768,5306
2,0.42183035612106323,5307
2,0.35477226972579956,5308
3,0.10460296273231506,5309
3,0.08394869416952133,5310
3,0.19432967901229858,5311
3,0.14645569026470184,5312
3,0.13965481519699097,5313
3,0.12742160260677338,5314
3,0.13695237040519714,5315
3,0.2694514989852905,5316
3,0.15467151999473572,5317
3,0.10395580530166626,5318
3,0.08882564306259155,5319
3,0.14698369801044464,5320
3,0.25009557604789734,5321
3,0.27069658041000366,5322
3,0.20358265936374664,5323
3,0.14188510179519653,5324
3,0.12642952799797058,5325
3,0.36540210247039795,5326
3,0.15586122870445251,5327
3,0.13304615020751953,5328
3,0.12269337475299835,5329
3,0.0884561538696289,5330
3,0.10706564784049988,5331
3,0.14235970377922058,5332
3,0.15462306141853333,5333
3,0.16957788169384003,5334
3,0.205283060669899,5335
3,0.15540575981140137,5336
3,0.16802717745304108,5337
3,0.24823595583438873,5338
3,0.3380672335624695,5339
3,0.2940598130226135,5340
3,0.2563799321651459,5341
3,0.14886517822742462,5342
3,0.15455681085586548,5343
3,0.3579840362071991,5344
3,0.3155590891838074,5345
3,0.09600790590047836,5346
3,0.09618503600358963,5347
3,0.13184823095798492,5348
3,0.16052649915218353,5349
3,0.24670925736427307,5350
3,0.33495134115219116,5351
3,0.314106822013855,5352
3,0.2533465623855591,5353
3,0.11255323886871338,5354
3,0.11120711266994476,5355
3,0.12960536777973175,5356
3,0.16416805982589722,5357
3,0.18197384476661682,5358
3,0.2379482388496399,5359
2,0.4166892468929291,5360
3,0.1266818791627884,5361
3,0.12984666228294373,5362
3,0.39891424775123596,5363
3,0.22029611468315125,5364
3,0.21147438883781433,5365
3,0.14974181354045868,5366
1,0.07975535839796066,5367
3,0.1185692548751831,5368
2,0.23541757464408875,5369
3,0.22117365896701813,5370
3,0.17123234272003174,5371
3,0.11664962768554688,5372
3,0.1785789430141449,5373
3,0.17178644239902496,5374
3,0.1361262947320938,5375
3,0.12717057764530182,5376
3,0.12395117431879044,5377
3,0.13503707945346832,5378
3,0.23978401720523834,5379
3,0.2354665994644165,5380
3,0.22097225487232208,5381
3,0.15298016369342804,5382
3,0.13699758052825928,5383
3,0.13728827238082886,5384
3,0.11657429486513138,5385
3,0.09011873602867126,5386
3,0.24280408024787903,5387
3,0.17407073080539703,5388
1,0.03187372535467148,5389
3,0.18656684458255768,5390
3,0.23307915031909943,5391
3,0.12493323534727097,5392
3,0.08988276869058609,5393
3,0.11163195222616196,5394
3,0.11504814028739929,5395
3,0.14197911322116852,5396
3,0.12235178798437119,5397
3,0.1266220510005951,5398
3,0.1713390052318573,5399
3,0.1412767767906189,5400
3,0.11204001307487488,5401
3,0.18347623944282532,5402
3,0.2301318347454071,5403
3,0.22957733273506165,5404
3,0.11395686119794846,5405
3,0.09651045501232147,5406
3,0.08135409653186798,5407
3,0.09061433374881744,5408
3,0.11187159270048141,5409
3,0.14114362001419067,5410
3,0.16197918355464935,5411
3,0.16532185673713684,5412
3,0.3952378034591675,5413
3,0.2257455438375473,5414
3,0.11551032960414886,5415
3,0.09086950868368149,5416
3,0.1701372265815735,5417
3,0.2961786985397339,5418
3,0.393108069896698,5419
3,0.2781488597393036,5420
3,0.09989655017852783,5421
1,0.08089500665664673,5422
3,0.1636977195739746,5423
3,0.20522771775722504,5424
3,0.14353279769420624,5425
3,0.12279846519231796,5426
3,0.12062913924455643,5427
3,0.111727274954319,5428
3,0.09724900126457214,5429
3,0.1555049866437912,5430
3,0.18388666212558746,5431
3,0.09897280484437943,5432
4,0.10010750591754913,5433
3,0.13098028302192688,5434
3,0.15648509562015533,5435
3,0.32632705569267273,5436
3,0.29651281237602234,5437
3,0.2202925980091095,5438
3,0.11081162840127945,5439
3,0.27470195293426514,5440
3,0.15221117436885834,5441
3,0.10692980140447617,5442
3,0.09754226356744766,5443
3,0.17773249745368958,5444
3,0.1535005122423172,5445
3,0.10660586506128311,5446
1,0.11436743289232254,5447
3,0.11996398121118546,5448
3,0.11215516924858093,5449
3,0.283981055021286,5450
3,0.21563191711902618,5451
3,0.11255452781915665,5452
1,0.06251578032970428,5453
3,0.14655937254428864,5454
2,0.40608617663383484,5455
3,0.21009427309036255,5456
3,0.18128040432929993,5457
3,0.10768278688192368,5458
3,0.143514022231102,5459
3,0.22845731675624847,5460
3,0.11657582223415375,5461
3,0.3225634694099426,5462
2,0.35308077931404114,5463
3,0.20765340328216553,5464
3,0.1244891956448555,5465
3,0.14055107533931732,5466
3,0.09524407982826233,5467
3,0.13717231154441833,5468
3,0.17853547632694244,5469
3,0.3527374565601349,5470
3,0.26501667499542236,5471
3,0.10078684240579605,5472
3,0.0921778455376625,5473
3,0.09535789489746094,5474
3,0.09786434471607208,5475
3,0.13444742560386658,5476
3,0.1374133825302124,5477
3,0.26500847935676575,5478
3,0.30054280161857605,5479
3,0.3851861357688904,5480
3,0.10065963119268417,5481
3,0.1670246124267578,5482
3,0.3895098865032196,5483
3,0.19890443980693817,5484
3,0.13733376562595367,5485
3,0.09917604923248291,5486
3,0.1866241693496704,5487
3,0.27095216512680054,5488
3,0.2722055912017822,5489
3,0.290849506855011,5490
3,0.11076807230710983,5491
3,0.10049168020486832,5492
3,0.11101754009723663,5493
3,0.17767931520938873,5494
3,0.16213800013065338,5495
3,0.10991301387548447,5496
3,0.09806366264820099,5497
3,0.10303723067045212,5498
3,0.10601344704627991,5499
3,0.13230493664741516,5500
3,0.288148432970047,5501
3,0.33080899715423584,5502
3,0.10954361408948898,5503
3,0.09848009794950485,5504
3,0.10448109358549118,5505
3,0.25053250789642334,5506
3,0.2155287265777588,5507
3,0.18714672327041626,5508
3,0.11779031902551651,5509
3,0.20846058428287506,5510
3,0.2835739254951477,5511
2,0.40011271834373474,5512
3,0.3266158401966095,5513
3,0.20858974754810333,5514
3,0.1232970580458641,5515
3,0.2089671641588211,5516
3,0.2673923671245575,5517
3,0.28224676847457886,5518
3,0.11917725950479507,5519
3,0.11558794975280762,5520
3,0.09619054198265076,5521
3,0.20968976616859436,5522
3,0.23379428684711456,5523
4,0.23425398766994476,5524
3,0.19025269150733948,5525
3,0.3594810664653778,5526
3,0.38889968395233154,5527
3,0.3124435544013977,5528
3,0.1688474863767624,5529
3,0.22947517037391663,5530
3,0.3368702530860901,5531
3,0.32026124000549316,5532
3,0.236434206366539,5533
3,0.17170940339565277,5534
1,0.08727158606052399,5535
3,0.11546484380960464,5536
3,0.0955873653292656,5537
3,0.22880686819553375,5538
3,0.27770349383354187,5539
3,0.21520866453647614,5540
3,0.08759480714797974,5541
1,0.07269197702407837,5542
3,0.3717123568058014,5543
3,0.19084013998508453,5544
3,0.28721851110458374,5545
2,0.39675387740135193,5546
3,0.12316146492958069,5547
1,0.08906318247318268,5548
3,0.21632978320121765,5549
3,0.10239890962839127,5550
3,0.34037384390830994,5551
3,0.3630409240722656,5552
3,0.3626102805137634,5553
3,0.1609726995229721,5554
3,0.2149190753698349,5555
2,0.338798463344574,5556
3,0.17891757190227509,5557
3,0.15286321938037872,5558
3,0.10362718999385834,5559
3,0.2643483579158783,5560
3,0.3246611952781677,5561
3,0.33412015438079834,5562
3,0.37426626682281494,5563
2,0.3940967321395874,5564
3,0.17442747950553894,5565
3,0.1175999715924263,5566
3,0.21038298308849335,5567
3,0.3532852232456207,5568
3,0.16501300036907196,5569
3,0.2916664779186249,5570
1,0.08916366845369339,5571
3,0.09179684519767761,5572
3,0.1250874400138855,5573
3,0.36684131622314453,5574
3,0.33005714416503906,5575
3,0.22466373443603516,5576
3,0.2189239263534546,5577
3,0.193520650267601,5578
3,0.332872599363327,5579
3,0.21963761746883392,5580
3,0.2054339200258255,5581
1,0.08556270599365234,5582
3,0.31819766759872437,5583
3,0.3651183545589447,5584
2,0.33406299352645874,5585
3,0.23081600666046143,5586
1,0.05935852229595184,5587
3,0.13616502285003662,5588
3,0.14935573935508728,5589
3,0.14957186579704285,5590
3,0.2914005517959595,5591
3,0.3277174234390259,5592
3,0.2395603209733963,5593
3,0.21119500696659088,5594
3,0.2061629742383957,5595
3,0.19562877714633942,5596
3,0.08506900817155838,5597
3,0.13934358954429626,5598
3,0.1456843465566635,5599
3,0.34643855690956116,5600
2,0.39053812623023987,5601
3,0.2321408987045288,5602
3,0.2123911827802658,5603
3,0.12893927097320557,5604
3,0.1527177393436432,5605
3,0.1591242253780365,5606
2,0.331744521856308,5607
3,0.3263327181339264,5608
3,0.2590291202068329,5609
3,0.13689635694026947,5610
3,0.14859841763973236,5611
3,0.15240050852298737,5612
3,0.1786441206932068,5613
3,0.23591038584709167,5614
3,0.15799450874328613,5615
3,0.32438257336616516,5616
3,0.35141459107398987,5617
3,0.25210508704185486,5618
3,0.11480172723531723,5619
3,0.1618269681930542,5620
3,0.2008151113986969,5621
3,0.2012060135602951,5622
3,0.14774923026561737,5623
3,0.1476486325263977,5624
3,0.1686791181564331,5625
1,0.10400965809822083,5626
3,0.11858910322189331,5627
3,0.1175537034869194,5628
3,0.3235534429550171,5629
2,0.32807132601737976,5630
3,0.32339349389076233,5631
3,0.2715948522090912,5632
3,0.31887170672416687,5633
3,0.36970481276512146,5634
2,0.3875459134578705,5635
3,0.12253673374652863,5636
3,0.27059808373451233,5637
3,0.3769493103027344,5638
3,0.10306527465581894,5639
3,0.10430959612131119,5640
3,0.15411189198493958,5641
3,0.2831023335456848,5642
3,0.3055059313774109,5643
3,0.1125413104891777,5644
3,0.10653911530971527,5645
3,0.09091023355722427,5646
3,0.30892038345336914,5647
3,0.16547423601150513,5648
3,0.26989611983299255,5649
1,0.10515096783638,5650
3,0.2056187391281128,5651
3,0.11249265819787979,5652
3,0.15651139616966248,5653
3,0.3048245906829834,5654
3,0.36090904474258423,5655
3,0.21392542123794556,5656
1,0.14572644233703613,5657
3,0.10080980509519577,5658
1,0.08796605467796326,5659
3,0.14505048096179962,5660
3,0.1924215853214264,5661
3,0.26755550503730774,5662
3,0.36774590611457825,5663
3,0.2815011143684387,5664
3,0.2094513475894928,5665
3,0.15723563730716705,5666
2,0.32145264744758606,5667
3,0.29793688654899597,5668
3,0.211968794465065,5669
3,0.20855359733104706,5670
3,0.11346861720085144,5671
3,0.29307809472084045,5672
3,0.3161049783229828,5673
3,0.11315812170505524,5674
3,0.14290529489517212,5675
3,0.14913702011108398,5676
3,0.1596042811870575,5677
3,0.16963763535022736,5678
2,0.3829984664916992,5679
3,0.27849721908569336,5680
3,0.11680476367473602,5681
3,0.1964949667453766,5682
3,0.24457387626171112,5683
2,0.3188229203224182,5684
3,0.26088786125183105,5685
3,0.2429475039243698,5686
3,0.11080417037010193,5687
3,0.11285698413848877,5688
1,0.09012773633003235,5689
3,0.16258098185062408,5690
3,0.18989309668540955,5691
3,0.29526862502098083,5692
3,0.31161561608314514,5693
3,0.24387691915035248,5694
3,0.24232281744480133,5695
3,0.21421247720718384,5696
3,0.16079264879226685,5697
3,0.3701235353946686,5698
2,0.316710501909256,5699
3,0.24322552978992462,5700
3,0.29106980562210083,5701
3,0.3016241192817688,5702
3,0.30820730328559875,5703
1,0.25302422046661377,5704
3,0.10371557623147964,5705
3,0.09860924631357193,5706
3,0.16530708968639374,5707
3,0.25137585401535034,5708
3,0.11435843259096146,5709
3,0.2893370985984802,5710
3,0.29928824305534363,5711
2,0.31462588906288147,5712
3,0.2983989417552948,5713
3,0.31067731976509094,5714
3,0.304789662361145,5715
2,0.25146281719207764,5716
1,0.06624449044466019,5717
3,0.0955893024802208,5718
3,0.14283126592636108,5719
3,0.32880377769470215,5720
3,0.3306753933429718,5721
3,0.23455069959163666,5722
3,0.15626545250415802,5723
3,0.10426853597164154,5724
3,0.1111486479640007,5725
3,0.13085657358169556,5726
3,0.14628110826015472,5727
3,0.18995966017246246,5728
3,0.12300951033830643,5729
3,0.15668638050556183,5730
3,0.22903551161289215,5731
3,0.23301787674427032,5732
3,0.11818894743919373,5733
3,0.18434642255306244,5734
3,0.23749415576457977,5735
3,0.1123218983411789,5736
3,0.12954623997211456,5737
3,0.1369907408952713,5738
3,0.30448925495147705,5739
2,0.3768084943294525,5740
3,0.23000751435756683,5741
3,0.09488890320062637,5742
3,0.1359528750181198,5743
3,0.2831432521343231,5744
3,0.263148695230484,5745
3,0.218904048204422,5746
3,0.3193937838077545,5747
3,0.3184882700443268,5748
1,0.09313369542360306,5749
3,0.15402472019195557,5750
1,0.08806560188531876,5751
3,0.1379214972257614,5752
3,0.23113852739334106,5753
3,0.23187652230262756,5754
3,0.2640801966190338,5755
3,0.2202921062707901,5756
3,0.15437108278274536,5757
3,0.11881409585475922,5758
3,0.10103923827409744,5759
3,0.1215633898973465,5760
3,0.22279438376426697,5761
3,0.12732258439064026,5762
3,0.2567391097545624,5763
3,0.2613816261291504,5764
3,0.27493253350257874,5765
1,0.09134300798177719,5766
1,0.08031115680932999,5767
3,0.19898244738578796,5768
3,0.20877215266227722,5769
3,0.25497162342071533,5770
3,0.1224188432097435,5771
3,0.2130684107542038,5772
3,0.24540644884109497,5773
3,0.10119795054197311,5774
3,0.10222948342561722,5775
3,0.12044161558151245,5776
2,0.106174997985363,5777
3,0.12486838549375534,5778
3,0.15951545536518097,5779
3,0.19443120062351227,5780
3,0.27901118993759155,5781
3,0.29189375042915344,5782
3,0.2147410809993744,5783
3,0.15335194766521454,5784
3,0.09220840781927109,5785
3,0.09433665126562119,5786
4,0.10627859830856323,5787
3,0.11951899528503418,5788
3,0.25689497590065,5789
2,0.3721233904361725,5790
3,0.11570420861244202,5791
3,0.19533656537532806,5792
3,0.2664283812046051,5793
3,0.3127545714378357,5794
3,0.10993006080389023,5795
3,0.17937549948692322,5796
3,0.15655045211315155,5797
3,0.09394142776727676,5798
3,0.11447292566299438,5799
3,0.25581780076026917,5800
2,0.3010717034339905,5801
3,0.28437402844429016,5802
3,0.20907722413539886,5803
3,0.2257302850484848,5804
3,0.15524466335773468,5805
1,0.07002811878919601,5806
3,0.10161815583705902,5807
3,0.18701228499412537,5808
3,0.2477361559867859,5809
3,0.2739713490009308,5810
3,0.22492848336696625,5811
3,0.22151923179626465,5812
3,0.12204194813966751,5813
3,0.1348526030778885,5814
3,0.23622503876686096,5815
3,0.2585383653640747,5816
3,0.267403244972229,5817
3,0.28739240765571594,5818
3,0.2205360233783722,5819
3,0.09520285576581955,5820
3,0.0909891277551651,5821
3,0.09113840013742447,5822
3,0.15413960814476013,5823
1,0.0862005427479744,5824
3,0.10513285547494888,5825
3,0.1543702483177185,5826
3,0.15679821372032166,5827
3,0.22816316783428192,5828
3,0.21924537420272827,5829
3,0.12454066425561905,5830
3,0.23347033560276031,5831
3,0.24989061057567596,5832
3,0.1171216145157814,5833
3,0.2068432867527008,5834
3,0.17965106666088104,5835
3,0.23756490647792816,5836
3,0.2505434453487396,5837
3,0.10469464957714081,5838
3,0.25748077034950256,5839
3,0.2766181528568268,5840
3,0.2477363646030426,5841
1,0.08267941325902939,5842
3,0.18183189630508423,5843
3,0.24914750456809998,5844
3,0.26306089758872986,5845
3,0.25961753726005554,5846
2,0.366277277469635,5847
3,0.0945001021027565,5848
3,0.2552555799484253,5849
3,0.27991950511932373,5850
3,0.24727287888526917,5851
3,0.1822645515203476,5852
3,0.16314862668514252,5853
3,0.1046753004193306,5854
3,0.23376750946044922,5855
3,0.21264079213142395,5856
3,0.1832646131515503,5857
3,0.24267634749412537,5858
3,0.11359646171331406,5859
3,0.11081993579864502,5860
3,0.1036587730050087,5861
3,0.1038593053817749,5862
3,0.21553070843219757,5863
3,0.24196943640708923,5864
3,0.21613192558288574,5865
3,0.21019487082958221,5866
3,0.1029285117983818,5867
3,0.21880830824375153,5868
3,0.24056404829025269,5869
3,0.24047812819480896,5870
1,0.09795918315649033,5871
3,0.10305847972631454,5872
3,0.11978397518396378,5873
3,0.228347510099411,5874
3,0.24138076603412628,5875
3,0.13138192892074585,5876
3,0.09421078115701675,5877
3,0.11717374622821808,5878
3,0.14307202398777008,5879
3,0.24066539108753204,5880
3,0.15628764033317566,5881
3,0.15317171812057495,5882
3,0.14371570944786072,5883
3,0.08706687390804291,5884
3,0.10805941373109818,5885
3,0.23862649500370026,5886
3,0.2552866041660309,5887
3,0.25951099395751953,5888
3,0.27293968200683594,5889
2,0.3630183935165405,5890
2,0.28970998525619507,5891
3,0.20552858710289001,5892
3,0.17904408276081085,5893
3,0.15658427774906158,5894
3,0.10328757017850876,5895
3,0.10318008810281754,5896
3,0.17683550715446472,5897
3,0.2098149061203003,5898
4,0.23942001163959503,5899
3,0.2650991380214691,5900
3,0.28684356808662415,5901
3,0.2511409521102905,5902
3,0.24321669340133667,5903
3,0.2474546879529953,5904
3,0.3459413945674896,5905
3,0.2381901890039444,5906
3,0.2264585942029953,5907
3,0.20446054637432098,5908
3,0.19585804641246796,5909
3,0.18085163831710815,5910
3,0.11411796510219574,5911
3,0.26395973563194275,5912
3,0.24214142560958862,5913
3,0.11438366770744324,5914
3,0.25002408027648926,5915
3,0.2624843716621399,5916
3,0.20371317863464355,5917
3,0.1885627806186676,5918
3,0.1188565194606781,5919
3,0.11192962527275085,5920
3,0.21182362735271454,5921
3,0.22431601583957672,5922
3,0.20179252326488495,5923
3,0.11169274896383286,5924
3,0.10431275516748428,5925
3,0.08399352431297302,5926
3,0.11899434030056,5927
3,0.1266634464263916,5928
3,0.1658187061548233,5929
3,0.19690880179405212,5930
3,0.22005586326122284,5931
2,0.35801610350608826,5932
3,0.2305801957845688,5933
3,0.20060449838638306,5934
1,0.16177977621555328,5935
3,0.11750811338424683,5936
3,0.1135120540857315,5937
3,0.09480906277894974,5938
3,0.10697811096906662,5939
3,0.13164253532886505,5940
3,0.28513461351394653,5941
3,0.12404020875692368,5942
3,0.09517167508602142,5943
2,0.13138365745544434,5944
3,0.2295253425836563,5945
3,0.10388880223035812,5946
1,0.08578189462423325,5947
3,0.0951962098479271,5948
3,0.19003014266490936,5949
3,0.13867975771427155,5950
3,0.1380797028541565,5951
3,0.092417873442173,5952
3,0.13099095225334167,5953
3,0.2737771272659302,5954
3,0.14753477275371552,5955
3,0.16101214289665222,5956
3,0.24478136003017426,5957
3,0.19800333678722382,5958
3,0.1391739696264267,5959
3,0.18908074498176575,5960
3,0.2654220759868622,5961
3,0.19650700688362122,5962
3,0.18842348456382751,5963
3,0.08446453511714935,5964
1,0.11173335462808609,5965
3,0.24229654669761658,5966
3,0.10289823263883591,5967
3,0.1212640181183815,5968
3,0.2411588430404663,5969
2,0.3436957895755768,5970
3,0.19452908635139465,5971
3,0.1985161155462265,5972
3,0.09371574968099594,5973
3,0.2622947096824646,5974
3,0.22409576177597046,5975
3,0.19795846939086914,5976
3,0.09378122538328171,5977
3,0.18914589285850525,5978
3,0.2066081166267395,5979
3,0.210627019405365,5980
3,0.2685723900794983,5981
3,0.3213472366333008,5982
3,0.322285532951355,5983
3,0.22337402403354645,5984
3,0.09776245057582855,5985
3,0.0985715240240097,5986
3,0.1476263701915741,5987
1,0.0893215760588646,5988
1,0.07962168008089066,5989
3,0.09942720085382462,5990
3,0.26766932010650635,5991
2,0.33592990040779114,5992
3,0.11784032732248306,5993
3,0.24817997217178345,5994
3,0.08285588771104813,5995
3,0.08317819982767105,5996
3,0.11826508492231369,5997
3,0.18127426505088806,5998
3,0.20098435878753662,5999
3,0.22428984940052032,6000
3,0.23080198466777802,6001
3,0.316156804561615,6002
3,0.3308638036251068,6003
3,0.09603837877511978,6004
3,0.131495863199234,6005
3,0.13590115308761597,6006
3,0.20130154490470886,6007
3,0.3382810652256012,6008
3,0.24013398587703705,6009
3,0.22020980715751648,6010
3,0.14862194657325745,6011
3,0.10098259150981903,6012
3,0.24595926702022552,6013
3,0.25108060240745544,6014
3,0.31716468930244446,6015
3,0.3262655735015869,6016
3,0.10133195668458939,6017
3,0.13025256991386414,6018
2,0.2397526055574417,6019
3,0.2709389626979828,6020
3,0.30417412519454956,6021
3,0.23690184950828552,6022
3,0.09964770078659058,6023
3,0.10403548926115036,6024
3,0.2213834822177887,6025
4,0.23910118639469147,6026
3,0.3319900631904602,6027
3,0.24987128376960754,6028
3,0.10723576694726944,6029
3,0.2375418245792389,6030
3,0.24323254823684692,6031
3,0.2548026740550995,6032
3,0.2336251437664032,6033
3,0.14021837711334229,6034
3,0.0936860516667366,6035
3,0.1840323507785797,6036
3,0.2328609824180603,6037
3,0.24770478904247284,6038
3,0.13045188784599304,6039
3,0.1567833572626114,6040
3,0.18269143998622894,6041
2,0.18353426456451416,6042
3,0.17572808265686035,6043
3,0.2621757686138153,6044
3,0.21673941612243652,6045
3,0.20981618762016296,6046
3,0.2836296856403351,6047
2,0.32175201177597046,6048
3,0.09025079011917114,6049
1,0.08235745131969452,6050
3,0.10884570330381393,6051
3,0.11513913422822952,6052
1,0.1549854278564453,6053
3,0.22270618379116058,6054
3,0.23552820086479187,6055
3,0.24525271356105804,6056
3,0.15302793681621552,6057
3,0.14630964398384094,6058
3,0.10065934807062149,6059
3,0.09310188889503479,6060
3,0.14469380676746368,6061
3,0.26667702198028564,6062
3,0.1030460000038147,6063
3,0.2964823842048645,6064
3,0.1546422392129898,6065
3,0.17576058208942413,6066
3,0.12228542566299438,6067
3,0.15530240535736084,6068
3,0.16486574709415436,6069
3,0.17961260676383972,6070
3,0.17209689319133759,6071
3,0.1896267831325531,6072
3,0.2193964123725891,6073
3,0.2577650845050812,6074
3,0.1455652117729187,6075
1,0.09165983647108078,6076
3,0.21697019040584564,6077
3,0.25296327471733093,6078
3,0.2500803470611572,6079
3,0.10217045247554779,6080
1,0.07919309288263321,6081
3,0.09745704382658005,6082
3,0.11937025189399719,6083
1,0.17414584755897522,6084
3,0.16330505907535553,6085
3,0.10793279856443405,6086
3,0.19205032289028168,6087
2,0.31235554814338684,6088
1,0.18475091457366943,6089
3,0.09198744595050812,6090
3,0.19122099876403809,6091
3,0.2771756052970886,6092
3,0.28759539127349854,6093
3,0.20278054475784302,6094
3,0.12212016433477402,6095
3,0.2940690219402313,6096
3,0.2156357616186142,6097
3,0.09298152476549149,6098
3,0.15344007313251495,6099
3,0.21049107611179352,6100
3,0.15410831570625305,6101
3,0.09662704914808273,6102
3,0.08528144657611847,6103
3,0.13281823694705963,6104
3,0.15583069622516632,6105
3,0.10444170236587524,6106
3,0.09747394919395447,6107
1,0.08517150580883026,6108
3,0.24117104709148407,6109
3,0.17384831607341766,6110
3,0.11727973818778992,6111
3,0.13229958713054657,6112
1,0.0778481513261795,6113
3,0.22423039376735687,6114
3,0.10691643506288528,6115
3,0.1611422747373581,6116
3,0.28594115376472473,6117
3,0.2235110104084015,6118
3,0.11634332686662674,6119
2,0.1750314086675644,6120
3,0.16414541006088257,6121
3,0.19864699244499207,6122
3,0.10623480379581451,6123
3,0.16466538608074188,6124
3,0.1638135015964508,6125
3,0.13965803384780884,6126
3,0.2747548818588257,6127
3,0.28986042737960815,6128
2,0.30006134510040283,6129
3,0.17064806818962097,6130
3,0.29075539112091064,6131
3,0.26501035690307617,6132
3,0.17835965752601624,6133
3,0.11943648010492325,6134
3,0.11019572615623474,6135
1,0.09420444071292877,6136
1,0.08821376413106918,6137
3,0.28079572319984436,6138
3,0.27935725450515747,6139
3,0.12352456897497177,6140
3,0.09127868711948395,6141
3,0.1601199060678482,6142
3,0.2766968607902527,6143
3,0.15907073020935059,6144
3,0.1501028835773468,6145
3,0.14959114789962769,6146
3,0.15810592472553253,6147
3,0.27026551961898804,6148
3,0.09569039195775986,6149
3,0.10601533949375153,6150
3,0.2921091318130493,6151
3,0.20206867158412933,6152
3,0.12217917293310165,6153
3,0.18490268290042877,6154
3,0.2805681526660919,6155
3,0.21815268695354462,6156
3,0.13681133091449738,6157
1,0.11023861169815063,6158
3,0.17046527564525604,6159
2,0.2909015119075775,6160
3,0.14677567780017853,6161
3,0.1409604251384735,6162
3,0.1838754564523697,6163
3,0.21171033382415771,6164
3,0.13906899094581604,6165
3,0.16967087984085083,6166
3,0.21393968164920807,6167
3,0.15295618772506714,6168
3,0.13707232475280762,6169
2,0.21239472925662994,6170
3,0.1618916094303131,6171
3,0.13400287926197052,6172
3,0.12111058086156845,6173
1,0.06741472333669662,6174
3,0.09459534287452698,6175
3,0.1589702069759369,6176
3,0.20506544411182404,6177
3,0.21127554774284363,6178
3,0.26541903614997864,6179
3,0.16139017045497894,6180
3,0.23540452122688293,6181
1,0.18226975202560425,6182
3,0.1879657357931137,6183
3,0.10527268052101135,6184
3,0.21369077265262604,6185
3,0.21549886465072632,6186
3,0.08982890099287033,6187
3,0.09881536662578583,6188
3,0.13487932085990906,6189
2,0.2811104953289032,6190
3,0.18740613758563995,6191
3,0.11371815204620361,6192
3,0.14643628895282745,6193
3,0.23278270661830902,6194
3,0.2580910623073578,6195
3,0.18488045036792755,6196
3,0.27884772419929504,6197
3,0.2635284662246704,6198
3,0.09760113060474396,6199
3,0.15878073871135712,6200
3,0.16477759182453156,6201
3,0.1794932782649994,6202
1,0.08220609277486801,6203
3,0.14150318503379822,6204
3,0.09427483379840851,6205
3,0.09378445148468018,6206
3,0.19903305172920227,6207
1,0.08448522537946701,6208
1,0.0851537361741066,6209
3,0.11081446707248688,6210
3,0.2009439319372177,6211
3,0.1215125173330307,6212
3,0.2026873379945755,6213
3,0.2727411389350891,6214
3,0.18445272743701935,6215
3,0.10912878066301346,6216
3,0.19620108604431152,6217
3,0.27111873030662537,6218
3,0.17713040113449097,6219
3,0.1967744529247284,6220
3,0.21139344573020935,6221
3,0.12636049091815948,6222
3,0.14356155693531036,6223
3,0.1434687227010727,6224
3,0.2042478322982788,6225
3,0.2515932321548462,6226
3,0.09242437034845352,6227
3,0.11584113538265228,6228
3,0.2070123255252838,6229
3,0.2574633061885834,6230
3,0.15419207513332367,6231
3,0.15179280936717987,6232
3,0.1160428524017334,6233
3,0.1691182255744934,6234
3,0.19272704422473907,6235
3,0.1975824534893036,6236
3,0.17820805311203003,6237
3,0.14036579430103302,6238
3,0.1299322545528412,6239
3,0.1537342369556427,6240
3,0.09872875362634659,6241
3,0.1535063087940216,6242
3,0.20899489521980286,6243
3,0.2244572788476944,6244
3,0.24682258069515228,6245
3,0.25719335675239563,6246
3,0.15178367495536804,6247
3,0.14995765686035156,6248
3,0.15121015906333923,6249
3,0.26020362973213196,6250
3,0.10690033435821533,6251
3,0.13115394115447998,6252
3,0.25930696725845337,6253
3,0.08830979466438293,6254
3,0.09602665901184082,6255
3,0.2641719877719879,6256
3,0.19002866744995117,6257
3,0.16074877977371216,6258
3,0.18552403151988983,6259
3,0.2570053040981293,6260
1,0.12382150441408157,6261
3,0.256417840719223,6262
3,0.19098418951034546,6263
3,0.10630261152982712,6264
3,0.19166335463523865,6265
3,0.2452874481678009,6266
1,0.08085606247186661,6267
1,0.21523532271385193,6268
3,0.1454222947359085,6269
3,0.24770286679267883,6270
3,0.20228686928749084,6271
3,0.15110060572624207,6272
3,0.19671575725078583,6273
3,0.20030125975608826,6274
3,0.20479300618171692,6275
3,0.12203094363212585,6276
3,0.09150581806898117,6277
3,0.09321043640375137,6278
3,0.14962314069271088,6279
3,0.09139556437730789,6280
3,0.0919155701994896,6281
3,0.14710240066051483,6282
3,0.14963874220848083,6283
3,0.17106592655181885,6284
3,0.18955162167549133,6285
4,0.21787245571613312,6286
3,0.15137606859207153,6287
3,0.11387332528829575,6288
3,0.0934373065829277,6289
3,0.0957278162240982,6290
3,0.2570706009864807,6291
3,0.14723873138427734,6292
3,0.1509820967912674,6293
3,0.14879338443279266,6294
3,0.14904560148715973,6295
3,0.1880398839712143,6296
3,0.2561839818954468,6297
3,0.1577785164117813,6298
3,0.15078827738761902,6299
3,0.09126590192317963,6300
3,0.10873278230428696,6301
3,0.16581356525421143,6302
3,0.1590540111064911,6303
3,0.24377486109733582,6304
3,0.11097140610218048,6305
3,0.10852465033531189,6306
3,0.1955207884311676,6307
3,0.11295986920595169,6308
3,0.11283223330974579,6309
1,0.0892656147480011,6310
3,0.1330312043428421,6311
3,0.14565880596637726,6312
1,0.1394111067056656,6313
3,0.19685249030590057,6314
3,0.1452934890985489,6315
3,0.23028124868869781,6316
3,0.1624705195426941,6317
3,0.14720425009727478,6318
3,0.12450183928012848,6319
4,0.14557915925979614,6320
3,0.24051903188228607,6321
3,0.139640212059021,6322
3,0.12715597450733185,6323
3,0.10104627907276154,6324
3,0.2511076033115387,6325
2,0.24359680712223053,6326
1,0.17097841203212738,6327
3,0.10757165402173996,6328
3,0.10216429084539413,6329
3,0.12063615769147873,6330
4,0.24410535395145416,6331
3,0.17038756608963013,6332
3,0.13549268245697021,6333
3,0.11194080859422684,6334
3,0.10289496183395386,6335
3,0.09403672069311142,6336
3,0.12183427810668945,6337
3,0.18112598359584808,6338
3,0.19748644530773163,6339
3,0.23809927701950073,6340
3,0.1478191614151001,6341
3,0.10408449172973633,6342
3,0.09384217858314514,6343
3,0.09520510584115982,6344
3,0.09706619381904602,6345
3,0.1030547022819519,6346
3,0.1209762841463089,6347
3,0.14547954499721527,6348
3,0.0901145413517952,6349
3,0.12077909708023071,6350
3,0.14683225750923157,6351
3,0.17379283905029297,6352
3,0.09732665121555328,6353
3,0.16945880651474,6354
3,0.09776594489812851,6355
3,0.1728704273700714,6356
3,0.09550943970680237,6357
3,0.14542962610721588,6358
3,0.12150656431913376,6359
3,0.14347898960113525,6360
3,0.14184550940990448,6361
3,0.13530957698822021,6362
3,0.14572294056415558,6363
3,0.17586782574653625,6364
3,0.19359007477760315,6365
3,0.16933199763298035,6366
3,0.23043149709701538,6367
3,0.23118507862091064,6368
1,0.12934844195842743,6369
3,0.18494488298892975,6370
3,0.10688871145248413,6371
3,0.12127923220396042,6372
3,0.12186127156019211,6373
3,0.23061569035053253,6374
3,0.15719282627105713,6375
3,0.1671321541070938,6376
3,0.18410104513168335,6377
3,0.2333754599094391,6378
3,0.14106342196464539,6379
2,0.10978470742702484,6380
4,0.10991276055574417,6381
1,0.08821829408407211,6382
3,0.14244146645069122,6383
1,0.07102973014116287,6384
3,0.0906735360622406,6385
3,0.12832213938236237,6386
3,0.1770583838224411,6387
3,0.239935502409935,6388
3,0.16568191349506378,6389
3,0.1315651834011078,6390
3,0.1880909502506256,6391
3,0.17253750562667847,6392
3,0.165969118475914,6393
3,0.11003983020782471,6394
3,0.08843504637479782,6395
3,0.1317765712738037,6396
3,0.240732803940773,6397
3,0.1717873215675354,6398
3,0.1027284488081932,6399
3,0.10330051928758621,6400
3,0.23407801985740662,6401
3,0.23782435059547424,6402
1,0.10082884877920151,6403
3,0.19970910251140594,6404
3,0.20795269310474396,6405
3,0.2258460521697998,6406
3,0.2331267148256302,6407
3,0.14012597501277924,6408
3,0.12429136037826538,6409
1,0.08608701080083847,6410
3,0.09172758460044861,6411
3,0.17373280227184296,6412
3,0.11935263127088547,6413
3,0.09150318801403046,6414
1,0.12723714113235474,6415
3,0.2142324149608612,6416
3,0.13986505568027496,6417
3,0.13902556896209717,6418
3,0.1297755390405655,6419
3,0.16464240849018097,6420
3,0.1690969318151474,6421
3,0.13878609240055084,6422
3,0.1636844277381897,6423
3,0.16873937845230103,6424
1,0.09869521111249924,6425
1,0.13367097079753876,6426
1,0.08746093511581421,6427
3,0.22765149176120758,6428
3,0.10135787725448608,6429
3,0.19461588561534882,6430
3,0.1566476672887802,6431
3,0.22312745451927185,6432
3,0.0930476188659668,6433
3,0.13857993483543396,6434
3,0.22946834564208984,6435
3,0.23000505566596985,6436
3,0.09870672971010208,6437
3,0.10382476449012756,6438
3,0.12588299810886383,6439
3,0.1272803246974945,6440
3,0.09330061823129654,6441
3,0.11731483787298203,6442
3,0.11653794348239899,6443
3,0.12723755836486816,6444
1,0.1030307188630104,6445
3,0.15170733630657196,6446
3,0.11384645849466324,6447
3,0.1062740758061409,6448
3,0.1397075057029724,6449
3,0.15510277450084686,6450
3,0.15592172741889954,6451
4,0.18050357699394226,6452
3,0.16771619021892548,6453
3,0.23083491623401642,6454
1,0.10495619475841522,6455
3,0.16894079744815826,6456
2,0.17981290817260742,6457
1,0.08863842487335205,6458
1,0.12446755170822144,6459
3,0.13222521543502808,6460
3,0.21757934987545013,6461
3,0.21587152779102325,6462
3,0.16458038985729218,6463
3,0.13828134536743164,6464
3,0.1589725911617279,6465
3,0.13414742052555084,6466
3,0.17895250022411346,6467
3,0.1603786051273346,6468
3,0.14533747732639313,6469
3,0.12057486921548843,6470
1,0.11982955783605576,6471
1,0.15149973332881927,6472
3,0.10614915937185287,6473
3,0.14032259583473206,6474
3,0.12846769392490387,6475
3,0.2103920727968216,6476
3,0.2241177260875702,6477
3,0.22000372409820557,6478
3,0.11276368796825409,6479
3,0.10261286050081253,6480
3,0.13555173575878143,6481
3,0.16596901416778564,6482
3,0.17772528529167175,6483
3,0.20949403941631317,6484
3,0.21886184811592102,6485
3,0.12653900682926178,6486
3,0.1225004568696022,6487
3,0.13723789155483246,6488
3,0.15762373805046082,6489
3,0.153124138712883,6490
3,0.17674854397773743,6491
3,0.12196701020002365,6492
3,0.2151736617088318,6493
3,0.21710915863513947,6494
3,0.13776428997516632,6495
3,0.12164322286844254,6496
3,0.09724921733140945,6497
3,0.1018519178032875,6498
3,0.09848121553659439,6499
3,0.1641853004693985,6500
3,0.13466331362724304,6501
3,0.09501044452190399,6502
3,0.09537873417139053,6503
3,0.09427464008331299,6504
3,0.18784581124782562,6505
3,0.11880763620138168,6506
3,0.11328625679016113,6507
3,0.16878676414489746,6508
1,0.15475164353847504,6509
3,0.1756567358970642,6510
3,0.12501643598079681,6511
3,0.1739989072084427,6512
3,0.21755632758140564,6513
3,0.18603242933750153,6514
3,0.11903896182775497,6515
3,0.10763759911060333,6516
3,0.11996787786483765,6517
3,0.17477987706661224,6518
3,0.10220162570476532,6519
3,0.17303334176540375,6520
3,0.17506997287273407,6521
3,0.12312183529138565,6522
3,0.09410865604877472,6523
3,0.12155868113040924,6524
3,0.1347358524799347,6525
3,0.15428563952445984,6526
3,0.12062618136405945,6527
3,0.1710262894630432,6528
3,0.20844341814517975,6529
3,0.17916785180568695,6530
3,0.0881737545132637,6531
3,0.11831893771886826,6532
3,0.12220609933137894,6533
3,0.1338355392217636,6534
3,0.15508830547332764,6535
3,0.14729401469230652,6536
3,0.16603533923625946,6537
3,0.1339539736509323,6538
3,0.15948531031608582,6539
3,0.106357142329216,6540
3,0.20826345682144165,6541
3,0.20909254252910614,6542
1,0.13700516521930695,6543
3,0.10373559594154358,6544
3,0.11799563467502594,6545
3,0.11719860136508942,6546
3,0.13284674286842346,6547
3,0.18072618544101715,6548
3,0.13415299355983734,6549
3,0.12841790914535522,6550
3,0.11824801564216614,6551
3,0.13350984454154968,6552
1,0.06127985194325447,6553
1,0.06359431892633438,6554
3,0.13657988607883453,6555
3,0.13938046991825104,6556
3,0.14331384003162384,6557
3,0.13178512454032898,6558
3,0.13912805914878845,6559
3,0.16872338950634003,6560
3,0.2088255137205124,6561
3,0.0990677922964096,6562
3,0.16275249421596527,6563
1,0.13398395478725433,6564
3,0.12664522230625153,6565
3,0.12037954479455948,6566
3,0.1194114163517952,6567
1,0.05829695239663124,6568
3,0.11622112989425659,6569
3,0.14226439595222473,6570
3,0.09919328987598419,6571
3,0.13511592149734497,6572
3,0.1152581125497818,6573
3,0.12490321695804596,6574
3,0.1304277628660202,6575
3,0.14946125447750092,6576
1,0.13214829564094543,6577
3,0.15578322112560272,6578
3,0.19826743006706238,6579
3,0.11250200122594833,6580
3,0.11513852328062057,6581
3,0.13471311330795288,6582
3,0.1517399549484253,6583
3,0.16065683960914612,6584
3,0.20725403726100922,6585
3,0.20638541877269745,6586
3,0.08671344071626663,6587
3,0.16029877960681915,6588
3,0.19671033322811127,6589
3,0.20360629260540009,6590
3,0.10318716615438461,6591
3,0.11455586552619934,6592
3,0.1167416200041771,6593
1,0.1309920996427536,6594
3,0.1605917066335678,6595
3,0.2058727890253067,6596
3,0.10424469411373138,6597
3,0.14264382421970367,6598
3,0.165109783411026,6599
3,0.15065687894821167,6600
3,0.1078554093837738,6601
3,0.10754281282424927,6602
3,0.10414531826972961,6603
3,0.16714999079704285,6604
3,0.12177389115095139,6605
3,0.09765458106994629,6606
3,0.09753864258527756,6607
3,0.20138272643089294,6608
1,0.1340513378381729,6609
3,0.10758667439222336,6610
3,0.20998314023017883,6611
3,0.13131053745746613,6612
3,0.10240499675273895,6613
3,0.1209152415394783,6614
3,0.1632508784532547,6615
3,0.15876372158527374,6616
3,0.19821962714195251,6617
3,0.1977071464061737,6618
3,0.20210444927215576,6619
3,0.09905021637678146,6620
3,0.09677024930715561,6621
3,0.0934886783361435,6622
3,0.11920405924320221,6623
3,0.08600794523954391,6624
3,0.09077680855989456,6625
3,0.10077638924121857,6626
3,0.15318863093852997,6627
3,0.15651680529117584,6628
3,0.17931951582431793,6629
3,0.13924862444400787,6630
1,0.11598292738199234,6631
3,0.19681547582149506,6632
3,0.1287449598312378,6633
3,0.15060582756996155,6634
3,0.19183506071567535,6635
3,0.09750383347272873,6636
3,0.12815789878368378,6637
3,0.09601791203022003,6638
3,0.11273475736379623,6639
3,0.12123268097639084,6640
3,0.1213858351111412,6641
3,0.12843050062656403,6642
3,0.12843291461467743,6643
3,0.10666610300540924,6644
1,0.09011529386043549,6645
3,0.18562136590480804,6646
3,0.1065669134259224,6647
3,0.10642090439796448,6648
3,0.09680629521608353,6649
3,0.09656452387571335,6650
3,0.10239613801240921,6651
3,0.1828538477420807,6652
3,0.12073396146297455,6653
3,0.11654730886220932,6654
3,0.09417533129453659,6655
1,0.05227769538760185,6656
3,0.09434446692466736,6657
3,0.1121131032705307,6658
3,0.1516333520412445,6659
3,0.16285991668701172,6660
3,0.19341641664505005,6661
3,0.20071867108345032,6662
3,0.1367100030183792,6663
3,0.09939531981945038,6664
3,0.13741397857666016,6665
3,0.13692285120487213,6666
1,0.0836850181221962,6667
3,0.12672159075737,6668
3,0.13370713591575623,6669
3,0.17532844841480255,6670
3,0.09829694777727127,6671
3,0.10177548974752426,6672
3,0.16208790242671967,6673
1,0.1082971841096878,6674
3,0.09736139327287674,6675
3,0.13284829258918762,6676
3,0.10823362320661545,6677
3,0.09328487515449524,6678
2,0.09342259913682938,6679
3,0.1155245378613472,6680
3,0.133075550198555,6681
3,0.14504653215408325,6682
3,0.15701304376125336,6683
3,0.19184499979019165,6684
3,0.2021421641111374,6685
3,0.10520637035369873,6686
3,0.09359912574291229,6687
3,0.1111186146736145,6688
3,0.1954079568386078,6689
3,0.12642802298069,6690
3,0.14442366361618042,6691
3,0.15156683325767517,6692
3,0.15780122578144073,6693
3,0.1885826587677002,6694
3,0.10399170219898224,6695
3,0.1320084184408188,6696
3,0.19026410579681396,6697
3,0.09402938932180405,6698
1,0.07072745263576508,6699
1,0.08313620835542679,6700
3,0.11804777383804321,6701
3,0.18770207464694977,6702
3,0.19516007602214813,6703
3,0.14190995693206787,6704
3,0.11240286380052567,6705
3,0.11159350723028183,6706
3,0.14137959480285645,6707
3,0.160658061504364,6708
3,0.10756433755159378,6709
3,0.1467929482460022,6710
3,0.1481950730085373,6711
3,0.19317921996116638,6712
3,0.09271924197673798,6713
3,0.11099962145090103,6714
3,0.12488502264022827,6715
3,0.1391783207654953,6716
3,0.14119073748588562,6717
3,0.13516344130039215,6718
3,0.1700865775346756,6719
3,0.1114923283457756,6720
3,0.15098033845424652,6721
3,0.10153678059577942,6722
3,0.13295723497867584,6723
3,0.14154087007045746,6724
3,0.14470352232456207,6725
3,0.11046231538057327,6726
3,0.11108029633760452,6727
3,0.168131485581398,6728
3,0.1704457551240921,6729
3,0.12321805208921432,6730
3,0.13610704243183136,6731
3,0.1364641934633255,6732
1,0.09753229469060898,6733
3,0.1580948531627655,6734
1,0.07486617565155029,6735
1,0.073570616543293,6736
3,0.14073608815670013,6737
4,0.09320356696844101,6738
3,0.14311586320400238,6739
3,0.14325079321861267,6740
3,0.12239547818899155,6741
3,0.12187386304140091,6742
3,0.1666370928287506,6743
3,0.10793114453554153,6744
3,0.11125154048204422,6745
3,0.10026214271783829,6746
3,0.1925383359193802,6747
3,0.12092223018407822,6748
3,0.13213127851486206,6749
3,0.1424013078212738,6750
3,0.18264137208461761,6751
3,0.13113199174404144,6752
3,0.0998074933886528,6753
3,0.14053775370121002,6754
3,0.14730273187160492,6755
3,0.14510604739189148,6756
1,0.07273846119642258,6757
3,0.12166666239500046,6758
3,0.17826001346111298,6759
3,0.10935423523187637,6760
3,0.12464940547943115,6761
3,0.1350788027048111,6762
3,0.1202123612165451,6763
3,0.11414463818073273,6764
3,0.10627701133489609,6765
3,0.13262063264846802,6766
3,0.10975280404090881,6767
3,0.1264185756444931,6768
1,0.08600445836782455,6769
3,0.17728792130947113,6770
3,0.1322765052318573,6771
3,0.14404666423797607,6772
3,0.10582511872053146,6773
3,0.1334041804075241,6774
3,0.1080622524023056,6775
3,0.1338363140821457,6776
3,0.13403716683387756,6777
3,0.18296855688095093,6778
3,0.11703616380691528,6779
3,0.09716316312551498,6780
3,0.10887274146080017,6781
3,0.13943065702915192,6782
3,0.18282338976860046,6783
3,0.1274999976158142,6784
3,0.10710898041725159,6785
3,0.14060230553150177,6786
3,0.13912898302078247,6787
3,0.1419050246477127,6788
3,0.12056451290845871,6789
1,0.10086483508348465,6790
3,0.13786864280700684,6791
3,0.12894219160079956,6792
3,0.12496482580900192,6793
3,0.09459331631660461,6794
3,0.09802088141441345,6795
3,0.13968530297279358,6796
3,0.14556294679641724,6797
3,0.1271434873342514,6798
3,0.10666380077600479,6799
3,0.10213827341794968,6800
3,0.09708467125892639,6801
1,0.11352550238370895,6802
3,0.13657216727733612,6803
1,0.09461341053247452,6804
3,0.11836706846952438,6805
3,0.1776168793439865,6806
3,0.11579582095146179,6807
3,0.11235587298870087,6808
1,0.12002453953027725,6809
3,0.15992671251296997,6810
1,0.12907853722572327,6811
3,0.1419926881790161,6812
3,0.09156947582960129,6813
3,0.12414282560348511,6814
3,0.12838757038116455,6815
1,0.09529561549425125,6816
3,0.15196602046489716,6817
3,0.12084624916315079,6818
3,0.14353801310062408,6819
3,0.1416676640510559,6820
3,0.114883191883564,6821
3,0.18013764917850494,6822
3,0.10392725467681885,6823
3,0.12017064541578293,6824
3,0.10636933892965317,6825
3,0.09875065833330154,6826
3,0.09835854172706604,6827
3,0.10059208422899246,6828
3,0.10078843683004379,6829
3,0.1749313771724701,6830
3,0.13186228275299072,6831
3,0.18003441393375397,6832
3,0.13157635927200317,6833
3,0.16412445902824402,6834
3,0.17964120209217072,6835
3,0.09348123520612717,6836
3,0.0910971462726593,6837
3,0.1733211874961853,6838
3,0.1352366805076599,6839
3,0.11435993760824203,6840
3,0.0932733416557312,6841
3,0.09561784565448761,6842
3,0.13029968738555908,6843
3,0.12402935326099396,6844
3,0.13013115525245667,6845
3,0.13479623198509216,6846
3,0.12166368961334229,6847
3,0.15824373066425323,6848
3,0.1108715608716011,6849
3,0.11060888320207596,6850
3,0.09883446991443634,6851
3,0.12517625093460083,6852
3,0.11855898797512054,6853
1,0.08939960598945618,6854
3,0.09380917251110077,6855
3,0.09488449990749359,6856
3,0.1232210025191307,6857
3,0.11290965974330902,6858
1,0.08478505164384842,6859
3,0.12555962800979614,6860
3,0.13610154390335083,6861
3,0.13553650677204132,6862
3,0.11920324712991714,6863
3,0.11424386501312256,6864
1,0.10729961842298508,6865
3,0.12063618749380112,6866
3,0.1336091309785843,6867
3,0.1327541172504425,6868
3,0.10908176749944687,6869
3,0.09415724873542786,6870
3,0.10461663454771042,6871
3,0.13995003700256348,6872
3,0.14772164821624756,6873
1,0.08975302428007126,6874
3,0.10438881814479828,6875
3,0.14140518009662628,6876
3,0.12381542474031448,6877
3,0.12048409879207611,6878
3,0.10911893099546432,6879
3,0.12929287552833557,6880
3,0.17383424937725067,6881
1,0.12899091839790344,6882
3,0.1715136617422104,6883
3,0.12567703425884247,6884
3,0.1233203336596489,6885
3,0.12314563989639282,6886
3,0.12068158388137817,6887
3,0.15341365337371826,6888
3,0.13447009027004242,6889
3,0.12533143162727356,6890
3,0.12289503961801529,6891
3,0.09367424994707108,6892
3,0.12615835666656494,6893
3,0.1318092942237854,6894
3,0.13185609877109528,6895
3,0.11885444819927216,6896
3,0.13436298072338104,6897
1,0.14459817111492157,6898
3,0.17130669951438904,6899
3,0.122768335044384,6900
3,0.12234289199113846,6901
3,0.16309987008571625,6902
3,0.12309998273849487,6903
3,0.12198051810264587,6904
3,0.10220857709646225,6905
3,0.12253294140100479,6906
3,0.1337289959192276,6907
3,0.09395986050367355,6908
3,0.09689726680517197,6909
3,0.10259251296520233,6910
3,0.11856534332036972,6911
3,0.17017830908298492,6912
3,0.17428475618362427,6913
3,0.16650620102882385,6914
3,0.12192074954509735,6915
3,0.12059525400400162,6916
3,0.12697170674800873,6917
3,0.16359585523605347,6918
3,0.16711558401584625,6919
3,0.09142795950174332,6920
3,0.09589382261037827,6921
3,0.16761261224746704,6922
3,0.16872401535511017,6923
3,0.14363889396190643,6924
1,0.09000924974679947,6925
3,0.12090092152357101,6926
3,0.15956543385982513,6927
3,0.16777537763118744,6928
3,0.12848779559135437,6929
3,0.1201505959033966,6930
3,0.10682602971792221,6931
3,0.10684534162282944,6932
3,0.12833340466022491,6933
3,0.17100800573825836,6934
3,0.13953956961631775,6935
3,0.16361482441425323,6936
3,0.12481148540973663,6937
3,0.10055036097764969,6938
3,0.09512002766132355,6939
3,0.16578911244869232,6940
3,0.1658942699432373,6941
3,0.10613307356834412,6942
3,0.09985820204019547,6943
3,0.10119686275720596,6944
3,0.09845028817653656,6945
3,0.09998948127031326,6946
3,0.1126716285943985,6947
3,0.1270185112953186,6948
3,0.1273697316646576,6949
3,0.12471148371696472,6950
3,0.11317923665046692,6951
3,0.1234326884150505,6952
3,0.12872609496116638,6953
3,0.09418544173240662,6954
3,0.12239507585763931,6955
3,0.10293549299240112,6956
3,0.11041437089443207,6957
3,0.12921051681041718,6958
3,0.16825418174266815,6959
3,0.10511337965726852,6960
3,0.12089855223894119,6961
1,0.043645892292261124,6962
3,0.11741357296705246,6963
1,0.08926185965538025,6964
3,0.1062200516462326,6965
3,0.1356942504644394,6966
3,0.1168646588921547,6967
3,0.08840377628803253,6968
3,0.134644016623497,6969
3,0.11019198596477509,6970
3,0.10829690098762512,6971
3,0.12099301069974899,6972
3,0.13603097200393677,6973
3,0.0976431667804718,6974
3,0.14507688581943512,6975
3,0.13174641132354736,6976
3,0.16008156538009644,6977
3,0.10170872509479523,6978
1,0.08231566101312637,6979
3,0.09485650062561035,6980
3,0.16361184418201447,6981
3,0.13360710442066193,6982
3,0.12950773537158966,6983
3,0.15787746012210846,6984
3,0.09154798090457916,6985
3,0.09394633769989014,6986
3,0.09788302332162857,6987
3,0.1570744812488556,6988
3,0.15881577134132385,6989
3,0.1086026206612587,6990
3,0.10871968418359756,6991
3,0.12337976694107056,6992
3,0.12460849434137344,6993
3,0.15444323420524597,6994
3,0.08744938671588898,6995
3,0.11636906117200851,6996
3,0.09145238250494003,6997
3,0.1241031289100647,6998
3,0.10749685019254684,6999
3,0.11608396470546722,7000
3,0.09079214185476303,7001
3,0.09591448307037354,7002
3,0.12035345286130905,7003
3,0.12249036878347397,7004
1,0.011711937375366688,7005
3,0.15673291683197021,7006
3,0.13670071959495544,7007
3,0.11993633210659027,7008
3,0.13165591657161713,7009
3,0.15584717690944672,7010
3,0.12920381128787994,7011
3,0.09560669958591461,7012
3,0.11768823117017746,7013
3,0.09436725825071335,7014
3,0.09546295553445816,7015
3,0.11602857708930969,7016
3,0.12495730817317963,7017
3,0.15510253608226776,7018
3,0.09854867309331894,7019
3,0.12265507131814957,7020
3,0.15285730361938477,7021
3,0.08629875630140305,7022
3,0.09573978185653687,7023
3,0.09648992866277695,7024
3,0.11071609705686569,7025
1,0.08974414318799973,7026
3,0.11667808145284653,7027
3,0.16075120866298676,7028
3,0.10927228629589081,7029
3,0.105277881026268,7030
3,0.09925667196512222,7031
1,0.10697358101606369,7032
3,0.15931440889835358,7033
3,0.12829135358333588,7034
4,0.12382596731185913,7035
3,0.11636360734701157,7036
3,0.11977512389421463,7037
3,0.15642711520195007,7038
3,0.1293191909790039,7039
1,0.06534716486930847,7040
3,0.11469869315624237,7041
3,0.1523667871952057,7042
3,0.1027708575129509,7043
3,0.11313529312610626,7044
3,0.11484735459089279,7045
3,0.12573663890361786,7046
3,0.1201971173286438,7047
3,0.12537872791290283,7048
3,0.10153758525848389,7049
3,0.12859706580638885,7050
1,0.06756361573934555,7051
3,0.09335094690322876,7052
3,0.1521015614271164,7053
3,0.11532505601644516,7054
3,0.09463819861412048,7055
3,0.08514649420976639,7056
3,0.1116347461938858,7057
3,0.11263860762119293,7058
3,0.11398711055517197,7059
3,0.1511048823595047,7060
3,0.09021996706724167,7061
3,0.0850200280547142,7062
3,0.11234455555677414,7063
3,0.1508096158504486,7064
3,0.13822808861732483,7065
3,0.1261887401342392,7066
3,0.11229441314935684,7067
3,0.08482236415147781,7068
3,0.14937564730644226,7069
3,0.12676668167114258,7070
3,0.09695791453123093,7071
3,0.09426228702068329,7072
3,0.11179236322641373,7073
3,0.11431920528411865,7074
3,0.13042305409908295,7075
3,0.15049034357070923,7076
3,0.15677793323993683,7077
1,0.0870554968714714,7078
3,0.0920332744717598,7079
3,0.09108196198940277,7080
3,0.09477992355823517,7081
3,0.11120033264160156,7082
3,0.14952778816223145,7083
3,0.15291643142700195,7084
3,0.10956568270921707,7085
3,0.14800651371479034,7086
3,0.12330024689435959,7087
3,0.10875831544399261,7088
3,0.11129523813724518,7089
3,0.11295613646507263,7090
3,0.10953526198863983,7091
3,0.1200929656624794,7092
3,0.12019648402929306,7093
3,0.14745227992534637,7094
3,0.12448306381702423,7095
1,0.10305079072713852,7096
3,0.11245541274547577,7097
3,0.11188160628080368,7098
3,0.13916774094104767,7099
1,0.1057744026184082,7100
3,0.11915503442287445,7101
3,0.12334513664245605,7102
3,0.12553833425045013,7103
3,0.1486949920654297,7104
3,0.09096485376358032,7105
3,0.1544521450996399,7106
3,0.11698777228593826,7107
3,0.12288296967744827,7108
3,0.09950052201747894,7109
3,0.153710275888443,7110
3,0.11344031244516373,7111
3,0.12424720823764801,7112
3,0.11731929332017899,7113
3,0.09925863146781921,7114
3,0.11907327175140381,7115
3,0.11843224614858627,7116
1,0.11070509999990463,7117
3,0.11109314858913422,7118
3,0.11949716508388519,7119
3,0.14337296783924103,7120
3,0.14300622045993805,7121
3,0.12500470876693726,7122
3,0.10850986838340759,7123
3,0.10695622116327286,7124
3,0.14879024028778076,7125
3,0.14357012510299683,7126
3,0.14112630486488342,7127
3,0.10764949768781662,7128
3,0.1485154628753662,7129
3,0.11993903666734695,7130
3,0.108615443110466,7131
3,0.12155656516551971,7132
3,0.12112392485141754,7133
3,0.12011892348527908,7134
3,0.10962951928377151,7135
3,0.1170787513256073,7136
3,0.14175604283809662,7137
3,0.12057293206453323,7138
1,0.09684084355831146,7139
3,0.09442989528179169,7140
3,0.09317370504140854,7141
3,0.10911370813846588,7142
3,0.14682188630104065,7143
3,0.1085134968161583,7144
3,0.15200001001358032,7145
3,0.0841202437877655,7146
3,0.14746250212192535,7147
3,0.14179779589176178,7148
1,0.05854608118534088,7149
3,0.10646084696054459,7150
3,0.1077079251408577,7151
1,0.10714355111122131,7152
3,0.1386004537343979,7153
3,0.11227047443389893,7154
3,0.09098652005195618,7155
3,0.09085744619369507,7156
3,0.09371776133775711,7157
3,0.11619358509778976,7158
3,0.14880061149597168,7159
3,0.14900027215480804,7160
3,0.14817719161510468,7161
3,0.10525151342153549,7162
3,0.1454170197248459,7163
3,0.13970550894737244,7164
3,0.10757250338792801,7165
3,0.11216741800308228,7166
3,0.11499866843223572,7167
3,0.14236944913864136,7168
3,0.14631246030330658,7169
3,0.08864874392747879,7170
3,0.11422477662563324,7171
3,0.11455168575048447,7172
3,0.11749706417322159,7173
3,0.137750506401062,7174
3,0.14197959005832672,7175
3,0.1058327779173851,7176
3,0.14253388345241547,7177
3,0.14143159985542297,7178
3,0.1418905258178711,7179
3,0.1041940227150917,7180
3,0.14117531478405,7181
3,0.1457957923412323,7182
3,0.10677144676446915,7183
3,0.11422040313482285,7184
3,0.1431477963924408,7185
3,0.11313684284687042,7186
3,0.11161074042320251,7187
3,0.1404607892036438,7188
1,0.11534880101680756,7189
3,0.1455010324716568,7190
3,0.11603910475969315,7191
3,0.14079643785953522,7192
3,0.1053638756275177,7193
3,0.1387055367231369,7194
3,0.10444211959838867,7195
3,0.14018653333187103,7196
3,0.10492340475320816,7197
3,0.10486630350351334,7198
3,0.11511798202991486,7199
3,0.12714888155460358,7200
3,0.13713908195495605,7201
3,0.12915754318237305,7202
3,0.11684848368167877,7203
3,0.10479318350553513,7204
3,0.14339160919189453,7205
3,0.10439825803041458,7206
3,0.11462977528572083,7207
3,0.13505177199840546,7208
1,0.09146345406770706,7209
3,0.10982875525951385,7210
3,0.13551533222198486,7211
3,0.13621465861797333,7212
3,0.13528545200824738,7213
3,0.1127529963850975,7214
3,0.12549170851707458,7215
3,0.08010765165090561,7216
1,0.10195226967334747,7217
3,0.10373670607805252,7218
3,0.10199254751205444,7219
3,0.13815423846244812,7220
3,0.10562760382890701,7221
3,0.13600876927375793,7222
3,0.13985566794872284,7223
3,0.10978193581104279,7224
1,0.09683739393949509,7225
1,0.06582306325435638,7226
3,0.13736748695373535,7227
3,0.12538392841815948,7228
3,0.10799490660429001,7229
3,0.13314288854599,7230
3,0.10185359418392181,7231
1,0.07119268923997879,7232
3,0.10801971703767776,7233
1,0.07468224316835403,7234
3,0.10111718624830246,7235
3,0.10785334557294846,7236
3,0.13489294052124023,7237
3,0.1392543911933899,7238
3,0.12950275838375092,7239
3,0.13615575432777405,7240
3,0.1384694129228592,7241
3,0.13048627972602844,7242
3,0.09923505783081055,7243
3,0.10904024541378021,7244
3,0.10050823539495468,7245
1,0.08997689187526703,7246
3,0.10731721669435501,7247
3,0.12913291156291962,7248
3,0.13141192495822906,7249
3,0.1378089040517807,7250
3,0.10819937288761139,7251
3,0.11071227490901947,7252
3,0.10025472193956375,7253
3,0.1285664141178131,7254
3,0.12856757640838623,7255
1,0.08011934161186218,7256
3,0.1287185251712799,7257
3,0.13706420361995697,7258
3,0.13789823651313782,7259
3,0.1287190020084381,7260
3,0.1095818281173706,7261
3,0.10716815292835236,7262
4,0.12923140823841095,7263
3,0.1359717696905136,7264
3,0.09993959218263626,7265
3,0.10326392948627472,7266
3,0.12028798460960388,7267
3,0.13405273854732513,7268
3,0.13256622850894928,7269
3,0.13582776486873627,7270
3,0.13094352185726166,7271
3,0.13304971158504486,7272
3,0.13383139669895172,7273
1,0.08902350813150406,7274
3,0.1350666731595993,7275
3,0.13535888493061066,7276
1,0.08939949423074722,7277
3,0.09995952248573303,7278
3,0.10833748430013657,7279
3,0.1074368804693222,7280
3,0.08884444087743759,7281
3,0.10171044617891312,7282
3,0.12935678660869598,7283
3,0.1347094029188156,7284
3,0.1339447796344757,7285
3,0.09010689705610275,7286
3,0.09975622594356537,7287
3,0.10804086178541183,7288
3,0.11949945986270905,7289
3,0.12736564874649048,7290
3,0.12843506038188934,7291
3,0.13276958465576172,7292
3,0.13293442130088806,7293
3,0.09962014853954315,7294
3,0.10195711255073547,7295
1,0.1066015362739563,7296
3,0.13415034115314484,7297
3,0.1325371116399765,7298
3,0.10623721033334732,7299
3,0.13430377840995789,7300
3,0.1334764063358307,7301
3,0.09925079345703125,7302
3,0.1061806008219719,7303
3,0.10287731140851974,7304
3,0.09942904114723206,7305
3,0.10322822630405426,7306
3,0.13290242850780487,7307
3,0.09663520008325577,7308
3,0.09900756180286407,7309
3,0.10677171498537064,7310
3,0.09688626229763031,7311
3,0.09886937588453293,7312
3,0.12302609533071518,7313
3,0.11434227973222733,7314
3,0.10936351120471954,7315
3,0.09864544123411179,7316
3,0.10408838838338852,7317
3,0.12801618874073029,7318
4,0.09658785164356232,7319
1,0.09657151252031326,7320
3,0.094021737575531,7321
3,0.09861089289188385,7322
3,0.10396591573953629,7323
3,0.12962158024311066,7324
1,0.09639619290828705,7325
3,0.13045088946819305,7326
3,0.13059796392917633,7327
3,0.09986313432455063,7328
3,0.0949980840086937,7329
3,0.1015467494726181,7330
3,0.0963713675737381,7331
3,0.10549453645944595,7332
1,0.08358938246965408,7333
1,0.06046344339847565,7334
3,0.11542589217424393,7335
1,0.04680575430393219,7336
3,0.10196793079376221,7337
3,0.12635843455791473,7338
3,0.09633655101060867,7339
3,0.09465811401605606,7340
3,0.1260823905467987,7341
3,0.12833139300346375,7342
3,0.08678583800792694,7343
3,0.09303013980388641,7344
3,0.092806875705719,7345
3,0.12425277382135391,7346
1,0.07417601346969604,7347
3,0.09899735450744629,7348
3,0.10113031417131424,7349
3,0.12672770023345947,7350
3,0.09848907589912415,7351
3,0.09346675127744675,7352
3,0.12528876960277557,7353
3,0.12162019312381744,7354
3,0.0998387560248375,7355
3,0.09217666834592819,7356
2,0.09199894964694977,7357
3,0.12751923501491547,7358
3,0.12713341414928436,7359
3,0.09164618700742722,7360
3,0.09282901883125305,7361
3,0.12301916629076004,7362
3,0.09357587993144989,7363
1,0.04155459254980087,7364
3,0.09775098413228989,7365
3,0.0975414365530014,7366
3,0.11517167091369629,7367
3,0.12364514917135239,7368
3,0.10820668190717697,7369
3,0.08727239072322845,7370
3,0.12612420320510864,7371
3,0.10423165559768677,7372
3,0.09011661261320114,7373
3,0.08784479647874832,7374
3,0.09073764085769653,7375
3,0.10161620378494263,7376
3,0.11965547502040863,7377
3,0.12340408563613892,7378
3,0.11153555661439896,7379
3,0.10972300171852112,7380
3,0.0904722809791565,7381
3,0.11083328723907471,7382
3,0.09744913876056671,7383
3,0.09590677171945572,7384
3,0.09028786420822144,7385
3,0.12543708086013794,7386
3,0.11101488769054413,7387
3,0.10112012177705765,7388
3,0.12232210487127304,7389
3,0.10555002838373184,7390
3,0.09501416236162186,7391
3,0.09080040454864502,7392
3,0.10270016640424728,7393
3,0.11310957372188568,7394
3,0.09483619034290314,7395
3,0.09149055182933807,7396
3,0.12480103224515915,7397
3,0.08968817442655563,7398
3,0.12296845763921738,7399
3,0.12279169261455536,7400
3,0.09690649807453156,7401
3,0.0973525270819664,7402
3,0.12337975203990936,7403
3,0.1258583515882492,7404
3,0.09660743176937103,7405
3,0.11837341636419296,7406
3,0.12487736344337463,7407
3,0.12069982290267944,7408
3,0.09173893183469772,7409
3,0.12050366401672363,7410
3,0.12291091680526733,7411
3,0.12424426525831223,7412
3,0.12266779690980911,7413
3,0.12344105541706085,7414
3,0.1223243996500969,7415
3,0.12450268119573593,7416
3,0.12346088141202927,7417
3,0.09301017224788666,7418
3,0.11954352259635925,7419
3,0.12465602904558182,7420
3,0.113787442445755,7421
3,0.10397980362176895,7422
3,0.10376553237438202,7423
3,0.11965678632259369,7424
3,0.09974905103445053,7425
3,0.12295570969581604,7426
3,0.12198108434677124,7427
3,0.09565307945013046,7428
3,0.11412858217954636,7429
3,0.10278547555208206,7430
3,0.09991304576396942,7431
3,0.10958482325077057,7432
3,0.12350504845380783,7433
3,0.0937488004565239,7434
3,0.12326089292764664,7435
3,0.1228637769818306,7436
3,0.1166335791349411,7437
3,0.11645296216011047,7438
3,0.10384795069694519,7439
3,0.12130220234394073,7440
3,0.09851651638746262,7441
3,0.12230851501226425,7442
3,0.10788338631391525,7443
3,0.0998617485165596,7444
3,0.12217798084020615,7445
3,0.09323464334011078,7446
3,0.09972532838582993,7447
3,0.11846022307872772,7448
3,0.11726780235767365,7449
3,0.10735566914081573,7450
3,0.09074714779853821,7451
3,0.09430326521396637,7452
3,0.12108459323644638,7453
3,0.11799278110265732,7454
3,0.1186959445476532,7455
3,0.10019010305404663,7456
1,0.07673108577728271,7457
3,0.121244415640831,7458
3,0.10233454406261444,7459
3,0.09473897516727448,7460
3,0.09497576206922531,7461
3,0.09227828681468964,7462
3,0.0921824723482132,7463
3,0.09547706693410873,7464
3,0.10298770666122437,7465
3,0.09358219057321548,7466
3,0.11932158470153809,7467
3,0.1141638457775116,7468
3,0.12101470679044724,7469
3,0.0942518338561058,7470
3,0.08384321630001068,7471
3,0.0901796743273735,7472
3,0.09212253987789154,7473
3,0.09476412087678909,7474
3,0.12011516839265823,7475
3,0.12102588266134262,7476
3,0.09322863072156906,7477
3,0.12169308215379715,7478
3,0.09598347544670105,7479
3,0.09248032420873642,7480
3,0.09292878210544586,7481
3,0.11970611661672592,7482
3,0.09750460833311081,7483
3,0.0965319350361824,7484
1,0.08342770487070084,7485
3,0.10727368295192719,7486
3,0.12030453234910965,7487
3,0.10579509288072586,7488
3,0.12024249136447906,7489
3,0.09524943679571152,7490
3,0.11891568452119827,7491
3,0.10555440932512283,7492
3,0.11645405739545822,7493
3,0.1062910333275795,7494
3,0.11679083108901978,7495
3,0.11789442598819733,7496
3,0.11659400165081024,7497
3,0.11838671565055847,7498
3,0.11519946157932281,7499
3,0.11552601307630539,7500
3,0.09610041230916977,7501
3,0.09743037819862366,7502
3,0.10589573532342911,7503
3,0.08858595043420792,7504
3,0.09311608970165253,7505
3,0.11416540294885635,7506
3,0.09582597017288208,7507
3,0.08689133822917938,7508
3,0.09121017158031464,7509
3,0.11616606265306473,7510
3,0.11626358330249786,7511
3,0.1093510314822197,7512
3,0.09569112956523895,7513
3,0.11601146310567856,7514
3,0.11539856344461441,7515
3,0.11517435312271118,7516
3,0.1080496683716774,7517
3,0.08977622538805008,7518
3,0.11743183434009552,7519
3,0.11789262294769287,7520
3,0.07783722132444382,7521
3,0.09041668474674225,7522
3,0.09137234091758728,7523
3,0.11637934297323227,7524
3,0.11239342391490936,7525
3,0.1073450893163681,7526
3,0.09439634531736374,7527
2,0.07825561612844467,7528
3,0.06388384103775024,7529
3,0.11197768151760101,7530
2,0.06041145324707031,7531
3,0.10433997958898544,7532
3,0.11503759771585464,7533
3,0.09498370438814163,7534
4,0.0948059931397438,7535
3,0.08135180920362473,7536
1,0.08050480484962463,7537
3,0.058651454746723175,7538
3,0.090803362429142,7539
3,0.10692762583494186,7540
3,0.0941438153386116,7541
3,0.07981029152870178,7542
3,0.08554092049598694,7543
3,0.11316253244876862,7544
3,0.09403838962316513,7545
3,0.09044737368822098,7546
3,0.10305243730545044,7547
1,0.10435305535793304,7548
3,0.09387166798114777,7549
3,0.09028694778680801,7550
3,0.11307964473962784,7551
3,0.1172420009970665,7552
3,0.11139015108346939,7553
3,0.09485910087823868,7554
3,0.11160773783922195,7555
3,0.11645111441612244,7556
3,0.11691415309906006,7557
1,0.08816906064748764,7558
3,0.11563596874475479,7559
3,0.11665571480989456,7560
3,0.11244681477546692,7561
3,0.11123728007078171,7562
3,0.11353468149900436,7563
3,0.11612167209386826,7564
3,0.11644724756479263,7565
3,0.1093834713101387,7566
3,0.10419195145368576,7567
3,0.10093182325363159,7568
3,0.10170808434486389,7569
3,0.11428330093622208,7570
3,0.11128797382116318,7571
3,0.09042411297559738,7572
3,0.09611698240041733,7573
3,0.11526719480752945,7574
3,0.11522769927978516,7575
3,0.08886877447366714,7576
3,0.11457128822803497,7577
3,0.09638431668281555,7578
3,0.10205946862697601,7579
3,0.11274439841508865,7580
3,0.1085391491651535,7581
1,0.008838252164423466,7582
3,0.11567699909210205,7583
3,0.09055670350790024,7584
3,0.1155468001961708,7585
3,0.09387189894914627,7586
3,0.1121239960193634,7587
3,0.11534377932548523,7588
3,0.1084466502070427,7589
3,0.09011641144752502,7590
3,0.11330156028270721,7591
3,0.1093628779053688,7592
3,0.1082959994673729,7593
3,0.11309906095266342,7594
3,0.09216654300689697,7595
3,0.0915539413690567,7596
3,0.11343460530042648,7597
3,0.09140481799840927,7598
3,0.09876962006092072,7599
3,0.11476448178291321,7600
3,0.10368207097053528,7601
3,0.11422964930534363,7602
3,0.10781872272491455,7603
3,0.09725066274404526,7604
3,0.08682666718959808,7605
3,0.0867316797375679,7606
3,0.10100741684436798,7607
3,0.10149193555116653,7608
3,0.10815275460481644,7609
3,0.0977780744433403,7610
3,0.11373985558748245,7611
3,0.08967906981706619,7612
3,0.09739108383655548,7613
3,0.10772242397069931,7614
3,0.11239930242300034,7615
3,0.09636503458023071,7616
3,0.11309735476970673,7617
3,0.10604759305715561,7618
3,0.10467974841594696,7619
3,0.09356578439474106,7620
3,0.09110495448112488,7621
3,0.10811720043420792,7622
3,0.10941226780414581,7623
3,0.10747342556715012,7624
3,0.10674785077571869,7625
3,0.10305261611938477,7626
3,0.08186221122741699,7627
3,0.09224522113800049,7628
3,0.10819678008556366,7629
1,0.054205577820539474,7630
3,0.08174178004264832,7631
3,0.10535850375890732,7632
3,0.10035135596990585,7633
1,0.08152223378419876,7634
3,0.09537503123283386,7635
3,0.11181293427944183,7636
3,0.11208376288414001,7637
3,0.0938972532749176,7638
3,0.11197270452976227,7639
3,0.10929660499095917,7640
3,0.09162462502717972,7641
3,0.08826618641614914,7642
3,0.11081637442111969,7643
3,0.11070109903812408,7644
3,0.10663066804409027,7645
3,0.09986347705125809,7646
3,0.09044844657182693,7647
3,0.11160434782505035,7648
3,0.10727757960557938,7649
3,0.10901150852441788,7650
3,0.08778271079063416,7651
3,0.10823612660169601,7652
3,0.08845625072717667,7653
3,0.09596650302410126,7654
3,0.10951913893222809,7655
3,0.09773720800876617,7656
1,0.038452714681625366,7657
3,0.08825141936540604,7658
3,0.1109880581498146,7659
3,0.10560064017772675,7660
3,0.10838001221418381,7661
3,0.0912448987364769,7662
3,0.1073477566242218,7663
3,0.10950496792793274,7664
3,0.10904622822999954,7665
3,0.11048313975334167,7666
3,0.10733766108751297,7667
3,0.09712937474250793,7668
3,0.11031597852706909,7669
3,0.10902291536331177,7670
3,0.11053457856178284,7671
3,0.10685557126998901,7672
3,0.10708052664995193,7673
3,0.08617077767848969,7674
3,0.10673118382692337,7675
3,0.10269655287265778,7676
3,0.09802606701850891,7677
3,0.08639226853847504,7678
3,0.11021853238344193,7679
3,0.10983321815729141,7680
3,0.1023610457777977,7681
3,0.10023163259029388,7682
3,0.1080792024731636,7683
3,0.10801495611667633,7684
3,0.09656254947185516,7685
3,0.09668582677841187,7686
3,0.09980684518814087,7687
3,0.10767979174852371,7688
3,0.10402364283800125,7689
3,0.08931892365217209,7690
3,0.09203790128231049,7691
3,0.10901083797216415,7692
3,0.10939079523086548,7693
3,0.09622679650783539,7694
3,0.10921897739171982,7695
3,0.10705125331878662,7696
3,0.10908859968185425,7697
3,0.10096680372953415,7698
3,0.10866139829158783,7699
3,0.10532786697149277,7700
3,0.10858035087585449,7701
3,0.08886449784040451,7702
3,0.10262354463338852,7703
3,0.08402451872825623,7704
3,0.10368740558624268,7705
3,0.10822000354528427,7706
3,0.10737591236829758,7707
3,0.09589503705501556,7708
3,0.09118401259183884,7709
1,0.09104867279529572,7710
3,0.10100802034139633,7711
3,0.10755988955497742,7712
3,0.10124257206916809,7713
3,0.09150028228759766,7714
3,0.10008466243743896,7715
3,0.10742779076099396,7716
3,0.1070622131228447,7717
3,0.10788790881633759,7718
3,0.086512491106987,7719
3,0.1077345758676529,7720
3,0.0962836816906929,7721
3,0.0986066684126854,7722
3,0.09913966059684753,7723
3,0.09537564218044281,7724
3,0.09980075806379318,7725
3,0.08366251736879349,7726
1,0.08505946397781372,7727
3,0.1003192663192749,7728
3,0.10371257364749908,7729
3,0.10633806139230728,7730
3,0.10078301280736923,7731
3,0.09415742754936218,7732
3,0.09197299182415009,7733
3,0.10203484445810318,7734
3,0.10701959580183029,7735
3,0.10364913195371628,7736
3,0.08321002870798111,7737
3,0.08283162117004395,7738
3,0.10600227862596512,7739
3,0.10651156306266785,7740
3,0.09480422735214233,7741
3,0.08494722098112106,7742
1,0.08000745624303818,7743
3,0.10656680166721344,7744
3,0.0834752693772316,7745
3,0.10643171519041061,7746
3,0.1024998351931572,7747
3,0.09460128098726273,7748
3,0.10541632771492004,7749
3,0.10074850171804428,7750
3,0.1066775694489479,7751
3,0.0864463672041893,7752
2,0.10611375421285629,7753
3,0.08733884990215302,7754
3,0.10082051157951355,7755
3,0.10640976577997208,7756
3,0.1053171381354332,7757
3,0.08805542439222336,7758
4,0.10641168057918549,7759
3,0.10557637363672256,7760
3,0.09737221151590347,7761
3,0.09073106944561005,7762
3,0.10231748968362808,7763
3,0.10566537082195282,7764
3,0.09590370208024979,7765
3,0.09625355899333954,7766
3,0.09571152180433273,7767
3,0.09347929805517197,7768
3,0.10334379971027374,7769
3,0.10548802465200424,7770
3,0.1052020862698555,7771
1,0.07213638722896576,7772
1,0.047817379236221313,7773
3,0.1045791283249855,7774
3,0.09851830452680588,7775
3,0.10530591011047363,7776
3,0.10240763425827026,7777
3,0.08695782721042633,7778
3,0.10535980015993118,7779
3,0.09924503415822983,7780
3,0.07269614934921265,7781
3,0.10331481695175171,7782
3,0.08213263750076294,7783
3,0.10145683586597443,7784
3,0.10425441712141037,7785
3,0.08619273453950882,7786
3,0.079827219247818,7787
3,0.0817529633641243,7788
3,0.09247253835201263,7789
3,0.10413151234388351,7790
3,0.10293000936508179,7791
3,0.10357403755187988,7792
3,0.08179564028978348,7793
2,0.07339353114366531,7794
3,0.09979991614818573,7795
3,0.09970651566982269,7796
3,0.1055455356836319,7797
3,0.10295286029577255,7798
3,0.09269391745328903,7799
3,0.10371775925159454,7800
3,0.0984223335981369,7801
3,0.10257452726364136,7802
3,0.10132740437984467,7803
3,0.09677153825759888,7804
3,0.07416766881942749,7805
3,0.10306112468242645,7806
3,0.092131108045578,7807
3,0.08090702444314957,7808
3,0.10235307365655899,7809
3,0.07690902054309845,7810
3,0.08359567075967789,7811
3,0.09811533242464066,7812
3,0.07674141228199005,7813
3,0.09897947311401367,7814
3,0.099497489631176,7815
3,0.09753382205963135,7816
3,0.10280944406986237,7817
3,0.10048306733369827,7818
3,0.10181194543838501,7819
3,0.10128255933523178,7820
3,0.08907138556241989,7821
3,0.10012207925319672,7822
3,0.10114888846874237,7823
3,0.10397887229919434,7824
3,0.1000615805387497,7825
3,0.10010377317667007,7826
3,0.07510581612586975,7827
3,0.1009657084941864,7828
3,0.09861782938241959,7829
3,0.10217180848121643,7830
1,0.043033674359321594,7831
3,0.09670209884643555,7832
3,0.10233788937330246,7833
3,0.08630818128585815,7834
3,0.10121146589517593,7835
3,0.08135052025318146,7836
3,0.10017715394496918,7837
3,0.09603100270032883,7838
3,0.1011948436498642,7839
3,0.07551276683807373,7840
3,0.0903039202094078,7841
3,0.08757340908050537,7842
3,0.10067585855722427,7843
3,0.09771648049354553,7844
3,0.10169726610183716,7845
3,0.09756044298410416,7846
3,0.10238081216812134,7847
3,0.07271984964609146,7848
3,0.09700533002614975,7849
3,0.07878686487674713,7850
3,0.10092643648386002,7851
3,0.10083384811878204,7852
3,0.10207317769527435,7853
3,0.07867796719074249,7854
3,0.08627701550722122,7855
3,0.09963764250278473,7856
3,0.07849391549825668,7857
3,0.07627399265766144,7858
3,0.07172903418540955,7859
3,0.08589887619018555,7860
3,0.07588797062635422,7861
3,0.09539543092250824,7862
3,0.08734140545129776,7863
3,0.08917144685983658,7864
1,0.06118364632129669,7865
3,0.09752915054559708,7866
3,0.0975048840045929,7867
3,0.07626305520534515,7868
1,0.06527639925479889,7869
3,0.09321518987417221,7870
2,0.09776680916547775,7871
3,0.0851249098777771,7872
3,0.07687630504369736,7873
3,0.08822690695524216,7874
3,0.09800445288419724,7875
3,0.08868435770273209,7876
3,0.08512169122695923,7877
3,0.09940054267644882,7878
3,0.0972091481089592,7879
3,0.09614048153162003,7880
3,0.0872754231095314,7881
3,0.0880262479186058,7882
3,0.09824765473604202,7883
3,0.09353231638669968,7884
3,0.08368175476789474,7885
3,0.0903075635433197,7886
3,0.07833491265773773,7887
3,0.09083685278892517,7888
3,0.0969596654176712,7889
3,0.09698598831892014,7890
3,0.08860477060079575,7891
2,0.08770880103111267,7892
4,0.08780660480260849,7893
3,0.08578797429800034,7894
3,0.07968518137931824,7895
3,0.07958409190177917,7896
3,0.08305122703313828,7897
3,0.0773802325129509,7898
3,0.07659890502691269,7899
3,0.08998483419418335,7900
3,0.09448685497045517,7901
3,0.07499492168426514,7902
3,0.08570881187915802,7903
3,0.09945860505104065,7904
3,0.09380365163087845,7905
3,0.08386243879795074,7906
3,0.08915599435567856,7907
3,0.09237629920244217,7908
3,0.08298268169164658,7909
3,0.08211138844490051,7910
3,0.0870695561170578,7911
1,0.037698663771152496,7912
3,0.0887630358338356,7913
3,0.09669116884469986,7914
3,0.08464135974645615,7915
3,0.08508828282356262,7916
3,0.09307198971509933,7917
3,0.09254144877195358,7918
3,0.09647614508867264,7919
3,0.0832027867436409,7920
3,0.08658468723297119,7921
3,0.07903244346380234,7922
3,0.09380021691322327,7923
3,0.09618306159973145,7924
3,0.0854574665427208,7925
3,0.09618009626865387,7926
3,0.0963800773024559,7927
3,0.09863422065973282,7928
3,0.0915745422244072,7929
3,0.09814836084842682,7930
3,0.09564129263162613,7931
3,0.09708990901708603,7932
3,0.0937516912817955,7933
3,0.09424057602882385,7934
3,0.09364376962184906,7935
3,0.09669908881187439,7936
3,0.07205791026353836,7937
3,0.09396332502365112,7938
3,0.09674040228128433,7939
3,0.08928152173757553,7940
3,0.09491903334856033,7941
3,0.0826835110783577,7942
3,0.08087160438299179,7943
3,0.08133586496114731,7944
3,0.08632976561784744,7945
4,0.08162602037191391,7946
3,0.09284183382987976,7947
3,0.08509009331464767,7948
3,0.08413656800985336,7949
3,0.08377323299646378,7950
3,0.08021160215139389,7951
3,0.07958124577999115,7952
3,0.09307203441858292,7953
3,0.08587442338466644,7954
3,0.0855603888630867,7955
1,0.07184237986803055,7956
3,0.09505407512187958,7957
3,0.093758724629879,7958
3,0.09294841438531876,7959
3,0.08594535291194916,7960
3,0.08361957967281342,7961
1,0.08079292625188828,7962
1,0.0,7963
3,0.094354048371315,7964
3,0.09075736254453659,7965
3,0.09002310782670975,7966
3,0.0754055455327034,7967
3,0.089168019592762,7968
3,0.08653798699378967,7969
3,0.07473327219486237,7970
3,0.09575515985488892,7971
3,0.08858932554721832,7972
3,0.07794912904500961,7973
3,0.0850691869854927,7974
3,0.09311125427484512,7975
3,0.07307600229978561,7976
3,0.09323690086603165,7977
3,0.09228277951478958,7978
3,0.0,7979
3,0.09062053263187408,7980
3,0.0930527001619339,7981
3,0.07725904881954193,7982
3,0.09008017182350159,7983
3,0.09140881150960922,7984
3,0.08918564021587372,7985
3,0.09269722551107407,7986
3,0.08969385176897049,7987
1,0.0,7988
3,0.09472368657588959,7989
3,0.09305068105459213,7990
3,0.08568118512630463,7991
3,0.07023517042398453,7992
3,0.08221898972988129,7993
3,0.08941162377595901,7994
3,0.092293880879879,7995
3,0.09422008693218231,7996
3,0.09070571511983871,7997
3,0.09259858727455139,7998
1,0.05927891656756401,7999
3,0.08158288151025772,8000
3,0.09249785542488098,8001
3,0.08325017243623734,8002
3,0.09219850599765778,8003
3,0.08309625834226608,8004
3,0.08221756666898727,8005
3,0.07563991844654083,8006
3,0.0878349095582962,8007
3,0.09321224689483643,8008
3,0.08984266221523285,8009
3,0.07651425898075104,8010
3,0.09193072468042374,8011
3,0.09246305376291275,8012
3,0.09099319577217102,8013
3,0.09108380228281021,8014
1,0.059120163321495056,8015
3,0.09307562559843063,8016
3,0.09086788445711136,8017
3,0.09110208600759506,8018
3,0.08915799856185913,8019
3,0.08825931698083878,8020
3,0.09288235008716583,8021
3,0.07476945966482162,8022
3,0.09272228181362152,8023
3,0.09380753338336945,8024
3,0.09370366483926773,8025
1,0.0666922852396965,8026
3,0.08086458593606949,8027
3,0.08009927719831467,8028
3,0.09191037714481354,8029
3,0.09198454022407532,8030
3,0.09164532274007797,8031
3,0.0914616510272026,8032
1,0.07954484969377518,8033
3,0.08952175825834274,8034
3,0.08024321496486664,8035
3,0.08728474378585815,8036
3,0.07730858772993088,8037
3,0.07681933790445328,8038
3,0.0895184576511383,8039
3,0.09086062759160995,8040
3,0.09028825163841248,8041
3,0.09377819299697876,8042
3,0.09370611608028412,8043
3,0.0915270671248436,8044
3,0.09360437095165253,8045
3,0.08356918394565582,8046
3,0.08930950611829758,8047
3,0.08324649184942245,8048
3,0.07599525153636932,8049
3,0.07928131520748138,8050
3,0.07585668563842773,8051
3,0.086822509765625,8052
1,0.07138106226921082,8053
3,0.07176199555397034,8054
3,0.08970858156681061,8055
3,0.08765525370836258,8056
3,0.09251373261213303,8057
3,0.08557375520467758,8058
3,0.08085642755031586,8059
3,0.09194847196340561,8060
1,0.08387580513954163,8061
3,0.09010491520166397,8062
3,0.09040975570678711,8063
1,0.06970427930355072,8064
3,0.08595169335603714,8065
3,0.0791870653629303,8066
3,0.08738255500793457,8067
3,0.08908028900623322,8068
3,0.08935441076755524,8069
3,0.09014198184013367,8070
3,0.09114706516265869,8071
3,0.09112721681594849,8072
3,0.07805124670267105,8073
1,0.05248086154460907,8074
3,0.0898314043879509,8075
3,0.0798693597316742,8076
3,0.07855283468961716,8077
1,0.07399801164865494,8078
3,0.0817556381225586,8079
3,0.08943527936935425,8080
3,0.08655848354101181,8081
3,0.09075130522251129,8082
3,0.08873600512742996,8083
3,0.07842212170362473,8084
1,0.055877335369586945,8085
3,0.08690717816352844,8086
3,0.08985935151576996,8087
3,0.08703857660293579,8088
3,0.0777149647474289,8089
3,0.08591382205486298,8090
3,0.08537337929010391,8091
1,0.07944143563508987,8092
1,0.08540444821119308,8093
3,0.08880725502967834,8094
3,0.07913714647293091,8095
3,0.08908005058765411,8096
3,0.06808453798294067,8097
3,0.08864430338144302,8098
3,0.08069993555545807,8099
3,0.08806552737951279,8100
3,0.0881170704960823,8101
3,0.08634890615940094,8102
3,0.08624441921710968,8103
3,0.08365587145090103,8104
3,0.08233416080474854,8105
3,0.08527728915214539,8106
3,0.07791958749294281,8107
3,0.08520171791315079,8108
3,0.08660048991441727,8109
3,0.08737145364284515,8110
3,0.08545267581939697,8111
3,0.07018395513296127,8112
3,0.0825381949543953,8113
1,0.06117601692676544,8114
3,0.0858650729060173,8115
1,0.06727784126996994,8116
3,0.08590040355920792,8117
3,0.08776849508285522,8118
3,0.08594293147325516,8119
3,0.08474704623222351,8120
3,0.08220432698726654,8121
3,0.06788422912359238,8122
3,0.07633740454912186,8123
3,0.08570454269647598,8124
3,0.08381090313196182,8125
3,0.08503571152687073,8126
3,0.08550424128770828,8127
3,0.08572617173194885,8128
3,0.08712170273065567,8129
3,0.0755997747182846,8130
3,0.08700786530971527,8131
3,0.07524403929710388,8132
3,0.08465342968702316,8133
3,0.086753249168396,8134
1,0.06536164879798889,8135
3,0.07705473899841309,8136
3,0.07690970599651337,8137
3,0.07544287294149399,8138
3,0.07480230182409286,8139
3,0.07716244459152222,8140
3,0.08574613183736801,8141
3,0.08134077489376068,8142
3,0.08368948847055435,8143
3,0.0842103436589241,8144
3,0.08293327689170837,8145
3,0.08329740166664124,8146
3,0.08606712520122528,8147
3,0.08597646653652191,8148
3,0.08460728824138641,8149
3,0.08386790007352829,8150
3,0.06840071827173233,8151
3,0.07875440269708633,8152
3,0.07477015256881714,8153
1,0.08169618248939514,8154
3,0.08210179209709167,8155
3,0.07438705861568451,8156
3,0.08198815584182739,8157
3,0.08550204336643219,8158
3,0.0742356926202774,8159
3,0.07959603518247604,8160
3,0.07577938586473465,8161
3,0.08279003202915192,8162
3,0.08218865841627121,8163
3,0.06787439435720444,8164
3,0.07508663088083267,8165
1,0.06617393344640732,8166
3,0.0803290605545044,8167
3,0.07953507453203201,8168
3,0.08308053016662598,8169
3,0.06754541397094727,8170
3,0.08158904314041138,8171
3,0.08146881312131882,8172
3,0.07370942085981369,8173
3,0.08102567493915558,8174
3,0.07365754246711731,8175
3,0.08172551542520523,8176
3,0.08112712949514389,8177
3,0.0823264941573143,8178
2,0.07353218644857407,8179
3,0.08371260017156601,8180
4,0.08132356405258179,8181
3,0.08149004727602005,8182
3,0.07347606122493744,8183
3,0.08251799643039703,8184
3,0.07671191543340683,8185
3,0.08043914288282394,8186
1,0.07507796585559845,8187
3,0.08209674060344696,8188
3,0.08116565644741058,8189
3,0.08156844973564148,8190
3,0.08069423586130142,8191
1,0.048960912972688675,8192
3,0.07950883358716965,8193
3,0.08153651654720306,8194
3,0.08204875886440277,8195
3,0.08347035199403763,8196
3,0.07510976493358612,8197
3,0.08238610625267029,8198
1,0.053563375025987625,8199
1,0.07790713757276535,8200
3,0.07751404494047165,8201
3,0.07955814898014069,8202
3,0.07428690791130066,8203
3,0.08017145097255707,8204
2,0.08126091957092285,8205
3,0.08210878819227219,8206
4,0.08119497448205948,8207
3,0.06923320144414902,8208
1,0.06955581158399582,8209
3,0.0797184482216835,8210
3,0.07996725291013718,8211
3,0.08126165717840195,8212
3,0.08247913420200348,8213
3,0.06877872347831726,8214
2,0.06911180913448334,8215
3,0.07842640578746796,8216
3,0.0802529975771904,8217
3,0.07972493022680283,8218
3,0.08045393973588943,8219
3,0.08184576034545898,8220
3,0.07985325902700424,8221
3,0.07957959175109863,8222
3,0.07951990514993668,8223
3,0.08185724169015884,8224
3,0.08284410089254379,8225
3,0.08209811896085739,8226
1,0.06549853831529617,8227
3,0.08100000768899918,8228
3,0.07954715192317963,8229
3,0.08004757761955261,8230
3,0.08169770985841751,8231
1,0.0702296569943428,8232
1,0.042457789182662964,8233
1,0.0816349908709526,8234
3,0.07772508263587952,8235
3,0.07884078472852707,8236
3,0.07917676866054535,8237
3,0.08192145824432373,8238
3,0.07929971069097519,8239
3,0.07899508625268936,8240
3,0.07918725907802582,8241
3,0.07910621911287308,8242
3,0.07740703225135803,8243
3,0.07151190936565399,8244
3,0.07128624618053436,8245
3,0.06886786967515945,8246
3,0.0811566561460495,8247
3,0.07827823609113693,8248
1,0.06682734936475754,8249
3,0.07132478058338165,8250
3,0.07827503234148026,8251
1,0.0674259290099144,8252
1,0.07661984860897064,8253
3,0.0789414495229721,8254
3,0.06853791326284409,8255
3,0.08136669546365738,8256
3,0.07972992211580276,8257
3,0.0775749683380127,8258
3,0.07978624850511551,8259
3,0.07721840590238571,8260
3,0.07747837901115417,8261
3,0.07733479142189026,8262
3,0.08099810779094696,8263
3,0.07786788046360016,8264
3,0.07626558840274811,8265
3,0.0764867514371872,8266
3,0.07777997106313705,8267
1,0.0647190660238266,8268
3,0.08037880808115005,8269
3,0.0770701989531517,8270
3,0.07853075116872787,8271
3,0.07774793356657028,8272
3,0.07741390913724899,8273
3,0.07496029138565063,8274
1,0.047525905072689056,8275
3,0.0769948810338974,8276
3,0.07121749967336655,8277
3,0.07796498388051987,8278
3,0.07619056850671768,8279
3,0.07615717500448227,8280
3,0.07538429647684097,8281
1,0.061287473887205124,8282
3,0.07589616626501083,8283
3,0.0751056969165802,8284
3,0.07316921651363373,8285
3,0.072145976126194,8286
3,0.07751039415597916,8287
3,0.07335134595632553,8288
3,0.07568172365427017,8289
3,0.07463019341230392,8290
3,0.07512784749269485,8291
3,0.07480322569608688,8292
3,0.07837686687707901,8293
3,0.07517007738351822,8294
3,0.07576166093349457,8295
1,0.04693196713924408,8296
3,0.07703205943107605,8297
3,0.07449766993522644,8298
1,0.05489393696188927,8299
3,0.07319046556949615,8300
1,0.06926316767930984,8301
3,0.07361974567174911,8302
3,0.0732077956199646,8303
3,0.07396630197763443,8304
3,0.07441326230764389,8305
3,0.06779541820287704,8306
2,0.06807543337345123,8307
1,0.07295051217079163,8308
3,0.07574837654829025,8309
3,0.07156092673540115,8310
3,0.06840664893388748,8311
3,0.07527713477611542,8312
3,0.07591423392295837,8313
3,0.07170440256595612,8314
3,0.0767413005232811,8315
3,0.07156243175268173,8316
3,0.0715375542640686,8317
1,0.06406969577074051,8318
3,0.07543857395648956,8319
3,0.07356760650873184,8320
3,0.07261002063751221,8321
3,0.06608045846223831,8322
3,0.07588649541139603,8323
3,0.07306363433599472,8324
3,0.07074175029993057,8325
3,0.06441212445497513,8326
1,0.0631493553519249,8327
3,0.07431090623140335,8328
3,0.07316634804010391,8329
3,0.07249900698661804,8330
3,0.07243401557207108,8331
3,0.06534784287214279,8332
3,0.07525315135717392,8333
3,0.0750502273440361,8334
3,0.06696680933237076,8335
3,0.07574163377285004,8336
3,0.07298237830400467,8337
3,0.07279036939144135,8338
3,0.0722825825214386,8339
3,0.07033491879701614,8340
3,0.07205833494663239,8341
3,0.07428118586540222,8342
1,0.07420184463262558,8343
3,0.07464173436164856,8344
3,0.07145126909017563,8345
3,0.0718366727232933,8346
3,0.07265421748161316,8347
3,0.07316826283931732,8348
3,0.07051637023687363,8349
3,0.07271372526884079,8350
3,0.06873082369565964,8351
3,0.0733625665307045,8352
3,0.07508211582899094,8353
3,0.07132861018180847,8354
3,0.0747658833861351,8355
3,0.0710040032863617,8356
3,0.07253444194793701,8357
3,0.07120056450366974,8358
1,0.054675161838531494,8359
3,0.07115528732538223,8360
3,0.07373206317424774,8361
3,0.07241597771644592,8362
3,0.07221120595932007,8363
3,0.07415613532066345,8364
3,0.06870710104703903,8365
3,0.0710710808634758,8366
3,0.07120746374130249,8367
3,0.07296022772789001,8368
3,0.06482433527708054,8369
3,0.07242532074451447,8370
3,0.07103205472230911,8371
3,0.07298824936151505,8372
3,0.07280424237251282,8373
3,0.07061444222927094,8374
3,0.07416341453790665,8375
3,0.07126052677631378,8376
1,0.06553841382265091,8377
3,0.07070973515510559,8378
3,0.07402707636356354,8379
3,0.07291833311319351,8380
3,0.07258879393339157,8381
3,0.07195791602134705,8382
3,0.06810187548398972,8383
1,0.07230470329523087,8384
3,0.07003828138113022,8385
3,0.06751590967178345,8386
3,0.06985010206699371,8387
3,0.07086334377527237,8388
3,0.07138939201831818,8389
3,0.07024092227220535,8390
1,0.05085315555334091,8391
3,0.07315874099731445,8392
3,0.07127119600772858,8393
3,0.06946301460266113,8394
3,0.06848586350679398,8395
3,0.06063729524612427,8396
3,0.060928862541913986,8397
3,0.06067703664302826,8398
3,0.07083163410425186,8399
3,0.07055851817131042,8400
3,0.07026154547929764,8401
3,0.072379931807518,8402
3,0.06936007738113403,8403
3,0.06789686530828476,8404
3,0.07054167240858078,8405
3,0.07254891097545624,8406
3,0.07057559490203857,8407
1,0.06081988289952278,8408
3,0.06910070776939392,8409
3,0.06762760132551193,8410
3,0.056828755885362625,8411
3,0.0690377801656723,8412
3,0.06975310295820236,8413
1,0.051141638308763504,8414
1,0.05549700930714607,8415
3,0.07192591577768326,8416
1,0.0652560368180275,8417
3,0.07079076021909714,8418
3,0.06950036436319351,8419
1,0.06815551221370697,8420
3,0.0717063918709755,8421
1,0.0589003711938858,8422
3,0.06944269686937332,8423
3,0.06905511021614075,8424
3,0.06930394470691681,8425
3,0.06417327374219894,8426
3,0.06782112270593643,8427
3,0.06760742515325546,8428
3,0.06489506363868713,8429
3,0.07087311893701553,8430
3,0.06769755482673645,8431
3,0.06385886669158936,8432
3,0.06908150017261505,8433
3,0.07037879526615143,8434
1,0.06303013116121292,8435
3,0.06725636124610901,8436
3,0.06985770910978317,8437
3,0.06873796880245209,8438
3,0.06402628123760223,8439
1,0.058962997049093246,8440
3,0.06355850398540497,8441
3,0.06981385499238968,8442
3,0.06612834334373474,8443
3,0.06889370083808899,8444
3,0.06819264590740204,8445
3,0.06271224468946457,8446
3,0.06976820528507233,8447
3,0.06606075167655945,8448
3,0.06617659330368042,8449
3,0.06841223686933517,8450
3,0.06950222700834274,8451
1,0.06515549123287201,8452
1,0.0620240643620491,8453
3,0.06442419439554214,8454
3,0.06515821814537048,8455
3,0.06667519360780716,8456
3,0.06763233244419098,8457
3,0.0665350928902626,8458
3,0.06647927314043045,8459
3,0.05672352388501167,8460
3,0.0655808225274086,8461
3,0.06685751676559448,8462
3,0.0642998069524765,8463
3,0.066094309091568,8464
3,0.06541293859481812,8465
3,0.06729094684123993,8466
3,0.06707240641117096,8467
1,0.06278066337108612,8468
3,0.06659510731697083,8469
1,0.06491418927907944,8470
3,0.06620858609676361,8471
2,0.060193587094545364,8472
3,0.0636792853474617,8473
1,0.06493756920099258,8474
3,0.06443528831005096,8475
3,0.06586669385433197,8476
3,0.06561332195997238,8477
1,0.06089664250612259,8478
1,0.04989945515990257,8479
1,0.06156126782298088,8480
3,0.06509806960821152,8481
3,0.06454766541719437,8482
1,0.057865384966135025,8483
1,0.05280287563800812,8484
1,0.06360858678817749,8485
1,0.060531146824359894,8486
3,0.06248723343014717,8487
1,0.0589887909591198,8488
1,0.058983221650123596,8489
3,0.062368497252464294,8490
1,0.06191280856728554,8491
1,0.060098420828580856,8492
109,65535.0,8493
